Model,CV MSE,Test MSE,Test RMSE,Test MAE,Test R2,Test Spearman Correlation,Top 20 Accuracy,Seed,Label,Train Size,Foundation,Dataset,Baseline
GaussianProcessRegressor,0.5629990038897658,0.8342103548939024,0.9133511673468768,0.684107166290393,0.3628940385038257,0.626502826011304,40.0,45,score,50,facebook/esm2_t33_650M_UR50D,DN7A_SACS2_Tsuboyama_2023_1JIC,False
GaussianProcessRegressor,1.2509387498534124,1.0831365888127855,1.0407384824310024,0.7652216516929911,0.17278325089237,0.4390811803247212,0.0,45,score,50,facebook/esm2_t33_650M_UR50D,DN7A_SACS2_Tsuboyama_2023_1JIC,True
GaussianProcessRegressor,0.2561041352144171,0.3310656470199367,0.5753830437368976,0.3968298133178143,0.7471574212360192,0.8459171756687027,35.0,45,score,350,facebook/esm2_t33_650M_UR50D,DN7A_SACS2_Tsuboyama_2023_1JIC,False
GaussianProcessRegressor,0.7611848474203173,0.8349058755711479,0.9137318400773544,0.666828647638988,0.3623628530933145,0.5982024888099553,0.0,45,score,350,facebook/esm2_t33_650M_UR50D,DN7A_SACS2_Tsuboyama_2023_1JIC,True
GaussianProcessRegressor,0.6883582597165127,1.0324932315114137,1.0161167410841203,0.7459431880994981,0.2114607674894739,0.539560750243001,45.0,45,score,20,facebook/esm2_t33_650M_UR50D,DN7A_SACS2_Tsuboyama_2023_1JIC,False
GaussianProcessRegressor,1.193975519778862,1.2919807257911429,1.1366533006115551,0.7816880309319206,0.013284098296311,0.2254945339781359,0.0,45,score,20,facebook/esm2_t33_650M_UR50D,DN7A_SACS2_Tsuboyama_2023_1JIC,True
GaussianProcessRegressor,0.2466099542250604,0.2795199622490525,0.5286964745948781,0.3517362351305191,0.7865240664284174,0.8693225492901971,40.0,45,score,500,facebook/esm2_t33_650M_UR50D,DN7A_SACS2_Tsuboyama_2023_1JIC,False
GaussianProcessRegressor,0.7997005489125085,0.7954629119140888,0.8918872753403811,0.6566704734682273,0.3924863670698167,0.6058126312505249,0.0,45,score,500,facebook/esm2_t33_650M_UR50D,DN7A_SACS2_Tsuboyama_2023_1JIC,True
GaussianProcessRegressor,0.5894676914286394,0.7198092834939729,0.8484157492019894,0.6284681475591153,0.4502648127490272,0.6435517262069048,30.0,45,score,75,facebook/esm2_t33_650M_UR50D,DN7A_SACS2_Tsuboyama_2023_1JIC,False
GaussianProcessRegressor,1.0374164107001214,1.0822318921490444,1.040303749944719,0.8020496259489809,0.1734741888967161,0.4219068076272305,0.0,45,score,75,facebook/esm2_t33_650M_UR50D,DN7A_SACS2_Tsuboyama_2023_1JIC,True
GaussianProcessRegressor,0.5812761790621539,0.6193844923974233,0.7870098426305883,0.5961159850332629,0.5269615747998375,0.6880263041052165,45.0,45,score,100,facebook/esm2_t33_650M_UR50D,DN7A_SACS2_Tsuboyama_2023_1JIC,False
GaussianProcessRegressor,1.0483352501188965,0.9797478595456028,0.9898221353079566,0.7550059021396218,0.251743641855167,0.4683924015696062,5.0,45,score,100,facebook/esm2_t33_650M_UR50D,DN7A_SACS2_Tsuboyama_2023_1JIC,True
GaussianProcessRegressor,0.3999408614321543,0.4044387060438434,0.6359549559865412,0.4437191967518349,0.6911206997507207,0.8169687398749595,25.0,45,score,200,facebook/esm2_t33_650M_UR50D,DN7A_SACS2_Tsuboyama_2023_1JIC,False
GaussianProcessRegressor,0.9188565348918024,0.8849855197662057,0.9407366899224276,0.6734935047030011,0.3241158573816196,0.5672782691130763,10.0,45,score,200,facebook/esm2_t33_650M_UR50D,DN7A_SACS2_Tsuboyama_2023_1JIC,True
GaussianProcessRegressor,0.6720896450515778,0.7993847115860774,0.8940831681594713,0.5949696413317017,0.3802040434831145,0.6609799239196956,20.0,50,score,50,facebook/esm2_t33_650M_UR50D,DN7A_SACS2_Tsuboyama_2023_1JIC,False
GaussianProcessRegressor,0.9529236202886447,1.177540114140697,1.0851452041734768,0.7600905406284447,0.0870045538739986,0.4103794372159622,10.0,50,score,50,facebook/esm2_t33_650M_UR50D,DN7A_SACS2_Tsuboyama_2023_1JIC,True
GaussianProcessRegressor,0.5559724529669136,1.3106909510485305,1.1448541178021463,0.7565007497484344,-0.0162327849519743,0.5428451153804615,15.0,50,score,20,facebook/esm2_t33_650M_UR50D,DN7A_SACS2_Tsuboyama_2023_1JIC,False
GaussianProcessRegressor,0.5277162928862884,1.3595548779560718,1.165999518848988,0.8168867922957422,-0.054119004037576,0.0414049705584397,5.0,50,score,20,facebook/esm2_t33_650M_UR50D,DN7A_SACS2_Tsuboyama_2023_1JIC,True
GaussianProcessRegressor,0.534468825962904,0.7035995833259874,0.8388084306478967,0.5865309769176152,0.4544702063576373,0.686936891747567,35.0,50,score,100,facebook/esm2_t33_650M_UR50D,DN7A_SACS2_Tsuboyama_2023_1JIC,False
GaussianProcessRegressor,0.7712707324756212,1.1118683627698265,1.0544516882104302,0.7622597438518417,0.1379225729042698,0.4847540102842341,10.0,50,score,100,facebook/esm2_t33_650M_UR50D,DN7A_SACS2_Tsuboyama_2023_1JIC,True
GaussianProcessRegressor,0.2743580517671674,0.2262756254486099,0.4756843758718694,0.3261109704705547,0.8245591694728375,0.8891717806871227,40.0,50,score,500,facebook/esm2_t33_650M_UR50D,DN7A_SACS2_Tsuboyama_2023_1JIC,False
GaussianProcessRegressor,0.8441975538604947,0.8071969288116748,0.8984413886346035,0.6601474417774202,0.3741469090675091,0.6296879089766562,0.0,50,score,500,facebook/esm2_t33_650M_UR50D,DN7A_SACS2_Tsuboyama_2023_1JIC,True
GaussianProcessRegressor,0.6131109099655344,0.7696468927201897,0.8772952141213297,0.6284859610792264,0.4032610016930591,0.6115172620690482,30.0,50,score,75,facebook/esm2_t33_650M_UR50D,DN7A_SACS2_Tsuboyama_2023_1JIC,False
GaussianProcessRegressor,0.8262026349168454,1.1559890169333775,1.0751692968706732,0.7538351409828723,0.1037140089261177,0.4579961099682536,10.0,50,score,75,facebook/esm2_t33_650M_UR50D,DN7A_SACS2_Tsuboyama_2023_1JIC,True
GaussianProcessRegressor,0.3251655981194027,0.2546507956007614,0.504629364584307,0.3528238908825523,0.8025587290454896,0.8879206076824306,35.0,50,score,350,facebook/esm2_t33_650M_UR50D,DN7A_SACS2_Tsuboyama_2023_1JIC,False
GaussianProcessRegressor,0.9026454744380642,0.8233473473005689,0.907384894794138,0.680369503818032,0.3616248231051555,0.6139113971133362,5.0,50,score,350,facebook/esm2_t33_650M_UR50D,DN7A_SACS2_Tsuboyama_2023_1JIC,True
GaussianProcessRegressor,0.4740967841106546,0.360563546705318,0.6004694386105908,0.4193672245495481,0.7204402022251091,0.8403603854415417,30.0,50,score,200,facebook/esm2_t33_650M_UR50D,DN7A_SACS2_Tsuboyama_2023_1JIC,False
GaussianProcessRegressor,1.120546970742446,1.0342425177100534,1.0169771470933129,0.822833483264529,0.1981090941022961,0.4950872041130028,10.0,50,score,200,facebook/esm2_t33_650M_UR50D,DN7A_SACS2_Tsuboyama_2023_1JIC,True
GaussianProcessRegressor,0.4428047984900219,0.3011986252375704,0.5488156568808605,0.4040689991369733,0.7123448471347182,0.7911897567590269,20.0,46,score,200,facebook/esm2_t33_650M_UR50D,DN7A_SACS2_Tsuboyama_2023_1JIC,False
GaussianProcessRegressor,0.9867059329847534,0.94807606294194,0.9736919753915712,0.7858796236101072,0.0945544170449942,0.4261463868130606,5.0,46,score,200,facebook/esm2_t33_650M_UR50D,DN7A_SACS2_Tsuboyama_2023_1JIC,True
GaussianProcessRegressor,1.1228954360840748,0.8502442174624659,0.9220868817321208,0.7318473003354424,0.1879872288458246,0.5041834567338269,0.0,46,score,20,facebook/esm2_t33_650M_UR50D,DN7A_SACS2_Tsuboyama_2023_1JIC,False
GaussianProcessRegressor,0.8539875757647373,0.9694428122056916,0.9846028703013676,0.7833644479380066,0.0741484290666271,0.2928978096503338,5.0,46,score,20,facebook/esm2_t33_650M_UR50D,DN7A_SACS2_Tsuboyama_2023_1JIC,True
GaussianProcessRegressor,0.5945908714054462,0.4808912280483204,0.6934632131903756,0.4798822623642469,0.54073216766277,0.7011696206784827,25.0,46,score,75,facebook/esm2_t33_650M_UR50D,DN7A_SACS2_Tsuboyama_2023_1JIC,False
GaussianProcessRegressor,1.1032300692042394,0.8673870650170339,0.931336171861178,0.7055432325706759,0.1716152137678475,0.4574384437108206,5.0,46,score,75,facebook/esm2_t33_650M_UR50D,DN7A_SACS2_Tsuboyama_2023_1JIC,True
GaussianProcessRegressor,0.2933912060229159,0.2333093856450678,0.4830211026912466,0.3647792123913225,0.7771814298962957,0.8246585626342504,35.0,46,score,350,facebook/esm2_t33_650M_UR50D,DN7A_SACS2_Tsuboyama_2023_1JIC,False
GaussianProcessRegressor,0.9621996247773174,0.7240810331114794,0.8509295112472475,0.6693465154839651,0.3084774536993704,0.509632798993571,10.0,46,score,350,facebook/esm2_t33_650M_UR50D,DN7A_SACS2_Tsuboyama_2023_1JIC,True
GaussianProcessRegressor,0.601274773107548,0.4026352637321015,0.6345354708226338,0.444988868037458,0.6154693327485887,0.7543960735842943,30.0,46,score,100,facebook/esm2_t33_650M_UR50D,DN7A_SACS2_Tsuboyama_2023_1JIC,False
GaussianProcessRegressor,1.12052232467375,0.8479016749101815,0.920815765997836,0.704610625326254,0.1902244383796971,0.4711645792742174,5.0,46,score,100,facebook/esm2_t33_650M_UR50D,DN7A_SACS2_Tsuboyama_2023_1JIC,True
GaussianProcessRegressor,0.6834799956112022,0.5631458575300143,0.7504304481629289,0.5205941537295721,0.4621761384021078,0.665130980523922,20.0,46,score,50,facebook/esm2_t33_650M_UR50D,DN7A_SACS2_Tsuboyama_2023_1JIC,False
GaussianProcessRegressor,0.8393771049369985,0.8144962671661438,0.9024944693271776,0.6598898337750887,0.2221277635145943,0.4834551614235697,0.0,46,score,50,facebook/esm2_t33_650M_UR50D,DN7A_SACS2_Tsuboyama_2023_1JIC,True
GaussianProcessRegressor,0.2795374209027721,0.1909217263325922,0.4369459077879002,0.3135431077942631,0.8176631173857867,0.856055104220417,50.0,46,score,500,facebook/esm2_t33_650M_UR50D,DN7A_SACS2_Tsuboyama_2023_1JIC,False
GaussianProcessRegressor,0.9474277445239456,0.6867433885285665,0.8286998181057883,0.6363323806375863,0.3441362016490196,0.5300018127272945,10.0,46,score,500,facebook/esm2_t33_650M_UR50D,DN7A_SACS2_Tsuboyama_2023_1JIC,True
GaussianProcessRegressor,0.7487594054278958,0.7896129768017804,0.8886016975010685,0.6254925957827369,0.4135428382908772,0.6620871923487693,15.0,43,score,50,facebook/esm2_t33_650M_UR50D,DN7A_SACS2_Tsuboyama_2023_1JIC,False
GaussianProcessRegressor,1.043666166964302,1.0266959452299904,1.0132600580453126,0.7537444366140644,0.2374578335621807,0.5251779019201476,5.0,43,score,50,facebook/esm2_t33_650M_UR50D,DN7A_SACS2_Tsuboyama_2023_1JIC,True
GaussianProcessRegressor,0.6506404000723727,0.6976639219917422,0.8352627861887193,0.604720014989728,0.4818347525450529,0.6873532454129816,30.0,43,score,75,facebook/esm2_t33_650M_UR50D,DN7A_SACS2_Tsuboyama_2023_1JIC,False
GaussianProcessRegressor,1.0751074992650824,0.9930397702580722,0.9965138083629712,0.7368157408629464,0.2624547693115937,0.5356368562579947,5.0,43,score,75,facebook/esm2_t33_650M_UR50D,DN7A_SACS2_Tsuboyama_2023_1JIC,True
GaussianProcessRegressor,0.2796947770758763,0.2708030160056437,0.5203873711050679,0.3511469177590078,0.7988706203991278,0.880756483025932,40.0,43,score,500,facebook/esm2_t33_650M_UR50D,DN7A_SACS2_Tsuboyama_2023_1JIC,False
GaussianProcessRegressor,0.8022779590322697,0.8470324793562541,0.9203436745891472,0.645646727326424,0.3708965299294839,0.6448696504323456,10.0,43,score,500,facebook/esm2_t33_650M_UR50D,DN7A_SACS2_Tsuboyama_2023_1JIC,True
GaussianProcessRegressor,0.6165164213917478,0.5900246706281005,0.7681306338300149,0.5460736120211902,0.5617800063564817,0.7485812343249372,30.0,43,score,100,facebook/esm2_t33_650M_UR50D,DN7A_SACS2_Tsuboyama_2023_1JIC,False
GaussianProcessRegressor,1.1949566447307984,1.174079927035408,1.083549688309405,0.8518060651007637,0.1279935843788849,0.4245218784645644,10.0,43,score,100,facebook/esm2_t33_650M_UR50D,DN7A_SACS2_Tsuboyama_2023_1JIC,True
GaussianProcessRegressor,0.434217021533183,0.4730143553243631,0.6877603909243124,0.4683701513578147,0.6486852870696502,0.7880406561626246,30.0,43,score,200,facebook/esm2_t33_650M_UR50D,DN7A_SACS2_Tsuboyama_2023_1JIC,False
GaussianProcessRegressor,0.972953776373582,0.9935474935257608,0.9967685255493176,0.7130962185048099,0.2620776757793822,0.561174495634359,5.0,43,score,200,facebook/esm2_t33_650M_UR50D,DN7A_SACS2_Tsuboyama_2023_1JIC,True
GaussianProcessRegressor,2.016890804927728,1.3227672553720426,1.150116192118015,0.8909102371442409,0.0175613205733914,0.4308977235908943,20.0,43,score,20,facebook/esm2_t33_650M_UR50D,DN7A_SACS2_Tsuboyama_2023_1JIC,False
GaussianProcessRegressor,1.4452066758029705,1.1703365925212286,1.0818209613985248,0.7920157222395046,0.1307738139331219,0.4488868730940628,0.0,43,score,20,facebook/esm2_t33_650M_UR50D,DN7A_SACS2_Tsuboyama_2023_1JIC,True
GaussianProcessRegressor,0.2909370981837464,0.3660527145982425,0.6050229041930912,0.4039784796426811,0.7281272695026955,0.8357705110820441,50.0,43,score,350,facebook/esm2_t33_650M_UR50D,DN7A_SACS2_Tsuboyama_2023_1JIC,False
GaussianProcessRegressor,0.8165801849883089,0.8878454763702199,0.9422555260491816,0.6564162237532732,0.3405841172756304,0.6374144522537034,15.0,43,score,350,facebook/esm2_t33_650M_UR50D,DN7A_SACS2_Tsuboyama_2023_1JIC,True
GaussianProcessRegressor,0.2368367177993001,0.2981346229190768,0.5460170536888722,0.3726272037840488,0.7799861430513784,0.8709180756723025,40.0,48,score,500,facebook/esm2_t33_650M_UR50D,DN7A_SACS2_Tsuboyama_2023_1JIC,False
GaussianProcessRegressor,0.7794742544633987,0.8589186469480523,0.9267786396697176,0.6852604683285153,0.3661453927428414,0.5937633973039109,10.0,48,score,500,facebook/esm2_t33_650M_UR50D,DN7A_SACS2_Tsuboyama_2023_1JIC,True
GaussianProcessRegressor,0.7302181598546366,0.5647992325959182,0.7515312585620895,0.5498819363852646,0.5831961536423806,0.7310068280273121,30.0,48,score,75,facebook/esm2_t33_650M_UR50D,DN7A_SACS2_Tsuboyama_2023_1JIC,False
GaussianProcessRegressor,1.2376474971867444,0.9933358462915304,0.9966623532026934,0.7685091847196709,0.2669497804445088,0.4805186536070622,0.0,48,score,75,facebook/esm2_t33_650M_UR50D,DN7A_SACS2_Tsuboyama_2023_1JIC,True
GaussianProcessRegressor,0.3949842428939339,0.4647158917268137,0.6817007347266202,0.4754764837706735,0.6570544718253452,0.7924436177744711,35.0,48,score,200,facebook/esm2_t33_650M_UR50D,DN7A_SACS2_Tsuboyama_2023_1JIC,False
GaussianProcessRegressor,0.9009813145931624,1.0374902325427873,1.0185726447057113,0.8205724708310872,0.234365249586531,0.445110351124053,0.0,48,score,200,facebook/esm2_t33_650M_UR50D,DN7A_SACS2_Tsuboyama_2023_1JIC,True
GaussianProcessRegressor,0.9984623347741012,0.5983069107485072,0.7735030127598128,0.5772148976048878,0.5584685542929244,0.7045750423001692,15.0,48,score,50,facebook/esm2_t33_650M_UR50D,DN7A_SACS2_Tsuboyama_2023_1JIC,False
GaussianProcessRegressor,1.7422780163400078,1.0895617920784693,1.043820766261368,0.8441691738317115,0.1959380969847856,0.4500751071022311,5.0,48,score,50,facebook/esm2_t33_650M_UR50D,DN7A_SACS2_Tsuboyama_2023_1JIC,True
GaussianProcessRegressor,0.2786895799027526,0.3511825441148404,0.5926065677284048,0.4162549705567594,0.7408384666389194,0.8396650546602185,35.0,48,score,350,facebook/esm2_t33_650M_UR50D,DN7A_SACS2_Tsuboyama_2023_1JIC,False
GaussianProcessRegressor,0.819109985768104,0.8346331598146057,0.9135825960550068,0.6790906352870727,0.3840673088215252,0.5780228859640932,15.0,48,score,350,facebook/esm2_t33_650M_UR50D,DN7A_SACS2_Tsuboyama_2023_1JIC,True
GaussianProcessRegressor,1.2118722870155518,1.047269456311771,1.0233618403633051,0.7679023471761682,0.2271484938863325,0.4914881739526958,35.0,48,score,20,facebook/esm2_t33_650M_UR50D,DN7A_SACS2_Tsuboyama_2023_1JIC,False
GaussianProcessRegressor,1.5027849446450792,1.2633767547836314,1.124000335757793,0.8645411510485723,0.0676681900356569,0.2697326214040685,0.0,48,score,20,facebook/esm2_t33_650M_UR50D,DN7A_SACS2_Tsuboyama_2023_1JIC,True
GaussianProcessRegressor,0.5230740112740677,0.5062637718956928,0.7115221513738647,0.5005932287123842,0.6263934594461307,0.7528518114072456,40.0,48,score,100,facebook/esm2_t33_650M_UR50D,DN7A_SACS2_Tsuboyama_2023_1JIC,False
GaussianProcessRegressor,1.183433478804107,0.9364332531714464,0.9676948140666284,0.736356401806142,0.3089420819764444,0.5133474257100412,5.0,48,score,100,facebook/esm2_t33_650M_UR50D,DN7A_SACS2_Tsuboyama_2023_1JIC,True
GaussianProcessRegressor,0.4043854424400828,0.5884455383107969,0.767102039047477,0.5788673526627517,0.5698882634184267,0.7528794595178381,35.0,49,score,75,facebook/esm2_t33_650M_UR50D,DN7A_SACS2_Tsuboyama_2023_1JIC,False
GaussianProcessRegressor,0.8520466131689318,1.2095235952965344,1.0997834310883825,0.7694538908547169,0.1159244821487411,0.4228620418942356,0.0,49,score,75,facebook/esm2_t33_650M_UR50D,DN7A_SACS2_Tsuboyama_2023_1JIC,True
GaussianProcessRegressor,0.8906889401903267,0.6511772274105203,0.8069555300080175,0.5622249086748009,0.5240358710036055,0.7588607634430538,15.0,49,score,50,facebook/esm2_t33_650M_UR50D,DN7A_SACS2_Tsuboyama_2023_1JIC,False
GaussianProcessRegressor,1.0567242460601889,1.1781287473295343,1.0854163935234875,0.7648097451769045,0.1388718777863455,0.4483272015883661,5.0,49,score,50,facebook/esm2_t33_650M_UR50D,DN7A_SACS2_Tsuboyama_2023_1JIC,True
GaussianProcessRegressor,0.2688540561598133,0.2972540054716569,0.5452100562825827,0.3762664686459308,0.7827285140673196,0.870684890739563,60.0,49,score,500,facebook/esm2_t33_650M_UR50D,DN7A_SACS2_Tsuboyama_2023_1JIC,False
GaussianProcessRegressor,0.7820816914354817,0.8265206204157541,0.9091317948547142,0.6606160265531011,0.395872351436305,0.6220502769887295,0.0,49,score,500,facebook/esm2_t33_650M_UR50D,DN7A_SACS2_Tsuboyama_2023_1JIC,True
GaussianProcessRegressor,0.6347809200322482,0.9833546259548956,0.991642388139442,0.7086349824114323,0.2812378745208626,0.588876915507662,15.0,49,score,20,facebook/esm2_t33_650M_UR50D,DN7A_SACS2_Tsuboyama_2023_1JIC,False
GaussianProcessRegressor,1.1406985202869575,1.311615818314393,1.1452579702033918,0.8164447745501814,0.041302345562004,0.288553462989702,10.0,49,score,20,facebook/esm2_t33_650M_UR50D,DN7A_SACS2_Tsuboyama_2023_1JIC,True
GaussianProcessRegressor,0.3882766614440101,0.4419519964156165,0.6647947024575456,0.4524665141292282,0.6769645986106267,0.8095780543122172,45.0,49,score,200,facebook/esm2_t33_650M_UR50D,DN7A_SACS2_Tsuboyama_2023_1JIC,False
GaussianProcessRegressor,0.8595602256208797,0.8992674926216759,0.9482971541777798,0.6995995033172332,0.3426995741811891,0.5648262679725646,0.0,49,score,200,facebook/esm2_t33_650M_UR50D,DN7A_SACS2_Tsuboyama_2023_1JIC,True
GaussianProcessRegressor,0.3991266343574424,0.520165670100016,0.7212251174910758,0.5398165582971081,0.6197959792182681,0.7551907647630589,35.0,49,score,100,facebook/esm2_t33_650M_UR50D,DN7A_SACS2_Tsuboyama_2023_1JIC,False
GaussianProcessRegressor,0.7544546072630612,1.0762378273383044,1.0374188292769244,0.7455031244020022,0.2133468762120715,0.4719666258481017,0.0,49,score,100,facebook/esm2_t33_650M_UR50D,DN7A_SACS2_Tsuboyama_2023_1JIC,True
GaussianProcessRegressor,0.3581395491650495,0.3339095763488137,0.5778490947893002,0.3986946294961855,0.7559359050339993,0.8620158640634563,60.0,49,score,350,facebook/esm2_t33_650M_UR50D,DN7A_SACS2_Tsuboyama_2023_1JIC,False
GaussianProcessRegressor,0.7732788506085748,0.8790639280014481,0.937584091162733,0.6870414317076687,0.3574669395501055,0.5822234588139258,0.0,49,score,350,facebook/esm2_t33_650M_UR50D,DN7A_SACS2_Tsuboyama_2023_1JIC,True
GaussianProcessRegressor,0.4190043401986979,0.592503395464274,0.7697424215049304,0.5460048134899391,0.531328116132765,0.7207747230988923,25.0,44,score,100,facebook/esm2_t33_650M_UR50D,DN7A_SACS2_Tsuboyama_2023_1JIC,False
GaussianProcessRegressor,1.0377549525188816,1.0060637563736068,1.00302729592649,0.7126777024919372,0.2042006854311842,0.504334093440392,0.0,44,score,100,facebook/esm2_t33_650M_UR50D,DN7A_SACS2_Tsuboyama_2023_1JIC,True
GaussianProcessRegressor,0.3225731478527157,0.297524165202087,0.5454577574863951,0.380080622652637,0.7646575326508885,0.8443218412873651,45.0,44,score,350,facebook/esm2_t33_650M_UR50D,DN7A_SACS2_Tsuboyama_2023_1JIC,False
GaussianProcessRegressor,0.8288397866204391,0.7988072012036244,0.8937601474688969,0.6475627593338761,0.3681412145470315,0.5824145676362203,10.0,44,score,350,facebook/esm2_t33_650M_UR50D,DN7A_SACS2_Tsuboyama_2023_1JIC,True
GaussianProcessRegressor,0.9251249569685924,1.0190088375215565,1.0094596760255243,0.7518827791150023,0.1939610891438585,0.5279550718202872,35.0,44,score,20,facebook/esm2_t33_650M_UR50D,DN7A_SACS2_Tsuboyama_2023_1JIC,False
GaussianProcessRegressor,0.7496079924953027,0.9764732726189324,0.9881666218907276,0.7104734986418544,0.2276068428844746,0.4753236407023303,15.0,44,score,20,facebook/esm2_t33_650M_UR50D,DN7A_SACS2_Tsuboyama_2023_1JIC,True
GaussianProcessRegressor,0.423958146887139,0.6600155919434619,0.8124134365847613,0.589427962623975,0.4779257752345789,0.6888952035808142,30.0,44,score,75,facebook/esm2_t33_650M_UR50D,DN7A_SACS2_Tsuboyama_2023_1JIC,False
GaussianProcessRegressor,0.9855100828613704,1.0073132894474512,1.003649983533827,0.7311970479246869,0.2032123011887373,0.4765892137949963,10.0,44,score,75,facebook/esm2_t33_650M_UR50D,DN7A_SACS2_Tsuboyama_2023_1JIC,True
GaussianProcessRegressor,0.6235721015644979,0.6664197224718482,0.8163453451033136,0.5882151382659869,0.4728600896330329,0.6967780831123324,25.0,44,score,50,facebook/esm2_t33_650M_UR50D,DN7A_SACS2_Tsuboyama_2023_1JIC,False
GaussianProcessRegressor,0.7900976697507851,0.9567447843566508,0.9781333162491964,0.7167792320510721,0.2432121336397978,0.5038122353404351,10.0,44,score,50,facebook/esm2_t33_650M_UR50D,DN7A_SACS2_Tsuboyama_2023_1JIC,True
GaussianProcessRegressor,0.3928740889054165,0.3984120754655523,0.6311989190940938,0.4357821547292384,0.6848549064979084,0.8028498673994694,35.0,44,score,200,facebook/esm2_t33_650M_UR50D,DN7A_SACS2_Tsuboyama_2023_1JIC,False
GaussianProcessRegressor,0.8544743918124812,0.8700355538740264,0.9327569639911708,0.6775814922104041,0.3117993834514661,0.5371789936082704,10.0,44,score,200,facebook/esm2_t33_650M_UR50D,DN7A_SACS2_Tsuboyama_2023_1JIC,True
GaussianProcessRegressor,0.246590347066089,0.2871204544348018,0.5358362197862345,0.3598584586189744,0.7728868976837973,0.8599458077832312,45.0,44,score,500,facebook/esm2_t33_650M_UR50D,DN7A_SACS2_Tsuboyama_2023_1JIC,False
GaussianProcessRegressor,0.7841351057659826,0.7928113536714497,0.8903995472098185,0.6421256006123938,0.3728839471284761,0.5999635342532621,5.0,44,score,500,facebook/esm2_t33_650M_UR50D,DN7A_SACS2_Tsuboyama_2023_1JIC,True
GaussianProcessRegressor,0.4038986424786978,1.039354778752246,1.0194875078941603,0.7008603891806151,0.2300028693585768,0.5367166428665714,20.0,51,score,50,facebook/esm2_t33_650M_UR50D,DN7A_SACS2_Tsuboyama_2023_1JIC,False
GaussianProcessRegressor,0.7103417828623346,1.1697013843812212,1.081527338711889,0.7684352450575676,0.1334366973690172,0.4751935943929649,5.0,51,score,50,facebook/esm2_t33_650M_UR50D,DN7A_SACS2_Tsuboyama_2023_1JIC,True
GaussianProcessRegressor,0.3378072893485023,0.7840751626918762,0.8854801876337359,0.589701990024499,0.4191245974692672,0.6964792339169357,15.0,51,score,100,facebook/esm2_t33_650M_UR50D,DN7A_SACS2_Tsuboyama_2023_1JIC,False
GaussianProcessRegressor,0.6829369442828409,1.0655198597932112,1.0322402141910627,0.7423125873346265,0.2106186920435601,0.5070575649077882,0.0,51,score,100,facebook/esm2_t33_650M_UR50D,DN7A_SACS2_Tsuboyama_2023_1JIC,True
GaussianProcessRegressor,0.3574072827397668,0.9529211066617596,0.9761767804356748,0.6446510429794442,0.2940365187543823,0.5953507974031895,30.0,51,score,75,facebook/esm2_t33_650M_UR50D,DN7A_SACS2_Tsuboyama_2023_1JIC,False
GaussianProcessRegressor,0.6754057438656096,1.1393610400510112,1.0674085628525805,0.7631791994594204,0.1559140829110173,0.4871973875605017,10.0,51,score,75,facebook/esm2_t33_650M_UR50D,DN7A_SACS2_Tsuboyama_2023_1JIC,True
GaussianProcessRegressor,0.3854380015384848,1.424783325321086,1.1936428801450985,0.7676130441791374,-0.0555385848131992,0.4664317857271428,25.0,51,score,20,facebook/esm2_t33_650M_UR50D,DN7A_SACS2_Tsuboyama_2023_1JIC,False
GaussianProcessRegressor,0.5312848486181598,1.6748997172293314,1.2941791673602738,0.8350858793855195,-0.2408351823108689,0.1694818988046593,5.0,51,score,20,facebook/esm2_t33_650M_UR50D,DN7A_SACS2_Tsuboyama_2023_1JIC,True
GaussianProcessRegressor,0.3838175273852434,0.5440036797357866,0.7375660511003652,0.4888828787124776,0.5969795097706658,0.8082622730490922,10.0,51,score,200,facebook/esm2_t33_650M_UR50D,DN7A_SACS2_Tsuboyama_2023_1JIC,False
GaussianProcessRegressor,0.733928873765097,0.9780561969920608,0.988967237572641,0.7166287586740684,0.2754154012799628,0.5484310463735685,5.0,51,score,200,facebook/esm2_t33_650M_UR50D,DN7A_SACS2_Tsuboyama_2023_1JIC,True
GaussianProcessRegressor,0.2172952937182982,0.2723567194825518,0.5218780695550943,0.3504291595397352,0.7982268453470343,0.8893288373153492,40.0,51,score,500,facebook/esm2_t33_650M_UR50D,DN7A_SACS2_Tsuboyama_2023_1JIC,False
GaussianProcessRegressor,0.725055482603788,0.8361253589570529,0.9143989058157566,0.6680469950598014,0.3805636531287566,0.6472300430542592,5.0,51,score,500,facebook/esm2_t33_650M_UR50D,DN7A_SACS2_Tsuboyama_2023_1JIC,True
GaussianProcessRegressor,0.2982252010401484,0.3363885726250831,0.5799901487310652,0.3914317243168642,0.7507893926144915,0.8620769203076811,30.0,51,score,350,facebook/esm2_t33_650M_UR50D,DN7A_SACS2_Tsuboyama_2023_1JIC,False
GaussianProcessRegressor,0.7369407814541962,0.8690168502200938,0.9322107327316576,0.6794827963721595,0.3561962721219907,0.6155976254878769,0.0,51,score,350,facebook/esm2_t33_650M_UR50D,DN7A_SACS2_Tsuboyama_2023_1JIC,True
GaussianProcessRegressor,0.6312191049863629,0.9686936298699916,0.9842223477802116,0.7067087622793619,0.218708046112323,0.6320155520622082,20.0,42,score,75,facebook/esm2_t33_650M_UR50D,DN7A_SACS2_Tsuboyama_2023_1JIC,False
GaussianProcessRegressor,1.088887038147711,0.8707537406423304,0.9331418652286104,0.6847789111613248,0.2977006657174419,0.5407764991059963,5.0,42,score,75,facebook/esm2_t33_650M_UR50D,DN7A_SACS2_Tsuboyama_2023_1JIC,True
GaussianProcessRegressor,0.5905173015905814,1.0183197115981752,1.0091182842452986,0.7905201429573052,0.1786825342666367,0.5646778107112428,5.0,42,score,50,facebook/esm2_t33_650M_UR50D,DN7A_SACS2_Tsuboyama_2023_1JIC,False
GaussianProcessRegressor,1.065875315177895,0.9459367979878304,0.9725928222991522,0.7123538691136484,0.2370623834355626,0.5113943335773342,5.0,42,score,50,facebook/esm2_t33_650M_UR50D,DN7A_SACS2_Tsuboyama_2023_1JIC,True
GaussianProcessRegressor,0.5271623438542767,0.4518655515194803,0.6722094550952704,0.5100782408209836,0.6355515213942629,0.7729576518306073,20.0,42,score,100,facebook/esm2_t33_650M_UR50D,DN7A_SACS2_Tsuboyama_2023_1JIC,False
GaussianProcessRegressor,1.191711937920155,0.8677840904780796,0.9315492957852952,0.6901715794251652,0.3000958128595798,0.5208022752091008,10.0,42,score,100,facebook/esm2_t33_650M_UR50D,DN7A_SACS2_Tsuboyama_2023_1JIC,True
GaussianProcessRegressor,0.882951539562012,1.0757916858675716,1.0372037822277604,0.8245158379756128,0.1323289817231507,0.5001116004464017,5.0,42,score,20,facebook/esm2_t33_650M_UR50D,DN7A_SACS2_Tsuboyama_2023_1JIC,False
GaussianProcessRegressor,0.9400377155713768,2.7167769610352432,1.6482648334036747,1.2836050672019488,-1.191194320591459,0.28799903999616,0.0,42,score,20,facebook/esm2_t33_650M_UR50D,DN7A_SACS2_Tsuboyama_2023_1JIC,True
GaussianProcessRegressor,0.321858855617032,0.2953766319391582,0.5434856317688245,0.3903140996794974,0.7617663843505624,0.8584534818139272,30.0,42,score,350,facebook/esm2_t33_650M_UR50D,DN7A_SACS2_Tsuboyama_2023_1JIC,False
GaussianProcessRegressor,0.8330362243634086,0.8204969745828781,0.9058128805569492,0.6717321641603039,0.3382348508714572,0.5937787911151644,15.0,42,score,350,facebook/esm2_t33_650M_UR50D,DN7A_SACS2_Tsuboyama_2023_1JIC,True
GaussianProcessRegressor,0.3898139719535397,0.3451764821177915,0.5875172185713297,0.4297586682158892,0.7216007209770974,0.8187143148572594,25.0,42,score,200,facebook/esm2_t33_650M_UR50D,DN7A_SACS2_Tsuboyama_2023_1JIC,False
GaussianProcessRegressor,0.9727956194970756,0.7944169366570413,0.8913006993473309,0.6671044971291767,0.359269492950477,0.5678868155472622,15.0,42,score,200,facebook/esm2_t33_650M_UR50D,DN7A_SACS2_Tsuboyama_2023_1JIC,True
GaussianProcessRegressor,0.2779921362490908,0.2352222363611019,0.4849971508793653,0.3483298960951096,0.8102834219431596,0.8842997611990447,40.0,42,score,500,facebook/esm2_t33_650M_UR50D,DN7A_SACS2_Tsuboyama_2023_1JIC,False
GaussianProcessRegressor,0.8477429248143572,0.7676103903899408,0.8761337742547886,0.6468058779008675,0.3808900944122768,0.618131688526754,15.0,42,score,500,facebook/esm2_t33_650M_UR50D,DN7A_SACS2_Tsuboyama_2023_1JIC,True
GaussianProcessRegressor,0.4667602520840782,0.3904849976621534,0.6248879880923888,0.436089844820457,0.6797154479064343,0.8032159168636673,30.0,47,score,200,facebook/esm2_t33_650M_UR50D,DN7A_SACS2_Tsuboyama_2023_1JIC,False
GaussianProcessRegressor,0.923294203495711,0.8589279138071751,0.9267836391559656,0.6903516004209289,0.2954880627900362,0.5193501734006936,0.0,47,score,200,facebook/esm2_t33_650M_UR50D,DN7A_SACS2_Tsuboyama_2023_1JIC,True
GaussianProcessRegressor,0.3410903865033963,0.2772387918498391,0.5265347014678511,0.3624078536224477,0.7726025255715139,0.8572343729374917,25.0,47,score,350,facebook/esm2_t33_650M_UR50D,DN7A_SACS2_Tsuboyama_2023_1JIC,False
GaussianProcessRegressor,0.8630352093126163,0.8069538083147864,0.8983060771890539,0.6505264261591652,0.3381183896854526,0.5724910899643598,5.0,47,score,350,facebook/esm2_t33_650M_UR50D,DN7A_SACS2_Tsuboyama_2023_1JIC,True
GaussianProcessRegressor,0.3090103759746812,0.2315935052937039,0.4812416288037683,0.328472589860872,0.8100418132454105,0.87862652250609,35.0,47,score,500,facebook/esm2_t33_650M_UR50D,DN7A_SACS2_Tsuboyama_2023_1JIC,False
GaussianProcessRegressor,0.8501890669491685,0.7356644749873772,0.8577088521097221,0.6413523105677962,0.3965914996141805,0.6101861207444829,5.0,47,score,500,facebook/esm2_t33_650M_UR50D,DN7A_SACS2_Tsuboyama_2023_1JIC,True
GaussianProcessRegressor,0.5220484809052139,0.7725480558207526,0.8789471291384667,0.5975950589644073,0.3663387594639807,0.6479579518318074,30.0,47,score,20,facebook/esm2_t33_650M_UR50D,DN7A_SACS2_Tsuboyama_2023_1JIC,False
GaussianProcessRegressor,0.2703199130261611,2.093056251296149,1.446739869947652,1.1637599943800043,-0.7167716761631653,0.1647657470629882,0.0,47,score,20,facebook/esm2_t33_650M_UR50D,DN7A_SACS2_Tsuboyama_2023_1JIC,True
GaussianProcessRegressor,0.4767676837498138,0.680551854816569,0.8249556683947138,0.5753751103037039,0.4417961066331224,0.7076809427237708,5.0,47,score,100,facebook/esm2_t33_650M_UR50D,DN7A_SACS2_Tsuboyama_2023_1JIC,False
GaussianProcessRegressor,0.917244002441603,1.0577469447159424,1.0284682516810826,0.7369658133253202,0.1324122349258735,0.490502538010152,0.0,47,score,100,facebook/esm2_t33_650M_UR50D,DN7A_SACS2_Tsuboyama_2023_1JIC,True
GaussianProcessRegressor,0.7014480601447963,0.9478809861905486,0.9735917964889332,0.7347924635895381,0.2225267579608427,0.592380545522182,30.0,47,score,50,facebook/esm2_t33_650M_UR50D,DN7A_SACS2_Tsuboyama_2023_1JIC,False
GaussianProcessRegressor,1.115226064886386,1.0884100064075666,1.0432689041697574,0.7346720659335823,0.107261704077013,0.4408980835923343,0.0,47,score,50,facebook/esm2_t33_650M_UR50D,DN7A_SACS2_Tsuboyama_2023_1JIC,True
GaussianProcessRegressor,0.6215457387527767,0.7776209730285673,0.8818281992704515,0.622909244334749,0.3621778390049611,0.6421766167064668,5.0,47,score,75,facebook/esm2_t33_650M_UR50D,DN7A_SACS2_Tsuboyama_2023_1JIC,False
GaussianProcessRegressor,0.9592687116337484,1.0917493246588854,1.0448680895973832,0.7432071168108738,0.1045227203597771,0.4571694766779067,0.0,47,score,75,facebook/esm2_t33_650M_UR50D,DN7A_SACS2_Tsuboyama_2023_1JIC,True
GaussianProcessRegressor,0.1919332483086156,0.215229249971337,0.4639280655137572,0.3221928659624916,0.8494325699371967,0.916440113760455,45.0,51,score,75,facebook/esm2_t33_650M_UR50D,SDA_BACSU_Tsuboyama_2023_1PV0,False
GaussianProcessRegressor,1.4513689790962814,0.8847319458844886,0.9406019061667312,0.7371282243335474,0.3810701128957569,0.6702962811851247,10.0,51,score,75,facebook/esm2_t33_650M_UR50D,SDA_BACSU_Tsuboyama_2023_1PV0,True
GaussianProcessRegressor,0.1615945481011527,0.2797444628400856,0.528908747176756,0.3485568380257524,0.8042998112489803,0.9035420781683128,40.0,51,score,50,facebook/esm2_t33_650M_UR50D,SDA_BACSU_Tsuboyama_2023_1PV0,False
GaussianProcessRegressor,1.6060696859514334,1.3465368052147075,1.160403725095153,0.9890116028185716,0.058006352421168,0.522559850239401,15.0,51,score,50,facebook/esm2_t33_650M_UR50D,SDA_BACSU_Tsuboyama_2023_1PV0,True
GaussianProcessRegressor,0.307121854108787,0.3965709023807324,0.6297387572483787,0.4858703041753933,0.7225718083526955,0.8312397729590917,25.0,51,score,20,facebook/esm2_t33_650M_UR50D,SDA_BACSU_Tsuboyama_2023_1PV0,False
GaussianProcessRegressor,2.120564553564525,1.6553025240870594,1.2865856069795976,1.1114305580670203,-0.1579961694864966,0.4354109896439586,15.0,51,score,20,facebook/esm2_t33_650M_UR50D,SDA_BACSU_Tsuboyama_2023_1PV0,True
GaussianProcessRegressor,0.0929913634935017,0.1487180966249192,0.385639853522583,0.2391113966595213,0.8959616241025428,0.9456813507254028,60.0,51,score,350,facebook/esm2_t33_650M_UR50D,SDA_BACSU_Tsuboyama_2023_1PV0,False
GaussianProcessRegressor,0.6363523131273714,0.6588076785633786,0.811669685625488,0.6217261732994795,0.5391194315821874,0.750437113748455,20.0,51,score,350,facebook/esm2_t33_650M_UR50D,SDA_BACSU_Tsuboyama_2023_1PV0,True
GaussianProcessRegressor,0.2462014191109112,0.2051448853345703,0.4529292277327334,0.3115916591849582,0.8564872656506111,0.9235786063144252,55.00000000000001,51,score,100,facebook/esm2_t33_650M_UR50D,SDA_BACSU_Tsuboyama_2023_1PV0,False
GaussianProcessRegressor,0.9593944271900152,0.8216723232129136,0.906461429523018,0.7166501043495879,0.4251845877064695,0.6918445273781094,15.0,51,score,100,facebook/esm2_t33_650M_UR50D,SDA_BACSU_Tsuboyama_2023_1PV0,True
GaussianProcessRegressor,0.0915432227327906,0.1138115685680827,0.3373597020512123,0.2139153785954834,0.9203811034374052,0.95738523754095,65.0,51,score,500,facebook/esm2_t33_650M_UR50D,SDA_BACSU_Tsuboyama_2023_1PV0,False
GaussianProcessRegressor,0.6655892799939086,0.6282430879462565,0.7926178700649238,0.5998314591797106,0.5605014317552802,0.765630518522074,20.0,51,score,500,facebook/esm2_t33_650M_UR50D,SDA_BACSU_Tsuboyama_2023_1PV0,True
GaussianProcessRegressor,0.1105392568305766,0.1809191502953823,0.4253459183951133,0.2810416521788602,0.8734348072450677,0.9317993111972448,50.0,51,score,200,facebook/esm2_t33_650M_UR50D,SDA_BACSU_Tsuboyama_2023_1PV0,False
GaussianProcessRegressor,0.7858386659217504,0.694022331253209,0.8330800269201086,0.6441898567609399,0.514484398208387,0.7277262069048276,20.0,51,score,200,facebook/esm2_t33_650M_UR50D,SDA_BACSU_Tsuboyama_2023_1PV0,True
GaussianProcessRegressor,0.1086659476686151,0.1102221934134818,0.3319972792260229,0.228688503262197,0.922748034300674,0.9576742946971788,45.0,48,score,500,facebook/esm2_t33_650M_UR50D,SDA_BACSU_Tsuboyama_2023_1PV0,False
GaussianProcessRegressor,0.5765221015080068,0.5689701497796923,0.7543011002111109,0.5557467842507301,0.6012231191060213,0.7790139320557282,30.0,48,score,500,facebook/esm2_t33_650M_UR50D,SDA_BACSU_Tsuboyama_2023_1PV0,True
GaussianProcessRegressor,0.0975962072094971,0.1879174235370685,0.4334944331096635,0.2809852368708994,0.8682933998334343,0.9360360961443844,40.0,48,score,200,facebook/esm2_t33_650M_UR50D,SDA_BACSU_Tsuboyama_2023_1PV0,False
GaussianProcessRegressor,0.6137062856301939,0.6785172879147224,0.8237216082601709,0.6347387631591539,0.5244442826885676,0.743757887031548,15.0,48,score,200,facebook/esm2_t33_650M_UR50D,SDA_BACSU_Tsuboyama_2023_1PV0,True
GaussianProcessRegressor,0.1776323566000386,0.2778443724220368,0.5271094501353935,0.340403632851169,0.805265861045072,0.905134148536594,20.0,48,score,75,facebook/esm2_t33_650M_UR50D,SDA_BACSU_Tsuboyama_2023_1PV0,False
GaussianProcessRegressor,0.7431442341136749,0.680422061972039,0.824876998086405,0.623690954446998,0.5231092744149727,0.7347638030552122,10.0,48,score,75,facebook/esm2_t33_650M_UR50D,SDA_BACSU_Tsuboyama_2023_1PV0,True
GaussianProcessRegressor,0.1146297822264202,0.128339339579654,0.3582448039813752,0.2433087142356077,0.910050181800602,0.9521992007968032,50.0,48,score,350,facebook/esm2_t33_650M_UR50D,SDA_BACSU_Tsuboyama_2023_1PV0,False
GaussianProcessRegressor,0.5813332736593712,0.6666365913800567,0.8164781634434914,0.6250367260896404,0.5327711643514745,0.7487190908763635,15.0,48,score,350,facebook/esm2_t33_650M_UR50D,SDA_BACSU_Tsuboyama_2023_1PV0,True
GaussianProcessRegressor,0.4545157704240427,0.3784520599992016,0.6151845739281843,0.4672854650863272,0.7347524608930389,0.8556822387289549,30.0,48,score,20,facebook/esm2_t33_650M_UR50D,SDA_BACSU_Tsuboyama_2023_1PV0,False
GaussianProcessRegressor,0.4685150280184729,1.0101845669480194,1.0050793834061165,0.7780837162667807,0.2919870209522478,0.567940671762687,20.0,48,score,20,facebook/esm2_t33_650M_UR50D,SDA_BACSU_Tsuboyama_2023_1PV0,True
GaussianProcessRegressor,0.2640505441197711,0.2815241376580293,0.5305884824023505,0.3652821560170149,0.8026868060563359,0.895064188256753,15.0,48,score,50,facebook/esm2_t33_650M_UR50D,SDA_BACSU_Tsuboyama_2023_1PV0,False
GaussianProcessRegressor,0.9457106430954962,0.8526685392784018,0.9234005302567256,0.7066602410956154,0.4023860466818427,0.6609920199680799,5.0,48,score,50,facebook/esm2_t33_650M_UR50D,SDA_BACSU_Tsuboyama_2023_1PV0,True
GaussianProcessRegressor,0.1502430145583331,0.2328497730518477,0.4825450995003966,0.2969982504648423,0.8368014451189741,0.9220845523382094,35.0,48,score,100,facebook/esm2_t33_650M_UR50D,SDA_BACSU_Tsuboyama_2023_1PV0,False
GaussianProcessRegressor,0.6990773647492249,0.6352214882330489,0.7970078344866184,0.5951735516428808,0.5547892207482418,0.7452838131352525,20.0,48,score,100,facebook/esm2_t33_650M_UR50D,SDA_BACSU_Tsuboyama_2023_1PV0,True
GaussianProcessRegressor,0.1362318459361977,0.0927992513438777,0.3046296954400173,0.2147293073412434,0.9352200465827544,0.9632307969231876,35.0,50,score,350,facebook/esm2_t33_650M_UR50D,SDA_BACSU_Tsuboyama_2023_1PV0,False
GaussianProcessRegressor,0.6931708122320804,0.5878932194466643,0.7667419510152449,0.5976985475986387,0.5896120408456071,0.771508046032184,20.0,50,score,350,facebook/esm2_t33_650M_UR50D,SDA_BACSU_Tsuboyama_2023_1PV0,True
GaussianProcessRegressor,0.3566369608478943,0.2224407767668254,0.4716362759233278,0.3575489829737396,0.8447217736309727,0.9221651926607703,25.0,50,score,50,facebook/esm2_t33_650M_UR50D,SDA_BACSU_Tsuboyama_2023_1PV0,False
GaussianProcessRegressor,1.3037502977219635,1.1354418985994157,1.0655711607393548,0.9105263741147736,0.2073872123526373,0.5580946803787215,10.0,50,score,50,facebook/esm2_t33_650M_UR50D,SDA_BACSU_Tsuboyama_2023_1PV0,True
GaussianProcessRegressor,0.3394624311123879,0.5907022930828223,0.7685715926853024,0.6202751002043912,0.5876511235250395,0.789440149760599,25.0,50,score,20,facebook/esm2_t33_650M_UR50D,SDA_BACSU_Tsuboyama_2023_1PV0,False
GaussianProcessRegressor,1.366873502473036,1.3804655687510607,1.174932154956643,1.023721168061123,0.0363446477986582,0.3826150024600098,5.0,50,score,20,facebook/esm2_t33_650M_UR50D,SDA_BACSU_Tsuboyama_2023_1PV0,True
GaussianProcessRegressor,0.2458920675364746,0.1794083758776049,0.4235662591349846,0.3038444882715278,0.8747612069740937,0.9369844839379358,35.0,50,score,100,facebook/esm2_t33_650M_UR50D,SDA_BACSU_Tsuboyama_2023_1PV0,False
GaussianProcessRegressor,0.9405171713410456,0.9748071294852546,0.9873232142947184,0.8351045219028568,0.3195207986662288,0.7183239292957172,20.0,50,score,100,facebook/esm2_t33_650M_UR50D,SDA_BACSU_Tsuboyama_2023_1PV0,True
GaussianProcessRegressor,0.2506202646047941,0.2272239476616502,0.476680131389646,0.3469011071917696,0.8413828071709387,0.9206668186672748,25.0,50,score,75,facebook/esm2_t33_650M_UR50D,SDA_BACSU_Tsuboyama_2023_1PV0,False
GaussianProcessRegressor,0.9795052150849746,415.9117883924322,20.39391547477905,3.2295650020652515,-289.33365989027044,0.6055977823911295,10.0,50,score,75,facebook/esm2_t33_650M_UR50D,SDA_BACSU_Tsuboyama_2023_1PV0,True
GaussianProcessRegressor,0.2116468725690828,0.1317984358512501,0.3630405429855598,0.2545154401845749,0.9079960623467562,0.9495469021876086,20.0,50,score,200,facebook/esm2_t33_650M_UR50D,SDA_BACSU_Tsuboyama_2023_1PV0,False
GaussianProcessRegressor,0.7453296983281121,0.6230297905784,0.7893223616358528,0.6154556258125381,0.5650844136482597,0.7637208788835155,15.0,50,score,200,facebook/esm2_t33_650M_UR50D,SDA_BACSU_Tsuboyama_2023_1PV0,True
GaussianProcessRegressor,0.0978039547427713,0.0869449675486375,0.2948643205758159,0.2036563213276307,0.939306719977798,0.9658646634586538,40.0,50,score,500,facebook/esm2_t33_650M_UR50D,SDA_BACSU_Tsuboyama_2023_1PV0,False
GaussianProcessRegressor,0.6713873280328124,0.5718549365852927,0.7562109074757469,0.5790528066003837,0.6008078123804688,0.7774653498613994,20.0,50,score,500,facebook/esm2_t33_650M_UR50D,SDA_BACSU_Tsuboyama_2023_1PV0,True
GaussianProcessRegressor,0.1615038492399319,0.1420454008869191,0.3768891095361063,0.26343868785142,0.90113680920032,0.952562850251401,55.00000000000001,42,score,200,facebook/esm2_t33_650M_UR50D,SDA_BACSU_Tsuboyama_2023_1PV0,False
GaussianProcessRegressor,0.7074574764709274,0.6488847138175189,0.8055338067502312,0.6269930979577555,0.5483781039823529,0.7349265237060948,35.0,42,score,200,facebook/esm2_t33_650M_UR50D,SDA_BACSU_Tsuboyama_2023_1PV0,True
GaussianProcessRegressor,0.1124348139615896,0.1079456420259292,0.3285508210702406,0.2235788677091079,0.9248701433698712,0.9625415141660566,45.0,42,score,500,facebook/esm2_t33_650M_UR50D,SDA_BACSU_Tsuboyama_2023_1PV0,False
GaussianProcessRegressor,0.6417537451275368,0.6069561250897709,0.7790738893646552,0.600445105273892,0.5775602812402607,0.7647380029520118,40.0,42,score,500,facebook/esm2_t33_650M_UR50D,SDA_BACSU_Tsuboyama_2023_1PV0,True
GaussianProcessRegressor,0.1168048206523011,0.1123953622177987,0.3352541755411835,0.2254316452299842,0.9217731509041722,0.9592338209352836,55.00000000000001,42,score,350,facebook/esm2_t33_650M_UR50D,SDA_BACSU_Tsuboyama_2023_1PV0,False
GaussianProcessRegressor,0.6353020700317973,0.6129637305587998,0.7829200026559545,0.5998107937806426,0.5733790050987922,0.7554734858939436,40.0,42,score,350,facebook/esm2_t33_650M_UR50D,SDA_BACSU_Tsuboyama_2023_1PV0,True
GaussianProcessRegressor,0.2160076891258796,0.3455111963192662,0.5878020043511814,0.4187409939596023,0.7595252003102132,0.8685589622358489,30.0,42,score,20,facebook/esm2_t33_650M_UR50D,SDA_BACSU_Tsuboyama_2023_1PV0,False
GaussianProcessRegressor,1.116785215340342,1.459771634577104,1.2082100953795678,1.0291943655432962,-0.0159968624964279,0.3421677366709467,5.0,42,score,20,facebook/esm2_t33_650M_UR50D,SDA_BACSU_Tsuboyama_2023_1PV0,True
GaussianProcessRegressor,0.3022995564998823,0.2796753077925892,0.5288433679196414,0.3922353197743672,0.805346789522108,0.8984640418561675,45.0,42,score,50,facebook/esm2_t33_650M_UR50D,SDA_BACSU_Tsuboyama_2023_1PV0,False
GaussianProcessRegressor,1.620339031706037,1.4337974003191951,1.1974127944527715,1.0012219821982131,0.0020811299009432,0.2727167580109776,5.0,42,score,50,facebook/esm2_t33_650M_UR50D,SDA_BACSU_Tsuboyama_2023_1PV0,True
GaussianProcessRegressor,0.2656899033685237,0.2560963565289167,0.5060596373244133,0.3703079739424466,0.8217576718391819,0.9136408385633544,45.0,42,score,75,facebook/esm2_t33_650M_UR50D,SDA_BACSU_Tsuboyama_2023_1PV0,False
GaussianProcessRegressor,1.0220080704347307,146.76361455277163,12.114603359283851,2.0676461351528195,-101.14705395166048,0.6433282373129492,25.0,42,score,75,facebook/esm2_t33_650M_UR50D,SDA_BACSU_Tsuboyama_2023_1PV0,True
GaussianProcessRegressor,0.2551292376106576,0.2001014131875813,0.4473269645210104,0.3325871393750861,0.8607299914835098,0.9338710954843816,30.0,42,score,100,facebook/esm2_t33_650M_UR50D,SDA_BACSU_Tsuboyama_2023_1PV0,False
GaussianProcessRegressor,0.844283552953897,40.69001414848986,6.378872482538733,1.3798607436558896,-27.32013291022566,0.7046518426073705,25.0,42,score,100,facebook/esm2_t33_650M_UR50D,SDA_BACSU_Tsuboyama_2023_1PV0,True
GaussianProcessRegressor,0.0866068963344595,0.0899762051327716,0.2999603392663297,0.2077286229979236,0.9321826859257664,0.9587962511850048,45.0,49,score,500,facebook/esm2_t33_650M_UR50D,SDA_BACSU_Tsuboyama_2023_1PV0,False
GaussianProcessRegressor,0.5582684199411421,0.5765870104229919,0.7593332670329885,0.5773816116223448,0.5654119628708676,0.7262203448813794,25.0,49,score,500,facebook/esm2_t33_650M_UR50D,SDA_BACSU_Tsuboyama_2023_1PV0,True
GaussianProcessRegressor,0.1637990931525091,0.2993706703499331,0.5471477591564577,0.382521853468163,0.7743568452817472,0.8758861915447661,30.0,49,score,75,facebook/esm2_t33_650M_UR50D,SDA_BACSU_Tsuboyama_2023_1PV0,False
GaussianProcessRegressor,0.5769904144623436,0.8459188993031905,0.9197384950643256,0.7093699162085327,0.3624097883354772,0.600758499033996,15.0,49,score,75,facebook/esm2_t33_650M_UR50D,SDA_BACSU_Tsuboyama_2023_1PV0,True
GaussianProcessRegressor,0.4648418240452568,0.490209679274008,0.7001497548910576,0.5387013856435936,0.6305167156972471,0.7753322213288852,20.0,49,score,20,facebook/esm2_t33_650M_UR50D,SDA_BACSU_Tsuboyama_2023_1PV0,False
GaussianProcessRegressor,0.6684704714930823,1.89242722192942,1.375655197325776,1.0813013524385606,-0.4263696838829247,0.2621196404785619,10.0,49,score,20,facebook/esm2_t33_650M_UR50D,SDA_BACSU_Tsuboyama_2023_1PV0,True
GaussianProcessRegressor,0.1580882089335929,0.1593763508377303,0.3992196774179979,0.259890580000168,0.8798740619831846,0.9320683042732172,45.0,49,score,200,facebook/esm2_t33_650M_UR50D,SDA_BACSU_Tsuboyama_2023_1PV0,False
GaussianProcessRegressor,0.4889311370054643,0.5966155988658606,0.77240895830244,0.5816816466016667,0.5503159153004098,0.7214916539666159,25.0,49,score,200,facebook/esm2_t33_650M_UR50D,SDA_BACSU_Tsuboyama_2023_1PV0,True
GaussianProcessRegressor,0.1037412604866118,0.1077444426949362,0.3282444861607522,0.2314239741645244,0.918790321294242,0.9506105864423458,50.0,49,score,350,facebook/esm2_t33_650M_UR50D,SDA_BACSU_Tsuboyama_2023_1PV0,False
GaussianProcessRegressor,0.5861545582721653,0.5751658477813336,0.7583968933093895,0.5797478966131866,0.5664831286649539,0.7321197604790418,25.0,49,score,350,facebook/esm2_t33_650M_UR50D,SDA_BACSU_Tsuboyama_2023_1PV0,True
GaussianProcessRegressor,0.1543840018092498,0.2295467685529495,0.4791103928667688,0.2981368555137514,0.826984864779424,0.906629354517418,35.0,49,score,100,facebook/esm2_t33_650M_UR50D,SDA_BACSU_Tsuboyama_2023_1PV0,False
GaussianProcessRegressor,0.506155034082262,0.6021923806922771,0.7760105544979895,0.570027846713903,0.5461125554889188,0.7462140568562274,20.0,49,score,100,facebook/esm2_t33_650M_UR50D,SDA_BACSU_Tsuboyama_2023_1PV0,True
GaussianProcessRegressor,0.3093823999403002,0.3194252498706511,0.5651771844923069,0.3991436649251997,0.7592412075864666,0.8602352489409957,35.0,49,score,50,facebook/esm2_t33_650M_UR50D,SDA_BACSU_Tsuboyama_2023_1PV0,False
GaussianProcessRegressor,0.4984317486306772,0.8855715135774241,0.9410480931267138,0.7164865354796487,0.3325226221437939,0.5474121416485666,30.0,49,score,50,facebook/esm2_t33_650M_UR50D,SDA_BACSU_Tsuboyama_2023_1PV0,True
GaussianProcessRegressor,0.1565648653301421,0.2062015121534728,0.4540941666146713,0.3324818704514464,0.8621089471798931,0.9347237708950836,20.0,47,score,75,facebook/esm2_t33_650M_UR50D,SDA_BACSU_Tsuboyama_2023_1PV0,False
GaussianProcessRegressor,0.9687465823275228,1.0437451846884958,1.0216384804266605,0.8604870782579501,0.3020268334138419,0.6855830943323773,15.0,47,score,75,facebook/esm2_t33_650M_UR50D,SDA_BACSU_Tsuboyama_2023_1PV0,True
GaussianProcessRegressor,0.471730301185958,0.27772263872925,0.5269939646041973,0.4059377198524763,0.8142813471811414,0.9011028044112176,5.0,47,score,20,facebook/esm2_t33_650M_UR50D,SDA_BACSU_Tsuboyama_2023_1PV0,False
GaussianProcessRegressor,1.6199389347729496,1.606089373922408,1.2673158145949288,1.0121153471476876,-0.0740239117573184,0.0765680789950285,0.0,47,score,20,facebook/esm2_t33_650M_UR50D,SDA_BACSU_Tsuboyama_2023_1PV0,True
GaussianProcessRegressor,0.1909489783787173,0.1393872308458757,0.3733459934777334,0.2678359202365961,0.9067889861219266,0.9538043272173088,35.0,47,score,200,facebook/esm2_t33_650M_UR50D,SDA_BACSU_Tsuboyama_2023_1PV0,False
GaussianProcessRegressor,0.7263056348962732,0.6664808559637388,0.8163827876454396,0.64627904594232,0.5543109943593196,0.7537767751071004,30.0,47,score,200,facebook/esm2_t33_650M_UR50D,SDA_BACSU_Tsuboyama_2023_1PV0,True
GaussianProcessRegressor,0.1253095965881723,0.2080713268136544,0.4561483605293944,0.3375852899339776,0.860858564923341,0.9375301501206004,25.0,47,score,100,facebook/esm2_t33_650M_UR50D,SDA_BACSU_Tsuboyama_2023_1PV0,False
GaussianProcessRegressor,0.9438106228825076,0.9460629673771777,0.9726576825261688,0.8036067401513032,0.3673488751689721,0.7351407005628022,20.0,47,score,100,facebook/esm2_t33_650M_UR50D,SDA_BACSU_Tsuboyama_2023_1PV0,True
GaussianProcessRegressor,0.09616970815432,0.1267641379956171,0.3560395174634652,0.2462465426563728,0.9152302994022704,0.9570432841731368,30.0,47,score,350,facebook/esm2_t33_650M_UR50D,SDA_BACSU_Tsuboyama_2023_1PV0,False
GaussianProcessRegressor,0.5732587924413134,0.6686363179508192,0.817701851502624,0.6063457060723785,0.5528695940533364,0.7716536786147145,15.0,47,score,350,facebook/esm2_t33_650M_UR50D,SDA_BACSU_Tsuboyama_2023_1PV0,True
GaussianProcessRegressor,0.2086187960167281,0.2142019705480521,0.4628195874723239,0.3340279685379388,0.8567588815108746,0.9266939147756592,30.0,47,score,50,facebook/esm2_t33_650M_UR50D,SDA_BACSU_Tsuboyama_2023_1PV0,False
GaussianProcessRegressor,1.0286656887057115,49.08617591631506,7.00615271859778,1.609403612211059,-31.824902229504158,0.5880294241176964,15.0,47,score,50,facebook/esm2_t33_650M_UR50D,SDA_BACSU_Tsuboyama_2023_1PV0,True
GaussianProcessRegressor,0.0831025731004744,0.1112966419524221,0.3336115135189764,0.2285393112500343,0.92557372167698,0.9617819591278364,30.0,47,score,500,facebook/esm2_t33_650M_UR50D,SDA_BACSU_Tsuboyama_2023_1PV0,False
GaussianProcessRegressor,0.5787621843583084,0.6108592158890681,0.7815748306394392,0.5827825958286796,0.5915062914712483,0.7929024996099984,20.0,47,score,500,facebook/esm2_t33_650M_UR50D,SDA_BACSU_Tsuboyama_2023_1PV0,True
GaussianProcessRegressor,0.1453851316164865,0.1480964797641866,0.3848330544069553,0.2769767931418372,0.8919877358291614,0.9428109392437568,50.0,46,score,200,facebook/esm2_t33_650M_UR50D,SDA_BACSU_Tsuboyama_2023_1PV0,False
GaussianProcessRegressor,0.7172164510325852,0.6336225821012071,0.7960041344749456,0.6058429584368016,0.5378755131013269,0.7309739958959836,20.0,46,score,200,facebook/esm2_t33_650M_UR50D,SDA_BACSU_Tsuboyama_2023_1PV0,True
GaussianProcessRegressor,0.1747443349932636,0.2869372768754948,0.5356652656981735,0.3964815888231157,0.7907259848465904,0.8877998391993567,35.0,46,score,75,facebook/esm2_t33_650M_UR50D,SDA_BACSU_Tsuboyama_2023_1PV0,False
GaussianProcessRegressor,0.7091723296080013,0.7992245808193501,0.8939936134108286,0.6721606174955579,0.4170958236634389,0.6894744698978795,15.0,46,score,75,facebook/esm2_t33_650M_UR50D,SDA_BACSU_Tsuboyama_2023_1PV0,True
GaussianProcessRegressor,0.2230875381121189,0.1922134364811301,0.4384215283048155,0.3067529138286826,0.8598116004415308,0.9217050628202512,45.0,46,score,100,facebook/esm2_t33_650M_UR50D,SDA_BACSU_Tsuboyama_2023_1PV0,False
GaussianProcessRegressor,0.6152079738680969,0.6912041405318344,0.8313868777722165,0.6011257807359771,0.49587914350172,0.7278462073848295,25.0,46,score,100,facebook/esm2_t33_650M_UR50D,SDA_BACSU_Tsuboyama_2023_1PV0,True
GaussianProcessRegressor,1.012976211666952,0.3807144890653495,0.617020655298791,0.4733485623608534,0.7223307803664848,0.8346364585458342,55.00000000000001,46,score,20,facebook/esm2_t33_650M_UR50D,SDA_BACSU_Tsuboyama_2023_1PV0,False
GaussianProcessRegressor,1.7697855311457658,0.8639439661545453,0.9294858611913068,0.7503524726158355,0.3698935717467808,0.6518876315505262,5.0,46,score,20,facebook/esm2_t33_650M_UR50D,SDA_BACSU_Tsuboyama_2023_1PV0,True
GaussianProcessRegressor,0.1119916607662967,0.1136171251640758,0.337071394757959,0.2276052727867224,0.917134809975942,0.9549184116736468,50.0,46,score,350,facebook/esm2_t33_650M_UR50D,SDA_BACSU_Tsuboyama_2023_1PV0,False
GaussianProcessRegressor,0.6339616218456345,0.6193013872973651,0.7869570428539064,0.5827883770084358,0.5483204924746227,0.7457709190836763,20.0,46,score,350,facebook/esm2_t33_650M_UR50D,SDA_BACSU_Tsuboyama_2023_1PV0,True
GaussianProcessRegressor,0.2334104644415949,0.2858739628604221,0.5346718272552072,0.3991599623328792,0.7915014992577057,0.8862026808107232,60.0,46,score,50,facebook/esm2_t33_650M_UR50D,SDA_BACSU_Tsuboyama_2023_1PV0,False
GaussianProcessRegressor,0.7922027600519486,167.74964995745384,12.951820333738954,4.705608844585283,-121.3460512675321,0.6040240480961924,5.0,46,score,50,facebook/esm2_t33_650M_UR50D,SDA_BACSU_Tsuboyama_2023_1PV0,True
GaussianProcessRegressor,0.0786670087924243,0.0954458818110798,0.3089431692254739,0.2079094898482088,0.9303877727774996,0.9637811671246684,55.00000000000001,46,score,500,facebook/esm2_t33_650M_UR50D,SDA_BACSU_Tsuboyama_2023_1PV0,False
GaussianProcessRegressor,0.553642868782158,0.5530822401987345,0.7436949913766627,0.5532632505865049,0.5966165763584108,0.7897005988023952,20.0,46,score,500,facebook/esm2_t33_650M_UR50D,SDA_BACSU_Tsuboyama_2023_1PV0,True
GaussianProcessRegressor,0.4593064092442879,0.3742009796604161,0.611719690430524,0.4737833475274533,0.7397881140925413,0.8712821091284364,40.0,44,score,20,facebook/esm2_t33_650M_UR50D,SDA_BACSU_Tsuboyama_2023_1PV0,False
GaussianProcessRegressor,1.0720947894920576,1.545191602165514,1.2430573607704167,0.9850587401726898,-0.0744953721199161,0.3900619442477769,15.0,44,score,20,facebook/esm2_t33_650M_UR50D,SDA_BACSU_Tsuboyama_2023_1PV0,True
GaussianProcessRegressor,0.129895087392875,0.0882518769499089,0.2970721746476922,0.2095102478189525,0.9386314077615496,0.9672114528458112,35.0,44,score,500,facebook/esm2_t33_650M_UR50D,SDA_BACSU_Tsuboyama_2023_1PV0,False
GaussianProcessRegressor,0.5799475786460792,0.6547536966465582,0.8091685217842809,0.6074129337586203,0.5446973592535902,0.7610969003876015,15.0,44,score,500,facebook/esm2_t33_650M_UR50D,SDA_BACSU_Tsuboyama_2023_1PV0,True
GaussianProcessRegressor,0.1777634550447623,0.1086925946124571,0.3296855996437472,0.2340137058532573,0.9244173410397027,0.9600770883083533,25.0,44,score,350,facebook/esm2_t33_650M_UR50D,SDA_BACSU_Tsuboyama_2023_1PV0,False
GaussianProcessRegressor,0.5591800547729563,0.662473725011873,0.8139248890480454,0.6109128996682308,0.5393290057500247,0.761002532010128,15.0,44,score,350,facebook/esm2_t33_650M_UR50D,SDA_BACSU_Tsuboyama_2023_1PV0,True
GaussianProcessRegressor,0.2383947951141574,0.2172963462538865,0.4661505617865182,0.3165908444766375,0.8488964617066574,0.9186100104400418,40.0,44,score,50,facebook/esm2_t33_650M_UR50D,SDA_BACSU_Tsuboyama_2023_1PV0,False
GaussianProcessRegressor,0.909539071119972,0.6924406226390669,0.8321301716913447,0.6451033354932656,0.5184906237836165,0.742005304021216,20.0,44,score,50,facebook/esm2_t33_650M_UR50D,SDA_BACSU_Tsuboyama_2023_1PV0,True
GaussianProcessRegressor,0.2530765579066388,0.2192742597799241,0.4682672952277621,0.3202716406840392,0.847521060153088,0.9244090096360388,35.0,44,score,100,facebook/esm2_t33_650M_UR50D,SDA_BACSU_Tsuboyama_2023_1PV0,False
GaussianProcessRegressor,0.7943437725721337,0.7124830918015925,0.8440871351949351,0.6262623273661745,0.5045534911129439,0.7554236616946467,15.0,44,score,100,facebook/esm2_t33_650M_UR50D,SDA_BACSU_Tsuboyama_2023_1PV0,True
GaussianProcessRegressor,0.3017306102599218,0.2424607778247527,0.4924030643941534,0.3408926616967229,0.831397618697784,0.9106035784143136,40.0,44,score,75,facebook/esm2_t33_650M_UR50D,SDA_BACSU_Tsuboyama_2023_1PV0,False
GaussianProcessRegressor,0.9439447778186778,0.7053039039398692,0.8398237338512583,0.6375913374724225,0.5095457549345894,0.7574867099468398,15.0,44,score,75,facebook/esm2_t33_650M_UR50D,SDA_BACSU_Tsuboyama_2023_1PV0,True
GaussianProcessRegressor,0.1937586621785585,0.1417242491080952,0.3764628123840324,0.2670282563302459,0.9014477883710976,0.95011839247357,40.0,44,score,200,facebook/esm2_t33_650M_UR50D,SDA_BACSU_Tsuboyama_2023_1PV0,False
GaussianProcessRegressor,0.7168185360616464,0.62259618581401,0.7890476448314195,0.6075414683213197,0.5670590498814998,0.7613404533618133,25.0,44,score,200,facebook/esm2_t33_650M_UR50D,SDA_BACSU_Tsuboyama_2023_1PV0,True
GaussianProcessRegressor,0.2647173491079516,0.2058767105024331,0.4537363887792483,0.3104761812792986,0.8599443696702087,0.9304511778047112,30.0,45,score,100,facebook/esm2_t33_650M_UR50D,SDA_BACSU_Tsuboyama_2023_1PV0,False
GaussianProcessRegressor,0.8089349195313247,0.7902605080359553,0.8889659768719809,0.7143587711215018,0.4623945889381755,0.7511152604610418,20.0,45,score,100,facebook/esm2_t33_650M_UR50D,SDA_BACSU_Tsuboyama_2023_1PV0,True
GaussianProcessRegressor,0.1391705032343239,0.1027645631513117,0.320569123827158,0.2252767009594602,0.9300904136626348,0.9637107988431952,35.0,45,score,350,facebook/esm2_t33_650M_UR50D,SDA_BACSU_Tsuboyama_2023_1PV0,False
GaussianProcessRegressor,0.5803722886261985,0.6164838684166368,0.7851648670289806,0.6122344086790283,0.5806128990087018,0.7637496789987159,20.0,45,score,350,facebook/esm2_t33_650M_UR50D,SDA_BACSU_Tsuboyama_2023_1PV0,True
GaussianProcessRegressor,0.1729864923885967,0.281770791429253,0.5308208656686858,0.3442359925936372,0.8083144727451734,0.90175349501398,30.0,45,score,50,facebook/esm2_t33_650M_UR50D,SDA_BACSU_Tsuboyama_2023_1PV0,False
GaussianProcessRegressor,0.6184804172267941,0.8742265597393287,0.9350008340848304,0.7172750664296725,0.4052734203080752,0.6598696794787179,25.0,45,score,50,facebook/esm2_t33_650M_UR50D,SDA_BACSU_Tsuboyama_2023_1PV0,True
GaussianProcessRegressor,0.3244060389475999,0.2175301948957323,0.4664013238571824,0.3313371527131157,0.852016634190762,0.9242715370861484,25.0,45,score,75,facebook/esm2_t33_650M_UR50D,SDA_BACSU_Tsuboyama_2023_1PV0,False
GaussianProcessRegressor,0.8848431510906831,0.8232712934732855,0.9073429855756232,0.7404697292870738,0.4399377197234707,0.7287000348001391,20.0,45,score,75,facebook/esm2_t33_650M_UR50D,SDA_BACSU_Tsuboyama_2023_1PV0,True
GaussianProcessRegressor,0.1786230599080693,0.1275663190193652,0.3571642745563519,0.2597618929343064,0.9132180557212796,0.958368953475814,25.0,45,score,200,facebook/esm2_t33_650M_UR50D,SDA_BACSU_Tsuboyama_2023_1PV0,False
GaussianProcessRegressor,0.6157494807223641,0.6545389560557087,0.8090358187717702,0.6359381481391617,0.5547244472574646,0.7540713042852171,20.0,45,score,200,facebook/esm2_t33_650M_UR50D,SDA_BACSU_Tsuboyama_2023_1PV0,True
GaussianProcessRegressor,0.1156809079287404,0.0881174212655521,0.2968457870099426,0.2127802784344399,0.9400547009505632,0.9692221808887236,40.0,45,score,500,facebook/esm2_t33_650M_UR50D,SDA_BACSU_Tsuboyama_2023_1PV0,False
GaussianProcessRegressor,0.5854829393345327,0.6285902725415781,0.7928368511500825,0.6186910465077231,0.5723770472865335,0.7577431269725078,20.0,45,score,500,facebook/esm2_t33_650M_UR50D,SDA_BACSU_Tsuboyama_2023_1PV0,True
GaussianProcessRegressor,0.2153335892857926,0.3089059047821455,0.5557930413221683,0.4031007418807778,0.7898547577272148,0.8809499237996952,35.0,45,score,20,facebook/esm2_t33_650M_UR50D,SDA_BACSU_Tsuboyama_2023_1PV0,False
GaussianProcessRegressor,0.9155483023353987,0.9471812465330538,0.9732323702657316,0.7836355292412879,0.3556431604332609,0.5995900783603134,10.0,45,score,20,facebook/esm2_t33_650M_UR50D,SDA_BACSU_Tsuboyama_2023_1PV0,True
GaussianProcessRegressor,0.2213366696199585,0.2167291577576133,0.4655417894857703,0.3131115175018949,0.8502207247157776,0.9228257713030852,55.00000000000001,43,score,100,facebook/esm2_t33_650M_UR50D,SDA_BACSU_Tsuboyama_2023_1PV0,False
GaussianProcessRegressor,0.9828051771398496,0.8195654779177564,0.9052985573377196,0.7545481689772883,0.4336067901496895,0.7029539798159192,15.0,43,score,100,facebook/esm2_t33_650M_UR50D,SDA_BACSU_Tsuboyama_2023_1PV0,True
GaussianProcessRegressor,0.1754727774124726,0.1494001017260462,0.3865230933929385,0.2683780328757297,0.8967511377082797,0.9475275341101363,50.0,43,score,200,facebook/esm2_t33_650M_UR50D,SDA_BACSU_Tsuboyama_2023_1PV0,False
GaussianProcessRegressor,0.7677764761411249,0.6382802255527976,0.7989244179224951,0.610955225357563,0.5588911496695476,0.7567078588314353,30.0,43,score,200,facebook/esm2_t33_650M_UR50D,SDA_BACSU_Tsuboyama_2023_1PV0,True
GaussianProcessRegressor,0.1082234435045404,0.3591687783211247,0.5993069149618789,0.4253640251873586,0.7517821788343666,0.8751045564182256,40.0,43,score,20,facebook/esm2_t33_650M_UR50D,SDA_BACSU_Tsuboyama_2023_1PV0,False
GaussianProcessRegressor,1.0254089283760348,0.927298281387581,0.9629632814326728,0.7757098306071971,0.3591537659465764,0.6014961659846638,15.0,43,score,20,facebook/esm2_t33_650M_UR50D,SDA_BACSU_Tsuboyama_2023_1PV0,True
GaussianProcessRegressor,0.0977515582614246,0.1044040743190497,0.3231161932170063,0.210022631543485,0.9278474260223158,0.9670990363961456,55.00000000000001,43,score,500,facebook/esm2_t33_650M_UR50D,SDA_BACSU_Tsuboyama_2023_1PV0,False
GaussianProcessRegressor,0.7137506910566742,0.5885522197388509,0.7671715712530351,0.5873994227078007,0.5932576592301695,0.7679618878475514,20.0,43,score,500,facebook/esm2_t33_650M_UR50D,SDA_BACSU_Tsuboyama_2023_1PV0,True
GaussianProcessRegressor,0.1930413636967891,0.3163308653792214,0.5624329874564804,0.3729642285879224,0.7813870166029087,0.8899345997383988,20.0,43,score,75,facebook/esm2_t33_650M_UR50D,SDA_BACSU_Tsuboyama_2023_1PV0,False
GaussianProcessRegressor,0.6833338016236029,0.9653576194574623,0.9825261418697532,0.7739198553166554,0.3328513517588213,0.6277401749606998,15.0,43,score,75,facebook/esm2_t33_650M_UR50D,SDA_BACSU_Tsuboyama_2023_1PV0,True
GaussianProcessRegressor,0.1124686688201461,0.3500877476462109,0.591682133958945,0.3982702449224918,0.7580579850405789,0.8839747998991996,40.0,43,score,50,facebook/esm2_t33_650M_UR50D,SDA_BACSU_Tsuboyama_2023_1PV0,False
GaussianProcessRegressor,0.5904338418242878,0.8940537252990719,0.945544142438137,0.7495757426078925,0.3821287341954329,0.6408110112440449,10.0,43,score,50,facebook/esm2_t33_650M_UR50D,SDA_BACSU_Tsuboyama_2023_1PV0,True
GaussianProcessRegressor,0.1072973877762842,0.1216668797024767,0.3488077976514813,0.231447759212138,0.915917280090618,0.9611095724382896,50.0,43,score,350,facebook/esm2_t33_650M_UR50D,SDA_BACSU_Tsuboyama_2023_1PV0,False
GaussianProcessRegressor,0.7177810329944838,0.5863431282607305,0.7657304540507257,0.5878855291369678,0.5947843394611676,0.7762464329857318,25.0,43,score,350,facebook/esm2_t33_650M_UR50D,SDA_BACSU_Tsuboyama_2023_1PV0,True
GaussianProcessRegressor,1.3102889459205056,1.653594291140585,1.2859215727020776,0.8918338904060663,0.0317920414173821,0.2471267480935479,10.0,43,score,50,facebook/esm2_t33_650M_UR50D,A0A247D711_LISMN_Stadelmann_2021,False
GaussianProcessRegressor,1.628276684038762,1.7024522476236863,1.3047805361913116,0.9362362712467108,0.0031848657876252,0.2036905365279755,20.0,43,score,50,facebook/esm2_t33_650M_UR50D,A0A247D711_LISMN_Stadelmann_2021,True
GaussianProcessRegressor,0.7930069570438005,2.23740769037696,1.4957966741429,1.0344102066052716,-0.3100407663615683,0.1140403439553049,0.0,43,score,20,facebook/esm2_t33_650M_UR50D,A0A247D711_LISMN_Stadelmann_2021,False
GaussianProcessRegressor,0.9091258110521002,1.7055645604998015,1.3059726492158257,0.9221063633890056,0.0013625529552707,0.1223382094010669,10.0,43,score,20,facebook/esm2_t33_650M_UR50D,A0A247D711_LISMN_Stadelmann_2021,True
GaussianProcessRegressor,1.000584119888554,1.1486888125057049,1.0717690107974316,0.726598271975999,0.32742290163828,0.5595226760899497,5.0,43,score,500,facebook/esm2_t33_650M_UR50D,A0A247D711_LISMN_Stadelmann_2021,False
GaussianProcessRegressor,1.1758378099543825,1.3900353124937428,1.1789975879931829,0.8101839944977204,0.1861103660807829,0.4149854144084779,0.0,43,score,500,facebook/esm2_t33_650M_UR50D,A0A247D711_LISMN_Stadelmann_2021,True
GaussianProcessRegressor,1.2290322312354782,1.6110392152575002,1.2692671961637945,0.8296385447035484,0.0567087718202612,0.3469738553535823,10.0,43,score,100,facebook/esm2_t33_650M_UR50D,A0A247D711_LISMN_Stadelmann_2021,False
GaussianProcessRegressor,1.4778073778183305,1.7205435941969636,1.311694931833223,0.9143381113091829,-0.0074079294509463,0.0056963307756561,5.0,43,score,100,facebook/esm2_t33_650M_UR50D,A0A247D711_LISMN_Stadelmann_2021,True
GaussianProcessRegressor,1.283682087198298,1.6311670402865908,1.2771714999508057,0.8454948344056259,0.0449235833453531,0.328133428165908,10.0,43,score,75,facebook/esm2_t33_650M_UR50D,A0A247D711_LISMN_Stadelmann_2021,False
GaussianProcessRegressor,1.4360735386756602,1.7073209701278729,1.3066449288647135,0.9037777371082084,0.0003341448448043,0.2543779153993302,10.0,43,score,75,facebook/esm2_t33_650M_UR50D,A0A247D711_LISMN_Stadelmann_2021,True
GaussianProcessRegressor,1.070135783147553,1.2434615986902922,1.1151060930199834,0.7267740230008155,0.2719318018367235,0.5229303709831801,0.0,43,score,350,facebook/esm2_t33_650M_UR50D,A0A247D711_LISMN_Stadelmann_2021,False
GaussianProcessRegressor,1.1325316107303691,1.46323880377777,1.2096440814461789,0.8215564778622445,0.1432484602088529,0.396004633174875,5.0,43,score,350,facebook/esm2_t33_650M_UR50D,A0A247D711_LISMN_Stadelmann_2021,True
GaussianProcessRegressor,1.3300697300724975,1.380289945538614,1.1748574149821815,0.7824254351447765,0.191816446402792,0.437529509642981,15.0,43,score,200,facebook/esm2_t33_650M_UR50D,A0A247D711_LISMN_Stadelmann_2021,False
GaussianProcessRegressor,1.3670255787624854,1.5083803999254746,1.2281613900157726,0.8428282142729817,0.1168172776101377,0.3570492172566859,5.0,43,score,200,facebook/esm2_t33_650M_UR50D,A0A247D711_LISMN_Stadelmann_2021,True
GaussianProcessRegressor,1.5156901033400243,1.1436449355337728,1.0694133604616003,0.7697768013602597,0.279809278368641,0.4901765639910631,5.0,49,score,200,facebook/esm2_t33_650M_UR50D,A0A247D711_LISMN_Stadelmann_2021,False
GaussianProcessRegressor,1.699164737221412,1.4355643672521892,1.1981503942544898,0.9075004582416614,0.0959780387458481,0.3465567295262616,0.0,49,score,200,facebook/esm2_t33_650M_UR50D,A0A247D711_LISMN_Stadelmann_2021,True
GaussianProcessRegressor,1.8447001290062104,1.3658082836439744,1.1686780068282172,0.8629697311935058,0.1399057322379984,0.3891760475087377,0.0,49,score,100,facebook/esm2_t33_650M_UR50D,A0A247D711_LISMN_Stadelmann_2021,False
GaussianProcessRegressor,2.168643250431457,1.7639202482206728,1.328126593446827,1.0339437521675354,-0.1107984278995635,0.2716232459100828,0.0,49,score,100,facebook/esm2_t33_650M_UR50D,A0A247D711_LISMN_Stadelmann_2021,True
GaussianProcessRegressor,0.4372535321957355,1.7007034150619702,1.304110200505299,0.9084573168170298,-0.0709887148695607,0.0624700718659291,10.0,49,score,20,facebook/esm2_t33_650M_UR50D,A0A247D711_LISMN_Stadelmann_2021,False
GaussianProcessRegressor,0.4867269206466007,1.5469479199484613,1.2437636109600816,0.924122577213726,0.0258361628001001,0.2123772496442062,5.0,49,score,20,facebook/esm2_t33_650M_UR50D,A0A247D711_LISMN_Stadelmann_2021,True
GaussianProcessRegressor,1.2908706131530423,1.102622459656532,1.0500583125029448,0.7374284489729036,0.3056424767566932,0.5324353773105517,5.0,49,score,350,facebook/esm2_t33_650M_UR50D,A0A247D711_LISMN_Stadelmann_2021,False
GaussianProcessRegressor,1.5831451886362902,1.3853177491020323,1.176995220509426,0.8738677050134449,0.1276199820280147,0.3788350524571903,0.0,49,score,350,facebook/esm2_t33_650M_UR50D,A0A247D711_LISMN_Stadelmann_2021,True
GaussianProcessRegressor,2.75154038469792,1.4916591257968623,1.2213349768989925,0.9772092977501912,0.0606533296680522,0.3364935074909523,5.0,49,score,50,facebook/esm2_t33_650M_UR50D,A0A247D711_LISMN_Stadelmann_2021,False
GaussianProcessRegressor,3.0862366447729737,1.8846848493070656,1.372838245864044,1.1784881191047476,-0.1868478576671506,-0.0286888510490266,0.0,49,score,50,facebook/esm2_t33_650M_UR50D,A0A247D711_LISMN_Stadelmann_2021,True
GaussianProcessRegressor,1.045303260411777,1.02896501181992,1.0143791262737616,0.6935378455669287,0.35202698724833,0.5622608869288382,10.0,49,score,500,facebook/esm2_t33_650M_UR50D,A0A247D711_LISMN_Stadelmann_2021,False
GaussianProcessRegressor,1.363277502376159,1.3316033535390095,1.1539511920090078,0.8351029931077125,0.1614456984724899,0.398127588276815,0.0,49,score,500,facebook/esm2_t33_650M_UR50D,A0A247D711_LISMN_Stadelmann_2021,True
GaussianProcessRegressor,2.1078222165226124,1.3930542687512888,1.180277199962487,0.8813716202627989,0.1227480418864596,0.3570660156557912,0.0,49,score,75,facebook/esm2_t33_650M_UR50D,A0A247D711_LISMN_Stadelmann_2021,False
GaussianProcessRegressor,2.4561031632017127,1.7088310292119555,1.307222639496408,1.064479940016408,-0.0761069400441314,-0.0286888510490266,0.0,49,score,75,facebook/esm2_t33_650M_UR50D,A0A247D711_LISMN_Stadelmann_2021,True
GaussianProcessRegressor,1.5026728079814693,1.3414590891098053,1.1582137493182358,0.8250251677400156,0.2184045189456288,0.4116273292998881,0.0,48,score,100,facebook/esm2_t33_650M_UR50D,A0A247D711_LISMN_Stadelmann_2021,False
GaussianProcessRegressor,1.895667339485075,1.5659985059398185,1.251398619920854,0.8974269115651807,0.087577574659625,0.3346279229156083,0.0,48,score,100,facebook/esm2_t33_650M_UR50D,A0A247D711_LISMN_Stadelmann_2021,True
GaussianProcessRegressor,1.9642196072116664,1.7252635413628752,1.3134928783068736,1.0042649151246368,-0.0052175265754275,0.2061258018926868,5.0,48,score,50,facebook/esm2_t33_650M_UR50D,A0A247D711_LISMN_Stadelmann_2021,False
GaussianProcessRegressor,2.1444499286178718,1.9351644525438525,1.3911018843146796,0.8639026608213544,-0.1275154072786815,,10.0,48,score,50,facebook/esm2_t33_650M_UR50D,A0A247D711_LISMN_Stadelmann_2021,True
GaussianProcessRegressor,1.5304642093433292,1.2960990502758285,1.1384634602286663,0.8314265875013271,0.24483335427941,0.4273784040844455,0.0,48,score,200,facebook/esm2_t33_650M_UR50D,A0A247D711_LISMN_Stadelmann_2021,False
GaussianProcessRegressor,1.6756936056183571,1.5956449496857017,1.2631884062505092,0.9292390863574348,0.070304199236382,0.3077676790942366,10.0,48,score,200,facebook/esm2_t33_650M_UR50D,A0A247D711_LISMN_Stadelmann_2021,True
GaussianProcessRegressor,1.275060556713843,1.1134247955787189,1.055189459565778,0.7544471588497725,0.3512677384028823,0.5033164540617796,5.0,48,score,350,facebook/esm2_t33_650M_UR50D,A0A247D711_LISMN_Stadelmann_2021,False
GaussianProcessRegressor,1.561583863869168,1.4960410065553125,1.223127551220768,0.8930159409037965,0.128338016650501,0.3443211327127291,10.0,48,score,350,facebook/esm2_t33_650M_UR50D,A0A247D711_LISMN_Stadelmann_2021,True
GaussianProcessRegressor,2.6493587018532985,1.7778408861272184,1.333356998754354,1.073798272435739,-0.0358514947726376,,10.0,48,score,20,facebook/esm2_t33_650M_UR50D,A0A247D711_LISMN_Stadelmann_2021,False
GaussianProcessRegressor,2.5416269667423217,1.7276618298463713,1.314405504342694,1.017862447104186,-0.006614879246249,0.2504290798501958,0.0,48,score,20,facebook/esm2_t33_650M_UR50D,A0A247D711_LISMN_Stadelmann_2021,True
GaussianProcessRegressor,1.0860539126253514,1.0449207341409428,1.0222136440788407,0.7199283649670218,0.3911813409035499,0.5327062106743485,5.0,48,score,500,facebook/esm2_t33_650M_UR50D,A0A247D711_LISMN_Stadelmann_2021,False
GaussianProcessRegressor,1.4054169951593949,1.336610552857017,1.1561187451369417,0.8218918248021168,0.2212294981460175,0.4129583566764397,0.0,48,score,500,facebook/esm2_t33_650M_UR50D,A0A247D711_LISMN_Stadelmann_2021,True
GaussianProcessRegressor,1.850256564899584,1.3732952061292,1.1718767879470948,0.8369179101623972,0.1998553396238878,0.3799900591578617,5.0,48,score,75,facebook/esm2_t33_650M_UR50D,A0A247D711_LISMN_Stadelmann_2021,False
GaussianProcessRegressor,1.9567407427274692,1.63837262669075,1.279989307256412,0.906943358223924,0.045409098421002,0.314243723018938,0.0,48,score,75,facebook/esm2_t33_650M_UR50D,A0A247D711_LISMN_Stadelmann_2021,True
GaussianProcessRegressor,1.3396797605079882,1.5192648404527516,1.2325846179685804,0.9000311961510056,0.1756634002483871,0.4030712948652093,0.0,47,score,100,facebook/esm2_t33_650M_UR50D,A0A247D711_LISMN_Stadelmann_2021,False
GaussianProcessRegressor,1.4697805763460337,1.585863315541741,1.259310650928412,0.9467183581644572,0.1395277910762958,0.3212609066131566,5.0,47,score,100,facebook/esm2_t33_650M_UR50D,A0A247D711_LISMN_Stadelmann_2021,True
GaussianProcessRegressor,1.119896125416261,1.471976740480794,1.2132504854648911,0.8568052924402444,0.2013214096366522,0.4585833235434478,5.0,47,score,200,facebook/esm2_t33_650M_UR50D,A0A247D711_LISMN_Stadelmann_2021,False
GaussianProcessRegressor,1.3218388576496802,1.5862530610451755,1.259465386997664,0.9075666937366592,0.1393163193996566,0.3743646689098742,0.0,47,score,200,facebook/esm2_t33_650M_UR50D,A0A247D711_LISMN_Stadelmann_2021,True
GaussianProcessRegressor,1.1001675332195142,1.3019320699990435,1.1410223792717842,0.790212755118262,0.2935858007674552,0.5230645796327499,5.0,47,score,350,facebook/esm2_t33_650M_UR50D,A0A247D711_LISMN_Stadelmann_2021,False
GaussianProcessRegressor,1.3036843847310449,1.6387458104452677,1.2801350750781215,0.916013876967552,0.110834323766038,0.4145993286112723,0.0,47,score,350,facebook/esm2_t33_650M_UR50D,A0A247D711_LISMN_Stadelmann_2021,True
GaussianProcessRegressor,1.0977789258327024,1.1815500353110484,1.0869912765570149,0.7580008463358741,0.3589037851659553,0.5758044988939778,20.0,47,score,500,facebook/esm2_t33_650M_UR50D,A0A247D711_LISMN_Stadelmann_2021,False
GaussianProcessRegressor,1.300760578076972,1.5107218443740698,1.2291142519611713,0.8896657814719173,0.1802987371242758,0.4355656970452637,0.0,47,score,500,facebook/esm2_t33_650M_UR50D,A0A247D711_LISMN_Stadelmann_2021,True
GaussianProcessRegressor,2.0557441190769974,1.867640350346477,1.3666163874132629,1.0910945597330095,-0.0133613672680827,0.1281710107968344,0.0,47,score,20,facebook/esm2_t33_650M_UR50D,A0A247D711_LISMN_Stadelmann_2021,False
GaussianProcessRegressor,2.089551322676916,1.8444530011652185,1.3581064027406755,0.9877405329442532,-0.0007801634697799,0.242409968900004,5.0,47,score,20,facebook/esm2_t33_650M_UR50D,A0A247D711_LISMN_Stadelmann_2021,True
GaussianProcessRegressor,1.6723543092326565,1.6315339890738547,1.2773151486903516,0.9333359574649932,0.1147473797053534,0.3562364121843606,5.0,47,score,50,facebook/esm2_t33_650M_UR50D,A0A247D711_LISMN_Stadelmann_2021,False
GaussianProcessRegressor,1.9919293590386853,1.8505584316195296,1.3603523189304785,1.0632351808574978,-0.0040929037154022,0.0711437962380904,10.0,47,score,50,facebook/esm2_t33_650M_UR50D,A0A247D711_LISMN_Stadelmann_2021,True
GaussianProcessRegressor,1.402489916838462,1.6039450139696614,1.2664695077141264,0.9116152079292738,0.1297168579177532,0.3951221203912021,5.0,47,score,75,facebook/esm2_t33_650M_UR50D,A0A247D711_LISMN_Stadelmann_2021,False
GaussianProcessRegressor,1.9009037303550305,1.6216997168678422,1.2734597429317671,0.950878087160828,0.1200833489817306,0.3336640229419186,5.0,47,score,75,facebook/esm2_t33_650M_UR50D,A0A247D711_LISMN_Stadelmann_2021,True
GaussianProcessRegressor,0.5723430454661789,1.7765350726036933,1.3328672374260286,0.8489546905677037,-0.132099885166381,0.247722732199191,0.0,45,score,50,facebook/esm2_t33_650M_UR50D,A0A247D711_LISMN_Stadelmann_2021,False
GaussianProcessRegressor,0.6319369029817704,1.6663776827671914,1.290882520900795,0.8281996157639726,-0.0619019080437803,0.268113723409413,10.0,45,score,50,facebook/esm2_t33_650M_UR50D,A0A247D711_LISMN_Stadelmann_2021,True
GaussianProcessRegressor,1.0442482214688302,1.2777014914664522,1.1303545866083138,0.7497712564753213,0.185782631554742,0.4676688075171933,15.0,45,score,200,facebook/esm2_t33_650M_UR50D,A0A247D711_LISMN_Stadelmann_2021,False
GaussianProcessRegressor,1.161759866415037,1.3604191247808108,1.1663700633936087,0.8128499924886471,0.1330706842250592,0.4089096503781474,0.0,45,score,200,facebook/esm2_t33_650M_UR50D,A0A247D711_LISMN_Stadelmann_2021,True
GaussianProcessRegressor,1.1883470037829391,1.0380971039767235,1.0188705040272408,0.6958142844754575,0.3384709199795402,0.5847297100920031,15.0,45,score,350,facebook/esm2_t33_650M_UR50D,A0A247D711_LISMN_Stadelmann_2021,False
GaussianProcessRegressor,1.312795335696714,1.242112086000411,1.1145008236876324,0.7757431947099146,0.2084620384871336,0.4638203854175508,5.0,45,score,350,facebook/esm2_t33_650M_UR50D,A0A247D711_LISMN_Stadelmann_2021,True
GaussianProcessRegressor,1.1623503136831683,0.9767214191224616,0.9882921729541632,0.6789360453665242,0.3775826756926898,0.6204620910367394,5.0,45,score,500,facebook/esm2_t33_650M_UR50D,A0A247D711_LISMN_Stadelmann_2021,False
GaussianProcessRegressor,1.249218378643314,1.2060308034987552,1.09819433776484,0.7756609489413109,0.2314548948662165,0.4590290017672798,0.0,45,score,500,facebook/esm2_t33_650M_UR50D,A0A247D711_LISMN_Stadelmann_2021,True
GaussianProcessRegressor,1.1049936011183823,1.3999991912098313,1.1832156148436477,0.7905545670515278,0.1078482220568902,0.3968079845507852,5.0,45,score,100,facebook/esm2_t33_650M_UR50D,A0A247D711_LISMN_Stadelmann_2021,False
GaussianProcessRegressor,1.2052456739177035,1.6119193501939455,1.2696138586963934,0.876370046572756,-0.0271982464030526,0.057532797680502,0.0,45,score,100,facebook/esm2_t33_650M_UR50D,A0A247D711_LISMN_Stadelmann_2021,True
GaussianProcessRegressor,0.8741889071067946,1.6380949894639976,1.2798808497137526,0.8666912234264456,-0.0438787154063196,0.1507387186437398,0.0,45,score,75,facebook/esm2_t33_650M_UR50D,A0A247D711_LISMN_Stadelmann_2021,False
GaussianProcessRegressor,0.8488140126933535,1.6401395318379148,1.280679324357942,0.868664073325945,-0.0451816033832719,0.1991069507919642,10.0,45,score,75,facebook/esm2_t33_650M_UR50D,A0A247D711_LISMN_Stadelmann_2021,True
GaussianProcessRegressor,0.5576432864911477,1.7765350726036933,1.3328672374260286,0.8489546905677037,-0.132099885166381,0.2506260820350905,0.0,45,score,20,facebook/esm2_t33_650M_UR50D,A0A247D711_LISMN_Stadelmann_2021,False
GaussianProcessRegressor,0.5576432404204789,1.7743347623603394,1.3320415768137042,0.8468113730100534,-0.1306977338594663,0.043785480125142,0.0,45,score,20,facebook/esm2_t33_650M_UR50D,A0A247D711_LISMN_Stadelmann_2021,True
GaussianProcessRegressor,1.122882269189896,1.1038678551814982,1.05065115770245,0.7382959484159616,0.3938794294835873,0.5275012432056303,0.0,42,score,500,facebook/esm2_t33_650M_UR50D,A0A247D711_LISMN_Stadelmann_2021,False
GaussianProcessRegressor,1.3948683357710252,1.4393192098549854,1.1997163039047962,0.8695770851188983,0.209687122840355,0.3602657752834641,0.0,42,score,500,facebook/esm2_t33_650M_UR50D,A0A247D711_LISMN_Stadelmann_2021,True
GaussianProcessRegressor,1.5279876474739442,1.384539605229017,1.176664610341034,0.818253857115957,0.2397659452761222,0.4264875746643836,5.0,42,score,200,facebook/esm2_t33_650M_UR50D,A0A247D711_LISMN_Stadelmann_2021,False
GaussianProcessRegressor,1.8228517546739087,1.633152243598085,1.2779484510722978,0.9498386559521956,0.1032557339328689,0.3056904808299574,0.0,42,score,200,facebook/esm2_t33_650M_UR50D,A0A247D711_LISMN_Stadelmann_2021,True
GaussianProcessRegressor,1.2484562170390527,1.1842150327677323,1.0882164457348238,0.763953681389309,0.349761760063868,0.4937635240606447,5.0,42,score,350,facebook/esm2_t33_650M_UR50D,A0A247D711_LISMN_Stadelmann_2021,False
GaussianProcessRegressor,1.5133162587354774,1.478455978825858,1.2159177516698478,0.8771772472071677,0.1881975934320601,0.3640966726297676,0.0,42,score,350,facebook/esm2_t33_650M_UR50D,A0A247D711_LISMN_Stadelmann_2021,True
GaussianProcessRegressor,1.5499589694906342,1.5276965198163526,1.236000210281678,0.8225187248905401,0.1611602042576212,0.3745649740511269,5.0,42,score,75,facebook/esm2_t33_650M_UR50D,A0A247D711_LISMN_Stadelmann_2021,False
GaussianProcessRegressor,1.33546017447972,1.391226234200723,1.17950253675044,0.8471929491601053,0.236094397682687,0.4079780873248175,5.0,42,score,75,facebook/esm2_t33_650M_UR50D,A0A247D711_LISMN_Stadelmann_2021,True
GaussianProcessRegressor,1.6937463220603797,1.4445408478607942,1.2018905307309788,0.8122116937411095,0.2068199841767416,0.4085641023672257,15.0,42,score,100,facebook/esm2_t33_650M_UR50D,A0A247D711_LISMN_Stadelmann_2021,False
GaussianProcessRegressor,1.945616513703725,1.6137042942647546,1.270316611819571,0.9315094443727536,0.1139343691426554,0.3041589859321042,5.0,42,score,100,facebook/esm2_t33_650M_UR50D,A0A247D711_LISMN_Stadelmann_2021,True
GaussianProcessRegressor,1.805904444019544,1.516904007469922,1.2316265698132376,0.8350426276057521,0.1670862430583871,0.3543137793257722,5.0,42,score,50,facebook/esm2_t33_650M_UR50D,A0A247D711_LISMN_Stadelmann_2021,False
GaussianProcessRegressor,1.97119754977319,1.4363197491731945,1.1984655811383131,0.8906530256917268,0.2113340906464696,0.3538869304000539,10.0,42,score,50,facebook/esm2_t33_650M_UR50D,A0A247D711_LISMN_Stadelmann_2021,True
GaussianProcessRegressor,2.787960788467513,1.6094464915497615,1.2686396224104628,0.9887926035630288,0.1162722774336196,0.3270619452375523,5.0,42,score,20,facebook/esm2_t33_650M_UR50D,A0A247D711_LISMN_Stadelmann_2021,False
GaussianProcessRegressor,3.1033942452759766,2.005028268482304,1.415990207763565,1.228045293244837,-0.1009369212895607,0.2736691591739782,0.0,42,score,20,facebook/esm2_t33_650M_UR50D,A0A247D711_LISMN_Stadelmann_2021,True
GaussianProcessRegressor,1.5327698203348643,1.463710694036436,1.2098391190718027,0.817624803278326,0.1853110481371439,0.4137747177107829,10.0,46,score,100,facebook/esm2_t33_650M_UR50D,A0A247D711_LISMN_Stadelmann_2021,False
GaussianProcessRegressor,1.3621011870743236,1.7383128531484666,1.318450929366909,0.9375028889163776,0.0324698165346586,0.2932614699645082,5.0,46,score,100,facebook/esm2_t33_650M_UR50D,A0A247D711_LISMN_Stadelmann_2021,True
GaussianProcessRegressor,0.9770788262540911,2.0598474875933177,1.4352168782429078,0.90650386761014,-0.1464936325886838,0.1578464031519043,0.0,46,score,20,facebook/esm2_t33_650M_UR50D,A0A247D711_LISMN_Stadelmann_2021,False
GaussianProcessRegressor,0.971498679555726,2.0586235642730326,1.434790425209561,0.9405134190942176,-0.1458124072543156,0.0261107281093509,5.0,46,score,20,facebook/esm2_t33_650M_UR50D,A0A247D711_LISMN_Stadelmann_2021,True
GaussianProcessRegressor,1.160641051722224,1.080555186439089,1.0394975644219129,0.7153732450107254,0.398572152368164,0.5900625154801373,20.0,46,score,500,facebook/esm2_t33_650M_UR50D,A0A247D711_LISMN_Stadelmann_2021,False
GaussianProcessRegressor,1.4417655877770517,1.4893418746605518,1.22038595315603,0.8803864867496733,0.1710449504972584,0.3582279038483809,5.0,46,score,500,facebook/esm2_t33_650M_UR50D,A0A247D711_LISMN_Stadelmann_2021,True
GaussianProcessRegressor,0.9973499589148156,1.3646163415957648,1.168167942376337,0.784286470244745,0.2404661238323203,0.4725355249592062,10.0,46,score,200,facebook/esm2_t33_650M_UR50D,A0A247D711_LISMN_Stadelmann_2021,False
GaussianProcessRegressor,1.2740939789763277,1.60287471688617,1.2660468857377165,0.9238756759587072,0.1078535339067764,0.3302160710687656,5.0,46,score,200,facebook/esm2_t33_650M_UR50D,A0A247D711_LISMN_Stadelmann_2021,True
GaussianProcessRegressor,1.2674777034899,1.146849553126318,1.0709106186448605,0.7288604935248489,0.3616732704163691,0.5536217122253345,15.0,46,score,350,facebook/esm2_t33_650M_UR50D,A0A247D711_LISMN_Stadelmann_2021,False
GaussianProcessRegressor,1.517303415258126,1.519371573203672,1.232627913526086,0.8961303331118966,0.1543306751076415,0.3471521408998706,5.0,46,score,350,facebook/esm2_t33_650M_UR50D,A0A247D711_LISMN_Stadelmann_2021,True
GaussianProcessRegressor,1.3467263077310767,1.5820810772138876,1.2578080446609838,0.8485926551383846,0.1194270973022243,0.3453188270283848,5.0,46,score,75,facebook/esm2_t33_650M_UR50D,A0A247D711_LISMN_Stadelmann_2021,False
GaussianProcessRegressor,1.2888870756390918,1.722940495727894,1.3126082796203495,0.9186877371435858,0.0410259402315426,0.2898973265701878,0.0,46,score,75,facebook/esm2_t33_650M_UR50D,A0A247D711_LISMN_Stadelmann_2021,True
GaussianProcessRegressor,1.222091518099305,1.8290819317711355,1.3524355554965033,0.9489779880205524,-0.0180514823982154,0.1928892847186414,0.0,46,score,50,facebook/esm2_t33_650M_UR50D,A0A247D711_LISMN_Stadelmann_2021,False
GaussianProcessRegressor,1.184856391889752,1.8798243254207256,1.3710668566560589,0.9547431679770938,-0.0462942681248108,0.1667204629141402,0.0,46,score,50,facebook/esm2_t33_650M_UR50D,A0A247D711_LISMN_Stadelmann_2021,True
GaussianProcessRegressor,1.4533411088307189,1.4395641048338337,1.1998183632674713,0.8089838182906008,0.0916708580580811,0.3219941504518017,0.0,50,score,75,facebook/esm2_t33_650M_UR50D,A0A247D711_LISMN_Stadelmann_2021,False
GaussianProcessRegressor,1.52066577466888,1.5463901820877295,1.2435393769751442,0.8714053046391953,0.0242662605391308,0.2580279554333932,0.0,50,score,75,facebook/esm2_t33_650M_UR50D,A0A247D711_LISMN_Stadelmann_2021,True
GaussianProcessRegressor,1.47454105759206,1.5878614515135894,1.2601037463294795,0.9371412219754705,-0.0019010788980953,,15.0,50,score,50,facebook/esm2_t33_650M_UR50D,A0A247D711_LISMN_Stadelmann_2021,False
GaussianProcessRegressor,1.6801667022364757,1.5700594293476235,1.253020123281196,0.8869418818018405,0.0093315542750618,0.2020054882510178,0.0,50,score,50,facebook/esm2_t33_650M_UR50D,A0A247D711_LISMN_Stadelmann_2021,True
GaussianProcessRegressor,1.1173163262231145,1.2092584543388034,1.0996628821319756,0.7439422706537469,0.2369879948191932,0.4940225670693989,5.0,50,score,350,facebook/esm2_t33_650M_UR50D,A0A247D711_LISMN_Stadelmann_2021,False
GaussianProcessRegressor,1.391317517695964,1.4076943731638203,1.1864629674641431,0.880940841318575,0.1117798660032908,0.3462490287753315,0.0,50,score,350,facebook/esm2_t33_650M_UR50D,A0A247D711_LISMN_Stadelmann_2021,True
GaussianProcessRegressor,1.137222390291619,1.4303988514777988,1.1959928308638803,0.7976979900264944,0.0974539049461029,0.3038419985953803,10.0,50,score,100,facebook/esm2_t33_650M_UR50D,A0A247D711_LISMN_Stadelmann_2021,False
GaussianProcessRegressor,1.237273682854536,1.547949824587954,1.2441663170926762,0.8575959026947071,0.0232821649165683,0.2516363880380123,5.0,50,score,100,facebook/esm2_t33_650M_UR50D,A0A247D711_LISMN_Stadelmann_2021,True
GaussianProcessRegressor,0.9585228675764942,1.0968335253873274,1.0472982027041426,0.7008914365134244,0.3079253284915709,0.5341883934720129,0.0,50,score,500,facebook/esm2_t33_650M_UR50D,A0A247D711_LISMN_Stadelmann_2021,False
GaussianProcessRegressor,1.192737016114246,1.3432514517733056,1.1589872526362426,0.8436060551773419,0.152441746425513,0.3558755720609149,0.0,50,score,500,facebook/esm2_t33_650M_UR50D,A0A247D711_LISMN_Stadelmann_2021,True
GaussianProcessRegressor,1.1996402627811449,1.3158466830662956,1.1471036060732682,0.7785622122972294,0.1697334738040784,0.4319106024474682,5.0,50,score,200,facebook/esm2_t33_650M_UR50D,A0A247D711_LISMN_Stadelmann_2021,False
GaussianProcessRegressor,1.3211478893997306,1.599753552471449,1.264813643376545,0.9668517040802964,-0.0094046987943319,0.2364686610764325,5.0,50,score,200,facebook/esm2_t33_650M_UR50D,A0A247D711_LISMN_Stadelmann_2021,True
GaussianProcessRegressor,1.1194362202698032,1.7319456066307797,1.316034044632121,0.8121734130187578,-0.0928145967786557,0.1931608145918376,5.0,50,score,20,facebook/esm2_t33_650M_UR50D,A0A247D711_LISMN_Stadelmann_2021,False
GaussianProcessRegressor,1.0957435640408926,1.6728710782324956,1.2933951748141383,0.9168756339660352,-0.0555400387992939,0.1335925282065379,0.0,50,score,20,facebook/esm2_t33_650M_UR50D,A0A247D711_LISMN_Stadelmann_2021,True
GaussianProcessRegressor,1.2891459523076407,1.3335754906696684,1.1548053908211844,0.8038716750745524,0.2782098052528072,0.4571666105125181,5.0,51,score,350,facebook/esm2_t33_650M_UR50D,A0A247D711_LISMN_Stadelmann_2021,False
GaussianProcessRegressor,1.4740162512411308,1.5942215768143635,1.2626248757308576,0.890254097940047,0.1371365847304346,0.3755692103555773,5.0,51,score,350,facebook/esm2_t33_650M_UR50D,A0A247D711_LISMN_Stadelmann_2021,True
GaussianProcessRegressor,1.3783651467506313,1.878341705357228,1.3705260688353316,0.9153955574344156,-0.0166418285257736,0.2551632639186459,0.0,51,score,100,facebook/esm2_t33_650M_UR50D,A0A247D711_LISMN_Stadelmann_2021,False
GaussianProcessRegressor,1.3286269281604386,1.8888473050962225,1.3743534134625717,0.9482258311287236,-0.0223279249894521,0.0659071363340763,5.0,51,score,100,facebook/esm2_t33_650M_UR50D,A0A247D711_LISMN_Stadelmann_2021,True
GaussianProcessRegressor,1.9973413721497375,1.847601021662044,1.359264882817931,1.01430623402529,-3.6072730222880263e-06,,0.0,51,score,50,facebook/esm2_t33_650M_UR50D,A0A247D711_LISMN_Stadelmann_2021,False
GaussianProcessRegressor,2.6149933499054714,1.847601021662044,1.359264882817931,1.01430623402529,-3.6072730222880263e-06,,0.0,51,score,50,facebook/esm2_t33_650M_UR50D,A0A247D711_LISMN_Stadelmann_2021,True
GaussianProcessRegressor,1.1863697816045258,1.5781217525006743,1.2562331600864047,0.8343583603483181,0.1458505236173423,0.4287202985303464,5.0,51,score,200,facebook/esm2_t33_650M_UR50D,A0A247D711_LISMN_Stadelmann_2021,False
GaussianProcessRegressor,1.3102310817229257,1.7703102568516165,1.3305300661208737,0.9132967454904936,0.0418295822051852,0.3309404068442301,10.0,51,score,200,facebook/esm2_t33_650M_UR50D,A0A247D711_LISMN_Stadelmann_2021,True
GaussianProcessRegressor,2.5976573038019324,1.9808449207540304,1.4074249254415068,1.176538673693875,-0.0721211143413214,,0.0,51,score,20,facebook/esm2_t33_650M_UR50D,A0A247D711_LISMN_Stadelmann_2021,False
GaussianProcessRegressor,2.5976572699357496,1.9808449207540304,1.4074249254415068,1.176538673693875,-0.0721211143413214,,0.0,51,score,20,facebook/esm2_t33_650M_UR50D,A0A247D711_LISMN_Stadelmann_2021,True
GaussianProcessRegressor,1.5627862729651771,1.85958094963649,1.363664529727341,0.9778280238993282,-0.0064876755587934,,0.0,51,score,75,facebook/esm2_t33_650M_UR50D,A0A247D711_LISMN_Stadelmann_2021,False
GaussianProcessRegressor,1.6379518294965607,1.8573201510897683,1.3628353352807403,0.9760940111369242,-0.0052640311271587,0.0659071363340763,5.0,51,score,75,facebook/esm2_t33_650M_UR50D,A0A247D711_LISMN_Stadelmann_2021,True
GaussianProcessRegressor,1.2422347920769514,1.1985149826015236,1.0947670905729323,0.7754470564761909,0.3513105416589688,0.5324757573824508,15.0,51,score,500,facebook/esm2_t33_650M_UR50D,A0A247D711_LISMN_Stadelmann_2021,False
GaussianProcessRegressor,1.5089564445305903,1.516649848796485,1.2315233854038197,0.8790636997919968,0.1791218439562059,0.4135717435798955,10.0,51,score,500,facebook/esm2_t33_650M_UR50D,A0A247D711_LISMN_Stadelmann_2021,True
GaussianProcessRegressor,1.1643555372023644,1.1690260978861948,1.0812151025055998,0.7298581282435517,0.3219489561865974,0.5091896851538864,10.0,44,score,500,facebook/esm2_t33_650M_UR50D,A0A247D711_LISMN_Stadelmann_2021,False
GaussianProcessRegressor,1.38855262919602,1.4347137076248433,1.1977953529818202,0.8509184643099574,0.1678465273038539,0.3690002758130044,0.0,44,score,500,facebook/esm2_t33_650M_UR50D,A0A247D711_LISMN_Stadelmann_2021,True
GaussianProcessRegressor,1.2993893138193866,1.2557293355681076,1.1205932962355734,0.7589562855062247,0.27165989855262,0.4776001057005862,5.0,44,score,200,facebook/esm2_t33_650M_UR50D,A0A247D711_LISMN_Stadelmann_2021,False
GaussianProcessRegressor,1.6205300369084636,1.5539413035475986,1.246571820453037,0.8845866672981936,0.098692899328427,0.3345835673777421,0.0,44,score,200,facebook/esm2_t33_650M_UR50D,A0A247D711_LISMN_Stadelmann_2021,True
GaussianProcessRegressor,1.6033588717827207,1.540564219019172,1.2411946741020008,0.8728353772556007,0.1064517903780627,0.2665672898777175,0.0,44,score,20,facebook/esm2_t33_650M_UR50D,A0A247D711_LISMN_Stadelmann_2021,False
GaussianProcessRegressor,1.6362835670508369,1.609844005012439,1.2687962819193783,0.910932810035844,0.0662685718059169,0.1972705877443761,0.0,44,score,20,facebook/esm2_t33_650M_UR50D,A0A247D711_LISMN_Stadelmann_2021,True
GaussianProcessRegressor,1.625337852050993,1.7418107084732195,1.3197767646360576,1.02184118202295,-0.0102739118837047,,5.0,44,score,50,facebook/esm2_t33_650M_UR50D,A0A247D711_LISMN_Stadelmann_2021,False
GaussianProcessRegressor,1.743724908517958,1.7418106968321314,1.3197767602258086,1.0218411765398,-0.0102739051317153,0.3389105865338609,5.0,44,score,50,facebook/esm2_t33_650M_UR50D,A0A247D711_LISMN_Stadelmann_2021,True
GaussianProcessRegressor,1.681619816568451,1.466143547520107,1.2108441466679791,0.8562762333728611,0.1496167924960461,0.3681681626214612,5.0,44,score,100,facebook/esm2_t33_650M_UR50D,A0A247D711_LISMN_Stadelmann_2021,False
GaussianProcessRegressor,1.7426525040914531,1.624684269675912,1.2746310327604269,0.9289026502751028,0.0576610163683353,0.2765054942581138,0.0,44,score,100,facebook/esm2_t33_650M_UR50D,A0A247D711_LISMN_Stadelmann_2021,True
GaussianProcessRegressor,1.224073409647619,1.163526690799274,1.0786689440228054,0.7328514599958402,0.3251386871279202,0.5199368747015994,10.0,44,score,350,facebook/esm2_t33_650M_UR50D,A0A247D711_LISMN_Stadelmann_2021,False
GaussianProcessRegressor,1.3054171704014377,1.3842109526596749,1.1765249477421529,0.8328977236641631,0.1971388123790144,0.3882143021402091,0.0,44,score,350,facebook/esm2_t33_650M_UR50D,A0A247D711_LISMN_Stadelmann_2021,True
GaussianProcessRegressor,1.5871435647578165,1.531030740391885,1.2373482696443572,0.8687270542377712,0.1119813377047589,0.2957517141859639,0.0,44,score,75,facebook/esm2_t33_650M_UR50D,A0A247D711_LISMN_Stadelmann_2021,False
GaussianProcessRegressor,1.5581136230257122,1.5425628563952485,1.2419995396115284,0.9044523178856132,0.1052925535043065,0.3131261875169057,5.0,44,score,75,facebook/esm2_t33_650M_UR50D,A0A247D711_LISMN_Stadelmann_2021,True
GaussianProcessRegressor,0.1489089874231476,0.120584003960617,0.3472520755310427,0.2567262296478372,0.7946539847190466,0.8914823179292717,35.0,44,score,200,facebook/esm2_t33_650M_UR50D,MAFG_MOUSE_Tsuboyama_2023_1K1V,False
GaussianProcessRegressor,0.3985826873935428,0.3659524705800484,0.6049400553608997,0.4826750019808079,0.3768088705996494,0.6349833079332317,5.0,44,score,200,facebook/esm2_t33_650M_UR50D,MAFG_MOUSE_Tsuboyama_2023_1K1V,True
GaussianProcessRegressor,0.1041686332546023,0.0974138838992012,0.3121119733352138,0.2209831797640282,0.8341110575638573,0.9130029160116638,45.0,44,score,350,facebook/esm2_t33_650M_UR50D,MAFG_MOUSE_Tsuboyama_2023_1K1V,False
GaussianProcessRegressor,0.3409099529869652,0.3513332360056552,0.5927336973765328,0.4567865582033288,0.4017043912964879,0.6426231144924579,0.0,44,score,350,facebook/esm2_t33_650M_UR50D,MAFG_MOUSE_Tsuboyama_2023_1K1V,True
GaussianProcessRegressor,0.1874353644317415,0.1694962258896902,0.4116991934528051,0.3060025475400263,0.7113599362401687,0.8369902919611678,50.0,44,score,75,facebook/esm2_t33_650M_UR50D,MAFG_MOUSE_Tsuboyama_2023_1K1V,False
GaussianProcessRegressor,0.4467826434398537,0.6131918610963545,0.7830656812147717,0.6159503636707733,-0.0442222943598127,0.3920515522062088,10.0,44,score,75,facebook/esm2_t33_650M_UR50D,MAFG_MOUSE_Tsuboyama_2023_1K1V,True
GaussianProcessRegressor,0.1493626336998842,0.3154609628362945,0.5616591162229048,0.4296443623363403,0.4627923309273855,0.7182977211908848,10.0,44,score,20,facebook/esm2_t33_650M_UR50D,MAFG_MOUSE_Tsuboyama_2023_1K1V,False
GaussianProcessRegressor,0.4079795474418208,0.5578062799349522,0.7468642982061415,0.6188698426513563,0.0500954262495335,0.395751407005628,10.0,44,score,20,facebook/esm2_t33_650M_UR50D,MAFG_MOUSE_Tsuboyama_2023_1K1V,True
GaussianProcessRegressor,0.1811196606916293,0.1659528896458018,0.4073731577384571,0.3095017173099089,0.7173939868155723,0.8438961755847024,40.0,44,score,100,facebook/esm2_t33_650M_UR50D,MAFG_MOUSE_Tsuboyama_2023_1K1V,False
GaussianProcessRegressor,0.4689455535320707,0.4129193182543882,0.6425879848350639,0.532391918289574,0.2968276566454082,0.6223930495721982,5.0,44,score,100,facebook/esm2_t33_650M_UR50D,MAFG_MOUSE_Tsuboyama_2023_1K1V,True
GaussianProcessRegressor,0.2147467913158356,0.2316698800022691,0.4813209739895709,0.3674118280054663,0.6054826083348512,0.7839906879627518,30.0,44,score,50,facebook/esm2_t33_650M_UR50D,MAFG_MOUSE_Tsuboyama_2023_1K1V,False
GaussianProcessRegressor,0.5460585883762926,0.4968807788156779,0.7048977080510888,0.5692658593524613,0.1538472380397965,0.5011566606266425,10.0,44,score,50,facebook/esm2_t33_650M_UR50D,MAFG_MOUSE_Tsuboyama_2023_1K1V,True
GaussianProcessRegressor,0.0773532305282174,0.089620564254343,0.299366939147166,0.2109266779023443,0.847382528756712,0.9196694706778826,55.00000000000001,44,score,500,facebook/esm2_t33_650M_UR50D,MAFG_MOUSE_Tsuboyama_2023_1K1V,False
GaussianProcessRegressor,0.3028191060387669,0.3441057520233087,0.5866052778686096,0.4411639606239084,0.4140122844459515,0.6532417169668678,0.0,44,score,500,facebook/esm2_t33_650M_UR50D,MAFG_MOUSE_Tsuboyama_2023_1K1V,True
GaussianProcessRegressor,0.3235309087661256,0.2384832124945453,0.4883474301094921,0.3770226895727164,0.6231319231588108,0.7984128256513026,30.0,42,score,20,facebook/esm2_t33_650M_UR50D,MAFG_MOUSE_Tsuboyama_2023_1K1V,False
GaussianProcessRegressor,0.5254355900469161,0.5384728098589021,0.733807065827866,0.6130928446553514,0.1490670971759181,0.4792369889479558,15.0,42,score,20,facebook/esm2_t33_650M_UR50D,MAFG_MOUSE_Tsuboyama_2023_1K1V,True
GaussianProcessRegressor,0.2113252166661244,0.1518295279024777,0.3896530866071482,0.2979884780175089,0.7600682178431271,0.8822629210516841,25.0,42,score,75,facebook/esm2_t33_650M_UR50D,MAFG_MOUSE_Tsuboyama_2023_1K1V,False
GaussianProcessRegressor,0.4722489811365702,0.3918369519124421,0.625968810654686,0.4940103427387228,0.380791473924257,0.6538373033492133,15.0,42,score,75,facebook/esm2_t33_650M_UR50D,MAFG_MOUSE_Tsuboyama_2023_1K1V,True
GaussianProcessRegressor,0.1107144194125738,0.0751756782851234,0.2741818343456099,0.2046810096226737,0.8812020644799288,0.9384313057252228,35.0,42,score,350,facebook/esm2_t33_650M_UR50D,MAFG_MOUSE_Tsuboyama_2023_1K1V,False
GaussianProcessRegressor,0.2641573510377143,0.3849728440987853,0.620461799064846,0.4802539365424759,0.3916386236414414,0.6414799419197676,5.0,42,score,350,facebook/esm2_t33_650M_UR50D,MAFG_MOUSE_Tsuboyama_2023_1K1V,True
GaussianProcessRegressor,0.1046559636593014,0.1103872091481874,0.3322457059890878,0.2491598981227175,0.8255583075035311,0.9065447781791126,40.0,42,score,200,facebook/esm2_t33_650M_UR50D,MAFG_MOUSE_Tsuboyama_2023_1K1V,False
GaussianProcessRegressor,0.2993202265041277,0.4044161407526631,0.6359372144737742,0.498654384299485,0.3609129480655674,0.6216503906015624,10.0,42,score,200,facebook/esm2_t33_650M_UR50D,MAFG_MOUSE_Tsuboyama_2023_1K1V,True
GaussianProcessRegressor,0.2103330993874173,0.1832806443777315,0.4281128874230856,0.3255572180896343,0.7103669342326162,0.8613393493573973,25.0,42,score,50,facebook/esm2_t33_650M_UR50D,MAFG_MOUSE_Tsuboyama_2023_1K1V,False
GaussianProcessRegressor,0.4406395158588972,0.4371620995994463,0.6611823497337526,0.5201926534744575,0.3091654627569726,0.5858478153912615,20.0,42,score,50,facebook/esm2_t33_650M_UR50D,MAFG_MOUSE_Tsuboyama_2023_1K1V,True
GaussianProcessRegressor,0.155193289367058,0.13669535146904,0.3697233445010472,0.2826337117483604,0.783984316202358,0.8887743390973564,25.0,42,score,100,facebook/esm2_t33_650M_UR50D,MAFG_MOUSE_Tsuboyama_2023_1K1V,False
GaussianProcessRegressor,0.4357934718595527,0.4822703942963787,0.6944569060038058,0.5395724686178137,0.2378821380558373,0.5830421081684327,10.0,42,score,100,facebook/esm2_t33_650M_UR50D,MAFG_MOUSE_Tsuboyama_2023_1K1V,True
GaussianProcessRegressor,0.0984686309080749,0.0693821892700674,0.2634049909741033,0.1948204439996464,0.8903573464826595,0.9440651842607372,40.0,42,score,500,facebook/esm2_t33_650M_UR50D,MAFG_MOUSE_Tsuboyama_2023_1K1V,False
GaussianProcessRegressor,0.2614968699383931,0.3775960272610209,0.6144884272799781,0.4737694409651902,0.4032959925009856,0.6495536702146808,10.0,42,score,500,facebook/esm2_t33_650M_UR50D,MAFG_MOUSE_Tsuboyama_2023_1K1V,True
GaussianProcessRegressor,0.1013992824349901,0.0770489363648833,0.2775769017135312,0.2025601545357246,0.8751455486881726,0.9371788847155388,55.00000000000001,47,score,500,facebook/esm2_t33_650M_UR50D,MAFG_MOUSE_Tsuboyama_2023_1K1V,False
GaussianProcessRegressor,0.3614876141262969,0.3395137071140067,0.5826780475648682,0.452769575165916,0.4498327995883434,0.6923305773223093,25.0,47,score,500,facebook/esm2_t33_650M_UR50D,MAFG_MOUSE_Tsuboyama_2023_1K1V,True
GaussianProcessRegressor,0.1570578100639959,0.1150396736976755,0.3391749897879788,0.2475410931319951,0.8135832106676393,0.8999098076392305,40.0,47,score,200,facebook/esm2_t33_650M_UR50D,MAFG_MOUSE_Tsuboyama_2023_1K1V,False
GaussianProcessRegressor,0.3756721554024246,0.4222613808680575,0.6498164208975159,0.5175035743961797,0.3157437921169714,0.5815073500294001,10.0,47,score,200,facebook/esm2_t33_650M_UR50D,MAFG_MOUSE_Tsuboyama_2023_1K1V,True
GaussianProcessRegressor,0.2465611054017885,0.270239579339729,0.519845726480202,0.3930425966944169,0.5620885116257248,0.7485384181536726,45.0,47,score,50,facebook/esm2_t33_650M_UR50D,MAFG_MOUSE_Tsuboyama_2023_1K1V,False
GaussianProcessRegressor,0.4076879560549013,0.4822845424662088,0.6944670924285821,0.561309650412381,0.2184788685384295,0.4964532178128713,15.0,47,score,50,facebook/esm2_t33_650M_UR50D,MAFG_MOUSE_Tsuboyama_2023_1K1V,True
GaussianProcessRegressor,0.150509940169211,0.1511008002217159,0.3887168638247072,0.274466266587139,0.755147723063718,0.8684195696782787,40.0,47,score,100,facebook/esm2_t33_650M_UR50D,MAFG_MOUSE_Tsuboyama_2023_1K1V,False
GaussianProcessRegressor,0.4017127293241843,0.548574543801546,0.7406581828357438,0.5894622460404906,0.1110588036463193,0.4674443977775911,5.0,47,score,100,facebook/esm2_t33_650M_UR50D,MAFG_MOUSE_Tsuboyama_2023_1K1V,True
GaussianProcessRegressor,0.4533824979186329,0.5713392656754807,0.755869873506995,0.603756770235254,0.0741695616537215,0.5015912543650175,40.0,47,score,20,facebook/esm2_t33_650M_UR50D,MAFG_MOUSE_Tsuboyama_2023_1K1V,False
GaussianProcessRegressor,0.4823426153813234,0.6750586265764454,0.8216195144812746,0.66158924493584,-0.0939031529957892,0.3858038472153888,20.0,47,score,20,facebook/esm2_t33_650M_UR50D,MAFG_MOUSE_Tsuboyama_2023_1K1V,True
GaussianProcessRegressor,0.1159024360818836,0.0843543085272944,0.2904381320131612,0.2087382539063153,0.8633075107346436,0.9281759687038746,55.00000000000001,47,score,350,facebook/esm2_t33_650M_UR50D,MAFG_MOUSE_Tsuboyama_2023_1K1V,False
GaussianProcessRegressor,0.3739409678740811,0.4129765513751884,0.6426325165871927,0.5129536720887231,0.330789454608224,0.5888123072492291,10.0,47,score,350,facebook/esm2_t33_650M_UR50D,MAFG_MOUSE_Tsuboyama_2023_1K1V,True
GaussianProcessRegressor,0.1787105261029156,0.1910460655669744,0.4370881668118853,0.3168763443685574,0.6904181573813464,0.8422287449149796,15.0,47,score,75,facebook/esm2_t33_650M_UR50D,MAFG_MOUSE_Tsuboyama_2023_1K1V,False
GaussianProcessRegressor,0.4214609710422158,0.5430198155154615,0.7368987824087251,0.592992227973318,0.120059999315796,0.4774838299353197,5.0,47,score,75,facebook/esm2_t33_650M_UR50D,MAFG_MOUSE_Tsuboyama_2023_1K1V,True
GaussianProcessRegressor,0.1109388006184969,0.1247345902723755,0.3531778451040999,0.2687934681412041,0.7861638189998119,0.8854633818535274,10.0,48,score,200,facebook/esm2_t33_650M_UR50D,MAFG_MOUSE_Tsuboyama_2023_1K1V,False
GaussianProcessRegressor,0.4950911223187785,0.3885821764738627,0.6233635989323267,0.4968230465458857,0.3338421327999969,0.6034987339949359,15.0,48,score,200,facebook/esm2_t33_650M_UR50D,MAFG_MOUSE_Tsuboyama_2023_1K1V,True
GaussianProcessRegressor,0.2128629201784931,0.2380241407913904,0.4878771779776037,0.3670669932214996,0.5919482066559187,0.7793182532730131,15.0,48,score,50,facebook/esm2_t33_650M_UR50D,MAFG_MOUSE_Tsuboyama_2023_1K1V,False
GaussianProcessRegressor,0.7296445817843681,0.5193573147777846,0.7206644952942975,0.5761139859734529,0.1096504624412156,0.4141166644666578,0.0,48,score,50,facebook/esm2_t33_650M_UR50D,MAFG_MOUSE_Tsuboyama_2023_1K1V,True
GaussianProcessRegressor,0.0825258136661306,0.0977485818216536,0.3126476960120667,0.2271849794763399,0.832426727908562,0.9115120300481202,25.0,48,score,350,facebook/esm2_t33_650M_UR50D,MAFG_MOUSE_Tsuboyama_2023_1K1V,False
GaussianProcessRegressor,0.404282765502547,0.3440947368714823,0.5865958888975291,0.4666924673135173,0.4101082604737763,0.676256369025476,5.0,48,score,350,facebook/esm2_t33_650M_UR50D,MAFG_MOUSE_Tsuboyama_2023_1K1V,True
GaussianProcessRegressor,0.4066801656934298,0.7897891592289755,0.8887008266165703,0.6268689402196437,-0.3539588115541032,0.6926324025296101,25.0,48,score,20,facebook/esm2_t33_650M_UR50D,MAFG_MOUSE_Tsuboyama_2023_1K1V,False
GaussianProcessRegressor,0.5412431942455193,0.6585436133092212,0.8115070013926073,0.6219983632151598,-0.1289607075680228,0.4009673958695834,5.0,48,score,20,facebook/esm2_t33_650M_UR50D,MAFG_MOUSE_Tsuboyama_2023_1K1V,True
GaussianProcessRegressor,0.0874681759286563,0.0769142321274141,0.2773341524720931,0.1968166562422399,0.8681436670712288,0.928635714542858,40.0,48,score,500,facebook/esm2_t33_650M_UR50D,MAFG_MOUSE_Tsuboyama_2023_1K1V,False
GaussianProcessRegressor,0.4012675600919767,0.3374686808704762,0.580920546090837,0.4637897326545711,0.4214675033851015,0.6586690026760107,15.0,48,score,500,facebook/esm2_t33_650M_UR50D,MAFG_MOUSE_Tsuboyama_2023_1K1V,True
GaussianProcessRegressor,0.1923421873819131,0.1605495827252823,0.4006863894934321,0.2901391056387273,0.7247651228405777,0.8452800211200845,30.0,48,score,75,facebook/esm2_t33_650M_UR50D,MAFG_MOUSE_Tsuboyama_2023_1K1V,False
GaussianProcessRegressor,0.5977592457654181,0.3898071304007995,0.6243453614793655,0.4904655432410126,0.3317421582134338,0.5987297229188916,0.0,48,score,75,facebook/esm2_t33_650M_UR50D,MAFG_MOUSE_Tsuboyama_2023_1K1V,True
GaussianProcessRegressor,0.1542489583373067,0.150786699713722,0.3883126314114981,0.2828698930151114,0.7415019206621362,0.8557160308641234,20.0,48,score,100,facebook/esm2_t33_650M_UR50D,MAFG_MOUSE_Tsuboyama_2023_1K1V,False
GaussianProcessRegressor,0.5382221497639506,0.3767677233460798,0.6138140788105791,0.4750580424998145,0.3540959976816963,0.63400084000336,0.0,48,score,100,facebook/esm2_t33_650M_UR50D,MAFG_MOUSE_Tsuboyama_2023_1K1V,True
GaussianProcessRegressor,0.2109960329746486,0.1561911830694927,0.3952103023321794,0.2867212217978295,0.7389779297938863,0.8553042852171409,45.0,43,score,100,facebook/esm2_t33_650M_UR50D,MAFG_MOUSE_Tsuboyama_2023_1K1V,False
GaussianProcessRegressor,0.3861955556105991,0.4209779496485761,0.6488281356789147,0.504664483196434,0.2964741429770301,0.5977470629882519,15.0,43,score,100,facebook/esm2_t33_650M_UR50D,MAFG_MOUSE_Tsuboyama_2023_1K1V,True
GaussianProcessRegressor,0.0889918239121227,0.0785670404370785,0.2802981277801879,0.1961741192217306,0.8687010934815099,0.9306601706406824,55.00000000000001,43,score,500,facebook/esm2_t33_650M_UR50D,MAFG_MOUSE_Tsuboyama_2023_1K1V,False
GaussianProcessRegressor,0.3477334288846882,0.3433904894617846,0.5859952981567212,0.4690985863360225,0.4261360040500729,0.6872195168780675,15.0,43,score,500,facebook/esm2_t33_650M_UR50D,MAFG_MOUSE_Tsuboyama_2023_1K1V,True
GaussianProcessRegressor,0.3569543784302974,0.6326555862197651,0.7953964962330203,0.6253550503088213,-0.057275241772595,0.4224500738002952,15.0,43,score,20,facebook/esm2_t33_650M_UR50D,MAFG_MOUSE_Tsuboyama_2023_1K1V,False
GaussianProcessRegressor,0.6332978280972258,0.5934208659076399,0.7703381503649159,0.6616717485146303,0.0082926585311776,0.2501062484249937,20.0,43,score,20,facebook/esm2_t33_650M_UR50D,MAFG_MOUSE_Tsuboyama_2023_1K1V,True
GaussianProcessRegressor,0.1954102923826173,0.2362262211319411,0.4860310907050506,0.3671833570145665,0.6052257492063906,0.7940774483097932,30.0,43,score,75,facebook/esm2_t33_650M_UR50D,MAFG_MOUSE_Tsuboyama_2023_1K1V,False
GaussianProcessRegressor,0.288851925412774,0.3973627013332269,0.6303671163165373,0.4919697716176515,0.3359392451842485,0.6031371005484022,15.0,43,score,75,facebook/esm2_t33_650M_UR50D,MAFG_MOUSE_Tsuboyama_2023_1K1V,True
GaussianProcessRegressor,0.134449954631676,0.1150660524571528,0.3392138742108772,0.232349671333355,0.8077050276938602,0.8953724454897819,40.0,43,score,200,facebook/esm2_t33_650M_UR50D,MAFG_MOUSE_Tsuboyama_2023_1K1V,False
GaussianProcessRegressor,0.4002211907327282,0.3876815916207717,0.6226408207150987,0.4929656806831981,0.3521180284508638,0.6062546170184681,10.0,43,score,200,facebook/esm2_t33_650M_UR50D,MAFG_MOUSE_Tsuboyama_2023_1K1V,True
GaussianProcessRegressor,0.0966179901485397,0.087449075474546,0.2957178984683647,0.2048131823344821,0.8538577000993656,0.9202354889419558,50.0,43,score,350,facebook/esm2_t33_650M_UR50D,MAFG_MOUSE_Tsuboyama_2023_1K1V,False
GaussianProcessRegressor,0.3684681752028755,0.3775257007259617,0.6144312009704274,0.487646159753258,0.3690902519404017,0.6066529226116905,15.0,43,score,350,facebook/esm2_t33_650M_UR50D,MAFG_MOUSE_Tsuboyama_2023_1K1V,True
GaussianProcessRegressor,0.2261251380043494,0.25026484179907,0.5002647716950196,0.3854771681019828,0.5817648229405209,0.7734289177156708,30.0,43,score,50,facebook/esm2_t33_650M_UR50D,MAFG_MOUSE_Tsuboyama_2023_1K1V,False
GaussianProcessRegressor,0.4541879237506009,0.5357697749941758,0.7319629601244695,0.6053874671006217,0.1046374508820876,0.420814323257293,5.0,43,score,50,facebook/esm2_t33_650M_UR50D,MAFG_MOUSE_Tsuboyama_2023_1K1V,True
GaussianProcessRegressor,0.1617050380421881,0.2100418057950306,0.4583031810876187,0.3544560090295171,0.6709130161258603,0.8233467173868696,20.0,50,score,100,facebook/esm2_t33_650M_UR50D,MAFG_MOUSE_Tsuboyama_2023_1K1V,False
GaussianProcessRegressor,0.4482626192761896,0.4929782534493257,0.702124101173949,0.5865361777765344,0.2276169692547078,0.5754355177420709,10.0,50,score,100,facebook/esm2_t33_650M_UR50D,MAFG_MOUSE_Tsuboyama_2023_1K1V,True
GaussianProcessRegressor,0.1373688417859985,0.2410047293126707,0.4909223251316554,0.3778059498355441,0.622401268315573,0.7942414169656677,15.0,50,score,75,facebook/esm2_t33_650M_UR50D,MAFG_MOUSE_Tsuboyama_2023_1K1V,False
GaussianProcessRegressor,0.4248320925206242,0.519939691001453,0.7210684371136022,0.6002583434542088,0.185374625491967,0.5304862179448718,5.0,50,score,75,facebook/esm2_t33_650M_UR50D,MAFG_MOUSE_Tsuboyama_2023_1K1V,True
GaussianProcessRegressor,0.1731834343527607,0.3382536954483882,0.5815958179426569,0.4624812080544695,0.4700346057393043,0.7179752559010235,10.0,50,score,50,facebook/esm2_t33_650M_UR50D,MAFG_MOUSE_Tsuboyama_2023_1K1V,False
GaussianProcessRegressor,0.5299805771428125,0.6397211825182135,0.7998257200904542,0.6805469514744176,-0.0022952986833333,,5.0,50,score,50,facebook/esm2_t33_650M_UR50D,MAFG_MOUSE_Tsuboyama_2023_1K1V,True
GaussianProcessRegressor,0.1500763774266567,0.127664957159976,0.3573023329898309,0.2593028557754755,0.7999785064731539,0.8908907635630542,35.0,50,score,200,facebook/esm2_t33_650M_UR50D,MAFG_MOUSE_Tsuboyama_2023_1K1V,False
GaussianProcessRegressor,0.3950534554159869,0.4347023853123715,0.6593196381971126,0.5331658867626035,0.3189217911935939,0.6222819771279084,10.0,50,score,200,facebook/esm2_t33_650M_UR50D,MAFG_MOUSE_Tsuboyama_2023_1K1V,True
GaussianProcessRegressor,0.2139653056539962,0.380561699112408,0.6168968302012972,0.4571814898883932,0.4037477383853112,0.6472614690458761,20.0,50,score,20,facebook/esm2_t33_650M_UR50D,MAFG_MOUSE_Tsuboyama_2023_1K1V,False
GaussianProcessRegressor,0.4648224246529063,0.639122634574274,0.7994514585478433,0.6878764304429217,-0.0013575123372793,0.2317895671582686,5.0,50,score,20,facebook/esm2_t33_650M_UR50D,MAFG_MOUSE_Tsuboyama_2023_1K1V,True
GaussianProcessRegressor,0.0954508028744185,0.0959814245377844,0.3098086902231511,0.2149006092079793,0.8496192822684725,0.9199799359197436,45.0,50,score,350,facebook/esm2_t33_650M_UR50D,MAFG_MOUSE_Tsuboyama_2023_1K1V,False
GaussianProcessRegressor,0.3623129020862494,0.3867255724930535,0.6218726336582545,0.4979269291032864,0.3940903728330545,0.672504482017928,5.0,50,score,350,facebook/esm2_t33_650M_UR50D,MAFG_MOUSE_Tsuboyama_2023_1K1V,True
GaussianProcessRegressor,0.0768061247567661,0.0891796187073511,0.2986295677044574,0.2069745125766288,0.8602761405884736,0.9262999291997168,40.0,50,score,500,facebook/esm2_t33_650M_UR50D,MAFG_MOUSE_Tsuboyama_2023_1K1V,False
GaussianProcessRegressor,0.3442686954264289,0.3738799426592327,0.6114572288060979,0.4865545832783237,0.41421650706607,0.6800775683102732,5.0,50,score,500,facebook/esm2_t33_650M_UR50D,MAFG_MOUSE_Tsuboyama_2023_1K1V,True
GaussianProcessRegressor,0.1561652195311275,0.2205048782841162,0.4695794696152252,0.378569733982382,0.5985174185082147,0.7486536186144744,45.0,51,score,50,facebook/esm2_t33_650M_UR50D,MAFG_MOUSE_Tsuboyama_2023_1K1V,False
GaussianProcessRegressor,0.6140479427999127,0.485572399190774,0.6968302513458884,0.5892791734255332,0.1158977440985054,0.4884146256585026,5.0,51,score,50,facebook/esm2_t33_650M_UR50D,MAFG_MOUSE_Tsuboyama_2023_1K1V,True
GaussianProcessRegressor,0.1416611939711481,0.1904616097220491,0.4364190757999117,0.3393941694488169,0.6532184714400607,0.7924243216972867,45.0,51,score,75,facebook/esm2_t33_650M_UR50D,MAFG_MOUSE_Tsuboyama_2023_1K1V,False
GaussianProcessRegressor,0.4465309273745184,0.5660563934589916,0.7523671932367809,0.6123405090128937,-0.0306428768574602,0.4582533210132841,5.0,51,score,75,facebook/esm2_t33_650M_UR50D,MAFG_MOUSE_Tsuboyama_2023_1K1V,True
GaussianProcessRegressor,0.0963715694977459,0.0868773525546597,0.2947496438584103,0.2206523786892123,0.8418187205279202,0.9087356989427956,65.0,51,score,350,facebook/esm2_t33_650M_UR50D,MAFG_MOUSE_Tsuboyama_2023_1K1V,False
GaussianProcessRegressor,0.4025492027388004,0.3314587837582831,0.5757245728282605,0.466050374545171,0.3964989382686651,0.682061416245665,25.0,51,score,350,facebook/esm2_t33_650M_UR50D,MAFG_MOUSE_Tsuboyama_2023_1K1V,True
GaussianProcessRegressor,0.0908906859653974,0.0694122143477847,0.2634619789415253,0.187432453117355,0.8736182381983284,0.9270179160716642,70.0,51,score,500,facebook/esm2_t33_650M_UR50D,MAFG_MOUSE_Tsuboyama_2023_1K1V,False
GaussianProcessRegressor,0.3490201515402601,0.3080238350495605,0.5549989504941072,0.4389838896252073,0.4391679430449792,0.6880797763191052,25.0,51,score,500,facebook/esm2_t33_650M_UR50D,MAFG_MOUSE_Tsuboyama_2023_1K1V,True
GaussianProcessRegressor,0.1455308011617462,0.1934446460396647,0.439823425978727,0.3382413318611788,0.6477871307332264,0.7790407161628646,45.0,51,score,100,facebook/esm2_t33_650M_UR50D,MAFG_MOUSE_Tsuboyama_2023_1K1V,False
GaussianProcessRegressor,0.3859659279849233,0.4109867388154913,0.64108247426949,0.5127317345616389,0.2516990184410834,0.5910879963519853,15.0,51,score,100,facebook/esm2_t33_650M_UR50D,MAFG_MOUSE_Tsuboyama_2023_1K1V,True
GaussianProcessRegressor,0.1520306214966545,0.357518784285036,0.5979287451570096,0.4898565225136138,0.3490503903427676,0.5736155424621698,10.0,51,score,20,facebook/esm2_t33_650M_UR50D,MAFG_MOUSE_Tsuboyama_2023_1K1V,False
GaussianProcessRegressor,0.1332937559893207,0.5328387780213037,0.7299580659334506,0.5841120281404077,0.0298378440259151,0.320002208008832,5.0,51,score,20,facebook/esm2_t33_650M_UR50D,MAFG_MOUSE_Tsuboyama_2023_1K1V,True
GaussianProcessRegressor,0.1292417159124719,0.1221606388259814,0.3495148620959936,0.2667327106933993,0.7775769451714958,0.8682232488929955,55.00000000000001,51,score,200,facebook/esm2_t33_650M_UR50D,MAFG_MOUSE_Tsuboyama_2023_1K1V,False
GaussianProcessRegressor,0.4089219269741124,0.376891239894644,0.6139146845406486,0.5010642241962906,0.3137781390052755,0.6151638366553466,15.0,51,score,200,facebook/esm2_t33_650M_UR50D,MAFG_MOUSE_Tsuboyama_2023_1K1V,True
GaussianProcessRegressor,0.1793154928091829,0.2145213295278158,0.4631644735164991,0.3562342168758619,0.6401353255337305,0.8042220968883875,30.0,49,score,75,facebook/esm2_t33_650M_UR50D,MAFG_MOUSE_Tsuboyama_2023_1K1V,False
GaussianProcessRegressor,0.404120656473436,0.5461044170636223,0.7389887800661268,0.6254659275677698,0.0838967448889032,0.3747028428113712,20.0,49,score,75,facebook/esm2_t33_650M_UR50D,MAFG_MOUSE_Tsuboyama_2023_1K1V,True
GaussianProcessRegressor,0.0841441504600357,0.0983123430542667,0.3135479916285014,0.2253937146561312,0.8350786870139526,0.9059559118236472,50.0,49,score,500,facebook/esm2_t33_650M_UR50D,MAFG_MOUSE_Tsuboyama_2023_1K1V,False
GaussianProcessRegressor,0.3493443816704172,0.3283146750119651,0.5729874998740943,0.4550755555106479,0.449244259739868,0.6848569474277897,10.0,49,score,500,facebook/esm2_t33_650M_UR50D,MAFG_MOUSE_Tsuboyama_2023_1K1V,True
GaussianProcessRegressor,0.5838998878671542,0.5329752838014742,0.7300515624265688,0.5867887177267799,0.1059211807704391,0.6648052512210049,35.0,49,score,20,facebook/esm2_t33_650M_UR50D,MAFG_MOUSE_Tsuboyama_2023_1K1V,False
GaussianProcessRegressor,0.6879317566935034,0.7234307266676355,0.8505473100701898,0.7369338939799347,-0.2135723917252197,0.2607948171568777,20.0,49,score,20,facebook/esm2_t33_650M_UR50D,MAFG_MOUSE_Tsuboyama_2023_1K1V,True
GaussianProcessRegressor,0.1704087848045687,0.1408083816841651,0.3752444292513416,0.2855931630175634,0.7637905631648441,0.8720268801075203,25.0,49,score,100,facebook/esm2_t33_650M_UR50D,MAFG_MOUSE_Tsuboyama_2023_1K1V,False
GaussianProcessRegressor,0.4205925774929128,0.3888029645467854,0.6235406679173263,0.4926449851969263,0.3477737035467737,0.6192355969423877,10.0,49,score,100,facebook/esm2_t33_650M_UR50D,MAFG_MOUSE_Tsuboyama_2023_1K1V,True
GaussianProcessRegressor,0.2540229068415524,0.2512147875099008,0.5012133153756999,0.3834642208835255,0.5785811698661816,0.7474872139488558,40.0,49,score,50,facebook/esm2_t33_650M_UR50D,MAFG_MOUSE_Tsuboyama_2023_1K1V,False
GaussianProcessRegressor,0.6374039854123114,0.6306346047844066,0.7941250561368823,0.6905460006417304,-0.0579046720315916,,0.0,49,score,50,facebook/esm2_t33_650M_UR50D,MAFG_MOUSE_Tsuboyama_2023_1K1V,True
GaussianProcessRegressor,0.1045838933964498,0.1042131249530842,0.3228205770286093,0.2331856618572333,0.8251799838789851,0.8988656114624458,40.0,49,score,350,facebook/esm2_t33_650M_UR50D,MAFG_MOUSE_Tsuboyama_2023_1K1V,False
GaussianProcessRegressor,0.3675816953866771,0.3540395480955379,0.5950122251647759,0.4801128620565565,0.4060901682642899,0.6666077544310177,15.0,49,score,350,facebook/esm2_t33_650M_UR50D,MAFG_MOUSE_Tsuboyama_2023_1K1V,True
GaussianProcessRegressor,0.1250334416936535,0.1267433028976348,0.356010256730947,0.2658215659161927,0.7873850701073383,0.8758495193980775,25.0,49,score,200,facebook/esm2_t33_650M_UR50D,MAFG_MOUSE_Tsuboyama_2023_1K1V,False
GaussianProcessRegressor,0.3848655815152778,0.384813046745556,0.6203330127806805,0.5019789406731827,0.3544668863358559,0.6222282169128677,10.0,49,score,200,facebook/esm2_t33_650M_UR50D,MAFG_MOUSE_Tsuboyama_2023_1K1V,True
GaussianProcessRegressor,0.2779945093356545,0.1985102229563037,0.4455448607674694,0.3436036893968624,0.6810235866505798,0.8356138384553539,25.0,45,score,50,facebook/esm2_t33_650M_UR50D,MAFG_MOUSE_Tsuboyama_2023_1K1V,False
GaussianProcessRegressor,0.3818293876815218,0.560573669240275,0.7487146781253022,0.6152880634783525,0.0992414608705223,0.4220517682070728,10.0,45,score,50,facebook/esm2_t33_650M_UR50D,MAFG_MOUSE_Tsuboyama_2023_1K1V,True
GaussianProcessRegressor,0.3412500320747712,0.4326124959656509,0.6577328454362386,0.5506908131122502,0.3048560407710641,0.7121007044028176,20.0,45,score,20,facebook/esm2_t33_650M_UR50D,MAFG_MOUSE_Tsuboyama_2023_1K1V,False
GaussianProcessRegressor,0.2215734720392125,0.5146566229102659,0.7173957226735227,0.590704956737157,0.1730233272742966,0.4417113988455953,15.0,45,score,20,facebook/esm2_t33_650M_UR50D,MAFG_MOUSE_Tsuboyama_2023_1K1V,True
GaussianProcessRegressor,0.2098087530816082,0.1589830982478556,0.3987268466605373,0.3051313762931056,0.744537799076261,0.8650199080796324,25.0,45,score,75,facebook/esm2_t33_650M_UR50D,MAFG_MOUSE_Tsuboyama_2023_1K1V,False
GaussianProcessRegressor,0.4605358311408996,0.5633057903330809,0.7505370013084505,0.622072750908159,0.0948513484922224,0.410440041760167,5.0,45,score,75,facebook/esm2_t33_650M_UR50D,MAFG_MOUSE_Tsuboyama_2023_1K1V,True
GaussianProcessRegressor,0.133578330509786,0.0956602897732215,0.3092899768392463,0.2317214911996632,0.8462881373190284,0.9241564326257304,40.0,45,score,350,facebook/esm2_t33_650M_UR50D,MAFG_MOUSE_Tsuboyama_2023_1K1V,False
GaussianProcessRegressor,0.3732226891591678,0.3940476677956862,0.6277321624671514,0.4978532183754844,0.3668239857357916,0.6381933687734751,10.0,45,score,350,facebook/esm2_t33_650M_UR50D,MAFG_MOUSE_Tsuboyama_2023_1K1V,True
GaussianProcessRegressor,0.1715084971092977,0.124117059171211,0.3523025108783799,0.2676265565897197,0.8005623399122104,0.8916004944019776,25.0,45,score,100,facebook/esm2_t33_650M_UR50D,MAFG_MOUSE_Tsuboyama_2023_1K1V,False
GaussianProcessRegressor,0.4552532852022595,0.4938221942006486,0.7027248353378787,0.5772119482984124,0.2065011565014631,0.5193028452113808,0.0,45,score,100,facebook/esm2_t33_650M_UR50D,MAFG_MOUSE_Tsuboyama_2023_1K1V,True
GaussianProcessRegressor,0.1081874125412347,0.0714965108355617,0.2673883146952419,0.1984404940130696,0.8851157373474643,0.9404940659762638,50.0,45,score,500,facebook/esm2_t33_650M_UR50D,MAFG_MOUSE_Tsuboyama_2023_1K1V,False
GaussianProcessRegressor,0.3238200329476212,0.3638130433387591,0.6031691664357182,0.4683284504168828,0.4154065318868788,0.6524364657458629,10.0,45,score,500,facebook/esm2_t33_650M_UR50D,MAFG_MOUSE_Tsuboyama_2023_1K1V,True
GaussianProcessRegressor,0.1698529525312272,0.1236874257952501,0.3516922316390429,0.262845145031168,0.8012526968685337,0.8940180720722882,20.0,45,score,200,facebook/esm2_t33_650M_UR50D,MAFG_MOUSE_Tsuboyama_2023_1K1V,False
GaussianProcessRegressor,0.3855035083801844,0.4376412610556492,0.6615446024688352,0.5265127047827125,0.2967755629594123,0.5767603230412921,5.0,45,score,200,facebook/esm2_t33_650M_UR50D,MAFG_MOUSE_Tsuboyama_2023_1K1V,True
GaussianProcessRegressor,0.0936994013723243,0.1100634291383911,0.3317580882787805,0.2439975475405769,0.8103967837416459,0.9060969363877456,40.0,46,score,350,facebook/esm2_t33_650M_UR50D,MAFG_MOUSE_Tsuboyama_2023_1K1V,False
GaussianProcessRegressor,0.406964182769791,0.3555402133375842,0.5962719290202954,0.4725508824840519,0.387520737035863,0.6391789087156349,15.0,46,score,350,facebook/esm2_t33_650M_UR50D,MAFG_MOUSE_Tsuboyama_2023_1K1V,True
GaussianProcessRegressor,0.0837641989483008,0.088625970982567,0.2977011437374184,0.2179327538471762,0.847326498239614,0.9222304729218916,50.0,46,score,500,facebook/esm2_t33_650M_UR50D,MAFG_MOUSE_Tsuboyama_2023_1K1V,False
GaussianProcessRegressor,0.3727535747502435,0.3246095189812886,0.5697451351098038,0.4566330221063935,0.4408041861975624,0.7076662546650186,10.0,46,score,500,facebook/esm2_t33_650M_UR50D,MAFG_MOUSE_Tsuboyama_2023_1K1V,True
GaussianProcessRegressor,0.3669722382791301,0.2574950074473387,0.5074396589224562,0.3844583463445368,0.5564204934856538,0.7536731906927627,45.0,46,score,20,facebook/esm2_t33_650M_UR50D,MAFG_MOUSE_Tsuboyama_2023_1K1V,False
GaussianProcessRegressor,0.2700783243854957,0.484968145995496,0.6963965436412619,0.5535838756626351,0.1645588277285146,0.4352792771171084,20.0,46,score,20,facebook/esm2_t33_650M_UR50D,MAFG_MOUSE_Tsuboyama_2023_1K1V,True
GaussianProcessRegressor,0.1991974306655819,0.1720322494363717,0.4147677053922734,0.3167339270979531,0.7036448160062089,0.8441154404617618,25.0,46,score,100,facebook/esm2_t33_650M_UR50D,MAFG_MOUSE_Tsuboyama_2023_1K1V,False
GaussianProcessRegressor,0.4497608013786496,0.4452474170473282,0.6672686243540364,0.53365501145481,0.2329846256493607,0.5588929235716943,15.0,46,score,100,facebook/esm2_t33_650M_UR50D,MAFG_MOUSE_Tsuboyama_2023_1K1V,True
GaussianProcessRegressor,0.1725672653532169,0.1736480333668222,0.4167109710180694,0.3155429961113318,0.7008613498504634,0.8454501338005352,15.0,46,score,75,facebook/esm2_t33_650M_UR50D,MAFG_MOUSE_Tsuboyama_2023_1K1V,False
GaussianProcessRegressor,0.3831217550191871,0.4386736961385616,0.6623244643968406,0.5301779009091657,0.2443089923063339,0.5602605450421801,20.0,46,score,75,facebook/esm2_t33_650M_UR50D,MAFG_MOUSE_Tsuboyama_2023_1K1V,True
GaussianProcessRegressor,0.2212219213166842,0.2099349748203293,0.458186615714961,0.3578606860358034,0.6383508423946886,0.8206602426409705,25.0,46,score,50,facebook/esm2_t33_650M_UR50D,MAFG_MOUSE_Tsuboyama_2023_1K1V,False
GaussianProcessRegressor,0.3360290121221734,0.5551132899727641,0.7450592526589842,0.6039932633003539,0.0437217339989293,0.3188864915459661,25.0,46,score,50,facebook/esm2_t33_650M_UR50D,MAFG_MOUSE_Tsuboyama_2023_1K1V,True
GaussianProcessRegressor,0.1275445673099513,0.1288812013027272,0.3590002803658058,0.2664266490387948,0.7779799296321048,0.8835853263413054,40.0,46,score,200,facebook/esm2_t33_650M_UR50D,MAFG_MOUSE_Tsuboyama_2023_1K1V,False
GaussianProcessRegressor,0.4399056022195558,0.3673386385213649,0.6060846793323231,0.4755248898841172,0.3671959172556651,0.6343339613358453,10.0,46,score,200,facebook/esm2_t33_650M_UR50D,MAFG_MOUSE_Tsuboyama_2023_1K1V,True
GaussianProcessRegressor,0.237636127189235,0.1928838625801925,0.439185453516157,0.3013405594983784,0.84746438691434,0.9284269137076548,50.0,50,score,500,facebook/esm2_t33_650M_UR50D,POLG_PESV_Tsuboyama_2023_2MXD,False
GaussianProcessRegressor,0.7432747901078711,0.669856250344188,0.8184474633989576,0.6531973298195123,0.4702670692161642,0.7104337537350149,25.0,50,score,500,facebook/esm2_t33_650M_UR50D,POLG_PESV_Tsuboyama_2023_2MXD,True
GaussianProcessRegressor,1.2576940814240014,0.8906713261234188,0.943753848269462,0.7621574054299345,0.2956430104070046,0.692373201492806,25.0,50,score,20,facebook/esm2_t33_650M_UR50D,POLG_PESV_Tsuboyama_2023_2MXD,False
GaussianProcessRegressor,1.2273927375872995,1.0816718308865898,1.0400345335067436,0.829061984517255,0.1445967865083721,0.4181367765471062,15.0,50,score,20,facebook/esm2_t33_650M_UR50D,POLG_PESV_Tsuboyama_2023_2MXD,True
GaussianProcessRegressor,0.6639135574371668,0.5912774487918898,0.7689456734983882,0.5596643934707572,0.532408429877339,0.8221565046260185,20.0,50,score,50,facebook/esm2_t33_650M_UR50D,POLG_PESV_Tsuboyama_2023_2MXD,False
GaussianProcessRegressor,0.9387632237509588,0.990080476602755,0.995027877299302,0.7902296116140337,0.2170286799396961,0.5933373813495254,5.0,50,score,50,facebook/esm2_t33_650M_UR50D,POLG_PESV_Tsuboyama_2023_2MXD,True
GaussianProcessRegressor,0.4858063213652873,0.4458123173457091,0.6676917831946931,0.4810453423230848,0.6474445594472984,0.8579466957867831,20.0,50,score,100,facebook/esm2_t33_650M_UR50D,POLG_PESV_Tsuboyama_2023_2MXD,False
GaussianProcessRegressor,0.6822112333793966,0.7633716619536407,0.8737114294511894,0.6794758250649304,0.3963136007818871,0.6722899211596847,15.0,50,score,100,facebook/esm2_t33_650M_UR50D,POLG_PESV_Tsuboyama_2023_2MXD,True
GaussianProcessRegressor,0.4150208368316537,0.3122893629499901,0.5588285631121499,0.3967405263419118,0.7530366262864406,0.8973116532466129,40.0,50,score,200,facebook/esm2_t33_650M_UR50D,POLG_PESV_Tsuboyama_2023_2MXD,False
GaussianProcessRegressor,0.7775577586742102,0.7139940864721849,0.8449817077737156,0.648568612171693,0.4353621694282968,0.7125252181008723,20.0,50,score,200,facebook/esm2_t33_650M_UR50D,POLG_PESV_Tsuboyama_2023_2MXD,True
GaussianProcessRegressor,0.2866818698139767,0.2264381014519934,0.4758551265374719,0.3365543249165856,0.8209291634411742,0.9188684434737736,45.0,50,score,350,facebook/esm2_t33_650M_UR50D,POLG_PESV_Tsuboyama_2023_2MXD,False
GaussianProcessRegressor,0.8074329406041528,0.7183476324771507,0.8475539112511667,0.679546670882874,0.4319193163037231,0.7094321817287269,10.0,50,score,350,facebook/esm2_t33_650M_UR50D,POLG_PESV_Tsuboyama_2023_2MXD,True
GaussianProcessRegressor,0.5630251554411795,0.4659280511452255,0.6825892257758143,0.4961583738997118,0.6315367186008333,0.8461567926271704,30.0,50,score,75,facebook/esm2_t33_650M_UR50D,POLG_PESV_Tsuboyama_2023_2MXD,False
GaussianProcessRegressor,0.8051580013005817,0.7873439936032378,0.8873240634645484,0.686198297338499,0.3773559012815269,0.6665320101280404,15.0,50,score,75,facebook/esm2_t33_650M_UR50D,POLG_PESV_Tsuboyama_2023_2MXD,True
GaussianProcessRegressor,0.2329442624092329,0.1937193305827316,0.4401355820457278,0.3184232244405537,0.8404388456231603,0.932514514058056,55.00000000000001,43,score,350,facebook/esm2_t33_650M_UR50D,POLG_PESV_Tsuboyama_2023_2MXD,False
GaussianProcessRegressor,0.7307954517718865,0.6394017469555461,0.7996260044267858,0.6373658930581807,0.4733427967777142,0.7058985995943983,25.0,43,score,350,facebook/esm2_t33_650M_UR50D,POLG_PESV_Tsuboyama_2023_2MXD,True
GaussianProcessRegressor,0.3762095700782356,0.3885270655144089,0.6233193928592379,0.469076563881293,0.6799812032509093,0.852564050256201,30.0,43,score,75,facebook/esm2_t33_650M_UR50D,POLG_PESV_Tsuboyama_2023_2MXD,False
GaussianProcessRegressor,0.9355287810124782,0.7953718505707067,0.8918362240740767,0.7139489641255029,0.344874617034124,0.6136646946587786,15.0,43,score,75,facebook/esm2_t33_650M_UR50D,POLG_PESV_Tsuboyama_2023_2MXD,True
GaussianProcessRegressor,0.3946000976019063,0.3737671945245321,0.6113650255980727,0.4620193094503551,0.6921384931120373,0.8557791031164124,30.0,43,score,100,facebook/esm2_t33_650M_UR50D,POLG_PESV_Tsuboyama_2023_2MXD,False
GaussianProcessRegressor,1.0505871604489203,0.8758363912940654,0.935861309860636,0.7793962468226971,0.2785982420043322,0.6190095160380641,25.0,43,score,100,facebook/esm2_t33_650M_UR50D,POLG_PESV_Tsuboyama_2023_2MXD,True
GaussianProcessRegressor,0.5687958861781486,0.4499245898247888,0.670764183468966,0.5096698808453706,0.6294097924093855,0.8225464581858327,25.0,43,score,50,facebook/esm2_t33_650M_UR50D,POLG_PESV_Tsuboyama_2023_2MXD,False
GaussianProcessRegressor,1.2246341949157622,0.9904162224079562,0.9951965747569452,0.8007568385144203,0.1842220635102203,0.3929124836499346,25.0,43,score,50,facebook/esm2_t33_650M_UR50D,POLG_PESV_Tsuboyama_2023_2MXD,True
GaussianProcessRegressor,0.2048139841834918,0.147564925946815,0.3841418044769601,0.2817753385935088,0.8784549282780478,0.9467892911571644,55.00000000000001,43,score,500,facebook/esm2_t33_650M_UR50D,POLG_PESV_Tsuboyama_2023_2MXD,False
GaussianProcessRegressor,0.6899870068898726,0.6151209550155935,0.7842964713777524,0.6168937709281661,0.4933422009645261,0.7130827883311533,25.0,43,score,500,facebook/esm2_t33_650M_UR50D,POLG_PESV_Tsuboyama_2023_2MXD,True
GaussianProcessRegressor,0.3655920565356506,0.2637551774992163,0.5135710053139841,0.3820319160267652,0.7827522918438439,0.9031202524810098,55.00000000000001,43,score,200,facebook/esm2_t33_650M_UR50D,POLG_PESV_Tsuboyama_2023_2MXD,False
GaussianProcessRegressor,0.6664365943842119,0.6998338885478524,0.8365607500641257,0.6460559781526842,0.4235665444805023,0.6788882195528783,25.0,43,score,200,facebook/esm2_t33_650M_UR50D,POLG_PESV_Tsuboyama_2023_2MXD,True
GaussianProcessRegressor,0.9438101488040418,0.8425890431886521,0.9179264911683572,0.7665200587724533,0.3059831458634893,0.6718915195660783,30.0,43,score,20,facebook/esm2_t33_650M_UR50D,POLG_PESV_Tsuboyama_2023_2MXD,False
GaussianProcessRegressor,0.7825394468362064,4.145735765590516,2.0361079945794907,1.6630960387572886,-2.4147257401164106,-0.0276983187932751,10.0,43,score,20,facebook/esm2_t33_650M_UR50D,POLG_PESV_Tsuboyama_2023_2MXD,True
GaussianProcessRegressor,0.4860929785797329,0.4333520461047659,0.6582948018211643,0.5063545033132126,0.6500497777838264,0.8628286993147973,35.0,45,score,75,facebook/esm2_t33_650M_UR50D,POLG_PESV_Tsuboyama_2023_2MXD,False
GaussianProcessRegressor,0.8755234556483638,0.8356715515908288,0.9141507269541652,0.7396385922937282,0.3251596529712824,0.666873195492782,15.0,45,score,75,facebook/esm2_t33_650M_UR50D,POLG_PESV_Tsuboyama_2023_2MXD,True
GaussianProcessRegressor,0.2553633871277408,0.2257945679630403,0.4751784590688432,0.3382116781906076,0.8176612757592288,0.923383533534134,45.0,45,score,350,facebook/esm2_t33_650M_UR50D,POLG_PESV_Tsuboyama_2023_2MXD,False
GaussianProcessRegressor,0.6334070608395166,0.6828527970432258,0.8263490769906056,0.6298425463641172,0.4485673017719152,0.7204948819795278,25.0,45,score,350,facebook/esm2_t33_650M_UR50D,POLG_PESV_Tsuboyama_2023_2MXD,True
GaussianProcessRegressor,0.2102208011189721,0.2006356872750905,0.4479237516308892,0.3172416601178796,0.8379781427651589,0.929747206988828,50.0,45,score,500,facebook/esm2_t33_650M_UR50D,POLG_PESV_Tsuboyama_2023_2MXD,False
GaussianProcessRegressor,0.6562020601960661,0.7007869805643201,0.8371302052633868,0.6468709312574393,0.4340846852367315,0.7007165948663795,30.0,45,score,500,facebook/esm2_t33_650M_UR50D,POLG_PESV_Tsuboyama_2023_2MXD,True
GaussianProcessRegressor,0.3807348912939861,0.3082270766287528,0.5551820211685109,0.4093126367825963,0.7510935163942973,0.8883110412441648,30.0,45,score,200,facebook/esm2_t33_650M_UR50D,POLG_PESV_Tsuboyama_2023_2MXD,False
GaussianProcessRegressor,0.497155266900841,0.7108248907935069,0.8431043178596033,0.6507696583762007,0.4259786454779145,0.6922209448837795,15.0,45,score,200,facebook/esm2_t33_650M_UR50D,POLG_PESV_Tsuboyama_2023_2MXD,True
GaussianProcessRegressor,0.3894440315112435,0.8713061782421759,0.9334378277326112,0.7127409401865962,0.2963831752153322,0.6658153672614691,10.0,45,score,20,facebook/esm2_t33_650M_UR50D,POLG_PESV_Tsuboyama_2023_2MXD,False
GaussianProcessRegressor,0.9312702860328314,0.9838507697517428,0.9918925192538468,0.7830392940933558,0.2054986272778804,0.5821517046068184,5.0,45,score,20,facebook/esm2_t33_650M_UR50D,POLG_PESV_Tsuboyama_2023_2MXD,True
GaussianProcessRegressor,0.5754234814604001,0.5363046167909212,0.732328216574318,0.5732441049084264,0.5669111949314075,0.8263466333865336,5.0,45,score,50,facebook/esm2_t33_650M_UR50D,POLG_PESV_Tsuboyama_2023_2MXD,False
GaussianProcessRegressor,0.8752749641784714,0.893454446061902,0.945227192828212,0.7588998772870784,0.2784975062427605,0.6160133440533762,10.0,45,score,50,facebook/esm2_t33_650M_UR50D,POLG_PESV_Tsuboyama_2023_2MXD,True
GaussianProcessRegressor,0.3971680979700413,0.4223173584366194,0.6498594913030197,0.4994188996338203,0.6589607577509555,0.8654243576974308,40.0,45,score,100,facebook/esm2_t33_650M_UR50D,POLG_PESV_Tsuboyama_2023_2MXD,False
GaussianProcessRegressor,0.6954012800201266,0.7872201540889198,0.8872542781463044,0.7077086402408956,0.3642862187158874,0.67687758751035,20.0,45,score,100,facebook/esm2_t33_650M_UR50D,POLG_PESV_Tsuboyama_2023_2MXD,True
GaussianProcessRegressor,0.5945800158107526,0.4255281271344114,0.6523251697845266,0.5118895641224476,0.6665082728759442,0.8503377053508213,35.0,44,score,75,facebook/esm2_t33_650M_UR50D,POLG_PESV_Tsuboyama_2023_2MXD,False
GaussianProcessRegressor,1.0728459433749076,1.091173982093445,1.0445927350376534,0.8265335597114905,0.1448332726399722,0.5305455589153292,5.0,44,score,75,facebook/esm2_t33_650M_UR50D,POLG_PESV_Tsuboyama_2023_2MXD,True
GaussianProcessRegressor,0.4740765012850583,0.3911354834947441,0.6254082534590858,0.4797156261014762,0.6934622187995515,0.857193284773139,35.0,44,score,100,facebook/esm2_t33_650M_UR50D,POLG_PESV_Tsuboyama_2023_2MXD,False
GaussianProcessRegressor,0.8859935551972212,0.948061542388824,0.973684518922235,0.7752912750498635,0.2569922855151795,0.5878403174694375,5.0,44,score,100,facebook/esm2_t33_650M_UR50D,POLG_PESV_Tsuboyama_2023_2MXD,True
GaussianProcessRegressor,0.2717385440160801,0.2362184021297138,0.4860230469120923,0.3628678243209391,0.8148726773122572,0.915511022044088,35.0,44,score,350,facebook/esm2_t33_650M_UR50D,POLG_PESV_Tsuboyama_2023_2MXD,False
GaussianProcessRegressor,0.7670556152952033,0.8004182854805764,0.8946609891353129,0.7030814489470513,0.3727021566255315,0.6404240490663735,10.0,44,score,350,facebook/esm2_t33_650M_UR50D,POLG_PESV_Tsuboyama_2023_2MXD,True
GaussianProcessRegressor,0.2625484134484296,0.2986178724985544,0.5464593969349913,0.4005523657290555,0.7659694302224171,0.88950903003612,35.0,44,score,200,facebook/esm2_t33_650M_UR50D,POLG_PESV_Tsuboyama_2023_2MXD,False
GaussianProcessRegressor,0.8372584511141754,0.854404067041082,0.9243398006366932,0.7223731243828386,0.3303928229182719,0.6285348812243622,0.0,44,score,200,facebook/esm2_t33_650M_UR50D,POLG_PESV_Tsuboyama_2023_2MXD,True
GaussianProcessRegressor,0.5746509189200403,1.0159985781316296,1.0079675481540216,0.8169060149563498,0.203749179029764,0.6235370861483446,0.0,44,score,20,facebook/esm2_t33_650M_UR50D,POLG_PESV_Tsuboyama_2023_2MXD,False
GaussianProcessRegressor,0.6983076637844476,1.2639835249392786,1.1242702188260965,0.9353595446199436,0.009400267787224,0.2193207545467163,5.0,44,score,20,facebook/esm2_t33_650M_UR50D,POLG_PESV_Tsuboyama_2023_2MXD,True
GaussianProcessRegressor,0.2309241396349808,0.1895702236407333,0.4353966279620609,0.3213133084146189,0.8514314395173403,0.9387991791967168,50.0,44,score,500,facebook/esm2_t33_650M_UR50D,POLG_PESV_Tsuboyama_2023_2MXD,False
GaussianProcessRegressor,0.7207763794867784,0.679411948082821,0.8242644891555265,0.6441614168698191,0.4675363400283758,0.7194095189039043,30.0,44,score,500,facebook/esm2_t33_650M_UR50D,POLG_PESV_Tsuboyama_2023_2MXD,True
GaussianProcessRegressor,0.6606280155274532,0.6886721105067177,0.829862705817485,0.663043932618661,0.4602790346629444,0.7560358561434246,20.0,44,score,50,facebook/esm2_t33_650M_UR50D,POLG_PESV_Tsuboyama_2023_2MXD,False
GaussianProcessRegressor,0.981923577084808,1.2182784855873314,1.1037565336555573,0.9361288712037342,0.0452198800286005,0.5184593022802324,0.0,44,score,50,facebook/esm2_t33_650M_UR50D,POLG_PESV_Tsuboyama_2023_2MXD,True
GaussianProcessRegressor,0.2714661879058199,0.2882834773122245,0.5369203640319713,0.384990687864238,0.7557044468260493,0.891325453301813,50.0,49,score,200,facebook/esm2_t33_650M_UR50D,POLG_PESV_Tsuboyama_2023_2MXD,False
GaussianProcessRegressor,0.8835775909396734,0.8649550485787849,0.9300295955391876,0.7282501812625933,0.2670246868352335,0.5657996711986848,0.0,49,score,200,facebook/esm2_t33_650M_UR50D,POLG_PESV_Tsuboyama_2023_2MXD,True
GaussianProcessRegressor,0.1958048827407662,0.2256945135212993,0.4750731664925934,0.3301825614315365,0.8087432323799242,0.9136635906543624,45.0,49,score,350,facebook/esm2_t33_650M_UR50D,POLG_PESV_Tsuboyama_2023_2MXD,False
GaussianProcessRegressor,0.8574968825454464,0.7720193146306535,0.8786462966579063,0.6972969622943166,0.3457797606471697,0.6468600914403657,5.0,49,score,350,facebook/esm2_t33_650M_UR50D,POLG_PESV_Tsuboyama_2023_2MXD,True
GaussianProcessRegressor,0.2537306886093405,0.6824548610880913,0.8261082623289101,0.5955087383445988,0.4216779630932487,0.7550091320365281,15.0,49,score,50,facebook/esm2_t33_650M_UR50D,POLG_PESV_Tsuboyama_2023_2MXD,False
GaussianProcessRegressor,0.4806809480543372,1.0604382259448213,1.029775813439421,0.7944921827020947,0.1013694387576069,0.4200936483745935,5.0,49,score,50,facebook/esm2_t33_650M_UR50D,POLG_PESV_Tsuboyama_2023_2MXD,True
GaussianProcessRegressor,0.3123766730418222,0.9990141244795075,0.9995069406860102,0.7628491009859997,0.153421103270554,0.5221294805179221,0.0,49,score,20,facebook/esm2_t33_650M_UR50D,POLG_PESV_Tsuboyama_2023_2MXD,False
GaussianProcessRegressor,0.4157286541696951,1.1403919860075142,1.0678913736928088,0.8249713672552704,0.0336154758008661,0.2814951099804399,0.0,49,score,20,facebook/esm2_t33_650M_UR50D,POLG_PESV_Tsuboyama_2023_2MXD,True
GaussianProcessRegressor,0.1494214377180473,0.1949384699639972,0.4415183687730298,0.3055137473956317,0.8348063447869378,0.9257173028692112,50.0,49,score,500,facebook/esm2_t33_650M_UR50D,POLG_PESV_Tsuboyama_2023_2MXD,False
GaussianProcessRegressor,0.7577307076989722,0.7062857183964973,0.8404080665941381,0.6677972489416104,0.4014833528330801,0.672933795735183,15.0,49,score,500,facebook/esm2_t33_650M_UR50D,POLG_PESV_Tsuboyama_2023_2MXD,True
GaussianProcessRegressor,0.3479594729002385,0.3786837902997019,0.6153728871990559,0.448308909695793,0.679097925098633,0.8530656522626089,40.0,49,score,100,facebook/esm2_t33_650M_UR50D,POLG_PESV_Tsuboyama_2023_2MXD,False
GaussianProcessRegressor,0.6873402233581933,0.9597854149552092,0.979686386021164,0.7418651796058239,0.1866640743311515,0.4989034356137424,0.0,49,score,100,facebook/esm2_t33_650M_UR50D,POLG_PESV_Tsuboyama_2023_2MXD,True
GaussianProcessRegressor,0.4243660896324565,0.4537988756080408,0.6736459571674432,0.4892056429148023,0.6154443245239635,0.8333117492469969,30.0,49,score,75,facebook/esm2_t33_650M_UR50D,POLG_PESV_Tsuboyama_2023_2MXD,False
GaussianProcessRegressor,0.707846666718797,0.964109502697891,0.9818907794138262,0.7566985846087428,0.1829997803628674,0.4800143040572161,5.0,49,score,75,facebook/esm2_t33_650M_UR50D,POLG_PESV_Tsuboyama_2023_2MXD,True
GaussianProcessRegressor,0.4886176232662578,0.4630938429162685,0.6805099873743724,0.5351400712695308,0.6468384991670062,0.8536773667094669,30.0,51,score,100,facebook/esm2_t33_650M_UR50D,POLG_PESV_Tsuboyama_2023_2MXD,False
GaussianProcessRegressor,0.7978881714379173,0.9379881657381788,0.9684978914474616,0.7741157334355515,0.2846777959957089,0.5633868935475742,20.0,51,score,100,facebook/esm2_t33_650M_UR50D,POLG_PESV_Tsuboyama_2023_2MXD,True
GaussianProcessRegressor,0.3035587595942082,0.3477025585034974,0.5896630889783567,0.4439519129784659,0.7348374216524199,0.8930460681842726,30.0,51,score,200,facebook/esm2_t33_650M_UR50D,POLG_PESV_Tsuboyama_2023_2MXD,False
GaussianProcessRegressor,0.5656459880323366,0.8735645760857458,0.9346467654069884,0.7129073470247991,0.3338080791094404,0.5983560894243578,25.0,51,score,200,facebook/esm2_t33_650M_UR50D,POLG_PESV_Tsuboyama_2023_2MXD,True
GaussianProcessRegressor,0.6083193826057164,0.5398206018473557,0.7347248477133163,0.5854295964177855,0.5883256561382264,0.8252804531218124,30.0,51,score,75,facebook/esm2_t33_650M_UR50D,POLG_PESV_Tsuboyama_2023_2MXD,False
GaussianProcessRegressor,0.9063127648963611,0.961762351211648,0.9806948308274334,0.7923566723623994,0.2665472871337925,0.5609344677378709,15.0,51,score,75,facebook/esm2_t33_650M_UR50D,POLG_PESV_Tsuboyama_2023_2MXD,True
GaussianProcessRegressor,0.8255668619613475,0.7275613416688783,0.8529720638267576,0.7035522182818316,0.4451520802916271,0.7353086052344209,20.0,51,score,50,facebook/esm2_t33_650M_UR50D,POLG_PESV_Tsuboyama_2023_2MXD,False
GaussianProcessRegressor,1.1190900747607826,1.0242872033183028,1.0120707501545052,0.833197776095689,0.2188650064316937,0.5650610442441769,0.0,51,score,50,facebook/esm2_t33_650M_UR50D,POLG_PESV_Tsuboyama_2023_2MXD,True
GaussianProcessRegressor,0.1813382797477883,0.1855430770206772,0.4307471149301841,0.3164801108463631,0.8585023909254567,0.939879279517118,55.00000000000001,51,score,500,facebook/esm2_t33_650M_UR50D,POLG_PESV_Tsuboyama_2023_2MXD,False
GaussianProcessRegressor,0.5340801657474624,0.7135102866080374,0.8446953809557842,0.6560521012551518,0.4558676010645319,0.702624506498026,25.0,51,score,500,facebook/esm2_t33_650M_UR50D,POLG_PESV_Tsuboyama_2023_2MXD,True
GaussianProcessRegressor,0.9822825677480548,1.2355985579220867,1.111574809863055,0.8855193840686663,0.0577161674297066,0.5667275149100597,15.0,51,score,20,facebook/esm2_t33_650M_UR50D,POLG_PESV_Tsuboyama_2023_2MXD,False
GaussianProcessRegressor,1.6232883978659234,1.443154279592541,1.2013135642256525,1.0326628225695804,-0.1005685761333083,0.4828992115968463,5.0,51,score,20,facebook/esm2_t33_650M_UR50D,POLG_PESV_Tsuboyama_2023_2MXD,True
GaussianProcessRegressor,0.2127461400448967,0.2421992225666919,0.4921374021212896,0.3616294071626307,0.8152956636097993,0.9228598514394056,45.0,51,score,350,facebook/esm2_t33_650M_UR50D,POLG_PESV_Tsuboyama_2023_2MXD,False
GaussianProcessRegressor,0.558836262664564,0.7771440850288334,0.8815577604608976,0.6790513551225454,0.4073396232091757,0.6667438829755319,30.0,51,score,350,facebook/esm2_t33_650M_UR50D,POLG_PESV_Tsuboyama_2023_2MXD,True
GaussianProcessRegressor,0.6346094191299109,0.3758314807444174,0.6130509609685132,0.4813319987376093,0.709409558715828,0.8668799155196619,55.00000000000001,48,score,75,facebook/esm2_t33_650M_UR50D,POLG_PESV_Tsuboyama_2023_2MXD,False
GaussianProcessRegressor,0.9430622818180052,0.7813128240607753,0.8839190144242713,0.7089019074317191,0.3958940377344223,0.6621782646053369,25.0,48,score,75,facebook/esm2_t33_650M_UR50D,POLG_PESV_Tsuboyama_2023_2MXD,True
GaussianProcessRegressor,0.5094215818067908,0.3306929087604967,0.5750590480641937,0.4440003356032841,0.7443104071646172,0.8863502334009334,50.0,48,score,100,facebook/esm2_t33_650M_UR50D,POLG_PESV_Tsuboyama_2023_2MXD,False
GaussianProcessRegressor,0.7959076172433497,0.8104398543630718,0.9002443303698567,0.7011194723440096,0.3733732085264036,0.6568131870162647,15.0,48,score,100,facebook/esm2_t33_650M_UR50D,POLG_PESV_Tsuboyama_2023_2MXD,True
GaussianProcessRegressor,0.8081063709582919,0.5135754353092825,0.7166417761401316,0.590526470254493,0.602906834510957,0.8293213972855891,40.0,48,score,50,facebook/esm2_t33_650M_UR50D,POLG_PESV_Tsuboyama_2023_2MXD,False
GaussianProcessRegressor,1.1323609417204628,0.8248065114256228,0.9081885880287324,0.7400450148857751,0.3622650033081608,0.649008931611941,15.0,48,score,50,facebook/esm2_t33_650M_UR50D,POLG_PESV_Tsuboyama_2023_2MXD,True
GaussianProcessRegressor,0.3364731037143527,0.2544983083068931,0.504478253552017,0.3780243117389158,0.8032235735801283,0.9028328273313092,50.0,48,score,200,facebook/esm2_t33_650M_UR50D,POLG_PESV_Tsuboyama_2023_2MXD,False
GaussianProcessRegressor,0.6002019845333423,0.7009420962834085,0.8372228474446983,0.6581772414019568,0.4580361584660208,0.7059266006486412,20.0,48,score,200,facebook/esm2_t33_650M_UR50D,POLG_PESV_Tsuboyama_2023_2MXD,True
GaussianProcessRegressor,0.2865627116763546,0.2215286575778617,0.4706683095109142,0.3478644084002245,0.8287154917540865,0.9187418189672758,45.0,48,score,350,facebook/esm2_t33_650M_UR50D,POLG_PESV_Tsuboyama_2023_2MXD,False
GaussianProcessRegressor,0.7329313553296194,0.7474383587568282,0.8645451745032345,0.7065259319441181,0.4220855526161505,0.6994666386537541,20.0,48,score,350,facebook/esm2_t33_650M_UR50D,POLG_PESV_Tsuboyama_2023_2MXD,True
GaussianProcessRegressor,1.4268637951776646,1.3010144692247838,1.1406202125268443,0.9182618335961876,-0.0059358731213425,,0.0,48,score,20,facebook/esm2_t33_650M_UR50D,POLG_PESV_Tsuboyama_2023_2MXD,False
GaussianProcessRegressor,1.426863868290717,1.2969360350157333,1.1388309949310886,0.9165993906785472,-0.0027824544821988,0.323298654745017,10.0,48,score,20,facebook/esm2_t33_650M_UR50D,POLG_PESV_Tsuboyama_2023_2MXD,True
GaussianProcessRegressor,0.2402497566260269,0.1915080904505263,0.4376163736088109,0.3190730403226497,0.8519271977874776,0.9289922599690398,45.0,48,score,500,facebook/esm2_t33_650M_UR50D,POLG_PESV_Tsuboyama_2023_2MXD,False
GaussianProcessRegressor,0.7142994949954878,0.6961445626995281,0.8343527807225958,0.6704529968503011,0.4617455800356406,0.7218954009070935,20.0,48,score,500,facebook/esm2_t33_650M_UR50D,POLG_PESV_Tsuboyama_2023_2MXD,True
GaussianProcessRegressor,0.6556829154935521,0.5677638417888519,0.7535010562625987,0.6003651875858126,0.531613986066088,0.7423871935487741,30.0,46,score,50,facebook/esm2_t33_650M_UR50D,POLG_PESV_Tsuboyama_2023_2MXD,False
GaussianProcessRegressor,1.0966411276407708,0.8281173651039792,0.9100095412159036,0.7472065961560642,0.3168311132874912,0.542971464917175,40.0,46,score,50,facebook/esm2_t33_650M_UR50D,POLG_PESV_Tsuboyama_2023_2MXD,True
GaussianProcessRegressor,0.3199841796514981,0.3025056205093271,0.5500051095301999,0.3969567086429515,0.7504430691878017,0.8936723746894987,50.0,46,score,200,facebook/esm2_t33_650M_UR50D,POLG_PESV_Tsuboyama_2023_2MXD,False
GaussianProcessRegressor,0.7152462584637661,0.6516395750600891,0.8072419557109808,0.6465537960319412,0.4624193359648773,0.7249878133509612,30.0,46,score,200,facebook/esm2_t33_650M_UR50D,POLG_PESV_Tsuboyama_2023_2MXD,True
GaussianProcessRegressor,0.5437328204225105,0.4497139324860257,0.6706071372167357,0.5179668896149193,0.6290011784054228,0.8287619070476282,35.0,46,score,75,facebook/esm2_t33_650M_UR50D,POLG_PESV_Tsuboyama_2023_2MXD,False
GaussianProcessRegressor,0.7378368412491045,0.7641528550020305,0.8741583695200947,0.7073492216972739,0.3695996760502978,0.57856255213571,40.0,46,score,75,facebook/esm2_t33_650M_UR50D,POLG_PESV_Tsuboyama_2023_2MXD,True
GaussianProcessRegressor,0.2699504272206268,0.2415722085096599,0.4914999577921243,0.3534490293108847,0.800711078281151,0.9139730958923834,45.0,46,score,350,facebook/esm2_t33_650M_UR50D,POLG_PESV_Tsuboyama_2023_2MXD,False
GaussianProcessRegressor,0.6852105962349428,0.6639241999691886,0.814815439206443,0.6590137882919144,0.4522849348805858,0.7317838726983039,30.0,46,score,350,facebook/esm2_t33_650M_UR50D,POLG_PESV_Tsuboyama_2023_2MXD,True
GaussianProcessRegressor,0.2451450541756563,0.2108671181844829,0.4592026983636779,0.3185836147461546,0.8260417418534869,0.925069108276433,45.0,46,score,500,facebook/esm2_t33_650M_UR50D,POLG_PESV_Tsuboyama_2023_2MXD,False
GaussianProcessRegressor,0.7306545343207254,0.6796619049666982,0.8244160994101815,0.6760611302883072,0.4393018592253512,0.7176694159017297,25.0,46,score,500,facebook/esm2_t33_650M_UR50D,POLG_PESV_Tsuboyama_2023_2MXD,True
GaussianProcessRegressor,0.4304657846999877,0.3871409162334859,0.6222064900284197,0.4722536526671325,0.680621805689484,0.8560923523694095,35.0,46,score,100,facebook/esm2_t33_650M_UR50D,POLG_PESV_Tsuboyama_2023_2MXD,False
GaussianProcessRegressor,0.8028060634844285,0.7650001588958198,0.8746428750614846,0.7125000536482862,0.368900678924746,0.6055419247007051,30.0,46,score,100,facebook/esm2_t33_650M_UR50D,POLG_PESV_Tsuboyama_2023_2MXD,True
GaussianProcessRegressor,0.7138845617149181,0.7362573953622719,0.8580544244756692,0.6839534713361908,0.3926124891000939,0.7062096408385634,25.0,46,score,20,facebook/esm2_t33_650M_UR50D,POLG_PESV_Tsuboyama_2023_2MXD,False
GaussianProcessRegressor,1.0914714492507211,1.227016184873914,1.1077076260791536,0.8830578758669376,-0.0122469547457069,0.1720025016736541,5.0,46,score,20,facebook/esm2_t33_650M_UR50D,POLG_PESV_Tsuboyama_2023_2MXD,True
GaussianProcessRegressor,0.5765973976234657,0.4255139506018306,0.6523143035391993,0.4941747040081526,0.6795073743379836,0.860002928011712,15.0,47,score,75,facebook/esm2_t33_650M_UR50D,POLG_PESV_Tsuboyama_2023_2MXD,False
GaussianProcessRegressor,1.0013356242360918,0.9312062343141904,0.9649902767977458,0.7648173653681736,0.2986252726941505,0.5818556394225577,15.0,47,score,75,facebook/esm2_t33_650M_UR50D,POLG_PESV_Tsuboyama_2023_2MXD,True
GaussianProcessRegressor,0.7827068658538525,0.8252368915273096,0.9084255013633808,0.7225788450979482,0.3784402655079244,0.7635350221400885,15.0,47,score,20,facebook/esm2_t33_650M_UR50D,POLG_PESV_Tsuboyama_2023_2MXD,False
GaussianProcessRegressor,0.4570233137937315,0.9570446554719428,0.9782865916856588,0.8058030238890959,0.2791640460337866,0.5609006756027024,15.0,47,score,20,facebook/esm2_t33_650M_UR50D,POLG_PESV_Tsuboyama_2023_2MXD,True
GaussianProcessRegressor,0.1958165353012391,0.2587266421097657,0.5086517886627017,0.3378476052092585,0.8051298183262927,0.920752163008652,30.0,47,score,500,facebook/esm2_t33_650M_UR50D,POLG_PESV_Tsuboyama_2023_2MXD,False
GaussianProcessRegressor,0.6312739524565709,0.7669276261141937,0.8757440414380184,0.6599079606056218,0.4223581900465717,0.6918986715946863,25.0,47,score,500,facebook/esm2_t33_650M_UR50D,POLG_PESV_Tsuboyama_2023_2MXD,True
GaussianProcessRegressor,0.4916338745520558,0.5168365867072956,0.7189134765097227,0.5549457503099862,0.610724126723137,0.8210541322165289,25.0,47,score,50,facebook/esm2_t33_650M_UR50D,POLG_PESV_Tsuboyama_2023_2MXD,False
GaussianProcessRegressor,0.7280109867714633,0.9948480853131912,0.9974207163044044,0.8067078561350329,0.2506909008602488,0.5462390169560678,20.0,47,score,50,facebook/esm2_t33_650M_UR50D,POLG_PESV_Tsuboyama_2023_2MXD,True
GaussianProcessRegressor,0.4778646063472321,0.4140801110960415,0.6434905679930683,0.478265361767266,0.6881192218213048,0.8666586346345384,30.0,47,score,100,facebook/esm2_t33_650M_UR50D,POLG_PESV_Tsuboyama_2023_2MXD,False
GaussianProcessRegressor,0.8729158946364052,0.960553693726477,0.9800784120296074,0.761305701386641,0.2765210753811123,0.5772433009732039,15.0,47,score,100,facebook/esm2_t33_650M_UR50D,POLG_PESV_Tsuboyama_2023_2MXD,True
GaussianProcessRegressor,0.3824401183729347,0.3307885991165691,0.5751422425075114,0.4050869341745893,0.7508535113361492,0.898949227796911,15.0,47,score,200,facebook/esm2_t33_650M_UR50D,POLG_PESV_Tsuboyama_2023_2MXD,False
GaussianProcessRegressor,0.8078246511187285,0.9207311647851744,0.9595473749561166,0.7568615975410623,0.3065149847296742,0.5727422269689079,0.0,47,score,200,facebook/esm2_t33_650M_UR50D,POLG_PESV_Tsuboyama_2023_2MXD,True
GaussianProcessRegressor,0.2390594823493068,0.2820489904197404,0.5310828470396501,0.3587678875958291,0.7875636712331222,0.9150784443137772,25.0,47,score,350,facebook/esm2_t33_650M_UR50D,POLG_PESV_Tsuboyama_2023_2MXD,False
GaussianProcessRegressor,0.6201522918601895,0.7862526538954653,0.8867088890360044,0.6703619891132605,0.4078027826719104,0.6828150192600769,5.0,47,score,350,facebook/esm2_t33_650M_UR50D,POLG_PESV_Tsuboyama_2023_2MXD,True
GaussianProcessRegressor,0.3044890235621979,0.1952434592820514,0.4418636206818246,0.311881257311754,0.8397279138333705,0.921507206028824,40.0,42,score,350,facebook/esm2_t33_650M_UR50D,POLG_PESV_Tsuboyama_2023_2MXD,False
GaussianProcessRegressor,0.7271130516200671,0.6826306163539599,0.8262146309246526,0.6447927847732132,0.4396399584059259,0.6866733706934828,5.0,42,score,350,facebook/esm2_t33_650M_UR50D,POLG_PESV_Tsuboyama_2023_2MXD,True
GaussianProcessRegressor,0.3397722216176561,0.2485403183487546,0.4985381814352383,0.370315631984241,0.7959774147377288,0.9050680042720172,35.0,42,score,200,facebook/esm2_t33_650M_UR50D,POLG_PESV_Tsuboyama_2023_2MXD,False
GaussianProcessRegressor,0.8248100748575988,0.7750823021761996,0.8803875863369494,0.6950019634804129,0.3637479177156066,0.6402136008544034,10.0,42,score,200,facebook/esm2_t33_650M_UR50D,POLG_PESV_Tsuboyama_2023_2MXD,True
GaussianProcessRegressor,0.4864039096860816,0.3625653075512579,0.6021339614664314,0.4526693740776242,0.7023762105703091,0.8704252097008388,25.0,42,score,100,facebook/esm2_t33_650M_UR50D,POLG_PESV_Tsuboyama_2023_2MXD,False
GaussianProcessRegressor,0.9714940772468088,1.0147720693818936,1.0073589575627415,0.7943112063419062,0.1669906016748441,0.4794102696410785,5.0,42,score,100,facebook/esm2_t33_650M_UR50D,POLG_PESV_Tsuboyama_2023_2MXD,True
GaussianProcessRegressor,0.2232578398827184,0.1657129375466563,0.4070785397766091,0.2869172565367115,0.86396902460617,0.9346475465901865,40.0,42,score,500,facebook/esm2_t33_650M_UR50D,POLG_PESV_Tsuboyama_2023_2MXD,False
GaussianProcessRegressor,0.6863806898726488,0.6931635111558597,0.8325644186222828,0.6399674259324287,0.4309936814474981,0.6759731678926716,10.0,42,score,500,facebook/esm2_t33_650M_UR50D,POLG_PESV_Tsuboyama_2023_2MXD,True
GaussianProcessRegressor,0.7204746270353586,0.4372890314762672,0.6612783313221954,0.5065361255572534,0.641036756927974,0.8485625622502491,35.0,42,score,75,facebook/esm2_t33_650M_UR50D,POLG_PESV_Tsuboyama_2023_2MXD,False
GaussianProcessRegressor,1.1077363622196186,0.9828592072448618,0.9913925596073746,0.7983237245683117,0.19318733578854,0.5352430369721478,5.0,42,score,75,facebook/esm2_t33_650M_UR50D,POLG_PESV_Tsuboyama_2023_2MXD,True
GaussianProcessRegressor,0.9721060402635422,0.4891666934274184,0.6994045277430069,0.5505243385356571,0.5984512529785337,0.8434652298609195,35.0,42,score,50,facebook/esm2_t33_650M_UR50D,POLG_PESV_Tsuboyama_2023_2MXD,False
GaussianProcessRegressor,1.4944122692576731,1.059256520272882,1.029201885090035,0.838063560135681,0.130474060877561,0.5390904443617774,0.0,42,score,50,facebook/esm2_t33_650M_UR50D,POLG_PESV_Tsuboyama_2023_2MXD,True
GaussianProcessRegressor,1.4168179927004214,0.8460956670276749,0.919834586775076,0.7406528866776685,0.3054542357028528,0.6936528866115464,5.0,42,score,20,facebook/esm2_t33_650M_UR50D,POLG_PESV_Tsuboyama_2023_2MXD,False
GaussianProcessRegressor,1.479828459769254,0.9719465967883116,0.9858735196709116,0.811283817903547,0.2021453149691304,0.5645239220956884,5.0,42,score,20,facebook/esm2_t33_650M_UR50D,POLG_PESV_Tsuboyama_2023_2MXD,True
GaussianProcessRegressor,0.1832407445578007,0.2126112644075961,0.4610978902658264,0.3510805655320836,0.5655681045724937,0.761557318229273,20.0,46,score,200,facebook/esm2_t33_650M_UR50D,SBI_STAAM_Tsuboyama_2023_2JVG,False
GaussianProcessRegressor,0.4120986454248919,0.4385149433556735,0.6622046083769528,0.545575625870823,0.1039756122701252,0.3858372553490214,10.0,46,score,200,facebook/esm2_t33_650M_UR50D,SBI_STAAM_Tsuboyama_2023_2JVG,True
GaussianProcessRegressor,0.1480701139887319,0.1677589292154438,0.4095838488215128,0.310584359014029,0.657215576996727,0.8198081432325728,35.0,46,score,350,facebook/esm2_t33_650M_UR50D,SBI_STAAM_Tsuboyama_2023_2JVG,False
GaussianProcessRegressor,0.3834147094095599,0.4299605642250607,0.6557137822442507,0.5386511855147571,0.1214549078769334,0.3927086748346993,5.0,46,score,350,facebook/esm2_t33_650M_UR50D,SBI_STAAM_Tsuboyama_2023_2JVG,True
GaussianProcessRegressor,0.131505725612562,0.1426230272370514,0.377654640163538,0.2815087708213973,0.7085761555163047,0.8442718250873003,50.0,46,score,500,facebook/esm2_t33_650M_UR50D,SBI_STAAM_Tsuboyama_2023_2JVG,False
GaussianProcessRegressor,0.4025204809293642,0.4219828785252509,0.6496020924575682,0.5297831236220163,0.1377558368486414,0.4065528902115609,15.0,46,score,500,facebook/esm2_t33_650M_UR50D,SBI_STAAM_Tsuboyama_2023_2JVG,True
GaussianProcessRegressor,0.2506258744485982,0.3823552100187874,0.6183487770011253,0.5018252115161611,0.218727666768396,0.4784072576290305,20.0,46,score,50,facebook/esm2_t33_650M_UR50D,SBI_STAAM_Tsuboyama_2023_2JVG,False
GaussianProcessRegressor,0.3171047786065384,0.4918525204492144,0.7013219805832515,0.5733558573134407,-0.0050098865877135,0.1228361393445573,15.0,46,score,50,facebook/esm2_t33_650M_UR50D,SBI_STAAM_Tsuboyama_2023_2JVG,True
GaussianProcessRegressor,0.3152119762944286,0.4695536378445644,0.6852398396507345,0.5499594405651785,0.0405537662264759,0.3627709550838203,20.0,46,score,20,facebook/esm2_t33_650M_UR50D,SBI_STAAM_Tsuboyama_2023_2JVG,False
GaussianProcessRegressor,0.3142569645410182,0.4897160465471002,0.6997971467126028,0.5726586692519238,-0.0006443963141244,0.0297743994825308,5.0,46,score,20,facebook/esm2_t33_650M_UR50D,SBI_STAAM_Tsuboyama_2023_2JVG,True
GaussianProcessRegressor,0.2513195986753141,0.3146770111409243,0.5609607928731957,0.4480379911121229,0.3570155806263569,0.5968253633014532,30.0,46,score,75,facebook/esm2_t33_650M_UR50D,SBI_STAAM_Tsuboyama_2023_2JVG,False
GaussianProcessRegressor,0.3638025043178952,0.4627088177075809,0.6802270339435069,0.5604396601966559,0.0545398934161879,0.2793168612674451,5.0,46,score,75,facebook/esm2_t33_650M_UR50D,SBI_STAAM_Tsuboyama_2023_2JVG,True
GaussianProcessRegressor,0.1530102226687433,0.4330285133932134,0.6580490205092728,0.4896134007703187,0.115186119739534,0.5510232920931682,30.0,46,score,100,facebook/esm2_t33_650M_UR50D,SBI_STAAM_Tsuboyama_2023_2JVG,False
GaussianProcessRegressor,0.3186263807663007,0.4561878484086495,0.6754167960664359,0.5549570386965691,0.067864291163658,0.3272071328285313,0.0,46,score,100,facebook/esm2_t33_650M_UR50D,SBI_STAAM_Tsuboyama_2023_2JVG,True
GaussianProcessRegressor,0.4687483497473762,0.439578321960161,0.6630070300985963,0.5508681329162375,-0.0009291629664689,0.0599342274520317,0.0,51,score,20,facebook/esm2_t33_650M_UR50D,SBI_STAAM_Tsuboyama_2023_2JVG,False
GaussianProcessRegressor,0.4743041562530886,0.4413981400338766,0.6643780098963816,0.5532139877120601,-0.0050729273203455,0.2248358753435013,10.0,51,score,20,facebook/esm2_t33_650M_UR50D,SBI_STAAM_Tsuboyama_2023_2JVG,True
GaussianProcessRegressor,0.2747468103730089,0.3276968775916282,0.5724481440197253,0.4335669348485878,0.2538272589696981,0.6005633302533209,25.0,51,score,50,facebook/esm2_t33_650M_UR50D,SBI_STAAM_Tsuboyama_2023_2JVG,False
GaussianProcessRegressor,0.3817199530409686,0.410748251491957,0.6408964436568181,0.5253815262273438,0.0647175190021177,0.3305089700358801,5.0,51,score,50,facebook/esm2_t33_650M_UR50D,SBI_STAAM_Tsuboyama_2023_2JVG,True
GaussianProcessRegressor,0.1565767387223046,0.1539359193834581,0.3923466826461747,0.2985421887789539,0.6494846464404975,0.8182038808155231,45.0,51,score,350,facebook/esm2_t33_650M_UR50D,SBI_STAAM_Tsuboyama_2023_2JVG,False
GaussianProcessRegressor,0.4546236091786101,0.4056756990049474,0.6369267610996946,0.5221495767725941,0.0762678286085731,0.31337491749967,15.0,51,score,350,facebook/esm2_t33_650M_UR50D,SBI_STAAM_Tsuboyama_2023_2JVG,True
GaussianProcessRegressor,0.2399324220162129,0.2407982743058859,0.4907120075012287,0.379264069199855,0.451697221851162,0.6897821511286044,25.0,51,score,75,facebook/esm2_t33_650M_UR50D,SBI_STAAM_Tsuboyama_2023_2JVG,False
GaussianProcessRegressor,0.489725448018086,0.4396081562793315,0.6630295289648355,0.5509696929609414,-0.0009970963440337,,5.0,51,score,75,facebook/esm2_t33_650M_UR50D,SBI_STAAM_Tsuboyama_2023_2JVG,True
GaussianProcessRegressor,0.2456386408348603,0.2269679142782235,0.4764114967947599,0.3637079441095013,0.4831892449888899,0.708255697022788,35.0,51,score,100,facebook/esm2_t33_650M_UR50D,SBI_STAAM_Tsuboyama_2023_2JVG,False
GaussianProcessRegressor,0.4518716032452892,0.4399989795715133,0.6633241888937214,0.5452666518318342,-0.0018870092700555,,5.0,51,score,100,facebook/esm2_t33_650M_UR50D,SBI_STAAM_Tsuboyama_2023_2JVG,True
GaussianProcessRegressor,0.1349683767393004,0.1303494240226998,0.3610393663060856,0.2693925469518047,0.7031915966683479,0.8443911535646142,60.0,51,score,500,facebook/esm2_t33_650M_UR50D,SBI_STAAM_Tsuboyama_2023_2JVG,False
GaussianProcessRegressor,0.4348930850215556,0.3930332103854042,0.6269236080938444,0.5145951621670081,0.1050550433541614,0.3119914559658238,15.0,51,score,500,facebook/esm2_t33_650M_UR50D,SBI_STAAM_Tsuboyama_2023_2JVG,True
GaussianProcessRegressor,0.2188662950480694,0.1804209775192431,0.4247599057341019,0.3216056467193743,0.5891776072927115,0.7794563018252073,25.0,51,score,200,facebook/esm2_t33_650M_UR50D,SBI_STAAM_Tsuboyama_2023_2JVG,False
GaussianProcessRegressor,0.4874964453901955,0.3953771249272576,0.6287902074040734,0.5228312546409578,0.0997179002257637,0.30800072000288,0.0,51,score,200,facebook/esm2_t33_650M_UR50D,SBI_STAAM_Tsuboyama_2023_2JVG,True
GaussianProcessRegressor,0.1975006439682765,0.2000003744849806,0.4472140141866985,0.3365862842313041,0.5803030252665923,0.7663403453613814,5.0,49,score,200,facebook/esm2_t33_650M_UR50D,SBI_STAAM_Tsuboyama_2023_2JVG,False
GaussianProcessRegressor,0.4443429430676796,0.435684637364124,0.6600641161009466,0.5489608066261733,0.0857240907152574,0.3286016344065376,0.0,49,score,200,facebook/esm2_t33_650M_UR50D,SBI_STAAM_Tsuboyama_2023_2JVG,True
GaussianProcessRegressor,0.1360046404243446,0.129987492102803,0.3605377817965865,0.2674062032136587,0.7272237248094447,0.866060360241441,45.0,49,score,500,facebook/esm2_t33_650M_UR50D,SBI_STAAM_Tsuboyama_2023_2JVG,False
GaussianProcessRegressor,0.3996199985696047,0.4418007314272783,0.6646809245249019,0.5384188882707078,0.0728895838694535,0.3067213228852915,15.0,49,score,500,facebook/esm2_t33_650M_UR50D,SBI_STAAM_Tsuboyama_2023_2JVG,True
GaussianProcessRegressor,0.2993747674161502,0.2441554554946578,0.4941208915788299,0.3763940231338925,0.4876444291685047,0.7121646406585627,15.0,49,score,100,facebook/esm2_t33_650M_UR50D,SBI_STAAM_Tsuboyama_2023_2JVG,False
GaussianProcessRegressor,0.4540568360885713,0.4766270100883792,0.6903817857449451,0.5767823627267179,-0.0001926982658948,,0.0,49,score,100,facebook/esm2_t33_650M_UR50D,SBI_STAAM_Tsuboyama_2023_2JVG,True
GaussianProcessRegressor,0.4005380380910428,0.4517108088396321,0.6720943451924233,0.5281119968425401,0.0520934752619113,0.2909841719366877,10.0,49,score,20,facebook/esm2_t33_650M_UR50D,SBI_STAAM_Tsuboyama_2023_2JVG,False
GaussianProcessRegressor,0.5148927279470761,0.4901953665898865,0.7001395336573178,0.5709887493616473,-0.0286656358313921,-0.0144418348692434,10.0,49,score,20,facebook/esm2_t33_650M_UR50D,SBI_STAAM_Tsuboyama_2023_2JVG,True
GaussianProcessRegressor,0.3021437424805501,0.4868157315095521,0.6977218152742195,0.5288616082532775,-0.0215735360162205,0.4231409885639542,5.0,49,score,50,facebook/esm2_t33_650M_UR50D,SBI_STAAM_Tsuboyama_2023_2JVG,False
GaussianProcessRegressor,0.4683403374618984,0.4765406426101412,0.6903192323918994,0.5754197247084416,-1.145775859479059e-05,,0.0,49,score,50,facebook/esm2_t33_650M_UR50D,SBI_STAAM_Tsuboyama_2023_2JVG,True
GaussianProcessRegressor,0.2661342290055525,0.4249352479036599,0.6518705760376517,0.4784858656309336,0.1082814796621802,0.5291503726014903,20.0,49,score,75,facebook/esm2_t33_650M_UR50D,SBI_STAAM_Tsuboyama_2023_2JVG,False
GaussianProcessRegressor,0.4513712722131414,0.4673982240582293,0.6836652865680904,0.5694722133187513,0.0191737333584955,0.2226577226308905,0.0,49,score,75,facebook/esm2_t33_650M_UR50D,SBI_STAAM_Tsuboyama_2023_2JVG,True
GaussianProcessRegressor,0.1655064746070824,0.1433672947171025,0.3786387390602057,0.2844422764897705,0.699146463983249,0.8524190896763587,25.0,49,score,350,facebook/esm2_t33_650M_UR50D,SBI_STAAM_Tsuboyama_2023_2JVG,False
GaussianProcessRegressor,0.3991938146510478,0.4320649261959167,0.65731645818123,0.5441983773545295,0.0933199856260412,0.3068115632462529,0.0,49,score,350,facebook/esm2_t33_650M_UR50D,SBI_STAAM_Tsuboyama_2023_2JVG,True
GaussianProcessRegressor,0.1520053673067517,0.1259357103906935,0.3548742177035316,0.2670938883486792,0.7287091297554852,0.8658963915855663,45.0,50,score,500,facebook/esm2_t33_650M_UR50D,SBI_STAAM_Tsuboyama_2023_2JVG,False
GaussianProcessRegressor,0.4079617728706773,0.4390234893375681,0.6625884766109112,0.5466146834901194,0.0542550313118028,0.2919317027331718,5.0,50,score,500,facebook/esm2_t33_650M_UR50D,SBI_STAAM_Tsuboyama_2023_2JVG,True
GaussianProcessRegressor,0.1512475388136935,0.1533499429927528,0.3915992121962872,0.2938300964374851,0.6696533544188035,0.8367900351601406,40.0,50,score,350,facebook/esm2_t33_650M_UR50D,SBI_STAAM_Tsuboyama_2023_2JVG,False
GaussianProcessRegressor,0.4218028848214682,0.4555487779476781,0.6749435368589569,0.5598495848974667,0.0186562332094196,0.2343394389819025,10.0,50,score,350,facebook/esm2_t33_650M_UR50D,SBI_STAAM_Tsuboyama_2023_2JVG,True
GaussianProcessRegressor,0.291469019497569,0.3300256404393633,0.5744785813582289,0.4620238550245386,0.2890583384169758,0.5922724490897963,5.0,50,score,50,facebook/esm2_t33_650M_UR50D,SBI_STAAM_Tsuboyama_2023_2JVG,False
GaussianProcessRegressor,0.5810723962710934,0.5518785663690156,0.7428852982587659,0.6203056404161662,-0.1888575216280312,0.0371064533163681,0.0,50,score,50,facebook/esm2_t33_650M_UR50D,SBI_STAAM_Tsuboyama_2023_2JVG,True
GaussianProcessRegressor,0.2690895506381706,0.2317696696530177,0.4814246251003554,0.3728819425980126,0.5007214777969966,0.7391971007884031,20.0,50,score,100,facebook/esm2_t33_650M_UR50D,SBI_STAAM_Tsuboyama_2023_2JVG,False
GaussianProcessRegressor,0.4910866591057964,0.4682385541497692,0.6842795877050325,0.5725983649546004,-0.0086800991016722,,10.0,50,score,100,facebook/esm2_t33_650M_UR50D,SBI_STAAM_Tsuboyama_2023_2JVG,True
GaussianProcessRegressor,0.1912072889479633,0.1713987450232831,0.4140033152322372,0.3118609077398039,0.6307726017352073,0.8203316333265332,40.0,50,score,200,facebook/esm2_t33_650M_UR50D,SBI_STAAM_Tsuboyama_2023_2JVG,False
GaussianProcessRegressor,0.4242569209541171,0.4416026852758566,0.6645319294630293,0.5519360765989224,0.0486989240848799,0.2567393051189638,10.0,50,score,200,facebook/esm2_t33_650M_UR50D,SBI_STAAM_Tsuboyama_2023_2JVG,True
GaussianProcessRegressor,0.2759159387276089,0.2590272537289852,0.5089472013175681,0.4115200896169789,0.4420031549178753,0.7141459925839703,20.0,50,score,75,facebook/esm2_t33_650M_UR50D,SBI_STAAM_Tsuboyama_2023_2JVG,False
GaussianProcessRegressor,0.5001169724413123,0.4828777379005444,0.6948940479674182,0.5866548326387526,-0.0402158476760545,,10.0,50,score,75,facebook/esm2_t33_650M_UR50D,SBI_STAAM_Tsuboyama_2023_2JVG,True
GaussianProcessRegressor,0.6151572023024187,0.5672367366887291,0.753151204399707,0.6423600500025296,-0.2219421119993616,0.1926082286772445,5.0,50,score,20,facebook/esm2_t33_650M_UR50D,SBI_STAAM_Tsuboyama_2023_2JVG,False
GaussianProcessRegressor,0.6209845723572293,0.5832845947746692,0.7637307082831416,0.6480634637397884,-0.2565124286489344,-0.0675647838806903,5.0,50,score,20,facebook/esm2_t33_650M_UR50D,SBI_STAAM_Tsuboyama_2023_2JVG,True
GaussianProcessRegressor,0.3339095864981601,0.5189892959890613,0.7204091170918517,0.5580946775059924,-0.0898204435261567,0.2879064956259825,10.0,44,score,20,facebook/esm2_t33_650M_UR50D,SBI_STAAM_Tsuboyama_2023_2JVG,False
GaussianProcessRegressor,0.4298209862610674,0.4864573826604425,0.6974649687693587,0.5847837626490796,-0.0215070033713196,0.1554950859803439,5.0,44,score,20,facebook/esm2_t33_650M_UR50D,SBI_STAAM_Tsuboyama_2023_2JVG,True
GaussianProcessRegressor,0.1525906069988953,0.2246507471008696,0.4739733611721967,0.364543454127346,0.5282581380077009,0.7265835143340573,30.0,44,score,200,facebook/esm2_t33_650M_UR50D,SBI_STAAM_Tsuboyama_2023_2JVG,False
GaussianProcessRegressor,0.4149943681390627,0.5076344305791413,0.7124846879611808,0.5969094402372866,-0.0659764749648481,0.1343517694070776,10.0,44,score,200,facebook/esm2_t33_650M_UR50D,SBI_STAAM_Tsuboyama_2023_2JVG,True
GaussianProcessRegressor,0.1534671571568869,0.1610859975923794,0.4013552012773467,0.305647221331511,0.6617371211723786,0.8202196008784034,40.0,44,score,350,facebook/esm2_t33_650M_UR50D,SBI_STAAM_Tsuboyama_2023_2JVG,False
GaussianProcessRegressor,0.4257812454261165,0.4451644041891813,0.667206417976612,0.555722198183728,0.0652037100477378,0.2773592214368857,10.0,44,score,350,facebook/esm2_t33_650M_UR50D,SBI_STAAM_Tsuboyama_2023_2JVG,True
GaussianProcessRegressor,0.2228545877040416,0.2627069115578834,0.5125494235270228,0.4121787234427606,0.4483443780362017,0.6804553298213192,10.0,44,score,75,facebook/esm2_t33_650M_UR50D,SBI_STAAM_Tsuboyama_2023_2JVG,False
GaussianProcessRegressor,0.4020755416908543,0.4556981285968264,0.6750541671575893,0.570103841437003,0.0430840472827392,0.1737624230496922,0.0,44,score,75,facebook/esm2_t33_650M_UR50D,SBI_STAAM_Tsuboyama_2023_2JVG,True
GaussianProcessRegressor,0.2090949170085192,0.2591331871993142,0.5090512618580905,0.4051967177250049,0.4558488061536908,0.6660450001800007,25.0,44,score,100,facebook/esm2_t33_650M_UR50D,SBI_STAAM_Tsuboyama_2023_2JVG,False
GaussianProcessRegressor,0.3843320999658667,0.4682636767589306,0.6842979444357046,0.5732794399141338,0.0166977780918188,0.1016959907839631,5.0,44,score,100,facebook/esm2_t33_650M_UR50D,SBI_STAAM_Tsuboyama_2023_2JVG,True
GaussianProcessRegressor,0.131785755995922,0.1421282068521251,0.3769989480782739,0.2821129900065525,0.7015463967634026,0.8431388285553141,50.0,44,score,500,facebook/esm2_t33_650M_UR50D,SBI_STAAM_Tsuboyama_2023_2JVG,False
GaussianProcessRegressor,0.4133764123392102,0.4267691719428411,0.6532757242871047,0.539542709521555,0.1038316746713006,0.3196207024828099,15.0,44,score,500,facebook/esm2_t33_650M_UR50D,SBI_STAAM_Tsuboyama_2023_2JVG,True
GaussianProcessRegressor,0.2414499186738831,0.4396011653541463,0.6630242569877413,0.5076932038536894,0.0768858997605052,0.4173630134520538,10.0,44,score,50,facebook/esm2_t33_650M_UR50D,SBI_STAAM_Tsuboyama_2023_2JVG,False
GaussianProcessRegressor,0.4259895646470225,0.4709326835128411,0.6862453522704843,0.5720775197768497,0.0110931574439542,0.0777051108204432,0.0,44,score,50,facebook/esm2_t33_650M_UR50D,SBI_STAAM_Tsuboyama_2023_2JVG,True
GaussianProcessRegressor,0.3258886585065343,0.2431695369917198,0.4931222333171765,0.3844038794731123,0.475304207898696,0.6915314701258805,35.0,45,score,100,facebook/esm2_t33_650M_UR50D,SBI_STAAM_Tsuboyama_2023_2JVG,False
GaussianProcessRegressor,0.4611932248809697,0.4248389671619013,0.6517967222699891,0.5458746794746566,0.0833094426704278,0.3241378643307661,10.0,45,score,100,facebook/esm2_t33_650M_UR50D,SBI_STAAM_Tsuboyama_2023_2JVG,True
GaussianProcessRegressor,0.1390697836187002,0.123333893775716,0.3511892563500713,0.2584625534042523,0.7338779524435621,0.8570840363361454,45.0,45,score,500,facebook/esm2_t33_650M_UR50D,SBI_STAAM_Tsuboyama_2023_2JVG,False
GaussianProcessRegressor,0.4090074543959219,0.4022455012098619,0.6342282721622097,0.521083242736272,0.1320601894155796,0.3879404890725281,5.0,45,score,500,facebook/esm2_t33_650M_UR50D,SBI_STAAM_Tsuboyama_2023_2JVG,True
GaussianProcessRegressor,0.2335767521294399,0.1855089579807559,0.4307075086189651,0.3293742638225119,0.5997205453703083,0.7667937551750206,40.0,45,score,200,facebook/esm2_t33_650M_UR50D,SBI_STAAM_Tsuboyama_2023_2JVG,False
GaussianProcessRegressor,0.4368340866581873,0.415680390321108,0.6447328053706496,0.544845322707692,0.1030712384506464,0.3735201750451845,0.0,45,score,200,facebook/esm2_t33_650M_UR50D,SBI_STAAM_Tsuboyama_2023_2JVG,True
GaussianProcessRegressor,0.1837676251457524,0.1441595430496447,0.379683477451475,0.2779570064093141,0.6889416883169417,0.829367189468758,50.0,45,score,350,facebook/esm2_t33_650M_UR50D,SBI_STAAM_Tsuboyama_2023_2JVG,False
GaussianProcessRegressor,0.4300874744858194,0.4005184014197886,0.63286523164082,0.5247513959504441,0.1357868157175465,0.3889412930997635,5.0,45,score,350,facebook/esm2_t33_650M_UR50D,SBI_STAAM_Tsuboyama_2023_2JVG,True
GaussianProcessRegressor,0.3566979878500326,0.2703411722232929,0.5199434317531985,0.4137892024940543,0.4166749780745532,0.6289979719918879,30.0,45,score,75,facebook/esm2_t33_650M_UR50D,SBI_STAAM_Tsuboyama_2023_2JVG,False
GaussianProcessRegressor,0.4530691107033691,0.431288203732729,0.6567253640089813,0.5547691986970811,0.0693936893534555,0.2618907338483131,20.0,45,score,75,facebook/esm2_t33_650M_UR50D,SBI_STAAM_Tsuboyama_2023_2JVG,True
GaussianProcessRegressor,0.3271418744276111,0.3302569501003226,0.5746798674917389,0.4549635163470705,0.2873925156350891,0.5229523958095832,45.0,45,score,50,facebook/esm2_t33_650M_UR50D,SBI_STAAM_Tsuboyama_2023_2JVG,False
GaussianProcessRegressor,0.5008900895645034,0.465393548369139,0.6821975874841094,0.5785785983501035,-0.0041966585177026,,0.0,45,score,50,facebook/esm2_t33_650M_UR50D,SBI_STAAM_Tsuboyama_2023_2JVG,True
GaussianProcessRegressor,0.6402408618689721,0.3872243819309253,0.6222735587592689,0.5147662494297988,0.1644718071527888,0.4239785919143676,35.0,45,score,20,facebook/esm2_t33_650M_UR50D,SBI_STAAM_Tsuboyama_2023_2JVG,False
GaussianProcessRegressor,0.6388742704933797,0.4417113670948032,0.6646136976430769,0.5493935906243606,0.0469032490453381,0.2604080078818238,20.0,45,score,20,facebook/esm2_t33_650M_UR50D,SBI_STAAM_Tsuboyama_2023_2JVG,True
GaussianProcessRegressor,0.2927835887675947,0.2957014143493311,0.5437843454434221,0.4296180458144637,0.3857757118648754,0.6074178536714147,20.0,42,score,75,facebook/esm2_t33_650M_UR50D,SBI_STAAM_Tsuboyama_2023_2JVG,False
GaussianProcessRegressor,0.4989684631134364,0.5229255976712446,0.7231359468808369,0.6043502818424886,-0.0862092211632374,0.1755185580742322,10.0,42,score,75,facebook/esm2_t33_650M_UR50D,SBI_STAAM_Tsuboyama_2023_2JVG,True
GaussianProcessRegressor,0.2075746119517074,0.2352670963648735,0.4850433963728127,0.3735975266725128,0.5113085099565434,0.6952883491533965,30.0,42,score,200,facebook/esm2_t33_650M_UR50D,SBI_STAAM_Tsuboyama_2023_2JVG,False
GaussianProcessRegressor,0.4746283300437028,0.4832406914339257,0.6951551563744066,0.5848837214077475,-0.0037766317318927,,5.0,42,score,200,facebook/esm2_t33_650M_UR50D,SBI_STAAM_Tsuboyama_2023_2JVG,True
GaussianProcessRegressor,0.3760703589422055,0.3934979711185769,0.6272941663355215,0.5007335348915806,0.1826349166277825,0.5135775743102973,5.0,42,score,20,facebook/esm2_t33_650M_UR50D,SBI_STAAM_Tsuboyama_2023_2JVG,False
GaussianProcessRegressor,0.4039539176758835,0.4948214256381549,0.7034354452529066,0.5704816109896039,-0.0278318708261215,0.0510685894285363,0.0,42,score,20,facebook/esm2_t33_650M_UR50D,SBI_STAAM_Tsuboyama_2023_2JVG,True
GaussianProcessRegressor,0.1551828197508316,0.1318227977993908,0.3630740940901606,0.2727833553761287,0.7261806666820414,0.8515374221496886,55.00000000000001,42,score,500,facebook/esm2_t33_650M_UR50D,SBI_STAAM_Tsuboyama_2023_2JVG,False
GaussianProcessRegressor,0.3915815164880306,0.4198841986125228,0.6479847209715078,0.533186052380418,0.127826041821746,0.3620051600206401,10.0,42,score,500,facebook/esm2_t33_650M_UR50D,SBI_STAAM_Tsuboyama_2023_2JVG,True
GaussianProcessRegressor,0.3759269588729525,0.3294626219184903,0.5739883465005978,0.4662496298169822,0.3156476952932296,0.5800177120708483,25.0,42,score,50,facebook/esm2_t33_650M_UR50D,SBI_STAAM_Tsuboyama_2023_2JVG,False
GaussianProcessRegressor,0.4875337764642733,0.4760547289468069,0.6899671941091162,0.5836403328950951,0.0111498869759344,0.2306161544646178,0.0,42,score,50,facebook/esm2_t33_650M_UR50D,SBI_STAAM_Tsuboyama_2023_2JVG,True
GaussianProcessRegressor,0.2604505437078223,0.2628316767274409,0.5126711194590943,0.3963716926464365,0.4540519872300749,0.6543405373621494,40.0,42,score,100,facebook/esm2_t33_650M_UR50D,SBI_STAAM_Tsuboyama_2023_2JVG,False
GaussianProcessRegressor,0.4871413487868262,0.4533960978815698,0.6733469372333774,0.560200149142918,0.0582158828109088,0.2695499741998968,10.0,42,score,100,facebook/esm2_t33_650M_UR50D,SBI_STAAM_Tsuboyama_2023_2JVG,True
GaussianProcessRegressor,0.1610996683146405,0.1824459650682907,0.4271369394799409,0.3152534857719448,0.6210273688958088,0.7879283357133429,50.0,42,score,350,facebook/esm2_t33_650M_UR50D,SBI_STAAM_Tsuboyama_2023_2JVG,False
GaussianProcessRegressor,0.4195615372765605,0.4254047800561992,0.6522306187662453,0.5382015607707258,0.1163588149408888,0.3523999375997504,10.0,42,score,350,facebook/esm2_t33_650M_UR50D,SBI_STAAM_Tsuboyama_2023_2JVG,True
GaussianProcessRegressor,0.3162861804051351,0.569045275019465,0.7543508964795262,0.5891381517100329,-0.2088567261850329,,5.0,48,score,20,facebook/esm2_t33_650M_UR50D,SBI_STAAM_Tsuboyama_2023_2JVG,False
GaussianProcessRegressor,0.3166847499204799,0.5733435355190425,0.7571945163028074,0.5917037466417866,-0.2179877766372697,0.0919849759399037,5.0,48,score,20,facebook/esm2_t33_650M_UR50D,SBI_STAAM_Tsuboyama_2023_2JVG,True
GaussianProcessRegressor,0.1446041026241195,0.1530002668155055,0.3911524853755955,0.2990256558182527,0.6749724323047901,0.8165254101016403,35.0,48,score,350,facebook/esm2_t33_650M_UR50D,SBI_STAAM_Tsuboyama_2023_2JVG,False
GaussianProcessRegressor,0.4169119033912662,0.4022456501537767,0.6342283895835764,0.5283092335193941,0.1454856386419664,0.4161655046620186,20.0,48,score,350,facebook/esm2_t33_650M_UR50D,SBI_STAAM_Tsuboyama_2023_2JVG,True
GaussianProcessRegressor,0.2272310171775233,0.286556192601292,0.5353094363088438,0.4091523607694741,0.3912516348647364,0.6403439693758776,50.0,48,score,75,facebook/esm2_t33_650M_UR50D,SBI_STAAM_Tsuboyama_2023_2JVG,False
GaussianProcessRegressor,0.4190188986528393,0.4285305783655659,0.6546224701043846,0.5328219125298311,0.089647002137999,0.3193533414133656,15.0,48,score,75,facebook/esm2_t33_650M_UR50D,SBI_STAAM_Tsuboyama_2023_2JVG,True
GaussianProcessRegressor,0.1787203421941475,0.181204575181242,0.4256813070610947,0.3246105852291508,0.6150563423695012,0.7877049428197711,50.0,48,score,200,facebook/esm2_t33_650M_UR50D,SBI_STAAM_Tsuboyama_2023_2JVG,False
GaussianProcessRegressor,0.4671687965292069,0.4186598837727984,0.6470393216588914,0.5386075571528878,0.1106159057989196,0.3501662966651866,15.0,48,score,200,facebook/esm2_t33_650M_UR50D,SBI_STAAM_Tsuboyama_2023_2JVG,True
GaussianProcessRegressor,0.3316905351709351,0.3317430016504951,0.5759713548871116,0.4367587160655431,0.2952586085592298,0.5757018228072912,60.0,48,score,50,facebook/esm2_t33_650M_UR50D,SBI_STAAM_Tsuboyama_2023_2JVG,False
GaussianProcessRegressor,0.4232886394951176,0.4598782307836229,0.6781432229135841,0.5479215856874148,0.023053319457157,0.2886511706046823,10.0,48,score,50,facebook/esm2_t33_650M_UR50D,SBI_STAAM_Tsuboyama_2023_2JVG,True
GaussianProcessRegressor,0.1308450555568589,0.128645665756699,0.3586720866706789,0.2751021835832224,0.7267103600162261,0.8497986631946528,40.0,48,score,500,facebook/esm2_t33_650M_UR50D,SBI_STAAM_Tsuboyama_2023_2JVG,False
GaussianProcessRegressor,0.40488080392586,0.4120117503281565,0.6418814145371063,0.5373824142093067,0.1247389311256059,0.4103506654026616,10.0,48,score,500,facebook/esm2_t33_650M_UR50D,SBI_STAAM_Tsuboyama_2023_2JVG,True
GaussianProcessRegressor,0.1836364164635927,0.2718705761886512,0.5214120982377098,0.4047201815348827,0.4224491633531103,0.660944211776847,35.0,48,score,100,facebook/esm2_t33_650M_UR50D,SBI_STAAM_Tsuboyama_2023_2JVG,False
GaussianProcessRegressor,0.427827801365668,0.4237367224223653,0.6509506297887462,0.5370973856346872,0.0998308754705767,0.32887494749979,10.0,48,score,100,facebook/esm2_t33_650M_UR50D,SBI_STAAM_Tsuboyama_2023_2JVG,True
GaussianProcessRegressor,0.2616959475711541,0.3845581970493837,0.6201275651423535,0.4813461432604404,0.1246343914010016,0.5345801543206172,25.0,43,score,20,facebook/esm2_t33_650M_UR50D,SBI_STAAM_Tsuboyama_2023_2JVG,False
GaussianProcessRegressor,0.3290691386199149,0.5342064380515354,0.7308942728271548,0.5887077953623162,-0.2160082592191745,0.1692219888879555,5.0,43,score,20,facebook/esm2_t33_650M_UR50D,SBI_STAAM_Tsuboyama_2023_2JVG,True
GaussianProcessRegressor,0.2239064384974438,0.2450143716226372,0.4949892641488674,0.3945419891075999,0.4422764716066927,0.6729259237036948,40.0,43,score,75,facebook/esm2_t33_650M_UR50D,SBI_STAAM_Tsuboyama_2023_2JVG,False
GaussianProcessRegressor,0.4257131103445007,0.4867880404486718,0.6977019710798242,0.5728676698215925,-0.1080702805337543,0.1553594374377497,10.0,43,score,75,facebook/esm2_t33_650M_UR50D,SBI_STAAM_Tsuboyama_2023_2JVG,True
GaussianProcessRegressor,0.2966448016448401,0.3959904075097876,0.6292776871221382,0.4958169434373297,0.0986113760444518,0.5795146700586803,40.0,43,score,50,facebook/esm2_t33_650M_UR50D,SBI_STAAM_Tsuboyama_2023_2JVG,False
GaussianProcessRegressor,0.4456096242764377,0.4891966341216554,0.6994259318338543,0.5721661947977932,-0.1135529359097058,0.1560846243384973,5.0,43,score,50,facebook/esm2_t33_650M_UR50D,SBI_STAAM_Tsuboyama_2023_2JVG,True
GaussianProcessRegressor,0.1784195032436775,0.18901603463676,0.4347597435788645,0.3389088897410374,0.5697448722604418,0.7600102720410882,40.0,43,score,200,facebook/esm2_t33_650M_UR50D,SBI_STAAM_Tsuboyama_2023_2JVG,False
GaussianProcessRegressor,0.4645566486080985,0.4042988694855257,0.6358450042939126,0.529049280623116,0.0796989151224976,0.3212698930795722,15.0,43,score,200,facebook/esm2_t33_650M_UR50D,SBI_STAAM_Tsuboyama_2023_2JVG,True
GaussianProcessRegressor,0.1290826995084787,0.1289602479488184,0.3591103562260749,0.2687490836561937,0.7064492011951613,0.8467166668666674,50.0,43,score,500,facebook/esm2_t33_650M_UR50D,SBI_STAAM_Tsuboyama_2023_2JVG,False
GaussianProcessRegressor,0.4308494919083758,0.3893149818834773,0.623951105362814,0.5176568514422379,0.113806574224773,0.3712628610514442,5.0,43,score,500,facebook/esm2_t33_650M_UR50D,SBI_STAAM_Tsuboyama_2023_2JVG,True
GaussianProcessRegressor,0.1591615527806623,0.1333656295359692,0.365192592389234,0.2777146484577736,0.6964212793780328,0.8384368257473029,50.0,43,score,350,facebook/esm2_t33_650M_UR50D,SBI_STAAM_Tsuboyama_2023_2JVG,False
GaussianProcessRegressor,0.4718523315934991,0.3909797928666246,0.625283769873027,0.5217764549199906,0.110016983232703,0.3532219888879555,5.0,43,score,350,facebook/esm2_t33_650M_UR50D,SBI_STAAM_Tsuboyama_2023_2JVG,True
GaussianProcessRegressor,0.1975576110623325,0.3163314793041569,0.5624335332322895,0.4332350162305006,0.2799381211355496,0.6727972831891327,45.0,43,score,100,facebook/esm2_t33_650M_UR50D,SBI_STAAM_Tsuboyama_2023_2JVG,False
GaussianProcessRegressor,0.3984696653314589,0.4331319491612092,0.6581276085693482,0.5394265947598696,0.0140664919112797,0.3153961095844383,15.0,43,score,100,facebook/esm2_t33_650M_UR50D,SBI_STAAM_Tsuboyama_2023_2JVG,True
GaussianProcessRegressor,0.1293450965277089,0.132138058101902,0.3635079890482491,0.271141879276023,0.710474339971428,0.8500670802683211,45.0,47,score,500,facebook/esm2_t33_650M_UR50D,SBI_STAAM_Tsuboyama_2023_2JVG,False
GaussianProcessRegressor,0.4100767310899142,0.4133996977759439,0.6429616612022399,0.5217915509607615,0.0942063015494732,0.3363615374461497,5.0,47,score,500,facebook/esm2_t33_650M_UR50D,SBI_STAAM_Tsuboyama_2023_2JVG,True
GaussianProcessRegressor,0.2360546361966698,0.2895504949566745,0.5380989639059663,0.4191036359806249,0.3655703786771159,0.6083340813363253,0.0,47,score,75,facebook/esm2_t33_650M_UR50D,SBI_STAAM_Tsuboyama_2023_2JVG,False
GaussianProcessRegressor,0.4064600865902639,0.4747575722060521,0.6890265395513093,0.5729343971362726,-0.0402339902749124,0.1928026592106368,5.0,47,score,75,facebook/esm2_t33_650M_UR50D,SBI_STAAM_Tsuboyama_2023_2JVG,True
GaussianProcessRegressor,0.5071646060606011,0.3974360691651333,0.630425308157226,0.5118902273579697,0.1291839618570859,0.3286546266185065,25.0,47,score,20,facebook/esm2_t33_650M_UR50D,SBI_STAAM_Tsuboyama_2023_2JVG,False
GaussianProcessRegressor,0.4584806188082335,0.4769673263071085,0.6906282113460965,0.5774004012768755,-0.0450757483860828,0.1651842127368509,15.0,47,score,20,facebook/esm2_t33_650M_UR50D,SBI_STAAM_Tsuboyama_2023_2JVG,True
GaussianProcessRegressor,0.1935510901800155,0.1876105097986545,0.4331402888195169,0.3305726296242122,0.5889295070776397,0.784060960243841,25.0,47,score,200,facebook/esm2_t33_650M_UR50D,SBI_STAAM_Tsuboyama_2023_2JVG,False
GaussianProcessRegressor,0.4210381637641455,0.4370930924754657,0.6611301630355899,0.5412460074802189,0.0422920700461892,0.2415551102204409,5.0,47,score,200,facebook/esm2_t33_650M_UR50D,SBI_STAAM_Tsuboyama_2023_2JVG,True
GaussianProcessRegressor,0.1906583068562358,0.2674879552537247,0.5171923774126266,0.3983136123445673,0.4139112689638271,0.6479619838479354,15.0,47,score,100,facebook/esm2_t33_650M_UR50D,SBI_STAAM_Tsuboyama_2023_2JVG,False
GaussianProcessRegressor,0.4380368443857957,0.4482796916424896,0.6695369232854075,0.5529741624744613,0.0177812852364868,0.2324578258313033,5.0,47,score,100,facebook/esm2_t33_650M_UR50D,SBI_STAAM_Tsuboyama_2023_2JVG,True
GaussianProcessRegressor,0.1499847578098624,0.1489829520636641,0.3859830981580205,0.2914041312605648,0.6735657527525252,0.8298302953211814,40.0,47,score,350,facebook/esm2_t33_650M_UR50D,SBI_STAAM_Tsuboyama_2023_2JVG,False
GaussianProcessRegressor,0.4121257381368179,0.4245352816250397,0.6515637203106383,0.5284864651617833,0.0698072956156441,0.3003681134724539,5.0,47,score,350,facebook/esm2_t33_650M_UR50D,SBI_STAAM_Tsuboyama_2023_2JVG,True
GaussianProcessRegressor,0.3206993558075092,0.3398352871329514,0.5829539322561873,0.464661355026766,0.2553921465056641,0.5413334933339733,0.0,47,score,50,facebook/esm2_t33_650M_UR50D,SBI_STAAM_Tsuboyama_2023_2JVG,False
GaussianProcessRegressor,0.4160821212382515,0.4636957053434134,0.6809520580359629,0.5697667777840381,-0.0159965044925511,0.1282347209388837,5.0,47,score,50,facebook/esm2_t33_650M_UR50D,SBI_STAAM_Tsuboyama_2023_2JVG,True
GaussianProcessRegressor,0.9876776161054538,0.9056939702562652,0.951679552294923,0.7725692401206746,0.3203177046441043,0.4160086635279206,5.0,43,score,500,facebook/esm2_t33_650M_UR50D,ENVZ_ECOLI_Ghose_2023,False
GaussianProcessRegressor,1.1948436696277964,1.251318338069492,1.1186234120871474,0.952487545642124,0.0609422739125126,0.2230627594194821,5.0,43,score,500,facebook/esm2_t33_650M_UR50D,ENVZ_ECOLI_Ghose_2023,True
GaussianProcessRegressor,1.1289277017880974,1.1411320826550235,1.0682378399284609,0.8663923224740387,0.1436320669952535,0.2743786128557137,0.0,43,score,75,facebook/esm2_t33_650M_UR50D,ENVZ_ECOLI_Ghose_2023,False
GaussianProcessRegressor,1.3403966400422156,1.33627528681334,1.155973739672896,0.9597670641279624,-0.0028140674400896,0.1871419025881632,5.0,43,score,75,facebook/esm2_t33_650M_UR50D,ENVZ_ECOLI_Ghose_2023,True
GaussianProcessRegressor,1.2374102809835446,1.345788759175682,1.1600813588605248,0.9500688999897096,-0.0099534974731854,0.214775213322977,5.0,43,score,20,facebook/esm2_t33_650M_UR50D,ENVZ_ECOLI_Ghose_2023,False
GaussianProcessRegressor,1.1096585968401207,1.306569923993637,1.1430528964110265,0.9148418349284102,0.0194784616577496,0.1551845931022896,5.0,43,score,20,facebook/esm2_t33_650M_UR50D,ENVZ_ECOLI_Ghose_2023,True
GaussianProcessRegressor,1.362340476852847,1.332529958412127,1.1543526144173308,0.9925564279905984,-3.3681440816391017e-06,0.114426652205139,5.0,43,score,50,facebook/esm2_t33_650M_UR50D,ENVZ_ECOLI_Ghose_2023,False
GaussianProcessRegressor,1.2355472711121729,1.313774130093725,1.146199864811423,0.932247905213342,0.0140720313411838,0.2079316499453199,5.0,43,score,50,facebook/esm2_t33_650M_UR50D,ENVZ_ECOLI_Ghose_2023,True
GaussianProcessRegressor,1.0828019364614567,1.0505604389016563,1.024968506297465,0.8625448680647437,0.2116019825982322,0.3670312834365096,0.0,43,score,200,facebook/esm2_t33_650M_UR50D,ENVZ_ECOLI_Ghose_2023,False
GaussianProcessRegressor,1.1797617256054505,1.270650341721811,1.127231272508801,0.9637986837968124,0.0464344809407663,0.2097890302576739,5.0,43,score,200,facebook/esm2_t33_650M_UR50D,ENVZ_ECOLI_Ghose_2023,True
GaussianProcessRegressor,1.0449170409672883,0.9926666368737022,0.996326571398004,0.8283856656586399,0.255048658342475,0.3858565119542356,0.0,43,score,350,facebook/esm2_t33_650M_UR50D,ENVZ_ECOLI_Ghose_2023,False
GaussianProcessRegressor,1.1891469420705236,1.20988678903954,1.0999485392687878,0.9058825775341992,0.0920347745469819,0.197161820166213,0.0,43,score,350,facebook/esm2_t33_650M_UR50D,ENVZ_ECOLI_Ghose_2023,True
GaussianProcessRegressor,1.113522904932776,1.1637729369987135,1.0787830815315531,0.8758417304270443,0.1266411314756282,0.2516003493921228,0.0,43,score,100,facebook/esm2_t33_650M_UR50D,ENVZ_ECOLI_Ghose_2023,False
GaussianProcessRegressor,1.2666343988512965,1.378759405108253,1.1742058614690412,0.9538877351275978,-0.0346964736249155,0.1826328292768335,5.0,43,score,100,facebook/esm2_t33_650M_UR50D,ENVZ_ECOLI_Ghose_2023,True
GaussianProcessRegressor,1.2234328529337202,1.276633398343893,1.129882028507354,0.8901840540625457,-0.0153833037657011,0.1115928242797562,0.0,45,score,20,facebook/esm2_t33_650M_UR50D,ENVZ_ECOLI_Ghose_2023,False
GaussianProcessRegressor,1.0585924245334262,1.274273165040466,1.128837085252104,0.8873160012908448,-0.0135060683021761,0.0394746540081073,15.0,45,score,20,facebook/esm2_t33_650M_UR50D,ENVZ_ECOLI_Ghose_2023,True
GaussianProcessRegressor,0.940222511366148,0.9913132691313674,0.9956471609618376,0.7686512115715004,0.2115489508709823,0.3378226570709991,5.0,45,score,350,facebook/esm2_t33_650M_UR50D,ENVZ_ECOLI_Ghose_2023,False
GaussianProcessRegressor,1.2036571011998742,1.2000225167522829,1.0954553924064103,0.9167300218874,0.0455499368621911,0.1491467055269731,10.0,45,score,350,facebook/esm2_t33_650M_UR50D,ENVZ_ECOLI_Ghose_2023,True
GaussianProcessRegressor,0.781909274519322,1.1373685463817504,1.0664748221977631,0.8011413021404542,0.0953824067876976,0.2121443126703922,15.0,45,score,75,facebook/esm2_t33_650M_UR50D,ENVZ_ECOLI_Ghose_2023,False
GaussianProcessRegressor,1.478417327797132,1.2592477501180133,1.12216208727528,0.9603663169242044,-0.001555452358553,,5.0,45,score,75,facebook/esm2_t33_650M_UR50D,ENVZ_ECOLI_Ghose_2023,True
GaussianProcessRegressor,0.8647070508903173,1.164773804638994,1.079246869181928,0.8352381637614924,0.0735853570583937,0.2110595520356891,25.0,45,score,100,facebook/esm2_t33_650M_UR50D,ENVZ_ECOLI_Ghose_2023,False
GaussianProcessRegressor,1.613958463345161,1.2765403334194032,1.1298408442871073,0.9998981081689736,-0.0153092836353991,,5.0,45,score,100,facebook/esm2_t33_650M_UR50D,ENVZ_ECOLI_Ghose_2023,True
GaussianProcessRegressor,0.8541530944335186,0.9541110358492568,0.9767860747621544,0.7449335880997948,0.2411381239150641,0.3977159978224611,0.0,45,score,500,facebook/esm2_t33_650M_UR50D,ENVZ_ECOLI_Ghose_2023,False
GaussianProcessRegressor,1.1678052307298223,1.2616225586063192,1.123219728551061,0.8978604094931807,-0.0034442803429963,0.1652862115469541,15.0,45,score,500,facebook/esm2_t33_650M_UR50D,ENVZ_ECOLI_Ghose_2023,True
GaussianProcessRegressor,0.99318117696052,1.0998954689659908,1.0487590137710334,0.7935827304968053,0.1251869984567245,0.2423893534211537,15.0,45,score,200,facebook/esm2_t33_650M_UR50D,ENVZ_ECOLI_Ghose_2023,False
GaussianProcessRegressor,1.3079572957992405,1.211581869327893,1.1007187966632954,0.9300017030048392,0.0363560887121726,0.1347463975179843,10.0,45,score,200,facebook/esm2_t33_650M_UR50D,ENVZ_ECOLI_Ghose_2023,True
GaussianProcessRegressor,0.9554843488252668,1.192121578039933,1.0918432021311175,0.8390018138751876,0.0518340284917874,0.1368341612009961,5.0,45,score,50,facebook/esm2_t33_650M_UR50D,ENVZ_ECOLI_Ghose_2023,False
GaussianProcessRegressor,1.2821774948004667,1.2760697889095507,1.129632590229917,0.9291308865158788,-0.0149350312935738,0.0207102948422898,5.0,45,score,50,facebook/esm2_t33_650M_UR50D,ENVZ_ECOLI_Ghose_2023,True
GaussianProcessRegressor,0.7924475613541625,1.424809045241378,1.1936536538047282,0.7870937460310388,-0.1485000013798858,0.0686375499782389,5.0,46,score,20,facebook/esm2_t33_650M_UR50D,ENVZ_ECOLI_Ghose_2023,False
GaussianProcessRegressor,0.7295285478487721,1.426376824006213,1.1943101875167157,0.7848642688833106,-0.1497637454019986,0.0884492064246945,5.0,46,score,20,facebook/esm2_t33_650M_UR50D,ENVZ_ECOLI_Ghose_2023,True
GaussianProcessRegressor,0.8921886492071545,0.9549142962757696,0.9771971634607672,0.7461223972402711,0.2302694355757701,0.3526451750583586,15.0,46,score,350,facebook/esm2_t33_650M_UR50D,ENVZ_ECOLI_Ghose_2023,False
GaussianProcessRegressor,1.052883907611025,1.1897172231222453,1.0907415931934774,0.8729136924424876,0.0410011524273475,0.1519110921510403,10.0,46,score,350,facebook/esm2_t33_650M_UR50D,ENVZ_ECOLI_Ghose_2023,True
GaussianProcessRegressor,0.9204289013010308,1.103943037765161,1.0506869361351938,0.8068740401697903,0.1101414013119138,0.2522823281693103,0.0,46,score,75,facebook/esm2_t33_650M_UR50D,ENVZ_ECOLI_Ghose_2023,False
GaussianProcessRegressor,0.9661190193931406,1.2845464122555423,1.133378318239564,0.8514024480060172,-0.0354380898796762,,5.0,46,score,75,facebook/esm2_t33_650M_UR50D,ENVZ_ECOLI_Ghose_2023,True
GaussianProcessRegressor,0.8323228886533067,1.0909016463864043,1.0444623719341948,0.8118809011014853,0.1206537138681274,0.2717267069467179,0.0,46,score,100,facebook/esm2_t33_650M_UR50D,ENVZ_ECOLI_Ghose_2023,False
GaussianProcessRegressor,0.953618427835996,1.2435923387109564,1.115164713713161,0.8521590651793519,-0.0024261198338935,0.1391048292910402,5.0,46,score,100,facebook/esm2_t33_650M_UR50D,ENVZ_ECOLI_Ghose_2023,True
GaussianProcessRegressor,0.8709857514915178,0.8708078738882048,0.9331708706813584,0.6920226189681061,0.298065345877428,0.4168637342385931,15.0,46,score,500,facebook/esm2_t33_650M_UR50D,ENVZ_ECOLI_Ghose_2023,False
GaussianProcessRegressor,1.112511818327488,1.1748415166122186,1.083901064033161,0.8792598864502736,0.0529920567554417,0.1629072604723474,5.0,46,score,500,facebook/esm2_t33_650M_UR50D,ENVZ_ECOLI_Ghose_2023,True
GaussianProcessRegressor,1.0910943308009622,1.2647825162034974,1.1246255004238066,0.8706601267874073,-0.0195069482864531,,5.0,46,score,50,facebook/esm2_t33_650M_UR50D,ENVZ_ECOLI_Ghose_2023,False
GaussianProcessRegressor,1.0910943308009622,1.2647825162034974,1.1246255004238066,0.8706601267874073,-0.0195069482864531,,5.0,46,score,50,facebook/esm2_t33_650M_UR50D,ENVZ_ECOLI_Ghose_2023,True
GaussianProcessRegressor,0.8916782051927461,1.0090803319962414,1.0045299059740538,0.8105880964577368,0.1866076604716081,0.3036427369985673,5.0,46,score,200,facebook/esm2_t33_650M_UR50D,ENVZ_ECOLI_Ghose_2023,False
GaussianProcessRegressor,1.0858060990346716,1.1990591081723692,1.0950155743971723,0.8935867868655291,0.0334709117759483,0.1272123497705548,0.0,46,score,200,facebook/esm2_t33_650M_UR50D,ENVZ_ECOLI_Ghose_2023,True
GaussianProcessRegressor,1.0949744020796155,0.9634259311367696,0.9815426282830356,0.764362187149592,0.253023335548844,0.3771936443622775,5.0,47,score,350,facebook/esm2_t33_650M_UR50D,ENVZ_ECOLI_Ghose_2023,False
GaussianProcessRegressor,1.2469271579700631,1.2491755179075452,1.1176652083283014,0.901954442942655,0.031472029635293,0.1829881229157151,5.0,47,score,350,facebook/esm2_t33_650M_UR50D,ENVZ_ECOLI_Ghose_2023,True
GaussianProcessRegressor,1.304566503366998,1.0914118203258414,1.04470657139976,0.8770698322892219,0.1537915528933114,0.2658814753837978,5.0,47,score,100,facebook/esm2_t33_650M_UR50D,ENVZ_ECOLI_Ghose_2023,False
GaussianProcessRegressor,1.492927561637987,1.241109443844344,1.1140509161812775,0.9712600544640952,0.0377259292909072,0.1600478449284881,5.0,47,score,100,facebook/esm2_t33_650M_UR50D,ENVZ_ECOLI_Ghose_2023,True
GaussianProcessRegressor,0.9855838743898282,0.903802901299362,0.9506854902118588,0.7247168229721805,0.2992510843700412,0.4054702267693564,10.0,47,score,500,facebook/esm2_t33_650M_UR50D,ENVZ_ECOLI_Ghose_2023,False
GaussianProcessRegressor,1.1410158315863612,1.2476240384068655,1.1169709210211631,0.9014430822230992,0.0326749440939215,0.1881289708696152,5.0,47,score,500,facebook/esm2_t33_650M_UR50D,ENVZ_ECOLI_Ghose_2023,True
GaussianProcessRegressor,1.8067681552143244,1.246373721544351,1.1164110898519195,1.0245704376234976,0.0336443569873092,0.269203202209469,5.0,47,score,50,facebook/esm2_t33_650M_UR50D,ENVZ_ECOLI_Ghose_2023,False
GaussianProcessRegressor,1.9646287606945487,1.413835715519145,1.1890482393574893,1.1166839187488822,-0.0961945830275541,0.1465307268406255,10.0,47,score,50,facebook/esm2_t33_650M_UR50D,ENVZ_ECOLI_Ghose_2023,True
GaussianProcessRegressor,1.254984833623848,1.0226126557377226,1.011243123950775,0.83443015170002,0.2071338689138291,0.3219778679591027,5.0,47,score,200,facebook/esm2_t33_650M_UR50D,ENVZ_ECOLI_Ghose_2023,False
GaussianProcessRegressor,1.3273848196516025,1.2291565315004218,1.1086733204602797,0.930611195369524,0.0469934259448586,0.1609622534581033,5.0,47,score,200,facebook/esm2_t33_650M_UR50D,ENVZ_ECOLI_Ghose_2023,True
GaussianProcessRegressor,1.4661678225831292,1.1386917425989296,1.067095001674607,0.9375038340934686,0.1171338322594169,0.267534418723135,5.0,47,score,75,facebook/esm2_t33_650M_UR50D,ENVZ_ECOLI_Ghose_2023,False
GaussianProcessRegressor,1.5942574725270913,1.2866340318490357,1.1342989164453237,1.0092439112256588,0.002429178602317,0.1448263269419599,0.0,47,score,75,facebook/esm2_t33_650M_UR50D,ENVZ_ECOLI_Ghose_2023,True
GaussianProcessRegressor,2.130574363162503,1.4169176051777332,1.1903434820158982,1.0741954396757438,-0.0985840761717367,0.2204071013809731,5.0,47,score,20,facebook/esm2_t33_650M_UR50D,ENVZ_ECOLI_Ghose_2023,False
GaussianProcessRegressor,2.1114964428777774,2.079271932596332,1.4419680761363378,1.2550567776646755,-0.6121297574636553,0.0621968201727898,10.0,47,score,20,facebook/esm2_t33_650M_UR50D,ENVZ_ECOLI_Ghose_2023,True
GaussianProcessRegressor,1.280943972083273,1.2993802405548711,1.1399036102034554,1.0052821189025187,-0.0080108342437255,-0.010791566049194,0.0,44,score,75,facebook/esm2_t33_650M_UR50D,ENVZ_ECOLI_Ghose_2023,False
GaussianProcessRegressor,1.3921846916227356,1.3203337245854063,1.1490577551130343,1.0447381572119914,-0.0242657673716244,0.0783456026090493,0.0,44,score,75,facebook/esm2_t33_650M_UR50D,ENVZ_ECOLI_Ghose_2023,True
GaussianProcessRegressor,1.6652939977661323,1.4020511925179258,1.1840824264036376,1.110996130928109,-0.0876591378816826,,0.0,44,score,20,facebook/esm2_t33_650M_UR50D,ENVZ_ECOLI_Ghose_2023,False
GaussianProcessRegressor,1.6603637556892532,1.4030550561256068,1.1845062499310026,1.1112555854090955,-0.0884378979097815,-0.0155031146117902,0.0,44,score,20,facebook/esm2_t33_650M_UR50D,ENVZ_ECOLI_Ghose_2023,True
GaussianProcessRegressor,1.0074558017946709,0.8878533960771784,0.9422597285659504,0.7307874766916675,0.3112363767485747,0.4081682475410066,0.0,44,score,500,facebook/esm2_t33_650M_UR50D,ENVZ_ECOLI_Ghose_2023,False
GaussianProcessRegressor,1.2213511007477484,1.1789290530911372,1.0857849939519044,0.8879481813450927,0.0854307144049731,0.1750784342815874,10.0,44,score,500,facebook/esm2_t33_650M_UR50D,ENVZ_ECOLI_Ghose_2023,True
GaussianProcessRegressor,1.260695136656694,1.2933209204616445,1.1372426831866822,0.9899176625710252,-0.0033102392127319,0.0858929534223354,5.0,44,score,100,facebook/esm2_t33_650M_UR50D,ENVZ_ECOLI_Ghose_2023,False
GaussianProcessRegressor,1.3313042806073372,1.292835565699148,1.13702927213821,0.9892934124095072,-0.0029337190504437,-0.0196945388089653,0.0,44,score,100,facebook/esm2_t33_650M_UR50D,ENVZ_ECOLI_Ghose_2023,True
GaussianProcessRegressor,1.0499112860480833,0.9433965328803549,0.9712860201199,0.8032645556861965,0.2681480782520742,0.3610252919288898,5.0,44,score,350,facebook/esm2_t33_650M_UR50D,ENVZ_ECOLI_Ghose_2023,False
GaussianProcessRegressor,1.1914801148092002,1.2182160774565085,1.1037282625069036,0.8808764310789331,0.0549533029672094,0.1656446924206653,10.0,44,score,350,facebook/esm2_t33_650M_UR50D,ENVZ_ECOLI_Ghose_2023,True
GaussianProcessRegressor,1.3048547680609932,1.3035126690707513,1.1417147932258525,1.013326318819315,-0.0112166184981989,,0.0,44,score,50,facebook/esm2_t33_650M_UR50D,ENVZ_ECOLI_Ghose_2023,False
GaussianProcessRegressor,1.3776540979551917,1.3394297440022764,1.1573373509924738,1.0632719067674747,-0.0390797485777059,0.082595884790795,0.0,44,score,50,facebook/esm2_t33_650M_UR50D,ENVZ_ECOLI_Ghose_2023,True
GaussianProcessRegressor,1.1834189554986,1.1026281969330438,1.050061044384108,0.8890063368392291,0.1446220790794017,0.2564258946587033,5.0,44,score,200,facebook/esm2_t33_650M_UR50D,ENVZ_ECOLI_Ghose_2023,False
GaussianProcessRegressor,1.2405731094367278,1.25832249946973,1.121749749039299,0.9591005055622172,0.0238402333280906,0.1243261898495473,5.0,44,score,200,facebook/esm2_t33_650M_UR50D,ENVZ_ECOLI_Ghose_2023,True
GaussianProcessRegressor,1.0235866163746723,0.9620623399812734,0.9808477659562024,0.7821112392417265,0.238523937663399,0.3590284541172533,0.0,42,score,200,facebook/esm2_t33_650M_UR50D,ENVZ_ECOLI_Ghose_2023,False
GaussianProcessRegressor,1.155387728888235,1.40930509465138,1.187141564705482,0.9337093984353556,-0.1154704321207837,0.1469944529617306,10.0,42,score,200,facebook/esm2_t33_650M_UR50D,ENVZ_ECOLI_Ghose_2023,True
GaussianProcessRegressor,0.9387240033464666,0.9980956732704616,0.999047382895557,0.7980836797010215,0.2100034150261159,0.3187606890748628,0.0,42,score,100,facebook/esm2_t33_650M_UR50D,ENVZ_ECOLI_Ghose_2023,False
GaussianProcessRegressor,1.1335589798295485,1.2094030180494242,1.0997286110897653,0.9497951264124376,0.0427528345198475,0.1847703333930375,0.0,42,score,100,facebook/esm2_t33_650M_UR50D,ENVZ_ECOLI_Ghose_2023,True
GaussianProcessRegressor,1.0527548382386498,1.0705069930842857,1.034653078613448,0.8536743481070603,0.1526895753829383,0.2885371851370303,0.0,42,score,50,facebook/esm2_t33_650M_UR50D,ENVZ_ECOLI_Ghose_2023,False
GaussianProcessRegressor,1.3208232915457976,1.2673084921312676,1.1257479700764588,0.9662283953748634,-0.0030795721331708,0.0331772772029193,5.0,42,score,50,facebook/esm2_t33_650M_UR50D,ENVZ_ECOLI_Ghose_2023,True
GaussianProcessRegressor,0.8084583905361296,1.70241554724122,1.3047664723011625,1.095930316042175,-0.3474684887874182,0.205405701192076,10.0,42,score,20,facebook/esm2_t33_650M_UR50D,ENVZ_ECOLI_Ghose_2023,False
GaussianProcessRegressor,0.8942297885523862,1.6649315912046565,1.2903222819143505,1.0821348904414918,-0.3177997926361104,0.1203527304695717,5.0,42,score,20,facebook/esm2_t33_650M_UR50D,ENVZ_ECOLI_Ghose_2023,True
GaussianProcessRegressor,0.9905382214556876,1.0381591150495173,1.0189009348555518,0.8002574409414736,0.178293045934898,0.2876008906953207,0.0,42,score,75,facebook/esm2_t33_650M_UR50D,ENVZ_ECOLI_Ghose_2023,False
GaussianProcessRegressor,1.077900076168198,1.2334613266854892,1.1106130409307686,0.953418977671603,0.0237105902022641,0.1479746198229024,5.0,42,score,75,facebook/esm2_t33_650M_UR50D,ENVZ_ECOLI_Ghose_2023,True
GaussianProcessRegressor,0.9232166326150646,0.937782890648832,0.9683919096361928,0.7374965283166455,0.2577412156973032,0.3876911793169215,0.0,42,score,350,facebook/esm2_t33_650M_UR50D,ENVZ_ECOLI_Ghose_2023,False
GaussianProcessRegressor,1.2211699395502775,1.3063206452362397,1.1429438504302123,0.9121701591192118,-0.0339578421735766,0.1132976410839191,10.0,42,score,350,facebook/esm2_t33_650M_UR50D,ENVZ_ECOLI_Ghose_2023,True
GaussianProcessRegressor,0.8695243190831023,0.879877212686356,0.9380177038235238,0.6960218392709716,0.3035737837226308,0.4172649507845918,0.0,42,score,500,facebook/esm2_t33_650M_UR50D,ENVZ_ECOLI_Ghose_2023,False
GaussianProcessRegressor,1.2044994590419384,1.2126178303920956,1.1011892800023508,0.8832937750108099,0.0402082981191231,0.1520345842426688,10.0,42,score,500,facebook/esm2_t33_650M_UR50D,ENVZ_ECOLI_Ghose_2023,True
GaussianProcessRegressor,1.2203800465103325,1.2222909648847484,1.1055726863869006,0.907826090105602,-0.0012192691961518,,5.0,50,score,20,facebook/esm2_t33_650M_UR50D,ENVZ_ECOLI_Ghose_2023,False
GaussianProcessRegressor,1.2245375275278023,1.2221916549263576,1.1055277721189811,0.9076935496261036,-0.0011379210991597,-0.0305343452247423,0.0,50,score,20,facebook/esm2_t33_650M_UR50D,ENVZ_ECOLI_Ghose_2023,True
GaussianProcessRegressor,1.2342391302322866,1.0862072048601965,1.0422126485800278,0.881395085899467,0.1102514744120147,0.1928500799683804,5.0,50,score,100,facebook/esm2_t33_650M_UR50D,ENVZ_ECOLI_Ghose_2023,False
GaussianProcessRegressor,1.3353508217999723,1.2194790743133377,1.10430026456274,0.9260044860922276,0.0010840440932766,0.0310567143795671,5.0,50,score,100,facebook/esm2_t33_650M_UR50D,ENVZ_ECOLI_Ghose_2023,True
GaussianProcessRegressor,0.9761317112832396,0.9106334116517604,0.9542711415796667,0.7238867034404017,0.2540698204330228,0.3538330091719218,10.0,50,score,500,facebook/esm2_t33_650M_UR50D,ENVZ_ECOLI_Ghose_2023,False
GaussianProcessRegressor,1.2689763025092524,1.1506373288178984,1.0726776444104251,0.9001659868953545,0.0574746123747252,0.1620356776975637,5.0,50,score,500,facebook/esm2_t33_650M_UR50D,ENVZ_ECOLI_Ghose_2023,True
GaussianProcessRegressor,1.0866804592511456,0.959796567117731,0.9796920777048934,0.799555164398311,0.2137986411466267,0.2991174680462913,10.0,50,score,350,facebook/esm2_t33_650M_UR50D,ENVZ_ECOLI_Ghose_2023,False
GaussianProcessRegressor,1.3159500405040376,1.1707329314210322,1.082004127266173,0.9239651315658348,0.0410136344812471,0.1414959046934696,0.0,50,score,350,facebook/esm2_t33_650M_UR50D,ENVZ_ECOLI_Ghose_2023,True
GaussianProcessRegressor,1.071561778008334,0.998941510733526,0.9994706152426523,0.8289844471528807,0.1817337131010966,0.2601344774024887,5.0,50,score,200,facebook/esm2_t33_650M_UR50D,ENVZ_ECOLI_Ghose_2023,False
GaussianProcessRegressor,1.2357744988184456,1.1812087411714085,1.0868342749340436,0.915004743301054,0.0324325495482512,0.1259273221989267,0.0,50,score,200,facebook/esm2_t33_650M_UR50D,ENVZ_ECOLI_Ghose_2023,True
GaussianProcessRegressor,1.080744648197137,1.2352587304726914,1.111421940791476,0.875926164550227,-0.0118415982144242,0.0046075561406843,0.0,50,score,50,facebook/esm2_t33_650M_UR50D,ENVZ_ECOLI_Ghose_2023,False
GaussianProcessRegressor,1.080745119197886,1.2352792717154089,1.1114311817271498,0.8759569320589222,-0.0118584242309887,-0.0362037824883063,5.0,50,score,50,facebook/esm2_t33_650M_UR50D,ENVZ_ECOLI_Ghose_2023,True
GaussianProcessRegressor,1.0654215876206006,1.182178669781632,1.0872804007162236,0.8543206093056169,0.0316380486951813,0.0790747862550515,10.0,50,score,75,facebook/esm2_t33_650M_UR50D,ENVZ_ECOLI_Ghose_2023,False
GaussianProcessRegressor,1.2242613413686243,1.2045231656152773,1.097507706403594,0.9093178248541816,0.0133349273993217,0.0913221415066652,0.0,50,score,75,facebook/esm2_t33_650M_UR50D,ENVZ_ECOLI_Ghose_2023,True
GaussianProcessRegressor,1.0393579132277204,1.1764913435701907,1.0846618567877229,0.847441553012928,0.113472663023062,0.2428638149040537,0.0,51,score,50,facebook/esm2_t33_650M_UR50D,ENVZ_ECOLI_Ghose_2023,False
GaussianProcessRegressor,1.1982532072074965,1.4176252465703696,1.190640687432766,0.9129345662864314,-0.0682301587188218,0.0715996514794462,0.0,51,score,50,facebook/esm2_t33_650M_UR50D,ENVZ_ECOLI_Ghose_2023,True
GaussianProcessRegressor,0.9487083883098176,1.4636534585698389,1.2098154646762616,0.8817468104909997,-0.1029140248030986,0.0758983423078075,5.0,51,score,20,facebook/esm2_t33_650M_UR50D,ENVZ_ECOLI_Ghose_2023,False
GaussianProcessRegressor,1.0334388404070691,1.4820997297270742,1.2174151837919034,0.880191714114483,-0.1168139346796584,0.0285078308707386,0.0,51,score,20,facebook/esm2_t33_650M_UR50D,ENVZ_ECOLI_Ghose_2023,True
GaussianProcessRegressor,0.8749493604121353,0.994491908533599,0.9972421514023556,0.7371708093144427,0.2506155968458222,0.4144060511153503,0.0,51,score,350,facebook/esm2_t33_650M_UR50D,ENVZ_ECOLI_Ghose_2023,False
GaussianProcessRegressor,1.1029559586692654,1.3204805151591936,1.1491216276614036,0.8924610644915927,0.0049717908832422,0.1449002908249903,5.0,51,score,350,facebook/esm2_t33_650M_UR50D,ENVZ_ECOLI_Ghose_2023,True
GaussianProcessRegressor,0.9327830739145606,1.1302139166293153,1.0631151944306485,0.8680182982851691,0.1483443212738917,0.2721183841756116,0.0,51,score,75,facebook/esm2_t33_650M_UR50D,ENVZ_ECOLI_Ghose_2023,False
GaussianProcessRegressor,1.4293384504837467,1.2908439122804023,1.1361531200856698,0.968053656399061,0.0273040067306172,0.1096316607908905,0.0,51,score,75,facebook/esm2_t33_650M_UR50D,ENVZ_ECOLI_Ghose_2023,True
GaussianProcessRegressor,0.7952699116331056,1.1070977023694806,1.052187104259257,0.8298424714188197,0.1657631964579375,0.2916259103874729,5.0,51,score,100,facebook/esm2_t33_650M_UR50D,ENVZ_ECOLI_Ghose_2023,False
GaussianProcessRegressor,1.3274677011766989,1.2849604299517583,1.1335609511410307,0.9485263097334998,0.0317374162490722,0.1207832905847032,0.0,51,score,100,facebook/esm2_t33_650M_UR50D,ENVZ_ECOLI_Ghose_2023,True
GaussianProcessRegressor,0.8355344684886505,1.0276398694196207,1.0137257367846693,0.7708227442941818,0.2256374500442285,0.3936600203825728,5.0,51,score,200,facebook/esm2_t33_650M_UR50D,ENVZ_ECOLI_Ghose_2023,False
GaussianProcessRegressor,1.1621135354402434,1.3035544354367057,1.1417330841473876,0.9026356786265758,0.0177261833943687,0.1609965311124249,5.0,51,score,200,facebook/esm2_t33_650M_UR50D,ENVZ_ECOLI_Ghose_2023,True
GaussianProcessRegressor,0.8615035997701034,0.928809960119179,0.9637478716548116,0.7117816715172854,0.3001092400702514,0.4502837059537644,0.0,51,score,500,facebook/esm2_t33_650M_UR50D,ENVZ_ECOLI_Ghose_2023,False
GaussianProcessRegressor,1.066402613299437,1.3029601078582964,1.1414727801652986,0.8934286020050562,0.0181740299920156,0.1436148418576933,5.0,51,score,500,facebook/esm2_t33_650M_UR50D,ENVZ_ECOLI_Ghose_2023,True
GaussianProcessRegressor,0.9586580674708344,1.0524554338125984,1.0258925059735051,0.8190148578137518,0.2186692481616066,0.3724468803122409,10.0,49,score,200,facebook/esm2_t33_650M_UR50D,ENVZ_ECOLI_Ghose_2023,False
GaussianProcessRegressor,1.1265667589561237,1.2958995441453836,1.1383758360688194,0.9448969557940357,0.03793915390204,0.1279811008809911,0.0,49,score,200,facebook/esm2_t33_650M_UR50D,ENVZ_ECOLI_Ghose_2023,True
GaussianProcessRegressor,0.6947005711479057,1.2885220314213657,1.1351308433045793,0.8065302266158907,0.04341613409347,0.2736415153970772,5.0,49,score,50,facebook/esm2_t33_650M_UR50D,ENVZ_ECOLI_Ghose_2023,False
GaussianProcessRegressor,0.8421288343596931,2.967162702370097,1.7225454137322758,1.5438529052474,-1.202787301568983,0.0781118025026363,5.0,49,score,50,facebook/esm2_t33_650M_UR50D,ENVZ_ECOLI_Ghose_2023,True
GaussianProcessRegressor,0.8205759770268782,0.9348721774183524,0.966887882548102,0.7222138096909334,0.3059616989110998,0.4402185172339763,5.0,49,score,500,facebook/esm2_t33_650M_UR50D,ENVZ_ECOLI_Ghose_2023,False
GaussianProcessRegressor,1.1276281060981757,1.2831094716845488,1.1327442216513617,0.936543717351633,0.0474343558942897,0.1312974518955507,0.0,49,score,500,facebook/esm2_t33_650M_UR50D,ENVZ_ECOLI_Ghose_2023,True
GaussianProcessRegressor,0.9622332336422026,1.100703805915757,1.0491443208232871,0.8598843600853875,0.18285021427266,0.3340544920303425,5.0,49,score,100,facebook/esm2_t33_650M_UR50D,ENVZ_ECOLI_Ghose_2023,False
GaussianProcessRegressor,1.2209974829693742,1.3613621665111968,1.1667742568771375,0.9685547291541544,-0.0106595404532225,0.0376833744216012,10.0,49,score,100,facebook/esm2_t33_650M_UR50D,ENVZ_ECOLI_Ghose_2023,True
GaussianProcessRegressor,0.8645080265102243,0.9818748245495248,0.9908959705990962,0.7695742342271633,0.2710674768456997,0.3898573138813072,0.0,49,score,350,facebook/esm2_t33_650M_UR50D,ENVZ_ECOLI_Ghose_2023,False
GaussianProcessRegressor,1.1254504193175034,1.342752503288954,1.1587719807144778,0.9309586463310108,0.0031560584688344,0.1473094861049026,10.0,49,score,350,facebook/esm2_t33_650M_UR50D,ENVZ_ECOLI_Ghose_2023,True
GaussianProcessRegressor,0.1713372311520468,1.77940141029782,1.3339420565743552,0.8274471866281314,-0.3210070441594128,-0.2112539924399946,10.0,49,score,20,facebook/esm2_t33_650M_UR50D,ENVZ_ECOLI_Ghose_2023,False
GaussianProcessRegressor,0.1783844735273071,1.7798047675729225,1.3340932379608714,0.8288702816150304,-0.3213064919392334,0.0028150343262391,5.0,49,score,20,facebook/esm2_t33_650M_UR50D,ENVZ_ECOLI_Ghose_2023,True
GaussianProcessRegressor,0.9321173772351948,1.1132874115352374,1.0551243583271297,0.8685539857454264,0.1735082908774911,0.3275582077447338,0.0,49,score,75,facebook/esm2_t33_650M_UR50D,ENVZ_ECOLI_Ghose_2023,False
GaussianProcessRegressor,1.187955453032433,1.3290077819418815,1.15282599812022,0.9594688152930774,0.01335998076226,0.1046040182581973,0.0,49,score,75,facebook/esm2_t33_650M_UR50D,ENVZ_ECOLI_Ghose_2023,True
GaussianProcessRegressor,0.9989353824888052,1.1994492558825265,1.095193707013753,0.871510740400896,0.1019683107675261,0.2828277553111499,10.0,48,score,100,facebook/esm2_t33_650M_UR50D,ENVZ_ECOLI_Ghose_2023,False
GaussianProcessRegressor,1.2739215662372352,1.3348552766235022,1.155359371201663,0.981289332091122,0.0005893679386388,0.0697668784251639,0.0,48,score,100,facebook/esm2_t33_650M_UR50D,ENVZ_ECOLI_Ghose_2023,True
GaussianProcessRegressor,1.0068940820836736,0.9444506741638754,0.9718285209664692,0.770627354359156,0.2928866059514226,0.4250532234269912,10.0,48,score,350,facebook/esm2_t33_650M_UR50D,ENVZ_ECOLI_Ghose_2023,False
GaussianProcessRegressor,1.228694539093926,1.2657929488709752,1.1250746414665007,0.9621072332752846,0.0522965648456857,0.2458666510012461,0.0,48,score,350,facebook/esm2_t33_650M_UR50D,ENVZ_ECOLI_Ghose_2023,True
GaussianProcessRegressor,1.012104292387418,1.24477548122495,1.1156950664159764,0.8828077216883061,0.0680324135120484,0.2461183111036861,10.0,48,score,75,facebook/esm2_t33_650M_UR50D,ENVZ_ECOLI_Ghose_2023,False
GaussianProcessRegressor,1.2435237802380084,1.3725551757805396,1.1715609995986294,0.9946482265278738,-0.0276366732697306,0.0735749394228862,0.0,48,score,75,facebook/esm2_t33_650M_UR50D,ENVZ_ECOLI_Ghose_2023,True
GaussianProcessRegressor,1.1391385892835215,1.0843281152253104,1.041310767842775,0.8442868959172599,0.188159895700148,0.3714003163494303,10.0,48,score,200,facebook/esm2_t33_650M_UR50D,ENVZ_ECOLI_Ghose_2023,False
GaussianProcessRegressor,1.2060124009702546,1.2646566358921063,1.124569533595903,0.9515142429664524,0.0531473261921165,0.2300912770505383,0.0,48,score,200,facebook/esm2_t33_650M_UR50D,ENVZ_ECOLI_Ghose_2023,True
GaussianProcessRegressor,1.0107911597089916,1.2393806615076948,1.1132747466406012,0.8909436560546373,0.0720715331663657,0.2097938779609135,0.0,48,score,50,facebook/esm2_t33_650M_UR50D,ENVZ_ECOLI_Ghose_2023,False
GaussianProcessRegressor,1.1528328574639108,1.363398878705645,1.1676467268423465,0.9380938538431433,-0.0207813228754099,0.0310650921812326,0.0,48,score,50,facebook/esm2_t33_650M_UR50D,ENVZ_ECOLI_Ghose_2023,True
GaussianProcessRegressor,0.8738228853463401,0.9262365308096208,0.9624118301484146,0.7382710395428878,0.3065235962985538,0.4291997364332673,10.0,48,score,500,facebook/esm2_t33_650M_UR50D,ENVZ_ECOLI_Ghose_2023,False
GaussianProcessRegressor,1.1648864692345846,1.2596432820699042,1.1223383099894186,0.9402349291125126,0.0569008410486996,0.2403225587371705,0.0,48,score,500,facebook/esm2_t33_650M_UR50D,ENVZ_ECOLI_Ghose_2023,True
GaussianProcessRegressor,0.4223736377204701,1.6711751090696825,1.2927393817276869,0.8253226422430774,-0.2512144209859723,,5.0,48,score,20,facebook/esm2_t33_650M_UR50D,ENVZ_ECOLI_Ghose_2023,False
GaussianProcessRegressor,0.40141224987726,1.6595409476254643,1.288231713483822,0.8271750814753693,-0.2425038852102281,0.0419131186346638,5.0,48,score,20,facebook/esm2_t33_650M_UR50D,ENVZ_ECOLI_Ghose_2023,True
GaussianProcessRegressor,0.1776186343687356,0.1910788695077706,0.4371256907432582,0.3274279817633274,0.7598414273255656,0.7807266749066996,20.0,51,score,100,facebook/esm2_t33_650M_UR50D,YNZC_BACSU_Tsuboyama_2023_2JVD,False
GaussianProcessRegressor,0.488397770890857,0.587641652668136,0.7665778842806098,0.6295149308216753,0.2614192196532434,0.4557430069720278,20.0,51,score,100,facebook/esm2_t33_650M_UR50D,YNZC_BACSU_Tsuboyama_2023_2JVD,True
GaussianProcessRegressor,0.1085009037832793,0.1090695962709517,0.3302568640784802,0.238191036061833,0.862915252586088,0.8859821679286717,25.0,51,score,500,facebook/esm2_t33_650M_UR50D,YNZC_BACSU_Tsuboyama_2023_2JVD,False
GaussianProcessRegressor,0.3981283522324671,0.4488808785509262,0.6699857301099227,0.5153096939061363,0.435821494174935,0.565813495253981,30.0,51,score,500,facebook/esm2_t33_650M_UR50D,YNZC_BACSU_Tsuboyama_2023_2JVD,True
GaussianProcessRegressor,0.1773561823220531,0.2057463223332437,0.4535926832889214,0.3423568374006711,0.7414065551473419,0.7592620450481801,25.0,51,score,75,facebook/esm2_t33_650M_UR50D,YNZC_BACSU_Tsuboyama_2023_2JVD,False
GaussianProcessRegressor,0.5666545932105295,0.6030883382335109,0.7765876243113271,0.6421452385530689,0.2420049643382129,0.4987606830427322,35.0,51,score,75,facebook/esm2_t33_650M_UR50D,YNZC_BACSU_Tsuboyama_2023_2JVD,True
GaussianProcessRegressor,0.2029269844850944,0.162463841859134,0.4030680362657575,0.3049354723407493,0.7958063888874538,0.8132644690578761,30.0,51,score,200,facebook/esm2_t33_650M_UR50D,YNZC_BACSU_Tsuboyama_2023_2JVD,False
GaussianProcessRegressor,0.4460492717388624,0.4822819394631681,0.6944652183249843,0.5462285244234331,0.3938411792653911,0.5436925107700431,30.0,51,score,200,facebook/esm2_t33_650M_UR50D,YNZC_BACSU_Tsuboyama_2023_2JVD,True
GaussianProcessRegressor,0.1276511573636923,0.1193129154164755,0.3454170166863172,0.254466952431415,0.8500408781888831,0.873317893271573,25.0,51,score,350,facebook/esm2_t33_650M_UR50D,YNZC_BACSU_Tsuboyama_2023_2JVD,False
GaussianProcessRegressor,0.4028300234470626,0.4829146823315137,0.6949206302388163,0.5429426619343847,0.3930459127635363,0.5312131328525314,20.0,51,score,350,facebook/esm2_t33_650M_UR50D,YNZC_BACSU_Tsuboyama_2023_2JVD,True
GaussianProcessRegressor,0.4879959733720838,0.4210734168681447,0.6489017004663685,0.4980674913773514,0.4707714618225312,0.6020180240720963,15.0,51,score,20,facebook/esm2_t33_650M_UR50D,YNZC_BACSU_Tsuboyama_2023_2JVD,False
GaussianProcessRegressor,0.6803267737496752,0.7615317418759866,0.8726578607197591,0.7591138520969258,0.0428644640490964,0.3664612098448394,15.0,51,score,20,facebook/esm2_t33_650M_UR50D,YNZC_BACSU_Tsuboyama_2023_2JVD,True
GaussianProcessRegressor,0.2086039192250348,0.2787655733911676,0.5279825502714722,0.422177729101552,0.6496318908058509,0.6885749462997852,35.0,51,score,50,facebook/esm2_t33_650M_UR50D,YNZC_BACSU_Tsuboyama_2023_2JVD,False
GaussianProcessRegressor,0.6703956191904242,0.645938311388645,0.8037028750655587,0.6693358651578297,0.1881487299016975,0.4720761283045132,20.0,51,score,50,facebook/esm2_t33_650M_UR50D,YNZC_BACSU_Tsuboyama_2023_2JVD,True
GaussianProcessRegressor,0.1392915039560505,0.1143050571168215,0.3380903091140317,0.2448018014625634,0.8402615044692758,0.8559712958851835,45.0,44,score,200,facebook/esm2_t33_650M_UR50D,YNZC_BACSU_Tsuboyama_2023_2JVD,False
GaussianProcessRegressor,0.4429532955359395,0.400374497910847,0.6327515293627088,0.4885725819089694,0.4404865230084741,0.6025092580370321,15.0,44,score,200,facebook/esm2_t33_650M_UR50D,YNZC_BACSU_Tsuboyama_2023_2JVD,True
GaussianProcessRegressor,0.1890670723286565,0.1519581913763159,0.389818151676286,0.2846607116481425,0.7876421788651521,0.8426158184632737,40.0,44,score,75,facebook/esm2_t33_650M_UR50D,YNZC_BACSU_Tsuboyama_2023_2JVD,False
GaussianProcessRegressor,0.5017011077209611,0.5337414970249562,0.7305761404706262,0.5479804748508216,0.2541094341088784,0.5866160104640419,20.0,44,score,75,facebook/esm2_t33_650M_UR50D,YNZC_BACSU_Tsuboyama_2023_2JVD,True
GaussianProcessRegressor,0.0891984633885107,0.0824142465958425,0.2870788159997922,0.2144789214538926,0.8848281249003407,0.9074399817599268,40.0,44,score,500,facebook/esm2_t33_650M_UR50D,YNZC_BACSU_Tsuboyama_2023_2JVD,False
GaussianProcessRegressor,0.4278634295911142,0.4107043874882853,0.6408622219231567,0.4862219921227753,0.4260507573326643,0.6130248520994084,25.0,44,score,500,facebook/esm2_t33_650M_UR50D,YNZC_BACSU_Tsuboyama_2023_2JVD,True
GaussianProcessRegressor,0.191884032124509,0.1479171458829717,0.3845999816471288,0.2774087219152595,0.793289440182893,0.829385333541334,25.0,44,score,100,facebook/esm2_t33_650M_UR50D,YNZC_BACSU_Tsuboyama_2023_2JVD,False
GaussianProcessRegressor,0.3685773275295728,0.4576981455388658,0.6765339204643517,0.5122487165794778,0.3603781405676631,0.596063216252865,20.0,44,score,100,facebook/esm2_t33_650M_UR50D,YNZC_BACSU_Tsuboyama_2023_2JVD,True
GaussianProcessRegressor,0.0854258580750951,0.0993119609974885,0.3151380030994176,0.2351190242336105,0.861213986169207,0.8809035556142224,50.0,44,score,350,facebook/esm2_t33_650M_UR50D,YNZC_BACSU_Tsuboyama_2023_2JVD,False
GaussianProcessRegressor,0.425168560733638,0.4120674500432005,0.641924800925467,0.4871482117542773,0.4241459110613931,0.6112832131328525,25.0,44,score,350,facebook/esm2_t33_650M_UR50D,YNZC_BACSU_Tsuboyama_2023_2JVD,True
GaussianProcessRegressor,0.4807781597262427,0.3001568962569046,0.5478657648155291,0.42225920671815,0.5805381472995774,0.6655268861075443,40.0,44,score,20,facebook/esm2_t33_650M_UR50D,YNZC_BACSU_Tsuboyama_2023_2JVD,False
GaussianProcessRegressor,0.8268836385744682,0.7162779508401756,0.8463320570793568,0.6646618562846767,-0.0009807539145321,0.3414508303877822,15.0,44,score,20,facebook/esm2_t33_650M_UR50D,YNZC_BACSU_Tsuboyama_2023_2JVD,True
GaussianProcessRegressor,0.3057584524816288,0.1947232289856785,0.4412745505755782,0.3285246853809709,0.7278790945245108,0.811377293509174,45.0,44,score,50,facebook/esm2_t33_650M_UR50D,YNZC_BACSU_Tsuboyama_2023_2JVD,False
GaussianProcessRegressor,0.6009907492370516,0.5989190866984689,0.7738986281797307,0.6167088998157114,0.163025361545709,0.4776627746510986,15.0,44,score,50,facebook/esm2_t33_650M_UR50D,YNZC_BACSU_Tsuboyama_2023_2JVD,True
GaussianProcessRegressor,0.1423574930682956,0.2722182408843548,0.5217453793608093,0.401259252547253,0.6493686275908837,0.7616170304681218,40.0,46,score,20,facebook/esm2_t33_650M_UR50D,YNZC_BACSU_Tsuboyama_2023_2JVD,False
GaussianProcessRegressor,0.4813955482319144,0.5810298738142335,0.7622531559883721,0.6103617832363084,0.2516030468629437,0.4665284581138324,20.0,46,score,20,facebook/esm2_t33_650M_UR50D,YNZC_BACSU_Tsuboyama_2023_2JVD,True
GaussianProcessRegressor,0.1747662366876763,0.1210900394655307,0.3479799411827221,0.2592739231778498,0.8440296778608958,0.8855315421261685,35.0,46,score,200,facebook/esm2_t33_650M_UR50D,YNZC_BACSU_Tsuboyama_2023_2JVD,False
GaussianProcessRegressor,0.4534648159858269,0.4827586050109749,0.6948083224969135,0.5400047745015308,0.3781815955190932,0.5882393769575078,40.0,46,score,200,facebook/esm2_t33_650M_UR50D,YNZC_BACSU_Tsuboyama_2023_2JVD,True
GaussianProcessRegressor,0.2448491491784588,0.2287020124529323,0.4782279921260698,0.3626132939416746,0.7054198122852271,0.7936800067200269,25.0,46,score,75,facebook/esm2_t33_650M_UR50D,YNZC_BACSU_Tsuboyama_2023_2JVD,False
GaussianProcessRegressor,0.5263986562793355,0.4905660803429747,0.7004042263885725,0.5566620128081172,0.3681251577806965,0.5267358669434677,10.0,46,score,75,facebook/esm2_t33_650M_UR50D,YNZC_BACSU_Tsuboyama_2023_2JVD,True
GaussianProcessRegressor,0.2417423246711739,0.2652131483816797,0.5149884934459019,0.3978238804824038,0.6583915541592367,0.7873886215544862,30.0,46,score,50,facebook/esm2_t33_650M_UR50D,YNZC_BACSU_Tsuboyama_2023_2JVD,False
GaussianProcessRegressor,0.3534368159468521,0.5965547674251538,0.7723695795570626,0.5904513652423456,0.231606169594109,0.4650115560462241,15.0,46,score,50,facebook/esm2_t33_650M_UR50D,YNZC_BACSU_Tsuboyama_2023_2JVD,True
GaussianProcessRegressor,0.2172716063751791,0.1877031320459704,0.4332471950814806,0.3286577947536073,0.7582285206863565,0.8227845391381565,20.0,46,score,100,facebook/esm2_t33_650M_UR50D,YNZC_BACSU_Tsuboyama_2023_2JVD,False
GaussianProcessRegressor,0.4669385535797373,0.5244520202018849,0.7241905965986336,0.5919739383308211,0.3244782898871156,0.5407344509378038,15.0,46,score,100,facebook/esm2_t33_650M_UR50D,YNZC_BACSU_Tsuboyama_2023_2JVD,True
GaussianProcessRegressor,0.1148741045372983,0.0970826090789078,0.3115808227072197,0.2241673592577002,0.8749525074153413,0.9129031716126864,30.0,46,score,350,facebook/esm2_t33_650M_UR50D,YNZC_BACSU_Tsuboyama_2023_2JVD,False
GaussianProcessRegressor,0.3946278348007402,0.4494915508958997,0.6704413105529071,0.5389134851141678,0.421031306113368,0.6246061464245857,40.0,46,score,350,facebook/esm2_t33_650M_UR50D,YNZC_BACSU_Tsuboyama_2023_2JVD,True
GaussianProcessRegressor,0.1006476674180768,0.0885539632664489,0.2975801795591383,0.213928106957507,0.8859378505587646,0.9208023712094848,40.0,46,score,500,facebook/esm2_t33_650M_UR50D,YNZC_BACSU_Tsuboyama_2023_2JVD,False
GaussianProcessRegressor,0.3606404787879253,0.415544075543207,0.6446270825393601,0.5057131665463797,0.4647574349505461,0.6536491425965704,40.0,46,score,500,facebook/esm2_t33_650M_UR50D,YNZC_BACSU_Tsuboyama_2023_2JVD,True
GaussianProcessRegressor,0.2639877822532229,0.192111128952545,0.4383048356481422,0.3211965129341986,0.7434729313156399,0.7790983163932655,40.0,43,score,75,facebook/esm2_t33_650M_UR50D,YNZC_BACSU_Tsuboyama_2023_2JVD,False
GaussianProcessRegressor,0.4970209313544799,0.658433362642473,0.8114390689648071,0.603406625901279,0.1207902355079975,0.4718090552362209,45.0,43,score,75,facebook/esm2_t33_650M_UR50D,YNZC_BACSU_Tsuboyama_2023_2JVD,True
GaussianProcessRegressor,0.7908041863378268,0.3988261398530077,0.6315268322510198,0.484790796274479,0.4674452171041944,0.6077792951171804,25.0,43,score,20,facebook/esm2_t33_650M_UR50D,YNZC_BACSU_Tsuboyama_2023_2JVD,False
GaussianProcessRegressor,0.8318646337748239,0.6706192779907718,0.8189134740561861,0.6462793150908506,0.1045183143518471,0.3673704294817179,15.0,43,score,20,facebook/esm2_t33_650M_UR50D,YNZC_BACSU_Tsuboyama_2023_2JVD,True
GaussianProcessRegressor,0.2204022597350676,0.2461876257173799,0.4961729796324866,0.3563688196463461,0.6712642816895735,0.7383777375109499,40.0,43,score,50,facebook/esm2_t33_650M_UR50D,YNZC_BACSU_Tsuboyama_2023_2JVD,False
GaussianProcessRegressor,0.4876357114306421,0.6107718385706626,0.7815189303981463,0.6132006266357978,0.1844329360940251,0.41825466501866,20.0,43,score,50,facebook/esm2_t33_650M_UR50D,YNZC_BACSU_Tsuboyama_2023_2JVD,True
GaussianProcessRegressor,0.1040314206495255,0.1101859213899266,0.3319426477419355,0.2303984118159009,0.8528681207665727,0.8867554510218041,60.0,43,score,500,facebook/esm2_t33_650M_UR50D,YNZC_BACSU_Tsuboyama_2023_2JVD,False
GaussianProcessRegressor,0.424862139521947,0.3864163899924399,0.6216239940610722,0.4813645844788304,0.4840160257408142,0.6036073104292417,35.0,43,score,500,facebook/esm2_t33_650M_UR50D,YNZC_BACSU_Tsuboyama_2023_2JVD,True
GaussianProcessRegressor,0.142305898518852,0.1493474895723353,0.3864550291720051,0.2818024997066159,0.8005754589843522,0.8357105108420433,35.0,43,score,200,facebook/esm2_t33_650M_UR50D,YNZC_BACSU_Tsuboyama_2023_2JVD,False
GaussianProcessRegressor,0.3791655477942558,0.4215949142138342,0.6493034069014534,0.4982087398361112,0.4370419449139548,0.5746534026136104,50.0,43,score,200,facebook/esm2_t33_650M_UR50D,YNZC_BACSU_Tsuboyama_2023_2JVD,True
GaussianProcessRegressor,0.105871114613126,0.1299794497436787,0.3605266283420389,0.2562619304673724,0.8264377112676883,0.8640908163632653,50.0,43,score,350,facebook/esm2_t33_650M_UR50D,YNZC_BACSU_Tsuboyama_2023_2JVD,False
GaussianProcessRegressor,0.4204247039334546,0.4063222477471008,0.6374341124752431,0.4962177007399133,0.4574356221624647,0.5753824295297182,30.0,43,score,350,facebook/esm2_t33_650M_UR50D,YNZC_BACSU_Tsuboyama_2023_2JVD,True
GaussianProcessRegressor,0.1842025470199003,0.185633454500599,0.4308520099762783,0.3094203250457888,0.7521226063662703,0.7888304513218052,50.0,43,score,100,facebook/esm2_t33_650M_UR50D,YNZC_BACSU_Tsuboyama_2023_2JVD,False
GaussianProcessRegressor,0.4208702468231321,0.5337623913434549,0.7305904402217804,0.5596124207844182,0.2872640831801387,0.5164784179136717,50.0,43,score,100,facebook/esm2_t33_650M_UR50D,YNZC_BACSU_Tsuboyama_2023_2JVD,True
GaussianProcessRegressor,0.2032408775983068,0.2205407113906685,0.469617622529935,0.3551586796560355,0.7044404890835498,0.7390088440353761,35.0,42,score,75,facebook/esm2_t33_650M_UR50D,YNZC_BACSU_Tsuboyama_2023_2JVD,False
GaussianProcessRegressor,0.5336958832129979,0.5054874451357927,0.7109764026574952,0.5340925101762831,0.322566699288056,0.5444075216300865,30.0,42,score,75,facebook/esm2_t33_650M_UR50D,YNZC_BACSU_Tsuboyama_2023_2JVD,True
GaussianProcessRegressor,0.154254318262534,0.138284644092594,0.3718664331350627,0.2725785931502302,0.8146766575770108,0.8453022932091728,40.0,42,score,200,facebook/esm2_t33_650M_UR50D,YNZC_BACSU_Tsuboyama_2023_2JVD,False
GaussianProcessRegressor,0.4078673304444439,0.4121778570096341,0.6420107919728719,0.4813112615718704,0.447616337771945,0.6200694562778251,20.0,42,score,200,facebook/esm2_t33_650M_UR50D,YNZC_BACSU_Tsuboyama_2023_2JVD,True
GaussianProcessRegressor,0.2067143818691419,0.3637043521298124,0.6030790596014858,0.4625608612969347,0.5125785177900715,0.693560246240985,50.0,42,score,20,facebook/esm2_t33_650M_UR50D,YNZC_BACSU_Tsuboyama_2023_2JVD,False
GaussianProcessRegressor,0.988860389349178,0.9389519425329066,0.968995326373098,0.7823019277525889,-0.2583444351799571,0.3126322585290341,10.0,42,score,20,facebook/esm2_t33_650M_UR50D,YNZC_BACSU_Tsuboyama_2023_2JVD,True
GaussianProcessRegressor,0.1787456865628226,0.2474276568437475,0.4974210056317963,0.3820268193200543,0.6684077203578136,0.6955970863883455,40.0,42,score,50,facebook/esm2_t33_650M_UR50D,YNZC_BACSU_Tsuboyama_2023_2JVD,False
GaussianProcessRegressor,0.6402541124089584,0.5121214167692094,0.7156265903173312,0.5590575887899586,0.3136761257561107,0.5012777171108684,30.0,42,score,50,facebook/esm2_t33_650M_UR50D,YNZC_BACSU_Tsuboyama_2023_2JVD,True
GaussianProcessRegressor,0.1194818101670403,0.1205470134481855,0.3471988096871669,0.2522925830906907,0.8384478942118259,0.8790834843339372,35.0,42,score,350,facebook/esm2_t33_650M_UR50D,YNZC_BACSU_Tsuboyama_2023_2JVD,False
GaussianProcessRegressor,0.4106942043484717,0.4115448458020777,0.6415176114512194,0.5054995876344426,0.4484646731279447,0.646937083748335,15.0,42,score,350,facebook/esm2_t33_650M_UR50D,YNZC_BACSU_Tsuboyama_2023_2JVD,True
GaussianProcessRegressor,0.2111256712220433,0.1802013487374662,0.4245012941528756,0.3156836456600363,0.7585016291845347,0.8115271501086004,35.0,42,score,100,facebook/esm2_t33_650M_UR50D,YNZC_BACSU_Tsuboyama_2023_2JVD,False
GaussianProcessRegressor,0.422339488713544,0.4877162937703854,0.6983668761978803,0.5140680477338797,0.34638285900234,0.5689844839379357,15.0,42,score,100,facebook/esm2_t33_650M_UR50D,YNZC_BACSU_Tsuboyama_2023_2JVD,True
GaussianProcessRegressor,0.1050038086262954,0.1062307363770741,0.3259305698719807,0.2361632550747825,0.857633974743627,0.8861135924543697,40.0,42,score,500,facebook/esm2_t33_650M_UR50D,YNZC_BACSU_Tsuboyama_2023_2JVD,False
GaussianProcessRegressor,0.3755910828206849,0.3845433241139612,0.6201155731909668,0.4820788599776217,0.4846509921699775,0.6530148680594722,10.0,42,score,500,facebook/esm2_t33_650M_UR50D,YNZC_BACSU_Tsuboyama_2023_2JVD,True
GaussianProcessRegressor,0.0989702526640595,0.1431976002380744,0.378414587771236,0.2794252759042113,0.8329121412432112,0.8763225132900531,30.0,49,score,200,facebook/esm2_t33_650M_UR50D,YNZC_BACSU_Tsuboyama_2023_2JVD,False
GaussianProcessRegressor,0.3473759019158531,0.5029032205887506,0.709156696780585,0.5463844859144651,0.4131953178659132,0.5849007716030864,30.0,49,score,200,facebook/esm2_t33_650M_UR50D,YNZC_BACSU_Tsuboyama_2023_2JVD,True
GaussianProcessRegressor,0.1093586320118795,0.0978162636538875,0.3127559170565563,0.2269561363526889,0.8858646372680488,0.912816099264397,50.0,49,score,500,facebook/esm2_t33_650M_UR50D,YNZC_BACSU_Tsuboyama_2023_2JVD,False
GaussianProcessRegressor,0.3914551671209951,0.4087037145388188,0.6392993935073135,0.4966435817016733,0.5231105240960614,0.6513020292081169,20.0,49,score,500,facebook/esm2_t33_650M_UR50D,YNZC_BACSU_Tsuboyama_2023_2JVD,True
GaussianProcessRegressor,0.1055930743745633,0.1837283833539597,0.428635490077478,0.3168194787725417,0.7856194369429306,0.8355185100740402,45.0,49,score,100,facebook/esm2_t33_650M_UR50D,YNZC_BACSU_Tsuboyama_2023_2JVD,False
GaussianProcessRegressor,0.3486358746529326,0.5266949063729487,0.7257374913651277,0.5575275068094646,0.3854343649778284,0.5326353785415141,10.0,49,score,100,facebook/esm2_t33_650M_UR50D,YNZC_BACSU_Tsuboyama_2023_2JVD,True
GaussianProcessRegressor,0.2579236583919887,0.3462112394720423,0.5883971783345348,0.4748400733925962,0.5960288818755193,0.7462092568370273,40.0,49,score,20,facebook/esm2_t33_650M_UR50D,YNZC_BACSU_Tsuboyama_2023_2JVD,False
GaussianProcessRegressor,0.7687357114235464,0.7594378197755082,0.8714572965874507,0.7407330836402195,0.1138619714698652,0.3127226908907635,5.0,49,score,20,facebook/esm2_t33_650M_UR50D,YNZC_BACSU_Tsuboyama_2023_2JVD,True
GaussianProcessRegressor,0.1184324692314974,0.1046252995759882,0.3234583428758459,0.2401480535856188,0.8779196212165901,0.9004202416809666,55.00000000000001,49,score,350,facebook/esm2_t33_650M_UR50D,YNZC_BACSU_Tsuboyama_2023_2JVD,False
GaussianProcessRegressor,0.4132036120503143,0.4399675901700289,0.6633005277926658,0.5205081710056441,0.4866307644703934,0.6157863031452125,20.0,49,score,350,facebook/esm2_t33_650M_UR50D,YNZC_BACSU_Tsuboyama_2023_2JVD,True
GaussianProcessRegressor,0.1683183991932174,0.2110641183660986,0.4594171507095688,0.3451106332258877,0.7537231661735351,0.8228832275329101,50.0,49,score,50,facebook/esm2_t33_650M_UR50D,YNZC_BACSU_Tsuboyama_2023_2JVD,False
GaussianProcessRegressor,0.4405722452168463,0.5889321170537678,0.7674191273702837,0.6062998845862189,0.3128138584165165,0.5193831015324061,0.0,49,score,50,facebook/esm2_t33_650M_UR50D,YNZC_BACSU_Tsuboyama_2023_2JVD,True
GaussianProcessRegressor,0.1421837768186804,0.1884992099021523,0.4341649570176666,0.318341021875389,0.7800526733162201,0.8363858735434943,40.0,49,score,75,facebook/esm2_t33_650M_UR50D,YNZC_BACSU_Tsuboyama_2023_2JVD,False
GaussianProcessRegressor,0.3695552523314572,0.5496142457743156,0.7413597276453014,0.571830916846209,0.3586912956922562,0.5401629606518425,10.0,49,score,75,facebook/esm2_t33_650M_UR50D,YNZC_BACSU_Tsuboyama_2023_2JVD,True
GaussianProcessRegressor,0.2868532702269507,0.3749079118412868,0.6122972414124425,0.482068774683784,0.5047775963002121,0.6734382777531109,30.0,48,score,20,facebook/esm2_t33_650M_UR50D,YNZC_BACSU_Tsuboyama_2023_2JVD,False
GaussianProcessRegressor,0.5093883803597934,0.7494327149548028,0.865697819654643,0.7074959017347872,0.0100612476050073,0.3203092172368689,20.0,48,score,20,facebook/esm2_t33_650M_UR50D,YNZC_BACSU_Tsuboyama_2023_2JVD,True
GaussianProcessRegressor,0.1888253135057989,0.2646756035300541,0.5144663288593861,0.3991034631735683,0.6503853761391574,0.7572304849219396,30.0,48,score,50,facebook/esm2_t33_650M_UR50D,YNZC_BACSU_Tsuboyama_2023_2JVD,False
GaussianProcessRegressor,0.5220648701373571,0.5057271236524338,0.7111449385690893,0.5669073464766823,0.3319762163425288,0.4959985599942399,40.0,48,score,50,facebook/esm2_t33_650M_UR50D,YNZC_BACSU_Tsuboyama_2023_2JVD,True
GaussianProcessRegressor,0.1510856423179488,0.2294515822090821,0.4790110460199034,0.3612226170499329,0.6969134006368878,0.7821006324025296,35.0,48,score,75,facebook/esm2_t33_650M_UR50D,YNZC_BACSU_Tsuboyama_2023_2JVD,False
GaussianProcessRegressor,0.4316936461037047,0.5346446175516845,0.7311939671193167,0.573731138302163,0.2937785939786045,0.4481652166608665,50.0,48,score,75,facebook/esm2_t33_650M_UR50D,YNZC_BACSU_Tsuboyama_2023_2JVD,True
GaussianProcessRegressor,0.1329514178096895,0.2309777934345961,0.4806014912946027,0.3529179009300473,0.694897401593441,0.7763905295621182,45.0,48,score,100,facebook/esm2_t33_650M_UR50D,YNZC_BACSU_Tsuboyama_2023_2JVD,False
GaussianProcessRegressor,0.5444008088724814,0.6078916048301439,0.7796740375504009,0.6146624428812029,0.1970253701651725,0.524814803259213,10.0,48,score,100,facebook/esm2_t33_650M_UR50D,YNZC_BACSU_Tsuboyama_2023_2JVD,True
GaussianProcessRegressor,0.1479797945934707,0.1481095677925203,0.3848500588443768,0.2717508404478375,0.8043594870726567,0.8595023820095281,50.0,48,score,350,facebook/esm2_t33_650M_UR50D,YNZC_BACSU_Tsuboyama_2023_2JVD,False
GaussianProcessRegressor,0.418113444735081,0.4704016915782166,0.685858361163744,0.536724878237678,0.3786381960740562,0.5510805083220333,25.0,48,score,350,facebook/esm2_t33_650M_UR50D,YNZC_BACSU_Tsuboyama_2023_2JVD,True
GaussianProcessRegressor,0.117893183078363,0.1234227992152098,0.3513158112229079,0.2476769153227261,0.8369686705235826,0.8711486685946742,55.00000000000001,48,score,500,facebook/esm2_t33_650M_UR50D,YNZC_BACSU_Tsuboyama_2023_2JVD,False
GaussianProcessRegressor,0.4044692640207586,0.4547245890978327,0.6743326991165657,0.5330793860132391,0.3993463543395192,0.553942183768735,35.0,48,score,500,facebook/esm2_t33_650M_UR50D,YNZC_BACSU_Tsuboyama_2023_2JVD,True
GaussianProcessRegressor,0.1717126271252691,0.1878073871432095,0.4333674966390644,0.3103864440181587,0.7519219446800842,0.8259205836823347,55.00000000000001,48,score,200,facebook/esm2_t33_650M_UR50D,YNZC_BACSU_Tsuboyama_2023_2JVD,False
GaussianProcessRegressor,0.4543768397676212,0.5097595386189396,0.7139744663634265,0.5605483383158769,0.3266497290389656,0.5348421393685575,30.0,48,score,200,facebook/esm2_t33_650M_UR50D,YNZC_BACSU_Tsuboyama_2023_2JVD,True
GaussianProcessRegressor,0.1338380296583322,0.0947514193685295,0.3078171849792171,0.2242673807851221,0.8753870874267193,0.8867695630782522,55.00000000000001,47,score,500,facebook/esm2_t33_650M_UR50D,YNZC_BACSU_Tsuboyama_2023_2JVD,False
GaussianProcessRegressor,0.4392002650583397,0.4074025783914904,0.6382809556860446,0.5012063593612289,0.4642019906237972,0.619686990747963,20.0,47,score,500,facebook/esm2_t33_650M_UR50D,YNZC_BACSU_Tsuboyama_2023_2JVD,True
GaussianProcessRegressor,0.1319173651670467,0.1171962701351828,0.3423394078034003,0.248635729018336,0.8458686037465238,0.8690439561758247,55.00000000000001,47,score,350,facebook/esm2_t33_650M_UR50D,YNZC_BACSU_Tsuboyama_2023_2JVD,False
GaussianProcessRegressor,0.4291511826162465,0.4316095262907343,0.656969958438538,0.5146753318011857,0.4323660740503267,0.5817094308377232,30.0,47,score,350,facebook/esm2_t33_650M_UR50D,YNZC_BACSU_Tsuboyama_2023_2JVD,True
GaussianProcessRegressor,0.1296728810987565,0.1471945240985211,0.3836593855212213,0.2778940926912405,0.8064162153454048,0.8564692498769995,45.0,47,score,200,facebook/esm2_t33_650M_UR50D,YNZC_BACSU_Tsuboyama_2023_2JVD,False
GaussianProcessRegressor,0.4144183471225734,0.4214038442574861,0.6491562556561296,0.5047572937281403,0.4457881396134124,0.6022420889683558,30.0,47,score,200,facebook/esm2_t33_650M_UR50D,YNZC_BACSU_Tsuboyama_2023_2JVD,True
GaussianProcessRegressor,0.253564547926293,0.2364343366940557,0.4862451405351581,0.3714113487203585,0.689051926354956,0.7801616166464665,35.0,47,score,75,facebook/esm2_t33_650M_UR50D,YNZC_BACSU_Tsuboyama_2023_2JVD,False
GaussianProcessRegressor,0.525795542670272,0.5876196886502867,0.7665635581282786,0.5940742504890617,0.227188348458268,0.4942205368821474,15.0,47,score,75,facebook/esm2_t33_650M_UR50D,YNZC_BACSU_Tsuboyama_2023_2JVD,True
GaussianProcessRegressor,0.453469850798098,0.7717542332199351,0.8784954372220354,0.6835997261161472,-0.0149773315610806,0.1307082383806583,10.0,47,score,20,facebook/esm2_t33_650M_UR50D,YNZC_BACSU_Tsuboyama_2023_2JVD,False
GaussianProcessRegressor,0.436061915285354,0.6290565087883085,0.7931308270319019,0.6368088982046302,0.172692459324505,0.3933375733502934,5.0,47,score,20,facebook/esm2_t33_650M_UR50D,YNZC_BACSU_Tsuboyama_2023_2JVD,True
GaussianProcessRegressor,0.2018394771268382,0.1925238221153501,0.4387753663497418,0.3317429344246928,0.7468011099630847,0.8072847971391885,45.0,47,score,100,facebook/esm2_t33_650M_UR50D,YNZC_BACSU_Tsuboyama_2023_2JVD,False
GaussianProcessRegressor,0.5484784346873854,0.5553516180108111,0.7452191744787644,0.5877918543257797,0.2696259002364205,0.5468513074052295,15.0,47,score,100,facebook/esm2_t33_650M_UR50D,YNZC_BACSU_Tsuboyama_2023_2JVD,True
GaussianProcessRegressor,0.3298680665847135,0.3329561379105001,0.5770235159077143,0.4469692128323796,0.562110685194032,0.7563334573338293,20.0,47,score,50,facebook/esm2_t33_650M_UR50D,YNZC_BACSU_Tsuboyama_2023_2JVD,False
GaussianProcessRegressor,0.6216371466829941,0.678127552719148,0.8234850045502639,0.6402906326683244,0.1081563737651967,0.4123662894651578,15.0,47,score,50,facebook/esm2_t33_650M_UR50D,YNZC_BACSU_Tsuboyama_2023_2JVD,True
GaussianProcessRegressor,0.1598661660935525,0.1516222285536899,0.3893869907350397,0.2909898021778199,0.8061665787081045,0.8520603362413449,40.0,45,score,100,facebook/esm2_t33_650M_UR50D,YNZC_BACSU_Tsuboyama_2023_2JVD,False
GaussianProcessRegressor,0.4761557861853891,0.4519872395812677,0.6722999625028011,0.5235714010004272,0.4221808117185555,0.6099937359749439,5.0,45,score,100,facebook/esm2_t33_650M_UR50D,YNZC_BACSU_Tsuboyama_2023_2JVD,True
GaussianProcessRegressor,0.1158870498872191,0.0957818391498185,0.309486411898517,0.238503451525915,0.8775527720629356,0.9015424861699446,55.00000000000001,45,score,350,facebook/esm2_t33_650M_UR50D,YNZC_BACSU_Tsuboyama_2023_2JVD,False
GaussianProcessRegressor,0.4765861699158999,0.4459465289813107,0.6677922798155956,0.524033433339952,0.4299032387913726,0.6101587606350425,25.0,45,score,350,facebook/esm2_t33_650M_UR50D,YNZC_BACSU_Tsuboyama_2023_2JVD,True
GaussianProcessRegressor,0.1795603784358474,0.1642213399047049,0.4052423224500433,0.306404472983306,0.7900599109609013,0.8423438493753975,30.0,45,score,75,facebook/esm2_t33_650M_UR50D,YNZC_BACSU_Tsuboyama_2023_2JVD,False
GaussianProcessRegressor,0.6348595575812822,0.4915228331788066,0.7010868941713335,0.5494854927878755,0.371638622470207,0.5868446833787335,0.0,45,score,75,facebook/esm2_t33_650M_UR50D,YNZC_BACSU_Tsuboyama_2023_2JVD,True
GaussianProcessRegressor,0.3270819481905291,0.3674299748255836,0.6061600241071524,0.4789452497932007,0.5302785760043185,0.7215475261901048,35.0,45,score,20,facebook/esm2_t33_650M_UR50D,YNZC_BACSU_Tsuboyama_2023_2JVD,False
GaussianProcessRegressor,1.0015211158734114,0.9306367037647328,0.9646951351410108,0.8144812635258688,-0.1897232878796151,0.3058611594446377,10.0,45,score,20,facebook/esm2_t33_650M_UR50D,YNZC_BACSU_Tsuboyama_2023_2JVD,True
GaussianProcessRegressor,0.1681789179885451,0.1754048056369321,0.418813569069738,0.3095347563802928,0.775763000504855,0.8229134676538706,30.0,45,score,50,facebook/esm2_t33_650M_UR50D,YNZC_BACSU_Tsuboyama_2023_2JVD,False
GaussianProcessRegressor,0.6055169832390772,0.5543874125309741,0.7445719659851384,0.6028745450974541,0.2912727248697003,0.5154509258037031,5.0,45,score,50,facebook/esm2_t33_650M_UR50D,YNZC_BACSU_Tsuboyama_2023_2JVD,True
GaussianProcessRegressor,0.0856210552626876,0.0853826933593191,0.2922031713710841,0.2281018099741316,0.8908470101592445,0.9136644546578184,55.00000000000001,45,score,500,facebook/esm2_t33_650M_UR50D,YNZC_BACSU_Tsuboyama_2023_2JVD,False
GaussianProcessRegressor,0.4561606454683076,0.4125240597867169,0.6422803591786977,0.5035928793574743,0.472630427369247,0.6259088716354865,30.0,45,score,500,facebook/esm2_t33_650M_UR50D,YNZC_BACSU_Tsuboyama_2023_2JVD,True
GaussianProcessRegressor,0.1492268061770327,0.1219919520804124,0.349273463178084,0.2686593827371268,0.8440458390080308,0.880814851259405,35.0,45,score,200,facebook/esm2_t33_650M_UR50D,YNZC_BACSU_Tsuboyama_2023_2JVD,False
GaussianProcessRegressor,0.4883248711400419,0.4732266312555408,0.6879146976591943,0.5358228613016824,0.3950284344342105,0.6040746402985611,35.0,45,score,200,facebook/esm2_t33_650M_UR50D,YNZC_BACSU_Tsuboyama_2023_2JVD,True
GaussianProcessRegressor,0.2170747078188123,0.3032871482551106,0.5507151244110794,0.4204328803612105,0.5842283649598008,0.7097420709682839,40.0,50,score,20,facebook/esm2_t33_650M_UR50D,YNZC_BACSU_Tsuboyama_2023_2JVD,False
GaussianProcessRegressor,0.7864533949737816,0.5435676267211846,0.7372703891525718,0.5910084923450054,0.2548315936991592,0.4916569426277705,5.0,50,score,20,facebook/esm2_t33_650M_UR50D,YNZC_BACSU_Tsuboyama_2023_2JVD,True
GaussianProcessRegressor,0.1377596959364173,0.1520067667945672,0.3898804519266993,0.2836309405980439,0.7916162873008038,0.8329227556910228,35.0,50,score,200,facebook/esm2_t33_650M_UR50D,YNZC_BACSU_Tsuboyama_2023_2JVD,False
GaussianProcessRegressor,0.4628535376442843,0.4428540030348944,0.6654727665614082,0.5104725230607441,0.3928983341851422,0.5573350293401174,15.0,50,score,200,facebook/esm2_t33_650M_UR50D,YNZC_BACSU_Tsuboyama_2023_2JVD,True
GaussianProcessRegressor,0.1220496597626824,0.1013884450413966,0.3184155226137644,0.2303395246173105,0.8610081574126359,0.8915269581078323,25.0,50,score,500,facebook/esm2_t33_650M_UR50D,YNZC_BACSU_Tsuboyama_2023_2JVD,False
GaussianProcessRegressor,0.4208172333484355,0.4188699735537319,0.6472016482934294,0.5009786386187055,0.4257776672185598,0.588561842247369,15.0,50,score,500,facebook/esm2_t33_650M_UR50D,YNZC_BACSU_Tsuboyama_2023_2JVD,True
GaussianProcessRegressor,0.2239493758237525,0.1801601837091481,0.4244528050433264,0.318594930860304,0.7530212058742157,0.7909630998523993,40.0,50,score,75,facebook/esm2_t33_650M_UR50D,YNZC_BACSU_Tsuboyama_2023_2JVD,False
GaussianProcessRegressor,0.7296235015463417,0.5229818844365405,0.7231748643561531,0.5913575853543698,0.2830522676625784,0.4449541958167832,5.0,50,score,75,facebook/esm2_t33_650M_UR50D,YNZC_BACSU_Tsuboyama_2023_2JVD,True
GaussianProcessRegressor,0.1095203908755231,0.1125506581541715,0.3354857048432488,0.2427407314047066,0.8457060530430113,0.8823975135900542,30.0,50,score,350,facebook/esm2_t33_650M_UR50D,YNZC_BACSU_Tsuboyama_2023_2JVD,False
GaussianProcessRegressor,0.3935094236319684,0.4184668184962717,0.6468901131539048,0.5011928756186418,0.4263303462172556,0.5842238728954916,5.0,50,score,350,facebook/esm2_t33_650M_UR50D,YNZC_BACSU_Tsuboyama_2023_2JVD,True
GaussianProcessRegressor,0.1967747082063993,0.1738929502944775,0.4170047365372215,0.3104903139053358,0.761612858698899,0.8081098244392977,35.0,50,score,100,facebook/esm2_t33_650M_UR50D,YNZC_BACSU_Tsuboyama_2023_2JVD,False
GaussianProcessRegressor,0.5944276065727868,0.4866255313479088,0.6975855011021292,0.561757766488389,0.3328926267240325,0.4748567794271176,0.0,50,score,100,facebook/esm2_t33_650M_UR50D,YNZC_BACSU_Tsuboyama_2023_2JVD,True
GaussianProcessRegressor,0.2099412487248017,0.2241589535923677,0.473454278249091,0.3691359173176256,0.6927039764784086,0.7545484261937048,30.0,50,score,50,facebook/esm2_t33_650M_UR50D,YNZC_BACSU_Tsuboyama_2023_2JVD,False
GaussianProcessRegressor,0.7764692243907351,0.5352536475855245,0.731610311289777,0.6004286950566406,0.2662290984032355,0.4769679238716954,5.0,50,score,50,facebook/esm2_t33_650M_UR50D,YNZC_BACSU_Tsuboyama_2023_2JVD,True
GaussianProcessRegressor,0.3771084286077318,0.2594183252871652,0.5093312530045306,0.3488123506062208,0.6498616105618005,0.8200110880443522,30.0,43,score,200,facebook/esm2_t33_650M_UR50D,SOX30_HUMAN_Tsuboyama_2023_7JJK,False
GaussianProcessRegressor,0.7706325998705057,0.6626398854374943,0.8140269562106002,0.6295227593308034,0.1056311769503342,0.3344903700447876,5.0,43,score,200,facebook/esm2_t33_650M_UR50D,SOX30_HUMAN_Tsuboyama_2023_7JJK,True
GaussianProcessRegressor,0.4457911549966996,0.4274726578585464,0.6538139321386066,0.4599279076278452,0.4230377218503185,0.6901755607022428,15.0,43,score,50,facebook/esm2_t33_650M_UR50D,SOX30_HUMAN_Tsuboyama_2023_7JJK,False
GaussianProcessRegressor,0.7937637532008075,0.7425894708325609,0.8617363116595244,0.6317980087553917,-0.0022772332804883,0.2412407743324337,5.0,43,score,50,facebook/esm2_t33_650M_UR50D,SOX30_HUMAN_Tsuboyama_2023_7JJK,True
GaussianProcessRegressor,0.3359341785700074,0.4073449077373546,0.6382357775441256,0.4492833986827897,0.4502042606931212,0.6980844563378253,5.0,43,score,75,facebook/esm2_t33_650M_UR50D,SOX30_HUMAN_Tsuboyama_2023_7JJK,False
GaussianProcessRegressor,0.8035955833465407,0.7436670701881897,0.8623613338897969,0.6534292174284745,-0.0037316752611074,,0.0,43,score,75,facebook/esm2_t33_650M_UR50D,SOX30_HUMAN_Tsuboyama_2023_7JJK,True
GaussianProcessRegressor,0.2270453115522757,0.3494671239369518,0.5911574442878579,0.3982063182020233,0.5283222347479326,0.7179097836391346,5.0,43,score,100,facebook/esm2_t33_650M_UR50D,SOX30_HUMAN_Tsuboyama_2023_7JJK,False
GaussianProcessRegressor,0.6293614266862463,0.6822160390512522,0.8259637032286904,0.6203926224317413,0.0792091310515779,0.3249001229933017,5.0,43,score,100,facebook/esm2_t33_650M_UR50D,SOX30_HUMAN_Tsuboyama_2023_7JJK,True
GaussianProcessRegressor,0.8249629737301538,0.7284770210384315,0.8535086531713849,0.6700838674728966,0.0167704204905937,0.4942752571010284,5.0,43,score,20,facebook/esm2_t33_650M_UR50D,SOX30_HUMAN_Tsuboyama_2023_7JJK,False
GaussianProcessRegressor,1.499135186636287,0.8536455524217368,0.9239294087871308,0.7775540037861046,-0.1521702583854314,0.2382870343048042,5.0,43,score,20,facebook/esm2_t33_650M_UR50D,SOX30_HUMAN_Tsuboyama_2023_7JJK,True
GaussianProcessRegressor,0.2214098993984177,0.203731500210127,0.4513662594945783,0.3003853194187711,0.7250224351635988,0.8845508982035929,45.0,43,score,350,facebook/esm2_t33_650M_UR50D,SOX30_HUMAN_Tsuboyama_2023_7JJK,False
GaussianProcessRegressor,0.6896052982153098,0.6580558646985851,0.8112064254544493,0.6373299252281163,0.1118182558195554,0.3745691892457395,5.0,43,score,350,facebook/esm2_t33_650M_UR50D,SOX30_HUMAN_Tsuboyama_2023_7JJK,True
GaussianProcessRegressor,0.1720383002091496,0.188933511240141,0.4346648263203971,0.2868180800191546,0.7449953650602806,0.8943888255553022,50.0,43,score,500,facebook/esm2_t33_650M_UR50D,SOX30_HUMAN_Tsuboyama_2023_7JJK,False
GaussianProcessRegressor,0.6759605874774576,0.6353054370138155,0.7970604977125736,0.6276261549375401,0.1425246374900008,0.4008454562426989,10.0,43,score,500,facebook/esm2_t33_650M_UR50D,SOX30_HUMAN_Tsuboyama_2023_7JJK,True
GaussianProcessRegressor,0.2439692373863233,0.2626857698600394,0.5125287990542965,0.3558128904945174,0.6592406093449278,0.8142991611966447,10.0,51,score,200,facebook/esm2_t33_650M_UR50D,SOX30_HUMAN_Tsuboyama_2023_7JJK,False
GaussianProcessRegressor,0.7276750352960717,0.682316012651507,0.8260242203782568,0.6357481240861791,0.1148908110659877,0.3757363919632413,5.0,51,score,200,facebook/esm2_t33_650M_UR50D,SOX30_HUMAN_Tsuboyama_2023_7JJK,True
GaussianProcessRegressor,0.1896124237975341,0.2320160562463677,0.4816804503468744,0.3341203601737303,0.6990257599761504,0.845195156780627,15.0,51,score,350,facebook/esm2_t33_650M_UR50D,SOX30_HUMAN_Tsuboyama_2023_7JJK,False
GaussianProcessRegressor,0.7322668821447463,0.6986639486877944,0.8358612018079283,0.6491697438157072,0.0936840562228857,0.354947988310705,5.0,51,score,350,facebook/esm2_t33_650M_UR50D,SOX30_HUMAN_Tsuboyama_2023_7JJK,True
GaussianProcessRegressor,0.5470193868190717,0.440632507296278,0.6638015571662046,0.4648958283963874,0.4284057915695356,0.6290168840675362,10.0,51,score,20,facebook/esm2_t33_650M_UR50D,SOX30_HUMAN_Tsuboyama_2023_7JJK,False
GaussianProcessRegressor,0.7143896054156877,0.7784124827387857,0.8822768741947087,0.619217375309058,-0.0097667773846221,0.3911373499366962,10.0,51,score,20,facebook/esm2_t33_650M_UR50D,SOX30_HUMAN_Tsuboyama_2023_7JJK,True
GaussianProcessRegressor,0.4073521704966008,0.3600736694260585,0.6000613880479718,0.421043963736519,0.532907761810112,0.7081807207228829,10.0,51,score,75,facebook/esm2_t33_650M_UR50D,SOX30_HUMAN_Tsuboyama_2023_7JJK,False
GaussianProcessRegressor,0.7884273662023419,0.6824708373373487,0.8261179318580057,0.6255935408403455,0.1146899704736942,0.3735344311025508,5.0,51,score,75,facebook/esm2_t33_650M_UR50D,SOX30_HUMAN_Tsuboyama_2023_7JJK,True
GaussianProcessRegressor,0.4135004780588387,0.5316475475153779,0.7291416512004906,0.5209249766501987,0.3103398999072961,0.6161778887115548,0.0,51,score,50,facebook/esm2_t33_650M_UR50D,SOX30_HUMAN_Tsuboyama_2023_7JJK,False
GaussianProcessRegressor,0.8601265540083707,0.6878497042125172,0.8293670503537727,0.6102087022792948,0.1077124345387489,0.375102597412852,5.0,51,score,50,facebook/esm2_t33_650M_UR50D,SOX30_HUMAN_Tsuboyama_2023_7JJK,True
GaussianProcessRegressor,0.1644817211604443,0.1948701397279773,0.4414409810246181,0.2985676694916636,0.7472119250846565,0.8779558638234553,35.0,51,score,500,facebook/esm2_t33_650M_UR50D,SOX30_HUMAN_Tsuboyama_2023_7JJK,False
GaussianProcessRegressor,0.6555778201093108,0.6116817668468151,0.7821008674377079,0.6131810195946039,0.2065184716454385,0.4290971506869345,20.0,51,score,500,facebook/esm2_t33_650M_UR50D,SOX30_HUMAN_Tsuboyama_2023_7JJK,True
GaussianProcessRegressor,0.2531135646587859,0.3441933931921284,0.5866799751074928,0.4122230921167079,0.5535078622867822,0.7359807039228157,20.0,51,score,100,facebook/esm2_t33_650M_UR50D,SOX30_HUMAN_Tsuboyama_2023_7JJK,False
GaussianProcessRegressor,0.742086450115929,0.6727758550460202,0.8202291478885765,0.6118552106536371,0.1272664273551044,0.3586967073955506,5.0,51,score,100,facebook/esm2_t33_650M_UR50D,SOX30_HUMAN_Tsuboyama_2023_7JJK,True
GaussianProcessRegressor,0.1785702829772645,0.1914313499781272,0.4375286847489284,0.2935232876083485,0.7472992949321321,0.8703986175944703,55.00000000000001,42,score,350,facebook/esm2_t33_650M_UR50D,SOX30_HUMAN_Tsuboyama_2023_7JJK,False
GaussianProcessRegressor,0.589876915872165,0.6587325141351033,0.8116233819544033,0.6263003462405277,0.1304341175461089,0.3663482741854554,20.0,42,score,350,facebook/esm2_t33_650M_UR50D,SOX30_HUMAN_Tsuboyama_2023_7JJK,True
GaussianProcessRegressor,0.4811451184288539,0.4552560805071916,0.674726670961799,0.4696615201809943,0.3990350454941358,0.685563030252121,30.0,42,score,50,facebook/esm2_t33_650M_UR50D,SOX30_HUMAN_Tsuboyama_2023_7JJK,False
GaussianProcessRegressor,0.6256913515955459,0.8072794886517627,0.8984873336067475,0.6941956261732485,-0.0656566753169594,0.185110392884221,10.0,42,score,50,facebook/esm2_t33_650M_UR50D,SOX30_HUMAN_Tsuboyama_2023_7JJK,True
GaussianProcessRegressor,0.1858750365876453,0.1741389473469357,0.4172995894401716,0.2831923452134509,0.770126289244813,0.8889012516050063,60.0,42,score,500,facebook/esm2_t33_650M_UR50D,SOX30_HUMAN_Tsuboyama_2023_7JJK,False
GaussianProcessRegressor,0.6253013078069791,0.6497252897274013,0.8060553887465807,0.6255899181416287,0.1423241865384178,0.375373078501268,20.0,42,score,500,facebook/esm2_t33_650M_UR50D,SOX30_HUMAN_Tsuboyama_2023_7JJK,True
GaussianProcessRegressor,0.4045263802351894,0.427013034390605,0.6534623435138439,0.4544435233678525,0.4363175369342329,0.7128428833715335,30.0,42,score,75,facebook/esm2_t33_650M_UR50D,SOX30_HUMAN_Tsuboyama_2023_7JJK,False
GaussianProcessRegressor,0.7114659484910287,0.7577885948286708,0.8705105368854938,0.6507255789747624,-0.000325768101588,,10.0,42,score,75,facebook/esm2_t33_650M_UR50D,SOX30_HUMAN_Tsuboyama_2023_7JJK,True
GaussianProcessRegressor,0.2452174067608468,0.2351449121664005,0.484917428194121,0.3201777166289302,0.689594807201847,0.8450918603674414,45.0,42,score,200,facebook/esm2_t33_650M_UR50D,SOX30_HUMAN_Tsuboyama_2023_7JJK,False
GaussianProcessRegressor,0.6222304545023467,0.6812033413225835,0.8253504354651929,0.6299705711955398,0.100771296517143,0.3432335891719629,5.0,42,score,200,facebook/esm2_t33_650M_UR50D,SOX30_HUMAN_Tsuboyama_2023_7JJK,True
GaussianProcessRegressor,0.298930961825809,0.3845987995216345,0.6201603014718328,0.418110906431113,0.4923068357482862,0.7515088620354481,45.0,42,score,100,facebook/esm2_t33_650M_UR50D,SOX30_HUMAN_Tsuboyama_2023_7JJK,False
GaussianProcessRegressor,0.6424809318687481,0.7582713155686842,0.8707877557526198,0.6395320827773742,-0.000962988031167,,10.0,42,score,100,facebook/esm2_t33_650M_UR50D,SOX30_HUMAN_Tsuboyama_2023_7JJK,True
GaussianProcessRegressor,0.5501277814473161,0.5098040042192017,0.714005605173518,0.4835725978295856,0.3270285597038607,0.6036070224280896,30.0,42,score,20,facebook/esm2_t33_650M_UR50D,SOX30_HUMAN_Tsuboyama_2023_7JJK,False
GaussianProcessRegressor,0.7664570938854736,0.8569582438980032,0.9257203918559876,0.6579983530033006,-0.1312355707228238,0.0698443610537088,0.0,42,score,20,facebook/esm2_t33_650M_UR50D,SOX30_HUMAN_Tsuboyama_2023_7JJK,True
GaussianProcessRegressor,0.2737703672643582,0.2106069555137048,0.4589193344300333,0.313697978945768,0.6949677152039856,0.8309556118224471,40.0,46,score,350,facebook/esm2_t33_650M_UR50D,SOX30_HUMAN_Tsuboyama_2023_7JJK,False
GaussianProcessRegressor,0.7998289282909872,0.6025644816242199,0.7762502699672444,0.5785545436309721,0.1272765891399947,0.31986293448187,15.0,46,score,350,facebook/esm2_t33_650M_UR50D,SOX30_HUMAN_Tsuboyama_2023_7JJK,True
GaussianProcessRegressor,0.2007021935471452,0.1836918776153586,0.4285929042988913,0.2825518127510741,0.7339501300381481,0.8630220440881764,50.0,46,score,500,facebook/esm2_t33_650M_UR50D,SOX30_HUMAN_Tsuboyama_2023_7JJK,False
GaussianProcessRegressor,0.7177648054089276,0.6023147995520917,0.7760894275481993,0.6069692256273698,0.127638215814423,0.338454658187369,15.0,46,score,500,facebook/esm2_t33_650M_UR50D,SOX30_HUMAN_Tsuboyama_2023_7JJK,True
GaussianProcessRegressor,0.4956313174907284,0.3567669857894344,0.5972997453451947,0.4193811346005129,0.4832770430126805,0.6803639374557499,10.0,46,score,50,facebook/esm2_t33_650M_UR50D,SOX30_HUMAN_Tsuboyama_2023_7JJK,False
GaussianProcessRegressor,0.706704265049789,0.6617910489488008,0.813505408063647,0.5909753671847104,0.0414958745022663,0.3679127621407684,0.0,46,score,50,facebook/esm2_t33_650M_UR50D,SOX30_HUMAN_Tsuboyama_2023_7JJK,True
GaussianProcessRegressor,0.3043808771433633,0.3267196299477915,0.5715939379907659,0.4104597621076471,0.5267960881557968,0.6991075324301296,15.0,46,score,75,facebook/esm2_t33_650M_UR50D,SOX30_HUMAN_Tsuboyama_2023_7JJK,False
GaussianProcessRegressor,0.746410189746724,0.6524612845822304,0.807750756472707,0.5858709143228402,0.0550086254672183,0.2985685117709807,5.0,46,score,75,facebook/esm2_t33_650M_UR50D,SOX30_HUMAN_Tsuboyama_2023_7JJK,True
GaussianProcessRegressor,0.3076526402456509,0.24509167691385,0.4950673458367559,0.3502917190721051,0.6450218179586507,0.810251401005604,40.0,46,score,200,facebook/esm2_t33_650M_UR50D,SOX30_HUMAN_Tsuboyama_2023_7JJK,False
GaussianProcessRegressor,0.9120497927961532,0.6263279144005662,0.791408816226207,0.5892377289172024,0.0928588550405447,0.30016250226171,10.0,46,score,200,facebook/esm2_t33_650M_UR50D,SOX30_HUMAN_Tsuboyama_2023_7JJK,True
GaussianProcessRegressor,0.2488050166550151,0.3535502106796445,0.5946008835173763,0.4301097055295025,0.4879360546726745,0.7047753951015804,30.0,46,score,100,facebook/esm2_t33_650M_UR50D,SOX30_HUMAN_Tsuboyama_2023_7JJK,False
GaussianProcessRegressor,0.9327265596881548,0.6545963660757882,0.8090712985119347,0.6014990518009012,0.0519162832194655,0.2713904171017791,0.0,46,score,100,facebook/esm2_t33_650M_UR50D,SOX30_HUMAN_Tsuboyama_2023_7JJK,True
GaussianProcessRegressor,0.2065999515670196,0.4318363157473077,0.6571425383790853,0.4520983015315076,0.3745504856238107,0.6774315097260389,15.0,46,score,20,facebook/esm2_t33_650M_UR50D,SOX30_HUMAN_Tsuboyama_2023_7JJK,False
GaussianProcessRegressor,0.4670141442175018,0.7549173362145375,0.8688597908837407,0.594276938054941,-0.0933834513488172,0.2074939969155559,20.0,46,score,20,facebook/esm2_t33_650M_UR50D,SOX30_HUMAN_Tsuboyama_2023_7JJK,True
GaussianProcessRegressor,0.2016324583841848,0.3378735552960787,0.5812689182263909,0.3808217239381775,0.5675619024528494,0.8301362485449941,45.0,50,score,200,facebook/esm2_t33_650M_UR50D,SOX30_HUMAN_Tsuboyama_2023_7JJK,False
GaussianProcessRegressor,0.6751661544293259,0.7234625770087774,0.8505660333029866,0.6394597097036376,0.074053664323976,0.3246299143107752,15.0,50,score,200,facebook/esm2_t33_650M_UR50D,SOX30_HUMAN_Tsuboyama_2023_7JJK,True
GaussianProcessRegressor,0.4237371089389447,0.4161176509654846,0.6450718184554992,0.4569475515071846,0.4674187354449288,0.7125108180432722,40.0,50,score,75,facebook/esm2_t33_650M_UR50D,SOX30_HUMAN_Tsuboyama_2023_7JJK,False
GaussianProcessRegressor,0.9178062476447943,0.7704221181911961,0.877736929946095,0.6349584803271364,0.0139510184308485,0.3182324485673731,15.0,50,score,75,facebook/esm2_t33_650M_UR50D,SOX30_HUMAN_Tsuboyama_2023_7JJK,True
GaussianProcessRegressor,0.1936280769412258,0.2437858513878462,0.4937467482301491,0.3141275177718544,0.6879830098254034,0.8739824079296317,60.0,50,score,350,facebook/esm2_t33_650M_UR50D,SOX30_HUMAN_Tsuboyama_2023_7JJK,False
GaussianProcessRegressor,0.6429253170972845,0.7153068959729655,0.8457581781886389,0.6220733128442894,0.0844919692343361,0.3440951446388621,10.0,50,score,350,facebook/esm2_t33_650M_UR50D,SOX30_HUMAN_Tsuboyama_2023_7JJK,True
GaussianProcessRegressor,0.3276979563039845,0.3757471294673204,0.6129821608067566,0.431513764901989,0.5190882172377677,0.733506294025176,30.0,50,score,100,facebook/esm2_t33_650M_UR50D,SOX30_HUMAN_Tsuboyama_2023_7JJK,False
GaussianProcessRegressor,0.8189079947399298,0.7971741004636022,0.8928460676194986,0.6372398583754814,-0.0202883475632045,0.0060479170478619,0.0,50,score,100,facebook/esm2_t33_650M_UR50D,SOX30_HUMAN_Tsuboyama_2023_7JJK,True
GaussianProcessRegressor,0.7508629153488111,0.4405671371108636,0.6637523160870052,0.4577822921832595,0.4361262915439905,0.6983439453757815,40.0,50,score,50,facebook/esm2_t33_650M_UR50D,SOX30_HUMAN_Tsuboyama_2023_7JJK,False
GaussianProcessRegressor,1.1029288137030329,0.8064057812838281,0.8980009918055927,0.6906322561006956,-0.0321038046431845,0.1530665679398694,0.0,50,score,50,facebook/esm2_t33_650M_UR50D,SOX30_HUMAN_Tsuboyama_2023_7JJK,True
GaussianProcessRegressor,0.7537810266714114,0.669374691231293,0.818153219899117,0.6152857856341206,0.1432797462689407,0.4382799611198444,20.0,50,score,20,facebook/esm2_t33_650M_UR50D,SOX30_HUMAN_Tsuboyama_2023_7JJK,False
GaussianProcessRegressor,1.2464027537468907,0.8246428149671441,0.9080984610531746,0.6847351895470538,-0.0554450458480653,0.1229965589381531,5.0,50,score,20,facebook/esm2_t33_650M_UR50D,SOX30_HUMAN_Tsuboyama_2023_7JJK,True
GaussianProcessRegressor,0.1781230173527077,0.2128150083557523,0.4613187708686395,0.3011842032022024,0.7276220174668682,0.890631370525482,55.00000000000001,50,score,500,facebook/esm2_t33_650M_UR50D,SOX30_HUMAN_Tsuboyama_2023_7JJK,False
GaussianProcessRegressor,0.6565655573165057,0.6485416560683838,0.805320840453284,0.614771246555662,0.1699435616246194,0.3807567321650902,15.0,50,score,500,facebook/esm2_t33_650M_UR50D,SOX30_HUMAN_Tsuboyama_2023_7JJK,True
GaussianProcessRegressor,0.2592159712166262,0.3557879504264075,0.59647963119155,0.4035374880415089,0.5652950758974078,0.7967499069996279,15.0,49,score,100,facebook/esm2_t33_650M_UR50D,SOX30_HUMAN_Tsuboyama_2023_7JJK,False
GaussianProcessRegressor,0.6863754313531631,0.8194909256956942,0.9052573809120222,0.6668488883134892,-0.0012613980613014,-0.0089010032996614,10.0,49,score,100,facebook/esm2_t33_650M_UR50D,SOX30_HUMAN_Tsuboyama_2023_7JJK,True
GaussianProcessRegressor,0.2449080555916388,0.4601284015002293,0.6783276505496657,0.4546654710469637,0.4378109724854857,0.712443809775239,5.0,49,score,50,facebook/esm2_t33_650M_UR50D,SOX30_HUMAN_Tsuboyama_2023_7JJK,False
GaussianProcessRegressor,0.6437747965211813,0.8212857284548141,0.9062481605249272,0.6549232420439561,-0.0034543042467054,0.0361324274910729,10.0,49,score,50,facebook/esm2_t33_650M_UR50D,SOX30_HUMAN_Tsuboyama_2023_7JJK,True
GaussianProcessRegressor,0.2958639144132406,0.2619731164827756,0.5118330943606281,0.3539389312263215,0.6799188854454472,0.8182903771615087,20.0,49,score,200,facebook/esm2_t33_650M_UR50D,SOX30_HUMAN_Tsuboyama_2023_7JJK,False
GaussianProcessRegressor,0.7504866143929153,0.7376581943720683,0.8588703012516316,0.6519084041315787,0.0987225705259167,0.3565185631871441,5.0,49,score,200,facebook/esm2_t33_650M_UR50D,SOX30_HUMAN_Tsuboyama_2023_7JJK,True
GaussianProcessRegressor,0.6326564409378032,0.6109855011304017,0.7816556154281767,0.5289297592158883,0.2534924086710661,0.595688334753339,10.0,49,score,20,facebook/esm2_t33_650M_UR50D,SOX30_HUMAN_Tsuboyama_2023_7JJK,False
GaussianProcessRegressor,0.6867054787770176,0.831867370551488,0.9120676348558192,0.6467667115373353,-0.0163830499195214,-0.0745953950713107,10.0,49,score,20,facebook/esm2_t33_650M_UR50D,SOX30_HUMAN_Tsuboyama_2023_7JJK,True
GaussianProcessRegressor,0.1717392098181467,0.1785263510200567,0.4225237875197759,0.2765491433626924,0.7818748954890791,0.9084210096840388,45.0,49,score,500,facebook/esm2_t33_650M_UR50D,SOX30_HUMAN_Tsuboyama_2023_7JJK,False
GaussianProcessRegressor,0.6561733308061026,0.6895082470415639,0.8303663330371505,0.623461742029162,0.1575526100895532,0.3855799928278113,20.0,49,score,500,facebook/esm2_t33_650M_UR50D,SOX30_HUMAN_Tsuboyama_2023_7JJK,True
GaussianProcessRegressor,0.2639710308403903,0.3807175892957675,0.6170231675518899,0.4127124847779126,0.5348358184671824,0.7822267769071076,10.0,49,score,75,facebook/esm2_t33_650M_UR50D,SOX30_HUMAN_Tsuboyama_2023_7JJK,False
GaussianProcessRegressor,0.7342158988340184,0.8204059060707882,0.9057626102190288,0.6606707260683456,-0.0023793293291645,-0.0089010032996614,10.0,49,score,75,facebook/esm2_t33_650M_UR50D,SOX30_HUMAN_Tsuboyama_2023_7JJK,True
GaussianProcessRegressor,0.2033383540404988,0.2112701655625397,0.4596413444877862,0.3135966629778103,0.7418682078020444,0.878190104760419,45.0,49,score,350,facebook/esm2_t33_650M_UR50D,SOX30_HUMAN_Tsuboyama_2023_7JJK,False
GaussianProcessRegressor,0.7279212867129545,0.7186214741855033,0.8477154441117039,0.6415217973930188,0.1219818068040005,0.3722389148231276,5.0,49,score,350,facebook/esm2_t33_650M_UR50D,SOX30_HUMAN_Tsuboyama_2023_7JJK,True
GaussianProcessRegressor,0.3245584541623599,0.4478188683557865,0.6691926989707722,0.5051220821682402,0.3716291491630815,0.7173957975831903,40.0,45,score,50,facebook/esm2_t33_650M_UR50D,SOX30_HUMAN_Tsuboyama_2023_7JJK,False
GaussianProcessRegressor,0.7542550563785559,0.6561946124146626,0.8100584006197717,0.594801928676296,0.0792402999196326,0.3193119402382214,10.0,45,score,50,facebook/esm2_t33_650M_UR50D,SOX30_HUMAN_Tsuboyama_2023_7JJK,True
GaussianProcessRegressor,0.2119318812642018,0.2541645403440127,0.5041473399156369,0.3450710975096323,0.6433611896369353,0.8441990567962272,40.0,45,score,200,facebook/esm2_t33_650M_UR50D,SOX30_HUMAN_Tsuboyama_2023_7JJK,False
GaussianProcessRegressor,0.714526272501071,0.6433894348330758,0.8021155994201059,0.5951469504732981,0.0972082796110709,0.3249824913287055,0.0,45,score,200,facebook/esm2_t33_650M_UR50D,SOX30_HUMAN_Tsuboyama_2023_7JJK,True
GaussianProcessRegressor,0.2861586656658171,0.2671669636141072,0.5168819629413539,0.3559497816225982,0.6251164385768264,0.8290499081996326,45.0,45,score,100,facebook/esm2_t33_650M_UR50D,SOX30_HUMAN_Tsuboyama_2023_7JJK,False
GaussianProcessRegressor,0.6440866711077294,0.6612052565193209,0.8131452862307701,0.6007092686593298,0.0722094601722023,0.3053496433837486,5.0,45,score,100,facebook/esm2_t33_650M_UR50D,SOX30_HUMAN_Tsuboyama_2023_7JJK,True
GaussianProcessRegressor,0.353606508334421,0.9889561653985864,0.9944627521423748,0.6942166304385622,-0.3876843317781031,0.0149979479917919,0.0,45,score,20,facebook/esm2_t33_650M_UR50D,SOX30_HUMAN_Tsuboyama_2023_7JJK,False
GaussianProcessRegressor,0.355469668467971,0.852108959360016,0.9230974809628808,0.6403170323467312,-0.1956629557944702,0.20318692551257,5.0,45,score,20,facebook/esm2_t33_650M_UR50D,SOX30_HUMAN_Tsuboyama_2023_7JJK,True
GaussianProcessRegressor,0.1797707713517995,0.1890547279880181,0.4348042409958971,0.2898766723977269,0.7347220300994758,0.8875446701786806,50.0,45,score,500,facebook/esm2_t33_650M_UR50D,SOX30_HUMAN_Tsuboyama_2023_7JJK,False
GaussianProcessRegressor,0.6811732542821078,0.6186081414704827,0.7865164597581431,0.6148368266821974,0.1319809153695093,0.3786752219655048,10.0,45,score,500,facebook/esm2_t33_650M_UR50D,SOX30_HUMAN_Tsuboyama_2023_7JJK,True
GaussianProcessRegressor,0.3797184133873324,0.3722573357780088,0.6101289501228481,0.4524651162719066,0.4776556430684632,0.7336748706994827,40.0,45,score,75,facebook/esm2_t33_650M_UR50D,SOX30_HUMAN_Tsuboyama_2023_7JJK,False
GaussianProcessRegressor,0.7494905773960692,0.6493366634186095,0.8058142859360397,0.6073612395407589,0.0888632424755554,0.3241509359426119,10.0,45,score,75,facebook/esm2_t33_650M_UR50D,SOX30_HUMAN_Tsuboyama_2023_7JJK,True
GaussianProcessRegressor,0.2392854419697231,0.2161924123811249,0.4649649582292465,0.3128283480574188,0.6966429516219422,0.8687749630998522,45.0,45,score,350,facebook/esm2_t33_650M_UR50D,SOX30_HUMAN_Tsuboyama_2023_7JJK,False
GaussianProcessRegressor,0.6828453941651839,0.6271859629175198,0.7919507326327313,0.6071922421182034,0.1199446807624413,0.3759668199600963,15.0,45,score,350,facebook/esm2_t33_650M_UR50D,SOX30_HUMAN_Tsuboyama_2023_7JJK,True
GaussianProcessRegressor,0.2570342521951074,0.4624209936501983,0.6800154363322926,0.4644242250163969,0.4007290913743985,0.6941358645434581,25.0,47,score,75,facebook/esm2_t33_650M_UR50D,SOX30_HUMAN_Tsuboyama_2023_7JJK,False
GaussianProcessRegressor,0.5728029849563318,0.778272093317803,0.8821973097430093,0.6302256035648425,-0.0085956972648113,0.1249409537609809,5.0,47,score,75,facebook/esm2_t33_650M_UR50D,SOX30_HUMAN_Tsuboyama_2023_7JJK,True
GaussianProcessRegressor,0.1714440012629447,0.2047221361352861,0.4524623035516728,0.303442151557501,0.7346919317630025,0.8845433141732566,40.0,47,score,500,facebook/esm2_t33_650M_UR50D,SOX30_HUMAN_Tsuboyama_2023_7JJK,False
GaussianProcessRegressor,0.6541162179013488,0.6429268421342929,0.8018271896950694,0.612375063874349,0.1668039337395227,0.3905891011046817,20.0,47,score,500,facebook/esm2_t33_650M_UR50D,SOX30_HUMAN_Tsuboyama_2023_7JJK,True
GaussianProcessRegressor,0.2768543942878592,0.5482229615890064,0.740420800348698,0.4833104545164356,0.2895346949377819,0.663690014760059,30.0,47,score,50,facebook/esm2_t33_650M_UR50D,SOX30_HUMAN_Tsuboyama_2023_7JJK,False
GaussianProcessRegressor,0.4293666117546803,0.7996138502265167,0.8942113006591432,0.6170813141908832,-0.0362533819936026,0.024656892579745,5.0,47,score,50,facebook/esm2_t33_650M_UR50D,SOX30_HUMAN_Tsuboyama_2023_7JJK,True
GaussianProcessRegressor,0.3197012808361839,0.3214444137141545,0.5669606809243076,0.4049020843807082,0.5834265993017972,0.787997935991744,25.0,47,score,200,facebook/esm2_t33_650M_UR50D,SOX30_HUMAN_Tsuboyama_2023_7JJK,False
GaussianProcessRegressor,0.6292664029053919,0.6976092349825556,0.8352300491376945,0.6054874805213246,0.0959387098461862,0.3182018320810166,5.0,47,score,200,facebook/esm2_t33_650M_UR50D,SOX30_HUMAN_Tsuboyama_2023_7JJK,True
GaussianProcessRegressor,0.2002576795323875,0.246081981798934,0.4960665094510352,0.3211774712894409,0.6810919598071049,0.880065568262273,40.0,47,score,350,facebook/esm2_t33_650M_UR50D,SOX30_HUMAN_Tsuboyama_2023_7JJK,False
GaussianProcessRegressor,0.627535873705809,0.6819346259295153,0.8257933312454849,0.6041055923445224,0.116252098162358,0.3553003182556887,10.0,47,score,350,facebook/esm2_t33_650M_UR50D,SOX30_HUMAN_Tsuboyama_2023_7JJK,True
GaussianProcessRegressor,0.2501634756184511,0.7176252863551624,0.8471276682738927,0.5469488682437147,0.0699990629489422,0.6186582506330025,25.0,47,score,20,facebook/esm2_t33_650M_UR50D,SOX30_HUMAN_Tsuboyama_2023_7JJK,False
GaussianProcessRegressor,0.2662369756199453,0.8249016767772324,0.9082409794637282,0.6156291534412875,-0.069024945141269,0.1930973896582335,5.0,47,score,20,facebook/esm2_t33_650M_UR50D,SOX30_HUMAN_Tsuboyama_2023_7JJK,True
GaussianProcessRegressor,0.3259188607054873,0.4129066544389025,0.6425781309995716,0.4312709679860944,0.4648968161459849,0.7550644282577129,30.0,47,score,100,facebook/esm2_t33_650M_UR50D,SOX30_HUMAN_Tsuboyama_2023_7JJK,False
GaussianProcessRegressor,0.5665149292020562,0.7763019821458991,0.8810800089355671,0.6305081128762688,-0.0060425469357989,0.1504108168629868,5.0,47,score,100,facebook/esm2_t33_650M_UR50D,SOX30_HUMAN_Tsuboyama_2023_7JJK,True
GaussianProcessRegressor,0.1674932081486917,0.1926437046126501,0.4389119554223262,0.2826069645488836,0.751744133960624,0.8817239748958996,50.0,48,score,500,facebook/esm2_t33_650M_UR50D,SOX30_HUMAN_Tsuboyama_2023_7JJK,False
GaussianProcessRegressor,0.6162182240955334,0.683467485363927,0.8267209235067944,0.6207717281711012,0.1192299129112862,0.3273462373849495,15.0,48,score,500,facebook/esm2_t33_650M_UR50D,SOX30_HUMAN_Tsuboyama_2023_7JJK,True
GaussianProcessRegressor,0.6424018506484044,0.5671165476590172,0.7530714094022009,0.5043403156008263,0.2691689044942437,0.6028846195384782,35.0,48,score,20,facebook/esm2_t33_650M_UR50D,SOX30_HUMAN_Tsuboyama_2023_7JJK,False
GaussianProcessRegressor,0.934912336356708,0.8068881391450595,0.8982695247780922,0.6282408783384846,-0.0398196721929291,0.0685988983955935,5.0,48,score,20,facebook/esm2_t33_650M_UR50D,SOX30_HUMAN_Tsuboyama_2023_7JJK,True
GaussianProcessRegressor,0.2402192701068267,0.3601791516672246,0.6001492744869601,0.4273591707190283,0.5358447481776522,0.7303903135612542,40.0,48,score,100,facebook/esm2_t33_650M_UR50D,SOX30_HUMAN_Tsuboyama_2023_7JJK,False
GaussianProcessRegressor,0.6316665981191638,0.7796859237936311,0.8829982580920707,0.6328315685674109,-0.0047647528337058,,0.0,48,score,100,facebook/esm2_t33_650M_UR50D,SOX30_HUMAN_Tsuboyama_2023_7JJK,True
GaussianProcessRegressor,0.290404933576008,0.4174097452830386,0.6460725541942163,0.4560718947440277,0.4620928931112783,0.6758626714506858,35.0,48,score,75,facebook/esm2_t33_650M_UR50D,SOX30_HUMAN_Tsuboyama_2023_7JJK,False
GaussianProcessRegressor,0.6901827695964395,0.7790155443699872,0.8826185724139206,0.6338815402383884,-0.0039008490548291,,0.0,48,score,75,facebook/esm2_t33_650M_UR50D,SOX30_HUMAN_Tsuboyama_2023_7JJK,True
GaussianProcessRegressor,0.1916773708286956,0.2797136287283616,0.5288795975724169,0.3616390658320191,0.639538965041186,0.8123898095592381,40.0,48,score,200,facebook/esm2_t33_650M_UR50D,SOX30_HUMAN_Tsuboyama_2023_7JJK,False
GaussianProcessRegressor,0.6355764323960413,0.7378823367349011,0.8590007780758415,0.6418006667813301,0.0491066452983252,0.2575438781755127,0.0,48,score,200,facebook/esm2_t33_650M_UR50D,SOX30_HUMAN_Tsuboyama_2023_7JJK,True
GaussianProcessRegressor,0.2907922187036613,0.4704821281767667,0.6859169980229144,0.5030077759280267,0.3936996362200243,0.6082069768279073,30.0,48,score,50,facebook/esm2_t33_650M_UR50D,SOX30_HUMAN_Tsuboyama_2023_7JJK,False
GaussianProcessRegressor,0.6489080429656571,0.7858517094643397,0.8864827744882242,0.618121768114738,-0.0127104703673917,0.2372457489829959,10.0,48,score,50,facebook/esm2_t33_650M_UR50D,SOX30_HUMAN_Tsuboyama_2023_7JJK,True
GaussianProcessRegressor,0.1930367952748823,0.2311166532244183,0.4807459341735698,0.3218537587212944,0.7021648591231335,0.8388271633086533,40.0,48,score,350,facebook/esm2_t33_650M_UR50D,SOX30_HUMAN_Tsuboyama_2023_7JJK,False
GaussianProcessRegressor,0.6849782343417021,0.6981085415908473,0.8355288993151867,0.6355307593754388,0.1003622935377195,0.3087889791559166,10.0,48,score,350,facebook/esm2_t33_650M_UR50D,SOX30_HUMAN_Tsuboyama_2023_7JJK,True
GaussianProcessRegressor,0.4023014159721667,0.3105754431323244,0.5572929598804603,0.3852535604810561,0.5547005749307525,0.754567146268585,30.0,44,score,75,facebook/esm2_t33_650M_UR50D,SOX30_HUMAN_Tsuboyama_2023_7JJK,False
GaussianProcessRegressor,0.7417082037028415,0.6515008950224092,0.8071560536986693,0.6032382503626036,0.0658856635295122,0.2741206136402443,0.0,44,score,75,facebook/esm2_t33_650M_UR50D,SOX30_HUMAN_Tsuboyama_2023_7JJK,True
GaussianProcessRegressor,0.4021136034319992,0.3338144956658726,0.577766817726557,0.4281539577313208,0.5213806941701413,0.7276273265093061,5.0,44,score,100,facebook/esm2_t33_650M_UR50D,SOX30_HUMAN_Tsuboyama_2023_7JJK,False
GaussianProcessRegressor,0.7306879588639161,0.6691240395347007,0.8180000241654646,0.6165897033034169,0.0406178057746022,0.283708748453014,0.0,44,score,100,facebook/esm2_t33_650M_UR50D,SOX30_HUMAN_Tsuboyama_2023_7JJK,True
GaussianProcessRegressor,0.2194625518121696,0.1653657591017115,0.4066518893374424,0.2878019374796671,0.7629005155351006,0.8857962151848607,45.0,44,score,350,facebook/esm2_t33_650M_UR50D,SOX30_HUMAN_Tsuboyama_2023_7JJK,False
GaussianProcessRegressor,0.6991042013378326,0.6113486773440184,0.7818878930793202,0.6037654456157899,0.1234554419611725,0.3729731737954079,10.0,44,score,350,facebook/esm2_t33_650M_UR50D,SOX30_HUMAN_Tsuboyama_2023_7JJK,True
GaussianProcessRegressor,0.5995576771024765,0.6994332466047971,0.8363212580132093,0.617980673900807,-0.0028391795765165,,5.0,44,score,20,facebook/esm2_t33_650M_UR50D,SOX30_HUMAN_Tsuboyama_2023_7JJK,False
GaussianProcessRegressor,0.5984321673140008,0.7073990248570357,0.8410701664290772,0.6228089657570602,-0.014260418938444,0.1113282426567264,5.0,44,score,20,facebook/esm2_t33_650M_UR50D,SOX30_HUMAN_Tsuboyama_2023_7JJK,True
GaussianProcessRegressor,0.2272818977164832,0.1467782823204712,0.3831165388239865,0.2630489883502721,0.7895510215786443,0.8991523646094584,60.0,44,score,500,facebook/esm2_t33_650M_UR50D,SOX30_HUMAN_Tsuboyama_2023_7JJK,False
GaussianProcessRegressor,0.6938288895546207,0.6053082494885308,0.7780155843481098,0.6010189542466108,0.1321161365225095,0.3561700337762971,10.0,44,score,500,facebook/esm2_t33_650M_UR50D,SOX30_HUMAN_Tsuboyama_2023_7JJK,True
GaussianProcessRegressor,0.5184315787196424,0.3661567885360868,0.6051089063433844,0.425442445138993,0.475008694261599,0.6990518522074087,20.0,44,score,50,facebook/esm2_t33_650M_UR50D,SOX30_HUMAN_Tsuboyama_2023_7JJK,False
GaussianProcessRegressor,0.7753191852395708,0.6807345476407382,0.8250663898382591,0.6072271834546167,0.0239707955273127,0.2488609913892934,10.0,44,score,50,facebook/esm2_t33_650M_UR50D,SOX30_HUMAN_Tsuboyama_2023_7JJK,True
GaussianProcessRegressor,0.3681771372371258,0.2107038680824187,0.4590249100892224,0.3311041389197919,0.6978952670221523,0.8512291649166597,40.0,44,score,200,facebook/esm2_t33_650M_UR50D,SOX30_HUMAN_Tsuboyama_2023_7JJK,False
GaussianProcessRegressor,0.7114673051765865,0.6147075811655776,0.7840328954613942,0.6008931839919014,0.1186394850860312,0.3514545906881835,5.0,44,score,200,facebook/esm2_t33_650M_UR50D,SOX30_HUMAN_Tsuboyama_2023_7JJK,True
GaussianProcessRegressor,0.4419336617465019,0.4230870330415586,0.650451407133199,0.4605006667483833,0.426986961594497,0.6027709550838203,10.0,43,score,350,facebook/esm2_t33_650M_UR50D,FKBP3_HUMAN_Tsuboyama_2023_2KFV,False
GaussianProcessRegressor,0.5271349674136268,0.5591619266920091,0.7477713064112644,0.5619124218051027,0.2426922842067091,0.4868363793455174,25.0,43,score,350,facebook/esm2_t33_650M_UR50D,FKBP3_HUMAN_Tsuboyama_2023_2KFV,True
GaussianProcessRegressor,0.393502804948363,0.3674785379747832,0.6062000808106043,0.4293384881345607,0.5023009992058565,0.688754947019788,5.0,43,score,500,facebook/esm2_t33_650M_UR50D,FKBP3_HUMAN_Tsuboyama_2023_2KFV,False
GaussianProcessRegressor,0.5128346532486227,0.5296712450600194,0.727785164083481,0.5454623661447711,0.2826333454231514,0.5117100788403154,10.0,43,score,500,facebook/esm2_t33_650M_UR50D,FKBP3_HUMAN_Tsuboyama_2023_2KFV,True
GaussianProcessRegressor,0.7425040939117075,0.738465032572756,0.8593398818702388,0.6535602282262858,-0.0001490450527912,0.2088222573353393,0.0,43,score,50,facebook/esm2_t33_650M_UR50D,FKBP3_HUMAN_Tsuboyama_2023_2KFV,False
GaussianProcessRegressor,0.6411814476349463,0.6262784128943292,0.7913775413128232,0.5858992478670493,0.1517922596670425,0.3610256681026724,15.0,43,score,50,facebook/esm2_t33_650M_UR50D,FKBP3_HUMAN_Tsuboyama_2023_2KFV,True
GaussianProcessRegressor,0.97535488668644,0.7209183721680341,0.8490691209601454,0.6255895725308019,0.0236154866089284,0.1390322681290725,10.0,43,score,20,facebook/esm2_t33_650M_UR50D,FKBP3_HUMAN_Tsuboyama_2023_2KFV,False
GaussianProcessRegressor,1.0129110622942268,0.7345103855477719,0.8570358134569243,0.6588942021757608,0.0052069789579582,0.0974365497461989,10.0,43,score,20,facebook/esm2_t33_650M_UR50D,FKBP3_HUMAN_Tsuboyama_2023_2KFV,True
GaussianProcessRegressor,0.8440649655153599,0.750228860176186,0.8661575261903495,0.6888203034385769,-0.0160815271944925,0.2598866198630254,0.0,43,score,75,facebook/esm2_t33_650M_UR50D,FKBP3_HUMAN_Tsuboyama_2023_2KFV,False
GaussianProcessRegressor,0.605845276313537,0.5912879949031019,0.7689525309816607,0.5930019331684606,0.1991819553145154,0.4203641774567098,10.0,43,score,75,facebook/esm2_t33_650M_UR50D,FKBP3_HUMAN_Tsuboyama_2023_2KFV,True
GaussianProcessRegressor,0.6190387081115257,0.5174074535539163,0.7193104013942216,0.5190545861911768,0.2992429597211,0.5170879243516974,20.0,43,score,200,facebook/esm2_t33_650M_UR50D,FKBP3_HUMAN_Tsuboyama_2023_2KFV,False
GaussianProcessRegressor,0.5982157527160756,0.601499483492364,0.7755639776913082,0.5967813914994724,0.1853519022847374,0.4113424453697815,5.0,43,score,200,facebook/esm2_t33_650M_UR50D,FKBP3_HUMAN_Tsuboyama_2023_2KFV,True
GaussianProcessRegressor,0.8373753146026628,0.7433551995662453,0.8621804912930038,0.6760625539575792,-0.0067721018435069,0.0286888372783197,0.0,43,score,100,facebook/esm2_t33_650M_UR50D,FKBP3_HUMAN_Tsuboyama_2023_2KFV,False
GaussianProcessRegressor,0.6800177838995769,0.7408779608506346,0.8607426798124017,0.689453916585629,-0.0034170236387149,0.3137849351397405,10.0,43,score,100,facebook/esm2_t33_650M_UR50D,FKBP3_HUMAN_Tsuboyama_2023_2KFV,True
GaussianProcessRegressor,0.3891110716430449,0.4237258020955257,0.650942241750776,0.4707542191444319,0.4467636833534092,0.6474725738902956,5.0,50,score,350,facebook/esm2_t33_650M_UR50D,FKBP3_HUMAN_Tsuboyama_2023_2KFV,False
GaussianProcessRegressor,0.4382319229712591,0.5903332318700218,0.7683314596383659,0.5847767032630554,0.2292331947247795,0.4395157951599392,5.0,50,score,350,facebook/esm2_t33_650M_UR50D,FKBP3_HUMAN_Tsuboyama_2023_2KFV,True
GaussianProcessRegressor,0.3747695798475744,0.5275068216575899,0.726296648524272,0.5388022196716099,0.3112623078969287,0.4858906795627182,0.0,50,score,200,facebook/esm2_t33_650M_UR50D,FKBP3_HUMAN_Tsuboyama_2023_2KFV,False
GaussianProcessRegressor,0.3467285745373262,0.6031021660326925,0.7765965271829978,0.588164696117723,0.2125614743133183,0.4046093818587782,0.0,50,score,200,facebook/esm2_t33_650M_UR50D,FKBP3_HUMAN_Tsuboyama_2023_2KFV,True
GaussianProcessRegressor,0.3822639210160174,0.8323541450560227,0.912334448026612,0.6782436674549399,-0.0867606812683607,0.3669439957759831,0.0,50,score,75,facebook/esm2_t33_650M_UR50D,FKBP3_HUMAN_Tsuboyama_2023_2KFV,False
GaussianProcessRegressor,0.3370507823816731,0.6628553727614922,0.8141593042897024,0.6076318841984473,0.1345448800087524,0.3673108308742437,5.0,50,score,75,facebook/esm2_t33_650M_UR50D,FKBP3_HUMAN_Tsuboyama_2023_2KFV,True
GaussianProcessRegressor,0.5129997350714401,0.6118549578038289,0.78221158122584,0.5772346135007373,0.2011334181130813,0.3815875103500413,5.0,50,score,100,facebook/esm2_t33_650M_UR50D,FKBP3_HUMAN_Tsuboyama_2023_2KFV,False
GaussianProcessRegressor,0.3550436024533732,0.616620514923819,0.7852518799237725,0.5898653541861935,0.1949112828199424,0.396050659213069,0.0,50,score,100,facebook/esm2_t33_650M_UR50D,FKBP3_HUMAN_Tsuboyama_2023_2KFV,True
GaussianProcessRegressor,0.8546251757396444,0.7739378325893419,0.8797373656889549,0.6904470740270368,-0.0104895989285203,0.1940517412622948,0.0,50,score,20,facebook/esm2_t33_650M_UR50D,FKBP3_HUMAN_Tsuboyama_2023_2KFV,False
GaussianProcessRegressor,0.8546465055315172,0.7735402859208708,0.8795113904440753,0.6879746768185223,-0.0099705433188019,0.0755808137634035,0.0,50,score,20,facebook/esm2_t33_650M_UR50D,FKBP3_HUMAN_Tsuboyama_2023_2KFV,True
GaussianProcessRegressor,0.5658374349554347,0.7816272209103532,0.8840968391021162,0.6383242567539291,-0.0205292256185714,0.276504242016968,5.0,50,score,50,facebook/esm2_t33_650M_UR50D,FKBP3_HUMAN_Tsuboyama_2023_2KFV,False
GaussianProcessRegressor,0.5105816573580966,0.6604197369655689,0.8126621296489512,0.6114940226584822,0.1377249605461311,0.3210811717365835,0.0,50,score,50,facebook/esm2_t33_650M_UR50D,FKBP3_HUMAN_Tsuboyama_2023_2KFV,True
GaussianProcessRegressor,0.3388533392284975,0.3905937459229807,0.6249749962382342,0.4485906285282793,0.4900224526546338,0.6885475861903447,10.0,50,score,500,facebook/esm2_t33_650M_UR50D,FKBP3_HUMAN_Tsuboyama_2023_2KFV,False
GaussianProcessRegressor,0.439448207494979,0.5702196648374274,0.7551289061063862,0.5758042556806747,0.2554944129104689,0.4568508733323356,5.0,50,score,500,facebook/esm2_t33_650M_UR50D,FKBP3_HUMAN_Tsuboyama_2023_2KFV,True
GaussianProcessRegressor,0.4262492520667786,0.3896995988259518,0.6242592400805549,0.4657813943269556,0.4085305962014786,0.5740075120300481,5.0,49,score,350,facebook/esm2_t33_650M_UR50D,FKBP3_HUMAN_Tsuboyama_2023_2KFV,False
GaussianProcessRegressor,0.551661777862106,0.4930797078795862,0.7021963456751867,0.5531618907554542,0.2516246829010945,0.4361713711535976,20.0,49,score,350,facebook/esm2_t33_650M_UR50D,FKBP3_HUMAN_Tsuboyama_2023_2KFV,True
GaussianProcessRegressor,0.8137878740321967,0.6641458874752812,0.8149514632634763,0.6510617331643921,-0.0080122568350067,0.0695791599142102,0.0,49,score,75,facebook/esm2_t33_650M_UR50D,FKBP3_HUMAN_Tsuboyama_2023_2KFV,False
GaussianProcessRegressor,0.6625041359303632,0.5658255775358747,0.752213784462818,0.5887740666238662,0.1412141095157556,0.3537105913314196,0.0,49,score,75,facebook/esm2_t33_650M_UR50D,FKBP3_HUMAN_Tsuboyama_2023_2KFV,True
GaussianProcessRegressor,0.498543429885835,0.4455478019266408,0.6674936718251648,0.4970958783220305,0.3237665792748504,0.4895208380833523,0.0,49,score,200,facebook/esm2_t33_650M_UR50D,FKBP3_HUMAN_Tsuboyama_2023_2KFV,False
GaussianProcessRegressor,0.5543354495234984,0.5036009445086397,0.7096484654451384,0.5592124012003425,0.2356559993947286,0.4320730186618272,20.0,49,score,200,facebook/esm2_t33_650M_UR50D,FKBP3_HUMAN_Tsuboyama_2023_2KFV,True
GaussianProcessRegressor,0.9922405138194836,0.702117734614063,0.8379246592707861,0.7010461449918602,-0.0656443043299659,0.0695791599142102,0.0,49,score,50,facebook/esm2_t33_650M_UR50D,FKBP3_HUMAN_Tsuboyama_2023_2KFV,False
GaussianProcessRegressor,0.8770979591804551,0.6459378189109811,0.803702568685071,0.6411420276113475,0.0196231718143798,0.2592003230220999,0.0,49,score,50,facebook/esm2_t33_650M_UR50D,FKBP3_HUMAN_Tsuboyama_2023_2KFV,True
GaussianProcessRegressor,0.6392312978076677,0.678733232655974,0.8238526765484069,0.6747798507851053,-0.0301523062038566,0.0734541011083159,5.0,49,score,20,facebook/esm2_t33_650M_UR50D,FKBP3_HUMAN_Tsuboyama_2023_2KFV,False
GaussianProcessRegressor,0.636379152736999,0.736107471644949,0.8579670574357439,0.6901111297634284,-0.1172324752120856,-0.0955973286836506,5.0,49,score,20,facebook/esm2_t33_650M_UR50D,FKBP3_HUMAN_Tsuboyama_2023_2KFV,True
GaussianProcessRegressor,0.3803388913108749,0.3636008444747479,0.6029932375033304,0.4363191172166671,0.4481421706616437,0.6184783459133837,20.0,49,score,500,facebook/esm2_t33_650M_UR50D,FKBP3_HUMAN_Tsuboyama_2023_2KFV,False
GaussianProcessRegressor,0.545273484759022,0.4631700697140605,0.6805659921815522,0.5260216777576233,0.2970202540202067,0.4591679756919342,20.0,49,score,500,facebook/esm2_t33_650M_UR50D,FKBP3_HUMAN_Tsuboyama_2023_2KFV,True
GaussianProcessRegressor,0.6798268552341391,0.5228859879166209,0.7231085588738533,0.5344883653740622,0.2063859843341238,0.3894104856419425,5.0,49,score,100,facebook/esm2_t33_650M_UR50D,FKBP3_HUMAN_Tsuboyama_2023_2KFV,False
GaussianProcessRegressor,0.524759906217872,0.5232180677902564,0.7233381420817351,0.5540721893177966,0.2058819676878035,0.4415218566839514,5.0,49,score,100,facebook/esm2_t33_650M_UR50D,FKBP3_HUMAN_Tsuboyama_2023_2KFV,True
GaussianProcessRegressor,0.4130995257399965,0.4956988036662653,0.7040588069659134,0.5159766118924428,0.271184759726087,0.4441709286837147,15.0,48,score,200,facebook/esm2_t33_650M_UR50D,FKBP3_HUMAN_Tsuboyama_2023_2KFV,False
GaussianProcessRegressor,0.4762550847044159,0.49964017393293,0.7068522999417417,0.5349101712785782,0.2653898481857282,0.475065484261937,5.0,48,score,200,facebook/esm2_t33_650M_UR50D,FKBP3_HUMAN_Tsuboyama_2023_2KFV,True
GaussianProcessRegressor,0.3495833777430216,0.3778273998578988,0.6146766628544628,0.4463712773607092,0.444488537852321,0.5953041412165648,20.0,48,score,500,facebook/esm2_t33_650M_UR50D,FKBP3_HUMAN_Tsuboyama_2023_2KFV,False
GaussianProcessRegressor,0.4923502730555788,0.4648356598826851,0.681788574180211,0.5196317310017514,0.316562173159149,0.4826792747170987,0.0,48,score,500,facebook/esm2_t33_650M_UR50D,FKBP3_HUMAN_Tsuboyama_2023_2KFV,True
GaussianProcessRegressor,0.3873060010025012,0.4312254859158174,0.6566776118582218,0.484459520072421,0.3659784857145504,0.5274499177996712,15.0,48,score,350,facebook/esm2_t33_650M_UR50D,FKBP3_HUMAN_Tsuboyama_2023_2KFV,False
GaussianProcessRegressor,0.4935334877607721,0.4695344925910802,0.6852258697619934,0.5222414760530352,0.309653580957499,0.4934929499717999,5.0,48,score,350,facebook/esm2_t33_650M_UR50D,FKBP3_HUMAN_Tsuboyama_2023_2KFV,True
GaussianProcessRegressor,0.5081862296143278,0.6474092585838224,0.8046174610234496,0.5705992961807215,0.0481281559275317,0.296880131520526,10.0,48,score,75,facebook/esm2_t33_650M_UR50D,FKBP3_HUMAN_Tsuboyama_2023_2KFV,False
GaussianProcessRegressor,0.5343595116168667,0.5772878102806656,0.759794584266475,0.5560380735266828,0.1512262062262921,0.415128220512882,5.0,48,score,75,facebook/esm2_t33_650M_UR50D,FKBP3_HUMAN_Tsuboyama_2023_2KFV,True
GaussianProcessRegressor,0.7635233667355926,0.7694854606607285,0.8772032037451348,0.6359616588512635,-0.1313578462382267,0.3036600626402505,15.0,48,score,20,facebook/esm2_t33_650M_UR50D,FKBP3_HUMAN_Tsuboyama_2023_2KFV,False
GaussianProcessRegressor,0.9882201164341796,0.6237677893720471,0.7897897121209209,0.5662411926249468,0.0828876972791965,0.3547865071460285,0.0,48,score,20,facebook/esm2_t33_650M_UR50D,FKBP3_HUMAN_Tsuboyama_2023_2KFV,True
GaussianProcessRegressor,0.244974744188464,1.0116834471942953,1.0058247596844567,0.7167502467491897,-0.487456312572557,0.2915732302929211,10.0,48,score,50,facebook/esm2_t33_650M_UR50D,FKBP3_HUMAN_Tsuboyama_2023_2KFV,False
GaussianProcessRegressor,0.5340638155506172,0.6530901861699417,0.8081399545684781,0.5870100714173333,0.0397756108476694,0.2839025116100464,5.0,48,score,50,facebook/esm2_t33_650M_UR50D,FKBP3_HUMAN_Tsuboyama_2023_2KFV,True
GaussianProcessRegressor,0.4374313439201957,0.6423273679560727,0.8014532849493304,0.567628511838072,0.0555999499111272,0.3289597158388633,10.0,48,score,100,facebook/esm2_t33_650M_UR50D,FKBP3_HUMAN_Tsuboyama_2023_2KFV,False
GaussianProcessRegressor,0.4519916745943749,0.5672134314409115,0.7531357324154203,0.5568080299412749,0.1660383477533656,0.4134952539810159,5.0,48,score,100,facebook/esm2_t33_650M_UR50D,FKBP3_HUMAN_Tsuboyama_2023_2KFV,True
GaussianProcessRegressor,0.3904735635933077,0.3377952267163025,0.5812015370904506,0.4300529538474144,0.5269661091823501,0.6631658526634107,10.0,47,score,500,facebook/esm2_t33_650M_UR50D,FKBP3_HUMAN_Tsuboyama_2023_2KFV,False
GaussianProcessRegressor,0.5167749016505075,0.5039407542832757,0.7098878462709977,0.5482668451785817,0.2943030662170853,0.5038016272977484,10.0,47,score,500,facebook/esm2_t33_650M_UR50D,FKBP3_HUMAN_Tsuboyama_2023_2KFV,True
GaussianProcessRegressor,0.4113039523966056,0.3984194785126849,0.6312047833411,0.4663456626955864,0.4420705173058067,0.6081441925767703,10.0,47,score,350,facebook/esm2_t33_650M_UR50D,FKBP3_HUMAN_Tsuboyama_2023_2KFV,False
GaussianProcessRegressor,0.5070415318610637,0.5096661775087333,0.7139090821027095,0.5511443080581069,0.2862854300555462,0.4982353328989797,5.0,47,score,350,facebook/esm2_t33_650M_UR50D,FKBP3_HUMAN_Tsuboyama_2023_2KFV,True
GaussianProcessRegressor,1.0425375353477937,0.7768688230913129,0.8814016241710205,0.6619967364228433,-0.0878936496945972,-0.03187548750195,5.0,47,score,20,facebook/esm2_t33_650M_UR50D,FKBP3_HUMAN_Tsuboyama_2023_2KFV,False
GaussianProcessRegressor,0.8574212785886525,0.651653398902175,0.8072505180563063,0.6052487454198626,0.0874526388552869,0.2866858096236979,0.0,47,score,20,facebook/esm2_t33_650M_UR50D,FKBP3_HUMAN_Tsuboyama_2023_2KFV,True
GaussianProcessRegressor,0.5295046756594749,0.6046137985060027,0.7775691599504205,0.5873885205769745,0.1533248698344318,0.3904473857895431,15.0,47,score,100,facebook/esm2_t33_650M_UR50D,FKBP3_HUMAN_Tsuboyama_2023_2KFV,False
GaussianProcessRegressor,0.6508472647992528,0.5931665035218306,0.7701730347927215,0.6000218316278593,0.1693551688364007,0.4454262883953847,5.0,47,score,100,facebook/esm2_t33_650M_UR50D,FKBP3_HUMAN_Tsuboyama_2023_2KFV,True
GaussianProcessRegressor,0.4430183386002732,1.209517195634802,1.0997805215745555,0.7986281619886106,-0.6937558017730587,0.2837656150624602,0.0,47,score,50,facebook/esm2_t33_650M_UR50D,FKBP3_HUMAN_Tsuboyama_2023_2KFV,False
GaussianProcessRegressor,0.7191300787867834,0.6406319221885874,0.8003948539243537,0.6133851389443534,0.1028866402858728,0.388096297699502,10.0,47,score,50,facebook/esm2_t33_650M_UR50D,FKBP3_HUMAN_Tsuboyama_2023_2KFV,True
GaussianProcessRegressor,0.4209320844466201,0.4747355285251851,0.6890105431161305,0.5150088178158297,0.3352008068597025,0.5422234168936675,10.0,47,score,200,facebook/esm2_t33_650M_UR50D,FKBP3_HUMAN_Tsuboyama_2023_2KFV,False
GaussianProcessRegressor,0.5136605348268513,0.5593731629383479,0.7479125369575964,0.5837840662851032,0.2166779079269569,0.4646198376302267,5.0,47,score,200,facebook/esm2_t33_650M_UR50D,FKBP3_HUMAN_Tsuboyama_2023_2KFV,True
GaussianProcessRegressor,0.4860645093383927,0.6849934216864959,0.8276432937482765,0.6191375268243126,0.0407647064918682,0.3123997455989823,0.0,47,score,75,facebook/esm2_t33_650M_UR50D,FKBP3_HUMAN_Tsuboyama_2023_2KFV,False
GaussianProcessRegressor,0.6078321904635293,0.625197466783389,0.7906942941386317,0.6143987290763784,0.1245003870636041,0.4092722549115538,5.0,47,score,75,facebook/esm2_t33_650M_UR50D,FKBP3_HUMAN_Tsuboyama_2023_2KFV,True
GaussianProcessRegressor,0.9214214703814558,0.5544894860886025,0.7446405079557534,0.5563090690386251,0.124983728535959,0.3206397465589862,10.0,46,score,50,facebook/esm2_t33_650M_UR50D,FKBP3_HUMAN_Tsuboyama_2023_2KFV,False
GaussianProcessRegressor,1.0398506746328384,0.6341149271745287,0.7963133347963781,0.6145476185310742,-0.0006697929837502,0.3084156410645397,15.0,46,score,50,facebook/esm2_t33_650M_UR50D,FKBP3_HUMAN_Tsuboyama_2023_2KFV,True
GaussianProcessRegressor,0.8176280750267326,0.7542071671089075,0.8684510159524873,0.6541226612883133,-0.1901822484144271,0.4429902199608798,5.0,46,score,100,facebook/esm2_t33_650M_UR50D,FKBP3_HUMAN_Tsuboyama_2023_2KFV,False
GaussianProcessRegressor,0.7826183216549368,0.5296770127729312,0.7277891265833334,0.5543819389841438,0.164139237217706,0.3344080336579275,5.0,46,score,100,facebook/esm2_t33_650M_UR50D,FKBP3_HUMAN_Tsuboyama_2023_2KFV,True
GaussianProcessRegressor,0.513994979263013,0.3422933370959585,0.5850584048588299,0.4388159611025397,0.4598414449921051,0.6111622526490106,10.0,46,score,350,facebook/esm2_t33_650M_UR50D,FKBP3_HUMAN_Tsuboyama_2023_2KFV,False
GaussianProcessRegressor,0.5180875963997897,0.4634775569813877,0.6807918602490689,0.5259486383478216,0.2686057824506467,0.4152562949913311,10.0,46,score,350,facebook/esm2_t33_650M_UR50D,FKBP3_HUMAN_Tsuboyama_2023_2KFV,True
GaussianProcessRegressor,0.6727555882265289,0.4142820479075489,0.6436474562270474,0.4920796513195459,0.3462391226717943,0.5316704786819146,5.0,46,score,200,facebook/esm2_t33_650M_UR50D,FKBP3_HUMAN_Tsuboyama_2023_2KFV,False
GaussianProcessRegressor,0.6091400531837745,0.4929542032210074,0.7021069742005185,0.5504471523109818,0.2220899408793329,0.3785912514511959,10.0,46,score,200,facebook/esm2_t33_650M_UR50D,FKBP3_HUMAN_Tsuboyama_2023_2KFV,True
GaussianProcessRegressor,0.9031771236813936,0.634318904076338,0.7964414002777216,0.6086356881188187,-0.0009916802558516,0.0738331484181409,15.0,46,score,75,facebook/esm2_t33_650M_UR50D,FKBP3_HUMAN_Tsuboyama_2023_2KFV,False
GaussianProcessRegressor,0.9591367051979228,0.6344185189933623,0.7965039353282333,0.6128130739040848,-0.0011488783190498,0.2496019643983048,5.0,46,score,75,facebook/esm2_t33_650M_UR50D,FKBP3_HUMAN_Tsuboyama_2023_2KFV,True
GaussianProcessRegressor,0.5263019564258172,0.7228095468625384,0.8501820668906975,0.61493589567702,-0.1406349994762716,0.303752607010428,10.0,46,score,20,facebook/esm2_t33_650M_UR50D,FKBP3_HUMAN_Tsuboyama_2023_2KFV,False
GaussianProcessRegressor,0.9456892423767316,0.6019436822787849,0.7758502963064362,0.5983959821800978,0.0500982801056141,0.2189823531849892,5.0,46,score,20,facebook/esm2_t33_650M_UR50D,FKBP3_HUMAN_Tsuboyama_2023_2KFV,True
GaussianProcessRegressor,0.4710074057998931,0.3054585931672406,0.5526830856532889,0.4181516683863944,0.5179687875323552,0.6610698762795051,15.0,46,score,500,facebook/esm2_t33_650M_UR50D,FKBP3_HUMAN_Tsuboyama_2023_2KFV,False
GaussianProcessRegressor,0.5535578473610386,0.4510859985427394,0.6716293609891839,0.5224339798514436,0.2881603737181936,0.4419217462931071,10.0,46,score,500,facebook/esm2_t33_650M_UR50D,FKBP3_HUMAN_Tsuboyama_2023_2KFV,True
GaussianProcessRegressor,0.4003182245917491,0.32862199839759,0.5732556134898201,0.4280161583183659,0.4693216033193932,0.6286994107976432,15.0,51,score,500,facebook/esm2_t33_650M_UR50D,FKBP3_HUMAN_Tsuboyama_2023_2KFV,False
GaussianProcessRegressor,0.5381711126232218,0.4514950028682621,0.671933778633179,0.5103241079457427,0.2708989495537302,0.4425095460381841,10.0,51,score,500,facebook/esm2_t33_650M_UR50D,FKBP3_HUMAN_Tsuboyama_2023_2KFV,True
GaussianProcessRegressor,0.6400030957876641,0.5527747597485566,0.7434882378010809,0.542226546656563,0.107346359466899,0.3178435433741735,5.0,51,score,50,facebook/esm2_t33_650M_UR50D,FKBP3_HUMAN_Tsuboyama_2023_2KFV,False
GaussianProcessRegressor,0.5915893837118178,0.5153493909242802,0.7178783956383422,0.5543504235227349,0.1677830764842981,0.3574869019476077,15.0,51,score,50,facebook/esm2_t33_650M_UR50D,FKBP3_HUMAN_Tsuboyama_2023_2KFV,True
GaussianProcessRegressor,0.3544950043937004,0.9111934774384576,0.954564548597138,0.6992742870748145,-0.4714495561183756,0.2416088704354817,0.0,51,score,20,facebook/esm2_t33_650M_UR50D,FKBP3_HUMAN_Tsuboyama_2023_2KFV,False
GaussianProcessRegressor,0.7750787949212281,0.6001176527719834,0.7746726100566506,0.5968482403595717,0.0308942330529606,0.2993102852411409,0.0,51,score,20,facebook/esm2_t33_650M_UR50D,FKBP3_HUMAN_Tsuboyama_2023_2KFV,True
GaussianProcessRegressor,0.457871790928652,0.364910397573723,0.6040781386325141,0.4491695425768285,0.4107209326801834,0.5904651458605835,25.0,51,score,350,facebook/esm2_t33_650M_UR50D,FKBP3_HUMAN_Tsuboyama_2023_2KFV,False
GaussianProcessRegressor,0.5580804671654147,0.4661014460930873,0.6827162266220771,0.5214792923885418,0.2473115941437053,0.4279303517214068,5.0,51,score,350,facebook/esm2_t33_650M_UR50D,FKBP3_HUMAN_Tsuboyama_2023_2KFV,True
GaussianProcessRegressor,0.5969506426509973,0.5147334048621856,0.7174492350418847,0.5136878523071768,0.1687778075047531,0.376690338761355,10.0,51,score,75,facebook/esm2_t33_650M_UR50D,FKBP3_HUMAN_Tsuboyama_2023_2KFV,False
GaussianProcessRegressor,0.5314514831398751,0.569429940076339,0.7546058176798923,0.5737972449899406,0.080450581229678,0.3155605582422329,5.0,51,score,75,facebook/esm2_t33_650M_UR50D,FKBP3_HUMAN_Tsuboyama_2023_2KFV,True
GaussianProcessRegressor,0.5977567030638836,0.4252762420775825,0.6521320741058383,0.4914002112154198,0.313238567738744,0.4971089964359857,20.0,51,score,200,facebook/esm2_t33_650M_UR50D,FKBP3_HUMAN_Tsuboyama_2023_2KFV,False
GaussianProcessRegressor,0.5771418667580929,0.4736113576034232,0.6881942731550614,0.5316273609294794,0.2351841412679044,0.4284325297301189,10.0,51,score,200,facebook/esm2_t33_650M_UR50D,FKBP3_HUMAN_Tsuboyama_2023_2KFV,True
GaussianProcessRegressor,0.6316997333384291,0.4921989971507406,0.7015689539530242,0.5009439096869824,0.2051677126625583,0.4222280249120996,10.0,51,score,100,facebook/esm2_t33_650M_UR50D,FKBP3_HUMAN_Tsuboyama_2023_2KFV,False
GaussianProcessRegressor,0.4834249764058654,0.534961989054639,0.7314109577075251,0.5534031248846273,0.1361114836472066,0.3513231972927891,5.0,51,score,100,facebook/esm2_t33_650M_UR50D,FKBP3_HUMAN_Tsuboyama_2023_2KFV,True
GaussianProcessRegressor,0.5531775291873468,0.6889432488565542,0.8300260531191501,0.6097757071204717,0.0342693546338228,0.2782048888195552,5.0,42,score,75,facebook/esm2_t33_650M_UR50D,FKBP3_HUMAN_Tsuboyama_2023_2KFV,False
GaussianProcessRegressor,0.5827472295915563,0.7270703399124776,0.8526841970580185,0.642481996414396,-0.0191755413173069,0.1938479900918565,0.0,42,score,75,facebook/esm2_t33_650M_UR50D,FKBP3_HUMAN_Tsuboyama_2023_2KFV,True
GaussianProcessRegressor,0.434513638905157,0.7175525328791004,0.8470847259153599,0.6186009922984192,-0.0058338938825297,0.2588230832923331,0.0,42,score,50,facebook/esm2_t33_650M_UR50D,FKBP3_HUMAN_Tsuboyama_2023_2KFV,False
GaussianProcessRegressor,0.3621814033164229,0.6592723405064285,0.8119558734970937,0.6207497787074976,0.0758607419028397,0.2726031704126817,5.0,42,score,50,facebook/esm2_t33_650M_UR50D,FKBP3_HUMAN_Tsuboyama_2023_2KFV,True
GaussianProcessRegressor,0.3638266958310127,0.7789259831515624,0.882567834872517,0.6430367882164489,-0.091864523892106,0.1281800007200028,0.0,42,score,20,facebook/esm2_t33_650M_UR50D,FKBP3_HUMAN_Tsuboyama_2023_2KFV,False
GaussianProcessRegressor,0.347185931364761,0.7337299032263679,0.8565803542145757,0.6498917930770134,-0.0285106271718449,0.1301656726626906,0.0,42,score,20,facebook/esm2_t33_650M_UR50D,FKBP3_HUMAN_Tsuboyama_2023_2KFV,True
GaussianProcessRegressor,0.3756898163433492,0.3900613382841783,0.6245489078400333,0.4517611164861951,0.453229001693859,0.6600849123396493,15.0,42,score,500,facebook/esm2_t33_650M_UR50D,FKBP3_HUMAN_Tsuboyama_2023_2KFV,False
GaussianProcessRegressor,0.484611662034309,0.5298611189158334,0.7279155987584229,0.5574484698789265,0.2572637569577592,0.4285296821187285,10.0,42,score,500,facebook/esm2_t33_650M_UR50D,FKBP3_HUMAN_Tsuboyama_2023_2KFV,True
GaussianProcessRegressor,0.4315541380267582,0.4463057759748112,0.6680612067578923,0.4871394186561282,0.3743879981723308,0.5923006732026929,15.0,42,score,350,facebook/esm2_t33_650M_UR50D,FKBP3_HUMAN_Tsuboyama_2023_2KFV,False
GaussianProcessRegressor,0.5069591904307225,0.5978588939990157,0.7732133560661092,0.6090711878518127,0.1619474368928849,0.3412245328981316,10.0,42,score,350,facebook/esm2_t33_650M_UR50D,FKBP3_HUMAN_Tsuboyama_2023_2KFV,True
GaussianProcessRegressor,0.5716700786548267,0.7328607106570535,0.8560728419106948,0.6342814040380376,-0.027292230878239,0.4973963255853024,5.0,42,score,200,facebook/esm2_t33_650M_UR50D,FKBP3_HUMAN_Tsuboyama_2023_2KFV,False
GaussianProcessRegressor,0.4621828237668487,0.5928081887459387,0.7699403799944115,0.587394892119104,0.1690272955774773,0.397064308257233,0.0,42,score,200,facebook/esm2_t33_650M_UR50D,FKBP3_HUMAN_Tsuboyama_2023_2KFV,True
GaussianProcessRegressor,0.689986881736434,0.5757595712028535,0.7587882255299258,0.5805838284520556,0.1929253052463591,0.3790550202200808,20.0,42,score,100,facebook/esm2_t33_650M_UR50D,FKBP3_HUMAN_Tsuboyama_2023_2KFV,False
GaussianProcessRegressor,0.6346811235868963,0.6257550891022943,0.7910468311688597,0.6242864131012743,0.1228437653712276,0.3243731054924219,5.0,42,score,100,facebook/esm2_t33_650M_UR50D,FKBP3_HUMAN_Tsuboyama_2023_2KFV,True
GaussianProcessRegressor,0.4474968695515596,0.4495357957285259,0.6704743065386816,0.4744255371291535,0.3890220469386563,0.6470494041976168,10.0,44,score,350,facebook/esm2_t33_650M_UR50D,FKBP3_HUMAN_Tsuboyama_2023_2KFV,False
GaussianProcessRegressor,0.532721461367174,0.5451936711357781,0.7383723120051144,0.568782421783571,0.2590104806387953,0.4610884154197837,10.0,44,score,350,facebook/esm2_t33_650M_UR50D,FKBP3_HUMAN_Tsuboyama_2023_2KFV,True
GaussianProcessRegressor,0.5671770667348176,0.9447834924788298,0.9719997389294042,0.7327175302480253,-0.2840843594788134,0.3352974691898767,0.0,44,score,20,facebook/esm2_t33_650M_UR50D,FKBP3_HUMAN_Tsuboyama_2023_2KFV,False
GaussianProcessRegressor,0.7164167697519785,0.7248568010968182,0.8513852248523098,0.685306800343026,0.0148247841331482,0.1967548077413464,0.0,44,score,20,facebook/esm2_t33_650M_UR50D,FKBP3_HUMAN_Tsuboyama_2023_2KFV,True
GaussianProcessRegressor,0.6299365578823406,0.6805391717455105,0.8249479812360961,0.6123853349925886,0.0750582398954677,0.2774226776907107,0.0,44,score,50,facebook/esm2_t33_650M_UR50D,FKBP3_HUMAN_Tsuboyama_2023_2KFV,False
GaussianProcessRegressor,0.6385418230181675,0.7359502194709306,0.8578754102262931,0.6749485568241532,-0.0002526226386174,,5.0,44,score,50,facebook/esm2_t33_650M_UR50D,FKBP3_HUMAN_Tsuboyama_2023_2KFV,True
GaussianProcessRegressor,0.7465131145926793,0.7358553532025683,0.85782011704236,0.6708567570760275,-0.0001236869698471,0.2742750295734527,0.0,44,score,75,facebook/esm2_t33_650M_UR50D,FKBP3_HUMAN_Tsuboyama_2023_2KFV,False
GaussianProcessRegressor,0.8339726602960393,0.6696558032215746,0.818324998531497,0.6414541572832593,0.0898501614428726,0.2854714527371259,0.0,44,score,75,facebook/esm2_t33_650M_UR50D,FKBP3_HUMAN_Tsuboyama_2023_2KFV,True
GaussianProcessRegressor,0.6783642890104781,0.6410656376444827,0.8006657465162867,0.5939497718852373,0.1287079365254279,0.3823610814443258,0.0,44,score,100,facebook/esm2_t33_650M_UR50D,FKBP3_HUMAN_Tsuboyama_2023_2KFV,False
GaussianProcessRegressor,0.7870054728403545,0.661139020333607,0.8131045568274765,0.6418194892920241,0.1014255835227212,0.3414348779339488,5.0,44,score,100,facebook/esm2_t33_650M_UR50D,FKBP3_HUMAN_Tsuboyama_2023_2KFV,True
GaussianProcessRegressor,0.3780413554471248,0.3990975553801386,0.631741684060929,0.441617376404595,0.4575742137224643,0.6941450805803223,15.0,44,score,500,facebook/esm2_t33_650M_UR50D,FKBP3_HUMAN_Tsuboyama_2023_2KFV,False
GaussianProcessRegressor,0.505741068378852,0.5292416577039497,0.72748997086142,0.5668464644811961,0.280691353678039,0.46311248756465,15.0,44,score,500,facebook/esm2_t33_650M_UR50D,FKBP3_HUMAN_Tsuboyama_2023_2KFV,True
GaussianProcessRegressor,0.4895101838111464,0.5250475105035132,0.7246016219299493,0.5190577041412471,0.2863917483867803,0.5695256381025524,5.0,44,score,200,facebook/esm2_t33_650M_UR50D,FKBP3_HUMAN_Tsuboyama_2023_2KFV,False
GaussianProcessRegressor,0.5775214287714335,0.5972445885998979,0.772816012127012,0.5993082943133112,0.1882664746900497,0.4047266846201789,10.0,44,score,200,facebook/esm2_t33_650M_UR50D,FKBP3_HUMAN_Tsuboyama_2023_2KFV,True
GaussianProcessRegressor,0.4560921939972173,0.4041890279897341,0.6357586239994972,0.4785318001294099,0.3576785158250745,0.5076599186396745,15.0,45,score,200,facebook/esm2_t33_650M_UR50D,FKBP3_HUMAN_Tsuboyama_2023_2KFV,False
GaussianProcessRegressor,0.5855525986007388,0.4609278847670259,0.6789166994315473,0.5317725956311032,0.2675113312361243,0.4605310371768937,5.0,45,score,200,facebook/esm2_t33_650M_UR50D,FKBP3_HUMAN_Tsuboyama_2023_2KFV,True
GaussianProcessRegressor,0.7236255625492396,0.4795628495230547,0.6925047649822019,0.5344087579276806,0.237897369968616,0.3796195984783939,15.0,45,score,100,facebook/esm2_t33_650M_UR50D,FKBP3_HUMAN_Tsuboyama_2023_2KFV,False
GaussianProcessRegressor,0.7118551188495891,0.499852091275894,0.7070021861889071,0.5711761933944498,0.2056544960334071,0.4404954685537656,5.0,45,score,100,facebook/esm2_t33_650M_UR50D,FKBP3_HUMAN_Tsuboyama_2023_2KFV,True
GaussianProcessRegressor,0.4385270663061389,0.3485212095311675,0.5903568493133349,0.4456816972470551,0.4461436479711033,0.5921425605702423,10.0,45,score,350,facebook/esm2_t33_650M_UR50D,FKBP3_HUMAN_Tsuboyama_2023_2KFV,False
GaussianProcessRegressor,0.5293049388088289,0.4535335663196356,0.6734490079580158,0.5360131123573998,0.2792620945441042,0.4747510943984039,10.0,45,score,350,facebook/esm2_t33_650M_UR50D,FKBP3_HUMAN_Tsuboyama_2023_2KFV,True
GaussianProcessRegressor,0.7116686531466904,0.5940569650408949,0.7707509098540818,0.5843343821597473,0.0559477743190718,0.1452018288073152,10.0,45,score,50,facebook/esm2_t33_650M_UR50D,FKBP3_HUMAN_Tsuboyama_2023_2KFV,False
GaussianProcessRegressor,0.8073504747241564,0.5404334600783455,0.7351417958995022,0.5647073668632565,0.1411641629615686,0.3358768395684025,10.0,45,score,50,facebook/esm2_t33_650M_UR50D,FKBP3_HUMAN_Tsuboyama_2023_2KFV,True
GaussianProcessRegressor,0.8003536140885356,0.5422105166640865,0.7363494528171298,0.5653973216865329,0.1383401337460971,0.2399024636098544,20.0,45,score,75,facebook/esm2_t33_650M_UR50D,FKBP3_HUMAN_Tsuboyama_2023_2KFV,False
GaussianProcessRegressor,0.7801683056205627,0.5173979030565082,0.7193037627153832,0.565929110086789,0.1777713743167428,0.4396721692408091,5.0,45,score,75,facebook/esm2_t33_650M_UR50D,FKBP3_HUMAN_Tsuboyama_2023_2KFV,True
GaussianProcessRegressor,0.3990905083808412,0.3066114942704719,0.5537251071339206,0.409395525392528,0.5127449375743487,0.6681967527870112,20.0,45,score,500,facebook/esm2_t33_650M_UR50D,FKBP3_HUMAN_Tsuboyama_2023_2KFV,False
GaussianProcessRegressor,0.5365134223466099,0.4379640652737108,0.6617885351633941,0.5230422927046543,0.3040045401008784,0.4941963566461393,10.0,45,score,500,facebook/esm2_t33_650M_UR50D,FKBP3_HUMAN_Tsuboyama_2023_2KFV,True
GaussianProcessRegressor,0.4640324156214678,0.6602014034695001,0.8125277862753372,0.5934789823626186,-0.0491663948425358,,5.0,45,score,20,facebook/esm2_t33_650M_UR50D,FKBP3_HUMAN_Tsuboyama_2023_2KFV,False
GaussianProcessRegressor,0.4634590782126231,0.6554842962211214,0.809619846731243,0.5882383305009571,-0.0416701514539896,0.2237067241958582,0.0,45,score,20,facebook/esm2_t33_650M_UR50D,FKBP3_HUMAN_Tsuboyama_2023_2KFV,True
