Model,CV MSE,Test MSE,Test RMSE,Test MAE,Test R2,Test Spearman Correlation,Top 20 Accuracy,Seed,Label,Train Size,Foundation,Dataset,Representation
GaussianProcessRegressor,0.6885648870876178,0.5048469936143621,0.7105258571046955,0.570635684147641,-0.1527694224198448,0.0785566234872109,0.0,42,score,100,none,EC_all_40,morgan
GaussianProcessRegressor,0.4008888845220829,0.6331783685620644,0.795725058397726,0.6500600011631471,-0.4458017408212722,0.0273979672006022,0.0,42,score,20,none,EC_all_40,morgan
GaussianProcessRegressor,0.6346106842094887,0.5002057767870614,0.707252272380274,0.559610356382763,-0.1421716513941551,0.1506332075125436,5.0,42,score,200,none,EC_all_40,morgan
GaussianProcessRegressor,0.5806550217106503,0.4822509583931411,0.6944429122635936,0.5502134597548661,-0.101173555156262,0.2009564935805774,5.0,42,score,350,none,EC_all_40,morgan
GaussianProcessRegressor,0.8180026845124635,0.5110176197299423,0.7148549641220534,0.5847796567181777,-0.1668594520589232,0.0637069103257152,5.0,42,score,50,none,EC_all_40,morgan
GaussianProcessRegressor,0.4673144924834665,0.4759219525644629,0.6898709680545072,0.5425538554118391,-0.0867218807164806,0.2297195328619439,5.0,42,score,500,none,EC_all_40,morgan
GaussianProcessRegressor,0.7925006101554939,0.506783301870672,0.711887141245487,0.5818415552017063,-0.1571907955853508,-3.792869228068417e-05,5.0,42,score,75,none,EC_all_40,morgan
GaussianProcessRegressor,0.3935873397429412,0.5034987504329322,0.7095764584827573,0.5676793486286821,-0.0666195989903897,0.2279165537139034,20.0,43,score,100,none,EC_all_40,morgan
GaussianProcessRegressor,0.3316805128024692,0.5565891775789096,0.74604904502245,0.5836138826990785,-0.1790871871700625,0.136307722840957,5.0,43,score,20,none,EC_all_40,morgan
GaussianProcessRegressor,0.4671159594984279,0.4777226788325359,0.6911748540221468,0.562092882039625,-0.0120151672409123,0.2468634793510479,20.0,43,score,200,none,EC_all_40,morgan
GaussianProcessRegressor,0.4406232974182796,0.4911994608423786,0.7008562340754191,0.5569859246619899,-0.0405645922606552,0.2643956826382244,15.0,43,score,350,none,EC_all_40,morgan
GaussianProcessRegressor,0.3798796756824841,0.4431563109603582,0.6656998655252667,0.5344222694471166,0.061210765110806,0.2526644220694715,0.0,43,score,50,none,EC_all_40,morgan
GaussianProcessRegressor,0.4528932385877974,0.4871480590590437,0.6979599265423794,0.5643589356379327,-0.0319820395894241,0.2594176694893399,10.0,43,score,500,none,EC_all_40,morgan
GaussianProcessRegressor,0.4342096425696504,0.4565880289206047,0.6757129782093909,0.5465532176874638,0.032756804475965,0.2141763768430404,15.0,43,score,75,none,EC_all_40,morgan
GaussianProcessRegressor,0.7383562730889601,0.4467195145987039,0.6683707912519098,0.545034734247181,0.0553033353392031,0.266608209302527,20.0,44,score,100,none,EC_all_40,morgan
GaussianProcessRegressor,0.8099009174138343,0.5424047459735136,0.7364813276475607,0.5709462564155523,-0.147046273269862,0.1002493964223744,0.0,44,score,20,none,EC_all_40,morgan
GaussianProcessRegressor,0.6524576387629982,0.4566908571897414,0.675789062644359,0.5505913380302117,0.0342165151307657,0.2434362930652928,0.0,44,score,200,none,EC_all_40,morgan
GaussianProcessRegressor,0.5475317536941973,0.4786608316073262,0.6918531864545586,0.5697149183133022,-0.0122443196362578,0.255528473573947,0.0,44,score,350,none,EC_all_40,morgan
GaussianProcessRegressor,0.7300657541693727,0.5626026424082531,0.7500684251508345,0.5851997276134682,-0.1897596197244115,0.1355208419064074,0.0,44,score,50,none,EC_all_40,morgan
GaussianProcessRegressor,0.5490989777879693,0.4717861501545122,0.6868669086180468,0.5648212099283978,0.0022938601988292,0.2429746674292904,5.0,44,score,500,none,EC_all_40,morgan
GaussianProcessRegressor,0.6344372813741975,0.5785111841928324,0.7605992270524816,0.6031667492914554,-0.2234020863558716,0.133255941597835,0.0,44,score,75,none,EC_all_40,morgan
GaussianProcessRegressor,0.6618317896371468,0.6100688767775588,0.7810690601845389,0.6119203570228964,-0.088158342505326,0.1043133940867504,0.0,45,score,100,none,EC_all_40,morgan
GaussianProcessRegressor,0.43714757622526,0.786412675313821,0.8867991177903939,0.7046022561422657,-0.402696557501464,0.0916127639385124,0.0,45,score,20,none,EC_all_40,morgan
GaussianProcessRegressor,0.5398891225947537,0.6133463673619132,0.783164329730302,0.6093392265881291,-0.0940042868857149,0.1126177454223503,0.0,45,score,200,none,EC_all_40,morgan
GaussianProcessRegressor,0.5386845684696077,0.602159406839615,0.775989308457027,0.608129013794842,-0.0740504998905211,0.1606254836219832,0.0,45,score,350,none,EC_all_40,morgan
GaussianProcessRegressor,0.3816565734083004,1.225072793734451,1.1068300654275935,0.8905805537914682,-1.1851191421530425,0.0268693676710092,0.0,45,score,50,none,EC_all_40,morgan
GaussianProcessRegressor,0.5308768485980517,0.5183293587615002,0.7199509419130585,0.5718334085181136,0.0754742007476391,0.3066995916006885,20.0,45,score,500,none,EC_all_40,morgan
GaussianProcessRegressor,0.6305514457366994,0.7476230068701095,0.8646519570729656,0.6941008216308534,-0.3335087937476504,0.0650212919056029,0.0,45,score,75,none,EC_all_40,morgan
GaussianProcessRegressor,0.6760469987047159,0.5656285586220999,0.7520828136728693,0.5586811464570985,-0.2305803347258006,0.0982121705687001,10.0,46,score,100,none,EC_all_40,morgan
GaussianProcessRegressor,0.771203811111111,0.7149060891183819,0.8455211937724458,0.660067201326459,-0.555348224615684,0.0658328707961734,10.0,46,score,20,none,EC_all_40,morgan
GaussianProcessRegressor,0.5738768168311066,0.5284398437967135,0.7269386795299267,0.5427724854968461,-0.1496726428487689,0.1329505805995599,10.0,46,score,200,none,EC_all_40,morgan
GaussianProcessRegressor,0.5032718387040536,0.5068626982492269,0.711942903784585,0.5267423237658274,-0.1027294491477006,0.1975731193619351,30.0,46,score,350,none,EC_all_40,morgan
GaussianProcessRegressor,0.7400944525766713,0.5460651095649398,0.7389621841237478,0.5568882386970847,-0.1880181349885776,0.0177195169455367,5.0,46,score,50,none,EC_all_40,morgan
GaussianProcessRegressor,0.468624431387314,0.5206131577828594,0.7215352782663225,0.5273506410711059,-0.132644920772315,0.2177798029904043,20.0,46,score,500,none,EC_all_40,morgan
GaussianProcessRegressor,0.7540295289112968,0.5973047797173664,0.7728549538673906,0.5883873301963554,-0.2994950565234746,0.0328330156622858,15.0,46,score,75,none,EC_all_40,morgan
GaussianProcessRegressor,0.5990514806433627,0.5755777794025819,0.7586684252047016,0.6211362697051004,-0.0278800796542983,0.1834379743793404,15.0,47,score,100,none,EC_all_40,morgan
GaussianProcessRegressor,0.6876496632716101,0.6342772087380258,0.7964152238236194,0.6518297095585892,-0.1327068750243409,0.0100500137144578,0.0,47,score,20,none,EC_all_40,morgan
GaussianProcessRegressor,0.5109919266515996,0.539729631221571,0.7346629371498,0.599831992611669,0.0361383705471709,0.2596338899031881,15.0,47,score,200,none,EC_all_40,morgan
GaussianProcessRegressor,0.4285178086106515,0.5177357237712479,0.7195385491905544,0.5852897500086304,0.0754155979714339,0.2909314420531442,15.0,47,score,350,none,EC_all_40,morgan
GaussianProcessRegressor,0.5607642398024779,0.6020948628549189,0.7759477191505358,0.6308182348019673,-0.0752348991531999,0.0355728360519567,0.0,47,score,50,none,EC_all_40,morgan
GaussianProcessRegressor,0.4547187162703413,0.508673158147015,0.7132132627391438,0.5869977770848857,0.0915997367777956,0.3211333041902759,25.0,47,score,500,none,EC_all_40,morgan
GaussianProcessRegressor,0.652752087988638,0.6065529666345578,0.7788151042670897,0.6340565989720389,-0.0831962837516093,0.1116371589344578,5.0,47,score,75,none,EC_all_40,morgan
GaussianProcessRegressor,0.4695719636084027,0.7160691198018199,0.8462086739107676,0.6939526418403092,-0.0512181594204401,0.2126111470391176,60.0,48,score,100,none,EC_all_40,morgan
GaussianProcessRegressor,0.5017570606987991,0.8470208901081214,0.9203373784151774,0.7427287434404314,-0.2434606052227914,0.0190661486070248,65.0,48,score,20,none,EC_all_40,morgan
GaussianProcessRegressor,0.4722164232369967,0.6094033330253683,0.7806428972490356,0.6367943770361698,0.105371489466119,0.2620832233024097,70.0,48,score,200,none,EC_all_40,morgan
GaussianProcessRegressor,0.4979954181130048,0.6165646815071777,0.7852163278404096,0.6478159611787867,0.0948583429529729,0.2540128172980326,70.0,48,score,350,none,EC_all_40,morgan
GaussianProcessRegressor,0.5507029095147427,0.6477184396570844,0.804809567324522,0.6577111011347082,0.0491233777160441,0.1779415626672064,70.0,48,score,50,none,EC_all_40,morgan
GaussianProcessRegressor,0.509388489330914,0.6051593697997022,0.7779198993467786,0.6443386147036404,0.1116017975290718,0.2477035458622919,60.0,48,score,500,none,EC_all_40,morgan
GaussianProcessRegressor,0.494783510474537,0.6939385119078265,0.8330297185021832,0.6743322993646266,-0.0187295402999596,0.2136597787455389,25.0,48,score,75,none,EC_all_40,morgan
GaussianProcessRegressor,0.6129482076626117,0.6792147312838399,0.8241448484846823,0.6573759319063097,0.0447363273045059,0.2710905039133789,50.0,49,score,100,none,EC_all_40,morgan
GaussianProcessRegressor,0.3032330780698352,0.7388980461663123,0.8595917904251484,0.6967812041862824,-0.0392036992398339,0.2118592566016087,55.00000000000001,49,score,20,none,EC_all_40,morgan
GaussianProcessRegressor,0.5055694934735259,0.7135772247772204,0.8447350026944666,0.6724960863140428,-0.0035918967836494,0.2188334912693208,35.0,49,score,200,none,EC_all_40,morgan
GaussianProcessRegressor,0.4849999306736336,0.7346439344117451,0.8571137231498194,0.6814113127367432,-0.0332206157883847,0.2364402645716937,5.0,49,score,350,none,EC_all_40,morgan
GaussianProcessRegressor,0.6923562230823462,0.6475884974756119,0.8047288347484586,0.6399353068426572,0.0892162110138437,0.23986985551384,45.0,49,score,50,none,EC_all_40,morgan
GaussianProcessRegressor,0.4583127114955631,0.6977453868355424,0.8353115507614763,0.6679948535211635,0.0186743747813102,0.2555429641519738,20.0,49,score,500,none,EC_all_40,morgan
GaussianProcessRegressor,0.6933364985476301,0.6555056171675457,0.8096330138819351,0.646970711164042,0.0780813865087991,0.281008956595523,50.0,49,score,75,none,EC_all_40,morgan
GaussianProcessRegressor,0.52270116066454,0.5329396680459847,0.7300271693889103,0.598810634028554,-0.2375993530943125,-0.0769483671938353,15.0,50,score,100,none,EC_all_40,morgan
GaussianProcessRegressor,0.6536837808733693,0.4873685280075306,0.6981178467905906,0.5645409968236835,-0.1317734654508828,0.0415994927925381,15.0,50,score,20,none,EC_all_40,morgan
GaussianProcessRegressor,0.5447939431241517,0.5413785347569668,0.7357842990693447,0.6029714338659644,-0.2571961979316524,0.0020143637095799,10.0,50,score,200,none,EC_all_40,morgan
GaussianProcessRegressor,0.5040969371569682,0.5486267345600915,0.7406934146865972,0.6114836431990873,-0.2740280607583305,0.0309430014746608,10.0,50,score,350,none,EC_all_40,morgan
GaussianProcessRegressor,0.5192303838574553,0.5092297606838223,0.7136033636999074,0.5831585359236813,-0.1825399012037725,0.0010490882449676,15.0,50,score,50,none,EC_all_40,morgan
GaussianProcessRegressor,0.4779864405925184,0.5526127339881652,0.7433792665848068,0.6125783084021843,-0.2832843999077608,0.0328777298383691,10.0,50,score,500,none,EC_all_40,morgan
GaussianProcessRegressor,0.4770055550634383,0.5637919956075093,0.7508608363788254,0.6129461654660437,-0.3092450250548806,-0.0227661296298994,10.0,50,score,75,none,EC_all_40,morgan
GaussianProcessRegressor,0.710039665309559,0.5105597622896886,0.7145346473682634,0.5884601219406078,-0.1113951667583363,0.1711589317276801,10.0,51,score,100,none,EC_all_40,morgan
GaussianProcessRegressor,0.5773537388856689,0.830847762984921,0.911508509551568,0.72074278343458,-0.8086035294913925,0.1193179843116424,15.0,51,score,20,none,EC_all_40,morgan
GaussianProcessRegressor,0.5941490116051062,0.5081299083318843,0.712832314315144,0.5829869302609993,-0.1061058193712227,0.1958950460091699,10.0,51,score,200,none,EC_all_40,morgan
GaussianProcessRegressor,0.5029496626520825,0.4665099000654412,0.6830153000229505,0.5570309872823768,-0.0155066781064998,0.2220380798181915,10.0,51,score,350,none,EC_all_40,morgan
GaussianProcessRegressor,0.7229841800808375,0.4926815548246482,0.7019127829186816,0.5743039852452384,-0.0724775809348092,-0.0459900054997505,5.0,51,score,50,none,EC_all_40,morgan
GaussianProcessRegressor,0.472165748423512,0.4675195162483916,0.683753988104195,0.5602886293461615,-0.0177044277704763,0.22937580304806,5.0,51,score,500,none,EC_all_40,morgan
GaussianProcessRegressor,0.7520383932354573,0.5548692915081215,0.7448954903260735,0.6134563409468298,-0.2078489029357715,0.1052704812859971,10.0,51,score,75,none,EC_all_40,morgan
GaussianProcessRegressor,0.7023032185078406,0.6293125308004289,0.7932922102229599,0.6291979011368012,-0.4369744731143887,0.1249462628628626,10.0,42,score,100,none,EC_all_40,ngram
GaussianProcessRegressor,0.5294589226332089,0.5461630523113529,0.739028451625073,0.5884079056366679,-0.2471106579292632,0.1026205683300525,0.0,42,score,20,none,EC_all_40,ngram
GaussianProcessRegressor,0.7586238252299402,0.45975235889189,0.6780504102881216,0.5484915161550037,-0.0498001729625192,0.0283653340423016,15.0,42,score,200,none,EC_all_40,ngram
GaussianProcessRegressor,0.6529097942344515,0.4526668650558391,0.6728052207406234,0.5429163799130043,-0.0336211311136871,0.0430341165618487,15.0,42,score,350,none,EC_all_40,ngram
GaussianProcessRegressor,0.8172897084315363,0.51461856016,0.7173691937628769,0.5862630400000001,-0.1750818522558765,,0.0,42,score,50,none,EC_all_40,ngram
GaussianProcessRegressor,0.5926371327069113,0.454120101906628,0.6738843386714282,0.543545365861882,-0.036939457312145,0.0837552077797524,15.0,42,score,500,none,EC_all_40,ngram
GaussianProcessRegressor,0.7858618135240546,0.5092587935111113,0.7136237058219908,0.5825997333333335,-0.1628433420096129,-0.0575731731645289,0.0,42,score,75,none,EC_all_40,ngram
GaussianProcessRegressor,0.5522516599255884,0.4894510272610495,0.6996077667243621,0.5742622757280833,-0.0368606833159457,0.0778516855092984,15.0,43,score,100,none,EC_all_40,ngram
GaussianProcessRegressor,0.3008439795691481,0.5118760146608249,0.7154551101647293,0.5783956423707891,-0.0843661260745352,0.0991770697585706,0.0,43,score,20,none,EC_all_40,ngram
GaussianProcessRegressor,0.5719340495281032,0.4739267587246945,0.6884233862418494,0.5601508021908082,-0.0039738309322441,0.1538893922848123,20.0,43,score,200,none,EC_all_40,ngram
GaussianProcessRegressor,0.5281954938048329,0.4885489678046723,0.6989627799852237,0.5682409598374384,-0.0349497465066701,0.1824716231602782,20.0,43,score,350,none,EC_all_40,ngram
GaussianProcessRegressor,0.3975631690349545,0.4610365305874843,0.6789967088193317,0.5547438762744998,0.0233330292233845,0.1973815169842874,15.0,43,score,50,none,EC_all_40,ngram
GaussianProcessRegressor,0.4964504389537339,0.4752017818750081,0.6893488100192878,0.5604592208880692,-0.0066748598426866,0.2222050233339125,20.0,43,score,500,none,EC_all_40,ngram
GaussianProcessRegressor,0.48237749753874,0.4814987411769217,0.6939011033115033,0.5675878310260652,-0.0200144365540304,0.0636835093551408,10.0,43,score,75,none,EC_all_40,ngram
GaussianProcessRegressor,0.7679692870240518,0.5007038171546521,0.7076042800567646,0.5881111324681508,-0.0588595541294978,0.13940608857008,20.0,44,score,100,none,EC_all_40,ngram
GaussianProcessRegressor,0.802511864421616,0.5703834183444565,0.7552373258416566,0.583116667296442,-0.2062139559134346,-0.0438828723126064,0.0,44,score,20,none,EC_all_40,ngram
GaussianProcessRegressor,0.7108400727912819,0.4704065751695001,0.6858619213584467,0.5681648720359781,0.0052113058093287,0.1602680958691891,10.0,44,score,200,none,EC_all_40,ngram
GaussianProcessRegressor,0.6338883580171663,0.4750901046017747,0.6892678032534051,0.5724468585985116,-0.0046931521087121,0.1911708099330678,5.0,44,score,350,none,EC_all_40,ngram
GaussianProcessRegressor,0.7185630206062037,0.5084992591566541,0.7130913399815301,0.5590386998083073,-0.0753449052685977,0.0221683208417266,5.0,44,score,50,none,EC_all_40,ngram
GaussianProcessRegressor,0.649928490276153,0.4682256900074452,0.6842701878698539,0.5665825684262346,0.0098233159661993,0.2030118967654325,5.0,44,score,500,none,EC_all_40,ngram
GaussianProcessRegressor,0.7253778377908209,0.5514610486415832,0.7426042341931421,0.593776159927059,-0.1661980198246762,0.1648357125501239,15.0,44,score,75,none,EC_all_40,ngram
GaussianProcessRegressor,0.6392718017953586,0.6828528979894447,0.8263491380702498,0.6592806690694326,-0.2179806345408468,0.1525933557814112,0.0,45,score,100,none,EC_all_40,ngram
GaussianProcessRegressor,0.4924845908902084,0.6492507478171287,0.8057609743696506,0.629604228497663,-0.1580456641990397,0.1070766896872289,0.0,45,score,20,none,EC_all_40,ngram
GaussianProcessRegressor,0.5512114769942958,0.6741617430300221,0.8210735308302308,0.6542502847097603,-0.2024785279179735,0.1073566396992033,0.0,45,score,200,none,EC_all_40,ngram
GaussianProcessRegressor,0.6147077915347993,0.5930479206116003,0.7700960463549987,0.6083251016605578,-0.0577986632061009,0.2469093109097882,0.0,45,score,350,none,EC_all_40,ngram
GaussianProcessRegressor,0.503494841106741,0.7509041899339438,0.8665472808415844,0.6954360976507035,-0.3393613242734787,0.0959625207140409,0.0,45,score,50,none,EC_all_40,ngram
GaussianProcessRegressor,0.5700917678333186,0.561605239475878,0.7494032555813178,0.5916150607465049,-0.0017154616349999,0.2988204370445967,5.0,45,score,500,none,EC_all_40,ngram
GaussianProcessRegressor,0.5539837067097062,0.7496567165192914,0.8658271862902501,0.6948056961524235,-0.3371362499337127,0.1232073495911771,0.0,45,score,75,none,EC_all_40,ngram
GaussianProcessRegressor,0.7204440604431487,0.6089255259999999,0.780336802925506,0.59539,-0.324777128357123,,10.0,46,score,100,none,EC_all_40,ngram
GaussianProcessRegressor,0.771203811111111,0.7169253519072959,0.8467144453163037,0.6615630395683563,-0.5597413286073465,0.087123706729259,0.0,46,score,20,none,EC_all_40,ngram
GaussianProcessRegressor,0.6046851567018268,0.5359372360650245,0.7320773429529318,0.5490831958707422,-0.1659839541262338,0.0930564257685182,0.0,46,score,200,none,EC_all_40,ngram
GaussianProcessRegressor,0.6215073997625453,0.5032829469824693,0.7094243772118839,0.5337610020453107,-0.0949413496167772,0.1432435464684029,20.0,46,score,350,none,EC_all_40,ngram
GaussianProcessRegressor,0.7215183791055447,0.5460385940000001,0.7389442428221497,0.5568016800000001,-0.187960447779752,0.052747011656411,0.0,46,score,50,none,EC_all_40,ngram
GaussianProcessRegressor,0.5806996513647842,0.5008747867008185,0.707725078473851,0.530787805941374,-0.0897021610356945,0.2130070118727065,15.0,46,score,500,none,EC_all_40,ngram
GaussianProcessRegressor,0.730275724266476,0.9255244677998804,0.9620418222717142,0.7039362545094165,-1.013569138299156,0.0848144923031646,0.0,46,score,75,none,EC_all_40,ngram
GaussianProcessRegressor,0.623561575647184,0.6060590999930378,0.7784979768715123,0.6360928125527128,-0.0823143253074332,0.056654476909273,5.0,47,score,100,none,EC_all_40,ngram
GaussianProcessRegressor,0.6876496635679625,0.6332768853009723,0.7957869597454913,0.6509136343908842,-0.1309204743484395,-0.020813788564972,0.0,47,score,20,none,EC_all_40,ngram
GaussianProcessRegressor,0.5719990682265833,0.560844557765995,0.7488955586501999,0.613359539976281,-0.0015691524932499,0.1672026314150924,25.0,47,score,200,none,EC_all_40,ngram
GaussianProcessRegressor,0.5320861637456533,0.545141823389918,0.7383372016835654,0.6031099202511923,0.0264731528890482,0.2601978427104296,5.0,47,score,350,none,EC_all_40,ngram
GaussianProcessRegressor,0.5433461025155396,0.6208481681852982,0.7879391906646719,0.6550803560008299,-0.1087249845362374,0.137909158828491,10.0,47,score,50,none,EC_all_40,ngram
GaussianProcessRegressor,0.5161521199447342,0.534661922272896,0.7312058002183079,0.5944662641902448,0.0451884021228087,0.334509221462668,10.0,47,score,500,none,EC_all_40,ngram
GaussianProcessRegressor,0.6294862839659428,0.6073228995111111,0.7793092451081991,0.6350791199999999,-0.0845712476484112,,0.0,47,score,75,none,EC_all_40,ngram
GaussianProcessRegressor,0.6356505572047566,0.7040936581390445,0.839102888887319,0.6733489241332211,-0.0336377018651181,0.0761054564947868,70.0,48,score,100,none,EC_all_40,ngram
GaussianProcessRegressor,0.6165208554131284,0.6531527227127664,0.8081786452961786,0.6589142390202308,0.0411456324487371,0.0890318634008229,65.0,48,score,20,none,EC_all_40,ngram
GaussianProcessRegressor,0.5900220591308046,0.6728342885301968,0.820264767334424,0.6552422449850072,0.0122523052251898,0.2075091673433292,55.00000000000001,48,score,200,none,EC_all_40,ngram
GaussianProcessRegressor,0.611678936817066,0.6569387567521744,0.8105175857143226,0.6508245649721557,0.0355875827795778,0.1805545164927507,40.0,48,score,350,none,EC_all_40,ngram
GaussianProcessRegressor,0.4763212003173266,0.6216657076331228,0.7884578033307317,0.645953640920492,0.087369832211502,0.1806837874763592,70.0,48,score,50,none,EC_all_40,ngram
GaussianProcessRegressor,0.6060587571998881,0.6472543335869598,0.8045211828081097,0.6461963438448907,0.0498047040228499,0.2287906245943851,25.0,48,score,500,none,EC_all_40,ngram
GaussianProcessRegressor,0.5916801941140011,0.6780219362558473,0.8234208743138878,0.6610942173519893,0.0046366305045857,0.1609336055412267,75.0,48,score,75,none,EC_all_40,ngram
GaussianProcessRegressor,0.6698675928413552,0.7719968634089164,0.8786335205356761,0.6952549912440622,-0.085754659142136,0.0680290067085045,20.0,49,score,100,none,EC_all_40,ngram
GaussianProcessRegressor,0.7010257824386497,0.617242127387419,0.7856475847270321,0.6207844838140638,0.1318960640974623,0.1673662674629295,85.0,49,score,20,none,EC_all_40,ngram
GaussianProcessRegressor,0.6025914296660302,0.7863077124307347,0.8867399350602941,0.699376670255358,-0.1058817758937602,0.1421107546687992,45.0,49,score,200,none,EC_all_40,ngram
GaussianProcessRegressor,0.5672869177184687,0.771571632739265,0.8783915031119467,0.6933499725654296,-0.0851566046646274,0.1595960514668065,20.0,49,score,350,none,EC_all_40,ngram
GaussianProcessRegressor,0.799944633389043,0.7512059671266084,0.8667213895633408,0.6771448657351922,-0.0565138505634879,0.0183401123105675,0.0,49,score,50,none,EC_all_40,ngram
GaussianProcessRegressor,0.5318589697053394,0.7468673525858476,0.8642148763969801,0.6800426893957021,-0.050411920393653,0.1731805423344331,0.0,49,score,500,none,EC_all_40,ngram
GaussianProcessRegressor,0.7201251124099545,0.73985556065705,0.8601485689443714,0.6781161341483148,-0.0405503702805996,0.1007896590059087,20.0,49,score,75,none,EC_all_40,ngram
GaussianProcessRegressor,0.5868486507044661,0.480631377638366,0.693275830848275,0.574304757949705,-0.1161283681940996,-0.0395923999586039,20.0,50,score,100,none,EC_all_40,ngram
GaussianProcessRegressor,0.7169353779665711,0.5330192611432235,0.7300816811448042,0.5992624347699254,-0.2377841852086393,0.0055466324616778,20.0,50,score,20,none,EC_all_40,ngram
GaussianProcessRegressor,0.6348822815694288,0.5031688457324082,0.7093439544624371,0.5921606414694307,-0.1684651665334637,-0.0023995822573545,15.0,50,score,200,none,EC_all_40,ngram
GaussianProcessRegressor,0.5722689895181685,0.4734077634133247,0.6880463381294349,0.5713345377876464,-0.0993535983131257,-0.003358656505389,15.0,50,score,350,none,EC_all_40,ngram
GaussianProcessRegressor,0.618558361445704,0.4408145522412327,0.6639386660236266,0.5414379903513462,-0.0236652240366459,0.0662227740231914,5.0,50,score,50,none,EC_all_40,ngram
GaussianProcessRegressor,0.5488410234370443,0.4624280496485371,0.6800206244288015,0.565531474308331,-0.0738563657609236,0.016246186703269,15.0,50,score,500,none,EC_all_40,ngram
GaussianProcessRegressor,0.6600271079601681,0.4723013525633908,0.6872418443047476,0.5623323105719218,-0.0967842768040792,0.0512822758388706,10.0,50,score,75,none,EC_all_40,ngram
GaussianProcessRegressor,0.6895720337519995,0.5470157627416421,0.7396051397479888,0.6091460746484668,-0.1907532080578224,-0.0055141296636245,20.0,51,score,100,none,EC_all_40,ngram
GaussianProcessRegressor,0.5871660601642277,0.5012204631694429,0.707969252983096,0.57622639691253,-0.0910652217258447,-0.0754745315980126,5.0,51,score,20,none,EC_all_40,ngram
GaussianProcessRegressor,0.6663340100148443,0.4907635623911502,0.7005451893997633,0.5705226322606269,-0.0683024624121331,0.0797245265287934,20.0,51,score,200,none,EC_all_40,ngram
GaussianProcessRegressor,0.565121166960189,0.4616860222808197,0.6794748135735568,0.5539535822140603,-0.0050059789702852,0.1584560958259034,10.0,51,score,350,none,EC_all_40,ngram
GaussianProcessRegressor,0.697055176183336,0.4929673255986068,0.7021163191370834,0.5741658473306751,-0.0730996516118127,-0.0608500963403779,5.0,51,score,50,none,EC_all_40,ngram
GaussianProcessRegressor,0.5638140134344841,0.4507781303634155,0.6714001268717601,0.5481988289858779,0.0187385055189698,0.2108919681285315,20.0,51,score,500,none,EC_all_40,ngram
GaussianProcessRegressor,0.6469039484782516,0.7529204994336062,0.8677099166389688,0.6812223553373687,-0.6389701379345907,0.1637420125082214,10.0,51,score,75,none,EC_all_40,ngram
GaussianProcessRegressor,0.533755455979492,0.3801140362952162,0.6165338890079086,0.4810598419859113,0.1320462563585589,0.3594685588935888,15.0,42,score,100,none,EC_all_40,physchem
GaussianProcessRegressor,0.474780982358451,0.5154287328313628,0.7179336548953272,0.5734747555602343,-0.1769318034177935,0.1311339474442737,5.0,42,score,20,none,EC_all_40,physchem
GaussianProcessRegressor,0.4398306690570089,0.359706256057946,0.5997551634274989,0.4729191395948461,0.1786454544018368,0.3938097369327712,30.0,42,score,200,none,EC_all_40,physchem
GaussianProcessRegressor,0.3773910528982883,0.3671903887752594,0.6059623658076955,0.4819970179546346,0.1615561591124187,0.419504991587999,30.0,42,score,350,none,EC_all_40,physchem
GaussianProcessRegressor,0.7114381775087464,0.4351030677915637,0.6596234287770286,0.5364216306021483,0.0064841060847818,0.3093321470425484,35.0,42,score,50,none,EC_all_40,physchem
GaussianProcessRegressor,0.3308635464690719,0.3492489039840785,0.5909728453863836,0.4666322502684064,0.2025238093543505,0.4564241491832316,30.0,42,score,500,none,EC_all_40,physchem
GaussianProcessRegressor,0.6657945842438224,0.4099912246294521,0.6403055712934662,0.5137942540236582,0.063824578156599,0.2956020835516934,5.0,42,score,75,none,EC_all_40,physchem
GaussianProcessRegressor,0.3521292465109934,0.3931940513326905,0.6270518729201681,0.5094836786868456,0.1670515944731324,0.412614576411436,35.0,43,score,100,none,EC_all_40,physchem
GaussianProcessRegressor,0.301888545590959,0.4444084883759394,0.6666396990698494,0.5286753606388357,0.058558132960828,0.3407353406511219,30.0,43,score,20,none,EC_all_40,physchem
GaussianProcessRegressor,0.4551138109707616,0.3837552652459186,0.6194798344142597,0.5026388366936488,0.1870468660049329,0.4241111621737674,35.0,43,score,200,none,EC_all_40,physchem
GaussianProcessRegressor,0.3712862178024287,0.3770235184408277,0.61402240874485,0.4913157652400453,0.2013075033383463,0.4546843021948994,35.0,43,score,350,none,EC_all_40,physchem
GaussianProcessRegressor,0.2974651551976624,0.3831959939172496,0.6190282658467622,0.4944817634574667,0.1882316351027685,0.450368941352346,35.0,43,score,50,none,EC_all_40,physchem
GaussianProcessRegressor,0.3978244266526813,0.3700760339319212,0.6083387493263283,0.4933056176888403,0.2160251627853858,0.4928522905826923,40.0,43,score,500,none,EC_all_40,physchem
GaussianProcessRegressor,0.3667878764723292,0.3870012150685001,0.6220942171958361,0.5048921513590049,0.1801705953188033,0.4235362908002469,35.0,43,score,75,none,EC_all_40,physchem
GaussianProcessRegressor,0.7677629610778743,0.4409721899331616,0.6640573694592672,0.5427426483577068,0.0674574460615384,0.2818986530423847,20.0,44,score,100,none,EC_all_40,physchem
GaussianProcessRegressor,0.8099033913311249,0.5425107803317851,0.7365533112625217,0.5710929671842864,-0.1472705086151402,0.1000732695375809,0.0,44,score,20,none,EC_all_40,physchem
GaussianProcessRegressor,0.5376716916249619,0.346296095777503,0.5884692819319484,0.4696408083755642,0.2676729894821298,0.4894014706505603,20.0,44,score,200,none,EC_all_40,physchem
GaussianProcessRegressor,0.398975646213801,0.3264664757522172,0.5713724492414884,0.4538652751637892,0.3096075262265264,0.5303983466166124,20.0,44,score,350,none,EC_all_40,physchem
GaussianProcessRegressor,0.787119071080889,0.4963414500656253,0.7045150460179153,0.5608555820525007,-0.049634271811729,0.0579923698322607,0.0,44,score,50,none,EC_all_40,physchem
GaussianProcessRegressor,0.4457742060299804,0.3468777901619057,0.5889633181802629,0.4737563577777257,0.266442855747563,0.4888390800654131,25.0,44,score,500,none,EC_all_40,physchem
GaussianProcessRegressor,0.7146162501297584,0.4286084835209309,0.6546819712814238,0.5244177280908356,0.093603499298035,0.2977917946482327,20.0,44,score,75,none,EC_all_40,physchem
GaussianProcessRegressor,0.4803321335928542,0.5294797772364379,0.7276536107492616,0.5639615630867959,0.0555855925137314,0.2817878512172336,0.0,45,score,100,none,EC_all_40,physchem
GaussianProcessRegressor,0.7158819743144457,0.6631634543432319,0.8143484845833704,0.6459601176394483,-0.1828612682225956,0.2139958953857555,0.0,45,score,20,none,EC_all_40,physchem
GaussianProcessRegressor,0.3762880399851432,0.5155207727225466,0.7179977525887853,0.5486092335970807,0.0804837766254883,0.3316457988463528,0.0,45,score,200,none,EC_all_40,physchem
GaussianProcessRegressor,0.4655764639117427,0.4902721579235183,0.7001943715308759,0.5462787258786896,0.1255188404946514,0.4252141615485748,0.0,45,score,350,none,EC_all_40,physchem
GaussianProcessRegressor,0.3797245658887647,0.5552212979546038,0.7451317319471799,0.5824290943577951,0.00967134973806,0.2335123259613493,0.0,45,score,50,none,EC_all_40,physchem
GaussianProcessRegressor,0.4317728446223356,0.4623626296690314,0.6799725212602576,0.5284719828103865,0.1753000818618969,0.4615909114545152,5.0,45,score,500,none,EC_all_40,physchem
GaussianProcessRegressor,0.3942974255057773,0.5817860574405422,0.762749013398603,0.5901788018896921,-0.0377112749976238,0.2453783572335437,5.0,45,score,75,none,EC_all_40,physchem
GaussianProcessRegressor,0.5420019447731427,0.4438677633056754,0.6662340154222655,0.4911629972180996,0.034322202412661,0.3681891944055019,35.0,46,score,100,none,EC_all_40,physchem
GaussianProcessRegressor,0.7841057145732854,0.698679065684546,0.8358702445263535,0.6523596357609817,-0.5200447456374337,0.3177763892885225,20.0,46,score,20,none,EC_all_40,physchem
GaussianProcessRegressor,0.5064256459441576,0.4558914042374364,0.6751973076349138,0.5044120093997929,0.0081635938047908,0.4042825485676374,45.0,46,score,200,none,EC_all_40,physchem
GaussianProcessRegressor,0.4777595544652532,0.4271928224010456,0.6535998947376335,0.4918002198546088,0.0706001697238233,0.4092544170643508,45.0,46,score,350,none,EC_all_40,physchem
GaussianProcessRegressor,0.5882394967683918,0.4227955321747827,0.6502272927021617,0.4885473148248163,0.0801669053421645,0.281453454347244,40.0,46,score,50,none,EC_all_40,physchem
GaussianProcessRegressor,0.4514070099770799,0.4201036119273326,0.648154003248713,0.4871373117114733,0.0860234415241989,0.4573617492671514,45.0,46,score,500,none,EC_all_40,physchem
GaussianProcessRegressor,0.5166353568520663,0.4436944554498132,0.6661039374225416,0.4978007358079628,0.0346992506292452,0.3513577122482565,40.0,46,score,75,none,EC_all_40,physchem
GaussianProcessRegressor,0.5152882071191889,0.5226009357013011,0.722911430053019,0.5914121049906519,0.066727190244178,0.3605023050003075,5.0,47,score,100,none,EC_all_40,physchem
GaussianProcessRegressor,0.5524328940435141,1.66043178025632,1.2885774250142363,1.0010844016032363,-1.96523738689475,0.1227832348915527,5.0,47,score,20,none,EC_all_40,physchem
GaussianProcessRegressor,0.4362398290244083,0.4822138536300523,0.6944161962613288,0.567093224615023,0.1388513733206827,0.3937932251508587,15.0,47,score,200,none,EC_all_40,physchem
GaussianProcessRegressor,0.4161242662331572,0.4519597067919618,0.672279485624812,0.5438517519712015,0.1928799268449118,0.455595994295417,15.0,47,score,350,none,EC_all_40,physchem
GaussianProcessRegressor,0.438649985896496,0.5465544396588753,0.7392932027679379,0.6061380158824872,0.0239504701604623,0.3060215470092219,5.0,47,score,50,none,EC_all_40,physchem
GaussianProcessRegressor,0.414163527958348,0.4486911146959201,0.6698440973061718,0.5414316588329722,0.1987170540313088,0.459478989610109,15.0,47,score,500,none,EC_all_40,physchem
GaussianProcessRegressor,0.5511710810542649,0.5199273768155894,0.7210598982162227,0.5924515395860469,0.071501693393445,0.3474429493775056,30.0,47,score,75,none,EC_all_40,physchem
GaussianProcessRegressor,0.4346339633178167,0.5231322380189544,0.7232788107078448,0.5889703473539557,0.2320209136570795,0.504924725235515,75.0,48,score,100,none,EC_all_40,physchem
GaussianProcessRegressor,0.6390301441245623,0.732879309763271,0.8560837048812873,0.6872750967098793,-0.0758961918367457,0.1638009336109474,80.0,48,score,20,none,EC_all_40,physchem
GaussianProcessRegressor,0.4290729193137111,0.473269070891503,0.6879455435508708,0.5576374797235589,0.3052220409240956,0.5618929462909975,75.0,48,score,200,none,EC_all_40,physchem
GaussianProcessRegressor,0.4295828911664249,0.4435241040859587,0.6659760536880878,0.532109398457727,0.3488888440198642,0.5944060188877586,75.0,48,score,350,none,EC_all_40,physchem
GaussianProcessRegressor,0.5502322996039579,0.536484985724977,0.7324513538283461,0.60164590346148,0.2124185450049925,0.3734575488930576,85.0,48,score,50,none,EC_all_40,physchem
GaussianProcessRegressor,0.4429150870673474,0.4514714370165691,0.6719162425604617,0.5380331227777589,0.3372218408429503,0.5998582749819111,75.0,48,score,500,none,EC_all_40,physchem
GaussianProcessRegressor,0.5171222306347302,0.5230499967921807,0.7232219554135374,0.5881397302395042,0.2321416470732356,0.5509784510125533,75.0,48,score,75,none,EC_all_40,physchem
GaussianProcessRegressor,0.5096851015968199,0.5482660585350505,0.740449902785496,0.5974677563326783,0.228905639751786,0.4062030562524722,80.0,49,score,100,none,EC_all_40,physchem
GaussianProcessRegressor,0.5119434641907319,0.8498426795193784,0.9218691227714368,0.724933652413856,-0.1952388572558869,0.2333878967916778,70.0,49,score,20,none,EC_all_40,physchem
GaussianProcessRegressor,0.3737940067615607,0.5510839546277932,0.7423502910538887,0.5953344720077255,0.2249424839972875,0.456732309048741,70.0,49,score,200,none,EC_all_40,physchem
GaussianProcessRegressor,0.3704215131099965,0.5008608860338009,0.7077152577370371,0.5626378452096217,0.2955773962708347,0.5289194459866711,65.0,49,score,350,none,EC_all_40,physchem
GaussianProcessRegressor,0.6281141538199295,0.5568027851894046,0.7461921905175667,0.5997985641466438,0.2168993853508815,0.3458397262463903,75.0,49,score,50,none,EC_all_40,physchem
GaussianProcessRegressor,0.3604283781051668,0.4991404931863979,0.7064987566771778,0.5591804519223915,0.297996997487055,0.5452759779430432,70.0,49,score,500,none,EC_all_40,physchem
GaussianProcessRegressor,0.529724592719644,0.563235470708027,0.750490153638292,0.6064529788846291,0.2078523041985052,0.3812655777800135,80.0,49,score,75,none,EC_all_40,physchem
GaussianProcessRegressor,0.4648350047115345,0.4764407253468302,0.6902468582665409,0.5589169177271371,-0.106396781532398,0.1251171902513883,30.0,50,score,100,none,EC_all_40,physchem
GaussianProcessRegressor,0.772916511871182,0.4481556799809844,0.6694443068553085,0.548413124635422,-0.040712885313223,0.0577899812191866,10.0,50,score,20,none,EC_all_40,physchem
GaussianProcessRegressor,0.5035530348195384,0.4695994673093439,0.6852732792903455,0.5650393614938607,-0.0905099241089537,0.1947503739228988,20.0,50,score,200,none,EC_all_40,physchem
GaussianProcessRegressor,0.410974327480647,0.4252378081405894,0.6521026055312074,0.5328235480287761,0.0125072914995936,0.2634200179153461,30.0,50,score,350,none,EC_all_40,physchem
GaussianProcessRegressor,0.6269825253098402,0.4496268767666003,0.6705422259385313,0.5459566678803225,-0.0441293174148686,0.0350556401385517,20.0,50,score,50,none,EC_all_40,physchem
GaussianProcessRegressor,0.3665525584750037,0.4237055454617455,0.6509266820938787,0.5259356288871448,0.0160655316040705,0.2736582572170981,25.0,50,score,500,none,EC_all_40,physchem
GaussianProcessRegressor,0.5646083768324361,0.4860041725346931,0.6971399949326484,0.5691996383988253,-0.1286051416202223,0.0680626000699598,25.0,50,score,75,none,EC_all_40,physchem
GaussianProcessRegressor,0.6064090395405631,0.4428640901225938,0.6654803454066798,0.5437315070274928,0.0359659228025699,0.3704138186693271,25.0,51,score,100,none,EC_all_40,physchem
GaussianProcessRegressor,0.5897642873425686,0.5067423631820368,0.7118583870279515,0.5820814029559976,-0.1030853875097623,-0.0367179597763152,5.0,51,score,20,none,EC_all_40,physchem
GaussianProcessRegressor,0.5699923825056036,0.3939612600267513,0.6276633333457924,0.5098593198919625,0.1424184343862882,0.4070634555661431,35.0,51,score,200,none,EC_all_40,physchem
GaussianProcessRegressor,0.4313753577199882,0.3579388937847325,0.5982799459991388,0.4875857436205029,0.2208325333686179,0.449752740988219,45.0,51,score,350,none,EC_all_40,physchem
GaussianProcessRegressor,0.7216189483159845,0.4819683655673777,0.69423941516409,0.5688560919834977,-0.0491569285048161,0.0357345276709749,15.0,51,score,50,none,EC_all_40,physchem
GaussianProcessRegressor,0.404562416515451,0.3368570770910348,0.5803938982200234,0.4695702143050848,0.2667237902016752,0.4737841300011228,50.0,51,score,500,none,EC_all_40,physchem
GaussianProcessRegressor,0.6246792445669223,0.5440094096491894,0.7375699354293052,0.6025319955870566,-0.1842089275576584,0.207315612574305,15.0,51,score,75,none,EC_all_40,physchem
GaussianProcessRegressor,0.4745415323878852,0.6305408074125849,0.794065996887277,0.6430372594697475,-0.1812400270407757,-0.0117006874022421,15.0,42,score,100,none,PA_all_40,morgan
GaussianProcessRegressor,0.5642904915124893,0.5974529655750191,0.7729508170479019,0.6217567853782445,-0.1192540576515612,0.073956664055097,5.0,42,score,20,none,PA_all_40,morgan
GaussianProcessRegressor,0.3948504312585449,0.6185904408174439,0.786505207114005,0.6376366301066148,-0.1588524968539233,0.1011657250825519,10.0,42,score,200,none,PA_all_40,morgan
GaussianProcessRegressor,0.4489379804529154,0.5996075397347908,0.7743432957899169,0.6245495589874346,-0.1232903852116975,0.1624676050889391,25.0,42,score,350,none,PA_all_40,morgan
GaussianProcessRegressor,0.5281604107551157,0.7250367569621945,0.8514909024541569,0.6909342658424342,-0.3582664727346962,-0.0669560769952343,0.0,42,score,50,none,PA_all_40,morgan
GaussianProcessRegressor,0.4384264133852705,0.5516302522416908,0.7427181512806125,0.59940202379876,-0.0334108854085872,0.2050994489432334,10.0,42,score,500,none,PA_all_40,morgan
GaussianProcessRegressor,0.607747807460431,0.6056276399867925,0.7782208169837096,0.6260420214090855,-0.1345682966503614,0.0114140504537932,0.0,42,score,75,none,PA_all_40,morgan
GaussianProcessRegressor,0.5242248981587256,0.6620811420106685,0.8136836867055087,0.654127633283654,-0.0412273608298314,0.0801685358191059,0.0,43,score,100,none,PA_all_40,morgan
GaussianProcessRegressor,0.7283189919753086,0.6359378372003056,0.7974571068090782,0.6392088000001113,-0.0001128772056695,0.0143289553151975,5.0,43,score,20,none,PA_all_40,morgan
GaussianProcessRegressor,0.4503922869742138,0.6218970034879002,0.788604465805197,0.6389255139887489,0.021968555571316,0.2113730667293434,50.0,43,score,200,none,PA_all_40,morgan
GaussianProcessRegressor,0.3514552880950302,0.6289107988222576,0.793038964252235,0.6270426740316888,0.0109382525736874,0.2034939919045776,30.0,43,score,350,none,PA_all_40,morgan
GaussianProcessRegressor,0.5430659380045155,0.6724099573496101,0.8200060715321625,0.6595130847648506,-0.0574710573399057,0.0552900024574255,10.0,43,score,50,none,PA_all_40,morgan
GaussianProcessRegressor,0.3997542316063233,0.6161703486194515,0.7849651894316406,0.6308727924234495,0.0309746265144483,0.1861233096258296,35.0,43,score,500,none,PA_all_40,morgan
GaussianProcessRegressor,0.5132447889944949,0.6849650380971705,0.8276261463349079,0.6656961079311693,-0.0772159084801866,0.0348138806757463,5.0,43,score,75,none,PA_all_40,morgan
GaussianProcessRegressor,0.3920771367057963,0.6421315788475189,0.8013311293388763,0.6356337622613907,-0.2999589296697262,0.0873679012255043,0.0,44,score,100,none,PA_all_40,morgan
GaussianProcessRegressor,0.4407843595679012,0.5771693034171397,0.7597165941435923,0.6148165975858793,-0.1684464907565812,-0.0677604300289063,0.0,44,score,20,none,PA_all_40,morgan
GaussianProcessRegressor,0.5201055829985282,0.5474214332144229,0.7398793369289501,0.6009781140565563,-0.1082236162203633,0.0095195641676626,0.0,44,score,200,none,PA_all_40,morgan
GaussianProcessRegressor,0.4625674774971489,0.5525006765604863,0.7433038924696186,0.5987991001130178,-0.1185062560424559,0.1538808930791637,0.0,44,score,350,none,PA_all_40,morgan
GaussianProcessRegressor,0.3883646580812691,0.6179476048961091,0.7860964348577782,0.6344566931814372,-0.2509998472501082,-0.0171474857304283,0.0,44,score,50,none,PA_all_40,morgan
GaussianProcessRegressor,0.467763219430353,0.5272103843958901,0.7260925453383268,0.5843829071526367,-0.067307495202304,0.1932936938914875,5.0,44,score,500,none,PA_all_40,morgan
GaussianProcessRegressor,0.5050573237878153,0.6241740408475877,0.7900468599061625,0.6289704840079712,-0.263604913379496,0.0814944728686732,0.0,44,score,75,none,PA_all_40,morgan
GaussianProcessRegressor,0.8803655669478498,0.6497065001043063,0.8060437333695402,0.64521849113201,-0.0057892146858704,0.1170790720142393,0.0,45,score,100,none,PA_all_40,morgan
GaussianProcessRegressor,1.3107463089369014,0.6875138213430865,0.829164532130437,0.6622169945485914,-0.0643174823452277,0.1902736583220423,0.0,45,score,20,none,PA_all_40,morgan
GaussianProcessRegressor,0.732304428225382,0.6297694911935076,0.7935801731353346,0.6310623358506557,0.0250746115685356,0.1894515620205945,0.0,45,score,200,none,PA_all_40,morgan
GaussianProcessRegressor,0.6427055051420588,0.6472651160792621,0.8045278839662813,0.6318575057948477,-0.0020097885589935,0.2186465696719587,0.0,45,score,350,none,PA_all_40,morgan
GaussianProcessRegressor,1.2844279353238095,0.702783915122905,0.838322083165477,0.670807090570805,-0.0879566111341771,0.0590422321914553,0.0,45,score,50,none,PA_all_40,morgan
GaussianProcessRegressor,0.5940210444271634,0.6348544238960746,0.7967775247182081,0.6252692373901243,0.0172027948808091,0.2666524507528535,0.0,45,score,500,none,PA_all_40,morgan
GaussianProcessRegressor,1.018519899288531,0.6485280968507564,0.8053124218902602,0.6448746826732199,-0.0039649674561119,0.1571896529561279,0.0,45,score,75,none,PA_all_40,morgan
GaussianProcessRegressor,0.7456520982906569,0.4780980050674667,0.6914463139445222,0.5687586592613615,-0.0052784583024108,0.1333739889206437,5.0,46,score,100,none,PA_all_40,morgan
GaussianProcessRegressor,0.5077116540128196,0.5166037573674577,0.7187515268626966,0.5847290170602765,-0.0862430364801569,-0.0527301453333692,0.0,46,score,20,none,PA_all_40,morgan
GaussianProcessRegressor,0.6363560859232056,0.4798326825467432,0.6926995615320853,0.5655079109036921,-0.008925898541725,0.1575256712079935,10.0,46,score,200,none,PA_all_40,morgan
GaussianProcessRegressor,0.4940320210556061,0.4647301515956631,0.6817111936851727,0.5443512416382068,0.0228296178378586,0.2729794450396053,10.0,46,score,350,none,PA_all_40,morgan
GaussianProcessRegressor,0.6643737398669534,0.4925101031418923,0.7017906405345489,0.5786255069271818,-0.035582227779795,0.0462293083091531,0.0,46,score,50,none,PA_all_40,morgan
GaussianProcessRegressor,0.5134530673274609,0.4789990398003807,0.6920975652322299,0.5479024961525794,-0.0071730297032115,0.2953361006130098,10.0,46,score,500,none,PA_all_40,morgan
GaussianProcessRegressor,0.779824371385722,0.4783212348351898,0.6916077174491257,0.5691830650248769,-0.0057478350292854,0.0875356994227974,0.0,46,score,75,none,PA_all_40,morgan
GaussianProcessRegressor,0.4495654930305931,0.6655983060237057,0.815842083998923,0.6545910078286579,-0.1579750871199889,0.1014910420335458,25.0,47,score,100,none,PA_all_40,morgan
GaussianProcessRegressor,0.4454665772424092,0.5844410193240562,0.7644874226068447,0.6170058243704669,-0.0167816446398312,-0.0991235754027012,0.0,47,score,20,none,PA_all_40,morgan
GaussianProcessRegressor,0.5597424037302601,0.5890836338712606,0.767517839448218,0.6213626249017716,-0.0248586363270246,0.2788873444077073,10.0,47,score,200,none,PA_all_40,morgan
GaussianProcessRegressor,0.5050545809068958,0.5550720105463735,0.7450315500342073,0.6069772496917201,0.0343131075405532,0.2758432037385119,25.0,47,score,350,none,PA_all_40,morgan
GaussianProcessRegressor,0.5575141987257215,0.6533671764791027,0.8083113116114995,0.64839148459114,-0.1366959715155644,0.0670369721178094,25.0,47,score,50,none,PA_all_40,morgan
GaussianProcessRegressor,0.4821671313079044,0.5349123352590299,0.7313770130780909,0.5974597322285473,0.0693859157732427,0.2501216339446262,30.0,47,score,500,none,PA_all_40,morgan
GaussianProcessRegressor,0.5446873237700159,0.6485325840266071,0.8053152078699415,0.6488054112212717,-0.1282849861424002,0.1424578991577394,20.0,47,score,75,none,PA_all_40,morgan
GaussianProcessRegressor,0.4828296680045853,0.6391558706603357,0.799472245084428,0.6512379510756168,-0.1825398702165377,-0.0130373723606026,0.0,48,score,100,none,PA_all_40,morgan
GaussianProcessRegressor,0.7023779530864197,0.726732837690165,0.8524862683293878,0.6979989947687304,-0.3445711680256578,-0.0794605362727856,0.0,48,score,20,none,PA_all_40,morgan
GaussianProcessRegressor,0.5026581920978882,0.6164619649095107,0.7851509185561147,0.6353603326441888,-0.1405525403754439,0.228753099779033,10.0,48,score,200,none,PA_all_40,morgan
GaussianProcessRegressor,0.4718702178382002,0.6252315403100369,0.7907158404319702,0.633972176109397,-0.1567776476333628,0.2195776243142563,0.0,48,score,350,none,PA_all_40,morgan
GaussianProcessRegressor,0.5828068130902929,0.6768354465066991,0.8227000951177161,0.6711708401154189,-0.2522530697294181,-0.0046892060689027,0.0,48,score,50,none,PA_all_40,morgan
GaussianProcessRegressor,0.4903599969415794,0.5874570225461623,0.76645744992541,0.6101409233852533,-0.0868887904945956,0.3030335899247305,5.0,48,score,500,none,PA_all_40,morgan
GaussianProcessRegressor,0.4811516038427179,0.6208680194107234,0.7879517874912928,0.6418611002516229,-0.1487044409637123,0.0017459278409291,0.0,48,score,75,none,PA_all_40,morgan
GaussianProcessRegressor,0.500447498158632,0.7297337597003157,0.8542445549725884,0.6639913598745409,-0.1452978187897897,-0.0858821306666417,0.0,49,score,100,none,PA_all_40,morgan
GaussianProcessRegressor,0.4030894302469135,0.7335874270318803,0.8564971844856702,0.6703581936954395,-0.1513460476547869,0.1179520801099344,0.0,49,score,20,none,PA_all_40,morgan
GaussianProcessRegressor,0.3787693903049718,0.7529363328018313,0.8677190402439209,0.6958791684203088,-0.1817136430684822,0.0445526540223431,5.0,49,score,200,none,PA_all_40,morgan
GaussianProcessRegressor,0.4384214702594159,0.637031091783501,0.7981422754017613,0.6258125814596424,0.0001965645380757,0.1388984820520766,15.0,49,score,350,none,PA_all_40,morgan
GaussianProcessRegressor,0.4446079930566928,0.7358145489329327,0.8577963330143891,0.6681838823867606,-0.1548414565234979,-0.0416157753797046,0.0,49,score,50,none,PA_all_40,morgan
GaussianProcessRegressor,0.4491236773117711,0.6517256532575215,0.8072952701815622,0.6359686288464721,-0.0228661607100748,0.1329568830574035,20.0,49,score,500,none,PA_all_40,morgan
GaussianProcessRegressor,0.5180836802645895,0.7092626080671466,0.8421773020374905,0.6584866588483631,-0.1131688882011705,-0.0891489994498883,0.0,49,score,75,none,PA_all_40,morgan
GaussianProcessRegressor,0.5660462542570912,0.6524047104075666,0.807715736139619,0.661705516444658,-0.0680004420691278,-0.0085362573644741,0.0,50,score,100,none,PA_all_40,morgan
GaussianProcessRegressor,0.4830645264264815,0.7090801443111292,0.8420689664814451,0.6907900438476622,-0.1607793375888289,0.0763199378984514,5.0,50,score,20,none,PA_all_40,morgan
GaussianProcessRegressor,0.4417775995478002,0.6333502108353609,0.7958330294951077,0.651287430426054,-0.036807819388938,0.1078605161551935,0.0,50,score,200,none,PA_all_40,morgan
GaussianProcessRegressor,0.3506582304709854,0.6038104132612462,0.7770523877199311,0.6312253138943242,0.0115494600183156,0.1963399699923043,25.0,50,score,350,none,PA_all_40,morgan
GaussianProcessRegressor,0.5484531388368695,0.6254594875492767,0.7908599670923271,0.6383723487357243,-0.0238905368749622,0.0089110517368986,0.0,50,score,50,none,PA_all_40,morgan
GaussianProcessRegressor,0.3662843379969012,0.5983784536874416,0.7735492574409477,0.6199709848752338,0.0204416938320487,0.229927719116301,0.0,50,score,500,none,PA_all_40,morgan
GaussianProcessRegressor,0.576387716737843,0.6407942040718834,0.8004962236462352,0.6557875672392687,-0.0489937952725254,0.0392428599591016,0.0,50,score,75,none,PA_all_40,morgan
GaussianProcessRegressor,0.8521456406976421,0.4966883217443917,0.7047611806451826,0.5785320212857705,-0.0387727580629559,-0.0020508638300227,0.0,51,score,100,none,PA_all_40,morgan
GaussianProcessRegressor,0.5512332101851851,0.4908315234856706,0.7005936935811445,0.5797709999683222,-0.0265238643115122,-0.1007151759979778,0.0,51,score,20,none,PA_all_40,morgan
GaussianProcessRegressor,0.6226419403051072,0.4971143869844441,0.7050633921743804,0.5747658499253551,-0.0396638298783142,0.1020973661499772,15.0,51,score,200,none,PA_all_40,morgan
GaussianProcessRegressor,0.5361464828141916,0.5031833080735217,0.7093541485559394,0.5849267426329354,-0.0523563568055165,0.0756734521803566,0.0,51,score,350,none,PA_all_40,morgan
GaussianProcessRegressor,1.0730777995482164,0.4809250200037779,0.6934875773968686,0.5669999318096531,-0.0058054268243876,-0.0515914765438408,0.0,51,score,50,none,PA_all_40,morgan
GaussianProcessRegressor,0.4817220780862826,0.4991099967267197,0.7064771735355077,0.5865494977665395,-0.0438374432798143,0.2024439820032199,15.0,51,score,500,none,PA_all_40,morgan
GaussianProcessRegressor,0.988983879325582,0.4835491184499182,0.6953769614028914,0.5684109584158805,-0.011293459985209,-0.0343090597831206,5.0,51,score,75,none,PA_all_40,morgan
GaussianProcessRegressor,0.5097066999405966,0.5895258921040089,0.7678058948093645,0.6215341751874042,-0.104403668317246,0.1647975733966982,45.0,42,score,100,none,PA_all_40,ngram
GaussianProcessRegressor,0.5642905253086419,0.5973566283711921,0.7728884967258809,0.6214671726633548,-0.1190735818442607,0.0324230891844536,0.0,42,score,20,none,PA_all_40,ngram
GaussianProcessRegressor,0.4469536163319638,0.5912979755308743,0.7689590207097348,0.6241722729499425,-0.1077234469112098,0.1931530608211899,10.0,42,score,200,none,PA_all_40,ngram
GaussianProcessRegressor,0.4924553959613519,0.5868573938035473,0.7660661810859081,0.6213018773554417,-0.099404567596818,0.2263556938775768,10.0,42,score,350,none,PA_all_40,ngram
GaussianProcessRegressor,0.5403184361793464,0.6839830616624094,0.8270326847606504,0.6663900867189722,-0.2813574645056531,0.0069039705005053,0.0,42,score,50,none,PA_all_40,ngram
GaussianProcessRegressor,0.4998340024305697,0.5570291912898868,0.7463438827309344,0.6038114803436272,-0.0435251283446667,0.2475376285733556,0.0,42,score,500,none,PA_all_40,ngram
GaussianProcessRegressor,0.6034631093072281,0.602509619738433,0.7762149314065229,0.6246396223399079,-0.1287270722931313,0.0069039705005053,0.0,42,score,75,none,PA_all_40,ngram
GaussianProcessRegressor,0.4675121895962355,0.6297457859667929,0.793565237372954,0.6387934182899719,0.0096251031639476,0.12742225118408,50.0,43,score,100,none,PA_all_40,ngram
GaussianProcessRegressor,0.6686814370523162,0.6094077750063372,0.7806457423225578,0.6404106759891149,0.0416098436031219,-0.0276816433533183,60.0,43,score,20,none,PA_all_40,ngram
GaussianProcessRegressor,0.4950087003447295,0.656627979937353,0.8103258480002677,0.6518246380834511,-0.0326514005834297,0.0749549843076836,25.0,43,score,200,none,PA_all_40,ngram
GaussianProcessRegressor,0.4016110761254625,0.6433880928531232,0.8021147628943898,0.6428352622211935,-0.0118295831177761,0.1182503982550435,5.0,43,score,350,none,PA_all_40,ngram
GaussianProcessRegressor,0.5364956103079559,0.6723228853955538,0.8199529775514898,0.6593795988396626,-0.0573341229142416,0.0783600021705181,10.0,43,score,50,none,PA_all_40,ngram
GaussianProcessRegressor,0.4201702410255881,0.6442983538507276,0.8026819755362192,0.6426279458534738,-0.0132611125724948,0.1366814546360484,0.0,43,score,500,none,PA_all_40,ngram
GaussianProcessRegressor,0.5123785589615293,0.6848674769754545,0.8275672039027734,0.6655575020104579,-0.0770624781786144,0.0871232489258626,0.0,43,score,75,none,PA_all_40,ngram
GaussianProcessRegressor,0.4748558818285536,0.5610347972880966,0.7490225612677475,0.6019054492210547,-0.1357830990014141,0.0465690162866785,0.0,44,score,100,none,PA_all_40,ngram
GaussianProcessRegressor,0.3512365466005133,0.6012228081801637,0.7753855867761302,0.6180802595050559,-0.2171414457106211,0.0716603051851253,0.0,44,score,20,none,PA_all_40,ngram
GaussianProcessRegressor,0.5628650587484213,0.5093515292816908,0.7136886781235154,0.5751240791294099,-0.0311532568123338,0.1341792912644533,0.0,44,score,200,none,PA_all_40,ngram
GaussianProcessRegressor,0.5119998241612422,0.5055622329473092,0.71102899585552,0.5728763017345123,-0.023482041489323,0.0725379978472815,0.0,44,score,350,none,PA_all_40,ngram
GaussianProcessRegressor,0.3778557883427217,0.602628711311234,0.7762916406294956,0.6246940829891112,-0.2199876167909555,-0.0632485409304202,0.0,44,score,50,none,PA_all_40,ngram
GaussianProcessRegressor,0.4879098400692099,0.4926555431608934,0.7018942535459978,0.5663257539352263,0.0026468193127592,0.1612489252975592,0.0,44,score,500,none,PA_all_40,ngram
GaussianProcessRegressor,0.5277812292937225,0.568813128483711,0.754197009065742,0.6081201230409182,-0.1515298889565437,0.0060426618036232,5.0,44,score,75,none,PA_all_40,ngram
GaussianProcessRegressor,0.7547105066588096,0.802756738406182,0.8959669293038566,0.6952426565778489,-0.2427212431701402,0.0683060054516865,0.0,45,score,100,none,PA_all_40,ngram
GaussianProcessRegressor,1.304417010556172,0.6935501690767324,0.8327965952600506,0.6657050082813755,-0.0736621532783641,-0.0675495964330927,45.0,45,score,20,none,PA_all_40,ngram
GaussianProcessRegressor,0.8311451687930702,0.6345526025379186,0.7965881009266449,0.6364881059742765,0.0176700345755735,0.1720234398015723,10.0,45,score,200,none,PA_all_40,ngram
GaussianProcessRegressor,0.6650365912764793,0.6320292854267454,0.7950026952323781,0.6348078575125414,0.0215762986120927,0.2351408458912433,5.0,45,score,350,none,PA_all_40,ngram
GaussianProcessRegressor,1.116027003120596,0.6991251037992653,0.8361370125758489,0.6502268138521708,-0.0822925259398676,0.1773379766240968,45.0,45,score,50,none,PA_all_40,ngram
GaussianProcessRegressor,0.5863390819284726,0.630715627615326,0.7941760683975096,0.6334418155697722,0.0236099289641078,0.2401057351827989,5.0,45,score,500,none,PA_all_40,ngram
GaussianProcessRegressor,0.910859105673788,0.7628354201814552,0.8734044997488021,0.6815247212445561,-0.1809203664665419,0.0880031525163105,10.0,45,score,75,none,PA_all_40,ngram
GaussianProcessRegressor,0.6061678692952857,0.4760191715103681,0.6899414261445447,0.5690553435527193,-0.0009073741916278,0.03851103548689,0.0,46,score,100,none,PA_all_40,ngram
GaussianProcessRegressor,0.5077078147581234,0.5119018581058111,0.715473170779877,0.5815967616581256,-0.0763565320590093,0.0370582660611864,0.0,46,score,20,none,PA_all_40,ngram
GaussianProcessRegressor,0.5905229777557651,0.4769781588196906,0.6906360538081476,0.5696833068114613,-0.0029238002666776,0.0529041722908115,10.0,46,score,200,none,PA_all_40,ngram
GaussianProcessRegressor,0.5425401251669923,0.4706188343676746,0.6860166429232417,0.5651394240301569,0.0104477089494409,0.1659750932869616,5.0,46,score,350,none,PA_all_40,ngram
GaussianProcessRegressor,0.6133236698667038,0.4880461890684207,0.6986030268102341,0.5764900106579278,-0.0261961257458809,0.003886038062196,0.0,46,score,50,none,PA_all_40,ngram
GaussianProcessRegressor,0.5392178670995028,0.4708485249473218,0.6861840313992463,0.5656872307694554,0.0099647473195094,0.1904210000315378,0.0,46,score,500,none,PA_all_40,ngram
GaussianProcessRegressor,0.6816590269880873,0.4769487661498185,0.6906147740599086,0.5694611013356232,-0.0028619974196855,0.0465033433457699,0.0,46,score,75,none,PA_all_40,ngram
GaussianProcessRegressor,0.4664891382196504,0.6531341883791271,0.8081671784842088,0.649659588023883,-0.1362906303166378,0.1490456509549287,0.0,47,score,100,none,PA_all_40,ngram
GaussianProcessRegressor,0.4454664932844521,0.5750709090195754,0.758334298986651,0.6128203114267099,-0.0004799891248474,0.063310221697024,0.0,47,score,20,none,PA_all_40,ngram
GaussianProcessRegressor,0.5527506121170449,0.635903498259706,0.7974355762440662,0.6440508776426629,-0.1063135259406187,0.214599485745484,0.0,47,score,200,none,PA_all_40,ngram
GaussianProcessRegressor,0.5197880347655783,0.6090542144386122,0.7804192555534571,0.6303552803226764,-0.0596024668972485,0.2712717288482956,20.0,47,score,350,none,PA_all_40,ngram
GaussianProcessRegressor,0.5331158073941474,0.623374818889464,0.7895408912079627,0.6355348223237156,-0.0845167478329267,0.2102505902913402,25.0,47,score,50,none,PA_all_40,ngram
GaussianProcessRegressor,0.5145478692105852,0.5871446920577899,0.7662536734383659,0.6203696758933038,-0.0214853610421346,0.2581092307094672,25.0,47,score,500,none,PA_all_40,ngram
GaussianProcessRegressor,0.5099136613513732,0.645797388216804,0.8036151990951913,0.6465985837476944,-0.1235264274479401,0.0781120720548153,5.0,47,score,75,none,PA_all_40,ngram
GaussianProcessRegressor,0.4787745387764957,0.6285546791428974,0.7928144039703727,0.6467186939645119,-0.1629259822486146,0.0632901221924445,0.0,48,score,100,none,PA_all_40,ngram
GaussianProcessRegressor,0.7023779530864197,0.7260586843638198,0.8520907723733545,0.6971132881289589,-0.3433238773041964,0.0310486492698311,0.0,48,score,20,none,PA_all_40,ngram
GaussianProcessRegressor,0.4890541605257771,0.622829254340777,0.7891953207798289,0.6430993976331724,-0.1523330370638367,0.0621529147906751,0.0,48,score,200,none,PA_all_40,ngram
GaussianProcessRegressor,0.4539770199649385,0.5818340520575452,0.7627804743552009,0.6204316599823047,-0.076485402061394,0.2879477979845173,0.0,48,score,350,none,PA_all_40,ngram
GaussianProcessRegressor,0.5597483382702426,0.6384224773350077,0.7990134400215103,0.6524560551972455,-0.1811829760885763,-0.0200099162683108,0.0,48,score,50,none,PA_all_40,ngram
GaussianProcessRegressor,0.4780688682470364,0.5634740483515391,0.750649084693733,0.6100213212084771,-0.0425164793051269,0.1956904902247949,5.0,48,score,500,none,PA_all_40,ngram
GaussianProcessRegressor,0.4691302205519903,0.6162116128107125,0.7849914730815313,0.6394987032803037,-0.140089349232233,0.0275025482716812,0.0,48,score,75,none,PA_all_40,ngram
GaussianProcessRegressor,0.5124515701036103,0.7090152170954485,0.842030413402894,0.6604487699241242,-0.1127806146198706,0.045781352344527,0.0,49,score,100,none,PA_all_40,ngram
GaussianProcessRegressor,0.3397058501327536,0.8071178480221738,0.8983973775686201,0.7138146646331482,-0.2667500969473164,-0.1982490507069063,0.0,49,score,20,none,PA_all_40,ngram
GaussianProcessRegressor,0.4978029828361077,0.6600527468276097,0.8124363032432818,0.6363782968269859,-0.0359353136386677,0.2302811493430429,5.0,49,score,200,none,PA_all_40,ngram
GaussianProcessRegressor,0.4977640703797915,0.6392334453499674,0.7995207597992484,0.6283429990122538,-0.0032599710851546,0.2551302825424549,5.0,49,score,350,none,PA_all_40,ngram
GaussianProcessRegressor,0.4337249934883777,0.7484963857145394,0.8651568561333485,0.6761207203997753,-0.1747452636465054,-0.0806405560056886,0.0,49,score,50,none,PA_all_40,ngram
GaussianProcessRegressor,0.4720857036997331,0.6458280038511027,0.8036342475598602,0.6300963254560984,-0.0136099560856206,0.2659983844959328,5.0,49,score,500,none,PA_all_40,ngram
GaussianProcessRegressor,0.527000361361869,0.7031438447182395,0.8385367283060651,0.6577653918539444,-0.103565651097172,-0.0333203039230818,0.0,49,score,75,none,PA_all_40,ngram
GaussianProcessRegressor,0.5776446166179605,0.6014790045758838,0.7755507749824532,0.6324621046953708,0.0153660258200176,0.2320947218366571,15.0,50,score,100,none,PA_all_40,ngram
GaussianProcessRegressor,0.4839114629755669,0.6112694459718978,0.7818372247289699,0.6354954701343338,-0.000661135805567,0.0086736412170729,0.0,50,score,20,none,PA_all_40,ngram
GaussianProcessRegressor,0.5017020653139628,0.5802065844122699,0.7617129278227264,0.6178827345251204,0.050189431868737,0.2721718404104797,30.0,50,score,200,none,PA_all_40,ngram
GaussianProcessRegressor,0.4414432977070557,0.5770892412802672,0.7596639002086826,0.6172171568925167,0.05529258914205,0.273294221584867,20.0,50,score,350,none,PA_all_40,ngram
GaussianProcessRegressor,0.540822925102744,0.6132460636087399,0.7831002896237109,0.6319544633142644,-0.0038969010848062,-0.0039775524896128,5.0,50,score,50,none,PA_all_40,ngram
GaussianProcessRegressor,0.4281822579601879,0.5665561557222758,0.752699246526975,0.6098507591489701,0.0725354751188529,0.3032365354003457,35.0,50,score,500,none,PA_all_40,ngram
GaussianProcessRegressor,0.5538630648452673,0.5973658402510237,0.7728944560876496,0.6285122514226719,0.0220993636503182,0.2763506730189393,10.0,50,score,75,none,PA_all_40,ngram
GaussianProcessRegressor,0.8553627416344153,0.4780775981520148,0.6914315570987593,0.5662582491912003,0.0001496643682876,0.0232108911583704,10.0,51,score,100,none,PA_all_40,ngram
GaussianProcessRegressor,0.5512332101851851,0.4909720944372637,0.7006940091347034,0.5800155639314493,-0.0268178540606107,0.0141802125079591,0.0,51,score,20,none,PA_all_40,ngram
GaussianProcessRegressor,0.617808665012142,0.4717905574972504,0.6868701169051179,0.5633977342470122,0.0132983660290535,0.0943363349681874,5.0,51,score,200,none,PA_all_40,ngram
GaussianProcessRegressor,0.5613358029400688,0.4746597519977361,0.688955551539964,0.5685983697048502,0.0072977395713564,0.1733075968357011,15.0,51,score,350,none,PA_all_40,ngram
GaussianProcessRegressor,1.071726782017134,0.4810267073148425,0.6935608894068657,0.5670726737957416,-0.0060180954214741,0.021614445390574,0.0,51,score,50,none,PA_all_40,ngram
GaussianProcessRegressor,0.5267278201684886,0.4740382183384928,0.688504334291726,0.5695081904799254,0.0085976135671324,0.1386417949897439,20.0,51,score,500,none,PA_all_40,ngram
GaussianProcessRegressor,1.004046983595255,0.483081009652068,0.6950402935456822,0.5675129515420456,-0.0103144583744834,-0.0373090583913858,0.0,51,score,75,none,PA_all_40,ngram
GaussianProcessRegressor,0.4076420110947268,0.4973849317295166,0.7052552245318829,0.5776290164473654,0.068210997133122,0.3113560179462843,25.0,42,score,100,none,PA_all_40,physchem
GaussianProcessRegressor,0.5175812571149434,0.8761332403283465,0.9360198931263942,0.7479401494299258,-0.6413270010922414,0.2550180684337512,10.0,42,score,20,none,PA_all_40,physchem
GaussianProcessRegressor,0.379509698760602,0.4901588882938417,0.7001134824396983,0.5763702968726601,0.0817480936112715,0.3288051441192542,30.0,42,score,200,none,PA_all_40,physchem
GaussianProcessRegressor,0.4012453841163058,0.4644208399923278,0.6814842918162736,0.5674127452022122,0.1299651360520526,0.3875913405563974,55.00000000000001,42,score,350,none,PA_all_40,physchem
GaussianProcessRegressor,0.3967178842242425,0.6466143107429179,0.804123318119129,0.6563914540373349,-0.211351742706688,0.2137451825552322,10.0,42,score,50,none,PA_all_40,physchem
GaussianProcessRegressor,0.3595442886014967,0.4454638505762379,0.6674307833597712,0.5499075238561963,0.1654787053995501,0.3953741872946039,15.0,42,score,500,none,PA_all_40,physchem
GaussianProcessRegressor,0.5381833330557052,0.4932634676578178,0.7023271799224474,0.5743413920330662,0.0759320490845073,0.3109782238192719,25.0,42,score,75,none,PA_all_40,physchem
GaussianProcessRegressor,0.4484618541804526,0.5471728172117378,0.7397113066674984,0.5932972992867196,0.139484162540879,0.3508685060221628,65.0,43,score,100,none,PA_all_40,physchem
GaussianProcessRegressor,0.7565177997658444,0.6113959262683129,0.7819181071367467,0.6314404231429832,0.0384831611467229,0.1557285949837607,60.0,43,score,20,none,PA_all_40,physchem
GaussianProcessRegressor,0.4025266436259013,0.5449496300532762,0.7382070373907825,0.5900973783052675,0.1429804761356234,0.3080133032428138,50.0,43,score,200,none,PA_all_40,physchem
GaussianProcessRegressor,0.3356909998061251,0.5272169895748986,0.7260970937656331,0.5742770973635741,0.1708678592285373,0.4141905264937606,25.0,43,score,350,none,PA_all_40,physchem
GaussianProcessRegressor,0.5218944078003868,0.5677821071848792,0.7535131765170926,0.608121746323586,0.1070727929281724,0.2917106419080449,70.0,43,score,50,none,PA_all_40,physchem
GaussianProcessRegressor,0.342020127802651,0.5364161398387071,0.732404355420356,0.5733732343982684,0.156400739802701,0.3968052757462831,10.0,43,score,500,none,PA_all_40,physchem
GaussianProcessRegressor,0.4525552634369113,0.5759309950835575,0.758901176098415,0.6060970864983447,0.0942573772607342,0.3202298426326139,65.0,43,score,75,none,PA_all_40,physchem
GaussianProcessRegressor,0.4198680876276744,0.5937638274483562,0.7705607227521762,0.6234117273655245,-0.2020411626409886,0.1659923271375253,0.0,44,score,100,none,PA_all_40,physchem
GaussianProcessRegressor,0.3925633977323857,0.560062373527848,0.7483731512606849,0.6066978834946475,-0.1338144823001037,0.1869761920561811,0.0,44,score,20,none,PA_all_40,physchem
GaussianProcessRegressor,0.4965510099413923,0.458065888323005,0.6768056503332438,0.5387764273607797,0.0726716119906227,0.2937340830161773,25.0,44,score,200,none,PA_all_40,physchem
GaussianProcessRegressor,0.4149994522827619,0.4403524348773628,0.6635905626795509,0.5298322340307506,0.1085314929565758,0.3362782842897984,25.0,44,score,350,none,PA_all_40,physchem
GaussianProcessRegressor,0.3843953159377556,0.6347051092430933,0.796683820121316,0.6346199563584737,-0.2849244635319281,0.1352993478039352,0.0,44,score,50,none,PA_all_40,physchem
GaussianProcessRegressor,0.4023186070734597,0.4269588585459296,0.6534208892788244,0.5195774851302074,0.1356460279300912,0.3698996567762257,25.0,44,score,500,none,PA_all_40,physchem
GaussianProcessRegressor,0.5073617513671572,0.5906134182579411,0.7685137723280834,0.6075428552138961,-0.1956633380734069,0.1589114076447501,0.0,44,score,75,none,PA_all_40,physchem
GaussianProcessRegressor,0.7740590858005315,0.6239595186873137,0.7899110827728104,0.627566587601307,0.0340688384747048,0.2689939573350803,0.0,45,score,100,none,PA_all_40,physchem
GaussianProcessRegressor,1.305170659963684,0.6870664206405638,0.8288946981616928,0.6727685528057316,-0.0636248760665958,0.143893141008172,5.0,45,score,20,none,PA_all_40,physchem
GaussianProcessRegressor,0.6854934611159259,0.6025117712729127,0.7762163173194137,0.6126466013507686,0.0672713892037618,0.2760723387635077,15.0,45,score,200,none,PA_all_40,physchem
GaussianProcessRegressor,0.5894255628133653,0.5590072909154723,0.7476679014880018,0.5874941226294976,0.1346192410830367,0.3603044966966902,30.0,45,score,350,none,PA_all_40,physchem
GaussianProcessRegressor,1.02075014721046,0.7437064946724236,0.8623841920353269,0.6644203502059879,-0.1513075074872572,0.2522432490721867,0.0,45,score,50,none,PA_all_40,physchem
GaussianProcessRegressor,0.5313965701625506,0.5334088397118284,0.7303484371940755,0.5775920610581615,0.1742473595167512,0.4545772675416383,40.0,45,score,500,none,PA_all_40,physchem
GaussianProcessRegressor,0.9152344917671462,0.616793291292714,0.7853618855614996,0.6139779664345381,0.045162638863523,0.2760411725442861,0.0,45,score,75,none,PA_all_40,physchem
GaussianProcessRegressor,0.6122499629068924,0.4219559105816299,0.6495813348470151,0.5245306745361146,0.112769384592533,0.3226924522710321,35.0,46,score,100,none,PA_all_40,physchem
GaussianProcessRegressor,0.5104670821408528,0.5119731056539791,0.7155229595575386,0.5814684405980889,-0.0765063415637992,0.135279639751882,5.0,46,score,20,none,PA_all_40,physchem
GaussianProcessRegressor,0.4927109787686026,0.437167498569986,0.6611864325362296,0.5310551262070791,0.0807845581360658,0.3284895277077925,30.0,46,score,200,none,PA_all_40,physchem
GaussianProcessRegressor,0.4022781937338241,0.4157075909353029,0.6447538995115136,0.5039628109321076,0.1259074882333415,0.3639474381620248,30.0,46,score,350,none,PA_all_40,physchem
GaussianProcessRegressor,0.6343300140938475,0.466811080149658,0.6832357427342762,0.5643975539249312,0.0184541286569275,0.319187563282981,25.0,46,score,50,none,PA_all_40,physchem
GaussianProcessRegressor,0.4347056816822967,0.3924238803777529,0.6264374512892352,0.4993760023459905,0.1748652592442255,0.3994667713371432,40.0,46,score,500,none,PA_all_40,physchem
GaussianProcessRegressor,0.6757512795302882,0.4321160797474407,0.6573553679308025,0.5384901728459641,0.0914059840201824,0.2965196017867624,30.0,46,score,75,none,PA_all_40,physchem
GaussianProcessRegressor,0.4478198974566797,0.5467778688095462,0.7394442973000375,0.5982395541964246,0.0487428460380339,0.3641552855577566,45.0,47,score,100,none,PA_all_40,physchem
GaussianProcessRegressor,0.4454664123922036,0.575022331864106,0.7583022694573095,0.6127076137989832,-0.0003954769869296,0.233010167263687,5.0,47,score,20,none,PA_all_40,physchem
GaussianProcessRegressor,0.4701449468722513,0.4876694874985263,0.6983333641596443,0.5623148105094696,0.1515766909843158,0.3980919283994173,45.0,47,score,200,none,PA_all_40,physchem
GaussianProcessRegressor,0.4001369242127132,0.4796509874933373,0.692568399144328,0.5596177324907731,0.1655268815993588,0.3796810253730913,50.0,47,score,350,none,PA_all_40,physchem
GaussianProcessRegressor,0.5556908807606024,0.6371881382617204,0.7982406518473739,0.6422365137100646,-0.1085484792221815,0.269986381430177,10.0,47,score,50,none,PA_all_40,physchem
GaussianProcessRegressor,0.4224721365779961,0.4698360658913779,0.6854458883758644,0.554698920226057,0.1826023978593116,0.4091904606747789,55.00000000000001,47,score,500,none,PA_all_40,physchem
GaussianProcessRegressor,0.5167219519677996,0.5550805111800436,0.7450372548940379,0.6014690718241252,0.0342983185575799,0.3186927304254064,45.0,47,score,75,none,PA_all_40,physchem
GaussianProcessRegressor,0.4733672810649179,0.6157239221174324,0.7846807772065226,0.638864535255893,-0.1391870439955753,0.2346091448429874,0.0,48,score,100,none,PA_all_40,physchem
GaussianProcessRegressor,0.7144850221875741,0.7260361106392429,0.8520775261906882,0.6971061712555068,-0.343282112328614,0.1282102537091863,20.0,48,score,20,none,PA_all_40,physchem
GaussianProcessRegressor,0.4440996804394107,0.520037541343366,0.7211362848611669,0.5827244948485276,0.0378479571617357,0.4548080787586052,5.0,48,score,200,none,PA_all_40,physchem
GaussianProcessRegressor,0.3782144354756786,0.4495868253473635,0.670512360324076,0.5412386168481041,0.1681929706003253,0.5223661234938037,5.0,48,score,350,none,PA_all_40,physchem
GaussianProcessRegressor,0.52895171711107,0.6295966622547585,0.7934712737426343,0.6501897452239725,-0.1648538164912931,0.1895539082812645,5.0,48,score,50,none,PA_all_40,physchem
GaussianProcessRegressor,0.4147619095270046,0.4601784265406003,0.6783645233505363,0.5441156896668016,0.1485968262552917,0.5075516753753362,5.0,48,score,500,none,PA_all_40,physchem
GaussianProcessRegressor,0.4662620664557077,0.5886834581751875,0.7672571004397336,0.6222062718131863,-0.0891578911884185,0.306141640340747,0.0,48,score,75,none,PA_all_40,physchem
GaussianProcessRegressor,0.4344493411929635,0.6723146999131132,0.8199479861022364,0.6363658720759984,-0.0551801244155423,0.2275796686951177,0.0,49,score,100,none,PA_all_40,physchem
GaussianProcessRegressor,0.453106845788765,0.7337141752724854,0.8565711735007695,0.6703544494522254,-0.1515449756632156,-0.0803345241595108,0.0,49,score,20,none,PA_all_40,physchem
GaussianProcessRegressor,0.378541280169671,0.6247781548162883,0.7904290953755994,0.6214789369856808,0.019427224755962,0.2628250439720646,10.0,49,score,200,none,PA_all_40,physchem
GaussianProcessRegressor,0.3996789639625376,0.5609068307706468,0.7489371340577571,0.5926608337638688,0.1196715770834885,0.4051041070123855,10.0,49,score,350,none,PA_all_40,physchem
GaussianProcessRegressor,0.4797999874492468,0.7214715076693679,0.8493947890523981,0.6614763252173402,-0.1323304329404324,0.1675847855146081,0.0,49,score,50,none,PA_all_40,physchem
GaussianProcessRegressor,0.4103956039434447,0.5633033402379679,0.7505353690786117,0.5892570187444467,0.1159103189134416,0.4516693730271828,10.0,49,score,500,none,PA_all_40,physchem
GaussianProcessRegressor,0.4749656851124711,0.6468289677742926,0.8042567797502813,0.6328871165362066,-0.0151809424661704,0.2728923116499063,0.0,49,score,75,none,PA_all_40,physchem
GaussianProcessRegressor,0.5297010247761675,0.5499756391428015,0.7416034244411237,0.5966852309462485,0.0996781348117153,0.3781580358778243,0.0,50,score,100,none,PA_all_40,physchem
GaussianProcessRegressor,0.4865138786297986,0.611268199213123,0.7818364274022559,0.6354938497013422,-0.0006590948348299,0.0681897373801074,0.0,50,score,20,none,PA_all_40,physchem
GaussianProcessRegressor,0.4102412449148926,0.4595107032444289,0.6778721879856326,0.5459473773902812,0.2477711666214633,0.5023848822608981,15.0,50,score,200,none,PA_all_40,physchem
GaussianProcessRegressor,0.2844059176819666,0.4507280189423819,0.6713628072379211,0.5355997209240261,0.2621486083650707,0.4722186125602395,30.0,50,score,350,none,PA_all_40,physchem
GaussianProcessRegressor,0.5374854386518025,0.7257204404258292,0.851892270434372,0.677567813070963,-0.1880198576573588,0.1709890310772045,0.0,50,score,50,none,PA_all_40,physchem
GaussianProcessRegressor,0.2858509600212516,0.49394453349653,0.7028118763200648,0.5531053943494789,0.1914022512155594,0.4340912075683034,0.0,50,score,500,none,PA_all_40,physchem
GaussianProcessRegressor,0.5159506825361098,0.5305728582784691,0.728404323352401,0.5824922586606756,0.1314409014041453,0.3962199548065996,0.0,50,score,75,none,PA_all_40,physchem
GaussianProcessRegressor,0.8114805897932215,0.4749892037415874,0.6891946051309364,0.5614761806001739,0.0066087249889174,-0.032006869896613,5.0,51,score,100,none,PA_all_40,physchem
GaussianProcessRegressor,0.5512391784009779,0.4908315226596528,0.7005936929916318,0.5797709978090532,-0.0265238625839805,0.0169656243320568,10.0,51,score,20,none,PA_all_40,physchem
GaussianProcessRegressor,0.5876471450506081,0.4372424696498206,0.661243124463174,0.5373120664433996,0.0855521536217172,0.2700525186354546,10.0,51,score,200,none,PA_all_40,physchem
GaussianProcessRegressor,0.5146617713517841,0.4123344631874766,0.6421327457679421,0.5201624932027835,0.1376446982578972,0.3913325500488447,30.0,51,score,350,none,PA_all_40,physchem
GaussianProcessRegressor,1.091270465451378,0.4781180566074309,0.6914608135009755,0.5652004522261411,6.504965221776349e-05,0.0625541443714872,15.0,51,score,50,none,PA_all_40,physchem
GaussianProcessRegressor,0.4638284423801698,0.4032455240956244,0.6350161604995769,0.5124791259366296,0.1566532835516909,0.4031617446925402,40.0,51,score,500,none,PA_all_40,physchem
GaussianProcessRegressor,0.9757508699410752,0.4794264559969917,0.6924062795765155,0.5631896414340346,-0.0026713336751948,0.0240900938473631,5.0,51,score,75,none,PA_all_40,physchem
GaussianProcessRegressor,0.4868916500047517,0.6194261807039012,0.7870363274359712,0.6602545224603341,-0.2416431295223495,0.1017614654999858,0.0,42,score,100,none,SA_all_40,morgan
GaussianProcessRegressor,0.4543070990741863,0.6818643507758645,0.8257507800637336,0.697942736800946,-0.3668007791420389,0.1002461876056337,5.0,42,score,20,none,SA_all_40,morgan
GaussianProcessRegressor,0.4764411018778129,0.5376882281774386,0.7332722742456846,0.6158155627289414,-0.0777989615855403,0.1741832879748541,5.0,42,score,200,none,SA_all_40,morgan
GaussianProcessRegressor,0.4962247677888673,0.5167861487169292,0.7188783963348246,0.604499998986107,-0.0359006302535012,0.2871189433296591,5.0,42,score,350,none,SA_all_40,morgan
GaussianProcessRegressor,0.41062135556983,0.6140652272855923,0.7836231411115884,0.6650732152804548,-0.2308970693994654,0.0284068599622771,5.0,42,score,50,none,SA_all_40,morgan
GaussianProcessRegressor,0.486976337505875,0.5184834598366841,0.7200579558873605,0.5925437126483991,-0.0393028995733266,0.2179580682121272,5.0,42,score,500,none,SA_all_40,morgan
GaussianProcessRegressor,0.5126575890478662,0.6356390647401058,0.7972697565693219,0.670139478191393,-0.2741419432638354,0.0338021259832701,0.0,42,score,75,none,SA_all_40,morgan
GaussianProcessRegressor,0.4965188176512168,0.5655230341185578,0.7520126555574432,0.605950261836131,-0.0858798657794437,0.130009514591071,0.0,43,score,100,none,SA_all_40,morgan
GaussianProcessRegressor,0.4713385673951964,0.6113979905791758,0.7819194271657252,0.651874170607564,-0.1739659180862898,-0.0218676836644418,35.0,43,score,20,none,SA_all_40,morgan
GaussianProcessRegressor,0.4395265571429591,0.5461690736619641,0.7390325254425303,0.5995401495217991,-0.0487176730569793,0.2702414350954043,0.0,43,score,200,none,SA_all_40,morgan
GaussianProcessRegressor,0.4106429224419043,0.531871064294374,0.7292949090007238,0.5934985736510475,-0.0212635826728606,0.271817905984199,0.0,43,score,350,none,SA_all_40,morgan
GaussianProcessRegressor,0.6977648610466936,0.5993915859986407,0.7742038400825978,0.6452505153039397,-0.1509120154018028,0.0973123157081199,0.0,43,score,50,none,SA_all_40,morgan
GaussianProcessRegressor,0.3991166868794434,0.5291456088035622,0.7274239539660227,0.5974905319020226,-0.0160303435932831,0.3067109962050059,5.0,43,score,500,none,SA_all_40,morgan
GaussianProcessRegressor,0.5675150010162241,0.5168152090300566,0.7188986083100013,0.5876186266564176,0.0076456731969617,0.2368996087457695,10.0,43,score,75,none,SA_all_40,morgan
GaussianProcessRegressor,0.5018106593958019,0.5359373250294112,0.7320774037145329,0.5991175460658341,-0.0231550276362739,0.1039159755642051,0.0,44,score,100,none,SA_all_40,morgan
GaussianProcessRegressor,0.9036930866938347,0.5256456449452109,0.7250142377534464,0.5764934770654443,-0.0035072372525837,0.0248943974375596,0.0,44,score,20,none,SA_all_40,morgan
GaussianProcessRegressor,0.4635269032908795,0.582511402538936,0.7632243461387589,0.6282966698799729,-0.1120693452923109,0.1153686071812598,0.0,44,score,200,none,SA_all_40,morgan
GaussianProcessRegressor,0.4559047286367933,0.6302471035815003,0.7938810386836936,0.6503770706593112,-0.203201312107202,0.1519666402537486,0.0,44,score,350,none,SA_all_40,morgan
GaussianProcessRegressor,0.5657519511402259,0.528386026836632,0.7269016624252774,0.5912632796649,-0.0087388853929646,0.0628236374949607,0.0,44,score,50,none,SA_all_40,morgan
GaussianProcessRegressor,0.3967371703349926,0.6358489333938684,0.7974013627991041,0.6513131023111624,-0.2138957348854115,0.1349347221595972,0.0,44,score,500,none,SA_all_40,morgan
GaussianProcessRegressor,0.5685698618672494,0.5430607423532113,0.7369265515322483,0.6080479109502068,-0.0367543048435436,0.1150610053952681,0.0,44,score,75,none,SA_all_40,morgan
GaussianProcessRegressor,0.5243644089282743,0.7011367704660538,0.8373391012403839,0.6663440870132488,-0.2034911254605007,0.145852327617802,0.0,45,score,100,none,SA_all_40,morgan
GaussianProcessRegressor,0.3611579922839587,0.661691865064504,0.8134444449773469,0.6550099103963568,-0.135784515858726,-0.0094995097627991,5.0,45,score,20,none,SA_all_40,morgan
GaussianProcessRegressor,0.4333547629514355,0.6298115233351442,0.7936066552991754,0.6392820623548032,-0.0810623703885504,0.2536913420357196,0.0,45,score,200,none,SA_all_40,morgan
GaussianProcessRegressor,0.4953995863867048,0.6089584037185155,0.7803578690053145,0.6221584831416113,-0.0452682921802471,0.2885659135505064,5.0,45,score,350,none,SA_all_40,morgan
GaussianProcessRegressor,0.7275872923810283,0.7240677425227953,0.8509217017580379,0.6771293011780082,-0.2428518073287855,0.1380874691694617,0.0,45,score,50,none,SA_all_40,morgan
GaussianProcessRegressor,0.4457829158955559,0.6051364423563073,0.7779051628291891,0.613130598044254,-0.038707950781788,0.2968106230715751,5.0,45,score,500,none,SA_all_40,morgan
GaussianProcessRegressor,0.5199162850874053,0.6734388329936288,0.8206331902827406,0.6519940442044855,-0.1559480164042381,0.1374780765523845,0.0,45,score,75,none,SA_all_40,morgan
GaussianProcessRegressor,0.3331449566452118,0.623409434007725,0.7895628119457786,0.64853565261738,-0.0957433949577719,0.0758262586907269,5.0,46,score,100,none,SA_all_40,morgan
GaussianProcessRegressor,0.4583007398160139,1.1076161273575318,1.0524334313188326,0.8515821981228088,-0.9468153503844514,-0.1284786215156124,0.0,46,score,20,none,SA_all_40,morgan
GaussianProcessRegressor,0.4162845986868784,0.628909588337432,0.7930382010580777,0.6581834219231159,-0.1054108100613269,0.1315162411512562,5.0,46,score,200,none,SA_all_40,morgan
GaussianProcessRegressor,0.3902854268781205,0.6044212502388091,0.7774453358525016,0.6507294045499922,-0.0623685760794676,0.1622011791242687,5.0,46,score,350,none,SA_all_40,morgan
GaussianProcessRegressor,0.4086854333818679,0.7253818821429454,0.8516935376900223,0.7013650652371811,-0.2749765448212968,-0.0114313865041873,10.0,46,score,50,none,SA_all_40,morgan
GaussianProcessRegressor,0.3721190890287463,0.5444728434016752,0.7378840311333992,0.614390087225005,0.0430004915776264,0.2868815345009936,5.0,46,score,500,none,SA_all_40,morgan
GaussianProcessRegressor,0.3840724101309801,0.6182253821779566,0.7862730964353013,0.6492289462757085,-0.0866315813699187,0.0722089215769923,5.0,46,score,75,none,SA_all_40,morgan
GaussianProcessRegressor,0.4736777523597362,0.7155247498485036,0.8458869604435947,0.7051912797884495,-0.3599524684006336,0.1734336019477139,5.0,47,score,100,none,SA_all_40,morgan
GaussianProcessRegressor,0.4958793888487013,0.7142316407837742,0.8451222638078908,0.7072856270384955,-0.3574947380917068,-0.0659205088194683,20.0,47,score,20,none,SA_all_40,morgan
GaussianProcessRegressor,0.4750610584243599,0.6358573738823933,0.7974066552784679,0.6586018312968613,-0.2085337444235073,0.20692273150928,0.0,47,score,200,none,SA_all_40,morgan
GaussianProcessRegressor,0.3943601763101524,0.5987892646379278,0.7738147482685555,0.6343085456340575,-0.1380807423762284,0.2034051814553881,0.0,47,score,350,none,SA_all_40,morgan
GaussianProcessRegressor,0.482809847652326,0.735605983589297,0.8576747539652179,0.7193693730905308,-0.3981195945553955,0.1570959738528219,0.0,47,score,50,none,SA_all_40,morgan
GaussianProcessRegressor,0.4258699975599283,0.5831031031208498,0.7636118798976675,0.6239267150522132,-0.1082670509848435,0.2230508295826712,0.0,47,score,500,none,SA_all_40,morgan
GaussianProcessRegressor,0.5120338235019501,0.6854337411206258,0.82790925898955,0.691824602727509,-0.3027603983781688,0.0608484595175017,10.0,47,score,75,none,SA_all_40,morgan
GaussianProcessRegressor,0.5936866897997676,0.6500672901467286,0.806267505327313,0.6702621330534778,-0.175626203300095,0.2072860915314995,10.0,48,score,100,none,SA_all_40,morgan
GaussianProcessRegressor,0.4521427133229923,0.8437362892736648,0.9185511903392564,0.7696266291048192,-0.5258704835332053,0.1394025805218807,10.0,48,score,20,none,SA_all_40,morgan
GaussianProcessRegressor,0.6159676470437704,0.5992697118381767,0.7741251267322207,0.6494592685894818,-0.0837603841319858,0.2881554070362078,10.0,48,score,200,none,SA_all_40,morgan
GaussianProcessRegressor,0.4466934211142114,0.5958603513267233,0.7719199125082364,0.6454258222079593,-0.07759466311431,0.288121504801297,15.0,48,score,350,none,SA_all_40,morgan
GaussianProcessRegressor,0.6414168184335852,0.6947611727112027,0.8335233486299005,0.6963765594550217,-0.256453681111128,0.1598489415643571,0.0,48,score,50,none,SA_all_40,morgan
GaussianProcessRegressor,0.4260701205737464,0.5778097765568554,0.7601379983640177,0.6334539256355884,-0.0449507676195919,0.3120269982684242,15.0,48,score,500,none,SA_all_40,morgan
GaussianProcessRegressor,0.5249452781376254,0.6714214842741112,0.8194031268393545,0.6839863101622311,-0.2142445902686833,0.1963936299917486,20.0,48,score,75,none,SA_all_40,morgan
GaussianProcessRegressor,0.6353927913090324,0.6455227016763502,0.8034442741574241,0.6794567820625836,-0.1189899276984529,0.1431523865638663,0.0,49,score,100,none,SA_all_40,morgan
GaussianProcessRegressor,0.3616948030296149,0.6672527020694292,0.8168553740224944,0.6925388322995312,-0.156658086394644,-0.0082873140207364,0.0,49,score,20,none,SA_all_40,morgan
GaussianProcessRegressor,0.4603100396810182,0.6343680287638089,0.7964722397948399,0.6684032052828068,-0.0996537113214144,0.2647038175867856,0.0,49,score,200,none,SA_all_40,morgan
GaussianProcessRegressor,0.4221237949433566,0.603236755548307,0.7766831757855368,0.644371232123396,-0.0456887909954346,0.2946783528615195,0.0,49,score,350,none,SA_all_40,morgan
GaussianProcessRegressor,0.4699282440137482,0.7750176737478098,0.8803508810399464,0.7390804114810058,-0.3434647123330714,0.0709311797209712,0.0,49,score,50,none,SA_all_40,morgan
GaussianProcessRegressor,0.4244591698396939,0.5782999185528803,0.7604603333198124,0.6283415984090772,-0.0024616986653325,0.3383599245025385,0.0,49,score,500,none,SA_all_40,morgan
GaussianProcessRegressor,0.5631905914974189,0.6912347505716714,0.8314052865911254,0.7009988515848571,-0.1982300878903242,0.210785197664781,0.0,49,score,75,none,SA_all_40,morgan
GaussianProcessRegressor,0.5263323870326975,0.550738413309095,0.7421175198774753,0.6141551606936455,-0.1482205020856326,0.1212202718184138,5.0,50,score,100,none,SA_all_40,morgan
GaussianProcessRegressor,0.349362478859803,0.7640353454161596,0.8740911539514398,0.7294250532475859,-0.592917847610803,0.1329247869453926,10.0,50,score,20,none,SA_all_40,morgan
GaussianProcessRegressor,0.4534863803734436,0.5121696811398954,0.7156603112789582,0.5898849735625387,-0.0678095339273789,0.2565647599023032,10.0,50,score,200,none,SA_all_40,morgan
GaussianProcessRegressor,0.4681178006723581,0.5135504904926507,0.7166243719638976,0.5870013764457611,-0.0706883482065192,0.2500153039864863,15.0,50,score,350,none,SA_all_40,morgan
GaussianProcessRegressor,0.4940580437661726,0.640236408468621,0.8001477416506411,0.6611514245204294,-0.3348125945461484,0.1100830387475302,0.0,50,score,50,none,SA_all_40,morgan
GaussianProcessRegressor,0.4269654953798097,0.495608015823786,0.7039943293974646,0.5749352446164787,-0.0332805393900677,0.2914396474366781,10.0,50,score,500,none,SA_all_40,morgan
GaussianProcessRegressor,0.4341721764648573,0.5785996091812212,0.760657353334089,0.6227019059336903,-0.2063076003157764,0.0929243074927001,0.0,50,score,75,none,SA_all_40,morgan
GaussianProcessRegressor,0.6304673450735091,0.4696213860506228,0.685289271804705,0.5702728201437771,-0.03500730295992,0.2379801088678954,15.0,51,score,100,none,SA_all_40,morgan
GaussianProcessRegressor,0.536530126476894,0.7585390593497491,0.8709414787169969,0.6947364209156145,-0.6717583341119593,0.1191006364163961,5.0,51,score,20,none,SA_all_40,morgan
GaussianProcessRegressor,0.4958314255395895,0.484933718130767,0.6963718246244366,0.580942828703823,-0.0687544362869962,0.2043094077318569,15.0,51,score,200,none,SA_all_40,morgan
GaussianProcessRegressor,0.5050254479359707,0.4910015002481515,0.7007149921673943,0.5788738604906216,-0.082127334095329,0.1882057804945073,10.0,51,score,350,none,SA_all_40,morgan
GaussianProcessRegressor,0.7167471835409239,0.5188703139189694,0.7203265328439383,0.5917740493853906,-0.1435479306245859,0.2791399903706158,5.0,51,score,50,none,SA_all_40,morgan
GaussianProcessRegressor,0.4879812310387052,0.4853613467637241,0.6966787974122107,0.5778692370288522,-0.0696968949807699,0.2317622131591838,15.0,51,score,500,none,SA_all_40,morgan
GaussianProcessRegressor,0.6359229143878039,0.4962952158895338,0.7044822324867631,0.5900052759433121,-0.0937942524073354,0.2299719662492366,0.0,51,score,75,none,SA_all_40,morgan
GaussianProcessRegressor,0.4979983723394628,0.6567514594948414,0.8104020357173601,0.6581474725268865,-0.3164618527406873,0.1635528434375632,0.0,42,score,100,none,SA_all_40,ngram
GaussianProcessRegressor,0.4007093506564493,0.7300122248406296,0.8544075285486602,0.7268916048411596,-0.4633134531231215,0.0058020541975011,5.0,42,score,20,none,SA_all_40,ngram
GaussianProcessRegressor,0.4752427831168008,0.5710761433765233,0.7556958008196971,0.6366362281054982,-0.1447252181879155,0.2063203872131244,0.0,42,score,200,none,SA_all_40,ngram
GaussianProcessRegressor,0.5359236023618907,0.5162966284183155,0.71853784063076,0.6023908065805123,-0.0349193841672528,0.1750419992166911,15.0,42,score,350,none,SA_all_40,ngram
GaussianProcessRegressor,0.4007722676818262,0.6019306213773384,0.7758418791076817,0.6546759906262852,-0.2065731862237121,0.0316270615033339,0.0,42,score,50,none,SA_all_40,ngram
GaussianProcessRegressor,0.5341622039037411,0.5119307630196587,0.7154933703533938,0.5937159437466071,-0.0261679833619115,0.1854184152245714,10.0,42,score,500,none,SA_all_40,ngram
GaussianProcessRegressor,0.4633074197155574,0.6879763813171653,0.8294434165855832,0.6760501585260379,-0.3790523774203245,0.1141767086782881,0.0,42,score,75,none,SA_all_40,ngram
GaussianProcessRegressor,0.5533505945551892,0.5768685049516545,0.7595186007937228,0.6302228745654033,-0.1076646872671305,0.0403450684893012,0.0,43,score,100,none,SA_all_40,ngram
GaussianProcessRegressor,0.4328429663155418,0.6089486208781251,0.7803516008044867,0.6404881684423898,-0.1692628006502925,-0.0546896170781879,0.0,43,score,20,none,SA_all_40,ngram
GaussianProcessRegressor,0.445804578854805,0.5451710151718694,0.7383569700164476,0.6013196440245668,-0.0468012672629107,0.2150598442320593,0.0,43,score,200,none,SA_all_40,ngram
GaussianProcessRegressor,0.4389952585722967,0.5574364882997384,0.7466166943617979,0.6164357581890743,-0.0703526162094145,0.1665370898500114,0.0,43,score,350,none,SA_all_40,ngram
GaussianProcessRegressor,0.6391989526985775,0.5810734299411314,0.7622817260968096,0.6274589725776373,-0.1157387056672871,0.0900988713280463,5.0,43,score,50,none,SA_all_40,ngram
GaussianProcessRegressor,0.4376092475603302,0.545550115045671,0.7386136439612194,0.6107951206497321,-0.0475291897262677,0.2182808316254284,15.0,43,score,500,none,SA_all_40,ngram
GaussianProcessRegressor,0.5767017858287098,0.5879843195955584,0.7668013560209439,0.6368331831106291,-0.1290085381544155,0.0774453832441232,0.0,43,score,75,none,SA_all_40,ngram
GaussianProcessRegressor,0.5382698353384843,0.5501358358864971,0.7417114235917478,0.6118040108195744,-0.0502613273655909,0.0625677682790586,0.0,44,score,100,none,SA_all_40,ngram
GaussianProcessRegressor,0.9069179314249786,0.5256461692519376,0.7250145993371013,0.5764943533642676,-0.0035082382036994,0.1242605148973182,0.0,44,score,20,none,SA_all_40,ngram
GaussianProcessRegressor,0.4716579398105924,0.5625768053347006,0.7500512018087169,0.6213126784629985,-0.0740123143656104,0.0343359346712497,5.0,44,score,200,none,SA_all_40,ngram
GaussianProcessRegressor,0.4730482309276004,0.5912471442952094,0.7689259680198149,0.6388151216706967,-0.128746702290301,0.0535558592867,5.0,44,score,350,none,SA_all_40,ngram
GaussianProcessRegressor,0.5607665794173862,0.5801416652920154,0.7616703127285555,0.6222400843817184,-0.1075452928236186,0.1364216137586077,0.0,44,score,50,none,SA_all_40,ngram
GaussianProcessRegressor,0.4551596782287498,0.6119614726676355,0.7822796639742308,0.6373565872310917,-0.1682923137425231,0.0469411101141855,5.0,44,score,500,none,SA_all_40,ngram
GaussianProcessRegressor,0.6995952654016528,0.6184160304047807,0.7863943224647421,0.6455554929226949,-0.1806146747565957,0.1226917926448091,0.0,44,score,75,none,SA_all_40,ngram
GaussianProcessRegressor,0.5285545071021678,0.7107716663380681,0.8430727526957967,0.6807727024468749,-0.2200292848683971,0.163377952554641,5.0,45,score,100,none,SA_all_40,ngram
GaussianProcessRegressor,0.3611579421661187,0.6606926272379203,0.8128300112802924,0.65419624869146,-0.1340693385820892,-0.0564355495326922,5.0,45,score,20,none,SA_all_40,ngram
GaussianProcessRegressor,0.4767453620585845,0.6665331157293839,0.8164147939187432,0.6598075402400415,-0.1440944526025083,0.1109190650520471,5.0,45,score,200,none,SA_all_40,ngram
GaussianProcessRegressor,0.5231626713985185,0.6221239876360433,0.7887483677549154,0.6284134518899411,-0.0678668265513915,0.2290934769522327,5.0,45,score,350,none,SA_all_40,ngram
GaussianProcessRegressor,0.7029558724516062,0.6496700840466986,0.8060211436722355,0.6454041416373326,-0.1151493026213126,0.0904706267806553,0.0,45,score,50,none,SA_all_40,ngram
GaussianProcessRegressor,0.4909809602412321,0.6169734733768749,0.7854765899610726,0.6222567760060596,-0.0590260433211144,0.2485383913060342,5.0,45,score,500,none,SA_all_40,ngram
GaussianProcessRegressor,0.544758055143322,0.6544390149379604,0.8089740508433879,0.6512083840604778,-0.1233351035196925,0.1964985630232253,30.0,45,score,75,none,SA_all_40,ngram
GaussianProcessRegressor,0.3679228673698082,0.5851803992187642,0.7649708486071637,0.6367792653536615,-0.0285496534445568,0.0155165353827528,5.0,46,score,100,none,SA_all_40,ngram
GaussianProcessRegressor,0.484841012157461,0.6528478867090012,0.8079900288425601,0.6856851607446998,-0.1474862598320312,0.0565232614371552,10.0,46,score,20,none,SA_all_40,ngram
GaussianProcessRegressor,0.3720801872233779,0.66706614385594,0.8167411731117392,0.6751993887180843,-0.1724771574776005,0.1074132564646314,10.0,46,score,200,none,SA_all_40,ngram
GaussianProcessRegressor,0.4174169448664414,0.5787307939275222,0.7607435796163661,0.6436808583240325,-0.0172134239740939,0.1140085421321705,5.0,46,score,350,none,SA_all_40,ngram
GaussianProcessRegressor,0.3757896841421244,0.6720806673990579,0.8198052618756835,0.6728859961147998,-0.1812909975504211,-0.084869703563966,5.0,46,score,50,none,SA_all_40,ngram
GaussianProcessRegressor,0.407972452642131,0.5725415946774531,0.7566647835583821,0.6369612544541053,-0.0063349004414252,0.1176732086612189,5.0,46,score,500,none,SA_all_40,ngram
GaussianProcessRegressor,0.4013216035404036,0.5924909264651119,0.7697343220002029,0.6441181406031218,-0.0413990931656522,-0.0412477152483032,5.0,46,score,75,none,SA_all_40,ngram
GaussianProcessRegressor,0.443646568599032,0.7552283329298264,0.8690387407531533,0.7233138522974464,-0.4354145482619198,0.0578996833032326,10.0,47,score,100,none,SA_all_40,ngram
GaussianProcessRegressor,0.5036873081908455,0.763131343670005,0.8735738913623764,0.7328165448615452,-0.4504352990691815,-0.0058621796906855,0.0,47,score,20,none,SA_all_40,ngram
GaussianProcessRegressor,0.4044514938988889,0.6008897221376085,0.775170769661504,0.6486790886621968,-0.1420729486025906,0.1053736594026731,15.0,47,score,200,none,SA_all_40,ngram
GaussianProcessRegressor,0.4413846062683429,0.5874811571359273,0.7664731940100236,0.637851978147287,-0.1165881403194286,0.1495680202147031,25.0,47,score,350,none,SA_all_40,ngram
GaussianProcessRegressor,0.4952273053745121,0.7310669262453889,0.8550245179206202,0.717445440310891,-0.3894924964146717,0.0576088693340077,10.0,47,score,50,none,SA_all_40,ngram
GaussianProcessRegressor,0.4503164608303566,0.5929627450542532,0.7700407424638342,0.6393694204967642,-0.1270066464883077,0.1264759410694949,5.0,47,score,500,none,SA_all_40,ngram
GaussianProcessRegressor,0.4779957726840898,0.677609881022403,0.8231706269191115,0.6857869510442736,-0.2878900841713547,0.0598022413921389,20.0,47,score,75,none,SA_all_40,ngram
GaussianProcessRegressor,0.6968342835244272,0.634797862229258,0.7967420299126048,0.665634168146999,-0.1480119242227264,-0.0558103082116268,0.0,48,score,100,none,SA_all_40,ngram
GaussianProcessRegressor,0.4086739191185472,0.9739033670811515,0.9868654250104985,0.8196346210708177,-0.7612735407197058,0.1220427977429736,5.0,48,score,20,none,SA_all_40,ngram
GaussianProcessRegressor,0.7012463808882905,0.5858547486559164,0.7654114897595387,0.6385375836726674,-0.0594998460732081,0.1462538804396697,20.0,48,score,200,none,SA_all_40,ngram
GaussianProcessRegressor,0.588150884094447,0.586436138543136,0.7657911846862276,0.6360911384236039,-0.0605512713581117,0.1508234018261635,10.0,48,score,350,none,SA_all_40,ngram
GaussianProcessRegressor,0.5871291021422805,0.8152748828285415,0.9029257349464248,0.7352174515787927,-0.474398927116163,0.1075735990795351,0.0,48,score,50,none,SA_all_40,ngram
GaussianProcessRegressor,0.5180127549661868,0.5747402641951769,0.7581162603421568,0.6278773811414635,-0.0393996512683474,0.1910799349282422,10.0,48,score,500,none,SA_all_40,ngram
GaussianProcessRegressor,0.5111288095225279,0.7131156041144426,0.844461724481603,0.7026444952244137,-0.2896470917493596,0.145958846450256,5.0,48,score,75,none,SA_all_40,ngram
GaussianProcessRegressor,0.5914265834520457,0.6306682741338953,0.7941462548762005,0.6553329516486721,-0.0932403223653357,0.033297195438981,0.0,49,score,100,none,SA_all_40,ngram
GaussianProcessRegressor,0.3388455914403356,0.6844856738521399,0.8273364937267906,0.6943969213198584,-0.1865308109310355,-0.0593339250179921,5.0,49,score,20,none,SA_all_40,ngram
GaussianProcessRegressor,0.4783647353204651,0.6715091732394505,0.8194566329217492,0.6734652463458586,-0.1640365230544607,0.0525344577958136,0.0,49,score,200,none,SA_all_40,ngram
GaussianProcessRegressor,0.4383457270427796,0.6560029144761736,0.8099400684471497,0.6786483776021173,-0.1371569922070821,0.1174123798323058,0.0,49,score,350,none,SA_all_40,ngram
GaussianProcessRegressor,0.4240648671159345,0.7904291632799998,0.8890608321594197,0.74686296,-0.3701799641941858,,20.0,49,score,50,none,SA_all_40,ngram
GaussianProcessRegressor,0.4478028974790867,0.6245147460444795,0.790262453900272,0.6520271621950857,-0.0825734071135806,0.2026468271424835,0.0,49,score,500,none,SA_all_40,ngram
GaussianProcessRegressor,0.5337404736145481,0.7101324304024501,0.8426935566399272,0.6970881358847314,-0.2309885227720054,0.1941595595396804,0.0,49,score,75,none,SA_all_40,ngram
GaussianProcessRegressor,0.4307191473294711,0.6222833095717761,0.7888493579713278,0.6368703073990967,-0.2973826355471585,0.2244382502293901,10.0,50,score,100,none,SA_all_40,ngram
GaussianProcessRegressor,0.3065666080515515,0.868585126209348,0.9319791447287584,0.7670258871082593,-0.8108910248838457,0.2031363121733097,0.0,50,score,20,none,SA_all_40,ngram
GaussianProcessRegressor,0.4512712600841129,0.5192822828864533,0.7206124359782125,0.5991083769925365,-0.0826384162991344,0.1508259942772032,10.0,50,score,200,none,SA_all_40,ngram
GaussianProcessRegressor,0.4612227094116691,0.5053351618305456,0.710869300104137,0.5828145112619397,-0.0535604185519982,0.1662438577682095,5.0,50,score,350,none,SA_all_40,ngram
GaussianProcessRegressor,0.495630748292332,0.659033890066308,0.8118090231491074,0.6751904449212097,-0.3740029855493052,0.1407023324438467,10.0,50,score,50,none,SA_all_40,ngram
GaussianProcessRegressor,0.4325622658248765,0.4989970074258978,0.7063972023061089,0.5758478169857478,-0.0403461617343672,0.1814508636597932,20.0,50,score,500,none,SA_all_40,ngram
GaussianProcessRegressor,0.3946234667907519,0.5344798655014354,0.7310812988316931,0.6041098275209915,-0.1143234695276063,0.1578347645040589,10.0,50,score,75,none,SA_all_40,ngram
GaussianProcessRegressor,0.6745710662923851,0.4985432963802685,0.7060759848488465,0.5932235141547926,-0.0987488387925927,0.0818627397121156,15.0,51,score,100,none,SA_all_40,ngram
GaussianProcessRegressor,0.5346782360634744,0.8323684259410116,0.9123422745554496,0.7617054731851437,-0.8344722476274411,-0.0595033756534208,0.0,51,score,20,none,SA_all_40,ngram
GaussianProcessRegressor,0.5349227353271222,0.496768266547291,0.704817896018036,0.5919796325849492,-0.0948368175459593,0.1347081101421507,5.0,51,score,200,none,SA_all_40,ngram
GaussianProcessRegressor,0.5400853695540029,0.4728003152711689,0.687604766760069,0.5783395836817865,-0.0420134041652495,0.1868345209063587,10.0,51,score,350,none,SA_all_40,ngram
GaussianProcessRegressor,0.7711353866712567,0.5561173629907978,0.7457327691544725,0.6269355948509567,-0.2256373944951546,0.1076198033938523,10.0,51,score,50,none,SA_all_40,ngram
GaussianProcessRegressor,0.5029670620068744,0.4659195328307494,0.6825829860396092,0.5685640873038543,-0.0268487198313363,0.2322335615746102,15.0,51,score,500,none,SA_all_40,ngram
GaussianProcessRegressor,0.6632385317598277,0.4901949973314753,0.7001392699538252,0.5861214218853477,-0.0803498673244091,0.1648846001146922,10.0,51,score,75,none,SA_all_40,ngram
GaussianProcessRegressor,0.4498830441820276,0.5809140797902678,0.7621771971072526,0.6369495729699638,-0.1644454149398875,0.19650900811118,0.0,42,score,100,none,SA_all_40,physchem
GaussianProcessRegressor,0.448339886382714,0.6594366171084619,0.8120570282366023,0.685911971538529,-0.3218442657004492,0.1631621072725279,0.0,42,score,20,none,SA_all_40,physchem
GaussianProcessRegressor,0.4051579039192819,0.5122143334670471,0.715691507192203,0.5964920301404248,-0.0267364018574542,0.270817447362652,0.0,42,score,200,none,SA_all_40,physchem
GaussianProcessRegressor,0.4362087329816059,0.4760908129931226,0.6899933427165241,0.5687547234993955,0.0456733903144538,0.3363149121365025,0.0,42,score,350,none,SA_all_40,physchem
GaussianProcessRegressor,0.410448138292241,0.6139367471040996,0.7835411585258937,0.6629342061055022,-0.2306395301807504,-0.0110834624017536,0.0,42,score,50,none,SA_all_40,physchem
GaussianProcessRegressor,0.4389322827051677,0.4583550566317293,0.6770192439153626,0.560040976603469,0.081224809868567,0.3429114989369588,0.0,42,score,500,none,SA_all_40,physchem
GaussianProcessRegressor,0.4589672096569616,0.597153267287294,0.7727569263923126,0.6483333038937127,-0.1969969541108585,0.1579181518415394,0.0,42,score,75,none,SA_all_40,physchem
GaussianProcessRegressor,0.4628893871055246,0.5384617506584529,0.7337995302931537,0.5916537913755043,-0.0339185820144438,0.1217161260651118,0.0,43,score,100,none,SA_all_40,physchem
GaussianProcessRegressor,0.4744765450576321,0.611116534843043,0.7817394289934742,0.6517030011111061,-0.1734254854274308,0.0585602192935811,0.0,43,score,20,none,SA_all_40,physchem
GaussianProcessRegressor,0.4192587332462086,0.504184047008112,0.7100591855670286,0.5753423016659629,0.0318991937319929,0.315397166854314,5.0,43,score,200,none,SA_all_40,physchem
GaussianProcessRegressor,0.3941974770295399,0.4875142117538395,0.6982221793625862,0.5708937140950793,0.0639075070568222,0.3742573687885457,10.0,43,score,350,none,SA_all_40,physchem
GaussianProcessRegressor,0.6926938304480894,0.5186184448780647,0.7201516818546387,0.5926876687386139,0.004183219180998,0.2050877374105293,0.0,43,score,50,none,SA_all_40,physchem
GaussianProcessRegressor,0.3619297000701019,0.4607056763277434,0.6787530304372448,0.5566571373184113,0.1153834807907759,0.4207344904894016,5.0,43,score,500,none,SA_all_40,physchem
GaussianProcessRegressor,0.5062652919996598,0.533945731924831,0.7307159037032319,0.5930904040073333,-0.0252472220158785,0.1375000497609494,5.0,43,score,75,none,SA_all_40,physchem
GaussianProcessRegressor,0.6584090047995564,0.516032978150115,0.7183543541666013,0.5880666839338254,0.0148442525598772,0.2293978399007942,25.0,44,score,100,none,SA_all_40,physchem
GaussianProcessRegressor,0.9069181888965756,0.5256466817289058,0.7250149527622901,0.5764926120940306,-0.0035092165706875,0.1579320235567363,0.0,44,score,20,none,SA_all_40,physchem
GaussianProcessRegressor,0.4656691790615651,0.5317140551321231,0.7291872565617992,0.5985031173331777,-0.0150924060820873,0.2518821563323087,25.0,44,score,200,none,SA_all_40,physchem
GaussianProcessRegressor,0.4433268479436426,0.5680847395290559,0.7537139640003069,0.6130854521639116,-0.0845274815309784,0.2378414764833026,25.0,44,score,350,none,SA_all_40,physchem
GaussianProcessRegressor,0.6478570554794219,0.5061634858451509,0.7114516749893495,0.581054834223164,0.0336860465541417,0.2046043501197366,20.0,44,score,50,none,SA_all_40,physchem
GaussianProcessRegressor,0.3893498311936934,0.5409252151647158,0.7354761825951374,0.5954621362445711,-0.0326773815215053,0.2713074346915004,15.0,44,score,500,none,SA_all_40,physchem
GaussianProcessRegressor,0.6696426918764831,0.5273326514043895,0.7261767356535112,0.6021541415869688,-0.0067278920936486,0.2104278900759447,25.0,44,score,75,none,SA_all_40,physchem
GaussianProcessRegressor,0.4880376698098002,0.6655522514075678,0.8158138583081117,0.6369805319924611,-0.1424108131810559,0.2341014162616923,5.0,45,score,100,none,SA_all_40,physchem
GaussianProcessRegressor,0.3647839247359981,0.6570054551949015,0.810558730256421,0.6517422015782979,-0.1277403611004639,0.1260986516340015,5.0,45,score,20,none,SA_all_40,physchem
GaussianProcessRegressor,0.3688244033467905,0.6182818557013908,0.7863090077707305,0.6203190848602774,-0.0612718626570731,0.236710837656087,10.0,45,score,200,none,SA_all_40,physchem
GaussianProcessRegressor,0.3905277796904435,0.5708632388947933,0.7555549211637718,0.5858370745626769,0.0201215072419531,0.2745167194268002,5.0,45,score,350,none,SA_all_40,physchem
GaussianProcessRegressor,0.6662402810988938,0.752544113481343,0.8674930048601792,0.6875559593594556,-0.2917310862049354,0.1531141908730288,5.0,45,score,50,none,SA_all_40,physchem
GaussianProcessRegressor,0.3977364258187778,0.5630413018118154,0.7503607810992092,0.5811831825527115,0.0335477491105931,0.3152484295800045,5.0,45,score,500,none,SA_all_40,physchem
GaussianProcessRegressor,0.4942794999218901,0.6838875872994089,0.826974961712511,0.6475903350399399,-0.1738831520422745,0.1735978223292668,5.0,45,score,75,none,SA_all_40,physchem
GaussianProcessRegressor,0.3463815574585686,0.5463018971069818,0.7391223830374655,0.6175232189273937,0.0397856324380582,0.1896565006829481,10.0,46,score,100,none,SA_all_40,physchem
GaussianProcessRegressor,0.4892883702366937,0.6404179742553485,0.8002611912715426,0.67503617483642,-0.1256386686214938,0.0575751554629712,5.0,46,score,20,none,SA_all_40,physchem
GaussianProcessRegressor,0.3856709114915183,0.5382880418530713,0.7336811581695902,0.6135905972427673,0.0538712854352685,0.2342970110957371,5.0,46,score,200,none,SA_all_40,physchem
GaussianProcessRegressor,0.3653693905995377,0.5292133380433631,0.7274705066484572,0.6106342613318816,0.069821552175317,0.2465081298829918,5.0,46,score,350,none,SA_all_40,physchem
GaussianProcessRegressor,0.4049440008150508,0.5785880016940602,0.7606497233905105,0.6365115843299104,-0.0169624434176058,0.133270848135963,10.0,46,score,50,none,SA_all_40,physchem
GaussianProcessRegressor,0.3591581685098448,0.504832695739373,0.7105157955593759,0.5936342810326403,0.1126744932957016,0.3572823447305522,10.0,46,score,500,none,SA_all_40,physchem
GaussianProcessRegressor,0.3685006195378456,0.5730267875141648,0.756985328466916,0.6277544531102422,-0.0071877057040754,0.1894408674087838,10.0,46,score,75,none,SA_all_40,physchem
GaussianProcessRegressor,0.4822583308851726,0.6252703507665165,0.7907403813936129,0.6589092823388244,-0.1884116616828337,0.219391796449245,10.0,47,score,100,none,SA_all_40,physchem
GaussianProcessRegressor,0.4744827357700821,0.6691743975758432,0.8180308047841739,0.6802377102811862,-0.2718572962940231,0.1248959334585897,0.0,47,score,20,none,SA_all_40,physchem
GaussianProcessRegressor,0.4389087306843166,0.5722935353956271,0.7565008495670227,0.6297951907008945,-0.0877219918329792,0.2634117264951873,10.0,47,score,200,none,SA_all_40,physchem
GaussianProcessRegressor,0.388700115800471,0.5557871363382667,0.7455113254258896,0.6198481826805946,-0.0563493270198949,0.2574067085085724,20.0,47,score,350,none,SA_all_40,physchem
GaussianProcessRegressor,0.4496914142433987,0.6806467627194989,0.8250131894215382,0.6837148282780554,-0.2936620924227542,0.1386231018068168,5.0,47,score,50,none,SA_all_40,physchem
GaussianProcessRegressor,0.3821891635705327,0.5377912272078422,0.733342503341953,0.6110964927670182,-0.0221456449694612,0.2775897837298254,15.0,47,score,500,none,SA_all_40,physchem
GaussianProcessRegressor,0.446680930789369,0.6601032466965014,0.8124673819277309,0.6690062645562,-0.2546163356812596,0.0717547579440163,10.0,47,score,75,none,SA_all_40,physchem
GaussianProcessRegressor,0.5186357886985516,0.638866923013368,0.7992915131623556,0.6402449027652767,-0.1553706923889279,0.1958772050850836,15.0,48,score,100,none,SA_all_40,physchem
GaussianProcessRegressor,0.3797639533591849,0.8419335079386121,0.9175693477544964,0.7607099457432742,-0.5226102103146746,0.09144684667009,10.0,48,score,20,none,SA_all_40,physchem
GaussianProcessRegressor,0.5926822132164452,0.5455768155734139,0.738631718499425,0.6031131553150438,0.0133415262959043,0.2990229363995006,25.0,48,score,200,none,SA_all_40,physchem
GaussianProcessRegressor,0.4551615185799986,0.5297630815779705,0.7278482544995011,0.6053187717789932,0.0419401657580814,0.3598220724535284,25.0,48,score,350,none,SA_all_40,physchem
GaussianProcessRegressor,0.5979915046376669,0.6730508438450277,0.820396760016169,0.6773182522202663,-0.2171912356932437,0.2284172820580358,10.0,48,score,50,none,SA_all_40,physchem
GaussianProcessRegressor,0.3995719559951841,0.5097536800359622,0.7139703635557727,0.5902317754079444,0.0781265377255567,0.3903796017861397,25.0,48,score,500,none,SA_all_40,physchem
GaussianProcessRegressor,0.4487737885905325,0.6625588912474039,0.8139772056067688,0.671488695546913,-0.1982168701398485,0.1801289983383639,5.0,48,score,75,none,SA_all_40,physchem
GaussianProcessRegressor,0.5761579429555457,0.5975654086613349,0.7730235498749924,0.6460442758646857,-0.0358577191732891,0.2297964077462936,5.0,49,score,100,none,SA_all_40,physchem
GaussianProcessRegressor,0.364471320106429,0.6645061292548039,0.8151724536898949,0.6908401508690524,-0.1518970031557822,0.0910585135789684,0.0,49,score,20,none,SA_all_40,physchem
GaussianProcessRegressor,0.3937409044816163,0.5871976051058382,0.7662881997694068,0.6392793749583983,-0.0178855119668974,0.3849591694968809,5.0,49,score,200,none,SA_all_40,physchem
GaussianProcessRegressor,0.3812037956210107,0.5600296227112669,0.7483512695995557,0.622037631245564,0.0292091890815193,0.3862165335827616,10.0,49,score,350,none,SA_all_40,physchem
GaussianProcessRegressor,0.4261925272246266,0.7657907918346314,0.8750947330630161,0.7346821711096801,-0.3274702509483711,0.1248920515101107,5.0,49,score,50,none,SA_all_40,physchem
GaussianProcessRegressor,0.3808174938076883,0.5379928100234358,0.7334799315751153,0.6020465167215352,0.0674091956377936,0.3932289613714063,0.0,49,score,500,none,SA_all_40,physchem
GaussianProcessRegressor,0.5597935158451278,0.7331793282577778,0.8562589142647087,0.7225321866666665,-0.2709394749195208,,20.0,49,score,75,none,SA_all_40,physchem
GaussianProcessRegressor,0.5190141593371935,0.5277193292690932,0.7264429291204458,0.6060373208720397,-0.100228599586672,0.2317108925830568,5.0,50,score,100,none,SA_all_40,physchem
GaussianProcessRegressor,0.3314637057057557,0.788473998366578,0.8879605837910701,0.7417032389116843,-0.6438693732042742,0.1172776426234115,10.0,50,score,20,none,SA_all_40,physchem
GaussianProcessRegressor,0.3927638797857105,0.4940326728780579,0.7028745783410139,0.585469031184355,-0.0299961469736524,0.3084599854669406,10.0,50,score,200,none,SA_all_40,physchem
GaussianProcessRegressor,0.4340348913672819,0.4720326806499462,0.6870463453435628,0.5696058785198567,0.015871076941715,0.3665905107891479,5.0,50,score,350,none,SA_all_40,physchem
GaussianProcessRegressor,0.505579277380873,0.6795111248924235,0.8243246477525851,0.6850421094446879,-0.4166954513101268,0.0778740188971093,10.0,50,score,50,none,SA_all_40,physchem
GaussianProcessRegressor,0.4028824372148338,0.4527632395784646,0.6728768383429947,0.5559613864517515,0.0560454442408203,0.3821107537841325,10.0,50,score,500,none,SA_all_40,physchem
GaussianProcessRegressor,0.4234703651015728,0.6141474900276911,0.7836756280679469,0.6304582404288094,-0.2804204724293582,0.177080334496995,5.0,50,score,75,none,SA_all_40,physchem
GaussianProcessRegressor,0.6087679816177451,0.4521406195792843,0.6724140239311523,0.5573401521315552,0.0035188832330187,0.210802469423207,10.0,51,score,100,none,SA_all_40,physchem
GaussianProcessRegressor,0.339361366724998,0.6941226779847686,0.833140251089076,0.6905206766665203,-0.5297898737237023,-0.1109151838219492,0.0,51,score,20,none,SA_all_40,physchem
GaussianProcessRegressor,0.4506404568940295,0.4351988997407002,0.6596960661855581,0.5498320774918181,0.0408570545311743,0.2724988219927007,5.0,51,score,200,none,SA_all_40,physchem
GaussianProcessRegressor,0.478183660415535,0.4345553040873998,0.6592080886089003,0.5474124429954436,0.042275486955901,0.2461791172597203,15.0,51,score,350,none,SA_all_40,physchem
GaussianProcessRegressor,0.7125745098793116,0.4906871243744067,0.7004906311824639,0.587602253228333,-0.0814344752629478,0.2627626021544525,5.0,51,score,50,none,SA_all_40,physchem
GaussianProcessRegressor,0.4651379336959004,0.4212925445272157,0.6490705235390186,0.5390902889010497,0.0715055293047652,0.2966331588121662,15.0,51,score,500,none,SA_all_40,physchem
GaussianProcessRegressor,0.6027880023419142,0.5237392171664701,0.7236982915320929,0.6109888468349122,-0.1542785970044711,0.0860714775306747,0.0,51,score,75,none,SA_all_40,physchem
GaussianProcessRegressor,0.2714252752392347,0.5152523844146387,0.7178108277357195,0.5515657127815239,-0.0669556756666005,0.1577203895855141,0.0,42,score,100,none,hemopi2_all,morgan
GaussianProcessRegressor,0.1680189044180415,0.4843930635979502,0.6959835225046281,0.5455748882676688,-0.003053928700426,0.0178410669677002,5.0,42,score,20,none,hemopi2_all,morgan
GaussianProcessRegressor,0.2364672306920728,0.4853215197688466,0.6966502133559184,0.5113774124954105,-0.0049765235512406,0.2852068837515039,5.0,42,score,200,none,hemopi2_all,morgan
GaussianProcessRegressor,0.2868228381424704,0.5068860058998871,0.7119592726412706,0.5304983192427982,-0.0496310493065874,0.2649062656323347,0.0,42,score,350,none,hemopi2_all,morgan
GaussianProcessRegressor,0.248911923966517,0.4919246108043931,0.7013733747472833,0.5518730911159246,-0.0186498333124822,0.016937838067236,0.0,42,score,50,none,hemopi2_all,morgan
GaussianProcessRegressor,0.29717332118771,0.4833927875659912,0.6952645450229655,0.5193583510633334,-0.0009826133182675,0.2324104300728814,5.0,42,score,500,none,hemopi2_all,morgan
GaussianProcessRegressor,0.2622738567667542,0.5130228144391349,0.7162561095300584,0.5503588123609873,-0.0623388074839095,0.1337388783893497,0.0,42,score,75,none,hemopi2_all,morgan
GaussianProcessRegressor,0.2868890781710748,0.4009364192239251,0.6331954036661392,0.4879372014837866,0.0022587371459908,0.1357962967148875,5.0,43,score,100,none,hemopi2_all,morgan
GaussianProcessRegressor,0.2265760024068691,0.41013129175122,0.6404149371705973,0.4770960758611175,-0.0206229550308454,-0.1720971657016838,0.0,43,score,20,none,hemopi2_all,morgan
GaussianProcessRegressor,0.3457800636691092,0.3960257040825412,0.6293057318049321,0.4726015680429994,0.0144791863039015,0.173730296948655,10.0,43,score,200,none,hemopi2_all,morgan
GaussianProcessRegressor,0.3303793076723522,0.3882334917493152,0.6230838561135372,0.4636134543610692,0.033870320162054,0.2953839525872956,20.0,43,score,350,none,hemopi2_all,morgan
GaussianProcessRegressor,0.2431333537239055,0.5561695717248536,0.7457677733214634,0.6045846923687721,-0.3840432154500954,-0.0126908017363841,15.0,43,score,50,none,hemopi2_all,morgan
GaussianProcessRegressor,0.3038973062887817,0.3411629494708467,0.5840915591504869,0.4341455650760925,0.151006654115075,0.3772430656606574,20.0,43,score,500,none,hemopi2_all,morgan
GaussianProcessRegressor,0.285203437427838,0.3933205493798458,0.627152732099483,0.4790350671078384,0.0212110378890161,0.0580221629645765,5.0,43,score,75,none,hemopi2_all,morgan
GaussianProcessRegressor,0.2910092028620606,0.6029306882529968,0.7764861159434834,0.600953185767261,-0.1864175421210014,0.1270823977218716,0.0,44,score,100,none,hemopi2_all,morgan
GaussianProcessRegressor,0.1868212450556139,0.5352119670633427,0.7315818252686044,0.5765089401338582,-0.053163952090278,0.1295315083057313,0.0,44,score,20,none,hemopi2_all,morgan
GaussianProcessRegressor,0.2799958371162763,0.5030622537818861,0.7092688163044292,0.541328926240147,0.0100986824951347,0.2188560924431878,0.0,44,score,200,none,hemopi2_all,morgan
GaussianProcessRegressor,0.2436396670261959,0.5062838841450887,0.7115362844894761,0.5303382722466576,0.0037593157128462,0.2864460142925236,0.0,44,score,350,none,hemopi2_all,morgan
GaussianProcessRegressor,0.3220407952372597,0.5114591051396532,0.7151636911502521,0.5586813328257424,-0.0064242312386197,0.1716332002232504,0.0,44,score,50,none,hemopi2_all,morgan
GaussianProcessRegressor,0.291671807752963,0.4860866790351303,0.6971991674085177,0.5260412460875215,0.0435023888572934,0.2739877957933891,10.0,44,score,500,none,hemopi2_all,morgan
GaussianProcessRegressor,0.2984871902944112,0.5073648865574,0.7122955050801598,0.5605646455298658,0.0016321719962821,0.1440695367988082,5.0,44,score,75,none,hemopi2_all,morgan
GaussianProcessRegressor,0.2831003475342642,0.5778655148496125,0.7601746607521277,0.5829298037824997,-0.25333126244594,0.0262168762071303,10.0,45,score,100,none,hemopi2_all,morgan
GaussianProcessRegressor,0.3298292429768032,0.4595121649576872,0.6778732661476533,0.5288719871335164,0.0033650615652907,-0.0089850032475058,5.0,45,score,20,none,hemopi2_all,morgan
GaussianProcessRegressor,0.3182526345440447,0.5331258883060878,0.7301547016256813,0.5545119095932183,-0.1562955834233759,0.084954348963829,20.0,45,score,200,none,hemopi2_all,morgan
GaussianProcessRegressor,0.296017537000493,0.4948097329494176,0.7034271340724764,0.5304217330208413,-0.0731917571330185,0.197431636651941,20.0,45,score,350,none,hemopi2_all,morgan
GaussianProcessRegressor,0.2316322239635031,0.5252797366257366,0.7247618482134228,0.5651930070616614,-0.1392780820529469,-0.1572535431312773,0.0,45,score,50,none,hemopi2_all,morgan
GaussianProcessRegressor,0.283371008957097,0.4914522768858599,0.7010365731442689,0.5328065820690331,-0.0659097779551458,0.2180243531700893,20.0,45,score,500,none,hemopi2_all,morgan
GaussianProcessRegressor,0.3013032193888071,0.536401158290448,0.7323941277006855,0.5712760910130849,-0.1633993093922421,-0.1507893943514126,10.0,45,score,75,none,hemopi2_all,morgan
GaussianProcessRegressor,0.2882385178434953,0.5360181156790138,0.7321325806703413,0.5412206092974152,-0.1234125749551302,0.0370867257327385,0.0,46,score,100,none,hemopi2_all,morgan
GaussianProcessRegressor,0.150939616120337,0.5571721612596892,0.7464396568107091,0.5425793909880599,-0.1677482422047345,0.000375338869285,20.0,46,score,20,none,hemopi2_all,morgan
GaussianProcessRegressor,0.3554732378784044,0.4934904140260399,0.7024887287537359,0.5248480387925137,-0.0342809702138064,0.0985609720728546,20.0,46,score,200,none,hemopi2_all,morgan
GaussianProcessRegressor,0.3024785715097606,0.4732276168960537,0.6879154140561569,0.5052698422823306,0.0081867756211546,0.2222297044201391,10.0,46,score,350,none,hemopi2_all,morgan
GaussianProcessRegressor,0.3168514248594477,0.5286248408719275,0.7270659123297746,0.5365367377564344,-0.1079173936442181,-0.0782635793280854,0.0,46,score,50,none,hemopi2_all,morgan
GaussianProcessRegressor,0.2774488616070469,0.4814863063545194,0.6938921431710546,0.5015445940564881,-0.0091221833839654,0.2680753453039697,10.0,46,score,500,none,hemopi2_all,morgan
GaussianProcessRegressor,0.3429281221499767,0.5259598117585013,0.7252308679024226,0.5412628168256314,-0.102331897312901,0.0133278905299769,0.0,46,score,75,none,hemopi2_all,morgan
GaussianProcessRegressor,0.2723952549347218,0.4260775155370332,0.6527461340651765,0.46963016698792,0.0158122555025544,0.2531382566503743,0.0,47,score,100,none,hemopi2_all,morgan
GaussianProcessRegressor,0.2053924985269721,0.4412168914323019,0.6642415911641651,0.4730127445563123,-0.0191578794426874,-0.0806065472383767,0.0,47,score,20,none,hemopi2_all,morgan
GaussianProcessRegressor,0.297292561642876,0.4276928627684515,0.6539823107458271,0.4535333627466894,0.0120809979489474,0.271250162004033,0.0,47,score,200,none,hemopi2_all,morgan
GaussianProcessRegressor,0.3204486136922447,0.3925849017660949,0.6265659596292277,0.4353795491342344,0.0931761594931157,0.3373192710269265,20.0,47,score,350,none,hemopi2_all,morgan
GaussianProcessRegressor,0.2462419974247105,0.4326735325929255,0.6577792430541766,0.4886295646323131,0.0005762505218104,0.0764566082590225,0.0,47,score,50,none,hemopi2_all,morgan
GaussianProcessRegressor,0.3259621297504079,0.378472108015668,0.6152008680225248,0.4325266587576145,0.1257750133244042,0.342228131669971,30.0,47,score,500,none,hemopi2_all,morgan
GaussianProcessRegressor,0.2362307759387898,0.4230861025165982,0.650450691841125,0.474879010651213,0.0227220592966634,0.2182557715105008,0.0,47,score,75,none,hemopi2_all,morgan
GaussianProcessRegressor,0.3254384640210139,0.5457564783759943,0.738753327150541,0.5894212033220265,-0.1901162889830818,0.0860617737335627,0.0,48,score,100,none,hemopi2_all,morgan
GaussianProcessRegressor,0.2428780611486736,0.4606487361431257,0.678711084441035,0.5447680656228069,-0.0045241533637065,0.1239667856567854,5.0,48,score,20,none,hemopi2_all,morgan
GaussianProcessRegressor,0.2802576058161877,0.5293576607742072,0.7275696947882088,0.5465441375494056,-0.1543558340526623,0.1326456634409815,5.0,48,score,200,none,hemopi2_all,morgan
GaussianProcessRegressor,0.3066181873689554,0.5359527497055904,0.7320879385057443,0.5451535678360834,-0.1687375648712996,0.1217200908833512,5.0,48,score,350,none,hemopi2_all,morgan
GaussianProcessRegressor,0.2624643856547418,0.6006952739195143,0.7750453366865155,0.6129979464045447,-0.3099198241935403,0.0444503691643333,0.0,48,score,50,none,hemopi2_all,morgan
GaussianProcessRegressor,0.3355369756797575,0.5333910554744701,0.7303362619194463,0.5348267915452244,-0.1631513480279882,0.1812007922720462,0.0,48,score,500,none,hemopi2_all,morgan
GaussianProcessRegressor,0.3836760554992296,0.5274165845275707,0.7262345244668355,0.5724903360585426,-0.1501229819458864,0.0708856763052313,0.0,48,score,75,none,hemopi2_all,morgan
GaussianProcessRegressor,0.5003711251369489,0.4753650981378876,0.6894672567554514,0.5534161217067262,0.0093333526165051,0.1195199134513558,25.0,49,score,100,none,hemopi2_all,morgan
GaussianProcessRegressor,0.7524860633922866,0.5125539093112018,0.7159287040698967,0.594580588567221,-0.0681685822743027,0.0994664439069662,15.0,49,score,20,none,hemopi2_all,morgan
GaussianProcessRegressor,0.4403483458444482,0.4574533464841561,0.6763529747729037,0.5295587097720383,0.0466616609611382,0.1352880194116144,25.0,49,score,200,none,hemopi2_all,morgan
GaussianProcessRegressor,0.4184116180591212,0.4531998968927732,0.673201230608481,0.5135953066676742,0.0555259016532215,0.2681609392976923,30.0,49,score,350,none,hemopi2_all,morgan
GaussianProcessRegressor,0.5023559157869257,0.4664640090453848,0.6829817047662293,0.5325442150250532,0.0278833305679231,0.231594446419805,10.0,49,score,50,none,hemopi2_all,morgan
GaussianProcessRegressor,0.3603214823024234,0.4357237352223942,0.6600937321489988,0.5010233891597012,0.0919464351735523,0.3159212153695392,25.0,49,score,500,none,hemopi2_all,morgan
GaussianProcessRegressor,0.567111779460497,0.4850604098213184,0.6964627842328106,0.5635888968701793,-0.0108717948762047,0.1003852990118191,35.0,49,score,75,none,hemopi2_all,morgan
GaussianProcessRegressor,0.2701036967599884,0.5029244778322164,0.7091716843136198,0.5167404815279475,-0.0317139982390732,0.1576430723944611,15.0,50,score,100,none,hemopi2_all,morgan
GaussianProcessRegressor,0.2320643462130507,0.5584217570277601,0.7472762253864096,0.5390513594726634,-0.1455627416071114,-0.0236987980534973,0.0,50,score,20,none,hemopi2_all,morgan
GaussianProcessRegressor,0.2395000391048201,0.5120548863670449,0.7155801047870496,0.5129977816667447,-0.0504443856237308,0.1788108895419231,15.0,50,score,200,none,hemopi2_all,morgan
GaussianProcessRegressor,0.2081902003761793,0.5174838245898016,0.7193634857217883,0.5180524252086561,-0.0615814684400932,0.1817253551630513,10.0,50,score,350,none,hemopi2_all,morgan
GaussianProcessRegressor,0.2815231438237889,0.5253479987052192,0.7248089394490241,0.534296120296465,-0.0777142654644857,0.0779318639145441,5.0,50,score,50,none,hemopi2_all,morgan
GaussianProcessRegressor,0.2406771357376208,0.5172659382946697,0.7192120259663833,0.5206409712318294,-0.0611344901150752,0.2079759508054929,10.0,50,score,500,none,hemopi2_all,morgan
GaussianProcessRegressor,0.2219714418913345,0.5359131261024023,0.7320608759539075,0.5279173472729524,-0.099387877128481,0.1351019232102504,5.0,50,score,75,none,hemopi2_all,morgan
GaussianProcessRegressor,0.4562350332563266,0.4088400849531242,0.639406040754327,0.4912442364276225,0.0293699292342634,0.1075397746874616,20.0,51,score,100,none,hemopi2_all,morgan
GaussianProcessRegressor,0.2318784786461189,0.5654418206000881,0.7519586561773779,0.5712715727794785,-0.3424193334807115,0.0038243701560831,0.0,51,score,20,none,hemopi2_all,morgan
GaussianProcessRegressor,0.3880811551050399,0.4104203778570254,0.6406405996009193,0.4648134581825757,0.0256181449313123,0.1340094020229663,30.0,51,score,200,none,hemopi2_all,morgan
GaussianProcessRegressor,0.3434336436675619,0.4189937351584894,0.647297254094662,0.4652693674922101,0.0052640781201432,0.1437921503293131,30.0,51,score,350,none,hemopi2_all,morgan
GaussianProcessRegressor,0.4496946109794273,0.4395683222327672,0.6629994888631267,0.4990096854245273,-0.0435821912229712,0.0379708574770391,5.0,51,score,50,none,hemopi2_all,morgan
GaussianProcessRegressor,0.321684799923602,0.4064212251568387,0.6375117451128557,0.4600323222323161,0.0351125609909076,0.1761488835819844,30.0,51,score,500,none,hemopi2_all,morgan
GaussianProcessRegressor,0.3801710936522726,0.437208304000415,0.6612172895504284,0.4906109855331446,-0.0379792556298552,-0.0290489660574066,0.0,51,score,75,none,hemopi2_all,morgan
GaussianProcessRegressor,0.2730237949743815,0.483758411928525,0.6955274343464282,0.5450833148398923,-0.0017397276967106,0.1049219837183,0.0,42,score,100,none,hemopi2_all,ngram
GaussianProcessRegressor,0.1681333546772724,0.4843930760570397,0.6959835314553353,0.5455748908241903,-0.0030539545000083,0.0501660048552523,5.0,42,score,20,none,hemopi2_all,ngram
GaussianProcessRegressor,0.3206348477933874,0.4832937363213506,0.6951933085993784,0.5422414341392846,-0.0007775035684673,,5.0,42,score,200,none,hemopi2_all,ngram
GaussianProcessRegressor,0.3188326411206405,0.4626931454831974,0.6802155139977311,0.5204985926965496,0.0418810419942543,0.3549937138110585,10.0,42,score,350,none,hemopi2_all,ngram
GaussianProcessRegressor,0.2504484237592021,0.4854827192947006,0.6967658999224206,0.5485778699059272,-0.0053103264684655,0.0213343410189445,5.0,42,score,50,none,hemopi2_all,ngram
GaussianProcessRegressor,0.3147781142861088,0.4591167036259038,0.6775815106877576,0.5207095691851332,0.049286936763021,0.3523605912425945,10.0,42,score,500,none,hemopi2_all,ngram
GaussianProcessRegressor,0.2605835597957385,0.4828899758400224,0.6949028535270397,0.5433437501040772,5.8580941170172096e-05,0.1347964567118578,5.0,42,score,75,none,hemopi2_all,ngram
GaussianProcessRegressor,0.2887468530136651,0.3986713164956924,0.631404241746674,0.488751056066362,0.007895507337473,0.1914444058665845,10.0,43,score,100,none,hemopi2_all,ngram
GaussianProcessRegressor,0.2721176099383349,0.4668496968995702,0.6832640023443136,0.5448882823216432,-0.1617682600378576,-0.0962763867561914,15.0,43,score,20,none,hemopi2_all,ngram
GaussianProcessRegressor,0.3596418747742282,0.3908687031539847,0.6251949321243613,0.4839845252156277,0.0273125243901668,0.2592916384374934,5.0,43,score,200,none,hemopi2_all,ngram
GaussianProcessRegressor,0.3579695798073486,0.3906807740245572,0.6250446176270597,0.4807549083075282,0.0277801911770478,0.2259562213407663,5.0,43,score,350,none,hemopi2_all,ngram
GaussianProcessRegressor,0.2440038522933243,0.482584950564241,0.6946833455353892,0.5652136725583244,-0.2009258698481764,-0.0585731911862614,0.0,43,score,50,none,hemopi2_all,ngram
GaussianProcessRegressor,0.3540422999205163,0.3844182374986967,0.6200147074857957,0.4733860880947207,0.0433646848832472,0.2482300938606516,20.0,43,score,500,none,hemopi2_all,ngram
GaussianProcessRegressor,0.2676967297092808,0.4558727426704753,0.6751834881500549,0.5294394720901907,-0.1344518087261323,0.017369427443365,0.0,43,score,75,none,hemopi2_all,ngram
GaussianProcessRegressor,0.2861020699928328,0.5054949645713139,0.7109816907426758,0.5572781831312701,0.0053117130943117,0.1618834675314104,0.0,44,score,100,none,hemopi2_all,ngram
GaussianProcessRegressor,0.2227705504308715,0.5322925378051198,0.729583811364479,0.5641135311979245,-0.0474192418732992,-0.0023245937400534,0.0,44,score,20,none,hemopi2_all,ngram
GaussianProcessRegressor,0.2999768527389612,0.4981245897872313,0.70577942006496,0.5565722806688449,0.0198147763919833,0.1297776746724636,20.0,44,score,200,none,hemopi2_all,ngram
GaussianProcessRegressor,0.2771862597172545,0.5038989588140502,0.7098584075814347,0.550785487219611,0.0084522552240053,0.2022722358740981,0.0,44,score,350,none,hemopi2_all,ngram
GaussianProcessRegressor,0.3002834247201361,0.512954306230125,0.7162082841116297,0.5595992790671426,-0.0093664148714915,0.2028939037977705,0.0,44,score,50,none,hemopi2_all,ngram
GaussianProcessRegressor,0.3101162828981966,0.4883604728618918,0.6988279279349758,0.545148961684135,0.0390281284890695,0.2034317844032132,15.0,44,score,500,none,hemopi2_all,ngram
GaussianProcessRegressor,0.2864236462239269,0.5113954448253403,0.7151191822523993,0.5637312712185849,-0.0062989635832999,,5.0,44,score,75,none,hemopi2_all,ngram
GaussianProcessRegressor,0.2855118825181863,0.7113934668692616,0.84344144246608,0.6591616105297562,-0.5429397481161069,0.0327498314667807,5.0,45,score,100,none,hemopi2_all,ngram
GaussianProcessRegressor,0.3219997910600995,0.4905005462316753,0.7003574417621872,0.5212561976563698,-0.0638455714024703,0.1645422795774525,0.0,45,score,20,none,hemopi2_all,ngram
GaussianProcessRegressor,0.3738576440746689,0.441087251482743,0.664143999056487,0.5264560057806627,0.0433268164591068,0.0566469244490258,20.0,45,score,200,none,hemopi2_all,ngram
GaussianProcessRegressor,0.3406776663246155,0.4304367636898788,0.6560767970976255,0.5181339645668506,0.0664266363446548,0.174712903170275,20.0,45,score,350,none,hemopi2_all,ngram
GaussianProcessRegressor,0.261646926670789,0.4623480412041473,0.6799617939297379,0.5403237639619161,-0.0027856642779726,-0.0057396133440197,5.0,45,score,50,none,hemopi2_all,ngram
GaussianProcessRegressor,0.3165738511177195,0.4364393801171756,0.6606355879887001,0.5273720440362049,0.0534075745881136,0.1913217990884828,20.0,45,score,500,none,hemopi2_all,ngram
GaussianProcessRegressor,0.2766624401957938,0.5285097064700924,0.7269867306011111,0.5765512653717085,-0.1462835566463605,-0.0488537469614867,5.0,45,score,75,none,hemopi2_all,ngram
GaussianProcessRegressor,0.4007112392692892,0.4820261502705069,0.6942810311901851,0.5278411433524133,-0.0102536142554108,0.1321443094454091,5.0,46,score,100,none,hemopi2_all,ngram
GaussianProcessRegressor,0.152164483774324,0.539360992160113,0.7344120043681973,0.5350115713172827,-0.1304187364365034,0.0907401912175094,0.0,46,score,20,none,hemopi2_all,ngram
GaussianProcessRegressor,0.4472803978906766,0.4673077038575993,0.6835990812293411,0.5182050951370626,0.0205940143981796,0.1413402062291793,20.0,46,score,200,none,hemopi2_all,ngram
GaussianProcessRegressor,0.3365432427548319,0.4608904480023439,0.6788891279158504,0.5147446310362811,0.0340436081966389,0.132314165525291,20.0,46,score,350,none,hemopi2_all,ngram
GaussianProcessRegressor,0.2762112242119907,0.5807327919699657,0.7620582602202838,0.5592793029303749,-0.2171277464408354,-0.0330007846958002,0.0,46,score,50,none,hemopi2_all,ngram
GaussianProcessRegressor,0.2983427455239715,0.4684676662599927,0.6844469784139547,0.5106246213373798,0.0181629093455581,0.1254076771308166,20.0,46,score,500,none,hemopi2_all,ngram
GaussianProcessRegressor,0.4348664408234391,0.4800244782448049,0.69283798845387,0.5293687220366805,-0.0060584136477579,0.1241407658555188,5.0,46,score,75,none,hemopi2_all,ngram
GaussianProcessRegressor,0.260838882574708,0.4271850206252595,0.6535939263986925,0.480122236276359,0.0132540521356694,0.1439393735068297,0.0,47,score,100,none,hemopi2_all,ngram
GaussianProcessRegressor,0.1686579181371663,0.4785123976713887,0.6917459054243752,0.4992748885159002,-0.1053060070177198,-0.0101107086316119,15.0,47,score,20,none,hemopi2_all,ngram
GaussianProcessRegressor,0.3143661070929038,0.4335120080436729,0.6584162878025368,0.4624032861284346,-0.0013605267841863,0.2281752618628868,5.0,47,score,200,none,hemopi2_all,ngram
GaussianProcessRegressor,0.3164840068174134,0.4098943644015241,0.6402299308854,0.4591244676290986,0.0531933855413998,0.2896168973430449,15.0,47,score,350,none,hemopi2_all,ngram
GaussianProcessRegressor,0.2267743322853029,0.4297461437935074,0.6555502603107617,0.4914626051784094,0.0073381660763899,0.1171511977282906,0.0,47,score,50,none,hemopi2_all,ngram
GaussianProcessRegressor,0.3519727145514135,0.3927027430342842,0.6266599899740561,0.4570232371261316,0.092903960356295,0.3385817620307068,20.0,47,score,500,none,hemopi2_all,ngram
GaussianProcessRegressor,0.2463729041572879,0.4282115195605722,0.654378727924871,0.4798622097506719,0.0108829632257064,0.1419804004758939,0.0,47,score,75,none,hemopi2_all,ngram
GaussianProcessRegressor,0.3857248939267172,0.516096241940947,0.7183983866497384,0.5668498084420917,-0.1254370191712444,0.1045177213895315,0.0,48,score,100,none,hemopi2_all,ngram
GaussianProcessRegressor,0.2766869109234324,0.4624061806450317,0.6800045445767489,0.5471218526771723,-0.0083565647258689,-0.0040432043632055,0.0,48,score,20,none,hemopi2_all,ngram
GaussianProcessRegressor,0.3429429174467759,0.4816039711140145,0.6939769240500828,0.5368313227946178,-0.0502206635591218,0.0696461564352831,5.0,48,score,200,none,hemopi2_all,ngram
GaussianProcessRegressor,0.3377702659680787,0.4750093461696144,0.689209217995243,0.5289866436752911,-0.0358399445442618,0.1045468134314955,5.0,48,score,350,none,hemopi2_all,ngram
GaussianProcessRegressor,0.2640485084216324,0.5385788650688987,0.733879325958225,0.5528512412303246,-0.1744642631230955,0.0906868731810666,0.0,48,score,50,none,hemopi2_all,ngram
GaussianProcessRegressor,0.3572472388586332,0.471285995364442,0.6865027278638024,0.5229352751598136,-0.0277205348470652,0.0716700696319215,0.0,48,score,500,none,hemopi2_all,ngram
GaussianProcessRegressor,0.4049586913098278,0.4874542724912685,0.6981792552713583,0.5581888888338474,-0.0629782564423957,0.0566704816326029,0.0,48,score,75,none,hemopi2_all,ngram
GaussianProcessRegressor,0.5319474063233869,0.5367392967466637,0.732624935930155,0.5639159061258103,-0.1185712239074712,0.1713724803723514,30.0,49,score,100,none,hemopi2_all,ngram
GaussianProcessRegressor,0.7424807576912371,0.4823434009711228,0.694509467877237,0.5716824231670471,-0.0052095153797115,0.2496105524548773,15.0,49,score,20,none,hemopi2_all,ngram
GaussianProcessRegressor,0.5009981330580218,0.4452154513995531,0.6672446713159672,0.5392206707907449,0.072165583192673,0.3151205410934075,30.0,49,score,200,none,hemopi2_all,ngram
GaussianProcessRegressor,0.4480986090623126,0.4274682268920799,0.6538105435767153,0.5282704879361847,0.1091510149630148,0.3738721750914162,30.0,49,score,350,none,hemopi2_all,ngram
GaussianProcessRegressor,0.5569270140546448,0.5121510302097378,0.7156472805857211,0.5682932249563166,-0.0673289773257872,0.1359867382599799,5.0,49,score,50,none,hemopi2_all,ngram
GaussianProcessRegressor,0.4072932707534191,0.4139261678134567,0.6433709410701238,0.5137896027118076,0.1373728308233737,0.3908675521172466,30.0,49,score,500,none,hemopi2_all,ngram
GaussianProcessRegressor,0.5854834755559125,0.4570823384331961,0.6760786481121823,0.5548551662912466,0.0474348462526891,0.1100656512733673,30.0,49,score,75,none,hemopi2_all,ngram
GaussianProcessRegressor,0.2585220375370529,0.4873780257551141,0.6981246491530821,0.5255136122087161,0.0001784487144639,0.0846216061787908,10.0,50,score,100,none,hemopi2_all,ngram
GaussianProcessRegressor,0.2319845398783542,0.5606452508152313,0.7487624795722815,0.539686734396532,-0.1501240818612577,-0.085931440300698,0.0,50,score,20,none,hemopi2_all,ngram
GaussianProcessRegressor,0.2736721507579646,0.4804091263756103,0.6931155216669226,0.5308811932002427,0.0144746529341207,0.1011438233576284,10.0,50,score,200,none,hemopi2_all,ngram
GaussianProcessRegressor,0.2531902690987641,0.4982881443459259,0.7058952785972761,0.5306500257681817,-0.02220288798465,0.0951124065376538,10.0,50,score,350,none,hemopi2_all,ngram
GaussianProcessRegressor,0.2528615751324513,0.5428421606810775,0.736778230325162,0.5503016301622834,-0.1136023015285729,0.0715933137461423,20.0,50,score,50,none,hemopi2_all,ngram
GaussianProcessRegressor,0.2773728173445959,0.4883188361075489,0.6987981368804219,0.5247413498572102,-0.0017515571871757,0.164277405856567,5.0,50,score,500,none,hemopi2_all,ngram
GaussianProcessRegressor,0.2143691978042104,0.5126689193535456,0.716009021838095,0.5300225059969015,-0.0517040308696414,0.0302343822577245,20.0,50,score,75,none,hemopi2_all,ngram
GaussianProcessRegressor,0.4149359880626065,0.4018517027479885,0.6339177413103285,0.4974857497032878,0.0459610957170864,0.1008473417693681,30.0,51,score,100,none,hemopi2_all,ngram
GaussianProcessRegressor,0.2926831194604645,0.4215796384410644,0.6492916435940512,0.4842752149068183,-0.0008751327315688,,0.0,51,score,20,none,hemopi2_all,ngram
GaussianProcessRegressor,0.3749903757687635,0.3904925810367827,0.6248940558500958,0.4787788097527551,0.0729288650630117,0.1278556724714315,30.0,51,score,200,none,hemopi2_all,ngram
GaussianProcessRegressor,0.3547861795260286,0.3950900329331241,0.6285618767735791,0.4732272234234608,0.0620140227475876,0.1736280009116815,30.0,51,score,350,none,hemopi2_all,ngram
GaussianProcessRegressor,0.4360327431585952,0.4278942681483353,0.6541362764350677,0.4983668303854751,-0.015866738753592,-0.0055360870131939,0.0,51,score,50,none,hemopi2_all,ngram
GaussianProcessRegressor,0.3460945107054017,0.3742782619762527,0.6117828552487008,0.4612077479205527,0.1114233919853042,0.2180835348388331,30.0,51,score,500,none,hemopi2_all,ngram
GaussianProcessRegressor,0.3591353946904669,0.4208225435623273,0.6487083655714078,0.4846573834794584,0.0009222914515547,0.0613588698592665,0.0,51,score,75,none,hemopi2_all,ngram
GaussianProcessRegressor,0.2067056981137711,0.4444354380918107,0.6666599118679709,0.5016588848210692,0.0796880762072659,0.3035320218236088,5.0,42,score,100,none,hemopi2_all,physchem
GaussianProcessRegressor,0.1673275197163978,0.4817105136840844,0.6940536821342312,0.5447009704276111,0.0025009448769366,0.071722499088412,10.0,42,score,20,none,hemopi2_all,physchem
GaussianProcessRegressor,0.2473417111777783,0.4220288634565195,0.6496374861848102,0.4861102003360308,0.1260863515040042,0.437721324890697,10.0,42,score,200,none,hemopi2_all,physchem
GaussianProcessRegressor,0.2842685867377525,0.408833683827252,0.6394010352097126,0.4783438251996666,0.1534101877883943,0.4929424653254644,15.0,42,score,350,none,hemopi2_all,physchem
GaussianProcessRegressor,0.2586691981457344,0.4850526020831278,0.6964571789299955,0.5477229356145361,-0.0044196639233309,0.1319220787953136,15.0,42,score,50,none,hemopi2_all,physchem
GaussianProcessRegressor,0.2550138915692699,0.3888024800779788,0.623540279435081,0.467888748837185,0.1948896785723171,0.5272385022923994,15.0,42,score,500,none,hemopi2_all,physchem
GaussianProcessRegressor,0.2503639524348636,0.4470891120271431,0.6686472253940363,0.511596040386109,0.0741929973831513,0.3088971920265774,5.0,42,score,75,none,hemopi2_all,physchem
GaussianProcessRegressor,0.2876942085263693,0.3952760560607439,0.6287098345506804,0.4865073627680461,0.0163447059426805,0.1831178114293212,30.0,43,score,100,none,hemopi2_all,physchem
GaussianProcessRegressor,0.2686413855856823,0.4191969472768948,0.6474542047719629,0.4867951085952741,-0.0431830871592626,-0.0486231708902243,15.0,43,score,20,none,hemopi2_all,physchem
GaussianProcessRegressor,0.3005958403633625,0.3549005895955218,0.5957353351913262,0.4590409996279105,0.1168201603234696,0.3290173724423012,10.0,43,score,200,none,hemopi2_all,physchem
GaussianProcessRegressor,0.2845813706899909,0.3054700120203694,0.552693415937235,0.4267053496710372,0.2398295067652325,0.4310791378969779,30.0,43,score,350,none,hemopi2_all,physchem
GaussianProcessRegressor,0.2669581694190436,0.4189598900360179,0.6472711101509304,0.5181680644483266,-0.0425931637211796,0.1875034466881863,5.0,43,score,50,none,hemopi2_all,physchem
GaussianProcessRegressor,0.2632577299737412,0.2971487014057112,0.5451134757146545,0.4143456598165437,0.2605373161913262,0.482721326010956,25.0,43,score,500,none,hemopi2_all,physchem
GaussianProcessRegressor,0.2390322751185132,0.4093219879661759,0.6397827662309887,0.5089291056202497,-0.0186089803909625,0.2838343204169103,10.0,43,score,75,none,hemopi2_all,physchem
GaussianProcessRegressor,0.2477336785056402,0.4960721899164908,0.7043239239983907,0.5386802696530678,0.0238533885534391,0.268148705648785,0.0,44,score,100,none,hemopi2_all,physchem
GaussianProcessRegressor,0.202120086001638,0.5043658127922405,0.7101871674370359,0.5689968194180939,0.0075336027816512,0.1480926848843323,0.0,44,score,20,none,hemopi2_all,physchem
GaussianProcessRegressor,0.2501649281902461,0.4735871840500851,0.6881767099009419,0.5362842948556559,0.0680982842178035,0.2999441455750805,20.0,44,score,200,none,hemopi2_all,physchem
GaussianProcessRegressor,0.2500823352375504,0.5397987054371816,0.7347099464667547,0.5540029321180758,-0.0621895117008022,0.2697150617808866,0.0,44,score,350,none,hemopi2_all,physchem
GaussianProcessRegressor,0.2905059667084413,0.4858923539786711,0.6970597922550626,0.549438952057487,0.0438847722064057,0.2337490219756672,0.0,44,score,50,none,hemopi2_all,physchem
GaussianProcessRegressor,0.2734783935527367,0.4756316951808575,0.6896605651919337,0.5293976001256976,0.0640751951333212,0.3621841462991347,0.0,44,score,500,none,hemopi2_all,physchem
GaussianProcessRegressor,0.2797824328586185,0.485708513502376,0.6969279112665643,0.5481558821077782,0.0442465245110701,0.2591457510081575,0.0,44,score,75,none,hemopi2_all,physchem
GaussianProcessRegressor,0.2787838091435492,0.4424278035811347,0.6651524664173882,0.5195078938127755,0.0404192959189874,0.2464215456828671,15.0,45,score,100,none,hemopi2_all,physchem
GaussianProcessRegressor,0.3327287490334932,0.4523885529563827,0.6725983593173438,0.5142710928721177,0.0188154481921749,0.1909130751673364,0.0,45,score,20,none,hemopi2_all,physchem
GaussianProcessRegressor,0.321491538369946,0.3968928691551483,0.6299943405739041,0.4901320622022631,0.1391799164837343,0.3631053098611614,20.0,45,score,200,none,hemopi2_all,physchem
GaussianProcessRegressor,0.2677153239197257,0.3736314735964188,0.6112540172435833,0.47800078873828,0.1896315068844247,0.4405279441042919,25.0,45,score,350,none,hemopi2_all,physchem
GaussianProcessRegressor,0.2080402906547191,0.4958699879548485,0.7041803660674221,0.5516184077571304,-0.07549134191585,0.0135277093215274,0.0,45,score,50,none,hemopi2_all,physchem
GaussianProcessRegressor,0.2600878622829426,0.3688161250502368,0.6073023341386371,0.4745051127276972,0.2000755059074055,0.4645420389043402,25.0,45,score,500,none,hemopi2_all,physchem
GaussianProcessRegressor,0.2910808607694129,0.4953714565686793,0.703826297156251,0.5511063181319704,-0.0744100782731167,0.0936051844415695,15.0,45,score,75,none,hemopi2_all,physchem
GaussianProcessRegressor,0.3200161864368359,0.4756348942255824,0.6896628844773238,0.5072354511950836,0.0031414878887221,0.2241398121832779,0.0,46,score,100,none,hemopi2_all,physchem
GaussianProcessRegressor,0.1500000222898896,0.5413744655997219,0.7357815338806227,0.5348725016884296,-0.1346386710156351,0.0101652961133729,0.0,46,score,20,none,hemopi2_all,physchem
GaussianProcessRegressor,0.3660733324551304,0.4520474102692242,0.6723447108955526,0.4910928364637319,0.0525772724508868,0.3193620043300961,5.0,46,score,200,none,hemopi2_all,physchem
GaussianProcessRegressor,0.286636916219287,0.4210438251509136,0.6488788986790321,0.4769672201322739,0.1175560788975315,0.415226495748411,5.0,46,score,350,none,hemopi2_all,physchem
GaussianProcessRegressor,0.2771385108025437,0.5171495625357604,0.7191311163729187,0.5332434945912494,-0.0838669527974014,0.0749476287882235,0.0,46,score,50,none,hemopi2_all,physchem
GaussianProcessRegressor,0.2634757343180648,0.426320508145796,0.6529322385560358,0.4760196553496328,0.1064969526159628,0.4218964575076696,5.0,46,score,500,none,hemopi2_all,physchem
GaussianProcessRegressor,0.3293630810282023,0.6149299356453648,0.7841746843945964,0.6118687306253684,-0.2887997666743762,0.1600338529661398,0.0,46,score,75,none,hemopi2_all,physchem
GaussianProcessRegressor,0.2577970008337261,0.4059397983200402,0.6371340505105971,0.4551302734018618,0.0623279569052426,0.3444368541768293,5.0,47,score,100,none,hemopi2_all,physchem
GaussianProcessRegressor,0.2005886580291832,0.4368112552749705,0.6609169806223552,0.4764909627952115,-0.0089813905301119,0.0422484803736049,10.0,47,score,20,none,hemopi2_all,physchem
GaussianProcessRegressor,0.2680900642654497,0.3935016872052675,0.6272971283253794,0.4352865509106657,0.0910584955454414,0.4407377469134693,5.0,47,score,200,none,hemopi2_all,physchem
GaussianProcessRegressor,0.2655039145711434,0.3589753959791602,0.5991455549189698,0.4232316114118352,0.1708100699622591,0.46715526134689,25.0,47,score,350,none,hemopi2_all,physchem
GaussianProcessRegressor,0.2313941934194907,0.4169086874176181,0.6456846656206249,0.4839639631894505,0.0369911441729838,0.2813016798045146,25.0,47,score,50,none,hemopi2_all,physchem
GaussianProcessRegressor,0.2914567285886195,0.3568145341115738,0.5973395467500656,0.428175858283899,0.175801400624122,0.4892586164265675,40.0,47,score,500,none,hemopi2_all,physchem
GaussianProcessRegressor,0.2412041372352327,0.4103228324876268,0.640564463959426,0.4643283622791041,0.052203675866814,0.3215036129384889,5.0,47,score,75,none,hemopi2_all,physchem
GaussianProcessRegressor,0.3688651300351889,0.4585978827381062,0.677198554884833,0.5543749279239206,-5.1913197372410735e-05,0.1927882426927212,0.0,48,score,100,none,hemopi2_all,physchem
GaussianProcessRegressor,0.2707269516156333,0.4865470379130575,0.6975292380345482,0.5605610175060012,-0.060999874705782,-0.0131244721060362,0.0,48,score,20,none,hemopi2_all,physchem
GaussianProcessRegressor,0.3089488095142388,0.4482236278494335,0.6694950543875836,0.5081310868520356,0.0225709419005852,0.2378899831625211,0.0,48,score,200,none,hemopi2_all,physchem
GaussianProcessRegressor,0.3282665220969735,0.4371383334130834,0.6611643769994595,0.5074210516291368,0.0467443415753475,0.3338515283872473,0.0,48,score,350,none,hemopi2_all,physchem
GaussianProcessRegressor,0.297768597818531,0.5018142942226609,0.7083885192623189,0.5789008177060391,-0.0942927647438567,0.0458188401359669,0.0,48,score,50,none,hemopi2_all,physchem
GaussianProcessRegressor,0.3287412889323907,0.4142138551856157,0.6435944803877794,0.4886287514898284,0.0967351269090052,0.3872751201770157,5.0,48,score,500,none,hemopi2_all,physchem
GaussianProcessRegressor,0.4332808230532426,0.4718334857841085,0.6869013653968876,0.5612592351954788,-0.0289144322945975,0.0741636116367995,0.0,48,score,75,none,hemopi2_all,physchem
GaussianProcessRegressor,0.4418481591221317,0.3736413082188587,0.6112620618187086,0.4921940660780676,0.2213269682878768,0.4915883840430247,40.0,49,score,100,none,hemopi2_all,physchem
GaussianProcessRegressor,0.7524866950754385,0.5114698657636713,0.715171214300234,0.5936160018054922,-0.0659094223337506,0.2496424515979959,10.0,49,score,20,none,hemopi2_all,physchem
GaussianProcessRegressor,0.3900675320378514,0.3709282161274166,0.6090387640597409,0.4742690102921431,0.2269810852114797,0.575713447146375,20.0,49,score,200,none,hemopi2_all,physchem
GaussianProcessRegressor,0.3824979161360861,0.3679461046312721,0.6065856119553711,0.4760187095456059,0.2331958418471308,0.5860645003825324,15.0,49,score,350,none,hemopi2_all,physchem
GaussianProcessRegressor,0.4519223279068197,0.4387431911294158,0.662376925269454,0.5365689419887799,0.0856538523313351,0.4029951373784375,5.0,49,score,50,none,hemopi2_all,physchem
GaussianProcessRegressor,0.3552052049588181,0.3639150779205785,0.6032537425665742,0.4597436200422397,0.2415965505500608,0.5611098264243528,15.0,49,score,500,none,hemopi2_all,physchem
GaussianProcessRegressor,0.5549886242692218,0.4381502595911727,0.661929195300504,0.5381457499365541,0.0868895288701053,0.3029001309297001,30.0,49,score,75,none,hemopi2_all,physchem
GaussianProcessRegressor,0.2578013864650377,0.4461601767505893,0.6679522263984073,0.4979179479035343,0.084733950921417,0.2725611849773076,25.0,50,score,100,none,hemopi2_all,physchem
GaussianProcessRegressor,0.2371221454503725,0.558855257079927,0.7475662225381288,0.5394554427149035,-0.1464520363059611,0.0118589783220769,5.0,50,score,20,none,hemopi2_all,physchem
GaussianProcessRegressor,0.2413741448162546,0.4381433119612433,0.6619239472637648,0.4895561327934257,0.1011799820647203,0.364474178902397,10.0,50,score,200,none,hemopi2_all,physchem
GaussianProcessRegressor,0.2366144427551629,0.4042764886786688,0.635827404787391,0.4610522123190215,0.1706553748853854,0.5127689008293581,10.0,50,score,350,none,hemopi2_all,physchem
GaussianProcessRegressor,0.2715443565390853,0.4902429027439479,0.7001734804631977,0.5192094435869951,-0.0056986438171089,0.1891965166009545,25.0,50,score,50,none,hemopi2_all,physchem
GaussianProcessRegressor,0.2546775310444667,0.431063459245786,0.6565542317629108,0.4827937672521559,0.1157037992061978,0.4660674775370764,10.0,50,score,500,none,hemopi2_all,physchem
GaussianProcessRegressor,0.2105186169038776,0.4941015397505046,0.702923566079915,0.51851915140777,-0.0136143647439315,0.1801008755378105,20.0,50,score,75,none,hemopi2_all,physchem
GaussianProcessRegressor,0.3222333975953292,0.4564564690747714,0.6756156222844254,0.5106028848501661,-0.0836764573374011,0.1982192426922386,40.0,51,score,100,none,hemopi2_all,physchem
GaussianProcessRegressor,0.2534452590714769,0.4181155698015656,0.6466185659270585,0.4776178330239888,0.0073489365621247,0.1098056551293095,0.0,51,score,20,none,hemopi2_all,physchem
GaussianProcessRegressor,0.2591972600175332,0.4016499667433563,0.6337586028949479,0.4693652372417097,0.0464400385596764,0.2859876462077359,40.0,51,score,200,none,hemopi2_all,physchem
GaussianProcessRegressor,0.2885319132030389,0.3492196501651226,0.5909480943070403,0.4408412192686256,0.1709152154407197,0.3289338880441653,35.0,51,score,350,none,hemopi2_all,physchem
GaussianProcessRegressor,0.390801101725314,0.4657912048999972,0.6824889778597141,0.5095738380069734,-0.1058381181629466,0.0832725076050403,0.0,51,score,50,none,hemopi2_all,physchem
GaussianProcessRegressor,0.2792537549943189,0.3475635593194267,0.5895452139738111,0.4360539679524913,0.174846952161048,0.3604614761112363,15.0,51,score,500,none,hemopi2_all,physchem
GaussianProcessRegressor,0.3180730803084434,0.4744695853549461,0.688817526892969,0.5034387971209257,-0.1264415211685126,0.1143814741474613,0.0,51,score,75,none,hemopi2_all,physchem
GaussianProcessRegressor,0.5204414173992931,0.394602928661932,0.6281742820761862,0.4851948098922592,0.0989622679495071,0.3483691126593706,5.0,42,score,100,facebook/esm2_t33_650M_UR50D,EC_all_40,esm
GaussianProcessRegressor,0.424053378686083,0.5692282553722438,0.7544721700448889,0.6081926277399011,-0.2997778247081348,0.0715663589019417,0.0,42,score,20,facebook/esm2_t33_650M_UR50D,EC_all_40,esm
GaussianProcessRegressor,0.4362499777083802,0.369245330156121,0.6076556016002165,0.4694949914458376,0.1568638986479898,0.4125565491086876,20.0,42,score,200,facebook/esm2_t33_650M_UR50D,EC_all_40,esm
GaussianProcessRegressor,0.3814938277079563,0.3851290210911455,0.6205876417486458,0.4892144132916706,0.1205950222227293,0.3820418018372489,20.0,42,score,350,facebook/esm2_t33_650M_UR50D,EC_all_40,esm
GaussianProcessRegressor,0.5146918318378877,0.4678647167691029,0.6840063718775601,0.5364700422713702,-0.0683239598184657,0.251333297099351,10.0,42,score,50,facebook/esm2_t33_650M_UR50D,EC_all_40,esm
GaussianProcessRegressor,0.3075626656592819,0.4270112522699022,0.6534609799137988,0.5094018430173366,0.0249609864529336,0.3471513567696763,30.0,42,score,500,facebook/esm2_t33_650M_UR50D,EC_all_40,esm
GaussianProcessRegressor,0.6480618281732452,0.4404325032154642,0.6636508895612694,0.5161642824074306,-0.0056851457343674,0.2657334814510084,5.0,42,score,75,facebook/esm2_t33_650M_UR50D,EC_all_40,esm
GaussianProcessRegressor,0.3945706830184226,0.3933454178996438,0.6271725583120197,0.506568944682489,0.1667309371789377,0.4620588821755919,35.0,43,score,100,facebook/esm2_t33_650M_UR50D,EC_all_40,esm
GaussianProcessRegressor,0.3357912455579224,0.5041859413069307,0.7100605194678343,0.580635377921159,-0.068075354846435,0.2385123853211171,0.0,43,score,20,facebook/esm2_t33_650M_UR50D,EC_all_40,esm
GaussianProcessRegressor,0.4041682537218944,0.4158040542356873,0.6448287014670542,0.5181221959517216,0.119154211989403,0.3792942855559327,35.0,43,score,200,facebook/esm2_t33_650M_UR50D,EC_all_40,esm
GaussianProcessRegressor,0.3714285557664432,0.3933878962596021,0.6272064223679491,0.5018552424176547,0.1666409503592573,0.4387363401779542,30.0,43,score,350,facebook/esm2_t33_650M_UR50D,EC_all_40,esm
GaussianProcessRegressor,0.4005761813748326,0.4741763375320535,0.6886046307802857,0.5637157685534059,-0.004502542566966,0.0810528404974552,0.0,43,score,50,facebook/esm2_t33_650M_UR50D,EC_all_40,esm
GaussianProcessRegressor,0.3657864176541153,0.3703513650097824,0.6085650047528056,0.4866951648187543,0.215441897139532,0.4856722043858008,25.0,43,score,500,facebook/esm2_t33_650M_UR50D,EC_all_40,esm
GaussianProcessRegressor,0.4148303979734328,0.4076040299131175,0.6384387440570297,0.5178359000720691,0.1365252712961646,0.4383915819374835,35.0,43,score,75,facebook/esm2_t33_650M_UR50D,EC_all_40,esm
GaussianProcessRegressor,0.695080934434847,0.406189218431158,0.6373297564300274,0.518792363692502,0.1410144680654965,0.3526499246708913,10.0,44,score,100,facebook/esm2_t33_650M_UR50D,EC_all_40,esm
GaussianProcessRegressor,0.7560323320602158,0.6678201836720772,0.8172026576511344,0.6435825182632313,-0.4122676075051468,0.161105714410092,20.0,44,score,20,facebook/esm2_t33_650M_UR50D,EC_all_40,esm
GaussianProcessRegressor,0.4891689410887546,0.3877543881014257,0.6226992758157228,0.4915839239454703,0.1799993840070585,0.4024474039784703,15.0,44,score,200,facebook/esm2_t33_650M_UR50D,EC_all_40,esm
GaussianProcessRegressor,0.392982433242551,0.3683750430819025,0.6069390769112684,0.4824766275616124,0.220981705139146,0.4458794326191285,15.0,44,score,350,facebook/esm2_t33_650M_UR50D,EC_all_40,esm
GaussianProcessRegressor,0.7471943118655241,0.7230213706042287,0.8503066332825051,0.6620621561382436,-0.5290038938681154,0.2135503055392799,10.0,44,score,50,facebook/esm2_t33_650M_UR50D,EC_all_40,esm
GaussianProcessRegressor,0.39532101743907,0.3676314165465376,0.6063261635015741,0.4832879157627233,0.222554283647035,0.4554185548467452,15.0,44,score,500,facebook/esm2_t33_650M_UR50D,EC_all_40,esm
GaussianProcessRegressor,0.6493388067193975,0.7165790780623827,0.8465099397304102,0.6683572696800195,-0.5153801051636571,0.2599020197969789,20.0,44,score,75,facebook/esm2_t33_650M_UR50D,EC_all_40,esm
GaussianProcessRegressor,0.517211587415206,0.523041517754285,0.723216093401056,0.5653422432897803,0.0670692889181837,0.3705187325444852,0.0,45,score,100,facebook/esm2_t33_650M_UR50D,EC_all_40,esm
GaussianProcessRegressor,0.6983622209876542,0.7668775339999695,0.8757154412250417,0.7033683999999867,-0.3678524148122466,0.1987479573274853,0.0,45,score,20,facebook/esm2_t33_650M_UR50D,EC_all_40,esm
GaussianProcessRegressor,0.411369383168269,0.5352741489120767,0.7316243222529419,0.5755641057918904,0.0452503760841905,0.3566333711167677,0.0,45,score,200,facebook/esm2_t33_650M_UR50D,EC_all_40,esm
GaussianProcessRegressor,0.4414503930232456,0.4084843766067118,0.6391278249354442,0.5160577519067261,0.2714008219276012,0.4079679710263325,85.0,45,score,350,facebook/esm2_t33_650M_UR50D,EC_all_40,esm
GaussianProcessRegressor,0.5034948410864198,0.7509051971246439,0.8665478619930026,0.6954364027053798,-0.3393631207640137,-0.068404586491179,0.0,45,score,50,facebook/esm2_t33_650M_UR50D,EC_all_40,esm
GaussianProcessRegressor,0.4111360257694921,0.3812443467839765,0.617449873903928,0.4999005277279162,0.3199879025508125,0.4664350184639864,80.0,45,score,500,facebook/esm2_t33_650M_UR50D,EC_all_40,esm
GaussianProcessRegressor,0.4785450323250825,0.5864390280641738,0.7657930713085447,0.5948924045643981,-0.0460106146201941,0.2949319097703874,0.0,45,score,75,facebook/esm2_t33_650M_UR50D,EC_all_40,esm
GaussianProcessRegressor,0.5471161254085988,0.4607908687620721,0.6788157841138287,0.5029871935849994,-0.0024956711895205,0.3034379862780068,5.0,46,score,100,facebook/esm2_t33_650M_UR50D,EC_all_40,esm
GaussianProcessRegressor,0.771203811111111,0.7170680660000003,0.84679871634291,0.6616300000000002,-0.5600518170954067,,10.0,46,score,20,facebook/esm2_t33_650M_UR50D,EC_all_40,esm
GaussianProcessRegressor,0.482381955135216,0.4691576348818096,0.6849508266159037,0.513609596946514,-0.0206983904392001,0.3215985131125785,30.0,46,score,200,facebook/esm2_t33_650M_UR50D,EC_all_40,esm
GaussianProcessRegressor,0.4292067444227607,0.4488229034927538,0.6699424628225575,0.5109035375659329,0.0235418095610651,0.3450774772047124,40.0,46,score,350,facebook/esm2_t33_650M_UR50D,EC_all_40,esm
GaussianProcessRegressor,0.5013378038446122,0.5779688409172838,0.7602426197716646,0.5873989074269553,-0.2574278276360091,0.1758889867228528,10.0,46,score,50,facebook/esm2_t33_650M_UR50D,EC_all_40,esm
GaussianProcessRegressor,0.383824688823878,0.4456897790990987,0.6676000143042978,0.5066937565391428,0.030358228580773,0.3919999187280318,40.0,46,score,500,facebook/esm2_t33_650M_UR50D,EC_all_40,esm
GaussianProcessRegressor,0.538418587153943,0.4962637096343849,0.704459870847435,0.531455472965775,-0.0796703112053369,0.2638879826014327,10.0,46,score,75,facebook/esm2_t33_650M_UR50D,EC_all_40,esm
GaussianProcessRegressor,0.4138567770285195,0.478671568640403,0.691860946029188,0.5536767485461133,0.1451772675918239,0.3977864949005024,45.0,47,score,100,facebook/esm2_t33_650M_UR50D,EC_all_40,esm
GaussianProcessRegressor,0.568905278233673,0.8619515461183057,0.9284134564504684,0.7446046244982497,-0.5392929602004986,0.2242364354810624,15.0,47,score,20,facebook/esm2_t33_650M_UR50D,EC_all_40,esm
GaussianProcessRegressor,0.4043020141299597,0.4629429787566085,0.680399131948747,0.5436124138112205,0.1732657463364083,0.3927232845640045,35.0,47,score,200,facebook/esm2_t33_650M_UR50D,EC_all_40,esm
GaussianProcessRegressor,0.370706760173384,0.4259563960348669,0.6526533505888612,0.5236443558576296,0.2393172392095773,0.4337237133162818,50.0,47,score,350,facebook/esm2_t33_650M_UR50D,EC_all_40,esm
GaussianProcessRegressor,0.4117230887020269,0.5163801916131727,0.7185959863603281,0.5854289865783917,0.0778363385776164,0.3364206449783983,10.0,47,score,50,facebook/esm2_t33_650M_UR50D,EC_all_40,esm
GaussianProcessRegressor,0.3618534944845463,0.4014050574417354,0.6335653537258294,0.5082476190173045,0.2831615861802353,0.489416913744614,40.0,47,score,500,facebook/esm2_t33_650M_UR50D,EC_all_40,esm
GaussianProcessRegressor,0.4655585979032426,0.5062314779499489,0.7114994574488086,0.5738676178820729,0.0959601456143832,0.2790022932308034,45.0,47,score,75,facebook/esm2_t33_650M_UR50D,EC_all_40,esm
GaussianProcessRegressor,0.4093541613389393,0.4609463536089859,0.6789303009948708,0.5636176982639045,0.3233122836430823,0.4747569302423913,85.0,48,score,100,facebook/esm2_t33_650M_UR50D,EC_all_40,esm
GaussianProcessRegressor,0.723495493209371,0.5667305121471808,0.7528150583956068,0.6117244036212398,0.1680169003354794,0.1690385344224173,85.0,48,score,20,facebook/esm2_t33_650M_UR50D,EC_all_40,esm
GaussianProcessRegressor,0.3651422750546226,0.4300385941838716,0.6557732795592327,0.5416438557290354,0.3686861128953067,0.5201239535868165,85.0,48,score,200,facebook/esm2_t33_650M_UR50D,EC_all_40,esm
GaussianProcessRegressor,0.4307497799372714,0.400301263035514,0.6326936565475538,0.5110964611475687,0.4123417065403787,0.5781570565859183,85.0,48,score,350,facebook/esm2_t33_650M_UR50D,EC_all_40,esm
GaussianProcessRegressor,0.4562745885528481,0.4831388824338227,0.6950819249799427,0.5718843379617863,0.2907327621150675,0.3845948074132503,85.0,48,score,50,facebook/esm2_t33_650M_UR50D,EC_all_40,esm
GaussianProcessRegressor,0.4001227380703636,0.3905329507945123,0.6249263562968939,0.5031639252873888,0.4266819803081848,0.5765318112034098,80.0,48,score,500,facebook/esm2_t33_650M_UR50D,EC_all_40,esm
GaussianProcessRegressor,0.4343200397054697,0.4404055127577126,0.6636305544184299,0.5453926705468595,0.3534670610458555,0.5206148120778815,85.0,48,score,75,facebook/esm2_t33_650M_UR50D,EC_all_40,esm
GaussianProcessRegressor,0.4960253080174259,0.5385276934558135,0.7338444613511869,0.5960602375581078,0.2426019068719906,0.4494423315597778,65.0,49,score,100,facebook/esm2_t33_650M_UR50D,EC_all_40,esm
GaussianProcessRegressor,0.2953438640478342,0.6457016186973591,0.8035556102083782,0.6407140932247437,0.0918699619833463,0.2639295301529791,55.00000000000001,49,score,20,facebook/esm2_t33_650M_UR50D,EC_all_40,esm
GaussianProcessRegressor,0.3674439736126728,0.5306409501821343,0.7284510623110755,0.5873756802345219,0.2536940092634991,0.4484284755047776,65.0,49,score,200,facebook/esm2_t33_650M_UR50D,EC_all_40,esm
GaussianProcessRegressor,0.3748026436226653,0.5122959752839169,0.7157485419362842,0.5668910979486632,0.2794948161212268,0.4317746629366547,70.0,49,score,350,facebook/esm2_t33_650M_UR50D,EC_all_40,esm
GaussianProcessRegressor,0.6397377509783267,0.5649316435135456,0.7516193474848459,0.5930975598784107,0.2054667666223939,0.3246117009379377,60.0,49,score,50,facebook/esm2_t33_650M_UR50D,EC_all_40,esm
GaussianProcessRegressor,0.3592016857327363,0.4772078601139611,0.6908023307097054,0.5553856919686013,0.3288435717082244,0.4887745108347254,65.0,49,score,500,facebook/esm2_t33_650M_UR50D,EC_all_40,esm
GaussianProcessRegressor,0.5435321641794183,0.5554009071786021,0.7452522439943419,0.5844004186637786,0.2188710197627839,0.3864980718814307,65.0,49,score,75,facebook/esm2_t33_650M_UR50D,EC_all_40,esm
GaussianProcessRegressor,0.4704103416608639,0.4647293937474547,0.6817106378423728,0.5421077274267917,-0.0792005766328796,0.139898544351942,15.0,50,score,100,facebook/esm2_t33_650M_UR50D,EC_all_40,esm
GaussianProcessRegressor,0.7426449987654283,0.4456459984866519,0.6675672239457626,0.5447218936874626,-0.0348848706614959,0.0730506287301241,5.0,50,score,20,facebook/esm2_t33_650M_UR50D,EC_all_40,esm
GaussianProcessRegressor,0.4998791386145272,0.4210001356046122,0.6488452323972275,0.5242394678547858,0.022348069177825,0.2360643827532563,20.0,50,score,200,facebook/esm2_t33_650M_UR50D,EC_all_40,esm
GaussianProcessRegressor,0.3993259019780902,0.4114970025560557,0.6414803212539382,0.5109631135424301,0.0444163669954456,0.2516046587798384,20.0,50,score,350,facebook/esm2_t33_650M_UR50D,EC_all_40,esm
GaussianProcessRegressor,0.6125095049891941,0.4216156448240249,0.6493193704364786,0.5181356552355441,0.0209187257503378,0.1637213625099366,15.0,50,score,50,facebook/esm2_t33_650M_UR50D,EC_all_40,esm
GaussianProcessRegressor,0.3660870735635251,0.3967736815615793,0.6298997392931508,0.501408082650055,0.0786070524157541,0.3074096758569568,20.0,50,score,500,facebook/esm2_t33_650M_UR50D,EC_all_40,esm
GaussianProcessRegressor,0.5129149193635986,0.4532098589689511,0.6732086296007732,0.5379755859834761,-0.0524497647781434,0.1320436818794441,15.0,50,score,75,facebook/esm2_t33_650M_UR50D,EC_all_40,esm
GaussianProcessRegressor,0.5622543474559127,0.4461381671380018,0.6679357507560153,0.546942226841074,0.0288388563173457,0.3799942378614203,30.0,51,score,100,facebook/esm2_t33_650M_UR50D,EC_all_40,esm
GaussianProcessRegressor,0.6047126989399247,0.5069818751660466,0.7120265972321868,0.5825720002779312,-0.1036067612667062,-0.0862454556259353,0.0,51,score,20,facebook/esm2_t33_650M_UR50D,EC_all_40,esm
GaussianProcessRegressor,0.5013037701903055,0.4306330945975866,0.6562264049835137,0.5345556644642994,0.0625905617090396,0.3176131927479042,30.0,51,score,200,facebook/esm2_t33_650M_UR50D,EC_all_40,esm
GaussianProcessRegressor,0.4063180271724409,0.3895932639098067,0.624174065393466,0.5093992725633761,0.1519267625612708,0.3610374468777059,35.0,51,score,350,facebook/esm2_t33_650M_UR50D,EC_all_40,esm
GaussianProcessRegressor,0.6350148740855085,0.4742261353572913,0.6886407883340133,0.566113757701956,-0.0323035102157771,0.2271361174886522,10.0,51,score,50,facebook/esm2_t33_650M_UR50D,EC_all_40,esm
GaussianProcessRegressor,0.3686440102756739,0.366786832393764,0.6056292862748333,0.4976641388563824,0.2015721902468806,0.4040099727210923,30.0,51,score,500,facebook/esm2_t33_650M_UR50D,EC_all_40,esm
GaussianProcessRegressor,0.5326392663754486,0.5203286679324045,0.7213381093027073,0.5940016204520161,-0.1326602865694672,0.2861682849380181,20.0,51,score,75,facebook/esm2_t33_650M_UR50D,EC_all_40,esm
GaussianProcessRegressor,0.4088187615340163,0.4791549367579907,0.6922101825009443,0.5754756456013609,0.1023626325228804,0.2433028166456096,65.0,42,score,100,facebook/esm2_t33_650M_UR50D,PA_all_40,esm
GaussianProcessRegressor,0.5642905253086419,0.5974206839999999,0.7729299347288859,0.6217279999999998,-0.1191935821230938,,0.0,42,score,20,facebook/esm2_t33_650M_UR50D,PA_all_40,esm
GaussianProcessRegressor,0.3604753919931816,0.5108216353407035,0.714717871149661,0.5891299432809083,0.0430389988255935,0.2607558157917172,45.0,42,score,200,facebook/esm2_t33_650M_UR50D,PA_all_40,esm
GaussianProcessRegressor,0.379833918288313,0.4320656459461067,0.6573170056723824,0.5407832918872744,0.1905785806392473,0.3782626632216684,55.00000000000001,42,score,350,facebook/esm2_t33_650M_UR50D,PA_all_40,esm
GaussianProcessRegressor,0.5575818053329715,0.6839829180004293,0.827032597906775,0.666390000000287,-0.2813571953727449,0.1151677261391608,5.0,42,score,50,facebook/esm2_t33_650M_UR50D,PA_all_40,esm
GaussianProcessRegressor,0.3348927433702857,0.4205795874550538,0.6485210771093364,0.5324449552753233,0.2120962871588914,0.4168891457828201,30.0,42,score,500,facebook/esm2_t33_650M_UR50D,PA_all_40,esm
GaussianProcessRegressor,0.5725139834074715,0.4825081904326073,0.6946280950498671,0.578328807592478,0.0960807275062446,0.2359245604522804,65.0,42,score,75,facebook/esm2_t33_650M_UR50D,PA_all_40,esm
GaussianProcessRegressor,0.4426052602256393,0.554257362465203,0.7444846287635514,0.6091057628548912,0.1283425941002753,0.2364799496432575,70.0,43,score,100,facebook/esm2_t33_650M_UR50D,PA_all_40,esm
GaussianProcessRegressor,0.6015799119674035,0.9153680220813868,0.9567486723698062,0.7591859658490759,-0.4395610588233114,0.1553359258200046,65.0,43,score,20,facebook/esm2_t33_650M_UR50D,PA_all_40,esm
GaussianProcessRegressor,0.3693929787629172,0.5592262487649549,0.747814314362165,0.614455615412438,0.1205282341376245,0.2129453951051934,70.0,43,score,200,facebook/esm2_t33_650M_UR50D,PA_all_40,esm
GaussianProcessRegressor,0.2916233399513948,0.6039978044622791,0.7771729565947847,0.6330950570146936,0.050117878335315,0.2416553359445282,15.0,43,score,350,facebook/esm2_t33_650M_UR50D,PA_all_40,esm
GaussianProcessRegressor,0.520056691838483,0.6235926025518433,0.7896787970762817,0.6392669295488734,0.019301957738589,0.2326336934770539,70.0,43,score,50,facebook/esm2_t33_650M_UR50D,PA_all_40,esm
GaussianProcessRegressor,0.3078787960254912,0.5630600570457718,0.7503732784726358,0.6076672683444683,0.1144989639698628,0.2683627937058843,30.0,43,score,500,facebook/esm2_t33_650M_UR50D,PA_all_40,esm
GaussianProcessRegressor,0.4987946880287727,0.6313762191976765,0.7945918569917996,0.6473239111014903,0.0070609889152821,0.1987496148870488,70.0,43,score,75,facebook/esm2_t33_650M_UR50D,PA_all_40,esm
GaussianProcessRegressor,0.391188979945703,0.6242271696290589,0.7900804830073066,0.6440912579285232,-0.2637124695816373,0.1648576695451721,0.0,44,score,100,facebook/esm2_t33_650M_UR50D,PA_all_40,esm
GaussianProcessRegressor,0.4260431141994397,0.6129051140691976,0.7828825672278044,0.6196469606096573,-0.2407916108167183,0.1222633900849242,0.0,44,score,20,facebook/esm2_t33_650M_UR50D,PA_all_40,esm
GaussianProcessRegressor,0.4915817529829318,0.4911490417850815,0.7008202635377216,0.5666152535647927,0.0056966458289402,0.2563479392152064,5.0,44,score,200,facebook/esm2_t33_650M_UR50D,PA_all_40,esm
GaussianProcessRegressor,0.4010471756621359,0.4477160928134985,0.6691159038712938,0.5382778696645121,0.0936241854756179,0.3213963739013025,20.0,44,score,350,facebook/esm2_t33_650M_UR50D,PA_all_40,esm
GaussianProcessRegressor,0.3742446919647447,0.6607410059477296,0.8128597701619447,0.6513397768409651,-0.3376326584378628,0.0684615811678683,0.0,44,score,50,facebook/esm2_t33_650M_UR50D,PA_all_40,esm
GaussianProcessRegressor,0.3819186713228995,0.435781466489473,0.6601374602985904,0.5277447821099243,0.117785158978951,0.3562250402772114,15.0,44,score,500,facebook/esm2_t33_650M_UR50D,PA_all_40,esm
GaussianProcessRegressor,0.4866173251959155,0.6139508878913992,0.7835501821143297,0.6332884309567761,-0.2429087205546098,0.1561500946973203,0.0,44,score,75,facebook/esm2_t33_650M_UR50D,PA_all_40,esm
GaussianProcessRegressor,0.8415960364937101,0.5528792139650484,0.7435584805279598,0.5908114214656073,0.1441059149927357,0.3514008505126464,25.0,45,score,100,facebook/esm2_t33_650M_UR50D,PA_all_40,esm
GaussianProcessRegressor,1.3058937209345527,0.6384760724400705,0.7990469776177559,0.6373004273886071,0.0115962401605638,0.1976024738088481,55.00000000000001,45,score,20,facebook/esm2_t33_650M_UR50D,PA_all_40,esm
GaussianProcessRegressor,0.7422154629104736,0.5502185388671258,0.7417671729506004,0.5875235555684721,0.1482248184004194,0.3437048112850993,30.0,45,score,200,facebook/esm2_t33_650M_UR50D,PA_all_40,esm
GaussianProcessRegressor,0.5952252374910635,0.520144680312754,0.7212105658632255,0.5776896786172783,0.194781167418198,0.4175522793254332,30.0,45,score,350,facebook/esm2_t33_650M_UR50D,PA_all_40,esm
GaussianProcessRegressor,1.1782961569633574,0.6281766411668006,0.7925759529324622,0.623546242906903,0.0275404501852289,0.3025126258340782,30.0,45,score,50,facebook/esm2_t33_650M_UR50D,PA_all_40,esm
GaussianProcessRegressor,0.4855363357189992,0.476348632999077,0.6901801453237242,0.5478409347980416,0.2625803844906708,0.5100900666044977,40.0,45,score,500,facebook/esm2_t33_650M_UR50D,PA_all_40,esm
GaussianProcessRegressor,0.9909089510337132,0.6459923078131441,0.8037364666438521,0.6433824799289494,-3.939604142000341e-05,0.1555646221619981,40.0,45,score,75,facebook/esm2_t33_650M_UR50D,PA_all_40,esm
GaussianProcessRegressor,0.5980584198777017,0.447077110972552,0.6686382512035577,0.547692941612711,0.0599479937228338,0.2862090849293227,20.0,46,score,100,facebook/esm2_t33_650M_UR50D,PA_all_40,esm
GaussianProcessRegressor,0.5077116540123457,0.5118565527,0.7154415089299754,0.5816038,-0.0762612701084808,,20.0,46,score,20,facebook/esm2_t33_650M_UR50D,PA_all_40,esm
GaussianProcessRegressor,0.4942566198532837,0.4544671598759155,0.6741417950816546,0.5502791293500315,0.0444092194765275,0.264786434281658,20.0,46,score,200,facebook/esm2_t33_650M_UR50D,PA_all_40,esm
GaussianProcessRegressor,0.403618417427468,0.438033226716445,0.6618407865313568,0.5227367243346989,0.0789642245493181,0.320740948216355,15.0,46,score,350,facebook/esm2_t33_650M_UR50D,PA_all_40,esm
GaussianProcessRegressor,0.6269200702169195,0.4880524323166421,0.6986074951763988,0.5765644846303731,-0.0262092531860296,0.1756701490134006,5.0,46,score,50,facebook/esm2_t33_650M_UR50D,PA_all_40,esm
GaussianProcessRegressor,0.4080685894639406,0.3925747062997313,0.6265578235883191,0.4951573410541888,0.1745481233249968,0.4250709213829967,25.0,46,score,500,facebook/esm2_t33_650M_UR50D,PA_all_40,esm
GaussianProcessRegressor,0.6678441884000429,0.4554687432953044,0.6748842443673615,0.5572321596401654,0.0423032281838793,0.2580389634998327,15.0,46,score,75,facebook/esm2_t33_650M_UR50D,PA_all_40,esm
GaussianProcessRegressor,0.4806451804135564,0.6070713628744877,0.7791478440414809,0.6318036006161524,-0.0561527995950135,0.222825069434067,50.0,47,score,100,facebook/esm2_t33_650M_UR50D,PA_all_40,esm
GaussianProcessRegressor,0.4454665925925926,0.5752468311964413,0.7584502826134626,0.6130615999958228,-0.0007860498468159,-0.0118105860896975,0.0,47,score,20,facebook/esm2_t33_650M_UR50D,PA_all_40,esm
GaussianProcessRegressor,0.4968668740816436,0.5256749071116635,0.72503441788074,0.5874196910058802,0.0854567374188287,0.3088002346880747,45.0,47,score,200,facebook/esm2_t33_650M_UR50D,PA_all_40,esm
GaussianProcessRegressor,0.3867261960229766,0.4865889413822531,0.6975592744579152,0.5580109949245647,0.1534565717950162,0.3501364432147337,45.0,47,score,350,facebook/esm2_t33_650M_UR50D,PA_all_40,esm
GaussianProcessRegressor,0.5515280093762615,0.6376398189999042,0.7985235243872932,0.6432023166018801,-0.109334291081099,0.2916748807607698,30.0,47,score,50,facebook/esm2_t33_650M_UR50D,PA_all_40,esm
GaussianProcessRegressor,0.3777919177571127,0.4798249402097495,0.692693972985004,0.5531977980421257,0.1652242472474995,0.3480817925444823,50.0,47,score,500,facebook/esm2_t33_650M_UR50D,PA_all_40,esm
GaussianProcessRegressor,0.5147763276818434,0.6465032843200001,0.8040542794612813,0.64708688,-0.12475451065398,,5.0,47,score,75,facebook/esm2_t33_650M_UR50D,PA_all_40,esm
GaussianProcessRegressor,0.4389348045801374,0.6216545391622034,0.7884507208203968,0.6396935894849414,-0.1501596274174907,0.1987610219184735,0.0,48,score,100,facebook/esm2_t33_650M_UR50D,PA_all_40,esm
GaussianProcessRegressor,0.7023779530864197,0.7260586564000001,0.8520907559644102,0.6971132,-0.3433238255666888,,0.0,48,score,20,facebook/esm2_t33_650M_UR50D,PA_all_40,esm
GaussianProcessRegressor,0.4421946073495034,0.4673492544012066,0.6836294715715573,0.5557451225620375,0.1353296558562062,0.4756294346773532,65.0,48,score,200,facebook/esm2_t33_650M_UR50D,PA_all_40,esm
GaussianProcessRegressor,0.3788129819074328,0.4145902314273788,0.6438868156961896,0.5169201231012908,0.2329422274434227,0.558191545706655,50.0,48,score,350,facebook/esm2_t33_650M_UR50D,PA_all_40,esm
GaussianProcessRegressor,0.4508048793966138,0.7382941461511983,0.8592404472271997,0.6953899677278721,-0.3659614248231411,0.3158402137597387,15.0,48,score,50,facebook/esm2_t33_650M_UR50D,PA_all_40,esm
GaussianProcessRegressor,0.4019314631267147,0.3845002083358262,0.6200808079079905,0.4944308108301358,0.2886135490018643,0.5708871980455226,50.0,48,score,500,facebook/esm2_t33_650M_UR50D,PA_all_40,esm
GaussianProcessRegressor,0.4279987814588897,0.6185840218592755,0.7865011264195847,0.6413677758007198,-0.1444786827534752,0.2122200935541475,0.0,48,score,75,facebook/esm2_t33_650M_UR50D,PA_all_40,esm
GaussianProcessRegressor,0.4194589255470379,0.8340900692888986,0.9132853164750316,0.7223885349610809,-0.3090822842335148,0.0274165531693155,0.0,49,score,100,facebook/esm2_t33_650M_UR50D,PA_all_40,esm
GaussianProcessRegressor,0.4030894302469135,0.7336448460000001,0.856530703477698,0.6703900000000002,-0.1514361652052915,,10.0,49,score,20,facebook/esm2_t33_650M_UR50D,PA_all_40,esm
GaussianProcessRegressor,0.3367184431665591,0.6995176219608802,0.8363717008369426,0.6751223995599539,-0.0978743904706183,0.1648664158314099,5.0,49,score,200,facebook/esm2_t33_650M_UR50D,PA_all_40,esm
GaussianProcessRegressor,0.3519020308944249,0.5193239540443062,0.7206413491080749,0.5957019615698884,0.1849348013493371,0.3753815559292246,40.0,49,score,350,facebook/esm2_t33_650M_UR50D,PA_all_40,esm
GaussianProcessRegressor,0.4595888162962963,0.748516022323884,0.8651682046422441,0.6761431161070283,-0.1747760827850637,0.0094303490905344,0.0,49,score,50,facebook/esm2_t33_650M_UR50D,PA_all_40,esm
GaussianProcessRegressor,0.3636984138007976,0.5278352532904315,0.7265227135406239,0.5894752636917759,0.1715765424883827,0.4194401834871419,35.0,49,score,500,facebook/esm2_t33_650M_UR50D,PA_all_40,esm
GaussianProcessRegressor,0.4843755357603871,0.7807590760183208,0.8836057243014674,0.6982462716171317,-0.2253807020403464,0.0400958928126529,0.0,49,score,75,facebook/esm2_t33_650M_UR50D,PA_all_40,esm
GaussianProcessRegressor,0.4804334138816452,0.4790086781657713,0.6921045283523085,0.5641092330301025,0.2158525653249805,0.3572494667108395,60.0,50,score,100,facebook/esm2_t33_650M_UR50D,PA_all_40,esm
GaussianProcessRegressor,0.4042959167523393,0.5778195722680118,0.7601444417135548,0.6170891951142332,0.0540970217199804,0.2260668151041676,0.0,50,score,20,facebook/esm2_t33_650M_UR50D,PA_all_40,esm
GaussianProcessRegressor,0.3917116461243756,0.4374689052103802,0.6614143218969334,0.534226555265082,0.2838540606730043,0.4513837914183615,60.0,50,score,200,facebook/esm2_t33_650M_UR50D,PA_all_40,esm
GaussianProcessRegressor,0.3057396024869826,0.4080664931931618,0.6388008243522874,0.5081445904331755,0.3319864369899543,0.4941670524942769,60.0,50,score,350,facebook/esm2_t33_650M_UR50D,PA_all_40,esm
GaussianProcessRegressor,0.5002215760943535,0.5608029457025895,0.7488677758473717,0.6038567382464529,0.0819536027723197,0.2317771148077179,40.0,50,score,50,facebook/esm2_t33_650M_UR50D,PA_all_40,esm
GaussianProcessRegressor,0.2944829109724519,0.4174075210744271,0.646070832861558,0.5139525616035981,0.3166949748845703,0.4843251242508257,60.0,50,score,500,facebook/esm2_t33_650M_UR50D,PA_all_40,esm
GaussianProcessRegressor,0.4475269461637149,0.4744429327342289,0.688798179973081,0.561747978181962,0.2233267880911162,0.3662307730654715,60.0,50,score,75,facebook/esm2_t33_650M_UR50D,PA_all_40,esm
GaussianProcessRegressor,0.8490491396508213,0.4656041620924512,0.6823519341897195,0.561323617341724,0.0262365784568028,0.165226470595978,10.0,51,score,100,facebook/esm2_t33_650M_UR50D,PA_all_40,esm
GaussianProcessRegressor,0.5512332101851851,0.4908315234975842,0.700593693589647,0.5797709999982434,-0.0265238643364282,-0.0948925945115094,0.0,51,score,20,facebook/esm2_t33_650M_UR50D,PA_all_40,esm
GaussianProcessRegressor,0.5749868703400012,0.4613237497075089,0.6792081784751336,0.5581017631657883,0.0351886225941353,0.1719108818376293,15.0,51,score,200,facebook/esm2_t33_650M_UR50D,PA_all_40,esm
GaussianProcessRegressor,0.4829928823404207,0.4538135551836959,0.6736568526955663,0.5545020337171739,0.0508954253063305,0.28825166001148,20.0,51,score,350,facebook/esm2_t33_650M_UR50D,PA_all_40,esm
GaussianProcessRegressor,1.0649811786644343,0.4810279117454646,0.6935617577011183,0.5670744799865189,-0.006020614364772,0.0145024898291519,15.0,51,score,50,facebook/esm2_t33_650M_UR50D,PA_all_40,esm
GaussianProcessRegressor,0.4539989114976329,0.409190571939758,0.6396800543551112,0.5221348697568428,0.1442198248301771,0.3941933609162406,35.0,51,score,500,facebook/esm2_t33_650M_UR50D,PA_all_40,esm
GaussianProcessRegressor,0.9919000470810516,0.4813405269251524,0.6937870904860888,0.5679462548569779,-0.0066744169975299,0.034475296270164,15.0,51,score,75,facebook/esm2_t33_650M_UR50D,PA_all_40,esm
GaussianProcessRegressor,0.4801637450976349,0.5558790354724965,0.7455729578468472,0.6198158906344116,-0.1142625331974265,0.3124608639021464,10.0,42,score,100,facebook/esm2_t33_650M_UR50D,SA_all_40,esm
GaussianProcessRegressor,0.4543122580246433,0.6816221695924589,0.8256041240161406,0.6977823999941427,-0.3663153256500129,-0.0300162403326755,0.0,42,score,20,facebook/esm2_t33_650M_UR50D,SA_all_40,esm
GaussianProcessRegressor,0.4183554204827483,0.4778921186323714,0.6912974169142913,0.569029146022699,0.0420626634178258,0.3127883860302865,5.0,42,score,200,facebook/esm2_t33_650M_UR50D,SA_all_40,esm
GaussianProcessRegressor,0.423344556288996,0.4688184646576059,0.684703194572368,0.5504601843159396,0.0602508518870766,0.2994036740025499,5.0,42,score,350,facebook/esm2_t33_650M_UR50D,SA_all_40,esm
GaussianProcessRegressor,0.4354786150530447,0.613071512608828,0.782988833003912,0.6643740799691414,-0.2289051629551692,0.0113769923328073,0.0,42,score,50,facebook/esm2_t33_650M_UR50D,SA_all_40,esm
GaussianProcessRegressor,0.415842034024681,0.4463216827017639,0.6680731117937346,0.5457042372723294,0.1053457729963058,0.3363213383069839,20.0,42,score,500,facebook/esm2_t33_650M_UR50D,SA_all_40,esm
GaussianProcessRegressor,0.4886173346657187,0.6391812283729567,0.7994881039596253,0.673096695681103,-0.2812422294244483,0.1519392486482302,0.0,42,score,75,facebook/esm2_t33_650M_UR50D,SA_all_40,esm
GaussianProcessRegressor,0.4941310253588377,0.5268991421126346,0.7258781868279516,0.5934826190067986,-0.0117168270755612,0.1629971533576626,5.0,43,score,100,facebook/esm2_t33_650M_UR50D,SA_all_40,esm
GaussianProcessRegressor,0.4713372836419753,0.6114100935000001,0.7819271663652568,0.6518900000000001,-0.1739891573130718,-0.0020165023094575,5.0,43,score,20,facebook/esm2_t33_650M_UR50D,SA_all_40,esm
GaussianProcessRegressor,0.4307503136392562,0.5081145867523388,0.7128215672609372,0.5707263070391964,0.0243520317025026,0.2978627369161415,0.0,43,score,200,facebook/esm2_t33_650M_UR50D,SA_all_40,esm
GaussianProcessRegressor,0.3754260993098171,0.4744472165586471,0.688801289602921,0.5574833019124019,0.088997885578383,0.3478860836720433,5.0,43,score,350,facebook/esm2_t33_650M_UR50D,SA_all_40,esm
GaussianProcessRegressor,0.6976542350128792,0.5285978471215667,0.727047348610506,0.597499185714646,-0.0149785678992098,0.1868422354767758,0.0,43,score,50,facebook/esm2_t33_650M_UR50D,SA_all_40,esm
GaussianProcessRegressor,0.3471980643781398,0.4477906235768255,0.6691715950164244,0.5448044822927535,0.1401821094966071,0.415627213719181,5.0,43,score,500,facebook/esm2_t33_650M_UR50D,SA_all_40,esm
GaussianProcessRegressor,0.5190448306550922,0.5495597363315453,0.7413229635803449,0.6039566036229317,-0.0552281988930964,0.1055980786798492,5.0,43,score,75,facebook/esm2_t33_650M_UR50D,SA_all_40,esm
GaussianProcessRegressor,0.5305461302122253,0.5381499055286683,0.7335870129225764,0.6038835356034938,-0.0273790530141306,-0.0419399945128246,5.0,44,score,100,facebook/esm2_t33_650M_UR50D,SA_all_40,esm
GaussianProcessRegressor,0.9069181654320988,0.5256461896000001,0.7250146133699652,0.5764944000000001,-0.0035082770500745,,30.0,44,score,20,facebook/esm2_t33_650M_UR50D,SA_all_40,esm
GaussianProcessRegressor,0.4399370806456382,0.5235275413789521,0.7235520308719698,0.5918738546900033,0.0005364227271595,0.2435995047132178,15.0,44,score,200,facebook/esm2_t33_650M_UR50D,SA_all_40,esm
GaussianProcessRegressor,0.4196138555321654,0.5398199675094439,0.7347244160291966,0.5992873028850418,-0.0305673592437836,0.3014386499436787,15.0,44,score,350,facebook/esm2_t33_650M_UR50D,SA_all_40,esm
GaussianProcessRegressor,0.6121262091219892,0.5291902203236154,0.7274546173635957,0.5935755429221841,-0.0102741667980323,0.0038479420774415,5.0,44,score,50,facebook/esm2_t33_650M_UR50D,SA_all_40,esm
GaussianProcessRegressor,0.3796495039410956,0.5116330255921819,0.71528527567131,0.575027447251998,0.0232441780190026,0.3169585965446522,10.0,44,score,500,facebook/esm2_t33_650M_UR50D,SA_all_40,esm
GaussianProcessRegressor,0.6303932704243764,0.544728207691182,0.738057049076277,0.6108824839572877,-0.039937653836563,-0.0380501747771092,5.0,44,score,75,facebook/esm2_t33_650M_UR50D,SA_all_40,esm
GaussianProcessRegressor,0.5512627593357167,0.6026705311977192,0.7763185758422371,0.6104316380837262,-0.0344752499443148,0.3987397834154306,10.0,45,score,100,facebook/esm2_t33_650M_UR50D,SA_all_40,esm
GaussianProcessRegressor,0.3611579922839506,0.6606925766999999,0.81282998019266,0.6541962,-0.1340692518344797,,35.0,45,score,20,facebook/esm2_t33_650M_UR50D,SA_all_40,esm
GaussianProcessRegressor,0.409369673373444,0.5777238606426163,0.7600814828968117,0.6040850050744331,0.0083453492419128,0.3850996654100767,10.0,45,score,200,facebook/esm2_t33_650M_UR50D,SA_all_40,esm
GaussianProcessRegressor,0.4156153578707521,0.5269438320903521,0.7259089695618536,0.5681378736421727,0.0955085337838647,0.3938033542691273,5.0,45,score,350,facebook/esm2_t33_650M_UR50D,SA_all_40,esm
GaussianProcessRegressor,0.7478020362531417,0.7499714294976583,0.8660089084401258,0.704627816511577,-0.2873151113575161,0.3359951253591226,10.0,45,score,50,facebook/esm2_t33_650M_UR50D,SA_all_40,esm
GaussianProcessRegressor,0.3876268387731497,0.511426134096409,0.7151406393824987,0.5521690477238156,0.1221444379468612,0.4280407029619538,5.0,45,score,500,facebook/esm2_t33_650M_UR50D,SA_all_40,esm
GaussianProcessRegressor,0.6146373617936481,0.6358496445918256,0.7974018087462716,0.6377150547574001,-0.0914267181919612,0.3688374025123243,5.0,45,score,75,facebook/esm2_t33_650M_UR50D,SA_all_40,esm
GaussianProcessRegressor,0.3634486020716293,0.5479733487810001,0.7402522197069051,0.6172413188179101,0.0368477844815033,0.1839774057944173,10.0,46,score,100,facebook/esm2_t33_650M_UR50D,SA_all_40,esm
GaussianProcessRegressor,0.4848427108024691,0.6528658403,0.8080011387987025,0.685697,-0.1475178161859771,,15.0,46,score,20,facebook/esm2_t33_650M_UR50D,SA_all_40,esm
GaussianProcessRegressor,0.3710619650073291,0.5365218705596586,0.7324765324293049,0.6082277595824647,0.0569756185164663,0.2550036202290631,10.0,46,score,200,facebook/esm2_t33_650M_UR50D,SA_all_40,esm
GaussianProcessRegressor,0.3720401044373062,0.4987761786720164,0.7062408786469504,0.593213519902467,0.1233198063291304,0.3292131396717056,10.0,46,score,350,facebook/esm2_t33_650M_UR50D,SA_all_40,esm
GaussianProcessRegressor,0.454524090851208,0.5947983021599034,0.7712316786542831,0.6545929267837178,-0.0454546809372395,0.0964469837771046,5.0,46,score,50,facebook/esm2_t33_650M_UR50D,SA_all_40,esm
GaussianProcessRegressor,0.3544153287234752,0.4579444904387015,0.6767159599408762,0.567526469584753,0.1950881342464704,0.421444131985385,10.0,46,score,500,facebook/esm2_t33_650M_UR50D,SA_all_40,esm
GaussianProcessRegressor,0.3779809017267129,0.5574220465159774,0.7466070228145308,0.6166248567836238,0.0202401626373888,0.1735519258253252,5.0,46,score,75,facebook/esm2_t33_650M_UR50D,SA_all_40,esm
GaussianProcessRegressor,0.4848166823663414,0.6476590106006977,0.8047726452860446,0.6702396566613791,-0.2309643661310358,0.1698572518972333,5.0,47,score,100,facebook/esm2_t33_650M_UR50D,SA_all_40,esm
GaussianProcessRegressor,0.4959215646991566,0.7135661812012062,0.8447284659588584,0.7069560000006084,-0.3562299413084708,0.1216350368104979,0.0,47,score,20,facebook/esm2_t33_650M_UR50D,SA_all_40,esm
GaussianProcessRegressor,0.4234259967463036,0.5686997860967756,0.7541218642214106,0.6255236836407708,-0.0808915806825321,0.2516967776368422,5.0,47,score,200,facebook/esm2_t33_650M_UR50D,SA_all_40,esm
GaussianProcessRegressor,0.3618050014040749,0.5658475895848563,0.7522284158318245,0.6194246694550786,-0.0754705918382332,0.2231580702131395,5.0,47,score,350,facebook/esm2_t33_650M_UR50D,SA_all_40,esm
GaussianProcessRegressor,0.4334450287167116,0.8907600484293412,0.943800852102466,0.7830684737555471,-0.6930110759559829,0.1264786297903594,15.0,47,score,50,facebook/esm2_t33_650M_UR50D,SA_all_40,esm
GaussianProcessRegressor,0.3675295865861819,0.5299277542156555,0.7279613686286214,0.5918375168767979,-0.0072000410498342,0.2749539730508575,10.0,47,score,500,facebook/esm2_t33_650M_UR50D,SA_all_40,esm
GaussianProcessRegressor,0.4617393960966245,0.651899086836471,0.8074026794830885,0.6743026284341156,-0.2390232098597364,0.1257805706359,20.0,47,score,75,facebook/esm2_t33_650M_UR50D,SA_all_40,esm
GaussianProcessRegressor,0.6091433378205802,0.5168456557165434,0.7189197839234523,0.5876435694146446,0.0653009232551281,0.3877885465718416,15.0,48,score,100,facebook/esm2_t33_650M_UR50D,SA_all_40,esm
GaussianProcessRegressor,0.4168543025172534,0.9258176910419638,0.9621942065102884,0.7916678718709752,-0.6743121113232058,0.1441392711840715,20.0,48,score,20,facebook/esm2_t33_650M_UR50D,SA_all_40,esm
GaussianProcessRegressor,0.5825819748506122,0.4850475752423654,0.6964535700550076,0.5722270279358991,0.1228067494775965,0.4206289877237003,30.0,48,score,200,facebook/esm2_t33_650M_UR50D,SA_all_40,esm
GaussianProcessRegressor,0.3853156062568393,0.4923797505392364,0.7016977629572695,0.5771385937927546,0.1095467415724986,0.3793794540190737,20.0,48,score,350,facebook/esm2_t33_650M_UR50D,SA_all_40,esm
GaussianProcessRegressor,0.60180061405015,0.6931482943813891,0.8325552800753768,0.6789191509865766,-0.253536841491593,0.2997126455444461,25.0,48,score,50,facebook/esm2_t33_650M_UR50D,SA_all_40,esm
GaussianProcessRegressor,0.3742167201282643,0.477279567570139,0.6908542303338231,0.5681788505292787,0.1368549464955456,0.412028007839372,20.0,48,score,500,facebook/esm2_t33_650M_UR50D,SA_all_40,esm
GaussianProcessRegressor,0.4486930009762758,0.6460292097357158,0.803759422797466,0.6503654037668747,-0.1683234621620999,0.3174716356049194,10.0,48,score,75,facebook/esm2_t33_650M_UR50D,SA_all_40,esm
GaussianProcessRegressor,0.58797838428155,0.5620424621215881,0.7496949126955499,0.6283250494936831,0.0257200057880815,0.4229151324178677,10.0,49,score,100,facebook/esm2_t33_650M_UR50D,SA_all_40,esm
GaussianProcessRegressor,0.3282219723161234,1.5035655399690264,1.2261996329998743,0.9988372626733764,-1.606375717679065,-0.0768911853049252,5.0,49,score,20,facebook/esm2_t33_650M_UR50D,SA_all_40,esm
GaussianProcessRegressor,0.3876888491776755,0.5915926892941732,0.7691506284819465,0.6174917106544197,-0.0255042292100897,0.3027566982357957,15.0,49,score,200,facebook/esm2_t33_650M_UR50D,SA_all_40,esm
GaussianProcessRegressor,0.3808669683417178,0.5170988234510477,0.7190958374591302,0.5914391650872783,0.1036281550380646,0.4274092785588426,25.0,49,score,350,facebook/esm2_t33_650M_UR50D,SA_all_40,esm
GaussianProcessRegressor,0.4240647414320988,0.7904291632799998,0.8890608321594197,0.74686296,-0.3701799641941858,,20.0,49,score,50,facebook/esm2_t33_650M_UR50D,SA_all_40,esm
GaussianProcessRegressor,0.3648980799105942,0.5149682455993905,0.7176128800400606,0.5857271080391747,0.1073214336012983,0.4441371423945167,15.0,49,score,500,facebook/esm2_t33_650M_UR50D,SA_all_40,esm
GaussianProcessRegressor,0.5247962417554072,0.6782278943696239,0.8235459272983043,0.694897921338706,-0.1756831797129407,0.2896077481980867,25.0,49,score,75,facebook/esm2_t33_650M_UR50D,SA_all_40,esm
GaussianProcessRegressor,0.4536903061496195,0.4573933383759645,0.676308611786043,0.5509629805632525,0.0463922690899749,0.27993648901779,25.0,50,score,100,facebook/esm2_t33_650M_UR50D,SA_all_40,esm
GaussianProcessRegressor,0.3366317965195636,0.7509462476957021,0.8665715479380235,0.7231142984497617,-0.565628720879785,0.2139452154389035,0.0,50,score,20,facebook/esm2_t33_650M_UR50D,SA_all_40,esm
GaussianProcessRegressor,0.3835196899638761,0.4135882449308499,0.6431082684360775,0.5278334091256507,0.137720393611459,0.379655998688509,25.0,50,score,200,facebook/esm2_t33_650M_UR50D,SA_all_40,esm
GaussianProcessRegressor,0.4178841099836662,0.4048189233042003,0.6362538198739559,0.517462701102995,0.1560033290991109,0.4016774362269295,25.0,50,score,350,facebook/esm2_t33_650M_UR50D,SA_all_40,esm
GaussianProcessRegressor,0.5188444123247848,0.683873243497774,0.826966289214847,0.6931827346874956,-0.425789921378227,0.1725293248637531,5.0,50,score,50,facebook/esm2_t33_650M_UR50D,SA_all_40,esm
GaussianProcessRegressor,0.3444592829940888,0.3936299079987578,0.6273993210059745,0.5095524954033088,0.1793310223585397,0.4262933202198257,25.0,50,score,500,facebook/esm2_t33_650M_UR50D,SA_all_40,esm
GaussianProcessRegressor,0.4160539033580385,0.5182265365932349,0.7198795292222407,0.58482922161377,-0.0804373177202455,0.2229825596648499,10.0,50,score,75,facebook/esm2_t33_650M_UR50D,SA_all_40,esm
GaussianProcessRegressor,0.5972007566251494,0.4975576322739262,0.7053776522359679,0.5840655004183527,-0.0965765153451683,0.1058267249770081,15.0,51,score,100,facebook/esm2_t33_650M_UR50D,SA_all_40,esm
GaussianProcessRegressor,0.3999100637079705,0.7069852237695791,0.8408241336745628,0.6961836658542582,-0.5581378774930625,0.0064934860940621,0.0,51,score,20,facebook/esm2_t33_650M_UR50D,SA_all_40,esm
GaussianProcessRegressor,0.4621954571782825,0.4546541686385836,0.674280482172355,0.5651833539283516,-0.0020207742655482,0.2623148086414848,15.0,51,score,200,facebook/esm2_t33_650M_UR50D,SA_all_40,esm
GaussianProcessRegressor,0.4725358354666739,0.4136528154495033,0.6431584683804632,0.5277989346152617,0.0883428702413962,0.3165188065290685,20.0,51,score,350,facebook/esm2_t33_650M_UR50D,SA_all_40,esm
GaussianProcessRegressor,0.670431958936616,0.5017907978293153,0.7083719346708446,0.5867620069107696,-0.1059060676070704,0.2392988654840202,15.0,51,score,50,facebook/esm2_t33_650M_UR50D,SA_all_40,esm
GaussianProcessRegressor,0.4425671441250662,0.3878863272174869,0.6228052080847485,0.5075411212075299,0.1451301126539322,0.3919456048825255,25.0,51,score,500,facebook/esm2_t33_650M_UR50D,SA_all_40,esm
GaussianProcessRegressor,0.6110247357667153,0.4725944058463837,0.6874550209623781,0.5710473665925181,-0.0415595965561175,0.1946655296357662,15.0,51,score,75,facebook/esm2_t33_650M_UR50D,SA_all_40,esm
GaussianProcessRegressor,0.1741948171817627,0.4013090401902294,0.6334895738607144,0.4748083464987113,0.1689917968769397,0.4529126862475606,0.0,42,score,100,facebook/esm2_t33_650M_UR50D,hemopi2_all,esm
GaussianProcessRegressor,0.1681334347405168,0.4843930793893227,0.6959835338492734,0.5455748979572677,-0.0030539614003124,0.1003242386603497,0.0,42,score,20,facebook/esm2_t33_650M_UR50D,hemopi2_all,esm
GaussianProcessRegressor,0.2078372510604055,0.3796105356229828,0.616125421990509,0.4626215576090248,0.2139238404768988,0.5080966762089176,15.0,42,score,200,facebook/esm2_t33_650M_UR50D,hemopi2_all,esm
GaussianProcessRegressor,0.2194986053622446,0.3400520816147788,0.5831398473906398,0.4471834411881561,0.2958392634838193,0.5398271451434794,30.0,42,score,350,facebook/esm2_t33_650M_UR50D,hemopi2_all,esm
GaussianProcessRegressor,0.2388818266515713,0.4564861222778356,0.6756375672487696,0.5197716335615996,0.0547341967554473,0.2456037261495547,5.0,42,score,50,facebook/esm2_t33_650M_UR50D,hemopi2_all,esm
GaussianProcessRegressor,0.2195860637142805,0.3305660181483298,0.57494870914572,0.4465872181794857,0.3154824705050923,0.5647861375900919,20.0,42,score,500,facebook/esm2_t33_650M_UR50D,hemopi2_all,esm
GaussianProcessRegressor,0.2088660229952239,0.4296893459435658,0.655506938135338,0.4887827322082326,0.1102234549602372,0.3727340776302622,0.0,42,score,75,facebook/esm2_t33_650M_UR50D,hemopi2_all,esm
GaussianProcessRegressor,0.2696072412082317,0.3785238337577852,0.6152429063043192,0.4734276048957141,0.0580330700691382,0.2969598683842233,15.0,43,score,100,facebook/esm2_t33_650M_UR50D,hemopi2_all,esm
GaussianProcessRegressor,0.3210721045312907,0.3635818784466241,0.6029775107303954,0.4596273632025573,0.0952165351944148,0.3274917713135666,35.0,43,score,20,facebook/esm2_t33_650M_UR50D,hemopi2_all,esm
GaussianProcessRegressor,0.2726404204113624,0.3331557502047607,0.5771964572004584,0.4370048349983676,0.1709327888451964,0.3935697963809828,15.0,43,score,200,facebook/esm2_t33_650M_UR50D,hemopi2_all,esm
GaussianProcessRegressor,0.2391809230051633,0.2891108831015031,0.5376903226779361,0.4137132900636758,0.28053964723662,0.4800566381848745,30.0,43,score,350,facebook/esm2_t33_650M_UR50D,hemopi2_all,esm
GaussianProcessRegressor,0.2857247613489739,0.3818008222320227,0.6179003335749405,0.4891058421309754,0.0498781944782091,0.3003852438867381,0.0,43,score,50,facebook/esm2_t33_650M_UR50D,hemopi2_all,esm
GaussianProcessRegressor,0.2335477712223925,0.2868767490905345,0.5356087649493187,0.3947241510857125,0.2860993509268051,0.5381579350591411,30.0,43,score,500,facebook/esm2_t33_650M_UR50D,hemopi2_all,esm
GaussianProcessRegressor,0.2760087013504661,0.3818429045185489,0.6179343852858076,0.4685849328845327,0.0497734715553485,0.2408294637707893,5.0,43,score,75,facebook/esm2_t33_650M_UR50D,hemopi2_all,esm
GaussianProcessRegressor,0.254319082306674,0.4858254418339796,0.6970117946161167,0.5345833140822837,0.0440164386546221,0.361915801189543,0.0,44,score,100,facebook/esm2_t33_650M_UR50D,hemopi2_all,esm
GaussianProcessRegressor,0.229978033388715,0.5160205283486226,0.7183456886128172,0.5614294761738837,-0.015399976904908,,5.0,44,score,20,facebook/esm2_t33_650M_UR50D,hemopi2_all,esm
GaussianProcessRegressor,0.2421066052084073,0.4590089390205208,0.677501984514083,0.52375774285245,0.0967846423239542,0.3943355387696036,5.0,44,score,200,facebook/esm2_t33_650M_UR50D,hemopi2_all,esm
GaussianProcessRegressor,0.2161989324435784,0.4434220919356366,0.6658994608314657,0.5112995179491756,0.1274556782625073,0.4305383183365128,5.0,44,score,350,facebook/esm2_t33_650M_UR50D,hemopi2_all,esm
GaussianProcessRegressor,0.305877392173595,0.5152538944922247,0.717811879598147,0.5617381558896093,-0.0138914322689571,0.1029042527550827,0.0,44,score,50,facebook/esm2_t33_650M_UR50D,hemopi2_all,esm
GaussianProcessRegressor,0.2455502794335358,0.3962346837438485,0.6294717497583577,0.4938907124467364,0.2203087539753663,0.4872244225693149,25.0,44,score,500,facebook/esm2_t33_650M_UR50D,hemopi2_all,esm
GaussianProcessRegressor,0.2814746137462071,0.5097616497051702,0.7139759447664678,0.562627734796845,-0.0030840613921081,0.2247492062353304,0.0,44,score,75,facebook/esm2_t33_650M_UR50D,hemopi2_all,esm
GaussianProcessRegressor,0.304888017930747,0.4374883331025413,0.6614290083618508,0.5128234492516949,0.0511325027321004,0.2430164870709191,5.0,45,score,100,facebook/esm2_t33_650M_UR50D,hemopi2_all,esm
GaussianProcessRegressor,0.3298292429730447,0.4615355351249832,0.6793640667013403,0.5308836366196217,-0.0010234216042448,,5.0,45,score,20,facebook/esm2_t33_650M_UR50D,hemopi2_all,esm
GaussianProcessRegressor,0.3230721234830621,0.3760555035992466,0.6132336451950812,0.4780659852827644,0.1843740334661647,0.4308484138440123,20.0,45,score,200,facebook/esm2_t33_650M_UR50D,hemopi2_all,esm
GaussianProcessRegressor,0.2627432542468753,0.3538580980540231,0.5948597297296423,0.467377713861399,0.2325179382331065,0.5003474910017017,25.0,45,score,350,facebook/esm2_t33_650M_UR50D,hemopi2_all,esm
GaussianProcessRegressor,0.2615762369944246,0.4623480412041473,0.6799617939297379,0.5403237639619161,-0.0027856642779726,,5.0,45,score,50,facebook/esm2_t33_650M_UR50D,hemopi2_all,esm
GaussianProcessRegressor,0.2378021526038078,0.3259653148850592,0.5709337219722261,0.4535126474404552,0.293014535181596,0.5435207483746773,35.0,45,score,500,facebook/esm2_t33_650M_UR50D,hemopi2_all,esm
GaussianProcessRegressor,0.3150415721870095,0.4654372758934217,0.6822296357484199,0.5465684093462168,-0.0094858986986194,,5.0,45,score,75,facebook/esm2_t33_650M_UR50D,hemopi2_all,esm
GaussianProcessRegressor,0.3904324598332142,0.4309641755314262,0.6564786177259897,0.4911371363871779,0.0967645309265997,0.3847869035756652,5.0,46,score,100,facebook/esm2_t33_650M_UR50D,hemopi2_all,esm
GaussianProcessRegressor,0.1521645216099027,0.5345156635253707,0.7311057813513518,0.5350375018849575,-0.1202636633916975,-0.0521422982190005,0.0,46,score,20,facebook/esm2_t33_650M_UR50D,hemopi2_all,esm
GaussianProcessRegressor,0.3776755132571008,0.4031860112846162,0.6349692994819641,0.4711197804426265,0.1549833450137018,0.4724734463973921,15.0,46,score,200,facebook/esm2_t33_650M_UR50D,hemopi2_all,esm
GaussianProcessRegressor,0.2670032393302023,0.3646318284422284,0.6038475208545849,0.4548092529750988,0.2357870577154468,0.5190907296556576,10.0,46,score,350,facebook/esm2_t33_650M_UR50D,hemopi2_all,esm
GaussianProcessRegressor,0.2834788860200871,0.500018745513545,0.7071200361420577,0.5253464942310013,-0.0479633616703867,0.0209870672205067,0.0,46,score,50,facebook/esm2_t33_650M_UR50D,hemopi2_all,esm
GaussianProcessRegressor,0.2429827623777176,0.3539614976697963,0.5949466343041167,0.4458205997157467,0.2581504507017004,0.5272459336932216,25.0,46,score,500,facebook/esm2_t33_650M_UR50D,hemopi2_all,esm
GaussianProcessRegressor,0.4132071159310564,0.4373440023966818,0.6613198941485746,0.5018264203687474,0.0833933826075068,0.3201409677671238,5.0,46,score,75,facebook/esm2_t33_650M_UR50D,hemopi2_all,esm
GaussianProcessRegressor,0.2289628808892793,0.3749822293632156,0.6123579258597178,0.4271099315496044,0.1338362126937202,0.4185215490504233,15.0,47,score,100,facebook/esm2_t33_650M_UR50D,hemopi2_all,esm
GaussianProcessRegressor,0.1707592746035323,0.4900612398072143,0.7000437413527917,0.5112822288497161,-0.1319824414193078,-0.2101513172296157,0.0,47,score,20,facebook/esm2_t33_650M_UR50D,hemopi2_all,esm
GaussianProcessRegressor,0.2304415007292195,0.3661748722013531,0.6051238486469965,0.4317025995973362,0.1541801469874403,0.422071377233351,40.0,47,score,200,facebook/esm2_t33_650M_UR50D,hemopi2_all,esm
GaussianProcessRegressor,0.246332914578558,0.3144519205165641,0.5607601274311184,0.4055877088313475,0.2736539359134798,0.5031451498183154,20.0,47,score,350,facebook/esm2_t33_650M_UR50D,hemopi2_all,esm
GaussianProcessRegressor,0.2437926036898684,0.4238445364242317,0.6510334372551319,0.480997625206964,0.0209701683151283,0.2510920766209861,0.0,47,score,50,facebook/esm2_t33_650M_UR50D,hemopi2_all,esm
GaussianProcessRegressor,0.2629761921756745,0.2992374194344699,0.5470259769283996,0.4032251341260602,0.3087976009922786,0.5204264712601826,50.0,47,score,500,facebook/esm2_t33_650M_UR50D,hemopi2_all,esm
GaussianProcessRegressor,0.2257434752269222,0.4225916247424366,0.6500704767503572,0.4699290858487164,0.0238642434005177,0.3102944604085624,0.0,47,score,75,facebook/esm2_t33_650M_UR50D,hemopi2_all,esm
GaussianProcessRegressor,0.3521211327300263,0.4120410562721707,0.6419042422917696,0.5108861484784384,0.1014732903244363,0.3704120719805851,5.0,48,score,100,facebook/esm2_t33_650M_UR50D,hemopi2_all,esm
GaussianProcessRegressor,0.2766942892553384,0.4624068032019953,0.6800050023360088,0.5471211040577905,-0.0083579223188847,,5.0,48,score,20,facebook/esm2_t33_650M_UR50D,hemopi2_all,esm
GaussianProcessRegressor,0.2226844820409811,0.3906838940941184,0.6250471134995492,0.4719939829627096,0.1480462722342219,0.4466744116492065,5.0,48,score,200,facebook/esm2_t33_650M_UR50D,hemopi2_all,esm
GaussianProcessRegressor,0.21766030484589,0.3568744301140009,0.5973896802874996,0.4543278683965444,0.2217736495514061,0.5162666085875135,5.0,48,score,350,facebook/esm2_t33_650M_UR50D,hemopi2_all,esm
GaussianProcessRegressor,0.2878550970123364,0.4493032958272286,0.6703008994677156,0.5381636052230552,0.0202165393456379,0.209462366094552,0.0,48,score,50,facebook/esm2_t33_650M_UR50D,hemopi2_all,esm
GaussianProcessRegressor,0.2295725030601532,0.3397948574721786,0.5829192546761331,0.446036096759891,0.2590186084575991,0.5540330237438655,15.0,48,score,500,facebook/esm2_t33_650M_UR50D,hemopi2_all,esm
GaussianProcessRegressor,0.4080472381291214,0.4769991224641388,0.6906512306976212,0.5665488264404364,-0.0401789955191447,0.1412739348475098,0.0,48,score,75,facebook/esm2_t33_650M_UR50D,hemopi2_all,esm
GaussianProcessRegressor,0.346662156630041,0.4133697795287535,0.6429383948161391,0.480013352512904,0.1385323507772144,0.4782529987111704,35.0,49,score,100,facebook/esm2_t33_650M_UR50D,hemopi2_all,esm
GaussianProcessRegressor,0.7143892700385247,0.452070469936396,0.6723618593706785,0.5509899004712373,0.057879641169904,0.3780405363091345,15.0,49,score,20,facebook/esm2_t33_650M_UR50D,hemopi2_all,esm
GaussianProcessRegressor,0.3700931000361801,0.3164607021042452,0.5625483997881828,0.4404883815571567,0.3404920470385447,0.5738749150426108,40.0,49,score,200,facebook/esm2_t33_650M_UR50D,hemopi2_all,esm
GaussianProcessRegressor,0.364475860930843,0.3003593553942945,0.5480505044193414,0.4340262618634122,0.3740474494565809,0.6125446084679658,55.00000000000001,49,score,350,facebook/esm2_t33_650M_UR50D,hemopi2_all,esm
GaussianProcessRegressor,0.3810259985979345,0.5399263206640561,0.734796788686543,0.5617163835768756,-0.1252130205217829,0.4111212858666995,5.0,49,score,50,facebook/esm2_t33_650M_UR50D,hemopi2_all,esm
GaussianProcessRegressor,0.3136775407592436,0.2915496067983341,0.539953337611996,0.4170541429056408,0.3924070727020384,0.6384250248881611,50.0,49,score,500,facebook/esm2_t33_650M_UR50D,hemopi2_all,esm
GaussianProcessRegressor,0.4112606113659679,0.4079860247085892,0.6387378372294765,0.4915586581081871,0.1497521613163549,0.4066439562049617,35.0,49,score,75,facebook/esm2_t33_650M_UR50D,hemopi2_all,esm
GaussianProcessRegressor,0.2770549823141951,0.5013716035374626,0.7080759871210593,0.5330576872915135,-0.0285283864464063,-0.0015620865762371,0.0,50,score,100,facebook/esm2_t33_650M_UR50D,hemopi2_all,esm
GaussianProcessRegressor,0.232064371367055,0.5592999038080885,0.7478635596203952,0.5397258565802194,-0.1473641976222939,,0.0,50,score,20,facebook/esm2_t33_650M_UR50D,hemopi2_all,esm
GaussianProcessRegressor,0.2242934974298577,0.3942232266945352,0.6278719827277971,0.4741114102011564,0.1912789308548675,0.4373632035289321,15.0,50,score,200,facebook/esm2_t33_650M_UR50D,hemopi2_all,esm
GaussianProcessRegressor,0.1934801193543982,0.3770307591492736,0.6140283048437374,0.4505996977942313,0.2265480621311442,0.5222738376023,30.0,50,score,350,facebook/esm2_t33_650M_UR50D,hemopi2_all,esm
GaussianProcessRegressor,0.2916269159577809,0.5115769122918582,0.7152460501756428,0.5305390428553873,-0.0494638556119662,0.0933557839348667,15.0,50,score,50,facebook/esm2_t33_650M_UR50D,hemopi2_all,esm
GaussianProcessRegressor,0.1954598043874043,0.3432230412629038,0.585852405698657,0.4393157368393672,0.2959022044115716,0.5528707050102002,30.0,50,score,500,facebook/esm2_t33_650M_UR50D,hemopi2_all,esm
GaussianProcessRegressor,0.2139491402400545,0.4806506019497258,0.6932896955456108,0.5159641763986793,0.0139792828715585,0.2002788068253897,20.0,50,score,75,facebook/esm2_t33_650M_UR50D,hemopi2_all,esm
GaussianProcessRegressor,0.365259723317393,0.4301398703568173,0.6558504939060558,0.4806654523445696,-0.021198038473825,0.3130461345560267,45.0,51,score,100,facebook/esm2_t33_650M_UR50D,hemopi2_all,esm
GaussianProcessRegressor,0.2926535715363532,0.4215789269736082,0.6492910957140936,0.4842740564999914,-0.0008734436317647,0.0737363637974976,0.0,51,score,20,facebook/esm2_t33_650M_UR50D,hemopi2_all,esm
GaussianProcessRegressor,0.277104622247997,0.3861070002116886,0.6213750881807932,0.4552375197980002,0.0833407028041617,0.3099221623615362,45.0,51,score,200,facebook/esm2_t33_650M_UR50D,hemopi2_all,esm
GaussianProcessRegressor,0.2375363396596822,0.3399297559231574,0.5830349525741637,0.4240417920796047,0.1929704175535919,0.4030598203702897,45.0,51,score,350,facebook/esm2_t33_650M_UR50D,hemopi2_all,esm
GaussianProcessRegressor,0.4363644391652775,0.4248253497546299,0.6517862761324681,0.494544814221067,-0.0085807983889183,0.2110929580974764,0.0,51,score,50,facebook/esm2_t33_650M_UR50D,hemopi2_all,esm
GaussianProcessRegressor,0.2532388152865152,0.3032593488162133,0.5506898844324393,0.4140836984295301,0.2800298844581212,0.4509743944507648,40.0,51,score,500,facebook/esm2_t33_650M_UR50D,hemopi2_all,esm
GaussianProcessRegressor,0.3417612802811646,0.4089625877949022,0.6395018278276476,0.4662238177337378,0.0290790943911054,0.2057607252973796,0.0,51,score,75,facebook/esm2_t33_650M_UR50D,hemopi2_all,esm
