Dataset,Seed,Num_samples,Metric,Value,Baseline
ENVZ_ECOLI,51,20,Norm. Target Mean (Round),-0.1397437467226378,True
ENVZ_ECOLI,51,40,Norm. Target Mean (Round),-0.2972275682508978,True
ENVZ_ECOLI,51,20,Norm. Target Mean (Cumulative),-0.1397437467226378,True
ENVZ_ECOLI,51,20,Top 10% peptides selected (%),0.8849557522123894,True
ENVZ_ECOLI,51,20,Remaining Top10 Quality,1.0010917654517104,True
ENVZ_ECOLI,51,60,Norm. Target Mean (Round),0.20246409607133098,True
ENVZ_ECOLI,51,40,Norm. Target Mean (Cumulative),-0.23382976295469446,True
ENVZ_ECOLI,51,40,Top 10% peptides selected (%),2.6548672566371683,True
ENVZ_ECOLI,51,40,Remaining Top10 Quality,1.0002211692294385,True
ENVZ_ECOLI,51,80,Norm. Target Mean (Round),0.3958650745927449,True
ENVZ_ECOLI,51,60,Norm. Target Mean (Cumulative),-0.08420540028856421,True
ENVZ_ECOLI,51,60,Top 10% peptides selected (%),4.424778761061947,True
ENVZ_ECOLI,51,60,Remaining Top10 Quality,1.0006923091882565,True
ENVZ_ECOLI,51,100,Norm. Target Mean (Round),0.2619137991395597,True
ENVZ_ECOLI,51,80,Norm. Target Mean (Cumulative),0.04861879774250711,True
ENVZ_ECOLI,51,80,Top 10% peptides selected (%),6.1946902654867255,True
ENVZ_ECOLI,51,80,Remaining Top10 Quality,1.0014300709730348,True
ENVZ_ECOLI,51,120,Norm. Target Mean (Round),-0.2967221128808883,True
ENVZ_ECOLI,51,100,Norm. Target Mean (Cumulative),0.09933431303349237,True
ENVZ_ECOLI,51,100,Top 10% peptides selected (%),8.849557522123893,True
ENVZ_ECOLI,51,100,Remaining Top10 Quality,1.0018551701731706,True
ENVZ_ECOLI,51,140,Norm. Target Mean (Round),-0.28034912077921537,True
ENVZ_ECOLI,51,120,Norm. Target Mean (Cumulative),0.023927799040413176,True
ENVZ_ECOLI,51,120,Top 10% peptides selected (%),11.504424778761061,True
ENVZ_ECOLI,51,120,Remaining Top10 Quality,1.002450717893086,True
ENVZ_ECOLI,51,160,Norm. Target Mean (Round),-0.0856595027330212,True
ENVZ_ECOLI,51,140,Norm. Target Mean (Cumulative),-0.026987076269842113,True
ENVZ_ECOLI,51,140,Top 10% peptides selected (%),15.04424778761062,True
ENVZ_ECOLI,51,140,Remaining Top10 Quality,1.0007915200388022,True
ENVZ_ECOLI,51,180,Norm. Target Mean (Round),-0.5367473107998006,True
ENVZ_ECOLI,51,160,Norm. Target Mean (Cumulative),-0.035899654430322864,True
ENVZ_ECOLI,51,160,Top 10% peptides selected (%),16.8141592920354,True
ENVZ_ECOLI,51,160,Remaining Top10 Quality,1.0019594887556296,True
ENVZ_ECOLI,51,200,Norm. Target Mean (Round),-0.7651574689449916,True
ENVZ_ECOLI,51,180,Norm. Target Mean (Cumulative),-0.10193022507333692,True
ENVZ_ECOLI,51,180,Top 10% peptides selected (%),19.469026548672566,True
ENVZ_ECOLI,51,180,Remaining Top10 Quality,1.0027593342012355,True
ENVZ_ECOLI,51,200,Norm. Target Mean (Cumulative),-0.1803274458270007,True
ENVZ_ECOLI,51,200,Top 10% peptides selected (%),19.469026548672566,True
ENVZ_ECOLI,51,200,Remaining Top10 Quality,1.0027593342012355,True
DN7A_SACS2,42,20,Norm. Target Mean (Round),0.0702720563493019,True
DN7A_SACS2,42,40,Norm. Target Mean (Round),0.01585162705171987,True
DN7A_SACS2,42,20,Norm. Target Mean (Cumulative),0.0702720563493019,True
DN7A_SACS2,42,20,Top 10% peptides selected (%),0.0,True
DN7A_SACS2,42,20,Remaining Top10 Quality,1.0025240173598662,True
DN7A_SACS2,42,60,Norm. Target Mean (Round),0.15404409702923935,True
DN7A_SACS2,42,40,Norm. Target Mean (Cumulative),0.04503136250415274,True
DN7A_SACS2,42,40,Top 10% peptides selected (%),0.9900990099009901,True
DN7A_SACS2,42,40,Remaining Top10 Quality,1.0012764794937286,True
DN7A_SACS2,42,80,Norm. Target Mean (Round),-0.8479063611187929,True
DN7A_SACS2,42,60,Norm. Target Mean (Cumulative),0.0869631325279036,True
DN7A_SACS2,42,60,Top 10% peptides selected (%),1.9801980198019802,True
DN7A_SACS2,42,60,Remaining Top10 Quality,1.0037024893444588,True
DN7A_SACS2,42,100,Norm. Target Mean (Round),-0.6870254276555857,True
DN7A_SACS2,42,80,Norm. Target Mean (Cumulative),-0.17505693054029303,True
DN7A_SACS2,42,80,Top 10% peptides selected (%),1.9801980198019802,True
DN7A_SACS2,42,80,Remaining Top10 Quality,1.0064088401770332,True
DN7A_SACS2,42,120,Norm. Target Mean (Round),-1.1294861519544708,True
DN7A_SACS2,42,100,Norm. Target Mean (Cumulative),-0.29802418482571863,True
DN7A_SACS2,42,100,Top 10% peptides selected (%),2.9702970297029703,True
DN7A_SACS2,42,100,Remaining Top10 Quality,1.0066985271416227,True
DN7A_SACS2,42,140,Norm. Target Mean (Round),-0.2051769864523708,True
DN7A_SACS2,42,120,Norm. Target Mean (Cumulative),-0.4657908072797527,True
DN7A_SACS2,42,120,Top 10% peptides selected (%),3.9603960396039604,True
DN7A_SACS2,42,120,Remaining Top10 Quality,1.0089671168406429,True
DN7A_SACS2,42,160,Norm. Target Mean (Round),0.45477146262532314,True
DN7A_SACS2,42,140,Norm. Target Mean (Cumulative),-0.4328986503777418,True
DN7A_SACS2,42,140,Top 10% peptides selected (%),3.9603960396039604,True
DN7A_SACS2,42,140,Remaining Top10 Quality,1.0116316528226634,True
DN7A_SACS2,42,180,Norm. Target Mean (Round),0.6925912541925991,True
DN7A_SACS2,42,160,Norm. Target Mean (Cumulative),-0.31164424724749223,True
DN7A_SACS2,42,160,Top 10% peptides selected (%),6.9306930693069315,True
DN7A_SACS2,42,160,Remaining Top10 Quality,1.007675473793931,True
DN7A_SACS2,42,200,Norm. Target Mean (Round),0.46602655219392536,True
DN7A_SACS2,42,180,Norm. Target Mean (Cumulative),-0.18400777353766676,True
DN7A_SACS2,42,180,Top 10% peptides selected (%),16.831683168316832,True
DN7A_SACS2,42,180,Remaining Top10 Quality,0.9919812104752502,True
DN7A_SACS2,42,200,Norm. Target Mean (Cumulative),-0.10792176794967903,True
DN7A_SACS2,42,200,Top 10% peptides selected (%),16.831683168316832,True
DN7A_SACS2,42,200,Remaining Top10 Quality,0.9919812104752502,True
ENVZ_ECOLI,43,20,Norm. Target Mean (Round),0.10694872421633456,True
ENVZ_ECOLI,43,40,Norm. Target Mean (Round),-0.13944795196116005,True
ENVZ_ECOLI,43,20,Norm. Target Mean (Cumulative),0.10694872421633456,True
ENVZ_ECOLI,43,20,Top 10% peptides selected (%),2.6548672566371683,True
ENVZ_ECOLI,43,20,Remaining Top10 Quality,0.9988746275990845,True
ENVZ_ECOLI,43,60,Norm. Target Mean (Round),0.314504050235667,True
ENVZ_ECOLI,43,40,Norm. Target Mean (Cumulative),-0.018309028220400127,True
ENVZ_ECOLI,43,40,Top 10% peptides selected (%),3.5398230088495577,True
ENVZ_ECOLI,43,40,Remaining Top10 Quality,0.9999132148046617,True
ENVZ_ECOLI,43,80,Norm. Target Mean (Round),0.19272565045117795,True
ENVZ_ECOLI,43,60,Norm. Target Mean (Cumulative),0.10408090101524733,True
ENVZ_ECOLI,43,60,Top 10% peptides selected (%),5.3097345132743365,True
ENVZ_ECOLI,43,60,Remaining Top10 Quality,1.0003785986060076,True
ENVZ_ECOLI,43,100,Norm. Target Mean (Round),0.254465072417382,True
ENVZ_ECOLI,43,80,Norm. Target Mean (Cumulative),0.13324647660454889,True
ENVZ_ECOLI,43,80,Top 10% peptides selected (%),7.964601769911504,True
ENVZ_ECOLI,43,80,Remaining Top10 Quality,0.9991909362785558,True
ENVZ_ECOLI,43,120,Norm. Target Mean (Round),-0.43644729496136103,True
ENVZ_ECOLI,43,100,Norm. Target Mean (Cumulative),0.16503951193586508,True
ENVZ_ECOLI,43,100,Top 10% peptides selected (%),11.504424778761061,True
ENVZ_ECOLI,43,100,Remaining Top10 Quality,0.9993421890091396,True
ENVZ_ECOLI,43,140,Norm. Target Mean (Round),-0.14789624527134626,True
ENVZ_ECOLI,43,120,Norm. Target Mean (Cumulative),0.05084237231563056,True
ENVZ_ECOLI,43,120,Top 10% peptides selected (%),13.274336283185843,True
ENVZ_ECOLI,43,120,Remaining Top10 Quality,1.0002339833331495,True
ENVZ_ECOLI,43,160,Norm. Target Mean (Round),-0.5320213836386971,True
ENVZ_ECOLI,43,140,Norm. Target Mean (Cumulative),0.018239531958505494,True
ENVZ_ECOLI,43,140,Top 10% peptides selected (%),15.04424778761062,True
ENVZ_ECOLI,43,140,Remaining Top10 Quality,1.001126661718027,True
ENVZ_ECOLI,43,180,Norm. Target Mean (Round),0.14760718394391742,True
ENVZ_ECOLI,43,160,Norm. Target Mean (Cumulative),-0.06291369364436464,True
ENVZ_ECOLI,43,160,Top 10% peptides selected (%),15.04424778761062,True
ENVZ_ECOLI,43,160,Remaining Top10 Quality,1.002469529339466,True
ENVZ_ECOLI,43,200,Norm. Target Mean (Round),0.3318144354483182,True
ENVZ_ECOLI,43,180,Norm. Target Mean (Cumulative),-0.03583127572477527,True
ENVZ_ECOLI,43,180,Top 10% peptides selected (%),15.929203539823009,True
ENVZ_ECOLI,43,180,Remaining Top10 Quality,1.0035906451735301,True
ENVZ_ECOLI,43,200,Norm. Target Mean (Cumulative),0.007713443825887582,True
ENVZ_ECOLI,43,200,Top 10% peptides selected (%),15.929203539823009,True
ENVZ_ECOLI,43,200,Remaining Top10 Quality,1.0035906451735301,True
ENVZ_ECOLI,47,20,Norm. Target Mean (Round),0.36756109810306586,True
ENVZ_ECOLI,47,40,Norm. Target Mean (Round),-0.10200945829123115,True
ENVZ_ECOLI,47,20,Norm. Target Mean (Cumulative),0.36756109810306586,True
ENVZ_ECOLI,47,20,Top 10% peptides selected (%),0.8849557522123894,True
ENVZ_ECOLI,47,20,Remaining Top10 Quality,1.0007224624621058,True
ENVZ_ECOLI,47,60,Norm. Target Mean (Round),0.24690378143296968,True
ENVZ_ECOLI,47,40,Norm. Target Mean (Cumulative),0.139212323678142,True
ENVZ_ECOLI,47,40,Top 10% peptides selected (%),2.6548672566371683,True
ENVZ_ECOLI,47,40,Remaining Top10 Quality,1.000848989371881,True
ENVZ_ECOLI,47,80,Norm. Target Mean (Round),0.34628849075601364,True
ENVZ_ECOLI,47,60,Norm. Target Mean (Cumulative),0.18690139847067777,True
ENVZ_ECOLI,47,60,Top 10% peptides selected (%),4.424778761061947,True
ENVZ_ECOLI,47,60,Remaining Top10 Quality,1.0013318642866327,True
ENVZ_ECOLI,47,100,Norm. Target Mean (Round),-0.3648768921005856,True
ENVZ_ECOLI,47,80,Norm. Target Mean (Cumulative),0.2402833012621114,True
ENVZ_ECOLI,47,80,Top 10% peptides selected (%),7.079646017699115,True
ENVZ_ECOLI,47,80,Remaining Top10 Quality,1.0017469957555962,True
ENVZ_ECOLI,47,120,Norm. Target Mean (Round),-0.3454066363334605,True
ENVZ_ECOLI,47,100,Norm. Target Mean (Cumulative),0.10544093100689257,True
ENVZ_ECOLI,47,100,Top 10% peptides selected (%),9.734513274336283,True
ENVZ_ECOLI,47,100,Remaining Top10 Quality,1.0023288789679887,True
ENVZ_ECOLI,47,140,Norm. Target Mean (Round),-0.3759542028760065,True
ENVZ_ECOLI,47,120,Norm. Target Mean (Cumulative),0.019018777460826364,True
ENVZ_ECOLI,47,120,Top 10% peptides selected (%),10.619469026548673,True
ENVZ_ECOLI,47,120,Remaining Top10 Quality,1.0035660372495185,True
ENVZ_ECOLI,47,160,Norm. Target Mean (Round),0.0975421000179437,True
ENVZ_ECOLI,47,140,Norm. Target Mean (Cumulative),-0.04759360760205585,True
ENVZ_ECOLI,47,140,Top 10% peptides selected (%),11.504424778761061,True
ENVZ_ECOLI,47,140,Remaining Top10 Quality,1.0048783989780334,True
ENVZ_ECOLI,47,180,Norm. Target Mean (Round),0.379807882821718,True
ENVZ_ECOLI,47,160,Norm. Target Mean (Cumulative),-0.026654479032604022,True
ENVZ_ECOLI,47,160,Top 10% peptides selected (%),12.389380530973451,True
ENVZ_ECOLI,47,160,Remaining Top10 Quality,1.0061732961034395,True
ENVZ_ECOLI,47,200,Norm. Target Mean (Round),0.5303119617973705,True
ENVZ_ECOLI,47,180,Norm. Target Mean (Cumulative),0.027184578498203778,True
ENVZ_ECOLI,47,180,Top 10% peptides selected (%),12.389380530973451,True
ENVZ_ECOLI,47,180,Remaining Top10 Quality,1.007613262177128,True
ENVZ_ECOLI,47,200,Norm. Target Mean (Cumulative),0.0885648558106231,True
ENVZ_ECOLI,47,200,Top 10% peptides selected (%),15.04424778761062,True
ENVZ_ECOLI,47,200,Remaining Top10 Quality,1.007613262177128,True
MAFG_MOUSE_sub,51,20,Norm. Target Mean (Round),0.1319355707490226,True
MAFG_MOUSE_sub,51,40,Norm. Target Mean (Round),0.3539090052271314,True
MAFG_MOUSE_sub,51,20,Norm. Target Mean (Cumulative),0.1319355707490226,True
MAFG_MOUSE_sub,51,20,Top 10% peptides selected (%),1.3986013986013985,True
MAFG_MOUSE_sub,51,20,Remaining Top10 Quality,1.0004668309702751,True
MAFG_MOUSE_sub,51,60,Norm. Target Mean (Round),0.6410609325164958,True
MAFG_MOUSE_sub,51,40,Norm. Target Mean (Cumulative),0.2592891767382377,True
MAFG_MOUSE_sub,51,40,Top 10% peptides selected (%),4.895104895104895,True
MAFG_MOUSE_sub,51,40,Remaining Top10 Quality,0.9996011770580929,True
MAFG_MOUSE_sub,51,80,Norm. Target Mean (Round),0.44441838229921893,True
MAFG_MOUSE_sub,51,60,Norm. Target Mean (Cumulative),0.41730772354870016,True
MAFG_MOUSE_sub,51,60,Top 10% peptides selected (%),10.48951048951049,True
MAFG_MOUSE_sub,51,60,Remaining Top10 Quality,0.9988178220006759,True
MAFG_MOUSE_sub,51,100,Norm. Target Mean (Round),0.58839823838995,True
MAFG_MOUSE_sub,51,80,Norm. Target Mean (Cumulative),0.4482152097859874,True
MAFG_MOUSE_sub,51,80,Top 10% peptides selected (%),12.587412587412588,True
MAFG_MOUSE_sub,51,80,Remaining Top10 Quality,0.9933632645873541,True
MAFG_MOUSE_sub,51,120,Norm. Target Mean (Round),0.5096330023948237,True
MAFG_MOUSE_sub,51,100,Norm. Target Mean (Cumulative),0.5037232384079531,True
MAFG_MOUSE_sub,51,100,Top 10% peptides selected (%),16.783216783216783,True
MAFG_MOUSE_sub,51,100,Remaining Top10 Quality,0.9878738381085216,True
MAFG_MOUSE_sub,51,140,Norm. Target Mean (Round),0.584935308817552,True
MAFG_MOUSE_sub,51,120,Norm. Target Mean (Cumulative),0.5286372076306681,True
MAFG_MOUSE_sub,51,120,Top 10% peptides selected (%),20.27972027972028,True
MAFG_MOUSE_sub,51,120,Remaining Top10 Quality,0.9817134698051199,True
MAFG_MOUSE_sub,51,160,Norm. Target Mean (Round),0.4920030461366301,True
MAFG_MOUSE_sub,51,140,Norm. Target Mean (Cumulative),0.5622786123352843,True
MAFG_MOUSE_sub,51,140,Top 10% peptides selected (%),27.27272727272727,True
MAFG_MOUSE_sub,51,140,Remaining Top10 Quality,0.9729823231588626,True
MAFG_MOUSE_sub,51,180,Norm. Target Mean (Round),0.5689743281147333,True
MAFG_MOUSE_sub,51,160,Norm. Target Mean (Cumulative),0.5746162245117545,True
MAFG_MOUSE_sub,51,160,Top 10% peptides selected (%),34.26573426573427,True
MAFG_MOUSE_sub,51,160,Remaining Top10 Quality,0.9625127300476826,True
MAFG_MOUSE_sub,51,200,Norm. Target Mean (Round),0.4622403252177253,True
MAFG_MOUSE_sub,51,180,Norm. Target Mean (Cumulative),0.5967058200060784,True
MAFG_MOUSE_sub,51,180,Top 10% peptides selected (%),38.46153846153847,True
MAFG_MOUSE_sub,51,180,Remaining Top10 Quality,0.9557304839155534,True
MAFG_MOUSE_sub,51,200,Norm. Target Mean (Cumulative),0.6009514230224534,True
MAFG_MOUSE_sub,51,200,Top 10% peptides selected (%),43.35664335664335,True
MAFG_MOUSE_sub,51,200,Remaining Top10 Quality,0.9557304839155534,True
ENVZ_ECOLI,44,20,Norm. Target Mean (Round),0.010648921480839056,True
ENVZ_ECOLI,44,40,Norm. Target Mean (Round),0.22488847855556338,True
ENVZ_ECOLI,44,20,Norm. Target Mean (Cumulative),0.010648921480839056,True
ENVZ_ECOLI,44,20,Top 10% peptides selected (%),1.7699115044247788,True
ENVZ_ECOLI,44,20,Remaining Top10 Quality,1.0008522047720154,True
ENVZ_ECOLI,44,60,Norm. Target Mean (Round),0.3162085008340865,True
ENVZ_ECOLI,44,40,Norm. Target Mean (Cumulative),0.1269157161072257,True
ENVZ_ECOLI,44,40,Top 10% peptides selected (%),1.7699115044247788,True
ENVZ_ECOLI,44,40,Remaining Top10 Quality,1.002029444792666,True
ENVZ_ECOLI,44,80,Norm. Target Mean (Round),0.20069025297984533,True
ENVZ_ECOLI,44,60,Norm. Target Mean (Cumulative),0.20446159355531096,True
ENVZ_ECOLI,44,60,Top 10% peptides selected (%),3.5398230088495577,True
ENVZ_ECOLI,44,60,Remaining Top10 Quality,1.0025343842947214,True
ENVZ_ECOLI,44,100,Norm. Target Mean (Round),0.3852325424505411,True
ENVZ_ECOLI,44,80,Norm. Target Mean (Cumulative),0.21157109383721898,True
ENVZ_ECOLI,44,80,Top 10% peptides selected (%),5.3097345132743365,True
ENVZ_ECOLI,44,80,Remaining Top10 Quality,1.001435677262513,True
ENVZ_ECOLI,44,120,Norm. Target Mean (Round),-0.4228808469828195,True
ENVZ_ECOLI,44,100,Norm. Target Mean (Cumulative),0.2586672183147729,True
ENVZ_ECOLI,44,100,Top 10% peptides selected (%),7.964601769911504,True
ENVZ_ECOLI,44,100,Remaining Top10 Quality,1.0018627414079313,True
ENVZ_ECOLI,44,140,Norm. Target Mean (Round),0.2100130415644,True
ENVZ_ECOLI,44,120,Norm. Target Mean (Cumulative),0.12977779221016214,True
ENVZ_ECOLI,44,120,Top 10% peptides selected (%),9.734513274336283,True
ENVZ_ECOLI,44,120,Remaining Top10 Quality,1.0028044476606304,True
ENVZ_ECOLI,44,160,Norm. Target Mean (Round),-0.3519189260381324,True
ENVZ_ECOLI,44,140,Norm. Target Mean (Cumulative),0.1458367214197024,True
ENVZ_ECOLI,44,140,Top 10% peptides selected (%),10.619469026548673,True
ENVZ_ECOLI,44,140,Remaining Top10 Quality,1.0022957229784886,True
ENVZ_ECOLI,44,180,Norm. Target Mean (Round),-0.48426674044383594,True
ENVZ_ECOLI,44,160,Norm. Target Mean (Cumulative),0.07309359773572946,True
ENVZ_ECOLI,44,160,Top 10% peptides selected (%),12.389380530973451,True
ENVZ_ECOLI,44,160,Remaining Top10 Quality,1.0032229374641992,True
ENVZ_ECOLI,44,200,Norm. Target Mean (Round),0.4929732555392143,True
ENVZ_ECOLI,44,180,Norm. Target Mean (Cumulative),-0.0006449304963895331,True
ENVZ_ECOLI,44,180,Top 10% peptides selected (%),15.04424778761062,True
ENVZ_ECOLI,44,180,Remaining Top10 Quality,1.0045020207905786,True
ENVZ_ECOLI,44,200,Norm. Target Mean (Cumulative),0.05850711082258992,True
ENVZ_ECOLI,44,200,Top 10% peptides selected (%),16.8141592920354,True
ENVZ_ECOLI,44,200,Remaining Top10 Quality,1.0045020207905786,True
DN7A_SACS2,48,20,Norm. Target Mean (Round),0.07804658246066759,True
DN7A_SACS2,48,40,Norm. Target Mean (Round),0.12483190097404592,True
DN7A_SACS2,48,20,Norm. Target Mean (Cumulative),0.07804658246066759,True
DN7A_SACS2,48,20,Top 10% peptides selected (%),3.9603960396039604,True
DN7A_SACS2,48,20,Remaining Top10 Quality,0.9964024933091389,True
DN7A_SACS2,48,60,Norm. Target Mean (Round),0.5143757635367961,True
DN7A_SACS2,48,40,Norm. Target Mean (Cumulative),0.1070967009046466,True
DN7A_SACS2,48,40,Top 10% peptides selected (%),3.9603960396039604,True
DN7A_SACS2,48,40,Remaining Top10 Quality,0.9989785140298143,True
DN7A_SACS2,48,80,Norm. Target Mean (Round),0.29163576591022855,True
DN7A_SACS2,48,60,Norm. Target Mean (Cumulative),0.2629343712452941,True
DN7A_SACS2,48,60,Top 10% peptides selected (%),7.920792079207921,True
DN7A_SACS2,48,60,Remaining Top10 Quality,0.9990992424893325,True
DN7A_SACS2,48,100,Norm. Target Mean (Round),0.3855696476371801,True
DN7A_SACS2,48,80,Norm. Target Mean (Cumulative),0.2834126155851125,True
DN7A_SACS2,48,80,Top 10% peptides selected (%),10.891089108910892,True
DN7A_SACS2,48,80,Remaining Top10 Quality,0.9996937067710605,True
DN7A_SACS2,48,120,Norm. Target Mean (Round),0.4619481067716712,True
DN7A_SACS2,48,100,Norm. Target Mean (Cumulative),0.31986432387246166,True
DN7A_SACS2,48,100,Top 10% peptides selected (%),12.871287128712872,True
DN7A_SACS2,48,100,Remaining Top10 Quality,0.9982838744494607,True
DN7A_SACS2,48,140,Norm. Target Mean (Round),0.5606481406380549,True
DN7A_SACS2,48,120,Norm. Target Mean (Cumulative),0.3618712301270784,True
DN7A_SACS2,48,120,Top 10% peptides selected (%),15.841584158415841,True
DN7A_SACS2,48,120,Remaining Top10 Quality,0.9971688644313977,True
DN7A_SACS2,48,160,Norm. Target Mean (Round),0.5505930768570092,True
DN7A_SACS2,48,140,Norm. Target Mean (Cumulative),0.41217505637956503,True
DN7A_SACS2,48,140,Top 10% peptides selected (%),17.82178217821782,True
DN7A_SACS2,48,140,Remaining Top10 Quality,0.9954788523060165,True
DN7A_SACS2,48,180,Norm. Target Mean (Round),0.7577658138035177,True
DN7A_SACS2,48,160,Norm. Target Mean (Cumulative),0.4500306084419034,True
DN7A_SACS2,48,160,Top 10% peptides selected (%),21.782178217821784,True
DN7A_SACS2,48,160,Remaining Top10 Quality,0.9947920946416253,True
DN7A_SACS2,48,200,Norm. Target Mean (Round),0.7037020632377503,True
DN7A_SACS2,48,180,Norm. Target Mean (Cumulative),0.5122196405148487,True
DN7A_SACS2,48,180,Top 10% peptides selected (%),31.683168316831683,True
DN7A_SACS2,48,180,Remaining Top10 Quality,0.9752062918286613,True
DN7A_SACS2,48,200,Norm. Target Mean (Cumulative),0.5545688687024317,True
DN7A_SACS2,48,200,Top 10% peptides selected (%),38.613861386138616,True
DN7A_SACS2,48,200,Remaining Top10 Quality,0.9752062918286613,True
A0A247D711_LISMN,48,20,Norm. Target Mean (Round),0.1923866895080928,True
A0A247D711_LISMN,48,40,Norm. Target Mean (Round),0.22645862607323813,True
A0A247D711_LISMN,48,20,Norm. Target Mean (Cumulative),0.1923866895080928,True
A0A247D711_LISMN,48,20,Top 10% peptides selected (%),1.8072289156626504,True
A0A247D711_LISMN,48,20,Remaining Top10 Quality,1.0000565391610552,True
A0A247D711_LISMN,48,60,Norm. Target Mean (Round),-0.853645877363918,True
A0A247D711_LISMN,48,40,Norm. Target Mean (Cumulative),0.21332735666119246,True
A0A247D711_LISMN,48,40,Top 10% peptides selected (%),3.614457831325301,True
A0A247D711_LISMN,48,40,Remaining Top10 Quality,1.000430859958605,True
A0A247D711_LISMN,48,80,Norm. Target Mean (Round),0.3017183579089548,True
A0A247D711_LISMN,48,60,Norm. Target Mean (Cumulative),-0.15522617257146504,True
A0A247D711_LISMN,48,60,Top 10% peptides selected (%),3.614457831325301,True
A0A247D711_LISMN,48,60,Remaining Top10 Quality,1.0018474046562027,True
A0A247D711_LISMN,48,100,Norm. Target Mean (Round),0.6045075859326844,True
A0A247D711_LISMN,48,80,Norm. Target Mean (Cumulative),-0.03742190153274495,True
A0A247D711_LISMN,48,80,Top 10% peptides selected (%),5.421686746987952,True
A0A247D711_LISMN,48,80,Remaining Top10 Quality,0.9999737945143715,True
A0A247D711_LISMN,48,120,Norm. Target Mean (Round),0.5774002854785028,True
A0A247D711_LISMN,48,100,Norm. Target Mean (Cumulative),0.1007602141267239,True
A0A247D711_LISMN,48,100,Top 10% peptides selected (%),10.843373493975903,True
A0A247D711_LISMN,48,100,Remaining Top10 Quality,0.9933209937569302,True
A0A247D711_LISMN,48,140,Norm. Target Mean (Round),0.4825180259552068,True
A0A247D711_LISMN,48,120,Norm. Target Mean (Cumulative),0.19089663074349128,True
A0A247D711_LISMN,48,120,Top 10% peptides selected (%),13.855421686746988,True
A0A247D711_LISMN,48,120,Remaining Top10 Quality,0.9914471549302584,True
A0A247D711_LISMN,48,160,Norm. Target Mean (Round),0.1331123435366659,True
A0A247D711_LISMN,48,140,Norm. Target Mean (Cumulative),0.24205172669374064,True
A0A247D711_LISMN,48,140,Top 10% peptides selected (%),16.867469879518072,True
A0A247D711_LISMN,48,140,Remaining Top10 Quality,0.9905380240398901,True
A0A247D711_LISMN,48,180,Norm. Target Mean (Round),0.3093265126979327,True
A0A247D711_LISMN,48,160,Norm. Target Mean (Cumulative),0.23118205135832376,True
A0A247D711_LISMN,48,160,Top 10% peptides selected (%),18.67469879518072,True
A0A247D711_LISMN,48,160,Remaining Top10 Quality,0.9876379849808342,True
A0A247D711_LISMN,48,200,Norm. Target Mean (Round),-0.06436161211467516,True
A0A247D711_LISMN,48,180,Norm. Target Mean (Cumulative),0.24568902712836374,True
A0A247D711_LISMN,48,180,Top 10% peptides selected (%),19.27710843373494,True
A0A247D711_LISMN,48,180,Remaining Top10 Quality,0.9879961056901012,True
A0A247D711_LISMN,48,200,Norm. Target Mean (Cumulative),0.21344770717705125,True
A0A247D711_LISMN,48,200,Top 10% peptides selected (%),19.879518072289155,True
A0A247D711_LISMN,48,200,Remaining Top10 Quality,0.9879961056901012,True
DN7A_SACS2,43,20,Norm. Target Mean (Round),0.01461190203016803,True
DN7A_SACS2,43,40,Norm. Target Mean (Round),0.51910554783964,True
DN7A_SACS2,43,20,Norm. Target Mean (Cumulative),0.01461190203016803,True
DN7A_SACS2,43,20,Top 10% peptides selected (%),0.9900990099009901,True
DN7A_SACS2,43,20,Remaining Top10 Quality,1.0006429617890407,True
DN7A_SACS2,43,60,Norm. Target Mean (Round),0.4781891615500603,True
DN7A_SACS2,43,40,Norm. Target Mean (Cumulative),0.2835996604846648,True
DN7A_SACS2,43,40,Top 10% peptides selected (%),2.9702970297029703,True
DN7A_SACS2,43,40,Remaining Top10 Quality,0.9999671368197408,True
DN7A_SACS2,43,80,Norm. Target Mean (Round),0.6657593403886841,True
DN7A_SACS2,43,60,Norm. Target Mean (Cumulative),0.36984022241512027,True
DN7A_SACS2,43,60,Top 10% peptides selected (%),5.9405940594059405,True
DN7A_SACS2,43,60,Remaining Top10 Quality,0.9998731553636844,True
DN7A_SACS2,43,100,Norm. Target Mean (Round),0.47610067877495327,True
DN7A_SACS2,43,80,Norm. Target Mean (Cumulative),0.47294400111157214,True
DN7A_SACS2,43,80,Top 10% peptides selected (%),12.871287128712872,True
DN7A_SACS2,43,80,Remaining Top10 Quality,0.9957759241725689,True
DN7A_SACS2,43,120,Norm. Target Mean (Round),0.4856752898661292,True
DN7A_SACS2,43,100,Norm. Target Mean (Cumulative),0.49493885186219777,True
DN7A_SACS2,43,100,Top 10% peptides selected (%),13.861386138613863,True
DN7A_SACS2,43,100,Remaining Top10 Quality,0.9985068860201128,True
DN7A_SACS2,43,140,Norm. Target Mean (Round),0.5482355406726043,True
DN7A_SACS2,43,120,Norm. Target Mean (Cumulative),0.5142079655108034,True
DN7A_SACS2,43,120,Top 10% peptides selected (%),18.81188118811881,True
DN7A_SACS2,43,120,Remaining Top10 Quality,0.9931143120725313,True
DN7A_SACS2,43,160,Norm. Target Mean (Round),0.6422001132614352,True
DN7A_SACS2,43,140,Norm. Target Mean (Cumulative),0.541815471320791,True
DN7A_SACS2,43,140,Top 10% peptides selected (%),20.792079207920793,True
DN7A_SACS2,43,140,Remaining Top10 Quality,0.9950785269273609,True
DN7A_SACS2,43,180,Norm. Target Mean (Round),0.6766399271390153,True
DN7A_SACS2,43,160,Norm. Target Mean (Cumulative),0.5804327400878709,True
DN7A_SACS2,43,160,Top 10% peptides selected (%),30.693069306930692,True
DN7A_SACS2,43,160,Remaining Top10 Quality,0.98134045604826,True
DN7A_SACS2,43,200,Norm. Target Mean (Round),-0.11950751473943294,True
DN7A_SACS2,43,180,Norm. Target Mean (Cumulative),0.6172562036780472,True
DN7A_SACS2,43,180,Top 10% peptides selected (%),38.613861386138616,True
DN7A_SACS2,43,180,Remaining Top10 Quality,0.9657856245466329,True
DN7A_SACS2,43,200,Norm. Target Mean (Cumulative),0.5354528612359856,True
DN7A_SACS2,43,200,Top 10% peptides selected (%),38.613861386138616,True
DN7A_SACS2,43,200,Remaining Top10 Quality,0.9657856245466329,True
ENVZ_ECOLI,42,20,Norm. Target Mean (Round),0.16026251361511423,True
ENVZ_ECOLI,42,40,Norm. Target Mean (Round),0.07294241824359408,True
ENVZ_ECOLI,42,20,Norm. Target Mean (Cumulative),0.16026251361511423,True
ENVZ_ECOLI,42,20,Top 10% peptides selected (%),1.7699115044247788,True
ENVZ_ECOLI,42,20,Remaining Top10 Quality,0.9991219550205117,True
ENVZ_ECOLI,42,60,Norm. Target Mean (Round),0.3346106211814147,True
ENVZ_ECOLI,42,40,Norm. Target Mean (Cumulative),0.12406473372378349,True
ENVZ_ECOLI,42,40,Top 10% peptides selected (%),1.7699115044247788,True
ENVZ_ECOLI,42,40,Remaining Top10 Quality,1.0002674473392992,True
ENVZ_ECOLI,42,80,Norm. Target Mean (Round),0.2560654724440714,True
ENVZ_ECOLI,42,60,Norm. Target Mean (Cumulative),0.20870874761056357,True
ENVZ_ECOLI,42,60,Top 10% peptides selected (%),3.5398230088495577,True
ENVZ_ECOLI,42,60,Remaining Top10 Quality,1.0007394523095166,True
ENVZ_ECOLI,42,100,Norm. Target Mean (Round),-0.3706272822519581,True
ENVZ_ECOLI,42,80,Norm. Target Mean (Cumulative),0.2303453242814094,True
ENVZ_ECOLI,42,80,Top 10% peptides selected (%),6.1946902654867255,True
ENVZ_ECOLI,42,80,Remaining Top10 Quality,1.0011451204721071,True
ENVZ_ECOLI,42,120,Norm. Target Mean (Round),0.43300387654388267,True
ENVZ_ECOLI,42,100,Norm. Target Mean (Cumulative),0.09670464083304055,True
ENVZ_ECOLI,42,100,Top 10% peptides selected (%),8.849557522123893,True
ENVZ_ECOLI,42,100,Remaining Top10 Quality,1.0017189828811817,True
ENVZ_ECOLI,42,140,Norm. Target Mean (Round),0.2763473857182265,True
ENVZ_ECOLI,42,120,Norm. Target Mean (Cumulative),0.16481265132542453,True
ENVZ_ECOLI,42,120,Top 10% peptides selected (%),9.734513274336283,True
ENVZ_ECOLI,42,120,Remaining Top10 Quality,1.0012597074517255,True
ENVZ_ECOLI,42,160,Norm. Target Mean (Round),0.3695004123741054,True
ENVZ_ECOLI,42,140,Norm. Target Mean (Cumulative),0.1868354671409531,True
ENVZ_ECOLI,42,140,Top 10% peptides selected (%),11.504424778761061,True
ENVZ_ECOLI,42,140,Remaining Top10 Quality,1.0024167238358557,True
ENVZ_ECOLI,42,180,Norm. Target Mean (Round),0.46691514785864274,True
ENVZ_ECOLI,42,160,Norm. Target Mean (Cumulative),0.21729692325647415,True
ENVZ_ECOLI,42,160,Top 10% peptides selected (%),14.15929203539823,True
ENVZ_ECOLI,42,160,Remaining Top10 Quality,1.0012525305659414,True
ENVZ_ECOLI,42,200,Norm. Target Mean (Round),0.4695654393098539,True
ENVZ_ECOLI,42,180,Norm. Target Mean (Cumulative),0.2539802510726984,True
ENVZ_ECOLI,42,180,Top 10% peptides selected (%),14.15929203539823,True
ENVZ_ECOLI,42,180,Remaining Top10 Quality,1.0026116865010863,True
ENVZ_ECOLI,42,200,Norm. Target Mean (Cumulative),0.28359034927633703,True
ENVZ_ECOLI,42,200,Top 10% peptides selected (%),19.469026548672566,True
ENVZ_ECOLI,42,200,Remaining Top10 Quality,1.0026116865010863,True
DN7A_SACS2,51,20,Norm. Target Mean (Round),0.0056017060496263635,True
DN7A_SACS2,51,40,Norm. Target Mean (Round),-0.33897189178922216,True
DN7A_SACS2,51,20,Norm. Target Mean (Cumulative),0.0056017060496263635,True
DN7A_SACS2,51,20,Top 10% peptides selected (%),0.9900990099009901,True
DN7A_SACS2,51,20,Remaining Top10 Quality,1.0018681268206187,True
DN7A_SACS2,51,60,Norm. Target Mean (Round),0.676519604889426,True
DN7A_SACS2,51,40,Norm. Target Mean (Cumulative),-0.1772697266476636,True
DN7A_SACS2,51,40,Top 10% peptides selected (%),1.9801980198019802,True
DN7A_SACS2,51,40,Remaining Top10 Quality,1.0020232254395631,True
DN7A_SACS2,51,80,Norm. Target Mean (Round),0.35621184092460434,True
DN7A_SACS2,51,60,Norm. Target Mean (Cumulative),0.12668086092721115,True
DN7A_SACS2,51,60,Top 10% peptides selected (%),12.871287128712872,True
DN7A_SACS2,51,60,Remaining Top10 Quality,0.9955616996321166,True
DN7A_SACS2,51,100,Norm. Target Mean (Round),0.5063665661304262,True
DN7A_SACS2,51,80,Norm. Target Mean (Cumulative),0.19708740507254496,True
DN7A_SACS2,51,80,Top 10% peptides selected (%),13.861386138613863,True
DN7A_SACS2,51,80,Remaining Top10 Quality,0.9971001079005491,True
DN7A_SACS2,51,120,Norm. Target Mean (Round),0.510172129283193,True
DN7A_SACS2,51,100,Norm. Target Mean (Cumulative),0.2773747604505953,True
DN7A_SACS2,51,100,Top 10% peptides selected (%),15.841584158415841,True
DN7A_SACS2,51,100,Remaining Top10 Quality,0.998922022979912,True
DN7A_SACS2,51,140,Norm. Target Mean (Round),0.6471570294022821,True
DN7A_SACS2,51,120,Norm. Target Mean (Cumulative),0.3349898464629252,True
DN7A_SACS2,51,120,Top 10% peptides selected (%),19.801980198019802,True
DN7A_SACS2,51,120,Remaining Top10 Quality,0.9970841914985422,True
DN7A_SACS2,51,160,Norm. Target Mean (Round),0.4413144261075805,True
DN7A_SACS2,51,140,Norm. Target Mean (Cumulative),0.40315859880173166,True
DN7A_SACS2,51,140,Top 10% peptides selected (%),25.742574257425744,True
DN7A_SACS2,51,140,Remaining Top10 Quality,0.9905192328772761,True
DN7A_SACS2,51,180,Norm. Target Mean (Round),0.5512006666896361,True
DN7A_SACS2,51,160,Norm. Target Mean (Cumulative),0.4233574134017682,True
DN7A_SACS2,51,160,Top 10% peptides selected (%),31.683168316831683,True
DN7A_SACS2,51,160,Remaining Top10 Quality,0.9747892489282941,True
DN7A_SACS2,51,200,Norm. Target Mean (Round),0.6211175109294991,True
DN7A_SACS2,51,180,Norm. Target Mean (Cumulative),0.4545201488191285,True
DN7A_SACS2,51,180,Top 10% peptides selected (%),35.64356435643564,True
DN7A_SACS2,51,180,Remaining Top10 Quality,0.9672455372568922,True
DN7A_SACS2,51,200,Norm. Target Mean (Cumulative),0.48961647233167743,True
DN7A_SACS2,51,200,Top 10% peptides selected (%),41.584158415841586,True
DN7A_SACS2,51,200,Remaining Top10 Quality,0.9672455372568922,True
DN7A_SACS2,49,20,Norm. Target Mean (Round),0.023117647777543274,True
DN7A_SACS2,49,40,Norm. Target Mean (Round),0.5294518996991113,True
DN7A_SACS2,49,20,Norm. Target Mean (Cumulative),0.023117647777543274,True
DN7A_SACS2,49,20,Top 10% peptides selected (%),1.9801980198019802,True
DN7A_SACS2,49,20,Remaining Top10 Quality,1.0019303928788734,True
DN7A_SACS2,49,60,Norm. Target Mean (Round),0.54127764654466,True
DN7A_SACS2,49,40,Norm. Target Mean (Cumulative),0.29357827121436664,True
DN7A_SACS2,49,40,Top 10% peptides selected (%),5.9405940594059405,True
DN7A_SACS2,49,40,Remaining Top10 Quality,1.0006812220451033,True
DN7A_SACS2,49,80,Norm. Target Mean (Round),0.47895835758361455,True
DN7A_SACS2,49,60,Norm. Target Mean (Cumulative),0.40089054560979165,True
DN7A_SACS2,49,60,Top 10% peptides selected (%),10.891089108910892,True
DN7A_SACS2,49,60,Remaining Top10 Quality,0.9943405609309066,True
DN7A_SACS2,49,100,Norm. Target Mean (Round),0.4852680672875672,True
DN7A_SACS2,49,80,Norm. Target Mean (Cumulative),0.44152906277495463,True
DN7A_SACS2,49,80,Top 10% peptides selected (%),12.871287128712872,True
DN7A_SACS2,49,80,Remaining Top10 Quality,0.9943022890525057,True
DN7A_SACS2,49,120,Norm. Target Mean (Round),0.5681788650045677,True
DN7A_SACS2,49,100,Norm. Target Mean (Cumulative),0.47050892912328734,True
DN7A_SACS2,49,100,Top 10% peptides selected (%),15.841584158415841,True
DN7A_SACS2,49,100,Remaining Top10 Quality,0.9933981430261946,True
DN7A_SACS2,49,140,Norm. Target Mean (Round),0.4958288671055802,True
DN7A_SACS2,49,120,Norm. Target Mean (Cumulative),0.5096013880633977,True
DN7A_SACS2,49,120,Top 10% peptides selected (%),21.782178217821784,True
DN7A_SACS2,49,120,Remaining Top10 Quality,0.9908693836376614,True
DN7A_SACS2,49,160,Norm. Target Mean (Round),0.5677559132258824,True
DN7A_SACS2,49,140,Norm. Target Mean (Cumulative),0.5271340462984612,True
DN7A_SACS2,49,140,Top 10% peptides selected (%),24.752475247524753,True
DN7A_SACS2,49,140,Remaining Top10 Quality,0.9867038424238097,True
DN7A_SACS2,49,180,Norm. Target Mean (Round),0.5408435917224412,True
DN7A_SACS2,49,160,Norm. Target Mean (Cumulative),0.5535352196949183,True
DN7A_SACS2,49,160,Top 10% peptides selected (%),26.732673267326735,True
DN7A_SACS2,49,160,Remaining Top10 Quality,0.9850128980239061,True
DN7A_SACS2,49,200,Norm. Target Mean (Round),0.5121959992936872,True
DN7A_SACS2,49,180,Norm. Target Mean (Cumulative),0.5714679535287812,True
DN7A_SACS2,49,180,Top 10% peptides selected (%),27.722772277227726,True
DN7A_SACS2,49,180,Remaining Top10 Quality,0.985087177558637,True
DN7A_SACS2,49,200,Norm. Target Mean (Cumulative),0.582663697722431,True
DN7A_SACS2,49,200,Top 10% peptides selected (%),29.7029702970297,True
DN7A_SACS2,49,200,Remaining Top10 Quality,0.985087177558637,True
A0A247D711_LISMN,47,20,Norm. Target Mean (Round),-0.46122672665842973,True
A0A247D711_LISMN,47,40,Norm. Target Mean (Round),-0.1843259727105497,True
A0A247D711_LISMN,47,20,Norm. Target Mean (Cumulative),-0.46122672665842973,True
A0A247D711_LISMN,47,20,Top 10% peptides selected (%),1.2048192771084338,True
A0A247D711_LISMN,47,20,Remaining Top10 Quality,0.998793693832788,True
A0A247D711_LISMN,47,60,Norm. Target Mean (Round),-0.8786626626779883,True
A0A247D711_LISMN,47,40,Norm. Target Mean (Cumulative),-0.3267499361004769,True
A0A247D711_LISMN,47,40,Top 10% peptides selected (%),3.0120481927710845,True
A0A247D711_LISMN,47,40,Remaining Top10 Quality,0.9986751493145211,True
A0A247D711_LISMN,47,80,Norm. Target Mean (Round),-0.8038707560944106,True
A0A247D711_LISMN,47,60,Norm. Target Mean (Cumulative),-0.5225056316327339,True
A0A247D711_LISMN,47,60,Top 10% peptides selected (%),3.0120481927710845,True
A0A247D711_LISMN,47,60,Remaining Top10 Quality,1.00004195813992,True
A0A247D711_LISMN,47,100,Norm. Target Mean (Round),0.06597376607767688,True
A0A247D711_LISMN,47,80,Norm. Target Mean (Cumulative),-0.604628575852076,True
A0A247D711_LISMN,47,80,Top 10% peptides selected (%),3.614457831325301,True
A0A247D711_LISMN,47,80,Remaining Top10 Quality,1.0004839392029805,True
A0A247D711_LISMN,47,120,Norm. Target Mean (Round),0.4835810703071529,True
A0A247D711_LISMN,47,100,Norm. Target Mean (Cumulative),-0.4724625875167236,True
A0A247D711_LISMN,47,100,Top 10% peptides selected (%),3.614457831325301,True
A0A247D711_LISMN,47,100,Remaining Top10 Quality,1.001828582191956,True
A0A247D711_LISMN,47,140,Norm. Target Mean (Round),0.49732358302117063,True
A0A247D711_LISMN,47,120,Norm. Target Mean (Cumulative),-0.3086688599119253,True
A0A247D711_LISMN,47,120,Top 10% peptides selected (%),6.626506024096386,True
A0A247D711_LISMN,47,120,Remaining Top10 Quality,0.99961825489839,True
A0A247D711_LISMN,47,160,Norm. Target Mean (Round),0.25969740682169434,True
A0A247D711_LISMN,47,140,Norm. Target Mean (Cumulative),-0.18742301308868994,True
A0A247D711_LISMN,47,140,Top 10% peptides selected (%),9.036144578313253,True
A0A247D711_LISMN,47,140,Remaining Top10 Quality,0.9981031195616632,True
A0A247D711_LISMN,47,180,Norm. Target Mean (Round),0.062023335555116826,True
A0A247D711_LISMN,47,160,Norm. Target Mean (Cumulative),-0.12790296319814257,True
A0A247D711_LISMN,47,160,Top 10% peptides selected (%),11.44578313253012,True
A0A247D711_LISMN,47,160,Remaining Top10 Quality,0.9967569469864078,True
A0A247D711_LISMN,47,200,Norm. Target Mean (Round),0.10502812636007974,True
A0A247D711_LISMN,47,180,Norm. Target Mean (Cumulative),-0.10585017209415853,True
A0A247D711_LISMN,47,180,Top 10% peptides selected (%),12.048192771084338,True
A0A247D711_LISMN,47,180,Remaining Top10 Quality,0.9966408272628734,True
A0A247D711_LISMN,47,200,Norm. Target Mean (Cumulative),-0.08319058406372681,True
A0A247D711_LISMN,47,200,Top 10% peptides selected (%),12.650602409638553,True
A0A247D711_LISMN,47,200,Remaining Top10 Quality,0.9966408272628734,True
DN7A_SACS2,46,20,Norm. Target Mean (Round),0.22924180567134075,True
DN7A_SACS2,46,40,Norm. Target Mean (Round),0.7264050539124884,True
DN7A_SACS2,46,20,Norm. Target Mean (Cumulative),0.22924180567134075,True
DN7A_SACS2,46,20,Top 10% peptides selected (%),0.9900990099009901,True
DN7A_SACS2,46,20,Remaining Top10 Quality,1.002384485723448,True
DN7A_SACS2,46,60,Norm. Target Mean (Round),0.6627125724298312,True
DN7A_SACS2,46,40,Norm. Target Mean (Cumulative),0.5072594386500047,True
DN7A_SACS2,46,40,Top 10% peptides selected (%),11.881188118811881,True
DN7A_SACS2,46,40,Remaining Top10 Quality,0.9844463208014264,True
DN7A_SACS2,46,80,Norm. Target Mean (Round),0.5208293495146277,True
DN7A_SACS2,46,60,Norm. Target Mean (Cumulative),0.5879442911697493,True
DN7A_SACS2,46,60,Top 10% peptides selected (%),18.81188118811881,True
DN7A_SACS2,46,60,Remaining Top10 Quality,0.9781471399792383,True
DN7A_SACS2,46,100,Norm. Target Mean (Round),0.6306777491268986,True
DN7A_SACS2,46,80,Norm. Target Mean (Cumulative),0.5939941086961601,True
DN7A_SACS2,46,80,Top 10% peptides selected (%),21.782178217821784,True
DN7A_SACS2,46,80,Remaining Top10 Quality,0.9773794593967927,True
DN7A_SACS2,46,120,Norm. Target Mean (Round),0.5579602437357412,True
DN7A_SACS2,46,100,Norm. Target Mean (Cumulative),0.6269491660015225,True
DN7A_SACS2,46,100,Top 10% peptides selected (%),27.722772277227726,True
DN7A_SACS2,46,100,Remaining Top10 Quality,0.9686096509015725,True
DN7A_SACS2,46,140,Norm. Target Mean (Round),0.5645224337220545,True
DN7A_SACS2,46,120,Norm. Target Mean (Cumulative),0.6373496661417984,True
DN7A_SACS2,46,120,Top 10% peptides selected (%),33.663366336633665,True
DN7A_SACS2,46,120,Remaining Top10 Quality,0.9655801701393582,True
DN7A_SACS2,46,160,Norm. Target Mean (Round),0.6052152651835402,True
DN7A_SACS2,46,140,Norm. Target Mean (Cumulative),0.6487016072686332,True
DN7A_SACS2,46,140,Top 10% peptides selected (%),36.633663366336634,True
DN7A_SACS2,46,140,Remaining Top10 Quality,0.9623768499511418,True
DN7A_SACS2,46,180,Norm. Target Mean (Round),0.6048978551563073,True
DN7A_SACS2,46,160,Norm. Target Mean (Cumulative),0.6659273517572067,True
DN7A_SACS2,46,160,Top 10% peptides selected (%),40.5940594059406,True
DN7A_SACS2,46,160,Remaining Top10 Quality,0.9592041650816244,True
DN7A_SACS2,46,200,Norm. Target Mean (Round),0.6058536347397407,True
DN7A_SACS2,46,180,Norm. Target Mean (Cumulative),0.680857310499353,True
DN7A_SACS2,46,180,Top 10% peptides selected (%),44.554455445544555,True
DN7A_SACS2,46,180,Remaining Top10 Quality,0.9524789094183953,True
DN7A_SACS2,46,200,Norm. Target Mean (Cumulative),0.6939512178319336,True
DN7A_SACS2,46,200,Top 10% peptides selected (%),49.504950495049506,True
DN7A_SACS2,46,200,Remaining Top10 Quality,0.9524789094183953,True
A0A247D711_LISMN,50,20,Norm. Target Mean (Round),0.03867745322731912,True
A0A247D711_LISMN,50,40,Norm. Target Mean (Round),0.5107865408704909,True
A0A247D711_LISMN,50,20,Norm. Target Mean (Cumulative),0.03867745322731912,True
A0A247D711_LISMN,50,20,Top 10% peptides selected (%),1.2048192771084338,True
A0A247D711_LISMN,50,20,Remaining Top10 Quality,1.0006123978814738,True
A0A247D711_LISMN,50,60,Norm. Target Mean (Round),0.41776182154262453,True
A0A247D711_LISMN,50,40,Norm. Target Mean (Cumulative),0.28095898298631644,True
A0A247D711_LISMN,50,40,Top 10% peptides selected (%),4.216867469879518,True
A0A247D711_LISMN,50,40,Remaining Top10 Quality,0.9991101587410385,True
A0A247D711_LISMN,50,80,Norm. Target Mean (Round),0.4714581745887697,True
A0A247D711_LISMN,50,60,Norm. Target Mean (Cumulative),0.3348028888687496,True
A0A247D711_LISMN,50,60,Top 10% peptides selected (%),6.024096385542169,True
A0A247D711_LISMN,50,60,Remaining Top10 Quality,0.9979817340964509,True
A0A247D711_LISMN,50,100,Norm. Target Mean (Round),0.47389978917655384,True
A0A247D711_LISMN,50,80,Norm. Target Mean (Cumulative),0.3798125137123614,True
A0A247D711_LISMN,50,80,Top 10% peptides selected (%),7.83132530120482,True
A0A247D711_LISMN,50,80,Remaining Top10 Quality,0.9964434820198615,True
A0A247D711_LISMN,50,120,Norm. Target Mean (Round),0.4480305757556197,True
A0A247D711_LISMN,50,100,Norm. Target Mean (Cumulative),0.4100061486795886,True
A0A247D711_LISMN,50,100,Top 10% peptides selected (%),8.433734939759036,True
A0A247D711_LISMN,50,100,Remaining Top10 Quality,0.9977211341083179,True
A0A247D711_LISMN,50,140,Norm. Target Mean (Round),0.495410735567346,True
A0A247D711_LISMN,50,120,Norm. Target Mean (Cumulative),0.4268950338387093,True
A0A247D711_LISMN,50,120,Top 10% peptides selected (%),10.240963855421686,True
A0A247D711_LISMN,50,120,Remaining Top10 Quality,0.997096218033136,True
A0A247D711_LISMN,50,160,Norm. Target Mean (Round),0.2854510037229477,True
A0A247D711_LISMN,50,140,Norm. Target Mean (Cumulative),0.4479978016463329,True
A0A247D711_LISMN,50,140,Top 10% peptides selected (%),13.253012048192772,True
A0A247D711_LISMN,50,140,Remaining Top10 Quality,0.9947927327558969,True
A0A247D711_LISMN,50,180,Norm. Target Mean (Round),-0.7909286370544468,True
A0A247D711_LISMN,50,160,Norm. Target Mean (Cumulative),0.43416468667789293,True
A0A247D711_LISMN,50,160,Top 10% peptides selected (%),15.060240963855422,True
A0A247D711_LISMN,50,160,Remaining Top10 Quality,0.9949543890922606,True
A0A247D711_LISMN,50,200,Norm. Target Mean (Round),0.6120965174715723,True
A0A247D711_LISMN,50,180,Norm. Target Mean (Cumulative),0.280832709179528,True
A0A247D711_LISMN,50,180,Top 10% peptides selected (%),15.060240963855422,True
A0A247D711_LISMN,50,180,Remaining Top10 Quality,0.9965412084332617,True
A0A247D711_LISMN,50,200,Norm. Target Mean (Cumulative),0.32609210556791174,True
A0A247D711_LISMN,50,200,Top 10% peptides selected (%),17.46987951807229,True
A0A247D711_LISMN,50,200,Remaining Top10 Quality,0.9965412084332617,True
ENVZ_ECOLI,49,20,Norm. Target Mean (Round),-0.27153981309800984,True
ENVZ_ECOLI,49,40,Norm. Target Mean (Round),0.10526931053180198,True
ENVZ_ECOLI,49,20,Norm. Target Mean (Cumulative),-0.27153981309800984,True
ENVZ_ECOLI,49,20,Top 10% peptides selected (%),3.5398230088495577,True
ENVZ_ECOLI,49,20,Remaining Top10 Quality,0.9985810426448031,True
ENVZ_ECOLI,49,60,Norm. Target Mean (Round),0.5221538957806107,True
ENVZ_ECOLI,49,40,Norm. Target Mean (Cumulative),-0.08757734331141957,True
ENVZ_ECOLI,49,40,Top 10% peptides selected (%),4.424778761061947,True
ENVZ_ECOLI,49,40,Remaining Top10 Quality,0.9995180032104083,True
ENVZ_ECOLI,49,80,Norm. Target Mean (Round),0.09598105420786927,True
ENVZ_ECOLI,49,60,Norm. Target Mean (Cumulative),0.1335452791781821,True
ENVZ_ECOLI,49,60,Top 10% peptides selected (%),7.964601769911504,True
ENVZ_ECOLI,49,60,Remaining Top10 Quality,0.9915636036483991,True
ENVZ_ECOLI,49,100,Norm. Target Mean (Round),0.22693906494915964,True
ENVZ_ECOLI,49,80,Norm. Target Mean (Cumulative),0.12688349667247895,True
ENVZ_ECOLI,49,80,Top 10% peptides selected (%),10.619469026548673,True
ENVZ_ECOLI,49,80,Remaining Top10 Quality,0.9898231169658579,True
ENVZ_ECOLI,49,120,Norm. Target Mean (Round),0.3768821777071585,True
ENVZ_ECOLI,49,100,Norm. Target Mean (Cumulative),0.15177638123511095,True
ENVZ_ECOLI,49,100,Top 10% peptides selected (%),11.504424778761061,True
ENVZ_ECOLI,49,100,Remaining Top10 Quality,0.9894166936189008,True
ENVZ_ECOLI,49,140,Norm. Target Mean (Round),0.23544163559385242,True
ENVZ_ECOLI,49,120,Norm. Target Mean (Cumulative),0.19652301854569956,True
ENVZ_ECOLI,49,120,Top 10% peptides selected (%),15.04424778761062,True
ENVZ_ECOLI,49,120,Remaining Top10 Quality,0.9875605054026876,True
ENVZ_ECOLI,49,160,Norm. Target Mean (Round),0.6941056619952387,True
ENVZ_ECOLI,49,140,Norm. Target Mean (Cumulative),0.20516162751194333,True
ENVZ_ECOLI,49,140,Top 10% peptides selected (%),15.929203539823009,True
ENVZ_ECOLI,49,140,Remaining Top10 Quality,0.9885421555181088,True
ENVZ_ECOLI,49,180,Norm. Target Mean (Round),0.6324436881350898,True
ENVZ_ECOLI,49,160,Norm. Target Mean (Cumulative),0.2779574128983931,True
ENVZ_ECOLI,49,160,Top 10% peptides selected (%),21.238938053097346,True
ENVZ_ECOLI,49,160,Remaining Top10 Quality,0.9857080627653722,True
ENVZ_ECOLI,49,200,Norm. Target Mean (Round),0.08916363520822317,True
ENVZ_ECOLI,49,180,Norm. Target Mean (Cumulative),0.32659182415105387,True
ENVZ_ECOLI,49,180,Top 10% peptides selected (%),22.123893805309734,True
ENVZ_ECOLI,49,180,Remaining Top10 Quality,0.9865431739542521,True
ENVZ_ECOLI,49,200,Norm. Target Mean (Cumulative),0.3003057784430511,True
ENVZ_ECOLI,49,200,Top 10% peptides selected (%),25.663716814159294,True
ENVZ_ECOLI,49,200,Remaining Top10 Quality,0.9865431739542521,True
DN7A_SACS2,44,20,Norm. Target Mean (Round),-0.08126003811293643,True
DN7A_SACS2,44,40,Norm. Target Mean (Round),0.225854776440223,True
DN7A_SACS2,44,20,Norm. Target Mean (Cumulative),-0.08126003811293643,True
DN7A_SACS2,44,20,Top 10% peptides selected (%),1.9801980198019802,True
DN7A_SACS2,44,20,Remaining Top10 Quality,1.0014163699975236,True
DN7A_SACS2,44,60,Norm. Target Mean (Round),0.05531892735906137,True
DN7A_SACS2,44,40,Norm. Target Mean (Cumulative),0.07753014066841762,True
DN7A_SACS2,44,40,Top 10% peptides selected (%),3.9603960396039604,True
DN7A_SACS2,44,40,Remaining Top10 Quality,1.0015722955168667,True
DN7A_SACS2,44,80,Norm. Target Mean (Round),-0.7369379275293847,True
DN7A_SACS2,44,60,Norm. Target Mean (Cumulative),0.07305514404558318,True
DN7A_SACS2,44,60,Top 10% peptides selected (%),3.9603960396039604,True
DN7A_SACS2,44,60,Remaining Top10 Quality,1.004235688250135,True
DN7A_SACS2,44,100,Norm. Target Mean (Round),0.6551952878443671,True
DN7A_SACS2,44,80,Norm. Target Mean (Cumulative),-0.15551122164598977,True
DN7A_SACS2,44,80,Top 10% peptides selected (%),3.9603960396039604,True
DN7A_SACS2,44,80,Remaining Top10 Quality,1.006967004079079,True
DN7A_SACS2,44,120,Norm. Target Mean (Round),0.45753021650500114,True
DN7A_SACS2,44,100,Norm. Target Mean (Cumulative),0.026526981011237353,True
DN7A_SACS2,44,100,Top 10% peptides selected (%),11.881188118811881,True
DN7A_SACS2,44,100,Remaining Top10 Quality,0.9963669488289544,True
DN7A_SACS2,44,140,Norm. Target Mean (Round),0.5393476372820944,True
DN7A_SACS2,44,120,Norm. Target Mean (Cumulative),0.11188755374968903,True
DN7A_SACS2,44,120,Top 10% peptides selected (%),14.85148514851485,True
DN7A_SACS2,44,120,Remaining Top10 Quality,0.9934491781863771,True
DN7A_SACS2,44,160,Norm. Target Mean (Round),0.5777573478978547,True
DN7A_SACS2,44,140,Norm. Target Mean (Cumulative),0.18930997911709668,True
DN7A_SACS2,44,140,Top 10% peptides selected (%),17.82178217821782,True
DN7A_SACS2,44,140,Remaining Top10 Quality,0.9939740490197166,True
DN7A_SACS2,44,180,Norm. Target Mean (Round),0.06596822365067936,True
DN7A_SACS2,44,160,Norm. Target Mean (Cumulative),0.2559110795755241,True
DN7A_SACS2,44,160,Top 10% peptides selected (%),21.782178217821784,True
DN7A_SACS2,44,160,Remaining Top10 Quality,0.9908999943795652,True
DN7A_SACS2,44,200,Norm. Target Mean (Round),0.5365784660342092,True
DN7A_SACS2,44,180,Norm. Target Mean (Cumulative),0.23603943221253584,True
DN7A_SACS2,44,180,Top 10% peptides selected (%),23.762376237623762,True
DN7A_SACS2,44,180,Remaining Top10 Quality,0.9857036477734396,True
DN7A_SACS2,44,200,Norm. Target Mean (Cumulative),0.2810928211006596,True
DN7A_SACS2,44,200,Top 10% peptides selected (%),26.732673267326735,True
DN7A_SACS2,44,200,Remaining Top10 Quality,0.9857036477734396,True
DN7A_SACS2,45,20,Norm. Target Mean (Round),0.12347832883904963,True
DN7A_SACS2,45,40,Norm. Target Mean (Round),0.4712584408767202,True
DN7A_SACS2,45,20,Norm. Target Mean (Cumulative),0.12347832883904963,True
DN7A_SACS2,45,20,Top 10% peptides selected (%),0.9900990099009901,True
DN7A_SACS2,45,20,Remaining Top10 Quality,1.001526911945829,True
DN7A_SACS2,45,60,Norm. Target Mean (Round),0.1618624676578316,True
DN7A_SACS2,45,40,Norm. Target Mean (Cumulative),0.3154050865361794,True
DN7A_SACS2,45,40,Top 10% peptides selected (%),3.9603960396039604,True
DN7A_SACS2,45,40,Remaining Top10 Quality,1.0003712589998384,True
DN7A_SACS2,45,80,Norm. Target Mean (Round),0.524328333584284,True
DN7A_SACS2,45,60,Norm. Target Mean (Cumulative),0.27433090884842165,True
DN7A_SACS2,45,60,Top 10% peptides selected (%),4.9504950495049505,True
DN7A_SACS2,45,60,Remaining Top10 Quality,1.0028065154097137,True
DN7A_SACS2,45,100,Norm. Target Mean (Round),0.5364113799316708,True
DN7A_SACS2,45,80,Norm. Target Mean (Cumulative),0.35923426357653593,True
DN7A_SACS2,45,80,Top 10% peptides selected (%),7.920792079207921,True
DN7A_SACS2,45,80,Remaining Top10 Quality,1.0028161366888417,True
DN7A_SACS2,45,120,Norm. Target Mean (Round),0.5198518349504362,True
DN7A_SACS2,45,100,Norm. Target Mean (Cumulative),0.41739075802134545,True
DN7A_SACS2,45,100,Top 10% peptides selected (%),9.900990099009901,True
DN7A_SACS2,45,100,Remaining Top10 Quality,1.0019099302703058,True
DN7A_SACS2,45,140,Norm. Target Mean (Round),0.7178948216061873,True
DN7A_SACS2,45,120,Norm. Target Mean (Cumulative),0.45612011889451265,True
DN7A_SACS2,45,120,Top 10% peptides selected (%),12.871287128712872,True
DN7A_SACS2,45,120,Remaining Top10 Quality,1.0006808368448545,True
DN7A_SACS2,45,160,Norm. Target Mean (Round),0.6865845064651299,True
DN7A_SACS2,45,140,Norm. Target Mean (Cumulative),0.5225196609136665,True
DN7A_SACS2,45,140,Top 10% peptides selected (%),18.81188118811881,True
DN7A_SACS2,45,140,Remaining Top10 Quality,0.9907824466866569,True
DN7A_SACS2,45,180,Norm. Target Mean (Round),0.5230432817131623,True
DN7A_SACS2,45,160,Norm. Target Mean (Cumulative),0.5691673797193233,True
DN7A_SACS2,45,160,Top 10% peptides selected (%),28.71287128712871,True
DN7A_SACS2,45,160,Remaining Top10 Quality,0.9695352189048916,True
DN7A_SACS2,45,200,Norm. Target Mean (Round),0.5244917904039398,True
DN7A_SACS2,45,180,Norm. Target Mean (Cumulative),0.5810862143875668,True
DN7A_SACS2,45,180,Top 10% peptides selected (%),32.67326732673268,True
DN7A_SACS2,45,180,Remaining Top10 Quality,0.9635844071508628,True
DN7A_SACS2,45,200,Norm. Target Mean (Cumulative),0.591071636270388,True
DN7A_SACS2,45,200,Top 10% peptides selected (%),36.633663366336634,True
DN7A_SACS2,45,200,Remaining Top10 Quality,0.9635844071508628,True
ENVZ_ECOLI,46,20,Norm. Target Mean (Round),0.16942796672760885,True
ENVZ_ECOLI,46,40,Norm. Target Mean (Round),0.013491690859373828,True
ENVZ_ECOLI,46,20,Norm. Target Mean (Cumulative),0.16942796672760885,True
ENVZ_ECOLI,46,20,Top 10% peptides selected (%),0.8849557522123894,True
ENVZ_ECOLI,46,20,Remaining Top10 Quality,1.0009207455528082,True
ENVZ_ECOLI,46,60,Norm. Target Mean (Round),0.24748519253182055,True
ENVZ_ECOLI,46,40,Norm. Target Mean (Cumulative),0.09698919096183997,True
ENVZ_ECOLI,46,40,Top 10% peptides selected (%),2.6548672566371683,True
ENVZ_ECOLI,46,40,Remaining Top10 Quality,0.9997807539536658,True
ENVZ_ECOLI,46,80,Norm. Target Mean (Round),0.34766480582979764,True
ENVZ_ECOLI,46,60,Norm. Target Mean (Cumulative),0.1577163768485255,True
ENVZ_ECOLI,46,60,Top 10% peptides selected (%),4.424778761061947,True
ENVZ_ECOLI,46,60,Remaining Top10 Quality,1.0002436618512538,True
ENVZ_ECOLI,46,100,Norm. Target Mean (Round),-0.36936366683722466,True
ENVZ_ECOLI,46,80,Norm. Target Mean (Cumulative),0.21792536307984847,True
ENVZ_ECOLI,46,80,Top 10% peptides selected (%),7.079646017699115,True
ENVZ_ECOLI,46,80,Remaining Top10 Quality,1.0006380656547822,True
ENVZ_ECOLI,46,120,Norm. Target Mean (Round),0.5377937983156824,True
ENVZ_ECOLI,46,100,Norm. Target Mean (Cumulative),0.0872799962883036,True
ENVZ_ECOLI,46,100,Top 10% peptides selected (%),9.734513274336283,True
ENVZ_ECOLI,46,100,Remaining Top10 Quality,1.0011984162438579,True
ENVZ_ECOLI,46,140,Norm. Target Mean (Round),0.5043109041476249,True
ENVZ_ECOLI,46,120,Norm. Target Mean (Cumulative),0.17735467034434366,True
ENVZ_ECOLI,46,120,Top 10% peptides selected (%),14.15929203539823,True
ENVZ_ECOLI,46,120,Remaining Top10 Quality,0.999762489628623,True
ENVZ_ECOLI,46,160,Norm. Target Mean (Round),0.6761164560407107,True
ENVZ_ECOLI,46,140,Norm. Target Mean (Cumulative),0.23630754171519,True
ENVZ_ECOLI,46,140,Top 10% peptides selected (%),15.04424778761062,True
ENVZ_ECOLI,46,140,Remaining Top10 Quality,1.0007786829626202,True
ENVZ_ECOLI,46,180,Norm. Target Mean (Round),0.4205607374731698,True
ENVZ_ECOLI,46,160,Norm. Target Mean (Cumulative),0.3068550189604929,True
ENVZ_ECOLI,46,160,Top 10% peptides selected (%),15.929203539823009,True
ENVZ_ECOLI,46,160,Remaining Top10 Quality,1.0019756814819736,True
ENVZ_ECOLI,46,200,Norm. Target Mean (Round),0.06634702304258414,True
ENVZ_ECOLI,46,180,Norm. Target Mean (Cumulative),0.3270147145371728,True
ENVZ_ECOLI,46,180,Top 10% peptides selected (%),16.8141592920354,True
ENVZ_ECOLI,46,180,Remaining Top10 Quality,1.0024617539476275,True
ENVZ_ECOLI,46,200,Norm. Target Mean (Cumulative),0.2983118490312296,True
ENVZ_ECOLI,46,200,Top 10% peptides selected (%),20.353982300884958,True
ENVZ_ECOLI,46,200,Remaining Top10 Quality,1.0024617539476275,True
A0A247D711_LISMN,51,20,Norm. Target Mean (Round),-0.31746333900725887,True
A0A247D711_LISMN,51,40,Norm. Target Mean (Round),0.4575675428455807,True
A0A247D711_LISMN,51,20,Norm. Target Mean (Cumulative),-0.31746333900725887,True
A0A247D711_LISMN,51,20,Top 10% peptides selected (%),1.2048192771084338,True
A0A247D711_LISMN,51,20,Remaining Top10 Quality,1.0005145456286493,True
A0A247D711_LISMN,51,60,Norm. Target Mean (Round),0.17527719402337066,True
A0A247D711_LISMN,51,40,Norm. Target Mean (Cumulative),0.07274897936837522,True
A0A247D711_LISMN,51,40,Top 10% peptides selected (%),3.0120481927710845,True
A0A247D711_LISMN,51,40,Remaining Top10 Quality,1.000357676117964,True
A0A247D711_LISMN,51,80,Norm. Target Mean (Round),0.37169051093252764,True
A0A247D711_LISMN,51,60,Norm. Target Mean (Cumulative),0.10994219212158444,True
A0A247D711_LISMN,51,60,Top 10% peptides selected (%),4.216867469879518,True
A0A247D711_LISMN,51,60,Remaining Top10 Quality,1.0013597855862935,True
A0A247D711_LISMN,51,100,Norm. Target Mean (Round),0.1487957699278568,True
A0A247D711_LISMN,51,80,Norm. Target Mean (Cumulative),0.182409673305929,True
A0A247D711_LISMN,51,80,Top 10% peptides selected (%),6.024096385542169,True
A0A247D711_LISMN,51,80,Remaining Top10 Quality,1.0017219468635832,True
A0A247D711_LISMN,51,120,Norm. Target Mean (Round),-0.04917631850631977,True
A0A247D711_LISMN,51,100,Norm. Target Mean (Cumulative),0.17927849147977987,True
A0A247D711_LISMN,51,100,Top 10% peptides selected (%),7.83132530120482,True
A0A247D711_LISMN,51,100,Remaining Top10 Quality,1.0008768754461117,True
A0A247D711_LISMN,51,140,Norm. Target Mean (Round),0.049041724108009575,True
A0A247D711_LISMN,51,120,Norm. Target Mean (Cumulative),0.1407326446884769,True
A0A247D711_LISMN,51,120,Top 10% peptides selected (%),8.433734939759036,True
A0A247D711_LISMN,51,120,Remaining Top10 Quality,1.0012027547969586,True
A0A247D711_LISMN,51,160,Norm. Target Mean (Round),-0.8435932029896285,True
A0A247D711_LISMN,51,140,Norm. Target Mean (Cumulative),0.12875504295417745,True
A0A247D711_LISMN,51,140,Top 10% peptides selected (%),9.63855421686747,True
A0A247D711_LISMN,51,140,Remaining Top10 Quality,1.0017318937560602,True
A0A247D711_LISMN,51,180,Norm. Target Mean (Round),0.20690096311230124,True
A0A247D711_LISMN,51,160,Norm. Target Mean (Cumulative),-0.008141896513533867,True
A0A247D711_LISMN,51,160,Top 10% peptides selected (%),9.63855421686747,True
A0A247D711_LISMN,51,160,Remaining Top10 Quality,1.0032602218841302,True
A0A247D711_LISMN,51,200,Norm. Target Mean (Round),-0.8371941453735794,True
A0A247D711_LISMN,51,180,Norm. Target Mean (Cumulative),0.019166413675242147,True
A0A247D711_LISMN,51,180,Top 10% peptides selected (%),11.44578313253012,True
A0A247D711_LISMN,51,180,Remaining Top10 Quality,1.0016233930441438,True
A0A247D711_LISMN,51,200,Norm. Target Mean (Cumulative),-0.08049564275905412,True
A0A247D711_LISMN,51,200,Top 10% peptides selected (%),11.44578313253012,True
A0A247D711_LISMN,51,200,Remaining Top10 Quality,1.0016233930441438,True
DN7A_SACS2,47,20,Norm. Target Mean (Round),0.13644266887885229,True
DN7A_SACS2,47,40,Norm. Target Mean (Round),0.33931785605071707,True
DN7A_SACS2,47,20,Norm. Target Mean (Cumulative),0.13644266887885229,True
DN7A_SACS2,47,20,Top 10% peptides selected (%),1.9801980198019802,True
DN7A_SACS2,47,20,Remaining Top10 Quality,1.0010688372869212,True
DN7A_SACS2,47,60,Norm. Target Mean (Round),0.38357206848751424,True
DN7A_SACS2,47,40,Norm. Target Mean (Cumulative),0.25190077833608104,True
DN7A_SACS2,47,40,Top 10% peptides selected (%),2.9702970297029703,True
DN7A_SACS2,47,40,Remaining Top10 Quality,1.002114744139644,True
DN7A_SACS2,47,80,Norm. Target Mean (Round),0.5280379045750313,True
DN7A_SACS2,47,60,Norm. Target Mean (Cumulative),0.31362501731390025,True
DN7A_SACS2,47,60,Top 10% peptides selected (%),6.9306930693069315,True
DN7A_SACS2,47,60,Remaining Top10 Quality,1.0005714537238182,True
DN7A_SACS2,47,100,Norm. Target Mean (Round),0.4374654637160834,True
DN7A_SACS2,47,80,Norm. Target Mean (Cumulative),0.3905918345573263,True
DN7A_SACS2,47,80,Top 10% peptides selected (%),9.900990099009901,True
DN7A_SACS2,47,80,Remaining Top10 Quality,1.0004454243302625,True
DN7A_SACS2,47,120,Norm. Target Mean (Round),0.4683754984822126,True
DN7A_SACS2,47,100,Norm. Target Mean (Cumulative),0.41921528444960054,True
DN7A_SACS2,47,100,Top 10% peptides selected (%),10.891089108910892,True
DN7A_SACS2,47,100,Remaining Top10 Quality,1.0015597037594899,True
DN7A_SACS2,47,140,Norm. Target Mean (Round),0.6710124049889484,True
DN7A_SACS2,47,120,Norm. Target Mean (Cumulative),0.44711208797359087,True
DN7A_SACS2,47,120,Top 10% peptides selected (%),13.861386138613863,True
DN7A_SACS2,47,120,Remaining Top10 Quality,1.0020511552790519,True
DN7A_SACS2,47,160,Norm. Target Mean (Round),0.43607900091954827,True
DN7A_SACS2,47,140,Norm. Target Mean (Cumulative),0.5065986994380348,True
DN7A_SACS2,47,140,Top 10% peptides selected (%),22.772277227722775,True
DN7A_SACS2,47,140,Remaining Top10 Quality,0.9916777706279656,True
DN7A_SACS2,47,180,Norm. Target Mean (Round),0.606667436963643,True
DN7A_SACS2,47,160,Norm. Target Mean (Cumulative),0.5148925879862019,True
DN7A_SACS2,47,160,Top 10% peptides selected (%),26.732673267326735,True
DN7A_SACS2,47,160,Remaining Top10 Quality,0.9887668735900945,True
DN7A_SACS2,47,200,Norm. Target Mean (Round),0.5002885132175015,True
DN7A_SACS2,47,180,Norm. Target Mean (Cumulative),0.5479213362227778,True
DN7A_SACS2,47,180,Top 10% peptides selected (%),30.693069306930692,True
DN7A_SACS2,47,180,Remaining Top10 Quality,0.9877880617369744,True
DN7A_SACS2,47,200,Norm. Target Mean (Cumulative),0.5608467819101618,True
DN7A_SACS2,47,200,Top 10% peptides selected (%),31.683168316831683,True
DN7A_SACS2,47,200,Remaining Top10 Quality,0.9877880617369744,True
ENVZ_ECOLI,45,20,Norm. Target Mean (Round),0.07419916202513183,True
ENVZ_ECOLI,45,40,Norm. Target Mean (Round),0.010511220020410418,True
ENVZ_ECOLI,45,20,Norm. Target Mean (Cumulative),0.07419916202513183,True
ENVZ_ECOLI,45,20,Top 10% peptides selected (%),2.6548672566371683,True
ENVZ_ECOLI,45,20,Remaining Top10 Quality,1.0008767561637233,True
ENVZ_ECOLI,45,60,Norm. Target Mean (Round),0.24587212829273838,True
ENVZ_ECOLI,45,40,Norm. Target Mean (Cumulative),0.04495487317626386,True
ENVZ_ECOLI,45,40,Top 10% peptides selected (%),3.5398230088495577,True
ENVZ_ECOLI,45,40,Remaining Top10 Quality,1.0000194298363274,True
ENVZ_ECOLI,45,80,Norm. Target Mean (Round),0.3461097260403758,True
ENVZ_ECOLI,45,60,Norm. Target Mean (Cumulative),0.1217497729522752,True
ENVZ_ECOLI,45,60,Top 10% peptides selected (%),5.3097345132743365,True
ENVZ_ECOLI,45,60,Remaining Top10 Quality,1.000486798965368,True
ENVZ_ECOLI,45,100,Norm. Target Mean (Round),-0.37149536389111143,True
ENVZ_ECOLI,45,80,Norm. Target Mean (Cumulative),0.1903722189722577,True
ENVZ_ECOLI,45,80,Top 10% peptides selected (%),7.964601769911504,True
ENVZ_ECOLI,45,80,Remaining Top10 Quality,1.0008822376870194,True
ENVZ_ECOLI,45,120,Norm. Target Mean (Round),-0.4806173078161651,True
ENVZ_ECOLI,45,100,Norm. Target Mean (Cumulative),0.0648990930336913,True
ENVZ_ECOLI,45,100,Top 10% peptides selected (%),10.619469026548673,True
ENVZ_ECOLI,45,100,Remaining Top10 Quality,1.0014461222333635,True
ENVZ_ECOLI,45,140,Norm. Target Mean (Round),0.22553673831405055,True
ENVZ_ECOLI,45,120,Norm. Target Mean (Cumulative),-0.040305378099230106,True
ENVZ_ECOLI,45,120,Top 10% peptides selected (%),10.619469026548673,True
ENVZ_ECOLI,45,120,Remaining Top10 Quality,1.0027389711053918,True
ENVZ_ECOLI,45,160,Norm. Target Mean (Round),0.04203926519814404,True
ENVZ_ECOLI,45,140,Norm. Target Mean (Cumulative),0.0036020186499555484,True
ENVZ_ECOLI,45,140,Top 10% peptides selected (%),11.504424778761061,True
ENVZ_ECOLI,45,140,Remaining Top10 Quality,1.0040346244269547,True
ENVZ_ECOLI,45,180,Norm. Target Mean (Round),0.34636965291643224,True
ENVZ_ECOLI,45,160,Norm. Target Mean (Cumulative),0.009352147565910577,True
ENVZ_ECOLI,45,160,Top 10% peptides selected (%),13.274336283185843,True
ENVZ_ECOLI,45,160,Remaining Top10 Quality,1.0044305246459158,True
ENVZ_ECOLI,45,200,Norm. Target Mean (Round),0.5061367490680465,True
ENVZ_ECOLI,45,180,Norm. Target Mean (Cumulative),0.05427076823092754,True
ENVZ_ECOLI,45,180,Top 10% peptides selected (%),15.04424778761062,True
ENVZ_ECOLI,45,180,Remaining Top10 Quality,1.0035086685296652,True
ENVZ_ECOLI,45,200,Norm. Target Mean (Cumulative),0.10931681936299126,True
ENVZ_ECOLI,45,200,Top 10% peptides selected (%),17.699115044247787,True
ENVZ_ECOLI,45,200,Remaining Top10 Quality,1.0035086685296652,True
ENVZ_ECOLI,50,20,Norm. Target Mean (Round),0.5564597121028624,True
ENVZ_ECOLI,50,40,Norm. Target Mean (Round),0.11229847011282233,True
ENVZ_ECOLI,50,20,Norm. Target Mean (Cumulative),0.5564597121028624,True
ENVZ_ECOLI,50,20,Top 10% peptides selected (%),2.6548672566371683,True
ENVZ_ECOLI,50,20,Remaining Top10 Quality,1.0000745189052742,True
ENVZ_ECOLI,50,60,Norm. Target Mean (Round),0.3399065502391558,True
ENVZ_ECOLI,50,40,Norm. Target Mean (Cumulative),0.35574152205037163,True
ENVZ_ECOLI,50,40,Top 10% peptides selected (%),2.6548672566371683,True
ENVZ_ECOLI,50,40,Remaining Top10 Quality,1.0012427076679133,True
ENVZ_ECOLI,50,80,Norm. Target Mean (Round),0.4750894498345091,True
ENVZ_ECOLI,50,60,Norm. Target Mean (Cumulative),0.36956685003466466,True
ENVZ_ECOLI,50,60,Top 10% peptides selected (%),2.6548672566371683,True
ENVZ_ECOLI,50,60,Remaining Top10 Quality,1.0024405908922955,True
ENVZ_ECOLI,50,100,Norm. Target Mean (Round),0.26492450291937314,True
ENVZ_ECOLI,50,80,Norm. Target Mean (Cumulative),0.4159551870609059,True
ENVZ_ECOLI,50,80,Top 10% peptides selected (%),7.964601769911504,True
ENVZ_ECOLI,50,80,Remaining Top10 Quality,1.0011145673004302,True
ENVZ_ECOLI,50,120,Norm. Target Mean (Round),0.3627601526200889,True
ENVZ_ECOLI,50,100,Norm. Target Mean (Cumulative),0.3942978188803855,True
ENVZ_ECOLI,50,100,Top 10% peptides selected (%),9.734513274336283,True
ENVZ_ECOLI,50,100,Remaining Top10 Quality,1.0016213514920371,True
ENVZ_ECOLI,50,140,Norm. Target Mean (Round),0.34477288196378536,True
ENVZ_ECOLI,50,120,Norm. Target Mean (Cumulative),0.39892112314075745,True
ENVZ_ECOLI,50,120,Top 10% peptides selected (%),12.389380530973451,True
ENVZ_ECOLI,50,120,Remaining Top10 Quality,1.0020536863867007,True
ENVZ_ECOLI,50,160,Norm. Target Mean (Round),0.682555246360463,True
ENVZ_ECOLI,50,140,Norm. Target Mean (Cumulative),0.39871235512774755,True
ENVZ_ECOLI,50,140,Top 10% peptides selected (%),12.389380530973451,True
ENVZ_ECOLI,50,140,Remaining Top10 Quality,1.0033849274410591,True
ENVZ_ECOLI,50,180,Norm. Target Mean (Round),0.5436056320650245,True
ENVZ_ECOLI,50,160,Norm. Target Mean (Cumulative),0.4508628223927914,True
ENVZ_ECOLI,50,160,Top 10% peptides selected (%),13.274336283185843,True
ENVZ_ECOLI,50,160,Remaining Top10 Quality,1.0046955875244172,True
ENVZ_ECOLI,50,200,Norm. Target Mean (Round),0.4314296881687628,True
ENVZ_ECOLI,50,180,Norm. Target Mean (Cumulative),0.4721968870637697,True
ENVZ_ECOLI,50,180,Top 10% peptides selected (%),16.8141592920354,True
ENVZ_ECOLI,50,180,Remaining Top10 Quality,1.0035171236143234,True
ENVZ_ECOLI,50,200,Norm. Target Mean (Cumulative),0.47440839388242,True
ENVZ_ECOLI,50,200,Top 10% peptides selected (%),18.58407079646018,True
ENVZ_ECOLI,50,200,Remaining Top10 Quality,1.0035171236143234,True
DN7A_SACS2,50,20,Norm. Target Mean (Round),-0.07228734163353019,True
DN7A_SACS2,50,40,Norm. Target Mean (Round),0.3381582877493139,True
DN7A_SACS2,50,20,Norm. Target Mean (Cumulative),-0.07228734163353019,True
DN7A_SACS2,50,20,Top 10% peptides selected (%),2.9702970297029703,True
DN7A_SACS2,50,20,Remaining Top10 Quality,1.001303151288628,True
DN7A_SACS2,50,60,Norm. Target Mean (Round),0.49325122884849204,True
DN7A_SACS2,50,40,Norm. Target Mean (Cumulative),0.14182737286998678,True
DN7A_SACS2,50,40,Top 10% peptides selected (%),6.9306930693069315,True
DN7A_SACS2,50,40,Remaining Top10 Quality,0.9980112179732198,True
DN7A_SACS2,50,80,Norm. Target Mean (Round),0.3920166364702598,True
DN7A_SACS2,50,60,Norm. Target Mean (Cumulative),0.2789373230738952,True
DN7A_SACS2,50,60,Top 10% peptides selected (%),7.920792079207921,True
DN7A_SACS2,50,60,Remaining Top10 Quality,1.000465201856137,True
DN7A_SACS2,50,100,Norm. Target Mean (Round),0.454761461447555,True
DN7A_SACS2,50,80,Norm. Target Mean (Cumulative),0.3246595111323496,True
DN7A_SACS2,50,80,Top 10% peptides selected (%),9.900990099009901,True
DN7A_SACS2,50,80,Remaining Top10 Quality,1.0014504295441704,True
DN7A_SACS2,50,120,Norm. Target Mean (Round),0.42334643346937895,True
DN7A_SACS2,50,100,Norm. Target Mean (Cumulative),0.3698733371453861,True
DN7A_SACS2,50,100,Top 10% peptides selected (%),11.881188118811881,True
DN7A_SACS2,50,100,Remaining Top10 Quality,1.0003859232527155,True
DN7A_SACS2,50,140,Norm. Target Mean (Round),0.47385126133940036,True
DN7A_SACS2,50,120,Norm. Target Mean (Cumulative),0.3960799663829776,True
DN7A_SACS2,50,120,Top 10% peptides selected (%),14.85148514851485,True
DN7A_SACS2,50,120,Remaining Top10 Quality,0.9993293792554906,True
DN7A_SACS2,50,160,Norm. Target Mean (Round),0.20600360779137725,True
DN7A_SACS2,50,140,Norm. Target Mean (Cumulative),0.4260179123020212,True
DN7A_SACS2,50,140,Top 10% peptides selected (%),15.841584158415841,True
DN7A_SACS2,50,140,Remaining Top10 Quality,1.0004919800589744,True
DN7A_SACS2,50,180,Norm. Target Mean (Round),0.01277790808999209,True
DN7A_SACS2,50,160,Norm. Target Mean (Cumulative),0.40608335759064523,True
DN7A_SACS2,50,160,Top 10% peptides selected (%),15.841584158415841,True
DN7A_SACS2,50,160,Remaining Top10 Quality,1.0035407000610044,True
DN7A_SACS2,50,200,Norm. Target Mean (Round),0.45613846517633655,True
DN7A_SACS2,50,180,Norm. Target Mean (Cumulative),0.36141816480975736,True
DN7A_SACS2,50,180,Top 10% peptides selected (%),16.831683168316832,True
DN7A_SACS2,50,180,Remaining Top10 Quality,1.0063920586956239,True
DN7A_SACS2,50,200,Norm. Target Mean (Cumulative),0.3862562436379434,True
DN7A_SACS2,50,200,Top 10% peptides selected (%),18.81188118811881,True
DN7A_SACS2,50,200,Remaining Top10 Quality,1.0063920586956239,True
MAFG_MOUSE_sub,48,20,Norm. Target Mean (Round),0.1305721565339323,True
MAFG_MOUSE_sub,48,40,Norm. Target Mean (Round),0.45804270715775347,True
MAFG_MOUSE_sub,48,20,Norm. Target Mean (Cumulative),0.1305721565339323,True
MAFG_MOUSE_sub,48,20,Top 10% peptides selected (%),2.097902097902098,True
MAFG_MOUSE_sub,48,20,Remaining Top10 Quality,1.001268972019636,True
MAFG_MOUSE_sub,48,60,Norm. Target Mean (Round),0.5410854123510956,True
MAFG_MOUSE_sub,48,40,Norm. Target Mean (Cumulative),0.314383279132056,True
MAFG_MOUSE_sub,48,40,Top 10% peptides selected (%),4.895104895104895,True
MAFG_MOUSE_sub,48,40,Remaining Top10 Quality,1.0005913565460378,True
MAFG_MOUSE_sub,48,80,Norm. Target Mean (Round),0.5380776589559292,True
MAFG_MOUSE_sub,48,60,Norm. Target Mean (Cumulative),0.4179104238299202,True
MAFG_MOUSE_sub,48,60,Top 10% peptides selected (%),10.48951048951049,True
MAFG_MOUSE_sub,48,60,Remaining Top10 Quality,0.9987051279966158,True
MAFG_MOUSE_sub,48,100,Norm. Target Mean (Round),0.31106976870381065,True
MAFG_MOUSE_sub,48,80,Norm. Target Mean (Cumulative),0.4760565526757196,True
MAFG_MOUSE_sub,48,80,Top 10% peptides selected (%),16.083916083916083,True
MAFG_MOUSE_sub,48,80,Remaining Top10 Quality,0.9929000543043511,True
MAFG_MOUSE_sub,48,120,Norm. Target Mean (Round),0.5389005350586473,True
MAFG_MOUSE_sub,48,100,Norm. Target Mean (Cumulative),0.4608772313303703,True
MAFG_MOUSE_sub,48,100,Top 10% peptides selected (%),20.27972027972028,True
MAFG_MOUSE_sub,48,100,Remaining Top10 Quality,0.9850849570697746,True
MAFG_MOUSE_sub,48,140,Norm. Target Mean (Round),0.4801436478393571,True
MAFG_MOUSE_sub,48,120,Norm. Target Mean (Cumulative),0.4987803098835726,True
MAFG_MOUSE_sub,48,120,Top 10% peptides selected (%),24.475524475524477,True
MAFG_MOUSE_sub,48,120,Remaining Top10 Quality,0.9806325103189081,True
MAFG_MOUSE_sub,48,160,Norm. Target Mean (Round),0.604800390418032,True
MAFG_MOUSE_sub,48,140,Norm. Target Mean (Cumulative),0.5179907043141039,True
MAFG_MOUSE_sub,48,140,Top 10% peptides selected (%),27.27272727272727,True
MAFG_MOUSE_sub,48,140,Remaining Top10 Quality,0.978284948038474,True
MAFG_MOUSE_sub,48,180,Norm. Target Mean (Round),0.4739876691844216,True
MAFG_MOUSE_sub,48,160,Norm. Target Mean (Cumulative),0.5544029874126326,True
MAFG_MOUSE_sub,48,160,Top 10% peptides selected (%),32.16783216783217,True
MAFG_MOUSE_sub,48,160,Remaining Top10 Quality,0.9719852285858347,True
MAFG_MOUSE_sub,48,200,Norm. Target Mean (Round),0.6090337046539875,True
MAFG_MOUSE_sub,48,180,Norm. Target Mean (Cumulative),0.5649375580018665,True
MAFG_MOUSE_sub,48,180,Top 10% peptides selected (%),35.66433566433567,True
MAFG_MOUSE_sub,48,180,Remaining Top10 Quality,0.9694930341233736,True
MAFG_MOUSE_sub,48,200,Norm. Target Mean (Cumulative),0.5929910578624001,True
MAFG_MOUSE_sub,48,200,Top 10% peptides selected (%),39.16083916083916,True
MAFG_MOUSE_sub,48,200,Remaining Top10 Quality,0.9694930341233736,True
POLG_PESV_sub,51,20,Norm. Target Mean (Round),-0.000572906615787728,True
POLG_PESV_sub,51,40,Norm. Target Mean (Round),0.31635069629975643,True
POLG_PESV_sub,51,20,Norm. Target Mean (Cumulative),-0.000572906615787728,True
POLG_PESV_sub,51,20,Top 10% peptides selected (%),0.3898635477582846,True
POLG_PESV_sub,51,20,Remaining Top10 Quality,1.0000605952825736,True
POLG_PESV_sub,51,60,Norm. Target Mean (Round),0.37579427729161746,True
POLG_PESV_sub,51,40,Norm. Target Mean (Cumulative),0.1642437288819597,True
POLG_PESV_sub,51,40,Top 10% peptides selected (%),1.364522417153996,True
POLG_PESV_sub,51,40,Remaining Top10 Quality,0.9993998933394589,True
POLG_PESV_sub,51,80,Norm. Target Mean (Round),0.08799417001975499,True
POLG_PESV_sub,51,60,Norm. Target Mean (Cumulative),0.24501449379163723,True
POLG_PESV_sub,51,60,Top 10% peptides selected (%),2.3391812865497075,True
POLG_PESV_sub,51,60,Remaining Top10 Quality,0.9993153177502975,True
POLG_PESV_sub,51,100,Norm. Target Mean (Round),-0.28269730492429046,True
POLG_PESV_sub,51,80,Norm. Target Mean (Cumulative),0.2102305808774708,True
POLG_PESV_sub,51,80,Top 10% peptides selected (%),3.313840155945419,True
POLG_PESV_sub,51,80,Remaining Top10 Quality,0.9990077419381587,True
POLG_PESV_sub,51,120,Norm. Target Mean (Round),-0.039379706026027084,True
POLG_PESV_sub,51,100,Norm. Target Mean (Cumulative),0.10764756409363163,True
POLG_PESV_sub,51,100,Top 10% peptides selected (%),3.313840155945419,True
POLG_PESV_sub,51,100,Remaining Top10 Quality,0.9998153462235235,True
POLG_PESV_sub,51,140,Norm. Target Mean (Round),0.48831746293953826,True
POLG_PESV_sub,51,120,Norm. Target Mean (Cumulative),0.08324356040184037,True
POLG_PESV_sub,51,120,Top 10% peptides selected (%),3.313840155945419,True
POLG_PESV_sub,51,120,Remaining Top10 Quality,1.0006289234264945,True
POLG_PESV_sub,51,160,Norm. Target Mean (Round),0.6345986849375105,True
POLG_PESV_sub,51,140,Norm. Target Mean (Cumulative),0.15074775460769418,True
POLG_PESV_sub,51,140,Top 10% peptides selected (%),4.8732943469785575,True
POLG_PESV_sub,51,140,Remaining Top10 Quality,0.9982592854639376,True
POLG_PESV_sub,51,180,Norm. Target Mean (Round),0.6515679855876914,True
POLG_PESV_sub,51,160,Norm. Target Mean (Cumulative),0.2225809521007196,True
POLG_PESV_sub,51,160,Top 10% peptides selected (%),7.4074074074074066,True
POLG_PESV_sub,51,160,Remaining Top10 Quality,0.9922737920649525,True
POLG_PESV_sub,51,200,Norm. Target Mean (Round),0.6706832657401695,True
POLG_PESV_sub,51,180,Norm. Target Mean (Cumulative),0.28209199948506086,True
POLG_PESV_sub,51,180,Top 10% peptides selected (%),9.746588693957115,True
POLG_PESV_sub,51,180,Remaining Top10 Quality,0.9853398072809719,True
POLG_PESV_sub,51,200,Norm. Target Mean (Cumulative),0.33285838684291325,True
POLG_PESV_sub,51,200,Top 10% peptides selected (%),12.475633528265107,True
POLG_PESV_sub,51,200,Remaining Top10 Quality,0.9853398072809719,True
MAFG_MOUSE_sub,43,20,Norm. Target Mean (Round),0.09069310949447348,True
MAFG_MOUSE_sub,43,40,Norm. Target Mean (Round),0.24629723323837588,True
MAFG_MOUSE_sub,43,20,Norm. Target Mean (Cumulative),0.09069310949447348,True
MAFG_MOUSE_sub,43,20,Top 10% peptides selected (%),1.3986013986013985,True
MAFG_MOUSE_sub,43,20,Remaining Top10 Quality,1.0008515836932232,True
MAFG_MOUSE_sub,43,60,Norm. Target Mean (Round),0.6402965449990987,True
MAFG_MOUSE_sub,43,40,Norm. Target Mean (Cumulative),0.17977743743868113,True
MAFG_MOUSE_sub,43,40,Top 10% peptides selected (%),1.3986013986013985,True
MAFG_MOUSE_sub,43,40,Remaining Top10 Quality,1.0030730771450869,True
MAFG_MOUSE_sub,43,80,Norm. Target Mean (Round),0.43203672217292216,True
MAFG_MOUSE_sub,43,60,Norm. Target Mean (Cumulative),0.3620918212497087,True
MAFG_MOUSE_sub,43,60,Top 10% peptides selected (%),6.993006993006993,True
MAFG_MOUSE_sub,43,60,Remaining Top10 Quality,1.0025814827123327,True
MAFG_MOUSE_sub,43,100,Norm. Target Mean (Round),0.4578970197936411,True
MAFG_MOUSE_sub,43,80,Norm. Target Mean (Cumulative),0.4022096678358647,True
MAFG_MOUSE_sub,43,80,Top 10% peptides selected (%),9.090909090909092,True
MAFG_MOUSE_sub,43,80,Remaining Top10 Quality,0.9993192453943386,True
MAFG_MOUSE_sub,43,120,Norm. Target Mean (Round),0.5980237971449136,True
MAFG_MOUSE_sub,43,100,Norm. Target Mean (Cumulative),0.43521808151284314,True
MAFG_MOUSE_sub,43,100,Top 10% peptides selected (%),11.188811188811188,True
MAFG_MOUSE_sub,43,100,Remaining Top10 Quality,0.997910178123219,True
MAFG_MOUSE_sub,43,140,Norm. Target Mean (Round),0.5304571817359279,True
MAFG_MOUSE_sub,43,120,Norm. Target Mean (Cumulative),0.488976424527389,True
MAFG_MOUSE_sub,43,120,Top 10% peptides selected (%),15.384615384615385,True
MAFG_MOUSE_sub,43,120,Remaining Top10 Quality,0.9906615906275951,True
MAFG_MOUSE_sub,43,160,Norm. Target Mean (Round),0.5116353878381513,True
MAFG_MOUSE_sub,43,140,Norm. Target Mean (Cumulative),0.5184685069697031,True
MAFG_MOUSE_sub,43,140,Top 10% peptides selected (%),20.97902097902098,True
MAFG_MOUSE_sub,43,140,Remaining Top10 Quality,0.9835844004376414,True
MAFG_MOUSE_sub,43,180,Norm. Target Mean (Round),0.5035854083718138,True
MAFG_MOUSE_sub,43,160,Norm. Target Mean (Cumulative),0.53928227642465,True
MAFG_MOUSE_sub,43,160,Top 10% peptides selected (%),24.475524475524477,True
MAFG_MOUSE_sub,43,160,Remaining Top10 Quality,0.9781025458725187,True
MAFG_MOUSE_sub,43,200,Norm. Target Mean (Round),0.5765439962701,True
MAFG_MOUSE_sub,43,180,Norm. Target Mean (Cumulative),0.5550611416708953,True
MAFG_MOUSE_sub,43,180,Top 10% peptides selected (%),27.972027972027973,True
MAFG_MOUSE_sub,43,180,Remaining Top10 Quality,0.9735161738100885,True
MAFG_MOUSE_sub,43,200,Norm. Target Mean (Cumulative),0.5785904949422682,True
MAFG_MOUSE_sub,43,200,Top 10% peptides selected (%),32.86713286713287,True
MAFG_MOUSE_sub,43,200,Remaining Top10 Quality,0.9735161738100885,True
ENVZ_ECOLI,48,20,Norm. Target Mean (Round),-0.13552794598533188,True
ENVZ_ECOLI,48,40,Norm. Target Mean (Round),-0.19828047007187513,True
ENVZ_ECOLI,48,20,Norm. Target Mean (Cumulative),-0.13552794598533188,True
ENVZ_ECOLI,48,20,Top 10% peptides selected (%),0.8849557522123894,True
ENVZ_ECOLI,48,20,Remaining Top10 Quality,1.0009377115645357,True
ENVZ_ECOLI,48,60,Norm. Target Mean (Round),0.6110776649166154,True
ENVZ_ECOLI,48,40,Norm. Target Mean (Cumulative),-0.1783915149666622,True
ENVZ_ECOLI,48,40,Top 10% peptides selected (%),3.5398230088495577,True
ENVZ_ECOLI,48,40,Remaining Top10 Quality,0.9990282835082768,True
ENVZ_ECOLI,48,80,Norm. Target Mean (Round),-0.026558279746082145,True
ENVZ_ECOLI,48,60,Norm. Target Mean (Cumulative),0.1037798581551034,True
ENVZ_ECOLI,48,60,Top 10% peptides selected (%),6.1946902654867255,True
ENVZ_ECOLI,48,60,Remaining Top10 Quality,0.9993051166669463,True
ENVZ_ECOLI,48,100,Norm. Target Mean (Round),0.18316189951841613,True
ENVZ_ECOLI,48,80,Norm. Target Mean (Cumulative),0.07043357405329174,True
ENVZ_ECOLI,48,80,Top 10% peptides selected (%),6.1946902654867255,True
ENVZ_ECOLI,48,80,Remaining Top10 Quality,1.000503152577908,True
ENVZ_ECOLI,48,120,Norm. Target Mean (Round),0.3426800247748953,True
ENVZ_ECOLI,48,100,Norm. Target Mean (Cumulative),0.0985037417513176,True
ENVZ_ECOLI,48,100,Top 10% peptides selected (%),8.849557522123893,True
ENVZ_ECOLI,48,100,Remaining Top10 Quality,0.997259664479543,True
ENVZ_ECOLI,48,140,Norm. Target Mean (Round),0.19796765306837638,True
ENVZ_ECOLI,48,120,Norm. Target Mean (Cumulative),0.14769559946772,True
ENVZ_ECOLI,48,120,Top 10% peptides selected (%),9.734513274336283,True
ENVZ_ECOLI,48,120,Remaining Top10 Quality,0.9981415297714104,True
ENVZ_ECOLI,48,160,Norm. Target Mean (Round),0.4991406622537814,True
ENVZ_ECOLI,48,140,Norm. Target Mean (Cumulative),0.15858313886844216,True
ENVZ_ECOLI,48,140,Top 10% peptides selected (%),15.04424778761062,True
ENVZ_ECOLI,48,140,Remaining Top10 Quality,0.9962003567292006,True
ENVZ_ECOLI,48,180,Norm. Target Mean (Round),0.10719143455804943,True
ENVZ_ECOLI,48,160,Norm. Target Mean (Cumulative),0.21116188498087368,True
ENVZ_ECOLI,48,160,Top 10% peptides selected (%),18.58407079646018,True
ENVZ_ECOLI,48,160,Remaining Top10 Quality,0.9948345993828281,True
ENVZ_ECOLI,48,200,Norm. Target Mean (Round),0.12751948055691892,True
ENVZ_ECOLI,48,180,Norm. Target Mean (Cumulative),0.19949803667225444,True
ENVZ_ECOLI,48,180,Top 10% peptides selected (%),20.353982300884958,True
ENVZ_ECOLI,48,180,Remaining Top10 Quality,0.9956981186274653,True
ENVZ_ECOLI,48,200,Norm. Target Mean (Cumulative),0.1924023745022529,True
ENVZ_ECOLI,48,200,Top 10% peptides selected (%),23.893805309734514,True
ENVZ_ECOLI,48,200,Remaining Top10 Quality,0.9956981186274653,True
A0A247D711_LISMN,49,20,Norm. Target Mean (Round),-0.017627452084745848,True
A0A247D711_LISMN,49,40,Norm. Target Mean (Round),0.5235765516088737,True
A0A247D711_LISMN,49,20,Norm. Target Mean (Cumulative),-0.017627452084745848,True
A0A247D711_LISMN,49,20,Top 10% peptides selected (%),1.2048192771084338,True
A0A247D711_LISMN,49,20,Remaining Top10 Quality,0.9993161075854408,True
A0A247D711_LISMN,49,60,Norm. Target Mean (Round),0.07359593094485617,True
A0A247D711_LISMN,49,40,Norm. Target Mean (Cumulative),0.25887016169233334,True
A0A247D711_LISMN,49,40,Top 10% peptides selected (%),3.614457831325301,True
A0A247D711_LISMN,49,40,Remaining Top10 Quality,0.9967939186164685,True
A0A247D711_LISMN,49,80,Norm. Target Mean (Round),0.09066000409303414,True
A0A247D711_LISMN,49,60,Norm. Target Mean (Cumulative),0.19961931877464664,True
A0A247D711_LISMN,49,60,Top 10% peptides selected (%),4.216867469879518,True
A0A247D711_LISMN,49,60,Remaining Top10 Quality,0.9973105626133679,True
A0A247D711_LISMN,49,100,Norm. Target Mean (Round),-0.8479563901882738,True
A0A247D711_LISMN,49,80,Norm. Target Mean (Cumulative),0.17513563464085938,True
A0A247D711_LISMN,49,80,Top 10% peptides selected (%),5.421686746987952,True
A0A247D711_LISMN,49,80,Remaining Top10 Quality,0.9978236107866122,True
A0A247D711_LISMN,49,120,Norm. Target Mean (Round),0.5081647869030398,True
A0A247D711_LISMN,49,100,Norm. Target Mean (Cumulative),-0.04453096161831824,True
A0A247D711_LISMN,49,100,Top 10% peptides selected (%),5.421686746987952,True
A0A247D711_LISMN,49,100,Remaining Top10 Quality,0.9992145488315355,True
A0A247D711_LISMN,49,140,Norm. Target Mean (Round),0.25284928167484844,True
A0A247D711_LISMN,49,120,Norm. Target Mean (Cumulative),0.055838578455744026,True
A0A247D711_LISMN,49,120,Top 10% peptides selected (%),7.83132530120482,True
A0A247D711_LISMN,49,120,Remaining Top10 Quality,0.9970197884297086,True
A0A247D711_LISMN,49,160,Norm. Target Mean (Round),0.31826464810018146,True
A0A247D711_LISMN,49,140,Norm. Target Mean (Cumulative),0.08849893799325727,True
A0A247D711_LISMN,49,140,Top 10% peptides selected (%),9.63855421686747,True
A0A247D711_LISMN,49,140,Remaining Top10 Quality,0.9950503008996346,True
A0A247D711_LISMN,49,180,Norm. Target Mean (Round),0.16778838056508596,True
A0A247D711_LISMN,49,160,Norm. Target Mean (Cumulative),0.12279401902943778,True
A0A247D711_LISMN,49,160,Top 10% peptides selected (%),10.843373493975903,True
A0A247D711_LISMN,49,160,Remaining Top10 Quality,0.9940698595402935,True
A0A247D711_LISMN,49,200,Norm. Target Mean (Round),0.3600776394358453,True
A0A247D711_LISMN,49,180,Norm. Target Mean (Cumulative),0.1307149382330205,True
A0A247D711_LISMN,49,180,Top 10% peptides selected (%),13.855421686746988,True
A0A247D711_LISMN,49,180,Remaining Top10 Quality,0.9921041936409395,True
A0A247D711_LISMN,49,200,Norm. Target Mean (Cumulative),0.16001367826283297,True
A0A247D711_LISMN,49,200,Top 10% peptides selected (%),15.060240963855422,True
A0A247D711_LISMN,49,200,Remaining Top10 Quality,0.9921041936409395,True
POLG_PESV_sub,43,20,Norm. Target Mean (Round),0.09591173330080491,True
POLG_PESV_sub,43,40,Norm. Target Mean (Round),0.15977060337482218,True
POLG_PESV_sub,43,20,Norm. Target Mean (Cumulative),0.09591173330080491,True
POLG_PESV_sub,43,20,Top 10% peptides selected (%),0.3898635477582846,True
POLG_PESV_sub,43,20,Remaining Top10 Quality,1.0002788719814852,True
POLG_PESV_sub,43,60,Norm. Target Mean (Round),0.34945814349267096,True
POLG_PESV_sub,43,40,Norm. Target Mean (Cumulative),0.13282191985773598,True
POLG_PESV_sub,43,40,Top 10% peptides selected (%),1.364522417153996,True
POLG_PESV_sub,43,40,Remaining Top10 Quality,0.9995992379881543,True
POLG_PESV_sub,43,80,Norm. Target Mean (Round),0.0257498557873993,True
POLG_PESV_sub,43,60,Norm. Target Mean (Cumulative),0.21428947078132562,True
POLG_PESV_sub,43,60,Top 10% peptides selected (%),2.3391812865497075,True
POLG_PESV_sub,43,60,Remaining Top10 Quality,0.9994780268294204,True
POLG_PESV_sub,43,100,Norm. Target Mean (Round),0.23416775189953928,True
POLG_PESV_sub,43,80,Norm. Target Mean (Cumulative),0.16995928931126825,True
POLG_PESV_sub,43,80,Top 10% peptides selected (%),3.313840155945419,True
POLG_PESV_sub,43,80,Remaining Top10 Quality,0.9961952553339387,True
POLG_PESV_sub,43,120,Norm. Target Mean (Round),0.403295723816177,True
POLG_PESV_sub,43,100,Norm. Target Mean (Cumulative),0.18841746359813716,True
POLG_PESV_sub,43,100,Top 10% peptides selected (%),3.7037037037037033,True
POLG_PESV_sub,43,100,Remaining Top10 Quality,0.9962743742185816,True
POLG_PESV_sub,43,140,Norm. Target Mean (Round),0.10412856835462568,True
POLG_PESV_sub,43,120,Norm. Target Mean (Cumulative),0.23278288599945432,True
POLG_PESV_sub,43,120,Top 10% peptides selected (%),5.263157894736842,True
POLG_PESV_sub,43,120,Remaining Top10 Quality,0.9948065307738573,True
POLG_PESV_sub,43,160,Norm. Target Mean (Round),0.6117776630289731,True
POLG_PESV_sub,43,140,Norm. Target Mean (Cumulative),0.2178136540306767,True
POLG_PESV_sub,43,140,Top 10% peptides selected (%),6.237816764132553,True
POLG_PESV_sub,43,140,Remaining Top10 Quality,0.9936922082704746,True
POLG_PESV_sub,43,180,Norm. Target Mean (Round),0.5219213484473512,True
POLG_PESV_sub,43,160,Norm. Target Mean (Cumulative),0.27860425520757,True
POLG_PESV_sub,43,160,Top 10% peptides selected (%),8.771929824561402,True
POLG_PESV_sub,43,160,Remaining Top10 Quality,0.9890406328444394,True
POLG_PESV_sub,43,200,Norm. Target Mean (Round),0.45551157563057215,True
POLG_PESV_sub,43,180,Norm. Target Mean (Cumulative),0.31528161662379983,True
POLG_PESV_sub,43,180,Top 10% peptides selected (%),10.916179337231968,True
POLG_PESV_sub,43,180,Remaining Top10 Quality,0.9845701298067911,True
POLG_PESV_sub,43,200,Norm. Target Mean (Cumulative),0.3378183228397057,True
POLG_PESV_sub,43,200,Top 10% peptides selected (%),12.280701754385964,True
POLG_PESV_sub,43,200,Remaining Top10 Quality,0.9845701298067911,True
FKBP3_HUMAN,47,20,Norm. Target Mean (Round),-0.024764549995582648,True
FKBP3_HUMAN,47,40,Norm. Target Mean (Round),0.20222699990885987,True
FKBP3_HUMAN,47,20,Norm. Target Mean (Cumulative),-0.024764549995582648,True
FKBP3_HUMAN,47,20,Top 10% peptides selected (%),3.225806451612903,True
FKBP3_HUMAN,47,20,Remaining Top10 Quality,0.9977796663569659,True
FKBP3_HUMAN,47,60,Norm. Target Mean (Round),-0.8577676944406848,True
FKBP3_HUMAN,47,40,Norm. Target Mean (Cumulative),0.10174396757095046,True
FKBP3_HUMAN,47,40,Top 10% peptides selected (%),4.838709677419355,True
FKBP3_HUMAN,47,40,Remaining Top10 Quality,0.995551434509656,True
FKBP3_HUMAN,47,80,Norm. Target Mean (Round),0.29137957824433,True
FKBP3_HUMAN,47,60,Norm. Target Mean (Cumulative),-0.28236881250523,True
FKBP3_HUMAN,47,60,Top 10% peptides selected (%),4.838709677419355,True
FKBP3_HUMAN,47,60,Remaining Top10 Quality,0.9989743170308695,True
FKBP3_HUMAN,47,100,Norm. Target Mean (Round),0.22568565807300336,True
FKBP3_HUMAN,47,80,Norm. Target Mean (Cumulative),-0.12594748308385936,True
FKBP3_HUMAN,47,80,Top 10% peptides selected (%),6.451612903225806,True
FKBP3_HUMAN,47,80,Remaining Top10 Quality,0.9993539724389977,True
FKBP3_HUMAN,47,120,Norm. Target Mean (Round),0.30425826665833816,True
FKBP3_HUMAN,47,100,Norm. Target Mean (Cumulative),-0.04222085275105716,True
FKBP3_HUMAN,47,100,Top 10% peptides selected (%),8.064516129032258,True
FKBP3_HUMAN,47,100,Remaining Top10 Quality,0.998372661937957,True
FKBP3_HUMAN,47,140,Norm. Target Mean (Round),0.19445285934391743,True
FKBP3_HUMAN,47,120,Norm. Target Mean (Cumulative),0.035858239047173626,True
FKBP3_HUMAN,47,120,Top 10% peptides selected (%),11.29032258064516,True
FKBP3_HUMAN,47,120,Remaining Top10 Quality,0.9931558744295585,True
FKBP3_HUMAN,47,160,Norm. Target Mean (Round),0.28597189841901216,True
FKBP3_HUMAN,47,140,Norm. Target Mean (Cumulative),0.071518339294728,True
FKBP3_HUMAN,47,140,Top 10% peptides selected (%),15.32258064516129,True
FKBP3_HUMAN,47,140,Remaining Top10 Quality,0.9887614946624287,True
FKBP3_HUMAN,47,180,Norm. Target Mean (Round),0.1329356011074275,True
FKBP3_HUMAN,47,160,Norm. Target Mean (Cumulative),0.11647276507169327,True
FKBP3_HUMAN,47,160,Top 10% peptides selected (%),18.548387096774192,True
FKBP3_HUMAN,47,160,Remaining Top10 Quality,0.9831788436946434,True
FKBP3_HUMAN,47,200,Norm. Target Mean (Round),0.3206652120331233,True
FKBP3_HUMAN,47,180,Norm. Target Mean (Cumulative),0.1268253322073921,True
FKBP3_HUMAN,47,180,Top 10% peptides selected (%),19.35483870967742,True
FKBP3_HUMAN,47,180,Remaining Top10 Quality,0.9864513168167,True
FKBP3_HUMAN,47,200,Norm. Target Mean (Cumulative),0.16512679090483326,True
FKBP3_HUMAN,47,200,Top 10% peptides selected (%),22.58064516129032,True
FKBP3_HUMAN,47,200,Remaining Top10 Quality,0.9864513168167,True
FKBP3_HUMAN,43,20,Norm. Target Mean (Round),-0.09883613861305529,True
FKBP3_HUMAN,43,40,Norm. Target Mean (Round),0.16170764020901737,True
FKBP3_HUMAN,43,20,Norm. Target Mean (Cumulative),-0.09883613861305529,True
FKBP3_HUMAN,43,20,Top 10% peptides selected (%),0.8064516129032258,True
FKBP3_HUMAN,43,20,Remaining Top10 Quality,0.9996791348726647,True
FKBP3_HUMAN,43,60,Norm. Target Mean (Round),0.28409261832746235,True
FKBP3_HUMAN,43,40,Norm. Target Mean (Cumulative),0.036549272969538,True
FKBP3_HUMAN,43,40,Top 10% peptides selected (%),1.6129032258064515,True
FKBP3_HUMAN,43,40,Remaining Top10 Quality,1.002677598575945,True
FKBP3_HUMAN,43,80,Norm. Target Mean (Round),0.37756543887347244,True
FKBP3_HUMAN,43,60,Norm. Target Mean (Cumulative),0.14328842848604612,True
FKBP3_HUMAN,43,60,Top 10% peptides selected (%),4.032258064516129,True
FKBP3_HUMAN,43,60,Remaining Top10 Quality,1.0020192088101245,True
FKBP3_HUMAN,43,100,Norm. Target Mean (Round),0.3688538454755395,True
FKBP3_HUMAN,43,80,Norm. Target Mean (Cumulative),0.23589823078389838,True
FKBP3_HUMAN,43,80,Top 10% peptides selected (%),7.258064516129033,True
FKBP3_HUMAN,43,80,Remaining Top10 Quality,0.9966537491654328,True
FKBP3_HUMAN,43,120,Norm. Target Mean (Round),0.32644234955992874,True
FKBP3_HUMAN,43,100,Norm. Target Mean (Cumulative),0.29561958472445155,True
FKBP3_HUMAN,43,100,Top 10% peptides selected (%),15.32258064516129,True
FKBP3_HUMAN,43,100,Remaining Top10 Quality,0.9825819494214535,True
FKBP3_HUMAN,43,140,Norm. Target Mean (Round),0.20865341455874428,True
FKBP3_HUMAN,43,120,Norm. Target Mean (Cumulative),0.32856870288759926,True
FKBP3_HUMAN,43,120,Top 10% peptides selected (%),17.741935483870968,True
FKBP3_HUMAN,43,120,Remaining Top10 Quality,0.9789251371076026,True
FKBP3_HUMAN,43,160,Norm. Target Mean (Round),0.2715672566108366,True
FKBP3_HUMAN,43,140,Norm. Target Mean (Cumulative),0.3291706385985109,True
FKBP3_HUMAN,43,140,Top 10% peptides selected (%),19.35483870967742,True
FKBP3_HUMAN,43,140,Remaining Top10 Quality,0.9779242484544659,True
FKBP3_HUMAN,43,180,Norm. Target Mean (Round),0.2562561327800705,True
FKBP3_HUMAN,43,160,Norm. Target Mean (Cumulative),0.3423192572538216,True
FKBP3_HUMAN,43,160,Top 10% peptides selected (%),20.967741935483872,True
FKBP3_HUMAN,43,160,Remaining Top10 Quality,0.9793299571508128,True
FKBP3_HUMAN,43,200,Norm. Target Mean (Round),0.3600381358526451,True
FKBP3_HUMAN,43,180,Norm. Target Mean (Cumulative),0.3509613251322307,True
FKBP3_HUMAN,43,180,Top 10% peptides selected (%),21.774193548387096,True
FKBP3_HUMAN,43,180,Remaining Top10 Quality,0.9828401824387587,True
FKBP3_HUMAN,43,200,Norm. Target Mean (Cumulative),0.37570142620555713,True
FKBP3_HUMAN,43,200,Top 10% peptides selected (%),24.193548387096776,True
FKBP3_HUMAN,43,200,Remaining Top10 Quality,0.9828401824387587,True
MAFG_MOUSE_sub,44,20,Norm. Target Mean (Round),-0.13192239680324588,True
MAFG_MOUSE_sub,44,40,Norm. Target Mean (Round),0.5317065021184759,True
MAFG_MOUSE_sub,44,20,Norm. Target Mean (Cumulative),-0.13192239680324588,True
MAFG_MOUSE_sub,44,20,Top 10% peptides selected (%),0.6993006993006993,True
MAFG_MOUSE_sub,44,20,Remaining Top10 Quality,1.000242707245601,True
MAFG_MOUSE_sub,44,60,Norm. Target Mean (Round),0.3855660387764812,True
MAFG_MOUSE_sub,44,40,Norm. Target Mean (Cumulative),0.21436163216463425,True
MAFG_MOUSE_sub,44,40,Top 10% peptides selected (%),4.895104895104895,True
MAFG_MOUSE_sub,44,40,Remaining Top10 Quality,0.9957940364855122,True
MAFG_MOUSE_sub,44,80,Norm. Target Mean (Round),0.6015074354074722,True
MAFG_MOUSE_sub,44,60,Norm. Target Mean (Cumulative),0.29043926044232393,True
MAFG_MOUSE_sub,44,60,Top 10% peptides selected (%),6.993006993006993,True
MAFG_MOUSE_sub,44,60,Remaining Top10 Quality,0.9942928717009597,True
MAFG_MOUSE_sub,44,100,Norm. Target Mean (Round),0.5365390271830612,True
MAFG_MOUSE_sub,44,80,Norm. Target Mean (Cumulative),0.3957588875626901,True
MAFG_MOUSE_sub,44,80,Top 10% peptides selected (%),11.188811188811188,True
MAFG_MOUSE_sub,44,80,Remaining Top10 Quality,0.9870201475152732,True
MAFG_MOUSE_sub,44,120,Norm. Target Mean (Round),0.575625766791203,True
MAFG_MOUSE_sub,44,100,Norm. Target Mean (Cumulative),0.4474165463375093,True
MAFG_MOUSE_sub,44,100,Top 10% peptides selected (%),16.083916083916083,True
MAFG_MOUSE_sub,44,100,Remaining Top10 Quality,0.9822996439012207,True
MAFG_MOUSE_sub,44,140,Norm. Target Mean (Round),0.41840247214142295,True
MAFG_MOUSE_sub,44,120,Norm. Target Mean (Cumulative),0.49351369918462984,True
MAFG_MOUSE_sub,44,120,Top 10% peptides selected (%),20.27972027972028,True
MAFG_MOUSE_sub,44,120,Remaining Top10 Quality,0.9759257375535098,True
MAFG_MOUSE_sub,44,160,Norm. Target Mean (Round),0.4005942746441611,True
MAFG_MOUSE_sub,44,140,Norm. Target Mean (Cumulative),0.5014968783919455,True
MAFG_MOUSE_sub,44,140,Top 10% peptides selected (%),23.076923076923077,True
MAFG_MOUSE_sub,44,140,Remaining Top10 Quality,0.972303567920408,True
MAFG_MOUSE_sub,44,180,Norm. Target Mean (Round),0.6005923512507982,True
MAFG_MOUSE_sub,44,160,Norm. Target Mean (Cumulative),0.5057532439191973,True
MAFG_MOUSE_sub,44,160,Top 10% peptides selected (%),23.776223776223777,True
MAFG_MOUSE_sub,44,160,Remaining Top10 Quality,0.9736919214807893,True
MAFG_MOUSE_sub,44,200,Norm. Target Mean (Round),0.6067271487300332,True
MAFG_MOUSE_sub,44,180,Norm. Target Mean (Cumulative),0.5392040262708017,True
MAFG_MOUSE_sub,44,180,Top 10% peptides selected (%),28.671328671328673,True
MAFG_MOUSE_sub,44,180,Remaining Top10 Quality,0.9673470379122588,True
MAFG_MOUSE_sub,44,200,Norm. Target Mean (Cumulative),0.5681188399869763,True
MAFG_MOUSE_sub,44,200,Top 10% peptides selected (%),34.96503496503497,True
MAFG_MOUSE_sub,44,200,Remaining Top10 Quality,0.9673470379122588,True
MAFG_MOUSE_sub,47,20,Norm. Target Mean (Round),0.02484945236871523,True
MAFG_MOUSE_sub,47,40,Norm. Target Mean (Round),0.5281039318656663,True
MAFG_MOUSE_sub,47,20,Norm. Target Mean (Cumulative),0.02484945236871523,True
MAFG_MOUSE_sub,47,20,Top 10% peptides selected (%),0.6993006993006993,True
MAFG_MOUSE_sub,47,20,Remaining Top10 Quality,0.9997583000919187,True
MAFG_MOUSE_sub,47,60,Norm. Target Mean (Round),0.371487355498974,True
MAFG_MOUSE_sub,47,40,Norm. Target Mean (Cumulative),0.2950484118710319,True
MAFG_MOUSE_sub,47,40,Top 10% peptides selected (%),4.195804195804196,True
MAFG_MOUSE_sub,47,40,Remaining Top10 Quality,0.9948415613386786,True
MAFG_MOUSE_sub,47,80,Norm. Target Mean (Round),0.3639602931325632,True
MAFG_MOUSE_sub,47,60,Norm. Target Mean (Cumulative),0.3405559125967728,True
MAFG_MOUSE_sub,47,60,Top 10% peptides selected (%),6.293706293706294,True
MAFG_MOUSE_sub,47,60,Remaining Top10 Quality,0.9927857399557913,True
MAFG_MOUSE_sub,47,100,Norm. Target Mean (Round),0.6786125117335423,True
MAFG_MOUSE_sub,47,80,Norm. Target Mean (Cumulative),0.3654549045844698,True
MAFG_MOUSE_sub,47,80,Top 10% peptides selected (%),10.48951048951049,True
MAFG_MOUSE_sub,47,80,Remaining Top10 Quality,0.9909185816389702,True
MAFG_MOUSE_sub,47,120,Norm. Target Mean (Round),0.547276431946574,True
MAFG_MOUSE_sub,47,100,Norm. Target Mean (Cumulative),0.45895522297699076,True
MAFG_MOUSE_sub,47,100,Top 10% peptides selected (%),17.482517482517483,True
MAFG_MOUSE_sub,47,100,Remaining Top10 Quality,0.98477893004373,True
MAFG_MOUSE_sub,47,140,Norm. Target Mean (Round),0.5964781509504957,True
MAFG_MOUSE_sub,47,120,Norm. Target Mean (Cumulative),0.4992080577343949,True
MAFG_MOUSE_sub,47,120,Top 10% peptides selected (%),23.076923076923077,True
MAFG_MOUSE_sub,47,120,Remaining Top10 Quality,0.9770362631050915,True
MAFG_MOUSE_sub,47,160,Norm. Target Mean (Round),0.4227582828259003,True
MAFG_MOUSE_sub,47,140,Norm. Target Mean (Cumulative),0.5397853633711042,True
MAFG_MOUSE_sub,47,140,Top 10% peptides selected (%),29.37062937062937,True
MAFG_MOUSE_sub,47,140,Remaining Top10 Quality,0.9678012178970475,True
MAFG_MOUSE_sub,47,180,Norm. Target Mean (Round),0.32095344386963565,True
MAFG_MOUSE_sub,47,160,Norm. Target Mean (Cumulative),0.544013882246311,True
MAFG_MOUSE_sub,47,160,Top 10% peptides selected (%),32.16783216783217,True
MAFG_MOUSE_sub,47,160,Remaining Top10 Quality,0.9663994545970654,True
MAFG_MOUSE_sub,47,200,Norm. Target Mean (Round),0.33636020358470287,True
MAFG_MOUSE_sub,47,180,Norm. Target Mean (Cumulative),0.5328159090208096,True
MAFG_MOUSE_sub,47,180,Top 10% peptides selected (%),34.96503496503497,True
MAFG_MOUSE_sub,47,180,Remaining Top10 Quality,0.960082944464354,True
MAFG_MOUSE_sub,47,200,Norm. Target Mean (Cumulative),0.5262780122902773,True
MAFG_MOUSE_sub,47,200,Top 10% peptides selected (%),38.46153846153847,True
MAFG_MOUSE_sub,47,200,Remaining Top10 Quality,0.960082944464354,True
MAFG_MOUSE_sub,46,20,Norm. Target Mean (Round),0.056711799144028754,True
MAFG_MOUSE_sub,46,40,Norm. Target Mean (Round),0.6242125091650957,True
MAFG_MOUSE_sub,46,20,Norm. Target Mean (Cumulative),0.056711799144028754,True
MAFG_MOUSE_sub,46,20,Top 10% peptides selected (%),1.3986013986013985,True
MAFG_MOUSE_sub,46,20,Remaining Top10 Quality,1.0010170478904794,True
MAFG_MOUSE_sub,46,60,Norm. Target Mean (Round),0.4506074766644099,True
MAFG_MOUSE_sub,46,40,Norm. Target Mean (Cumulative),0.3641462340210799,True
MAFG_MOUSE_sub,46,40,Top 10% peptides selected (%),6.993006993006993,True
MAFG_MOUSE_sub,46,40,Remaining Top10 Quality,1.000425908728475,True
MAFG_MOUSE_sub,46,80,Norm. Target Mean (Round),0.49722209474996043,True
MAFG_MOUSE_sub,46,60,Norm. Target Mean (Cumulative),0.41829391139925365,True
MAFG_MOUSE_sub,46,60,Top 10% peptides selected (%),11.888111888111888,True
MAFG_MOUSE_sub,46,60,Remaining Top10 Quality,0.9960072448993006,True
MAFG_MOUSE_sub,46,100,Norm. Target Mean (Round),0.6107100587282422,True
MAFG_MOUSE_sub,46,80,Norm. Target Mean (Cumulative),0.4641045760214343,True
MAFG_MOUSE_sub,46,80,Top 10% peptides selected (%),17.482517482517483,True
MAFG_MOUSE_sub,46,80,Remaining Top10 Quality,0.9890629182030983,True
MAFG_MOUSE_sub,46,120,Norm. Target Mean (Round),0.47438127492405147,True
MAFG_MOUSE_sub,46,100,Norm. Target Mean (Cumulative),0.5234806571733829,True
MAFG_MOUSE_sub,46,100,Top 10% peptides selected (%),25.174825174825177,True
MAFG_MOUSE_sub,46,100,Remaining Top10 Quality,0.9799786194160633,True
MAFG_MOUSE_sub,46,140,Norm. Target Mean (Round),0.5351713055827149,True
MAFG_MOUSE_sub,46,120,Norm. Target Mean (Cumulative),0.5391220556935654,True
MAFG_MOUSE_sub,46,120,Top 10% peptides selected (%),27.27272727272727,True
MAFG_MOUSE_sub,46,120,Remaining Top10 Quality,0.98062812627238,True
MAFG_MOUSE_sub,46,160,Norm. Target Mean (Round),0.5803296182439704,True
MAFG_MOUSE_sub,46,140,Norm. Target Mean (Cumulative),0.5639759773529358,True
MAFG_MOUSE_sub,46,140,Top 10% peptides selected (%),31.46853146853147,True
MAFG_MOUSE_sub,46,140,Remaining Top10 Quality,0.9740196056145243,True
MAFG_MOUSE_sub,46,180,Norm. Target Mean (Round),0.3806793392093954,True
MAFG_MOUSE_sub,46,160,Norm. Target Mean (Cumulative),0.5918362125344075,True
MAFG_MOUSE_sub,46,160,Top 10% peptides selected (%),33.56643356643357,True
MAFG_MOUSE_sub,46,160,Remaining Top10 Quality,0.9722061603062251,True
MAFG_MOUSE_sub,46,200,Norm. Target Mean (Round),0.4667429862185205,True
MAFG_MOUSE_sub,46,180,Norm. Target Mean (Cumulative),0.5849245460343596,True
MAFG_MOUSE_sub,46,180,Top 10% peptides selected (%),37.76223776223776,True
MAFG_MOUSE_sub,46,180,Remaining Top10 Quality,0.9663706382288324,True
MAFG_MOUSE_sub,46,200,Norm. Target Mean (Cumulative),0.5917964629404745,True
MAFG_MOUSE_sub,46,200,Top 10% peptides selected (%),42.65734265734265,True
MAFG_MOUSE_sub,46,200,Remaining Top10 Quality,0.9663706382288324,True
MAFG_MOUSE_sub,50,20,Norm. Target Mean (Round),0.06166650826003184,True
MAFG_MOUSE_sub,50,40,Norm. Target Mean (Round),0.45769400271920013,True
MAFG_MOUSE_sub,50,20,Norm. Target Mean (Cumulative),0.06166650826003184,True
MAFG_MOUSE_sub,50,20,Top 10% peptides selected (%),1.3986013986013985,True
MAFG_MOUSE_sub,50,20,Remaining Top10 Quality,0.9999646933778227,True
MAFG_MOUSE_sub,50,60,Norm. Target Mean (Round),0.37932478747870174,True
MAFG_MOUSE_sub,50,40,Norm. Target Mean (Cumulative),0.2772909088343697,True
MAFG_MOUSE_sub,50,40,Top 10% peptides selected (%),4.895104895104895,True
MAFG_MOUSE_sub,50,40,Remaining Top10 Quality,0.9986058963053385,True
MAFG_MOUSE_sub,50,80,Norm. Target Mean (Round),0.498485372482818,True
MAFG_MOUSE_sub,50,60,Norm. Target Mean (Cumulative),0.33158753762157145,True
MAFG_MOUSE_sub,50,60,Top 10% peptides selected (%),9.090909090909092,True
MAFG_MOUSE_sub,50,60,Remaining Top10 Quality,0.9930545609195204,True
MAFG_MOUSE_sub,50,100,Norm. Target Mean (Round),0.30941016416326816,True
MAFG_MOUSE_sub,50,80,Norm. Target Mean (Cumulative),0.3979227434464954,True
MAFG_MOUSE_sub,50,80,Top 10% peptides selected (%),14.685314685314685,True
MAFG_MOUSE_sub,50,80,Remaining Top10 Quality,0.9858141910678728,True
MAFG_MOUSE_sub,50,120,Norm. Target Mean (Round),0.45548899930598497,True
MAFG_MOUSE_sub,50,100,Norm. Target Mean (Cumulative),0.39673504956830113,True
MAFG_MOUSE_sub,50,100,Top 10% peptides selected (%),16.783216783216783,True
MAFG_MOUSE_sub,50,100,Remaining Top10 Quality,0.9831399660896392,True
MAFG_MOUSE_sub,50,140,Norm. Target Mean (Round),0.44375331681913077,True
MAFG_MOUSE_sub,50,120,Norm. Target Mean (Cumulative),0.427466504269865,True
MAFG_MOUSE_sub,50,120,Top 10% peptides selected (%),19.58041958041958,True
MAFG_MOUSE_sub,50,120,Remaining Top10 Quality,0.983262746866787,True
MAFG_MOUSE_sub,50,160,Norm. Target Mean (Round),0.5241296992149824,True
MAFG_MOUSE_sub,50,140,Norm. Target Mean (Cumulative),0.44977176448513095,True
MAFG_MOUSE_sub,50,140,Top 10% peptides selected (%),23.776223776223777,True
MAFG_MOUSE_sub,50,140,Remaining Top10 Quality,0.9814284346873131,True
MAFG_MOUSE_sub,50,180,Norm. Target Mean (Round),0.5370340321107081,True
MAFG_MOUSE_sub,50,160,Norm. Target Mean (Cumulative),0.48115045514920557,True
MAFG_MOUSE_sub,50,160,Top 10% peptides selected (%),29.37062937062937,True
MAFG_MOUSE_sub,50,160,Remaining Top10 Quality,0.973547905077944,True
MAFG_MOUSE_sub,50,200,Norm. Target Mean (Round),0.3338296093173645,True
MAFG_MOUSE_sub,50,180,Norm. Target Mean (Cumulative),0.5089141878107214,True
MAFG_MOUSE_sub,50,180,Top 10% peptides selected (%),34.96503496503497,True
MAFG_MOUSE_sub,50,180,Remaining Top10 Quality,0.9676388019865464,True
MAFG_MOUSE_sub,50,200,Norm. Target Mean (Cumulative),0.5045068463708884,True
MAFG_MOUSE_sub,50,200,Top 10% peptides selected (%),39.16083916083916,True
MAFG_MOUSE_sub,50,200,Remaining Top10 Quality,0.9676388019865464,True
FKBP3_HUMAN,48,20,Norm. Target Mean (Round),0.15955101962665943,True
FKBP3_HUMAN,48,40,Norm. Target Mean (Round),0.2509635913958039,True
FKBP3_HUMAN,48,20,Norm. Target Mean (Cumulative),0.15955101962665943,True
FKBP3_HUMAN,48,20,Top 10% peptides selected (%),1.6129032258064515,True
FKBP3_HUMAN,48,20,Remaining Top10 Quality,1.0020182997311387,True
FKBP3_HUMAN,48,60,Norm. Target Mean (Round),0.3083873364479164,True
FKBP3_HUMAN,48,40,Norm. Target Mean (Cumulative),0.2338052312511534,True
FKBP3_HUMAN,48,40,Top 10% peptides selected (%),7.258064516129033,True
FKBP3_HUMAN,48,40,Remaining Top10 Quality,0.9922525752169136,True
FKBP3_HUMAN,48,80,Norm. Target Mean (Round),0.35479029326341693,True
FKBP3_HUMAN,48,60,Norm. Target Mean (Cumulative),0.2933713871724671,True
FKBP3_HUMAN,48,60,Top 10% peptides selected (%),12.096774193548388,True
FKBP3_HUMAN,48,60,Remaining Top10 Quality,0.9902454246420599,True
FKBP3_HUMAN,48,100,Norm. Target Mean (Round),0.3233459687884762,True
FKBP3_HUMAN,48,80,Norm. Target Mean (Cumulative),0.3453458039717947,True
FKBP3_HUMAN,48,80,Top 10% peptides selected (%),16.93548387096774,True
FKBP3_HUMAN,48,80,Remaining Top10 Quality,0.9861401216929478,True
FKBP3_HUMAN,48,120,Norm. Target Mean (Round),0.3820528371491576,True
FKBP3_HUMAN,48,100,Norm. Target Mean (Cumulative),0.3728850889188673,True
FKBP3_HUMAN,48,100,Top 10% peptides selected (%),20.967741935483872,True
FKBP3_HUMAN,48,100,Remaining Top10 Quality,0.9820095257288701,True
FKBP3_HUMAN,48,140,Norm. Target Mean (Round),0.20538985493394327,True
FKBP3_HUMAN,48,120,Norm. Target Mean (Cumulative),0.40822551198663803,True
FKBP3_HUMAN,48,120,Top 10% peptides selected (%),25.0,True
FKBP3_HUMAN,48,120,Remaining Top10 Quality,0.9710914684965885,True
FKBP3_HUMAN,48,160,Norm. Target Mean (Round),0.3253081333701035,True
FKBP3_HUMAN,48,140,Norm. Target Mean (Cumulative),0.3975945847687161,True
FKBP3_HUMAN,48,140,Top 10% peptides selected (%),29.03225806451613,True
FKBP3_HUMAN,48,140,Remaining Top10 Quality,0.9686445100814757,True
FKBP3_HUMAN,48,180,Norm. Target Mean (Round),0.28810565825858186,True
FKBP3_HUMAN,48,160,Norm. Target Mean (Cumulative),0.4127899789155348,True
FKBP3_HUMAN,48,160,Top 10% peptides selected (%),32.25806451612903,True
FKBP3_HUMAN,48,160,Remaining Top10 Quality,0.9605274812675828,True
FKBP3_HUMAN,48,200,Norm. Target Mean (Round),0.30536392539104856,True
FKBP3_HUMAN,48,180,Norm. Target Mean (Cumulative),0.41909038700718276,True
FKBP3_HUMAN,48,180,Top 10% peptides selected (%),33.87096774193548,True
FKBP3_HUMAN,48,180,Remaining Top10 Quality,0.9609022785640712,True
FKBP3_HUMAN,48,200,Norm. Target Mean (Cumulative),0.42814840815866956,True
FKBP3_HUMAN,48,200,Top 10% peptides selected (%),36.29032258064516,True
FKBP3_HUMAN,48,200,Remaining Top10 Quality,0.9609022785640712,True
SBI_STAAM,42,20,Norm. Target Mean (Round),0.028683340721168297,True
SBI_STAAM,42,40,Norm. Target Mean (Round),0.23300776519338617,True
SBI_STAAM,42,20,Norm. Target Mean (Cumulative),0.028683340721168297,True
SBI_STAAM,42,20,Top 10% peptides selected (%),1.9417475728155338,True
SBI_STAAM,42,20,Remaining Top10 Quality,1.0002665601970617,True
SBI_STAAM,42,60,Norm. Target Mean (Round),0.02406713661740165,True
SBI_STAAM,42,40,Norm. Target Mean (Cumulative),0.14141911583079217,True
SBI_STAAM,42,40,Top 10% peptides selected (%),7.766990291262135,True
SBI_STAAM,42,40,Remaining Top10 Quality,0.9891354734578754,True
SBI_STAAM,42,80,Norm. Target Mean (Round),-0.05488631734456356,True
SBI_STAAM,42,60,Norm. Target Mean (Cumulative),0.1079411242148515,True
SBI_STAAM,42,60,Top 10% peptides selected (%),8.737864077669903,True
SBI_STAAM,42,60,Remaining Top10 Quality,0.9920447456017478,True
SBI_STAAM,42,100,Norm. Target Mean (Round),-0.14253760637178392,True
SBI_STAAM,42,80,Norm. Target Mean (Cumulative),0.06673387627697429,True
SBI_STAAM,42,80,Top 10% peptides selected (%),11.650485436893204,True
SBI_STAAM,42,80,Remaining Top10 Quality,0.9853326563150504,True
SBI_STAAM,42,120,Norm. Target Mean (Round),0.30735203786873494,True
SBI_STAAM,42,100,Norm. Target Mean (Cumulative),0.01878887351706939,True
SBI_STAAM,42,100,Top 10% peptides selected (%),11.650485436893204,True
SBI_STAAM,42,100,Remaining Top10 Quality,0.9893953654906869,True
SBI_STAAM,42,140,Norm. Target Mean (Round),0.226171785247108,True
SBI_STAAM,42,120,Norm. Target Mean (Cumulative),0.0822850007662558,True
SBI_STAAM,42,120,Top 10% peptides selected (%),15.53398058252427,True
SBI_STAAM,42,120,Remaining Top10 Quality,0.9887707792813826,True
SBI_STAAM,42,160,Norm. Target Mean (Round),0.18800509453925973,True
SBI_STAAM,42,140,Norm. Target Mean (Cumulative),0.11501942593523558,True
SBI_STAAM,42,140,Top 10% peptides selected (%),17.475728155339805,True
SBI_STAAM,42,140,Remaining Top10 Quality,0.9918884729475952,True
SBI_STAAM,42,180,Norm. Target Mean (Round),0.2189547540343551,True
SBI_STAAM,42,160,Norm. Target Mean (Cumulative),0.13459819099860024,True
SBI_STAAM,42,160,Top 10% peptides selected (%),20.388349514563107,True
SBI_STAAM,42,160,Remaining Top10 Quality,0.9910407615744714,True
SBI_STAAM,42,200,Norm. Target Mean (Round),0.30406007873542557,True
SBI_STAAM,42,180,Norm. Target Mean (Cumulative),0.15591763508836587,True
SBI_STAAM,42,180,Top 10% peptides selected (%),25.24271844660194,True
SBI_STAAM,42,180,Remaining Top10 Quality,0.9816770089980085,True
SBI_STAAM,42,200,Norm. Target Mean (Cumulative),0.1867953291973603,True
SBI_STAAM,42,200,Top 10% peptides selected (%),32.038834951456316,True
SBI_STAAM,42,200,Remaining Top10 Quality,0.9816770089980085,True
FKBP3_HUMAN,50,20,Norm. Target Mean (Round),-0.0798395075728036,True
FKBP3_HUMAN,50,40,Norm. Target Mean (Round),0.08344328985287938,True
FKBP3_HUMAN,50,20,Norm. Target Mean (Cumulative),-0.0798395075728036,True
FKBP3_HUMAN,50,20,Top 10% peptides selected (%),1.6129032258064515,True
FKBP3_HUMAN,50,20,Remaining Top10 Quality,1.0003297455226874,True
FKBP3_HUMAN,50,60,Norm. Target Mean (Round),0.19105803594634693,True
FKBP3_HUMAN,50,40,Norm. Target Mean (Cumulative),0.002750587866685913,True
FKBP3_HUMAN,50,40,Top 10% peptides selected (%),3.225806451612903,True
FKBP3_HUMAN,50,40,Remaining Top10 Quality,0.9970538482345521,True
FKBP3_HUMAN,50,80,Norm. Target Mean (Round),-0.7534408979857967,True
FKBP3_HUMAN,50,60,Norm. Target Mean (Cumulative),0.08036836485872598,True
FKBP3_HUMAN,50,60,Top 10% peptides selected (%),4.032258064516129,True
FKBP3_HUMAN,50,60,Remaining Top10 Quality,0.9956766792104869,True
FKBP3_HUMAN,50,100,Norm. Target Mean (Round),0.146878204904065,True
FKBP3_HUMAN,50,80,Norm. Target Mean (Cumulative),-0.18166542031517965,True
FKBP3_HUMAN,50,80,Top 10% peptides selected (%),4.032258064516129,True
FKBP3_HUMAN,50,80,Remaining Top10 Quality,0.9991336002966957,True
FKBP3_HUMAN,50,120,Norm. Target Mean (Round),0.3750464076448662,True
FKBP3_HUMAN,50,100,Norm. Target Mean (Cumulative),-0.1099598938373221,True
FKBP3_HUMAN,50,100,Top 10% peptides selected (%),6.451612903225806,True
FKBP3_HUMAN,50,100,Remaining Top10 Quality,0.9997703781750076,True
FKBP3_HUMAN,50,140,Norm. Target Mean (Round),0.30425128403157625,True
FKBP3_HUMAN,50,120,Norm. Target Mean (Cumulative),-0.0064188464137109776,True
FKBP3_HUMAN,50,120,Top 10% peptides selected (%),12.096774193548388,True
FKBP3_HUMAN,50,120,Remaining Top10 Quality,0.9923090845731061,True
FKBP3_HUMAN,50,160,Norm. Target Mean (Round),0.3285648091197537,True
FKBP3_HUMAN,50,140,Norm. Target Mean (Cumulative),0.05679221924061055,True
FKBP3_HUMAN,50,140,Top 10% peptides selected (%),15.32258064516129,True
FKBP3_HUMAN,50,140,Remaining Top10 Quality,0.9923505967612936,True
FKBP3_HUMAN,50,180,Norm. Target Mean (Round),0.10939153274979344,True
FKBP3_HUMAN,50,160,Norm. Target Mean (Cumulative),0.11119091424895142,True
FKBP3_HUMAN,50,160,Top 10% peptides selected (%),20.161290322580644,True
FKBP3_HUMAN,50,160,Remaining Top10 Quality,0.9850671731457618,True
FKBP3_HUMAN,50,200,Norm. Target Mean (Round),0.37966942399971587,True
FKBP3_HUMAN,50,180,Norm. Target Mean (Cumulative),0.11796485509876709,True
FKBP3_HUMAN,50,180,Top 10% peptides selected (%),21.774193548387096,True
FKBP3_HUMAN,50,180,Remaining Top10 Quality,0.9829436978593848,True
FKBP3_HUMAN,50,200,Norm. Target Mean (Cumulative),0.1653868231497858,True
FKBP3_HUMAN,50,200,Top 10% peptides selected (%),27.419354838709676,True
FKBP3_HUMAN,50,200,Remaining Top10 Quality,0.9829436978593848,True
POLG_PESV_sub,48,20,Norm. Target Mean (Round),0.023809760707691318,True
POLG_PESV_sub,48,40,Norm. Target Mean (Round),0.24694812984258444,True
POLG_PESV_sub,48,20,Norm. Target Mean (Cumulative),0.023809760707691318,True
POLG_PESV_sub,48,20,Top 10% peptides selected (%),0.7797270955165692,True
POLG_PESV_sub,48,20,Remaining Top10 Quality,0.999753624982527,True
POLG_PESV_sub,48,60,Norm. Target Mean (Round),0.5439526858540916,True
POLG_PESV_sub,48,40,Norm. Target Mean (Cumulative),0.1407905977486174,True
POLG_PESV_sub,48,40,Top 10% peptides selected (%),1.364522417153996,True
POLG_PESV_sub,48,40,Remaining Top10 Quality,0.9986431931223382,True
POLG_PESV_sub,48,80,Norm. Target Mean (Round),0.5163427014871809,True
POLG_PESV_sub,48,60,Norm. Target Mean (Cumulative),0.28839640968765096,True
POLG_PESV_sub,48,60,Top 10% peptides selected (%),2.923976608187134,True
POLG_PESV_sub,48,60,Remaining Top10 Quality,0.9978917778246293,True
POLG_PESV_sub,48,100,Norm. Target Mean (Round),0.06566260259615853,True
POLG_PESV_sub,48,80,Norm. Target Mean (Cumulative),0.35933839262160544,True
POLG_PESV_sub,48,80,Top 10% peptides selected (%),4.678362573099415,True
POLG_PESV_sub,48,80,Remaining Top10 Quality,0.9968750322271194,True
POLG_PESV_sub,48,120,Norm. Target Mean (Round),0.6314164659521334,True
POLG_PESV_sub,48,100,Norm. Target Mean (Cumulative),0.30503385543304923,True
POLG_PESV_sub,48,100,Top 10% peptides selected (%),5.0682261208577,True
POLG_PESV_sub,48,100,Remaining Top10 Quality,0.9965275507349854,True
POLG_PESV_sub,48,140,Norm. Target Mean (Round),0.08859124876558798,True
POLG_PESV_sub,48,120,Norm. Target Mean (Cumulative),0.3743214701621598,True
POLG_PESV_sub,48,120,Top 10% peptides selected (%),8.187134502923977,True
POLG_PESV_sub,48,120,Remaining Top10 Quality,0.9892881091140346,True
POLG_PESV_sub,48,160,Norm. Target Mean (Round),0.3301171743994013,True
POLG_PESV_sub,48,140,Norm. Target Mean (Cumulative),0.3378207345010099,True
POLG_PESV_sub,48,140,Top 10% peptides selected (%),8.966861598440545,True
POLG_PESV_sub,48,140,Remaining Top10 Quality,0.9880304946297443,True
POLG_PESV_sub,48,180,Norm. Target Mean (Round),0.6743716139246078,True
POLG_PESV_sub,48,160,Norm. Target Mean (Cumulative),0.34505355410641364,True
POLG_PESV_sub,48,160,Top 10% peptides selected (%),10.721247563352826,True
POLG_PESV_sub,48,160,Remaining Top10 Quality,0.9842921873460023,True
POLG_PESV_sub,48,200,Norm. Target Mean (Round),0.5562010857188309,True
POLG_PESV_sub,48,180,Norm. Target Mean (Cumulative),0.3956686617042714,True
POLG_PESV_sub,48,180,Top 10% peptides selected (%),13.450292397660817,True
POLG_PESV_sub,48,180,Remaining Top10 Quality,0.9758223956874286,True
POLG_PESV_sub,48,200,Norm. Target Mean (Cumulative),0.4230605109009759,True
POLG_PESV_sub,48,200,Top 10% peptides selected (%),15.39961013645224,True
POLG_PESV_sub,48,200,Remaining Top10 Quality,0.9758223956874286,True
FKBP3_HUMAN,49,20,Norm. Target Mean (Round),-0.0004065273385875387,True
FKBP3_HUMAN,49,40,Norm. Target Mean (Round),0.18193302511893164,True
FKBP3_HUMAN,49,20,Norm. Target Mean (Cumulative),-0.0004065273385875387,True
FKBP3_HUMAN,49,20,Top 10% peptides selected (%),1.6129032258064515,True
FKBP3_HUMAN,49,20,Remaining Top10 Quality,0.9989481529794554,True
FKBP3_HUMAN,49,60,Norm. Target Mean (Round),-0.8591732153609833,True
FKBP3_HUMAN,49,40,Norm. Target Mean (Cumulative),0.10339315645374691,True
FKBP3_HUMAN,49,40,Top 10% peptides selected (%),2.4193548387096775,True
FKBP3_HUMAN,49,40,Remaining Top10 Quality,1.002063082608823,True
FKBP3_HUMAN,49,80,Norm. Target Mean (Round),0.24471869305375227,True
FKBP3_HUMAN,49,60,Norm. Target Mean (Cumulative),-0.2811772762718507,True
FKBP3_HUMAN,49,60,Top 10% peptides selected (%),2.4193548387096775,True
FKBP3_HUMAN,49,60,Remaining Top10 Quality,1.0055696559376106,True
FKBP3_HUMAN,49,100,Norm. Target Mean (Round),0.22800610271396543,True
FKBP3_HUMAN,49,80,Norm. Target Mean (Cumulative),-0.14022748282545267,True
FKBP3_HUMAN,49,80,Top 10% peptides selected (%),4.838709677419355,True
FKBP3_HUMAN,49,80,Remaining Top10 Quality,1.0052482556742897,True
FKBP3_HUMAN,49,120,Norm. Target Mean (Round),0.23203815860636384,True
FKBP3_HUMAN,49,100,Norm. Target Mean (Cumulative),-0.05347946840713332,True
FKBP3_HUMAN,49,100,Top 10% peptides selected (%),6.451612903225806,True
FKBP3_HUMAN,49,100,Remaining Top10 Quality,1.0005096925490664,True
FKBP3_HUMAN,49,140,Norm. Target Mean (Round),0.037998230830170454,True
FKBP3_HUMAN,49,120,Norm. Target Mean (Cumulative),0.008515695310794626,True
FKBP3_HUMAN,49,120,Top 10% peptides selected (%),8.870967741935484,True
FKBP3_HUMAN,49,120,Remaining Top10 Quality,1.0006194678775946,True
FKBP3_HUMAN,49,160,Norm. Target Mean (Round),0.2958338540090008,True
FKBP3_HUMAN,49,140,Norm. Target Mean (Cumulative),0.015255388891273262,True
FKBP3_HUMAN,49,140,Top 10% peptides selected (%),11.29032258064516,True
FKBP3_HUMAN,49,140,Remaining Top10 Quality,1.001671467102067,True
FKBP3_HUMAN,49,180,Norm. Target Mean (Round),0.2886309221928685,True
FKBP3_HUMAN,49,160,Norm. Target Mean (Cumulative),0.06858936756849202,True
FKBP3_HUMAN,49,160,Top 10% peptides selected (%),16.129032258064516,True
FKBP3_HUMAN,49,160,Remaining Top10 Quality,0.9999491173481607,True
FKBP3_HUMAN,49,200,Norm. Target Mean (Round),0.07548084910291127,True
FKBP3_HUMAN,49,180,Norm. Target Mean (Cumulative),0.11074603707461575,True
FKBP3_HUMAN,49,180,Top 10% peptides selected (%),18.548387096774192,True
FKBP3_HUMAN,49,180,Remaining Top10 Quality,1.000179378329853,True
FKBP3_HUMAN,49,200,Norm. Target Mean (Cumulative),0.11226065355976504,True
FKBP3_HUMAN,49,200,Top 10% peptides selected (%),19.35483870967742,True
FKBP3_HUMAN,49,200,Remaining Top10 Quality,1.000179378329853,True
SBI_STAAM,43,20,Norm. Target Mean (Round),-0.3383660795552369,True
SBI_STAAM,43,40,Norm. Target Mean (Round),-0.0922821715939832,True
SBI_STAAM,43,20,Norm. Target Mean (Cumulative),-0.3383660795552369,True
SBI_STAAM,43,20,Top 10% peptides selected (%),0.0,True
SBI_STAAM,43,20,Remaining Top10 Quality,1.003808780303585,True
SBI_STAAM,43,60,Norm. Target Mean (Round),-0.00781533057582329,True
SBI_STAAM,43,40,Norm. Target Mean (Cumulative),-0.22913299473234788,True
SBI_STAAM,43,40,Top 10% peptides selected (%),0.0,True
SBI_STAAM,43,40,Remaining Top10 Quality,1.0077207825796541,True
SBI_STAAM,43,80,Norm. Target Mean (Round),-0.03722377937577613,True
SBI_STAAM,43,60,Norm. Target Mean (Cumulative),-0.162830288310766,True
SBI_STAAM,43,60,Top 10% peptides selected (%),0.9708737864077669,True
SBI_STAAM,43,60,Remaining Top10 Quality,1.0107696260976249,True
SBI_STAAM,43,100,Norm. Target Mean (Round),0.13890902375981717,True
SBI_STAAM,43,80,Norm. Target Mean (Cumulative),-0.13713844446115658,True
SBI_STAAM,43,80,Top 10% peptides selected (%),3.8834951456310676,True
SBI_STAAM,43,80,Remaining Top10 Quality,1.0047005047682727,True
SBI_STAAM,43,120,Norm. Target Mean (Round),-0.07324680328943246,True
SBI_STAAM,43,100,Norm. Target Mean (Cumulative),-0.07749457019795661,True
SBI_STAAM,43,100,Top 10% peptides selected (%),4.854368932038835,True
SBI_STAAM,43,100,Remaining Top10 Quality,1.007475209684414,True
SBI_STAAM,43,140,Norm. Target Mean (Round),0.037267267885021806,True
SBI_STAAM,43,120,Norm. Target Mean (Cumulative),-0.08134182832554693,True
SBI_STAAM,43,120,Top 10% peptides selected (%),4.854368932038835,True
SBI_STAAM,43,120,Remaining Top10 Quality,1.011560248253004,True
SBI_STAAM,43,160,Norm. Target Mean (Round),0.06511944180532975,True
SBI_STAAM,43,140,Norm. Target Mean (Cumulative),-0.0634522369858031,True
SBI_STAAM,43,140,Top 10% peptides selected (%),8.737864077669903,True
SBI_STAAM,43,140,Remaining Top10 Quality,1.015320337443133,True
SBI_STAAM,43,180,Norm. Target Mean (Round),0.2820783136913588,True
SBI_STAAM,43,160,Norm. Target Mean (Cumulative),-0.044822428395607704,True
SBI_STAAM,43,160,Top 10% peptides selected (%),12.62135922330097,True
SBI_STAAM,43,160,Remaining Top10 Quality,1.0061268505959835,True
SBI_STAAM,43,200,Norm. Target Mean (Round),0.31923567083596693,True
SBI_STAAM,43,180,Norm. Target Mean (Cumulative),0.004498162388459889,True
SBI_STAAM,43,180,Top 10% peptides selected (%),16.50485436893204,True
SBI_STAAM,43,180,Remaining Top10 Quality,1.0001744463541227,True
SBI_STAAM,43,200,Norm. Target Mean (Cumulative),0.050961159787642464,True
SBI_STAAM,43,200,Top 10% peptides selected (%),20.388349514563107,True
SBI_STAAM,43,200,Remaining Top10 Quality,1.0001744463541227,True
SBI_STAAM,45,20,Norm. Target Mean (Round),0.13659083933540303,True
SBI_STAAM,45,40,Norm. Target Mean (Round),-0.07910991196094712,True
SBI_STAAM,45,20,Norm. Target Mean (Cumulative),0.13659083933540303,True
SBI_STAAM,45,20,Top 10% peptides selected (%),1.9417475728155338,True
SBI_STAAM,45,20,Remaining Top10 Quality,1.003410480182225,True
SBI_STAAM,45,60,Norm. Target Mean (Round),-0.007816793445828805,True
SBI_STAAM,45,40,Norm. Target Mean (Cumulative),0.029527215078666354,True
SBI_STAAM,45,40,Top 10% peptides selected (%),2.912621359223301,True
SBI_STAAM,45,40,Remaining Top10 Quality,1.0027505202304237,True
SBI_STAAM,45,80,Norm. Target Mean (Round),-0.0786875852128848,True
SBI_STAAM,45,60,Norm. Target Mean (Cumulative),0.01759630279780502,True
SBI_STAAM,45,60,Top 10% peptides selected (%),3.8834951456310676,True
SBI_STAAM,45,60,Remaining Top10 Quality,1.0057633132445303,True
SBI_STAAM,45,100,Norm. Target Mean (Round),0.18116389947311562,True
SBI_STAAM,45,80,Norm. Target Mean (Cumulative),-0.010251309903285976,True
SBI_STAAM,45,80,Top 10% peptides selected (%),5.825242718446602,True
SBI_STAAM,45,80,Remaining Top10 Quality,1.0043298503859674,True
SBI_STAAM,45,120,Norm. Target Mean (Round),-0.4496777793192524,True
SBI_STAAM,45,100,Norm. Target Mean (Cumulative),0.0370547993331898,True
SBI_STAAM,45,100,Top 10% peptides selected (%),7.766990291262135,True
SBI_STAAM,45,100,Remaining Top10 Quality,1.0068615774832999,True
SBI_STAAM,45,140,Norm. Target Mean (Round),0.3986065890037088,True
SBI_STAAM,45,120,Norm. Target Mean (Cumulative),-0.06653178442155967,True
SBI_STAAM,45,120,Top 10% peptides selected (%),7.766990291262135,True
SBI_STAAM,45,120,Remaining Top10 Quality,1.011120489534556,True
SBI_STAAM,45,160,Norm. Target Mean (Round),0.3055888048260199,True
SBI_STAAM,45,140,Norm. Target Mean (Cumulative),0.01848592680859355,True
SBI_STAAM,45,140,Top 10% peptides selected (%),11.650485436893204,True
SBI_STAAM,45,140,Remaining Top10 Quality,1.0062278024131186,True
SBI_STAAM,45,180,Norm. Target Mean (Round),0.2945941016864186,True
SBI_STAAM,45,160,Norm. Target Mean (Cumulative),0.06909072109844254,True
SBI_STAAM,45,160,Top 10% peptides selected (%),15.53398058252427,True
SBI_STAAM,45,160,Remaining Top10 Quality,1.0059659111918982,True
SBI_STAAM,45,200,Norm. Target Mean (Round),0.3000057471954183,True
SBI_STAAM,45,180,Norm. Target Mean (Cumulative),0.1088511458681331,True
SBI_STAAM,45,180,Top 10% peptides selected (%),18.446601941747574,True
SBI_STAAM,45,180,Remaining Top10 Quality,1.0024400760941934,True
SBI_STAAM,45,200,Norm. Target Mean (Cumulative),0.14308031778945296,True
SBI_STAAM,45,200,Top 10% peptides selected (%),24.271844660194176,True
SBI_STAAM,45,200,Remaining Top10 Quality,1.0024400760941934,True
FKBP3_HUMAN,45,20,Norm. Target Mean (Round),-0.3728804880292554,True
FKBP3_HUMAN,45,40,Norm. Target Mean (Round),0.294047734254437,True
FKBP3_HUMAN,45,20,Norm. Target Mean (Cumulative),-0.3728804880292554,True
FKBP3_HUMAN,45,20,Top 10% peptides selected (%),1.6129032258064515,True
FKBP3_HUMAN,45,20,Remaining Top10 Quality,1.0027107313592816,True
FKBP3_HUMAN,45,60,Norm. Target Mean (Round),0.33514509532775216,True
FKBP3_HUMAN,45,40,Norm. Target Mean (Cumulative),-0.04263871674554448,True
FKBP3_HUMAN,45,40,Top 10% peptides selected (%),4.032258064516129,True
FKBP3_HUMAN,45,40,Remaining Top10 Quality,1.002683114262034,True
FKBP3_HUMAN,45,80,Norm. Target Mean (Round),0.23737715053588007,True
FKBP3_HUMAN,45,60,Norm. Target Mean (Cumulative),0.10810864596269709,True
FKBP3_HUMAN,45,60,Top 10% peptides selected (%),8.064516129032258,True
FKBP3_HUMAN,45,60,Remaining Top10 Quality,1.0048343534457251,True
FKBP3_HUMAN,45,100,Norm. Target Mean (Round),0.14972459845345398,True
FKBP3_HUMAN,45,80,Norm. Target Mean (Cumulative),0.1624208342392236,True
FKBP3_HUMAN,45,80,Top 10% peptides selected (%),10.483870967741936,True
FKBP3_HUMAN,45,80,Remaining Top10 Quality,1.0009411689317076,True
FKBP3_HUMAN,45,120,Norm. Target Mean (Round),0.2657844672297449,True
FKBP3_HUMAN,45,100,Norm. Target Mean (Cumulative),0.17447974240954867,True
FKBP3_HUMAN,45,100,Top 10% peptides selected (%),12.096774193548388,True
FKBP3_HUMAN,45,100,Remaining Top10 Quality,1.0019597011041284,True
FKBP3_HUMAN,45,140,Norm. Target Mean (Round),0.38227617906008987,True
FKBP3_HUMAN,45,120,Norm. Target Mean (Cumulative),0.21153189281175586,True
FKBP3_HUMAN,45,120,Top 10% peptides selected (%),14.516129032258066,True
FKBP3_HUMAN,45,120,Remaining Top10 Quality,0.9991890989684166,True
FKBP3_HUMAN,45,160,Norm. Target Mean (Round),0.28846214924017266,True
FKBP3_HUMAN,45,140,Norm. Target Mean (Cumulative),0.2643011749941799,True
FKBP3_HUMAN,45,140,Top 10% peptides selected (%),17.741935483870968,True
FKBP3_HUMAN,45,140,Remaining Top10 Quality,1.0004701229595376,True
FKBP3_HUMAN,45,180,Norm. Target Mean (Round),0.2652614162347681,True
FKBP3_HUMAN,45,160,Norm. Target Mean (Cumulative),0.28870575401002874,True
FKBP3_HUMAN,45,160,Top 10% peptides selected (%),20.967741935483872,True
FKBP3_HUMAN,45,160,Remaining Top10 Quality,1.000234359689045,True
FKBP3_HUMAN,45,200,Norm. Target Mean (Round),0.2942404891941063,True
FKBP3_HUMAN,45,180,Norm. Target Mean (Cumulative),0.3049805804203892,True
FKBP3_HUMAN,45,180,Top 10% peptides selected (%),21.774193548387096,True
FKBP3_HUMAN,45,180,Remaining Top10 Quality,1.0033355008180063,True
FKBP3_HUMAN,45,200,Norm. Target Mean (Cumulative),0.32397604810674163,True
FKBP3_HUMAN,45,200,Top 10% peptides selected (%),22.58064516129032,True
FKBP3_HUMAN,45,200,Remaining Top10 Quality,1.0033355008180063,True
MAFG_MOUSE_sub,42,20,Norm. Target Mean (Round),-0.11491200800141012,True
MAFG_MOUSE_sub,42,40,Norm. Target Mean (Round),0.42442800078077564,True
MAFG_MOUSE_sub,42,20,Norm. Target Mean (Cumulative),-0.11491200800141012,True
MAFG_MOUSE_sub,42,20,Top 10% peptides selected (%),0.6993006993006993,True
MAFG_MOUSE_sub,42,20,Remaining Top10 Quality,1.0010754042364856,True
MAFG_MOUSE_sub,42,60,Norm. Target Mean (Round),0.47953732267398114,True
MAFG_MOUSE_sub,42,40,Norm. Target Mean (Cumulative),0.16609951662097033,True
MAFG_MOUSE_sub,42,40,Top 10% peptides selected (%),4.195804195804196,True
MAFG_MOUSE_sub,42,40,Remaining Top10 Quality,0.998254607406861,True
MAFG_MOUSE_sub,42,80,Norm. Target Mean (Round),0.6001332920136078,True
MAFG_MOUSE_sub,42,60,Norm. Target Mean (Cumulative),0.292382400020315,True
MAFG_MOUSE_sub,42,60,Top 10% peptides selected (%),9.090909090909092,True
MAFG_MOUSE_sub,42,60,Remaining Top10 Quality,0.9909401881333654,True
MAFG_MOUSE_sub,42,100,Norm. Target Mean (Round),0.5660030277933186,True
MAFG_MOUSE_sub,42,80,Norm. Target Mean (Cumulative),0.39672465445302607,True
MAFG_MOUSE_sub,42,80,Top 10% peptides selected (%),15.384615384615385,True
MAFG_MOUSE_sub,42,80,Remaining Top10 Quality,0.9829748940197633,True
MAFG_MOUSE_sub,42,120,Norm. Target Mean (Round),0.4122508620254528,True
MAFG_MOUSE_sub,42,100,Norm. Target Mean (Cumulative),0.45690995995666234,True
MAFG_MOUSE_sub,42,100,Top 10% peptides selected (%),18.88111888111888,True
MAFG_MOUSE_sub,42,100,Remaining Top10 Quality,0.9797163708285237,True
MAFG_MOUSE_sub,42,140,Norm. Target Mean (Round),0.6286474040036286,True
MAFG_MOUSE_sub,42,120,Norm. Target Mean (Cumulative),0.46938358502837135,True
MAFG_MOUSE_sub,42,120,Top 10% peptides selected (%),20.97902097902098,True
MAFG_MOUSE_sub,42,120,Remaining Top10 Quality,0.9787755036338351,True
MAFG_MOUSE_sub,42,160,Norm. Target Mean (Round),0.6028844793697532,True
MAFG_MOUSE_sub,42,140,Norm. Target Mean (Cumulative),0.5197551629064833,True
MAFG_MOUSE_sub,42,140,Top 10% peptides selected (%),25.174825174825177,True
MAFG_MOUSE_sub,42,140,Remaining Top10 Quality,0.9737886525235222,True
MAFG_MOUSE_sub,42,180,Norm. Target Mean (Round),0.5790973839710482,True
MAFG_MOUSE_sub,42,160,Norm. Target Mean (Cumulative),0.5557627599983046,True
MAFG_MOUSE_sub,42,160,Top 10% peptides selected (%),30.069930069930066,True
MAFG_MOUSE_sub,42,160,Remaining Top10 Quality,0.9656203460679028,True
MAFG_MOUSE_sub,42,200,Norm. Target Mean (Round),0.5526824884953684,True
MAFG_MOUSE_sub,42,180,Norm. Target Mean (Cumulative),0.5817824574379031,True
MAFG_MOUSE_sub,42,180,Top 10% peptides selected (%),34.26573426573427,True
MAFG_MOUSE_sub,42,180,Remaining Top10 Quality,0.9625075182635168,True
MAFG_MOUSE_sub,42,200,Norm. Target Mean (Cumulative),0.6004505661564502,True
MAFG_MOUSE_sub,42,200,Top 10% peptides selected (%),41.25874125874126,True
MAFG_MOUSE_sub,42,200,Remaining Top10 Quality,0.9625075182635168,True
FKBP3_HUMAN,46,20,Norm. Target Mean (Round),-0.07971108758618742,True
FKBP3_HUMAN,46,40,Norm. Target Mean (Round),0.09661576102131529,True
FKBP3_HUMAN,46,20,Norm. Target Mean (Cumulative),-0.07971108758618742,True
FKBP3_HUMAN,46,20,Top 10% peptides selected (%),0.0,True
FKBP3_HUMAN,46,20,Remaining Top10 Quality,1.0033632647680457,True
FKBP3_HUMAN,46,60,Norm. Target Mean (Round),0.2145842201571575,True
FKBP3_HUMAN,46,40,Norm. Target Mean (Cumulative),0.01035143633023018,True
FKBP3_HUMAN,46,40,Top 10% peptides selected (%),2.4193548387096775,True
FKBP3_HUMAN,46,40,Remaining Top10 Quality,1.0037085004988893,True
FKBP3_HUMAN,46,80,Norm. Target Mean (Round),0.3165640072784938,True
FKBP3_HUMAN,46,60,Norm. Target Mean (Cumulative),0.09610513472464297,True
FKBP3_HUMAN,46,60,Top 10% peptides selected (%),4.838709677419355,True
FKBP3_HUMAN,46,60,Remaining Top10 Quality,1.003904406369945,True
FKBP3_HUMAN,46,100,Norm. Target Mean (Round),0.24073714036035557,True
FKBP3_HUMAN,46,80,Norm. Target Mean (Cumulative),0.17908884361736496,True
FKBP3_HUMAN,46,80,Top 10% peptides selected (%),6.451612903225806,True
FKBP3_HUMAN,46,80,Remaining Top10 Quality,1.005875550011059,True
FKBP3_HUMAN,46,120,Norm. Target Mean (Round),0.2110402542585278,True
FKBP3_HUMAN,46,100,Norm. Target Mean (Cumulative),0.21374692111442048,True
FKBP3_HUMAN,46,100,Top 10% peptides selected (%),8.870967741935484,True
FKBP3_HUMAN,46,100,Remaining Top10 Quality,1.0038164528113762,True
FKBP3_HUMAN,46,140,Norm. Target Mean (Round),0.3035360710538762,True
FKBP3_HUMAN,46,120,Norm. Target Mean (Cumulative),0.23245810931374927,True
FKBP3_HUMAN,46,120,Top 10% peptides selected (%),9.67741935483871,True
FKBP3_HUMAN,46,120,Remaining Top10 Quality,1.0069639663840921,True
FKBP3_HUMAN,46,160,Norm. Target Mean (Round),0.1096736215523064,True
FKBP3_HUMAN,46,140,Norm. Target Mean (Cumulative),0.2668415230040133,True
FKBP3_HUMAN,46,140,Top 10% peptides selected (%),11.29032258064516,True
FKBP3_HUMAN,46,140,Remaining Top10 Quality,1.0056415066585735,True
FKBP3_HUMAN,46,180,Norm. Target Mean (Round),0.1316051081642164,True
FKBP3_HUMAN,46,160,Norm. Target Mean (Cumulative),0.25710120043954476,True
FKBP3_HUMAN,46,160,Top 10% peptides selected (%),12.096774193548388,True
FKBP3_HUMAN,46,160,Remaining Top10 Quality,1.0095452225383763,True
FKBP3_HUMAN,46,200,Norm. Target Mean (Round),0.1734067584308211,True
FKBP3_HUMAN,46,180,Norm. Target Mean (Cumulative),0.25350186861217416,True
FKBP3_HUMAN,46,180,Top 10% peptides selected (%),12.096774193548388,True
FKBP3_HUMAN,46,180,Remaining Top10 Quality,1.0135667991725117,True
FKBP3_HUMAN,46,200,Norm. Target Mean (Cumulative),0.25793476774113727,True
FKBP3_HUMAN,46,200,Top 10% peptides selected (%),12.903225806451612,True
FKBP3_HUMAN,46,200,Remaining Top10 Quality,1.0135667991725117,True
FKBP3_HUMAN,44,20,Norm. Target Mean (Round),0.08765290837893024,True
FKBP3_HUMAN,44,40,Norm. Target Mean (Round),0.14421633950577226,True
FKBP3_HUMAN,44,20,Norm. Target Mean (Cumulative),0.08765290837893024,True
FKBP3_HUMAN,44,20,Top 10% peptides selected (%),1.6129032258064515,True
FKBP3_HUMAN,44,20,Remaining Top10 Quality,0.9987908510643693,True
FKBP3_HUMAN,44,60,Norm. Target Mean (Round),0.3988757121165904,True
FKBP3_HUMAN,44,40,Norm. Target Mean (Cumulative),0.13164035724475892,True
FKBP3_HUMAN,44,40,Top 10% peptides selected (%),3.225806451612903,True
FKBP3_HUMAN,44,40,Remaining Top10 Quality,1.0002773494966373,True
FKBP3_HUMAN,44,80,Norm. Target Mean (Round),0.28850574950252383,True
FKBP3_HUMAN,44,60,Norm. Target Mean (Cumulative),0.2583823773406598,True
FKBP3_HUMAN,44,60,Top 10% peptides selected (%),9.67741935483871,True
FKBP3_HUMAN,44,60,Remaining Top10 Quality,0.9938001785180445,True
FKBP3_HUMAN,44,100,Norm. Target Mean (Round),0.27549011605534884,True
FKBP3_HUMAN,44,80,Norm. Target Mean (Cumulative),0.2962468793708749,True
FKBP3_HUMAN,44,80,Top 10% peptides selected (%),12.096774193548388,True
FKBP3_HUMAN,44,80,Remaining Top10 Quality,0.9938438994109303,True
FKBP3_HUMAN,44,120,Norm. Target Mean (Round),0.2723566610883322,True
FKBP3_HUMAN,44,100,Norm. Target Mean (Cumulative),0.3195174307520052,True
FKBP3_HUMAN,44,100,Top 10% peptides selected (%),14.516129032258066,True
FKBP3_HUMAN,44,100,Remaining Top10 Quality,0.9933442817091769,True
FKBP3_HUMAN,44,140,Norm. Target Mean (Round),0.29205637296608294,True
FKBP3_HUMAN,44,120,Norm. Target Mean (Cumulative),0.33707222917376395,True
FKBP3_HUMAN,44,120,Top 10% peptides selected (%),16.129032258064516,True
FKBP3_HUMAN,44,120,Remaining Top10 Quality,0.9955971219194625,True
FKBP3_HUMAN,44,160,Norm. Target Mean (Round),0.4404164549955217,True
FKBP3_HUMAN,44,140,Norm. Target Mean (Cumulative),0.3553259780007602,True
FKBP3_HUMAN,44,140,Top 10% peptides selected (%),19.35483870967742,True
FKBP3_HUMAN,44,140,Remaining Top10 Quality,0.9919953896391072,True
FKBP3_HUMAN,44,180,Norm. Target Mean (Round),0.11450200108596265,True
FKBP3_HUMAN,44,160,Norm. Target Mean (Cumulative),0.39899523315407354,True
FKBP3_HUMAN,44,160,Top 10% peptides selected (%),24.193548387096776,True
FKBP3_HUMAN,44,160,Remaining Top10 Quality,0.9774346251973244,True
FKBP3_HUMAN,44,200,Norm. Target Mean (Round),0.2068182334757359,True
FKBP3_HUMAN,44,180,Norm. Target Mean (Cumulative),0.37711990486996605,True
FKBP3_HUMAN,44,180,Top 10% peptides selected (%),28.225806451612907,True
FKBP3_HUMAN,44,180,Remaining Top10 Quality,0.9749332125518387,True
FKBP3_HUMAN,44,200,Norm. Target Mean (Cumulative),0.3746262131670221,True
FKBP3_HUMAN,44,200,Top 10% peptides selected (%),29.03225806451613,True
FKBP3_HUMAN,44,200,Remaining Top10 Quality,0.9749332125518387,True
MAFG_MOUSE_sub,45,20,Norm. Target Mean (Round),-0.09097237760091437,True
MAFG_MOUSE_sub,45,40,Norm. Target Mean (Round),0.4106333922760182,True
MAFG_MOUSE_sub,45,20,Norm. Target Mean (Cumulative),-0.09097237760091437,True
MAFG_MOUSE_sub,45,20,Top 10% peptides selected (%),0.6993006993006993,True
MAFG_MOUSE_sub,45,20,Remaining Top10 Quality,1.0012716571187685,True
MAFG_MOUSE_sub,45,60,Norm. Target Mean (Round),0.47563604098335144,True
MAFG_MOUSE_sub,45,40,Norm. Target Mean (Cumulative),0.171432193924311,True
MAFG_MOUSE_sub,45,40,Top 10% peptides selected (%),4.195804195804196,True
MAFG_MOUSE_sub,45,40,Remaining Top10 Quality,0.9975807732498128,True
MAFG_MOUSE_sub,45,80,Norm. Target Mean (Round),0.42830841081863263,True
MAFG_MOUSE_sub,45,60,Norm. Target Mean (Cumulative),0.29442667516508436,True
MAFG_MOUSE_sub,45,60,Top 10% peptides selected (%),8.391608391608392,True
MAFG_MOUSE_sub,45,60,Remaining Top10 Quality,0.9887125047650916,True
MAFG_MOUSE_sub,45,100,Norm. Target Mean (Round),0.5361035806322865,True
MAFG_MOUSE_sub,45,80,Norm. Target Mean (Cumulative),0.347314341619594,True
MAFG_MOUSE_sub,45,80,Top 10% peptides selected (%),12.587412587412588,True
MAFG_MOUSE_sub,45,80,Remaining Top10 Quality,0.9829767985230531,True
MAFG_MOUSE_sub,45,120,Norm. Target Mean (Round),0.4050328523543566,True
MAFG_MOUSE_sub,45,100,Norm. Target Mean (Cumulative),0.40786396201613395,True
MAFG_MOUSE_sub,45,100,Top 10% peptides selected (%),19.58041958041958,True
MAFG_MOUSE_sub,45,100,Remaining Top10 Quality,0.9714715842455285,True
MAFG_MOUSE_sub,45,140,Norm. Target Mean (Round),0.5162892555512837,True
MAFG_MOUSE_sub,45,120,Norm. Target Mean (Cumulative),0.4239891835841766,True
MAFG_MOUSE_sub,45,120,Top 10% peptides selected (%),23.076923076923077,True
MAFG_MOUSE_sub,45,120,Remaining Top10 Quality,0.9700848889556237,True
MAFG_MOUSE_sub,45,160,Norm. Target Mean (Round),0.35232094410137665,True
MAFG_MOUSE_sub,45,140,Norm. Target Mean (Cumulative),0.4571157402109406,True
MAFG_MOUSE_sub,45,140,Top 10% peptides selected (%),25.874125874125873,True
MAFG_MOUSE_sub,45,140,Remaining Top10 Quality,0.9693304708635774,True
MAFG_MOUSE_sub,45,180,Norm. Target Mean (Round),0.43626369082999705,True
MAFG_MOUSE_sub,45,160,Norm. Target Mean (Cumulative),0.45782107780312664,True
MAFG_MOUSE_sub,45,160,Top 10% peptides selected (%),28.671328671328673,True
MAFG_MOUSE_sub,45,160,Remaining Top10 Quality,0.9673868585194697,True
MAFG_MOUSE_sub,45,200,Norm. Target Mean (Round),0.4539021628068937,True
MAFG_MOUSE_sub,45,180,Norm. Target Mean (Cumulative),0.4709869343815282,True
MAFG_MOUSE_sub,45,180,Top 10% peptides selected (%),31.46853146853147,True
MAFG_MOUSE_sub,45,180,Remaining Top10 Quality,0.9658557331127849,True
MAFG_MOUSE_sub,45,200,Norm. Target Mean (Cumulative),0.4847627213021072,True
MAFG_MOUSE_sub,45,200,Top 10% peptides selected (%),36.36363636363637,True
MAFG_MOUSE_sub,45,200,Remaining Top10 Quality,0.9658557331127849,True
POLG_PESV_sub,45,20,Norm. Target Mean (Round),-0.14472217558415978,True
POLG_PESV_sub,45,40,Norm. Target Mean (Round),0.34894077613979746,True
POLG_PESV_sub,45,20,Norm. Target Mean (Cumulative),-0.14472217558415978,True
POLG_PESV_sub,45,20,Top 10% peptides selected (%),0.3898635477582846,True
POLG_PESV_sub,45,20,Remaining Top10 Quality,1.0003169160567529,True
POLG_PESV_sub,45,60,Norm. Target Mean (Round),0.41885626553482724,True
POLG_PESV_sub,45,40,Norm. Target Mean (Cumulative),0.1064103678810535,True
POLG_PESV_sub,45,40,Top 10% peptides selected (%),1.364522417153996,True
POLG_PESV_sub,45,40,Remaining Top10 Quality,0.99925606439529,True
POLG_PESV_sub,45,80,Norm. Target Mean (Round),0.32561321971275914,True
POLG_PESV_sub,45,60,Norm. Target Mean (Cumulative),0.22068153462001266,True
POLG_PESV_sub,45,60,Top 10% peptides selected (%),2.923976608187134,True
POLG_PESV_sub,45,60,Remaining Top10 Quality,0.9963139518966136,True
POLG_PESV_sub,45,100,Norm. Target Mean (Round),0.4486764143930412,True
POLG_PESV_sub,45,80,Norm. Target Mean (Cumulative),0.25565208394812045,True
POLG_PESV_sub,45,80,Top 10% peptides selected (%),4.483430799220272,True
POLG_PESV_sub,45,80,Remaining Top10 Quality,0.9941911162253817,True
POLG_PESV_sub,45,120,Norm. Target Mean (Round),0.3098185194729864,True
POLG_PESV_sub,45,100,Norm. Target Mean (Cumulative),0.3050761113410393,True
POLG_PESV_sub,45,100,Top 10% peptides selected (%),5.847953216374268,True
POLG_PESV_sub,45,100,Remaining Top10 Quality,0.9927427800457276,True
POLG_PESV_sub,45,140,Norm. Target Mean (Round),0.6100093661279635,True
POLG_PESV_sub,45,120,Norm. Target Mean (Cumulative),0.31415692761146996,True
POLG_PESV_sub,45,120,Top 10% peptides selected (%),7.017543859649122,True
POLG_PESV_sub,45,120,Remaining Top10 Quality,0.9914490698473077,True
POLG_PESV_sub,45,160,Norm. Target Mean (Round),0.34313576418227665,True
POLG_PESV_sub,45,140,Norm. Target Mean (Cumulative),0.36977513683383384,True
POLG_PESV_sub,45,140,Top 10% peptides selected (%),9.35672514619883,True
POLG_PESV_sub,45,140,Remaining Top10 Quality,0.986597166176142,True
POLG_PESV_sub,45,180,Norm. Target Mean (Round),0.5868204384203369,True
POLG_PESV_sub,45,160,Norm. Target Mean (Cumulative),0.37492804419224857,True
POLG_PESV_sub,45,160,Top 10% peptides selected (%),10.526315789473683,True
POLG_PESV_sub,45,160,Remaining Top10 Quality,0.9841506459072793,True
POLG_PESV_sub,45,200,Norm. Target Mean (Round),0.25163542667771766,True
POLG_PESV_sub,45,180,Norm. Target Mean (Cumulative),0.4108718637722577,True
POLG_PESV_sub,45,180,Top 10% peptides selected (%),13.060428849902534,True
POLG_PESV_sub,45,180,Remaining Top10 Quality,0.9791019654456153,True
POLG_PESV_sub,45,200,Norm. Target Mean (Cumulative),0.4013192902103386,True
POLG_PESV_sub,45,200,Top 10% peptides selected (%),14.42495126705653,True
POLG_PESV_sub,45,200,Remaining Top10 Quality,0.9791019654456153,True
FKBP3_HUMAN,51,20,Norm. Target Mean (Round),0.16021796298064306,True
FKBP3_HUMAN,51,40,Norm. Target Mean (Round),0.2558899390302078,True
FKBP3_HUMAN,51,20,Norm. Target Mean (Cumulative),0.16021796298064306,True
FKBP3_HUMAN,51,20,Top 10% peptides selected (%),1.6129032258064515,True
FKBP3_HUMAN,51,20,Remaining Top10 Quality,1.0015718230564985,True
FKBP3_HUMAN,51,60,Norm. Target Mean (Round),-0.09708032123093704,True
FKBP3_HUMAN,51,40,Norm. Target Mean (Cumulative),0.23700888308467435,True
FKBP3_HUMAN,51,40,Top 10% peptides selected (%),4.032258064516129,True
FKBP3_HUMAN,51,40,Remaining Top10 Quality,0.9981833364837357,True
FKBP3_HUMAN,51,80,Norm. Target Mean (Round),0.10588036421778602,True
FKBP3_HUMAN,51,60,Norm. Target Mean (Cumulative),0.12838532462369254,True
FKBP3_HUMAN,51,60,Top 10% peptides selected (%),4.838709677419355,True
FKBP3_HUMAN,51,60,Remaining Top10 Quality,1.0009017636586348,True
FKBP3_HUMAN,51,100,Norm. Target Mean (Round),0.24360983356530333,True
FKBP3_HUMAN,51,80,Norm. Target Mean (Cumulative),0.13458595565909715,True
FKBP3_HUMAN,51,80,Top 10% peptides selected (%),4.838709677419355,True
FKBP3_HUMAN,51,80,Remaining Top10 Quality,1.0044545380467285,True
FKBP3_HUMAN,51,120,Norm. Target Mean (Round),0.44911345786852747,True
FKBP3_HUMAN,51,100,Norm. Target Mean (Cumulative),0.17711279230417792,True
FKBP3_HUMAN,51,100,Top 10% peptides selected (%),7.258064516129033,True
FKBP3_HUMAN,51,100,Remaining Top10 Quality,0.9994438454942346,True
FKBP3_HUMAN,51,140,Norm. Target Mean (Round),0.3331293692633302,True
FKBP3_HUMAN,51,120,Norm. Target Mean (Cumulative),0.2566299188500429,True
FKBP3_HUMAN,51,120,Top 10% peptides selected (%),12.903225806451612,True
FKBP3_HUMAN,51,120,Remaining Top10 Quality,0.9896221972740031,True
FKBP3_HUMAN,51,160,Norm. Target Mean (Round),0.303935611376696,True
FKBP3_HUMAN,51,140,Norm. Target Mean (Cumulative),0.2931965012333141,True
FKBP3_HUMAN,51,140,Top 10% peptides selected (%),14.516129032258066,True
FKBP3_HUMAN,51,140,Remaining Top10 Quality,0.9912072595210771,True
FKBP3_HUMAN,51,180,Norm. Target Mean (Round),0.22818235670030337,True
FKBP3_HUMAN,51,160,Norm. Target Mean (Cumulative),0.3171916649849514,True
FKBP3_HUMAN,51,160,Top 10% peptides selected (%),16.93548387096774,True
FKBP3_HUMAN,51,160,Remaining Top10 Quality,0.9919109022043155,True
FKBP3_HUMAN,51,200,Norm. Target Mean (Round),0.3112234443707813,True
FKBP3_HUMAN,51,180,Norm. Target Mean (Cumulative),0.3240011649612304,True
FKBP3_HUMAN,51,180,Top 10% peptides selected (%),19.35483870967742,True
FKBP3_HUMAN,51,180,Remaining Top10 Quality,0.9924064393176153,True
FKBP3_HUMAN,51,200,Norm. Target Mean (Cumulative),0.3439282157669707,True
FKBP3_HUMAN,51,200,Top 10% peptides selected (%),22.58064516129032,True
FKBP3_HUMAN,51,200,Remaining Top10 Quality,0.9924064393176153,True
SBI_STAAM,44,20,Norm. Target Mean (Round),-0.3605040056281009,True
SBI_STAAM,44,40,Norm. Target Mean (Round),0.010969640634876491,True
SBI_STAAM,44,20,Norm. Target Mean (Cumulative),-0.3605040056281009,True
SBI_STAAM,44,20,Top 10% peptides selected (%),0.0,True
SBI_STAAM,44,20,Remaining Top10 Quality,1.003808780303585,True
SBI_STAAM,44,60,Norm. Target Mean (Round),0.29265880704713315,True
SBI_STAAM,44,40,Norm. Target Mean (Cumulative),-0.18536569903819747,True
SBI_STAAM,44,40,Top 10% peptides selected (%),1.9417475728155338,True
SBI_STAAM,44,40,Remaining Top10 Quality,1.004578903920886,True
SBI_STAAM,44,80,Norm. Target Mean (Round),0.2926263705308134,True
SBI_STAAM,44,60,Norm. Target Mean (Cumulative),-0.01729181574509185,True
SBI_STAAM,44,60,Top 10% peptides selected (%),5.825242718446602,True
SBI_STAAM,44,60,Remaining Top10 Quality,1.001093895225171,True
SBI_STAAM,44,100,Norm. Target Mean (Round),0.3967977429504943,True
SBI_STAAM,44,80,Norm. Target Mean (Cumulative),0.07512173421991518,True
SBI_STAAM,44,80,Top 10% peptides selected (%),9.70873786407767,True
SBI_STAAM,44,80,Remaining Top10 Quality,1.0006599289267155,True
SBI_STAAM,44,120,Norm. Target Mean (Round),0.17236612674411317,True
SBI_STAAM,44,100,Norm. Target Mean (Cumulative),0.16211207405436903,True
SBI_STAAM,44,100,Top 10% peptides selected (%),13.592233009708737,True
SBI_STAAM,44,100,Remaining Top10 Quality,1.0023069324405836,True
SBI_STAAM,44,140,Norm. Target Mean (Round),0.15828559020700309,True
SBI_STAAM,44,120,Norm. Target Mean (Cumulative),0.17530298544202386,True
SBI_STAAM,44,120,Top 10% peptides selected (%),16.50485436893204,True
SBI_STAAM,44,120,Remaining Top10 Quality,0.9991432409147291,True
SBI_STAAM,44,160,Norm. Target Mean (Round),0.04701157358058311,True
SBI_STAAM,44,140,Norm. Target Mean (Cumulative),0.1829880105988824,True
SBI_STAAM,44,140,Top 10% peptides selected (%),17.475728155339805,True
SBI_STAAM,44,140,Remaining Top10 Quality,1.00212059543004,True
SBI_STAAM,44,180,Norm. Target Mean (Round),0.07108353751886691,True
SBI_STAAM,44,160,Norm. Target Mean (Cumulative),0.1700278377027839,True
SBI_STAAM,44,160,Top 10% peptides selected (%),18.446601941747574,True
SBI_STAAM,44,160,Remaining Top10 Quality,1.0062862159954467,True
SBI_STAAM,44,200,Norm. Target Mean (Round),0.30559960768945443,True
SBI_STAAM,44,180,Norm. Target Mean (Cumulative),0.1638629269509985,True
SBI_STAAM,44,180,Top 10% peptides selected (%),21.35922330097087,True
SBI_STAAM,44,180,Remaining Top10 Quality,1.0050628667811425,True
SBI_STAAM,44,200,Norm. Target Mean (Cumulative),0.19471091507138266,True
SBI_STAAM,44,200,Top 10% peptides selected (%),22.330097087378643,True
SBI_STAAM,44,200,Remaining Top10 Quality,1.0050628667811425,True
POLG_PESV_sub,50,20,Norm. Target Mean (Round),-0.0032822726935072496,True
POLG_PESV_sub,50,40,Norm. Target Mean (Round),0.3870954535621011,True
POLG_PESV_sub,50,20,Norm. Target Mean (Cumulative),-0.0032822726935072496,True
POLG_PESV_sub,50,20,Top 10% peptides selected (%),0.3898635477582846,True
POLG_PESV_sub,50,20,Remaining Top10 Quality,1.000178746657134,True
POLG_PESV_sub,50,60,Norm. Target Mean (Round),0.6462644254094706,True
POLG_PESV_sub,50,40,Norm. Target Mean (Cumulative),0.1996337210883916,True
POLG_PESV_sub,50,40,Top 10% peptides selected (%),1.364522417153996,True
POLG_PESV_sub,50,40,Remaining Top10 Quality,0.9983473494601439,True
POLG_PESV_sub,50,80,Norm. Target Mean (Round),0.6051117968321561,True
POLG_PESV_sub,50,60,Norm. Target Mean (Cumulative),0.3651642903024846,True
POLG_PESV_sub,50,60,Top 10% peptides selected (%),3.7037037037037033,True
POLG_PESV_sub,50,60,Remaining Top10 Quality,0.9933669918918392,True
POLG_PESV_sub,50,100,Norm. Target Mean (Round),0.42884874285721064,True
POLG_PESV_sub,50,80,Norm. Target Mean (Cumulative),0.44162426529929405,True
POLG_PESV_sub,50,80,Top 10% peptides selected (%),6.82261208576998,True
POLG_PESV_sub,50,80,Remaining Top10 Quality,0.9882295413841726,True
POLG_PESV_sub,50,120,Norm. Target Mean (Round),0.5567760631142518,True
POLG_PESV_sub,50,100,Norm. Target Mean (Cumulative),0.4513502630169114,True
POLG_PESV_sub,50,100,Top 10% peptides selected (%),8.771929824561402,True
POLG_PESV_sub,50,100,Remaining Top10 Quality,0.986166267609232,True
POLG_PESV_sub,50,140,Norm. Target Mean (Round),0.48760866948844295,True
POLG_PESV_sub,50,120,Norm. Target Mean (Cumulative),0.48330757345460196,True
POLG_PESV_sub,50,120,Top 10% peptides selected (%),10.721247563352826,True
POLG_PESV_sub,50,120,Remaining Top10 Quality,0.9823463041122571,True
POLG_PESV_sub,50,160,Norm. Target Mean (Round),0.6846957234187949,True
POLG_PESV_sub,50,140,Norm. Target Mean (Cumulative),0.49649675625056156,True
POLG_PESV_sub,50,140,Top 10% peptides selected (%),13.060428849902534,True
POLG_PESV_sub,50,140,Remaining Top10 Quality,0.9778838027471344,True
POLG_PESV_sub,50,180,Norm. Target Mean (Round),0.6530438240532134,True
POLG_PESV_sub,50,160,Norm. Target Mean (Cumulative),0.5357303857085796,True
POLG_PESV_sub,50,160,Top 10% peptides selected (%),16.17933723196881,True
POLG_PESV_sub,50,160,Remaining Top10 Quality,0.9715329859537943,True
POLG_PESV_sub,50,200,Norm. Target Mean (Round),0.3437492133878944,True
POLG_PESV_sub,50,180,Norm. Target Mean (Cumulative),0.5636182787117577,True
POLG_PESV_sub,50,180,Top 10% peptides selected (%),18.9083820662768,True
POLG_PESV_sub,50,180,Remaining Top10 Quality,0.9644513402209048,True
POLG_PESV_sub,50,200,Norm. Target Mean (Cumulative),0.5505361658840452,True
POLG_PESV_sub,50,200,Top 10% peptides selected (%),20.66276803118908,True
POLG_PESV_sub,50,200,Remaining Top10 Quality,0.9644513402209048,True
SBI_STAAM,51,20,Norm. Target Mean (Round),-0.06009105886259492,True
SBI_STAAM,51,40,Norm. Target Mean (Round),-0.4878838482053982,True
SBI_STAAM,51,20,Norm. Target Mean (Cumulative),-0.06009105886259492,True
SBI_STAAM,51,20,Top 10% peptides selected (%),0.0,True
SBI_STAAM,51,20,Remaining Top10 Quality,1.003808780303585,True
SBI_STAAM,51,60,Norm. Target Mean (Round),0.12796024802672215,True
SBI_STAAM,51,40,Norm. Target Mean (Cumulative),-0.29566135395452203,True
SBI_STAAM,51,40,Top 10% peptides selected (%),0.0,True
SBI_STAAM,51,40,Remaining Top10 Quality,1.0077207825796541,True
SBI_STAAM,51,80,Norm. Target Mean (Round),0.10549081464817381,True
SBI_STAAM,51,60,Norm. Target Mean (Cumulative),-0.1574793962735956,True
SBI_STAAM,51,60,Top 10% peptides selected (%),0.9708737864077669,True
SBI_STAAM,51,60,Remaining Top10 Quality,1.0083027676267,True
SBI_STAAM,51,100,Norm. Target Mean (Round),0.446602076800656,True
SBI_STAAM,51,80,Norm. Target Mean (Cumulative),-0.08993621583186732,True
SBI_STAAM,51,80,Top 10% peptides selected (%),3.8834951456310676,True
SBI_STAAM,51,80,Remaining Top10 Quality,1.0081248518902717,True
SBI_STAAM,51,120,Norm. Target Mean (Round),0.38304953718477774,True
SBI_STAAM,51,100,Norm. Target Mean (Cumulative),0.039255152508873875,True
SBI_STAAM,51,100,Top 10% peptides selected (%),8.737864077669903,True
SBI_STAAM,51,100,Remaining Top10 Quality,1.009568776053582,True
SBI_STAAM,51,140,Norm. Target Mean (Round),0.3535694343687839,True
SBI_STAAM,51,120,Norm. Target Mean (Cumulative),0.11760387610565078,True
SBI_STAAM,51,120,Top 10% peptides selected (%),13.592233009708737,True
SBI_STAAM,51,120,Remaining Top10 Quality,1.0089698871672228,True
SBI_STAAM,51,160,Norm. Target Mean (Round),0.06474655308580526,True
SBI_STAAM,51,140,Norm. Target Mean (Cumulative),0.17171763087382252,True
SBI_STAAM,51,140,Top 10% peptides selected (%),17.475728155339805,True
SBI_STAAM,51,140,Remaining Top10 Quality,1.0095490821498423,True
SBI_STAAM,51,180,Norm. Target Mean (Round),0.2507406289083977,True
SBI_STAAM,51,160,Norm. Target Mean (Cumulative),0.16337008286978982,True
SBI_STAAM,51,160,Top 10% peptides selected (%),18.446601941747574,True
SBI_STAAM,51,160,Remaining Top10 Quality,1.008930934547593,True
SBI_STAAM,51,200,Norm. Target Mean (Round),0.34910709313078725,True
SBI_STAAM,51,180,Norm. Target Mean (Cumulative),0.18747548662841837,True
SBI_STAAM,51,180,Top 10% peptides selected (%),18.446601941747574,True
SBI_STAAM,51,180,Remaining Top10 Quality,1.0139312699569962,True
SBI_STAAM,51,200,Norm. Target Mean (Cumulative),0.22338766344601563,True
SBI_STAAM,51,200,Top 10% peptides selected (%),26.21359223300971,True
SBI_STAAM,51,200,Remaining Top10 Quality,1.0139312699569962,True
POLG_PESV_sub,42,20,Norm. Target Mean (Round),-0.1330422748432658,True
POLG_PESV_sub,42,40,Norm. Target Mean (Round),0.4937415087657281,True
POLG_PESV_sub,42,20,Norm. Target Mean (Cumulative),-0.1330422748432658,True
POLG_PESV_sub,42,20,Top 10% peptides selected (%),0.3898635477582846,True
POLG_PESV_sub,42,20,Remaining Top10 Quality,1.000266526079615,True
POLG_PESV_sub,42,60,Norm. Target Mean (Round),0.49250189401850686,True
POLG_PESV_sub,42,40,Norm. Target Mean (Cumulative),0.18774466895791486,True
POLG_PESV_sub,42,40,Top 10% peptides selected (%),2.144249512670565,True
POLG_PESV_sub,42,40,Remaining Top10 Quality,0.9970187425702575,True
POLG_PESV_sub,42,80,Norm. Target Mean (Round),0.3188889250319888,True
POLG_PESV_sub,42,60,Norm. Target Mean (Cumulative),0.302453887086559,True
POLG_PESV_sub,42,60,Top 10% peptides selected (%),3.898635477582846,True
POLG_PESV_sub,42,60,Remaining Top10 Quality,0.9939609594183847,True
POLG_PESV_sub,42,100,Norm. Target Mean (Round),0.4998094593950818,True
POLG_PESV_sub,42,80,Norm. Target Mean (Cumulative),0.3166675997607862,True
POLG_PESV_sub,42,80,Top 10% peptides selected (%),5.263157894736842,True
POLG_PESV_sub,42,80,Remaining Top10 Quality,0.9912772580097167,True
POLG_PESV_sub,42,120,Norm. Target Mean (Round),0.585390539306836,True
POLG_PESV_sub,42,100,Norm. Target Mean (Cumulative),0.3664342964170079,True
POLG_PESV_sub,42,100,Top 10% peptides selected (%),7.017543859649122,True
POLG_PESV_sub,42,100,Remaining Top10 Quality,0.9882335306686828,True
POLG_PESV_sub,42,140,Norm. Target Mean (Round),0.34254998584286195,True
POLG_PESV_sub,42,120,Norm. Target Mean (Cumulative),0.4177331150934122,True
POLG_PESV_sub,42,120,Top 10% peptides selected (%),9.746588693957115,True
POLG_PESV_sub,42,120,Remaining Top10 Quality,0.9826002639265944,True
POLG_PESV_sub,42,160,Norm. Target Mean (Round),0.3577357517651017,True
POLG_PESV_sub,42,140,Norm. Target Mean (Cumulative),0.4166579381255183,True
POLG_PESV_sub,42,140,Top 10% peptides selected (%),11.11111111111111,True
POLG_PESV_sub,42,140,Remaining Top10 Quality,0.9805817320608021,True
POLG_PESV_sub,42,180,Norm. Target Mean (Round),0.5426438150475145,True
POLG_PESV_sub,42,160,Norm. Target Mean (Cumulative),0.4187236587584574,True
POLG_PESV_sub,42,160,Top 10% peptides selected (%),12.865497076023392,True
POLG_PESV_sub,42,160,Remaining Top10 Quality,0.9773087126154028,True
POLG_PESV_sub,42,200,Norm. Target Mean (Round),0.3305305874818557,True
POLG_PESV_sub,42,180,Norm. Target Mean (Cumulative),0.44491071821108585,True
POLG_PESV_sub,42,180,Top 10% peptides selected (%),15.39961013645224,True
POLG_PESV_sub,42,180,Remaining Top10 Quality,0.9704552942243825,True
POLG_PESV_sub,42,200,Norm. Target Mean (Cumulative),0.44165647474230507,True
POLG_PESV_sub,42,200,Top 10% peptides selected (%),16.764132553606238,True
POLG_PESV_sub,42,200,Remaining Top10 Quality,0.9704552942243825,True
FKBP3_HUMAN,42,20,Norm. Target Mean (Round),-0.12708292030245263,True
FKBP3_HUMAN,42,40,Norm. Target Mean (Round),0.19358280487627616,True
FKBP3_HUMAN,42,20,Norm. Target Mean (Cumulative),-0.12708292030245263,True
FKBP3_HUMAN,42,20,Top 10% peptides selected (%),0.0,True
FKBP3_HUMAN,42,20,Remaining Top10 Quality,1.0033632647680457,True
FKBP3_HUMAN,42,60,Norm. Target Mean (Round),0.35070420182957746,True
FKBP3_HUMAN,42,40,Norm. Target Mean (Cumulative),0.039020353193598256,True
FKBP3_HUMAN,42,40,Top 10% peptides selected (%),3.225806451612903,True
FKBP3_HUMAN,42,40,Remaining Top10 Quality,1.0030910262668098,True
FKBP3_HUMAN,42,80,Norm. Target Mean (Round),-0.8500767904123856,True
FKBP3_HUMAN,42,60,Norm. Target Mean (Cumulative),0.17289236305786287,True
FKBP3_HUMAN,42,60,Top 10% peptides selected (%),6.451612903225806,True
FKBP3_HUMAN,42,60,Remaining Top10 Quality,1.0001573339568075,True
FKBP3_HUMAN,42,100,Norm. Target Mean (Round),0.2918377475680895,True
FKBP3_HUMAN,42,80,Norm. Target Mean (Cumulative),-0.14508114975325354,True
FKBP3_HUMAN,42,80,Top 10% peptides selected (%),6.451612903225806,True
FKBP3_HUMAN,42,80,Remaining Top10 Quality,1.0037186437533372,True
FKBP3_HUMAN,42,120,Norm. Target Mean (Round),0.2938076071493931,True
FKBP3_HUMAN,42,100,Norm. Target Mean (Cumulative),-0.04006204601404948,True
FKBP3_HUMAN,42,100,Top 10% peptides selected (%),8.870967741935484,True
FKBP3_HUMAN,42,100,Remaining Top10 Quality,0.9992131191515391,True
FKBP3_HUMAN,42,140,Norm. Target Mean (Round),0.32576057707182615,True
FKBP3_HUMAN,42,120,Norm. Target Mean (Cumulative),0.03477216091948412,True
FKBP3_HUMAN,42,120,Top 10% peptides selected (%),12.903225806451612,True
FKBP3_HUMAN,42,120,Remaining Top10 Quality,0.9895261475579041,True
FKBP3_HUMAN,42,160,Norm. Target Mean (Round),0.26995640814305855,True
FKBP3_HUMAN,42,140,Norm. Target Mean (Cumulative),0.09752602889034315,True
FKBP3_HUMAN,42,140,Top 10% peptides selected (%),16.129032258064516,True
FKBP3_HUMAN,42,140,Remaining Top10 Quality,0.9861640415422803,True
FKBP3_HUMAN,42,180,Norm. Target Mean (Round),0.32724384092672326,True
FKBP3_HUMAN,42,160,Norm. Target Mean (Cumulative),0.13673768166756844,True
FKBP3_HUMAN,42,160,Top 10% peptides selected (%),20.161290322580644,True
FKBP3_HUMAN,42,160,Remaining Top10 Quality,0.9809196586851722,True
FKBP3_HUMAN,42,200,Norm. Target Mean (Round),0.3017174609277163,True
FKBP3_HUMAN,42,180,Norm. Target Mean (Cumulative),0.17824819286571156,True
FKBP3_HUMAN,42,180,Top 10% peptides selected (%),24.193548387096776,True
FKBP3_HUMAN,42,180,Remaining Top10 Quality,0.980349564381435,True
FKBP3_HUMAN,42,200,Norm. Target Mean (Cumulative),0.20919957682832058,True
FKBP3_HUMAN,42,200,Top 10% peptides selected (%),26.61290322580645,True
FKBP3_HUMAN,42,200,Remaining Top10 Quality,0.980349564381435,True
SBI_STAAM,50,20,Norm. Target Mean (Round),-0.1630242124342538,True
SBI_STAAM,50,40,Norm. Target Mean (Round),0.10740196276916374,True
SBI_STAAM,50,20,Norm. Target Mean (Cumulative),-0.1630242124342538,True
SBI_STAAM,50,20,Top 10% peptides selected (%),1.9417475728155338,True
SBI_STAAM,50,20,Remaining Top10 Quality,0.9955426281506993,True
SBI_STAAM,50,60,Norm. Target Mean (Round),0.16256866470713957,True
SBI_STAAM,50,40,Norm. Target Mean (Cumulative),-0.02903958900125429,True
SBI_STAAM,50,40,Top 10% peptides selected (%),5.825242718446602,True
SBI_STAAM,50,40,Remaining Top10 Quality,0.9932174599009314,True
SBI_STAAM,50,80,Norm. Target Mean (Round),0.2930403193601563,True
SBI_STAAM,50,60,Norm. Target Mean (Cumulative),0.04179807539893463,True
SBI_STAAM,50,60,Top 10% peptides selected (%),8.737864077669903,True
SBI_STAAM,50,60,Remaining Top10 Quality,0.9898147063629081,True
SBI_STAAM,50,100,Norm. Target Mean (Round),0.2705952286638871,True
SBI_STAAM,50,80,Norm. Target Mean (Cumulative),0.12094436899763929,True
SBI_STAAM,50,80,Top 10% peptides selected (%),12.62135922330097,True
SBI_STAAM,50,80,Remaining Top10 Quality,0.9906904173198221,True
SBI_STAAM,50,120,Norm. Target Mean (Round),0.32911161715947557,True
SBI_STAAM,50,100,Norm. Target Mean (Cumulative),0.1675013243956959,True
SBI_STAAM,50,100,Top 10% peptides selected (%),16.50485436893204,True
SBI_STAAM,50,100,Remaining Top10 Quality,0.9866064967006424,True
SBI_STAAM,50,140,Norm. Target Mean (Round),0.22543640890235606,True
SBI_STAAM,50,120,Norm. Target Mean (Cumulative),0.21397572310392993,True
SBI_STAAM,50,120,Top 10% peptides selected (%),20.388349514563107,True
SBI_STAAM,50,120,Remaining Top10 Quality,0.982398440411001,True
SBI_STAAM,50,160,Norm. Target Mean (Round),0.28748018979009876,True
SBI_STAAM,50,140,Norm. Target Mean (Cumulative),0.22943181164735602,True
SBI_STAAM,50,140,Top 10% peptides selected (%),22.330097087378643,True
SBI_STAAM,50,140,Remaining Top10 Quality,0.985832302053003,True
SBI_STAAM,50,180,Norm. Target Mean (Round),0.28795580322240116,True
SBI_STAAM,50,160,Norm. Target Mean (Cumulative),0.2534968229865486,True
SBI_STAAM,50,160,Top 10% peptides selected (%),27.184466019417474,True
SBI_STAAM,50,160,Remaining Top10 Quality,0.9766049286082634,True
SBI_STAAM,50,200,Norm. Target Mean (Round),0.14849812024442846,True
SBI_STAAM,50,180,Norm. Target Mean (Cumulative),0.27395411449858065,True
SBI_STAAM,50,180,Top 10% peptides selected (%),31.06796116504854,True
SBI_STAAM,50,180,Remaining Top10 Quality,0.9639464259206895,True
SBI_STAAM,50,200,Norm. Target Mean (Cumulative),0.27051026586684873,True
SBI_STAAM,50,200,Top 10% peptides selected (%),33.00970873786408,True
SBI_STAAM,50,200,Remaining Top10 Quality,0.9639464259206895,True
POLG_PESV_sub,47,20,Norm. Target Mean (Round),-0.07617115709416725,True
POLG_PESV_sub,47,40,Norm. Target Mean (Round),0.14796715383899947,True
POLG_PESV_sub,47,20,Norm. Target Mean (Cumulative),-0.07617115709416725,True
POLG_PESV_sub,47,20,Top 10% peptides selected (%),0.0,True
POLG_PESV_sub,47,20,Remaining Top10 Quality,1.000779230756005,True
POLG_PESV_sub,47,60,Norm. Target Mean (Round),0.6273877068969183,True
POLG_PESV_sub,47,40,Norm. Target Mean (Cumulative),0.03747478515065858,True
POLG_PESV_sub,47,40,Top 10% peptides selected (%),0.3898635477582846,True
POLG_PESV_sub,47,40,Remaining Top10 Quality,1.0011330999950094,True
POLG_PESV_sub,47,80,Norm. Target Mean (Round),0.4247716173984772,True
POLG_PESV_sub,47,60,Norm. Target Mean (Cumulative),0.24804104837564453,True
POLG_PESV_sub,47,60,Top 10% peptides selected (%),3.1189083820662766,True
POLG_PESV_sub,47,60,Remaining Top10 Quality,0.998265137141469,True
POLG_PESV_sub,47,100,Norm. Target Mean (Round),0.6083499986561491,True
POLG_PESV_sub,47,80,Norm. Target Mean (Cumulative),0.30398680662353106,True
POLG_PESV_sub,47,80,Top 10% peptides selected (%),5.0682261208577,True
POLG_PESV_sub,47,80,Remaining Top10 Quality,0.9964240288092278,True
POLG_PESV_sub,47,120,Norm. Target Mean (Round),0.6871342933427598,True
POLG_PESV_sub,47,100,Norm. Target Mean (Cumulative),0.38012804330219235,True
POLG_PESV_sub,47,100,Top 10% peptides selected (%),7.4074074074074066,True
POLG_PESV_sub,47,100,Remaining Top10 Quality,0.9927520958738734,True
POLG_PESV_sub,47,140,Norm. Target Mean (Round),-0.030106914755885263,True
POLG_PESV_sub,47,120,Norm. Target Mean (Cumulative),0.44830539507890055,True
POLG_PESV_sub,47,120,Top 10% peptides selected (%),10.1364522417154,True
POLG_PESV_sub,47,120,Remaining Top10 Quality,0.9864909531262847,True
POLG_PESV_sub,47,160,Norm. Target Mean (Round),0.5676697097880391,True
POLG_PESV_sub,47,140,Norm. Target Mean (Cumulative),0.3824940089637909,True
POLG_PESV_sub,47,140,Top 10% peptides selected (%),10.916179337231968,True
POLG_PESV_sub,47,140,Remaining Top10 Quality,0.9865334319026755,True
POLG_PESV_sub,47,180,Norm. Target Mean (Round),0.4708950582387225,True
POLG_PESV_sub,47,160,Norm. Target Mean (Cumulative),0.4187846374918058,True
POLG_PESV_sub,47,160,Top 10% peptides selected (%),13.060428849902534,True
POLG_PESV_sub,47,160,Remaining Top10 Quality,0.9819871477271941,True
POLG_PESV_sub,47,200,Norm. Target Mean (Round),0.5350293025519882,True
POLG_PESV_sub,47,180,Norm. Target Mean (Cumulative),0.4356691756968365,True
POLG_PESV_sub,47,180,Top 10% peptides selected (%),15.39961013645224,True
POLG_PESV_sub,47,180,Remaining Top10 Quality,0.9757888705151617,True
POLG_PESV_sub,47,200,Norm. Target Mean (Cumulative),0.45720648632563465,True
POLG_PESV_sub,47,200,Top 10% peptides selected (%),18.51851851851852,True
POLG_PESV_sub,47,200,Remaining Top10 Quality,0.9757888705151617,True
SBI_STAAM,47,20,Norm. Target Mean (Round),-0.04756536250502539,True
SBI_STAAM,47,40,Norm. Target Mean (Round),0.20445143254490927,True
SBI_STAAM,47,20,Norm. Target Mean (Cumulative),-0.04756536250502539,True
SBI_STAAM,47,20,Top 10% peptides selected (%),0.9708737864077669,True
SBI_STAAM,47,20,Remaining Top10 Quality,0.9991066534781241,True
SBI_STAAM,47,60,Norm. Target Mean (Round),0.1515686765390323,True
SBI_STAAM,47,40,Norm. Target Mean (Cumulative),0.08472716449450561,True
SBI_STAAM,47,40,Top 10% peptides selected (%),3.8834951456310676,True
SBI_STAAM,47,40,Remaining Top10 Quality,0.9989182080564534,True
SBI_STAAM,47,80,Norm. Target Mean (Round),0.38040017726835806,True
SBI_STAAM,47,60,Norm. Target Mean (Cumulative),0.11739397266679269,True
SBI_STAAM,47,60,Top 10% peptides selected (%),5.825242718446602,True
SBI_STAAM,47,60,Remaining Top10 Quality,0.9963945343560666,True
SBI_STAAM,47,100,Norm. Target Mean (Round),0.16052765839557423,True
SBI_STAAM,47,80,Norm. Target Mean (Cumulative),0.2065996722467217,True
SBI_STAAM,47,80,Top 10% peptides selected (%),10.679611650485436,True
SBI_STAAM,47,80,Remaining Top10 Quality,0.9966593723309535,True
SBI_STAAM,47,120,Norm. Target Mean (Round),0.23259671417473968,True
SBI_STAAM,47,100,Norm. Target Mean (Cumulative),0.20986744517112318,True
SBI_STAAM,47,100,Top 10% peptides selected (%),13.592233009708737,True
SBI_STAAM,47,100,Remaining Top10 Quality,0.993945984613411,True
SBI_STAAM,47,140,Norm. Target Mean (Round),0.13979228909968755,True
SBI_STAAM,47,120,Norm. Target Mean (Cumulative),0.22871262850590263,True
SBI_STAAM,47,120,Top 10% peptides selected (%),17.475728155339805,True
SBI_STAAM,47,120,Remaining Top10 Quality,0.9921574781212985,True
SBI_STAAM,47,160,Norm. Target Mean (Round),0.25300539286789364,True
SBI_STAAM,47,140,Norm. Target Mean (Cumulative),0.22584049510086293,True
SBI_STAAM,47,140,Top 10% peptides selected (%),21.35922330097087,True
SBI_STAAM,47,140,Remaining Top10 Quality,0.9838642490556885,True
SBI_STAAM,47,180,Norm. Target Mean (Round),0.4213476224459925,True
SBI_STAAM,47,160,Norm. Target Mean (Cumulative),0.24443956536132105,True
SBI_STAAM,47,160,Top 10% peptides selected (%),27.184466019417474,True
SBI_STAAM,47,160,Remaining Top10 Quality,0.9763914772547684,True
SBI_STAAM,47,200,Norm. Target Mean (Round),0.25390022059367656,True
SBI_STAAM,47,180,Norm. Target Mean (Cumulative),0.2870091328854346,True
SBI_STAAM,47,180,Top 10% peptides selected (%),32.038834951456316,True
SBI_STAAM,47,180,Remaining Top10 Quality,0.9696551834387813,True
SBI_STAAM,47,200,Norm. Target Mean (Cumulative),0.2985575218144249,True
SBI_STAAM,47,200,Top 10% peptides selected (%),34.95145631067961,True
SBI_STAAM,47,200,Remaining Top10 Quality,0.9696551834387813,True
POLG_PESV_sub,44,20,Norm. Target Mean (Round),-0.03761424384999269,True
POLG_PESV_sub,44,40,Norm. Target Mean (Round),0.4570557448895839,True
POLG_PESV_sub,44,20,Norm. Target Mean (Cumulative),-0.03761424384999269,True
POLG_PESV_sub,44,20,Top 10% peptides selected (%),0.3898635477582846,True
POLG_PESV_sub,44,20,Remaining Top10 Quality,1.0002146443792737,True
POLG_PESV_sub,44,60,Norm. Target Mean (Round),0.421994150434437,True
POLG_PESV_sub,44,40,Norm. Target Mean (Cumulative),0.21820226800722237,True
POLG_PESV_sub,44,40,Top 10% peptides selected (%),2.3391812865497075,True
POLG_PESV_sub,44,40,Remaining Top10 Quality,0.9980922917342973,True
POLG_PESV_sub,44,80,Norm. Target Mean (Round),0.5266402985480111,True
POLG_PESV_sub,44,60,Norm. Target Mean (Cumulative),0.2981330861785525,True
POLG_PESV_sub,44,60,Top 10% peptides selected (%),3.7037037037037033,True
POLG_PESV_sub,44,60,Remaining Top10 Quality,0.9968617151265043,True
POLG_PESV_sub,44,100,Norm. Target Mean (Round),0.5872452891497046,True
POLG_PESV_sub,44,80,Norm. Target Mean (Cumulative),0.3698247636016581,True
POLG_PESV_sub,44,80,Top 10% peptides selected (%),6.237816764132553,True
POLG_PESV_sub,44,80,Remaining Top10 Quality,0.991677430706147,True
POLG_PESV_sub,44,120,Norm. Target Mean (Round),0.4650416177089591,True
POLG_PESV_sub,44,100,Norm. Target Mean (Cumulative),0.4288267502261976,True
POLG_PESV_sub,44,100,Top 10% peptides selected (%),8.57699805068226,True
POLG_PESV_sub,44,100,Remaining Top10 Quality,0.9873362848530914,True
POLG_PESV_sub,44,140,Norm. Target Mean (Round),0.19976134113255295,True
POLG_PESV_sub,44,120,Norm. Target Mean (Cumulative),0.4478281016317389,True
POLG_PESV_sub,44,120,Top 10% peptides selected (%),10.721247563352826,True
POLG_PESV_sub,44,120,Remaining Top10 Quality,0.9837906592798095,True
POLG_PESV_sub,44,160,Norm. Target Mean (Round),0.240374736370527,True
POLG_PESV_sub,44,140,Norm. Target Mean (Cumulative),0.4194728815209458,True
POLG_PESV_sub,44,140,Top 10% peptides selected (%),10.916179337231968,True
POLG_PESV_sub,44,140,Remaining Top10 Quality,0.9843892038910909,True
POLG_PESV_sub,44,180,Norm. Target Mean (Round),0.24718709665452404,True
POLG_PESV_sub,44,160,Norm. Target Mean (Cumulative),0.4043025967107281,True
POLG_PESV_sub,44,160,Top 10% peptides selected (%),12.085769980506821,True
POLG_PESV_sub,44,160,Remaining Top10 Quality,0.9839485851863451,True
POLG_PESV_sub,44,200,Norm. Target Mean (Round),0.30885991499127846,True
POLG_PESV_sub,44,180,Norm. Target Mean (Cumulative),0.3937151795934658,True
POLG_PESV_sub,44,180,Top 10% peptides selected (%),12.670565302144249,True
POLG_PESV_sub,44,180,Remaining Top10 Quality,0.9835365338576043,True
POLG_PESV_sub,44,200,Norm. Target Mean (Cumulative),0.3927081147526032,True
POLG_PESV_sub,44,200,Top 10% peptides selected (%),12.865497076023392,True
POLG_PESV_sub,44,200,Remaining Top10 Quality,0.9835365338576043,True
POLG_PESV_sub,46,20,Norm. Target Mean (Round),-0.00907331666258889,True
POLG_PESV_sub,46,40,Norm. Target Mean (Round),0.32454709982782204,True
POLG_PESV_sub,46,20,Norm. Target Mean (Cumulative),-0.00907331666258889,True
POLG_PESV_sub,46,20,Top 10% peptides selected (%),0.3898635477582846,True
POLG_PESV_sub,46,20,Remaining Top10 Quality,1.000491417248619,True
POLG_PESV_sub,46,60,Norm. Target Mean (Round),0.508200058460126,True
POLG_PESV_sub,46,40,Norm. Target Mean (Cumulative),0.16409728712733512,True
POLG_PESV_sub,46,40,Top 10% peptides selected (%),1.949317738791423,True
POLG_PESV_sub,46,40,Remaining Top10 Quality,0.9971387742177235,True
POLG_PESV_sub,46,80,Norm. Target Mean (Round),0.4244104879636921,True
POLG_PESV_sub,46,60,Norm. Target Mean (Cumulative),0.2919351355489918,True
POLG_PESV_sub,46,60,Top 10% peptides selected (%),4.28849902534113,True
POLG_PESV_sub,46,60,Remaining Top10 Quality,0.9935154889306107,True
POLG_PESV_sub,46,100,Norm. Target Mean (Round),0.5993840574013906,True
POLG_PESV_sub,46,80,Norm. Target Mean (Cumulative),0.3373267646421707,True
POLG_PESV_sub,46,80,Top 10% peptides selected (%),6.237816764132553,True
POLG_PESV_sub,46,80,Remaining Top10 Quality,0.9893547485590605,True
POLG_PESV_sub,46,120,Norm. Target Mean (Round),0.4794241738998416,True
POLG_PESV_sub,46,100,Norm. Target Mean (Cumulative),0.4051701893190075,True
POLG_PESV_sub,46,100,Top 10% peptides selected (%),9.161793372319687,True
POLG_PESV_sub,46,100,Remaining Top10 Quality,0.9820302178760589,True
POLG_PESV_sub,46,140,Norm. Target Mean (Round),0.4403054941633248,True
POLG_PESV_sub,46,120,Norm. Target Mean (Cumulative),0.4303531329484207,True
POLG_PESV_sub,46,120,Top 10% peptides selected (%),11.11111111111111,True
POLG_PESV_sub,46,120,Remaining Top10 Quality,0.9771759970390893,True
POLG_PESV_sub,46,160,Norm. Target Mean (Round),0.44587814682283017,True
POLG_PESV_sub,46,140,Norm. Target Mean (Cumulative),0.4428668236686049,True
POLG_PESV_sub,46,140,Top 10% peptides selected (%),12.865497076023392,True
POLG_PESV_sub,46,140,Remaining Top10 Quality,0.9728297767491518,True
POLG_PESV_sub,46,180,Norm. Target Mean (Round),0.4098623950452063,True
POLG_PESV_sub,46,160,Norm. Target Mean (Cumulative),0.45385130329738693,True
POLG_PESV_sub,46,160,Top 10% peptides selected (%),14.42495126705653,True
POLG_PESV_sub,46,160,Remaining Top10 Quality,0.9693298090337209,True
POLG_PESV_sub,46,200,Norm. Target Mean (Round),0.6581998000097119,True
POLG_PESV_sub,46,180,Norm. Target Mean (Cumulative),0.45793924287505083,True
POLG_PESV_sub,46,180,Top 10% peptides selected (%),16.569200779727094,True
POLG_PESV_sub,46,180,Remaining Top10 Quality,0.9640196717058943,True
POLG_PESV_sub,46,200,Norm. Target Mean (Cumulative),0.48992097760910885,True
POLG_PESV_sub,46,200,Top 10% peptides selected (%),19.298245614035086,True
POLG_PESV_sub,46,200,Remaining Top10 Quality,0.9640196717058943,True
SBI_STAAM,48,20,Norm. Target Mean (Round),-0.0755078990242122,True
SBI_STAAM,48,40,Norm. Target Mean (Round),-0.08455992368501573,True
SBI_STAAM,48,20,Norm. Target Mean (Cumulative),-0.0755078990242122,True
SBI_STAAM,48,20,Top 10% peptides selected (%),0.9708737864077669,True
SBI_STAAM,48,20,Remaining Top10 Quality,1.002693495543355,True
SBI_STAAM,48,60,Norm. Target Mean (Round),0.015622179753014881,True
SBI_STAAM,48,40,Norm. Target Mean (Cumulative),-0.08576419251433162,True
SBI_STAAM,48,40,Top 10% peptides selected (%),1.9417475728155338,True
SBI_STAAM,48,40,Remaining Top10 Quality,1.0066088420312593,True
SBI_STAAM,48,80,Norm. Target Mean (Round),-0.06385710915088182,True
SBI_STAAM,48,60,Norm. Target Mean (Cumulative),-0.05382719752970335,True
SBI_STAAM,48,60,Top 10% peptides selected (%),2.912621359223301,True
SBI_STAAM,48,60,Remaining Top10 Quality,1.0096747793454648,True
SBI_STAAM,48,100,Norm. Target Mean (Round),0.1652987790630783,True
SBI_STAAM,48,80,Norm. Target Mean (Cumulative),-0.061000749810188985,True
SBI_STAAM,48,80,Top 10% peptides selected (%),5.825242718446602,True
SBI_STAAM,48,80,Remaining Top10 Quality,1.0035417456704716,True
SBI_STAAM,48,120,Norm. Target Mean (Round),0.09739460837894698,True
SBI_STAAM,48,100,Norm. Target Mean (Cumulative),-0.008524172911980833,True
SBI_STAAM,48,100,Top 10% peptides selected (%),6.796116504854369,True
SBI_STAAM,48,100,Remaining Top10 Quality,1.0063332727493648,True
SBI_STAAM,48,140,Norm. Target Mean (Round),0.3277219534729707,True
SBI_STAAM,48,120,Norm. Target Mean (Cumulative),0.013905212372221773,True
SBI_STAAM,48,120,Top 10% peptides selected (%),11.650485436893204,True
SBI_STAAM,48,120,Remaining Top10 Quality,0.994072311131688,True
SBI_STAAM,48,160,Norm. Target Mean (Round),0.5438098270972569,True
SBI_STAAM,48,140,Norm. Target Mean (Cumulative),0.07510001050143661,True
SBI_STAAM,48,140,Top 10% peptides selected (%),15.53398058252427,True
SBI_STAAM,48,140,Remaining Top10 Quality,0.9955638357146885,True
SBI_STAAM,48,180,Norm. Target Mean (Round),0.15260466075202345,True
SBI_STAAM,48,160,Norm. Target Mean (Cumulative),0.16163173286425847,True
SBI_STAAM,48,160,Top 10% peptides selected (%),20.388349514563107,True
SBI_STAAM,48,160,Remaining Top10 Quality,0.9881804655546543,True
SBI_STAAM,48,200,Norm. Target Mean (Round),0.08783355304311351,True
SBI_STAAM,48,180,Norm. Target Mean (Cumulative),0.1694326519445886,True
SBI_STAAM,48,180,Top 10% peptides selected (%),21.35922330097087,True
SBI_STAAM,48,180,Remaining Top10 Quality,0.9857874551285429,True
SBI_STAAM,48,200,Norm. Target Mean (Cumulative),0.16662196901925463,True
SBI_STAAM,48,200,Top 10% peptides selected (%),24.271844660194176,True
SBI_STAAM,48,200,Remaining Top10 Quality,0.9857874551285429,True
SBI_STAAM,49,20,Norm. Target Mean (Round),-0.15287373997024045,True
SBI_STAAM,49,40,Norm. Target Mean (Round),0.015794728722767055,True
SBI_STAAM,49,20,Norm. Target Mean (Cumulative),-0.15287373997024045,True
SBI_STAAM,49,20,Top 10% peptides selected (%),0.9708737864077669,True
SBI_STAAM,49,20,Remaining Top10 Quality,1.0008014499694966,True
SBI_STAAM,49,60,Norm. Target Mean (Round),-0.06367389352198936,True
SBI_STAAM,49,40,Norm. Target Mean (Cumulative),-0.07258149087728771,True
SBI_STAAM,49,40,Top 10% peptides selected (%),1.9417475728155338,True
SBI_STAAM,49,40,Remaining Top10 Quality,1.0037140033214818,True
SBI_STAAM,49,80,Norm. Target Mean (Round),0.10345497886029802,True
SBI_STAAM,49,60,Norm. Target Mean (Cumulative),-0.0751090635328066,True
SBI_STAAM,49,60,Top 10% peptides selected (%),4.854368932038835,True
SBI_STAAM,49,60,Remaining Top10 Quality,0.9975581126239104,True
SBI_STAAM,49,100,Norm. Target Mean (Round),-0.18566969847622733,True
SBI_STAAM,49,80,Norm. Target Mean (Cumulative),-0.027094611433644035,True
SBI_STAAM,49,80,Top 10% peptides selected (%),5.825242718446602,True
SBI_STAAM,49,80,Remaining Top10 Quality,1.000191864189553,True
SBI_STAAM,49,120,Norm. Target Mean (Round),-0.03355980917947927,True
SBI_STAAM,49,100,Norm. Target Mean (Cumulative),-0.06863386211289302,True
SBI_STAAM,49,100,Top 10% peptides selected (%),5.825242718446602,True
SBI_STAAM,49,100,Remaining Top10 Quality,1.0042784705670025,True
SBI_STAAM,49,140,Norm. Target Mean (Round),0.422537795408545,True
SBI_STAAM,49,120,Norm. Target Mean (Cumulative),-0.06529840524315078,True
SBI_STAAM,49,120,Top 10% peptides selected (%),6.796116504854369,True
SBI_STAAM,49,120,Remaining Top10 Quality,1.0070616452129149,True
SBI_STAAM,49,160,Norm. Target Mean (Round),0.15900539948337106,True
SBI_STAAM,49,140,Norm. Target Mean (Cumulative),0.024141193693536903,True
SBI_STAAM,49,140,Top 10% peptides selected (%),13.592233009708737,True
SBI_STAAM,49,140,Remaining Top10 Quality,1.0046604915069177,True
SBI_STAAM,49,180,Norm. Target Mean (Round),0.3251361721149354,True
SBI_STAAM,49,160,Norm. Target Mean (Cumulative),0.04908091841894916,True
SBI_STAAM,49,160,Top 10% peptides selected (%),15.53398058252427,True
SBI_STAAM,49,160,Remaining Top10 Quality,1.0070239647924117,True
SBI_STAAM,49,200,Norm. Target Mean (Round),0.3631132996169957,True
SBI_STAAM,49,180,Norm. Target Mean (Cumulative),0.09618340287187689,True
SBI_STAAM,49,180,Top 10% peptides selected (%),20.388349514563107,True
SBI_STAAM,49,180,Remaining Top10 Quality,1.004771573734589,True
SBI_STAAM,49,200,Norm. Target Mean (Cumulative),0.14170484948915824,True
SBI_STAAM,49,200,Top 10% peptides selected (%),22.330097087378643,True
SBI_STAAM,49,200,Remaining Top10 Quality,1.004771573734589,True
POLG_PESV_sub,49,20,Norm. Target Mean (Round),-0.03336961586200572,True
POLG_PESV_sub,49,40,Norm. Target Mean (Round),0.23155826154196288,True
POLG_PESV_sub,49,20,Norm. Target Mean (Cumulative),-0.03336961586200572,True
POLG_PESV_sub,49,20,Top 10% peptides selected (%),0.1949317738791423,True
POLG_PESV_sub,49,20,Remaining Top10 Quality,1.0005797465135868,True
POLG_PESV_sub,49,60,Norm. Target Mean (Round),0.343053723633026,True
POLG_PESV_sub,49,40,Norm. Target Mean (Cumulative),0.10313444788057437,True
POLG_PESV_sub,49,40,Top 10% peptides selected (%),1.1695906432748537,True
POLG_PESV_sub,49,40,Remaining Top10 Quality,0.9997909043401897,True
POLG_PESV_sub,49,80,Norm. Target Mean (Round),0.37730617790266563,True
POLG_PESV_sub,49,60,Norm. Target Mean (Cumulative),0.1918233623577812,True
POLG_PESV_sub,49,60,Top 10% peptides selected (%),1.949317738791423,True
POLG_PESV_sub,49,60,Remaining Top10 Quality,0.9988470384097128,True
POLG_PESV_sub,49,100,Norm. Target Mean (Round),0.35646237009775794,True
POLG_PESV_sub,49,80,Norm. Target Mean (Cumulative),0.24827928696975804,True
POLG_PESV_sub,49,80,Top 10% peptides selected (%),3.508771929824561,True
POLG_PESV_sub,49,80,Remaining Top10 Quality,0.9965486099915528,True
POLG_PESV_sub,49,120,Norm. Target Mean (Round),0.3139822788362586,True
POLG_PESV_sub,49,100,Norm. Target Mean (Cumulative),0.27927086240106247,True
POLG_PESV_sub,49,100,Top 10% peptides selected (%),5.458089668615984,True
POLG_PESV_sub,49,100,Remaining Top10 Quality,0.9952633652379487,True
POLG_PESV_sub,49,140,Norm. Target Mean (Round),0.43021582875779735,True
POLG_PESV_sub,49,120,Norm. Target Mean (Cumulative),0.2934738477225512,True
POLG_PESV_sub,49,120,Top 10% peptides selected (%),7.212475633528265,True
POLG_PESV_sub,49,120,Remaining Top10 Quality,0.9927971182845329,True
POLG_PESV_sub,49,160,Norm. Target Mean (Round),0.5810194635299929,True
POLG_PESV_sub,49,140,Norm. Target Mean (Cumulative),0.323234097579272,True
POLG_PESV_sub,49,140,Top 10% peptides selected (%),8.966861598440545,True
POLG_PESV_sub,49,140,Remaining Top10 Quality,0.9893263897005574,True
POLG_PESV_sub,49,180,Norm. Target Mean (Round),0.655202966722174,True
POLG_PESV_sub,49,160,Norm. Target Mean (Cumulative),0.36822205352272275,True
POLG_PESV_sub,49,160,Top 10% peptides selected (%),10.916179337231968,True
POLG_PESV_sub,49,160,Remaining Top10 Quality,0.9855504444046569,True
POLG_PESV_sub,49,200,Norm. Target Mean (Round),0.4915895067463573,True
POLG_PESV_sub,49,180,Norm. Target Mean (Cumulative),0.4140564592292969,True
POLG_PESV_sub,49,180,Top 10% peptides selected (%),13.840155945419102,True
POLG_PESV_sub,49,180,Remaining Top10 Quality,0.9781865517964309,True
POLG_PESV_sub,49,200,Norm. Target Mean (Cumulative),0.43258666928133027,True
POLG_PESV_sub,49,200,Top 10% peptides selected (%),16.374269005847953,True
POLG_PESV_sub,49,200,Remaining Top10 Quality,0.9781865517964309,True
SBI_STAAM,46,20,Norm. Target Mean (Round),-0.06565075864814449,True
SBI_STAAM,46,40,Norm. Target Mean (Round),0.22602941409652655,True
SBI_STAAM,46,20,Norm. Target Mean (Cumulative),-0.06565075864814449,True
SBI_STAAM,46,20,Top 10% peptides selected (%),0.9708737864077669,True
SBI_STAAM,46,20,Remaining Top10 Quality,1.0008640641588709,True
SBI_STAAM,46,60,Norm. Target Mean (Round),0.013886789736276538,True
SBI_STAAM,46,40,Norm. Target Mean (Cumulative),0.08736198926006918,True
SBI_STAAM,46,40,Top 10% peptides selected (%),5.825242718446602,True
SBI_STAAM,46,40,Remaining Top10 Quality,0.9920540937454025,True
SBI_STAAM,46,80,Norm. Target Mean (Round),-0.03541298234238362,True
SBI_STAAM,46,60,Norm. Target Mean (Cumulative),0.06625652349294052,True
SBI_STAAM,46,60,Top 10% peptides selected (%),6.796116504854369,True
SBI_STAAM,46,60,Remaining Top10 Quality,0.9948928668515201,True
SBI_STAAM,46,100,Norm. Target Mean (Round),0.2293863021245485,True
SBI_STAAM,46,80,Norm. Target Mean (Cumulative),0.04053230033303447,True
SBI_STAAM,46,80,Top 10% peptides selected (%),9.70873786407767,True
SBI_STAAM,46,80,Remaining Top10 Quality,0.9883741658778419,True
SBI_STAAM,46,120,Norm. Target Mean (Round),0.2781994842453023,True
SBI_STAAM,46,100,Norm. Target Mean (Cumulative),0.09015852908676161,True
SBI_STAAM,46,100,Top 10% peptides selected (%),11.650485436893204,True
SBI_STAAM,46,100,Remaining Top10 Quality,0.988670692627205,True
SBI_STAAM,46,140,Norm. Target Mean (Round),0.313841035124409,True
SBI_STAAM,46,120,Norm. Target Mean (Cumulative),0.13639089805125695,True
SBI_STAAM,46,120,Top 10% peptides selected (%),15.53398058252427,True
SBI_STAAM,46,120,Remaining Top10 Quality,0.9761623227869562,True
SBI_STAAM,46,160,Norm. Target Mean (Round),0.32902965658697275,True
SBI_STAAM,46,140,Norm. Target Mean (Cumulative),0.17707824509055278,True
SBI_STAAM,46,140,Top 10% peptides selected (%),21.35922330097087,True
SBI_STAAM,46,140,Remaining Top10 Quality,0.9648708056431388,True
SBI_STAAM,46,180,Norm. Target Mean (Round),-0.02071540444581454,True
SBI_STAAM,46,160,Norm. Target Mean (Cumulative),0.21149370403515616,True
SBI_STAAM,46,160,Top 10% peptides selected (%),25.24271844660194,True
SBI_STAAM,46,160,Remaining Top10 Quality,0.9532062420931158,True
SBI_STAAM,46,200,Norm. Target Mean (Round),0.4137782970526959,True
SBI_STAAM,46,180,Norm. Target Mean (Cumulative),0.18628305075920532,True
SBI_STAAM,46,180,Top 10% peptides selected (%),29.126213592233007,True
SBI_STAAM,46,180,Remaining Top10 Quality,0.951055433901984,True
SBI_STAAM,46,200,Norm. Target Mean (Cumulative),0.22736688226842805,True
SBI_STAAM,46,200,Top 10% peptides selected (%),31.06796116504854,True
SBI_STAAM,46,200,Remaining Top10 Quality,0.951055433901984,True
AMP_Ecoli,43,20,Norm. Target Mean (Round),-0.008106270641573533,True
AMP_Ecoli,43,40,Norm. Target Mean (Round),0.4861997768957831,True
AMP_Ecoli,43,20,Norm. Target Mean (Cumulative),-0.008106270641573533,True
AMP_Ecoli,43,20,Top 10% peptides selected (%),2.459016393442623,True
AMP_Ecoli,43,20,Remaining Top10 Quality,0.9935668581855149,True
AMP_Ecoli,43,60,Norm. Target Mean (Round),0.46242522442255923,True
AMP_Ecoli,43,40,Norm. Target Mean (Cumulative),0.2675211340292591,True
AMP_Ecoli,43,40,Top 10% peptides selected (%),9.01639344262295,True
AMP_Ecoli,43,40,Remaining Top10 Quality,0.9654964068537045,True
AMP_Ecoli,43,80,Norm. Target Mean (Round),0.2514959608380813,True
AMP_Ecoli,43,60,Norm. Target Mean (Cumulative),0.37282507662831416,True
AMP_Ecoli,43,60,Top 10% peptides selected (%),14.754098360655737,True
AMP_Ecoli,43,60,Remaining Top10 Quality,0.9325130282915418,True
AMP_Ecoli,43,100,Norm. Target Mean (Round),0.32957114492275114,True
AMP_Ecoli,43,80,Norm. Target Mean (Cumulative),0.3703707683901209,True
AMP_Ecoli,43,80,Top 10% peptides selected (%),18.0327868852459,True
AMP_Ecoli,43,80,Remaining Top10 Quality,0.9257222378374714,True
AMP_Ecoli,43,120,Norm. Target Mean (Round),0.3568273878107232,True
AMP_Ecoli,43,100,Norm. Target Mean (Cumulative),0.3924022480231028,True
AMP_Ecoli,43,100,Top 10% peptides selected (%),22.950819672131146,True
AMP_Ecoli,43,100,Remaining Top10 Quality,0.9177210944069527,True
AMP_Ecoli,43,140,Norm. Target Mean (Round),0.3541896533918575,True
AMP_Ecoli,43,120,Norm. Target Mean (Cumulative),0.4150439654031496,True
AMP_Ecoli,43,120,Top 10% peptides selected (%),27.86885245901639,True
AMP_Ecoli,43,120,Remaining Top10 Quality,0.9048111685733248,True
AMP_Ecoli,43,160,Norm. Target Mean (Round),0.3256450122530822,True
AMP_Ecoli,43,140,Norm. Target Mean (Cumulative),0.4349862807269391,True
AMP_Ecoli,43,140,Top 10% peptides selected (%),31.147540983606557,True
AMP_Ecoli,43,140,Remaining Top10 Quality,0.8988851032708642,True
AMP_Ecoli,43,180,Norm. Target Mean (Round),0.23679324188867104,True
AMP_Ecoli,43,160,Norm. Target Mean (Cumulative),0.44859744261414836,True
AMP_Ecoli,43,160,Top 10% peptides selected (%),35.24590163934426,True
AMP_Ecoli,43,160,Remaining Top10 Quality,0.894543852604117,True
AMP_Ecoli,43,200,Norm. Target Mean (Round),0.32450262020860315,True
AMP_Ecoli,43,180,Norm. Target Mean (Cumulative),0.44669303466575955,True
AMP_Ecoli,43,180,Top 10% peptides selected (%),37.704918032786885,True
AMP_Ecoli,43,180,Remaining Top10 Quality,0.8892437481381819,True
AMP_Ecoli,43,200,Norm. Target Mean (Cumulative),0.4606456516366246,True
AMP_Ecoli,43,200,Top 10% peptides selected (%),39.34426229508197,True
AMP_Ecoli,43,200,Remaining Top10 Quality,0.8892437481381819,True
SDA_BACSU,47,20,Norm. Target Mean (Round),0.16013516469499348,True
SDA_BACSU,47,40,Norm. Target Mean (Round),0.6319913954657163,True
SDA_BACSU,47,20,Norm. Target Mean (Cumulative),0.16013516469499348,True
SDA_BACSU,47,20,Top 10% peptides selected (%),0.7220216606498195,True
SDA_BACSU,47,20,Remaining Top10 Quality,0.9995300596672864,True
SDA_BACSU,47,60,Norm. Target Mean (Round),0.4847804764943604,True
SDA_BACSU,47,40,Norm. Target Mean (Cumulative),0.42270900948300405,True
SDA_BACSU,47,40,Top 10% peptides selected (%),3.9711191335740073,True
SDA_BACSU,47,40,Remaining Top10 Quality,0.9950538794752978,True
SDA_BACSU,47,80,Norm. Target Mean (Round),0.6414312889543659,True
SDA_BACSU,47,60,Norm. Target Mean (Cumulative),0.4678833714899897,True
SDA_BACSU,47,60,Top 10% peptides selected (%),6.4981949458483745,True
SDA_BACSU,47,60,Remaining Top10 Quality,0.9934764172833179,True
SDA_BACSU,47,100,Norm. Target Mean (Round),0.6958956423972517,True
SDA_BACSU,47,80,Norm. Target Mean (Cumulative),0.5391956833316409,True
SDA_BACSU,47,80,Top 10% peptides selected (%),9.747292418772563,True
SDA_BACSU,47,80,Remaining Top10 Quality,0.9909943232301294,True
SDA_BACSU,47,120,Norm. Target Mean (Round),0.657130165737543,True
SDA_BACSU,47,100,Norm. Target Mean (Cumulative),0.5975871936658051,True
SDA_BACSU,47,100,Top 10% peptides selected (%),13.718411552346572,True
SDA_BACSU,47,100,Remaining Top10 Quality,0.9860367890880072,True
SDA_BACSU,47,140,Norm. Target Mean (Round),0.6794941285321947,True
SDA_BACSU,47,120,Norm. Target Mean (Cumulative),0.6299278731117383,True
SDA_BACSU,47,120,Top 10% peptides selected (%),16.967509025270758,True
SDA_BACSU,47,120,Remaining Top10 Quality,0.9824294578431845,True
SDA_BACSU,47,160,Norm. Target Mean (Round),0.7096688606878179,True
SDA_BACSU,47,140,Norm. Target Mean (Cumulative),0.6580741440578137,True
SDA_BACSU,47,140,Top 10% peptides selected (%),20.577617328519857,True
SDA_BACSU,47,140,Remaining Top10 Quality,0.976207814469536,True
SDA_BACSU,47,180,Norm. Target Mean (Round),0.6583470328045039,True
SDA_BACSU,47,160,Norm. Target Mean (Cumulative),0.6833259811790002,True
SDA_BACSU,47,160,Top 10% peptides selected (%),24.187725631768952,True
SDA_BACSU,47,160,Remaining Top10 Quality,0.9710678310838288,True
SDA_BACSU,47,200,Norm. Target Mean (Round),0.6949606015388023,True
SDA_BACSU,47,180,Norm. Target Mean (Cumulative),0.6963032406779351,True
SDA_BACSU,47,180,Top 10% peptides selected (%),28.51985559566787,True
SDA_BACSU,47,180,Remaining Top10 Quality,0.965788248551545,True
SDA_BACSU,47,200,Norm. Target Mean (Cumulative),0.7122643431851082,True
SDA_BACSU,47,200,Top 10% peptides selected (%),32.12996389891697,True
SDA_BACSU,47,200,Remaining Top10 Quality,0.965788248551545,True
AMP_Ecoli,42,20,Norm. Target Mean (Round),-0.0726835698098923,True
AMP_Ecoli,42,40,Norm. Target Mean (Round),0.10019392143409893,True
AMP_Ecoli,42,20,Norm. Target Mean (Cumulative),-0.0726835698098923,True
AMP_Ecoli,42,20,Top 10% peptides selected (%),0.819672131147541,True
AMP_Ecoli,42,20,Remaining Top10 Quality,1.0039413163130695,True
AMP_Ecoli,42,60,Norm. Target Mean (Round),0.2812849828841017,True
AMP_Ecoli,42,40,Norm. Target Mean (Cumulative),0.0163312990576632,True
AMP_Ecoli,42,40,Top 10% peptides selected (%),3.278688524590164,True
AMP_Ecoli,42,40,Remaining Top10 Quality,1.0042203833377306,True
AMP_Ecoli,42,80,Norm. Target Mean (Round),0.3961147034144332,True
AMP_Ecoli,42,60,Norm. Target Mean (Cumulative),0.12868940928160505,True
AMP_Ecoli,42,60,Top 10% peptides selected (%),9.01639344262295,True
AMP_Ecoli,42,60,Remaining Top10 Quality,1.001911231681783,True
AMP_Ecoli,42,100,Norm. Target Mean (Round),0.28373840260948696,True
AMP_Ecoli,42,80,Norm. Target Mean (Cumulative),0.23507026108581047,True
AMP_Ecoli,42,80,Top 10% peptides selected (%),13.934426229508196,True
AMP_Ecoli,42,80,Remaining Top10 Quality,0.9985600124176015,True
AMP_Ecoli,42,120,Norm. Target Mean (Round),0.2739611630518041,True
AMP_Ecoli,42,100,Norm. Target Mean (Cumulative),0.27736175484400516,True
AMP_Ecoli,42,100,Top 10% peptides selected (%),18.0327868852459,True
AMP_Ecoli,42,100,Remaining Top10 Quality,0.9905483902970135,True
AMP_Ecoli,42,140,Norm. Target Mean (Round),0.16076226696172796,True
AMP_Ecoli,42,120,Norm. Target Mean (Cumulative),0.30655992033215756,True
AMP_Ecoli,42,120,Top 10% peptides selected (%),21.311475409836063,True
AMP_Ecoli,42,120,Remaining Top10 Quality,0.9814354306744854,True
AMP_Ecoli,42,160,Norm. Target Mean (Round),0.1927151836952548,True
AMP_Ecoli,42,140,Norm. Target Mean (Cumulative),0.30545644787362847,True
AMP_Ecoli,42,140,Top 10% peptides selected (%),23.770491803278688,True
AMP_Ecoli,42,140,Remaining Top10 Quality,0.9803720161833885,True
AMP_Ecoli,42,180,Norm. Target Mean (Round),0.31350820108960503,True
AMP_Ecoli,42,160,Norm. Target Mean (Cumulative),0.312959209727438,True
AMP_Ecoli,42,160,Top 10% peptides selected (%),26.229508196721312,True
AMP_Ecoli,42,160,Remaining Top10 Quality,0.9782344254123156,True
AMP_Ecoli,42,200,Norm. Target Mean (Round),0.10719982641782083,True
AMP_Ecoli,42,180,Norm. Target Mean (Cumulative),0.34346309900041533,True
AMP_Ecoli,42,180,Top 10% peptides selected (%),27.86885245901639,True
AMP_Ecoli,42,180,Remaining Top10 Quality,0.9791856844180892,True
AMP_Ecoli,42,200,Norm. Target Mean (Cumulative),0.33373676478744513,True
AMP_Ecoli,42,200,Top 10% peptides selected (%),29.508196721311474,True
AMP_Ecoli,42,200,Remaining Top10 Quality,0.9791856844180892,True
AMP_Ecoli,49,20,Norm. Target Mean (Round),0.02323864565553164,True
AMP_Ecoli,49,40,Norm. Target Mean (Round),0.07503358694901191,True
AMP_Ecoli,49,20,Norm. Target Mean (Cumulative),0.02323864565553164,True
AMP_Ecoli,49,20,Top 10% peptides selected (%),2.459016393442623,True
AMP_Ecoli,49,20,Remaining Top10 Quality,0.995692864349249,True
AMP_Ecoli,49,60,Norm. Target Mean (Round),0.07260340270358613,True
AMP_Ecoli,49,40,Norm. Target Mean (Cumulative),0.05527966814575223,True
AMP_Ecoli,49,40,Top 10% peptides selected (%),5.737704918032787,True
AMP_Ecoli,49,40,Remaining Top10 Quality,0.9908773101117441,True
AMP_Ecoli,49,80,Norm. Target Mean (Round),0.25007881528085185,True
AMP_Ecoli,49,60,Norm. Target Mean (Cumulative),0.06924919884227354,True
AMP_Ecoli,49,60,Top 10% peptides selected (%),7.377049180327869,True
AMP_Ecoli,49,60,Remaining Top10 Quality,0.9888488684543711,True
AMP_Ecoli,49,100,Norm. Target Mean (Round),0.4117288190412257,True
AMP_Ecoli,49,80,Norm. Target Mean (Cumulative),0.13659021695194962,True
AMP_Ecoli,49,80,Top 10% peptides selected (%),9.836065573770492,True
AMP_Ecoli,49,80,Remaining Top10 Quality,0.9868711613160845,True
AMP_Ecoli,49,120,Norm. Target Mean (Round),0.6714854005836346,True
AMP_Ecoli,49,100,Norm. Target Mean (Cumulative),0.2285288779780045,True
AMP_Ecoli,49,100,Top 10% peptides selected (%),14.754098360655737,True
AMP_Ecoli,49,100,Remaining Top10 Quality,0.9592963415548418,True
AMP_Ecoli,49,140,Norm. Target Mean (Round),0.3713906780388052,True
AMP_Ecoli,49,120,Norm. Target Mean (Cumulative),0.35003877542770395,True
AMP_Ecoli,49,120,Top 10% peptides selected (%),25.40983606557377,True
AMP_Ecoli,49,120,Remaining Top10 Quality,0.901303858408335,True
AMP_Ecoli,49,160,Norm. Target Mean (Round),0.10777194096537406,True
AMP_Ecoli,49,140,Norm. Target Mean (Cumulative),0.3782951640891008,True
AMP_Ecoli,49,140,Top 10% peptides selected (%),29.508196721311474,True
AMP_Ecoli,49,140,Remaining Top10 Quality,0.8906528211700764,True
AMP_Ecoli,49,180,Norm. Target Mean (Round),0.2971500228902336,True
AMP_Ecoli,49,160,Norm. Target Mean (Cumulative),0.3571072595054565,True
AMP_Ecoli,49,160,Top 10% peptides selected (%),31.147540983606557,True
AMP_Ecoli,49,160,Remaining Top10 Quality,0.8927105202377865,True
AMP_Ecoli,49,200,Norm. Target Mean (Round),0.4248177822960186,True
AMP_Ecoli,49,180,Norm. Target Mean (Cumulative),0.37126759325062736,True
AMP_Ecoli,49,180,Top 10% peptides selected (%),33.60655737704918,True
AMP_Ecoli,49,180,Remaining Top10 Quality,0.8864476866182273,True
AMP_Ecoli,49,200,Norm. Target Mean (Cumulative),0.40360664362490006,True
AMP_Ecoli,49,200,Top 10% peptides selected (%),37.704918032786885,True
AMP_Ecoli,49,200,Remaining Top10 Quality,0.8864476866182273,True
MAFG_MOUSE_sub,49,20,Norm. Target Mean (Round),0.020875354114893843,True
MAFG_MOUSE_sub,49,40,Norm. Target Mean (Round),0.39755822642224486,True
MAFG_MOUSE_sub,49,20,Norm. Target Mean (Cumulative),0.020875354114893843,True
MAFG_MOUSE_sub,49,20,Top 10% peptides selected (%),0.6993006993006993,True
MAFG_MOUSE_sub,49,20,Remaining Top10 Quality,1.0017192641936719,True
MAFG_MOUSE_sub,49,60,Norm. Target Mean (Round),0.6232361758123253,True
MAFG_MOUSE_sub,49,40,Norm. Target Mean (Cumulative),0.22377480061837834,True
MAFG_MOUSE_sub,49,40,Top 10% peptides selected (%),3.4965034965034967,True
MAFG_MOUSE_sub,49,40,Remaining Top10 Quality,0.999447942032433,True
MAFG_MOUSE_sub,49,80,Norm. Target Mean (Round),0.5191188230792838,True
MAFG_MOUSE_sub,49,60,Norm. Target Mean (Cumulative),0.3861102335457167,True
MAFG_MOUSE_sub,49,60,Top 10% peptides selected (%),8.391608391608392,True
MAFG_MOUSE_sub,49,60,Remaining Top10 Quality,0.9904065483611304,True
MAFG_MOUSE_sub,49,100,Norm. Target Mean (Round),0.5235314951193123,True
MAFG_MOUSE_sub,49,80,Norm. Target Mean (Cumulative),0.44365346261036925,True
MAFG_MOUSE_sub,49,80,Top 10% peptides selected (%),11.888111888111888,True
MAFG_MOUSE_sub,49,80,Remaining Top10 Quality,0.9895101406528127,True
MAFG_MOUSE_sub,49,120,Norm. Target Mean (Round),0.4349453317865838,True
MAFG_MOUSE_sub,49,100,Norm. Target Mean (Cumulative),0.48401667253291986,True
MAFG_MOUSE_sub,49,100,Top 10% peptides selected (%),18.88111888111888,True
MAFG_MOUSE_sub,49,100,Remaining Top10 Quality,0.9793318680521486,True
MAFG_MOUSE_sub,49,140,Norm. Target Mean (Round),0.49338386893619257,True
MAFG_MOUSE_sub,49,120,Norm. Target Mean (Cumulative),0.49600363646511453,True
MAFG_MOUSE_sub,49,120,Top 10% peptides selected (%),20.97902097902098,True
MAFG_MOUSE_sub,49,120,Remaining Top10 Quality,0.9790390016237455,True
MAFG_MOUSE_sub,49,160,Norm. Target Mean (Round),0.5144314926381611,True
MAFG_MOUSE_sub,49,140,Norm. Target Mean (Cumulative),0.5172893716633612,True
MAFG_MOUSE_sub,49,140,Top 10% peptides selected (%),24.475524475524477,True
MAFG_MOUSE_sub,49,140,Remaining Top10 Quality,0.9736139164783858,True
MAFG_MOUSE_sub,49,180,Norm. Target Mean (Round),0.45941951376243395,True
MAFG_MOUSE_sub,49,160,Norm. Target Mean (Cumulative),0.538162508095144,True
MAFG_MOUSE_sub,49,160,Top 10% peptides selected (%),27.972027972027973,True
MAFG_MOUSE_sub,49,160,Remaining Top10 Quality,0.9724602088390327,True
MAFG_MOUSE_sub,49,200,Norm. Target Mean (Round),0.5656883858245652,True
MAFG_MOUSE_sub,49,180,Norm. Target Mean (Cumulative),0.54750212939058,True
MAFG_MOUSE_sub,49,180,Top 10% peptides selected (%),30.76923076923077,True
MAFG_MOUSE_sub,49,180,Remaining Top10 Quality,0.9685704000335684,True
MAFG_MOUSE_sub,49,200,Norm. Target Mean (Cumulative),0.5703950948636278,True
MAFG_MOUSE_sub,49,200,Top 10% peptides selected (%),37.76223776223776,True
MAFG_MOUSE_sub,49,200,Remaining Top10 Quality,0.9685704000335684,True
AMP_Ecoli,50,20,Norm. Target Mean (Round),0.022698159785705014,True
AMP_Ecoli,50,40,Norm. Target Mean (Round),0.2546930241445608,True
AMP_Ecoli,50,20,Norm. Target Mean (Cumulative),0.022698159785705014,True
AMP_Ecoli,50,20,Top 10% peptides selected (%),0.819672131147541,True
AMP_Ecoli,50,20,Remaining Top10 Quality,1.0040759236730086,True
AMP_Ecoli,50,60,Norm. Target Mean (Round),0.30776222720142926,True
AMP_Ecoli,50,40,Norm. Target Mean (Cumulative),0.1581925525138424,True
AMP_Ecoli,50,40,Top 10% peptides selected (%),6.557377049180328,True
AMP_Ecoli,50,40,Remaining Top10 Quality,1.001138855916204,True
AMP_Ecoli,50,80,Norm. Target Mean (Round),0.12801663711863462,True
AMP_Ecoli,50,60,Norm. Target Mean (Cumulative),0.24179371000633484,True
AMP_Ecoli,50,60,Top 10% peptides selected (%),11.475409836065573,True
AMP_Ecoli,50,60,Remaining Top10 Quality,1.0007445930324559,True
AMP_Ecoli,50,100,Norm. Target Mean (Round),0.19527399474900564,True
AMP_Ecoli,50,80,Norm. Target Mean (Cumulative),0.23453378839639843,True
AMP_Ecoli,50,80,Top 10% peptides selected (%),12.295081967213115,True
AMP_Ecoli,50,80,Remaining Top10 Quality,1.0054354987474543,True
AMP_Ecoli,50,120,Norm. Target Mean (Round),0.18534619298165003,True
AMP_Ecoli,50,100,Norm. Target Mean (Cumulative),0.25149410126098254,True
AMP_Ecoli,50,100,Top 10% peptides selected (%),17.21311475409836,True
AMP_Ecoli,50,100,Remaining Top10 Quality,0.9937690496548405,True
AMP_Ecoli,50,140,Norm. Target Mean (Round),0.2766446427550221,True
AMP_Ecoli,50,120,Norm. Target Mean (Cumulative),0.26200902374138907,True
AMP_Ecoli,50,120,Top 10% peptides selected (%),21.311475409836063,True
AMP_Ecoli,50,120,Remaining Top10 Quality,0.9861101746020209,True
AMP_Ecoli,50,160,Norm. Target Mean (Round),0.2653137426603339,True
AMP_Ecoli,50,140,Norm. Target Mean (Cumulative),0.29249986956132806,True
AMP_Ecoli,50,140,Top 10% peptides selected (%),26.229508196721312,True
AMP_Ecoli,50,140,Remaining Top10 Quality,0.9746384792590529,True
AMP_Ecoli,50,180,Norm. Target Mean (Round),0.2050964157976954,True
AMP_Ecoli,50,160,Norm. Target Mean (Cumulative),0.31649955321080203,True
AMP_Ecoli,50,160,Top 10% peptides selected (%),28.688524590163933,True
AMP_Ecoli,50,160,Remaining Top10 Quality,0.967842309978832,True
AMP_Ecoli,50,200,Norm. Target Mean (Round),0.2471088524215909,True
AMP_Ecoli,50,180,Norm. Target Mean (Cumulative),0.3259136973852127,True
AMP_Ecoli,50,180,Top 10% peptides selected (%),28.688524590163933,True
AMP_Ecoli,50,180,Remaining Top10 Quality,0.9726884635936391,True
AMP_Ecoli,50,200,Norm. Target Mean (Cumulative),0.3426073635711229,True
AMP_Ecoli,50,200,Top 10% peptides selected (%),31.967213114754102,True
AMP_Ecoli,50,200,Remaining Top10 Quality,0.9726884635936391,True
AMP_Ecoli,45,20,Norm. Target Mean (Round),-0.007281006932051418,True
AMP_Ecoli,45,40,Norm. Target Mean (Round),0.3024329754540541,True
AMP_Ecoli,45,20,Norm. Target Mean (Cumulative),-0.007281006932051418,True
AMP_Ecoli,45,20,Top 10% peptides selected (%),1.639344262295082,True
AMP_Ecoli,45,20,Remaining Top10 Quality,1.001841204327006,True
AMP_Ecoli,45,60,Norm. Target Mean (Round),0.25976459527174334,True
AMP_Ecoli,45,40,Norm. Target Mean (Cumulative),0.1685423566275414,True
AMP_Ecoli,45,40,Top 10% peptides selected (%),4.918032786885246,True
AMP_Ecoli,45,40,Remaining Top10 Quality,0.9994740017762075,True
AMP_Ecoli,45,80,Norm. Target Mean (Round),0.3849388291872453,True
AMP_Ecoli,45,60,Norm. Target Mean (Cumulative),0.22918685573057734,True
AMP_Ecoli,45,60,Top 10% peptides selected (%),8.19672131147541,True
AMP_Ecoli,45,60,Remaining Top10 Quality,0.9983875435010389,True
AMP_Ecoli,45,100,Norm. Target Mean (Round),0.287123789445853,True
AMP_Ecoli,45,80,Norm. Target Mean (Cumulative),0.31134417890640664,True
AMP_Ecoli,45,80,Top 10% peptides selected (%),12.295081967213115,True
AMP_Ecoli,45,80,Remaining Top10 Quality,0.993350675843541,True
AMP_Ecoli,45,120,Norm. Target Mean (Round),0.157580581678279,True
AMP_Ecoli,45,100,Norm. Target Mean (Cumulative),0.34220514219870046,True
AMP_Ecoli,45,100,Top 10% peptides selected (%),17.21311475409836,True
AMP_Ecoli,45,100,Remaining Top10 Quality,0.9847546834375929,True
AMP_Ecoli,45,140,Norm. Target Mean (Round),-0.003950812508679814,True
AMP_Ecoli,45,120,Norm. Target Mean (Cumulative),0.33294258570359764,True
AMP_Ecoli,45,120,Top 10% peptides selected (%),20.491803278688526,True
AMP_Ecoli,45,120,Remaining Top10 Quality,0.9820415148540235,True
AMP_Ecoli,45,160,Norm. Target Mean (Round),0.2192891406581544,True
AMP_Ecoli,45,140,Norm. Target Mean (Cumulative),0.29152182292143447,True
AMP_Ecoli,45,140,Top 10% peptides selected (%),21.311475409836063,True
AMP_Ecoli,45,140,Remaining Top10 Quality,0.9864319013304272,True
AMP_Ecoli,45,180,Norm. Target Mean (Round),0.4469064307319125,True
AMP_Ecoli,45,160,Norm. Target Mean (Cumulative),0.3061630914186369,True
AMP_Ecoli,45,160,Top 10% peptides selected (%),23.770491803278688,True
AMP_Ecoli,45,160,Remaining Top10 Quality,0.9886395546624879,True
AMP_Ecoli,45,200,Norm. Target Mean (Round),0.5307338436476449,True
AMP_Ecoli,45,180,Norm. Target Mean (Cumulative),0.3631919474032984,True
AMP_Ecoli,45,180,Top 10% peptides selected (%),30.327868852459016,True
AMP_Ecoli,45,180,Remaining Top10 Quality,0.9543345795283893,True
AMP_Ecoli,45,200,Norm. Target Mean (Cumulative),0.4247057336394943,True
AMP_Ecoli,45,200,Top 10% peptides selected (%),36.885245901639344,True
AMP_Ecoli,45,200,Remaining Top10 Quality,0.9543345795283893,True
YNZC_BACSU_sub,50,20,Norm. Target Mean (Round),-0.04136375037993796,True
YNZC_BACSU_sub,50,40,Norm. Target Mean (Round),0.5233904750812205,True
YNZC_BACSU_sub,50,20,Norm. Target Mean (Cumulative),-0.04136375037993796,True
YNZC_BACSU_sub,50,20,Top 10% peptides selected (%),0.43478260869565216,True
YNZC_BACSU_sub,50,20,Remaining Top10 Quality,0.9996474559661208,True
YNZC_BACSU_sub,50,60,Norm. Target Mean (Round),0.5172091005986982,True
YNZC_BACSU_sub,50,40,Norm. Target Mean (Cumulative),0.25968894318811037,True
YNZC_BACSU_sub,50,40,Top 10% peptides selected (%),4.782608695652174,True
YNZC_BACSU_sub,50,40,Remaining Top10 Quality,0.9952440052821433,True
YNZC_BACSU_sub,50,80,Norm. Target Mean (Round),0.46630219592148325,True
YNZC_BACSU_sub,50,60,Norm. Target Mean (Cumulative),0.3745139694458953,True
YNZC_BACSU_sub,50,60,Top 10% peptides selected (%),9.130434782608695,True
YNZC_BACSU_sub,50,60,Remaining Top10 Quality,0.9901385929296034,True
YNZC_BACSU_sub,50,100,Norm. Target Mean (Round),0.5541902107853168,True
YNZC_BACSU_sub,50,80,Norm. Target Mean (Cumulative),0.4246642334295804,True
YNZC_BACSU_sub,50,80,Top 10% peptides selected (%),10.434782608695652,True
YNZC_BACSU_sub,50,80,Remaining Top10 Quality,0.9912387544446931,True
YNZC_BACSU_sub,50,120,Norm. Target Mean (Round),0.5492675836992612,True
YNZC_BACSU_sub,50,100,Norm. Target Mean (Cumulative),0.4804020423295018,True
YNZC_BACSU_sub,50,100,Top 10% peptides selected (%),13.91304347826087,True
YNZC_BACSU_sub,50,100,Remaining Top10 Quality,0.9880945714223245,True
YNZC_BACSU_sub,50,140,Norm. Target Mean (Round),0.5378978872671824,True
YNZC_BACSU_sub,50,120,Norm. Target Mean (Cumulative),0.5197232969905745,True
YNZC_BACSU_sub,50,120,Top 10% peptides selected (%),17.82608695652174,True
YNZC_BACSU_sub,50,120,Remaining Top10 Quality,0.9813134181156467,True
YNZC_BACSU_sub,50,160,Norm. Target Mean (Round),0.33234846064962753,True
YNZC_BACSU_sub,50,140,Norm. Target Mean (Cumulative),0.5480407878719538,True
YNZC_BACSU_sub,50,140,Top 10% peptides selected (%),21.304347826086957,True
YNZC_BACSU_sub,50,140,Remaining Top10 Quality,0.9760519431631683,True
YNZC_BACSU_sub,50,180,Norm. Target Mean (Round),0.5337983066287324,True
YNZC_BACSU_sub,50,160,Norm. Target Mean (Cumulative),0.5383821321498456,True
YNZC_BACSU_sub,50,160,Top 10% peptides selected (%),23.91304347826087,True
YNZC_BACSU_sub,50,160,Remaining Top10 Quality,0.9703975354586153,True
YNZC_BACSU_sub,50,200,Norm. Target Mean (Round),0.31244798437910287,True
YNZC_BACSU_sub,50,180,Norm. Target Mean (Cumulative),0.561720905155,True
YNZC_BACSU_sub,50,180,Top 10% peptides selected (%),27.82608695652174,True
YNZC_BACSU_sub,50,180,Remaining Top10 Quality,0.9596591939104933,True
YNZC_BACSU_sub,50,200,Norm. Target Mean (Cumulative),0.5515005273015033,True
YNZC_BACSU_sub,50,200,Top 10% peptides selected (%),28.695652173913043,True
YNZC_BACSU_sub,50,200,Remaining Top10 Quality,0.9596591939104933,True
SDA_BACSU,50,20,Norm. Target Mean (Round),0.1631453721493346,True
SDA_BACSU,50,40,Norm. Target Mean (Round),0.6491872864437542,True
SDA_BACSU,50,20,Norm. Target Mean (Cumulative),0.1631453721493346,True
SDA_BACSU,50,20,Top 10% peptides selected (%),1.083032490974729,True
SDA_BACSU,50,20,Remaining Top10 Quality,1.000415174249633,True
SDA_BACSU,50,60,Norm. Target Mean (Round),0.47537914627092165,True
SDA_BACSU,50,40,Norm. Target Mean (Cumulative),0.4335041853766877,True
SDA_BACSU,50,40,Top 10% peptides selected (%),3.6101083032490973,True
SDA_BACSU,50,40,Remaining Top10 Quality,0.9986424646334165,True
SDA_BACSU,50,80,Norm. Target Mean (Round),0.7187637937609143,True
SDA_BACSU,50,60,Norm. Target Mean (Cumulative),0.4734253076647991,True
SDA_BACSU,50,60,Top 10% peptides selected (%),7.2202166064981945,True
SDA_BACSU,50,60,Remaining Top10 Quality,0.9945130599238828,True
SDA_BACSU,50,100,Norm. Target Mean (Round),0.6506436482776078,True
SDA_BACSU,50,80,Norm. Target Mean (Cumulative),0.5646958158121336,True
SDA_BACSU,50,80,Top 10% peptides selected (%),11.913357400722022,True
SDA_BACSU,50,80,Remaining Top10 Quality,0.9877888795460777,True
SDA_BACSU,50,120,Norm. Target Mean (Round),0.7110878092738048,True
SDA_BACSU,50,100,Norm. Target Mean (Cumulative),0.6049077271571358,True
SDA_BACSU,50,100,Top 10% peptides selected (%),15.162454873646208,True
SDA_BACSU,50,100,Remaining Top10 Quality,0.9828706058565724,True
SDA_BACSU,50,140,Norm. Target Mean (Round),0.5567260789667388,True
SDA_BACSU,50,120,Norm. Target Mean (Cumulative),0.6440562318967556,True
SDA_BACSU,50,120,Top 10% peptides selected (%),18.772563176895307,True
SDA_BACSU,50,120,Remaining Top10 Quality,0.975963159746022,True
SDA_BACSU,50,160,Norm. Target Mean (Round),0.7023286317259472,True
SDA_BACSU,50,140,Norm. Target Mean (Cumulative),0.6460468163217888,True
SDA_BACSU,50,140,Top 10% peptides selected (%),21.660649819494584,True
SDA_BACSU,50,140,Remaining Top10 Quality,0.9720951912139626,True
SDA_BACSU,50,180,Norm. Target Mean (Round),0.6201610032604891,True
SDA_BACSU,50,160,Norm. Target Mean (Cumulative),0.6695672309136959,True
SDA_BACSU,50,160,Top 10% peptides selected (%),24.90974729241877,True
SDA_BACSU,50,160,Remaining Top10 Quality,0.9673914084324478,True
SDA_BACSU,50,200,Norm. Target Mean (Round),0.5191540526514596,True
SDA_BACSU,50,180,Norm. Target Mean (Cumulative),0.6777564628574687,True
SDA_BACSU,50,180,Top 10% peptides selected (%),27.79783393501805,True
SDA_BACSU,50,180,Remaining Top10 Quality,0.9633415605678374,True
SDA_BACSU,50,200,Norm. Target Mean (Cumulative),0.6732202382435409,True
SDA_BACSU,50,200,Top 10% peptides selected (%),29.24187725631769,True
SDA_BACSU,50,200,Remaining Top10 Quality,0.9633415605678374,True
AMP_Ecoli,46,20,Norm. Target Mean (Round),0.05710085468714103,True
AMP_Ecoli,46,40,Norm. Target Mean (Round),0.45810391427485964,True
AMP_Ecoli,46,20,Norm. Target Mean (Cumulative),0.05710085468714103,True
AMP_Ecoli,46,20,Top 10% peptides selected (%),1.639344262295082,True
AMP_Ecoli,46,20,Remaining Top10 Quality,0.9877541373342394,True
AMP_Ecoli,46,60,Norm. Target Mean (Round),0.4530819798055245,True
AMP_Ecoli,46,40,Norm. Target Mean (Cumulative),0.2848904653389154,True
AMP_Ecoli,46,40,Top 10% peptides selected (%),7.377049180327869,True
AMP_Ecoli,46,40,Remaining Top10 Quality,0.949998789506543,True
AMP_Ecoli,46,80,Norm. Target Mean (Round),0.29246532822438553,True
AMP_Ecoli,46,60,Norm. Target Mean (Cumulative),0.3725879922011232,True
AMP_Ecoli,46,60,Top 10% peptides selected (%),14.754098360655737,True
AMP_Ecoli,46,60,Remaining Top10 Quality,0.9235083681235113,True
AMP_Ecoli,46,100,Norm. Target Mean (Round),0.23126467940959725,True
AMP_Ecoli,46,80,Norm. Target Mean (Cumulative),0.3805760414786112,True
AMP_Ecoli,46,80,Top 10% peptides selected (%),18.0327868852459,True
AMP_Ecoli,46,80,Remaining Top10 Quality,0.918375388460373,True
AMP_Ecoli,46,120,Norm. Target Mean (Round),0.3847436163830514,True
AMP_Ecoli,46,100,Norm. Target Mean (Cumulative),0.3745946598221204,True
AMP_Ecoli,46,100,Top 10% peptides selected (%),20.491803278688526,True
AMP_Ecoli,46,100,Remaining Top10 Quality,0.9146639773306781,True
AMP_Ecoli,46,140,Norm. Target Mean (Round),0.14399463233361073,True
AMP_Ecoli,46,120,Norm. Target Mean (Cumulative),0.40452565475108454,True
AMP_Ecoli,46,120,Top 10% peptides selected (%),27.049180327868854,True
AMP_Ecoli,46,120,Remaining Top10 Quality,0.9055859327678613,True
AMP_Ecoli,46,160,Norm. Target Mean (Round),0.3628265671134765,True
AMP_Ecoli,46,140,Norm. Target Mean (Cumulative),0.38351042153450104,True
AMP_Ecoli,46,140,Top 10% peptides selected (%),27.049180327868854,True
AMP_Ecoli,46,140,Remaining Top10 Quality,0.9099244352268261,True
AMP_Ecoli,46,180,Norm. Target Mean (Round),0.3215192585794159,True
AMP_Ecoli,46,160,Norm. Target Mean (Cumulative),0.4081002672814597,True
AMP_Ecoli,46,160,Top 10% peptides selected (%),33.60655737704918,True
AMP_Ecoli,46,160,Remaining Top10 Quality,0.8955529372308528,True
AMP_Ecoli,46,200,Norm. Target Mean (Round),0.37706087507760483,True
AMP_Ecoli,46,180,Norm. Target Mean (Cumulative),0.4233516360972096,True
AMP_Ecoli,46,180,Top 10% peptides selected (%),36.0655737704918,True
AMP_Ecoli,46,180,Remaining Top10 Quality,0.8909127128558882,True
AMP_Ecoli,46,200,Norm. Target Mean (Cumulative),0.4465641412197757,True
AMP_Ecoli,46,200,Top 10% peptides selected (%),38.52459016393443,True
AMP_Ecoli,46,200,Remaining Top10 Quality,0.8909127128558882,True
SDA_BACSU,48,20,Norm. Target Mean (Round),0.08908246234568873,True
SDA_BACSU,48,40,Norm. Target Mean (Round),0.1762717440200355,True
SDA_BACSU,48,20,Norm. Target Mean (Cumulative),0.08908246234568873,True
SDA_BACSU,48,20,Top 10% peptides selected (%),1.8050541516245486,True
SDA_BACSU,48,20,Remaining Top10 Quality,0.9993902701653586,True
SDA_BACSU,48,60,Norm. Target Mean (Round),0.45309095396174937,True
SDA_BACSU,48,40,Norm. Target Mean (Cumulative),0.14139486328457312,True
SDA_BACSU,48,40,Top 10% peptides selected (%),2.888086642599278,True
SDA_BACSU,48,40,Remaining Top10 Quality,0.9986724107144432,True
SDA_BACSU,48,80,Norm. Target Mean (Round),0.2734920992719737,True
SDA_BACSU,48,60,Norm. Target Mean (Cumulative),0.26429172273251733,True
SDA_BACSU,48,60,Top 10% peptides selected (%),6.137184115523466,True
SDA_BACSU,48,60,Remaining Top10 Quality,0.9957844445876067,True
SDA_BACSU,48,100,Norm. Target Mean (Round),0.4817699018260812,True
SDA_BACSU,48,80,Norm. Target Mean (Cumulative),0.27986069296197336,True
SDA_BACSU,48,80,Top 10% peptides selected (%),8.303249097472925,True
SDA_BACSU,48,80,Remaining Top10 Quality,0.99283219541685,True
SDA_BACSU,48,120,Norm. Target Mean (Round),0.6815471103134318,True
SDA_BACSU,48,100,Norm. Target Mean (Cumulative),0.3384892402081996,True
SDA_BACSU,48,100,Top 10% peptides selected (%),10.830324909747292,True
SDA_BACSU,48,100,Remaining Top10 Quality,0.990823402245538,True
SDA_BACSU,48,140,Norm. Target Mean (Round),0.5720457774726306,True
SDA_BACSU,48,120,Norm. Target Mean (Cumulative),0.418680856428303,True
SDA_BACSU,48,120,Top 10% peptides selected (%),14.440433212996389,True
SDA_BACSU,48,120,Remaining Top10 Quality,0.9847685353901803,True
SDA_BACSU,48,160,Norm. Target Mean (Round),0.69869166161428,True
SDA_BACSU,48,140,Norm. Target Mean (Cumulative),0.4576435968426149,True
SDA_BACSU,48,140,Top 10% peptides selected (%),18.050541516245488,True
SDA_BACSU,48,140,Remaining Top10 Quality,0.9813434954754273,True
SDA_BACSU,48,180,Norm. Target Mean (Round),0.6682327206695512,True
SDA_BACSU,48,160,Norm. Target Mean (Cumulative),0.5068440788455834,True
SDA_BACSU,48,160,Top 10% peptides selected (%),21.299638989169676,True
SDA_BACSU,48,160,Remaining Top10 Quality,0.976483865769159,True
SDA_BACSU,48,200,Norm. Target Mean (Round),0.52557897553403,True
SDA_BACSU,48,180,Norm. Target Mean (Cumulative),0.5409744901561999,True
SDA_BACSU,48,180,Top 10% peptides selected (%),24.187725631768952,True
SDA_BACSU,48,180,Remaining Top10 Quality,0.97388722738919,True
SDA_BACSU,48,200,Norm. Target Mean (Cumulative),0.5520223704560321,True
SDA_BACSU,48,200,Top 10% peptides selected (%),27.436823104693143,True
SDA_BACSU,48,200,Remaining Top10 Quality,0.97388722738919,True
AMP_Ecoli,44,20,Norm. Target Mean (Round),0.016644853275872003,True
AMP_Ecoli,44,40,Norm. Target Mean (Round),0.17639038660282957,True
AMP_Ecoli,44,20,Norm. Target Mean (Cumulative),0.016644853275872003,True
AMP_Ecoli,44,20,Top 10% peptides selected (%),2.459016393442623,True
AMP_Ecoli,44,20,Remaining Top10 Quality,1.0006618598748305,True
AMP_Ecoli,44,60,Norm. Target Mean (Round),0.22842011753570415,True
AMP_Ecoli,44,40,Norm. Target Mean (Cumulative),0.11006691755651689,True
AMP_Ecoli,44,40,Top 10% peptides selected (%),8.19672131147541,True
AMP_Ecoli,44,40,Remaining Top10 Quality,1.000311150965892,True
AMP_Ecoli,44,80,Norm. Target Mean (Round),0.3253406228637608,True
AMP_Ecoli,44,60,Norm. Target Mean (Cumulative),0.1740654844099694,True
AMP_Ecoli,44,60,Top 10% peptides selected (%),9.836065573770492,True
AMP_Ecoli,44,60,Remaining Top10 Quality,0.9989119023304703,True
AMP_Ecoli,44,100,Norm. Target Mean (Round),0.25766100367844885,True
AMP_Ecoli,44,80,Norm. Target Mean (Cumulative),0.24735639435385626,True
AMP_Ecoli,44,80,Top 10% peptides selected (%),14.754098360655737,True
AMP_Ecoli,44,80,Remaining Top10 Quality,0.9892521006812608,True
AMP_Ecoli,44,120,Norm. Target Mean (Round),0.17810962473783565,True
AMP_Ecoli,44,100,Norm. Target Mean (Cumulative),0.27973984265183427,True
AMP_Ecoli,44,100,Top 10% peptides selected (%),15.573770491803279,True
AMP_Ecoli,44,100,Remaining Top10 Quality,0.9886867647550898,True
AMP_Ecoli,44,140,Norm. Target Mean (Round),0.2832703535899041,True
AMP_Ecoli,44,120,Norm. Target Mean (Cumulative),0.2841311829569745,True
AMP_Ecoli,44,120,Top 10% peptides selected (%),18.0327868852459,True
AMP_Ecoli,44,120,Remaining Top10 Quality,0.9859103961469649,True
AMP_Ecoli,44,160,Norm. Target Mean (Round),0.14385769733841408,True
AMP_Ecoli,44,140,Norm. Target Mean (Cumulative),0.3131323407758546,True
AMP_Ecoli,44,140,Top 10% peptides selected (%),22.131147540983605,True
AMP_Ecoli,44,140,Remaining Top10 Quality,0.9787617704369722,True
AMP_Ecoli,44,180,Norm. Target Mean (Round),0.20672189902802493,True
AMP_Ecoli,44,160,Norm. Target Mean (Cumulative),0.3097298333192717,True
AMP_Ecoli,44,160,Top 10% peptides selected (%),25.40983606557377,True
AMP_Ecoli,44,160,Remaining Top10 Quality,0.9748282890076332,True
AMP_Ecoli,44,200,Norm. Target Mean (Round),0.2608528470555575,True
AMP_Ecoli,44,180,Norm. Target Mean (Cumulative),0.32006438707824403,True
AMP_Ecoli,44,180,Top 10% peptides selected (%),28.688524590163933,True
AMP_Ecoli,44,180,Remaining Top10 Quality,0.9711750176093122,True
AMP_Ecoli,44,200,Norm. Target Mean (Cumulative),0.33968030361683554,True
AMP_Ecoli,44,200,Top 10% peptides selected (%),31.967213114754102,True
AMP_Ecoli,44,200,Remaining Top10 Quality,0.9711750176093122,True
SDA_BACSU,44,20,Norm. Target Mean (Round),0.08244147070299084,True
SDA_BACSU,44,40,Norm. Target Mean (Round),0.6243553530654778,True
SDA_BACSU,44,20,Norm. Target Mean (Cumulative),0.08244147070299084,True
SDA_BACSU,44,20,Top 10% peptides selected (%),1.444043321299639,True
SDA_BACSU,44,20,Remaining Top10 Quality,0.9997751700245598,True
SDA_BACSU,44,60,Norm. Target Mean (Round),0.659695972190801,True
SDA_BACSU,44,40,Norm. Target Mean (Cumulative),0.3772577309596046,True
SDA_BACSU,44,40,Top 10% peptides selected (%),4.332129963898916,True
SDA_BACSU,44,40,Remaining Top10 Quality,0.9988203678088955,True
SDA_BACSU,44,80,Norm. Target Mean (Round),0.25567118317080306,True
SDA_BACSU,44,60,Norm. Target Mean (Cumulative),0.5030723692700321,True
SDA_BACSU,44,60,Top 10% peptides selected (%),9.025270758122744,True
SDA_BACSU,44,60,Remaining Top10 Quality,0.9933050956883347,True
SDA_BACSU,44,100,Norm. Target Mean (Round),0.5819296338493882,True
SDA_BACSU,44,80,Norm. Target Mean (Cumulative),0.45719645751671983,True
SDA_BACSU,44,80,Top 10% peptides selected (%),10.108303249097473,True
SDA_BACSU,44,80,Remaining Top10 Quality,0.9935148728765993,True
SDA_BACSU,44,120,Norm. Target Mean (Round),0.7063496007555439,True
SDA_BACSU,44,100,Norm. Target Mean (Cumulative),0.505322889439551,True
SDA_BACSU,44,100,Top 10% peptides selected (%),12.274368231046932,True
SDA_BACSU,44,100,Remaining Top10 Quality,0.990536714324821,True
SDA_BACSU,44,140,Norm. Target Mean (Round),0.6962823780278686,True
SDA_BACSU,44,120,Norm. Target Mean (Cumulative),0.5637863525188521,True
SDA_BACSU,44,120,Top 10% peptides selected (%),16.60649819494585,True
SDA_BACSU,44,120,Remaining Top10 Quality,0.9839663921286295,True
SDA_BACSU,44,160,Norm. Target Mean (Round),0.6788865393958747,True
SDA_BACSU,44,140,Norm. Target Mean (Cumulative),0.6051523920021687,True
SDA_BACSU,44,140,Top 10% peptides selected (%),19.494584837545126,True
SDA_BACSU,44,140,Remaining Top10 Quality,0.9800645369255209,True
SDA_BACSU,44,180,Norm. Target Mean (Round),0.28986143495791733,True
SDA_BACSU,44,160,Norm. Target Mean (Cumulative),0.6346098616243507,True
SDA_BACSU,44,160,Top 10% peptides selected (%),23.104693140794225,True
SDA_BACSU,44,160,Remaining Top10 Quality,0.9735367568222036,True
SDA_BACSU,44,200,Norm. Target Mean (Round),0.6019946935342361,True
SDA_BACSU,44,180,Norm. Target Mean (Cumulative),0.6047194923054817,True
SDA_BACSU,44,180,Top 10% peptides selected (%),24.187725631768952,True
SDA_BACSU,44,180,Remaining Top10 Quality,0.9706792576359348,True
SDA_BACSU,44,200,Norm. Target Mean (Cumulative),0.6187106195692075,True
SDA_BACSU,44,200,Top 10% peptides selected (%),25.992779783393498,True
SDA_BACSU,44,200,Remaining Top10 Quality,0.9706792576359348,True
AMP_Ecoli,48,20,Norm. Target Mean (Round),-0.13153217654402294,True
AMP_Ecoli,48,40,Norm. Target Mean (Round),0.29617064716045277,True
AMP_Ecoli,48,20,Norm. Target Mean (Cumulative),-0.13153217654402294,True
AMP_Ecoli,48,20,Top 10% peptides selected (%),1.639344262295082,True
AMP_Ecoli,48,20,Remaining Top10 Quality,1.0025905460946858,True
AMP_Ecoli,48,60,Norm. Target Mean (Round),0.2211567210405723,True
AMP_Ecoli,48,40,Norm. Target Mean (Cumulative),0.0948740626722057,True
AMP_Ecoli,48,40,Top 10% peptides selected (%),7.377049180327869,True
AMP_Ecoli,48,40,Remaining Top10 Quality,0.9928802296734298,True
AMP_Ecoli,48,80,Norm. Target Mean (Round),0.28089170685476333,True
AMP_Ecoli,48,60,Norm. Target Mean (Cumulative),0.16011858297156323,True
AMP_Ecoli,48,60,Top 10% peptides selected (%),10.655737704918032,True
AMP_Ecoli,48,60,Remaining Top10 Quality,0.9862356471979954,True
AMP_Ecoli,48,100,Norm. Target Mean (Round),0.09442859198043536,True
AMP_Ecoli,48,80,Norm. Target Mean (Cumulative),0.2207569388389585,True
AMP_Ecoli,48,80,Top 10% peptides selected (%),14.754098360655737,True
AMP_Ecoli,48,80,Remaining Top10 Quality,0.9808455363987135,True
AMP_Ecoli,48,120,Norm. Target Mean (Round),0.1602227673919908,True
AMP_Ecoli,48,100,Norm. Target Mean (Cumulative),0.2108216653712284,True
AMP_Ecoli,48,100,Top 10% peptides selected (%),14.754098360655737,True
AMP_Ecoli,48,100,Remaining Top10 Quality,0.9849845468194036,True
AMP_Ecoli,48,140,Norm. Target Mean (Round),0.23144968926851522,True
AMP_Ecoli,48,120,Norm. Target Mean (Cumulative),0.2204581765496158,True
AMP_Ecoli,48,120,Top 10% peptides selected (%),17.21311475409836,True
AMP_Ecoli,48,120,Remaining Top10 Quality,0.9846145998470782,True
AMP_Ecoli,48,160,Norm. Target Mean (Round),0.25494650430292043,True
AMP_Ecoli,48,140,Norm. Target Mean (Cumulative),0.2453359110261073,True
AMP_Ecoli,48,140,Top 10% peptides selected (%),20.491803278688526,True
AMP_Ecoli,48,140,Remaining Top10 Quality,0.9797488765168512,True
AMP_Ecoli,48,180,Norm. Target Mean (Round),0.373863309004287,True
AMP_Ecoli,48,160,Norm. Target Mean (Cumulative),0.27163561619140547,True
AMP_Ecoli,48,160,Top 10% peptides selected (%),24.59016393442623,True
AMP_Ecoli,48,160,Remaining Top10 Quality,0.9747228895361847,True
AMP_Ecoli,48,200,Norm. Target Mean (Round),0.2034606445861197,True
AMP_Ecoli,48,180,Norm. Target Mean (Cumulative),0.31714184555625025,True
AMP_Ecoli,48,180,Top 10% peptides selected (%),28.688524590163933,True
AMP_Ecoli,48,180,Remaining Top10 Quality,0.9678872166889233,True
AMP_Ecoli,48,200,Norm. Target Mean (Cumulative),0.32674066961869647,True
AMP_Ecoli,48,200,Top 10% peptides selected (%),29.508196721311474,True
AMP_Ecoli,48,200,Remaining Top10 Quality,0.9678872166889233,True
AMP_Ecoli,47,20,Norm. Target Mean (Round),-0.08537127137924365,True
AMP_Ecoli,47,40,Norm. Target Mean (Round),0.0939080496411173,True
AMP_Ecoli,47,20,Norm. Target Mean (Cumulative),-0.08537127137924365,True
AMP_Ecoli,47,20,Top 10% peptides selected (%),0.819672131147541,True
AMP_Ecoli,47,20,Remaining Top10 Quality,1.0030075974907362,True
AMP_Ecoli,47,60,Norm. Target Mean (Round),0.060604089132854186,True
AMP_Ecoli,47,40,Norm. Target Mean (Cumulative),0.005614326983850468,True
AMP_Ecoli,47,40,Top 10% peptides selected (%),1.639344262295082,True
AMP_Ecoli,47,40,Remaining Top10 Quality,1.0061256760178858,True
AMP_Ecoli,47,80,Norm. Target Mean (Round),0.3245200765692663,True
AMP_Ecoli,47,60,Norm. Target Mean (Cumulative),0.029218778519393047,True
AMP_Ecoli,47,60,Top 10% peptides selected (%),3.278688524590164,True
AMP_Ecoli,47,60,Remaining Top10 Quality,1.0074630953041346,True
AMP_Ecoli,47,100,Norm. Target Mean (Round),0.27826106056755845,True
AMP_Ecoli,47,80,Norm. Target Mean (Cumulative),0.13184907718217087,True
AMP_Ecoli,47,80,Top 10% peptides selected (%),7.377049180327869,True
AMP_Ecoli,47,80,Remaining Top10 Quality,1.0018281262507098,True
AMP_Ecoli,47,120,Norm. Target Mean (Round),0.24955005395087926,True
AMP_Ecoli,47,100,Norm. Target Mean (Cumulative),0.18936573952670915,True
AMP_Ecoli,47,100,Top 10% peptides selected (%),10.655737704918032,True
AMP_Ecoli,47,100,Remaining Top10 Quality,1.002813061727221,True
AMP_Ecoli,47,140,Norm. Target Mean (Round),0.39700691868995436,True
AMP_Ecoli,47,120,Norm. Target Mean (Cumulative),0.22470026723784356,True
AMP_Ecoli,47,120,Top 10% peptides selected (%),14.754098360655737,True
AMP_Ecoli,47,120,Remaining Top10 Quality,0.9984558978912591,True
AMP_Ecoli,47,160,Norm. Target Mean (Round),0.23219007727082963,True
AMP_Ecoli,47,140,Norm. Target Mean (Cumulative),0.28673386667888795,True
AMP_Ecoli,47,140,Top 10% peptides selected (%),22.131147540983605,True
AMP_Ecoli,47,140,Remaining Top10 Quality,0.982072915792999,True
AMP_Ecoli,47,180,Norm. Target Mean (Round),0.33010166999879004,True
AMP_Ecoli,47,160,Norm. Target Mean (Cumulative),0.30436973564264014,True
AMP_Ecoli,47,160,Top 10% peptides selected (%),26.229508196721312,True
AMP_Ecoli,47,160,Remaining Top10 Quality,0.9697795078461073,True
AMP_Ecoli,47,200,Norm. Target Mean (Round),0.24352861998921493,True
AMP_Ecoli,47,180,Norm. Target Mean (Cumulative),0.3380109621825984,True
AMP_Ecoli,47,180,Top 10% peptides selected (%),29.508196721311474,True
AMP_Ecoli,47,180,Remaining Top10 Quality,0.9653038203624275,True
AMP_Ecoli,47,200,Norm. Target Mean (Cumulative),0.35263333110752026,True
AMP_Ecoli,47,200,Top 10% peptides selected (%),32.78688524590164,True
AMP_Ecoli,47,200,Remaining Top10 Quality,0.9653038203624275,True
YNZC_BACSU_sub,51,20,Norm. Target Mean (Round),0.05050492429035309,True
YNZC_BACSU_sub,51,40,Norm. Target Mean (Round),0.37411671507899263,True
YNZC_BACSU_sub,51,20,Norm. Target Mean (Cumulative),0.05050492429035309,True
YNZC_BACSU_sub,51,20,Top 10% peptides selected (%),1.3043478260869565,True
YNZC_BACSU_sub,51,20,Remaining Top10 Quality,0.9967672862914131,True
YNZC_BACSU_sub,51,60,Norm. Target Mean (Round),0.5733953023901392,True
YNZC_BACSU_sub,51,40,Norm. Target Mean (Cumulative),0.2272044181243035,True
YNZC_BACSU_sub,51,40,Top 10% peptides selected (%),3.91304347826087,True
YNZC_BACSU_sub,51,40,Remaining Top10 Quality,0.9922390969249524,True
YNZC_BACSU_sub,51,80,Norm. Target Mean (Round),0.43843711572602506,True
YNZC_BACSU_sub,51,60,Norm. Target Mean (Cumulative),0.3678646261309109,True
YNZC_BACSU_sub,51,60,Top 10% peptides selected (%),8.26086956521739,True
YNZC_BACSU_sub,51,60,Remaining Top10 Quality,0.9838440257493767,True
YNZC_BACSU_sub,51,100,Norm. Target Mean (Round),0.32615269627996085,True
YNZC_BACSU_sub,51,80,Norm. Target Mean (Cumulative),0.4055384854056823,True
YNZC_BACSU_sub,51,80,Top 10% peptides selected (%),9.565217391304348,True
YNZC_BACSU_sub,51,80,Remaining Top10 Quality,0.9835814013690654,True
YNZC_BACSU_sub,51,120,Norm. Target Mean (Round),0.4956301336166395,True
YNZC_BACSU_sub,51,100,Norm. Target Mean (Cumulative),0.4059200293246544,True
YNZC_BACSU_sub,51,100,Top 10% peptides selected (%),12.173913043478262,True
YNZC_BACSU_sub,51,100,Remaining Top10 Quality,0.9800351212395899,True
YNZC_BACSU_sub,51,140,Norm. Target Mean (Round),0.6505630284840525,True
YNZC_BACSU_sub,51,120,Norm. Target Mean (Cumulative),0.44035545815795235,True
YNZC_BACSU_sub,51,120,Top 10% peptides selected (%),16.52173913043478,True
YNZC_BACSU_sub,51,120,Remaining Top10 Quality,0.9740608923817977,True
YNZC_BACSU_sub,51,160,Norm. Target Mean (Round),0.7743333923260901,True
YNZC_BACSU_sub,51,140,Norm. Target Mean (Cumulative),0.49244027419400127,True
YNZC_BACSU_sub,51,140,Top 10% peptides selected (%),22.17391304347826,True
YNZC_BACSU_sub,51,140,Remaining Top10 Quality,0.9634994677676871,True
YNZC_BACSU_sub,51,180,Norm. Target Mean (Round),0.6793520350740933,True
YNZC_BACSU_sub,51,160,Norm. Target Mean (Cumulative),0.5536078348438689,True
YNZC_BACSU_sub,51,160,Top 10% peptides selected (%),29.565217391304348,True
YNZC_BACSU_sub,51,160,Remaining Top10 Quality,0.9452945651144504,True
YNZC_BACSU_sub,51,200,Norm. Target Mean (Round),0.6906464835338846,True
YNZC_BACSU_sub,51,180,Norm. Target Mean (Cumulative),0.5901707895313767,True
YNZC_BACSU_sub,51,180,Top 10% peptides selected (%),35.21739130434783,True
YNZC_BACSU_sub,51,180,Remaining Top10 Quality,0.9332796118707978,True
YNZC_BACSU_sub,51,200,Norm. Target Mean (Cumulative),0.6227529695139612,True
YNZC_BACSU_sub,51,200,Top 10% peptides selected (%),40.0,True
YNZC_BACSU_sub,51,200,Remaining Top10 Quality,0.9332796118707978,True
YNZC_BACSU_sub,49,20,Norm. Target Mean (Round),0.1183480002413712,True
YNZC_BACSU_sub,49,40,Norm. Target Mean (Round),0.4942494332785315,True
YNZC_BACSU_sub,49,20,Norm. Target Mean (Cumulative),0.1183480002413712,True
YNZC_BACSU_sub,49,20,Top 10% peptides selected (%),1.3043478260869565,True
YNZC_BACSU_sub,49,20,Remaining Top10 Quality,0.9994875998876624,True
YNZC_BACSU_sub,49,60,Norm. Target Mean (Round),0.46868974874638614,True
YNZC_BACSU_sub,49,40,Norm. Target Mean (Cumulative),0.3300598129009685,True
YNZC_BACSU_sub,49,40,Top 10% peptides selected (%),3.0434782608695654,True
YNZC_BACSU_sub,49,40,Remaining Top10 Quality,0.9984703712400407,True
YNZC_BACSU_sub,49,80,Norm. Target Mean (Round),0.5060714930808214,True
YNZC_BACSU_sub,49,60,Norm. Target Mean (Cumulative),0.4052597546359017,True
YNZC_BACSU_sub,49,60,Top 10% peptides selected (%),6.086956521739131,True
YNZC_BACSU_sub,49,60,Remaining Top10 Quality,0.9966044210008544,True
YNZC_BACSU_sub,49,100,Norm. Target Mean (Round),0.609609174499337,True
YNZC_BACSU_sub,49,80,Norm. Target Mean (Cumulative),0.46024798244031373,True
YNZC_BACSU_sub,49,80,Top 10% peptides selected (%),9.130434782608695,True
YNZC_BACSU_sub,49,80,Remaining Top10 Quality,0.9936675056761599,True
YNZC_BACSU_sub,49,120,Norm. Target Mean (Round),0.5201635156200205,True
YNZC_BACSU_sub,49,100,Norm. Target Mean (Cumulative),0.523169331595701,True
YNZC_BACSU_sub,49,100,Top 10% peptides selected (%),13.043478260869565,True
YNZC_BACSU_sub,49,100,Remaining Top10 Quality,0.9908527278712158,True
YNZC_BACSU_sub,49,140,Norm. Target Mean (Round),0.5695716945356271,True
YNZC_BACSU_sub,49,120,Norm. Target Mean (Cumulative),0.5500910890374289,True
YNZC_BACSU_sub,49,120,Top 10% peptides selected (%),16.08695652173913,True
YNZC_BACSU_sub,49,120,Remaining Top10 Quality,0.9883819596337358,True
YNZC_BACSU_sub,49,160,Norm. Target Mean (Round),0.5136439788217337,True
YNZC_BACSU_sub,49,140,Norm. Target Mean (Cumulative),0.5805686505447739,True
YNZC_BACSU_sub,49,140,Top 10% peptides selected (%),21.304347826086957,True
YNZC_BACSU_sub,49,140,Remaining Top10 Quality,0.9840254627142545,True
YNZC_BACSU_sub,49,180,Norm. Target Mean (Round),0.6936825678433621,True
YNZC_BACSU_sub,49,160,Norm. Target Mean (Cumulative),0.5970969370033807,True
YNZC_BACSU_sub,49,160,Top 10% peptides selected (%),24.347826086956523,True
YNZC_BACSU_sub,49,160,Remaining Top10 Quality,0.979880241904876,True
YNZC_BACSU_sub,49,200,Norm. Target Mean (Round),0.3685934377333689,True
YNZC_BACSU_sub,49,180,Norm. Target Mean (Cumulative),0.6387012874115484,True
YNZC_BACSU_sub,49,180,Top 10% peptides selected (%),29.130434782608695,True
YNZC_BACSU_sub,49,180,Remaining Top10 Quality,0.967226461995515,True
YNZC_BACSU_sub,49,200,Norm. Target Mean (Cumulative),0.6293915043077666,True
YNZC_BACSU_sub,49,200,Top 10% peptides selected (%),31.30434782608696,True
YNZC_BACSU_sub,49,200,Remaining Top10 Quality,0.967226461995515,True
SDA_BACSU,42,20,Norm. Target Mean (Round),0.02865061853607748,True
SDA_BACSU,42,40,Norm. Target Mean (Round),0.6063913136531586,True
SDA_BACSU,42,20,Norm. Target Mean (Cumulative),0.02865061853607748,True
SDA_BACSU,42,20,Top 10% peptides selected (%),1.083032490974729,True
SDA_BACSU,42,20,Remaining Top10 Quality,0.9996317919390935,True
SDA_BACSU,42,60,Norm. Target Mean (Round),0.12571375248354455,True
SDA_BACSU,42,40,Norm. Target Mean (Cumulative),0.33902231348565043,True
SDA_BACSU,42,40,Top 10% peptides selected (%),4.693140794223827,True
SDA_BACSU,42,40,Remaining Top10 Quality,0.9960577980421248,True
SDA_BACSU,42,80,Norm. Target Mean (Round),0.4748996179344476,True
SDA_BACSU,42,60,Norm. Target Mean (Cumulative),0.27894925471648474,True
SDA_BACSU,42,60,Top 10% peptides selected (%),6.137184115523466,True
SDA_BACSU,42,60,Remaining Top10 Quality,0.9959079177970342,True
SDA_BACSU,42,100,Norm. Target Mean (Round),0.684254421058513,True
SDA_BACSU,42,80,Norm. Target Mean (Cumulative),0.3485352192122734,True
SDA_BACSU,42,80,Top 10% peptides selected (%),9.386281588447654,True
SDA_BACSU,42,80,Remaining Top10 Quality,0.9911968027012321,True
SDA_BACSU,42,120,Norm. Target Mean (Round),0.7042974815195839,True
SDA_BACSU,42,100,Norm. Target Mean (Cumulative),0.4392506088563967,True
SDA_BACSU,42,100,Top 10% peptides selected (%),13.718411552346572,True
SDA_BACSU,42,100,Remaining Top10 Quality,0.9839775391166139,True
SDA_BACSU,42,140,Norm. Target Mean (Round),0.6693679281639667,True
SDA_BACSU,42,120,Norm. Target Mean (Cumulative),0.504001852896717,True
SDA_BACSU,42,120,Top 10% peptides selected (%),16.967509025270758,True
SDA_BACSU,42,120,Remaining Top10 Quality,0.9770552059683814,True
SDA_BACSU,42,160,Norm. Target Mean (Round),0.5723349941378401,True
SDA_BACSU,42,140,Norm. Target Mean (Cumulative),0.5439420797362232,True
SDA_BACSU,42,140,Top 10% peptides selected (%),19.494584837545126,True
SDA_BACSU,42,140,Remaining Top10 Quality,0.9720689564405592,True
SDA_BACSU,42,180,Norm. Target Mean (Round),0.4596668318505917,True
SDA_BACSU,42,160,Norm. Target Mean (Cumulative),0.5602952160922448,True
SDA_BACSU,42,160,Top 10% peptides selected (%),21.660649819494584,True
SDA_BACSU,42,160,Remaining Top10 Quality,0.9702073687108492,True
SDA_BACSU,42,200,Norm. Target Mean (Round),0.4499291045951066,True
SDA_BACSU,42,180,Norm. Target Mean (Cumulative),0.5590211962058287,True
SDA_BACSU,42,180,Top 10% peptides selected (%),25.27075812274368,True
SDA_BACSU,42,180,Remaining Top10 Quality,0.9644265121913079,True
SDA_BACSU,42,200,Norm. Target Mean (Cumulative),0.5574452849706729,True
SDA_BACSU,42,200,Top 10% peptides selected (%),28.158844765342963,True
SDA_BACSU,42,200,Remaining Top10 Quality,0.9644265121913079,True
AMP_Ecoli,51,20,Norm. Target Mean (Round),0.017344207510910262,True
AMP_Ecoli,51,40,Norm. Target Mean (Round),0.46006663913037604,True
AMP_Ecoli,51,20,Norm. Target Mean (Cumulative),0.017344207510910262,True
AMP_Ecoli,51,20,Top 10% peptides selected (%),1.639344262295082,True
AMP_Ecoli,51,20,Remaining Top10 Quality,0.9984385142123317,True
AMP_Ecoli,51,60,Norm. Target Mean (Round),0.5300619418843577,True
AMP_Ecoli,51,40,Norm. Target Mean (Cumulative),0.271078679834212,True
AMP_Ecoli,51,40,Top 10% peptides selected (%),7.377049180327869,True
AMP_Ecoli,51,40,Remaining Top10 Quality,0.9559418612435346,True
AMP_Ecoli,51,80,Norm. Target Mean (Round),0.21677333164451063,True
AMP_Ecoli,51,60,Norm. Target Mean (Cumulative),0.39550065803242,True
AMP_Ecoli,51,60,Top 10% peptides selected (%),14.754098360655737,True
AMP_Ecoli,51,60,Remaining Top10 Quality,0.9285955018892307,True
AMP_Ecoli,51,100,Norm. Target Mean (Round),0.23645601981778488,True
AMP_Ecoli,51,80,Norm. Target Mean (Cumulative),0.37763402495043136,True
AMP_Ecoli,51,80,Top 10% peptides selected (%),16.39344262295082,True
AMP_Ecoli,51,80,Remaining Top10 Quality,0.9257407696340305,True
AMP_Ecoli,51,120,Norm. Target Mean (Round),0.24088330051983506,True
AMP_Ecoli,51,100,Norm. Target Mean (Cumulative),0.3742636342395873,True
AMP_Ecoli,51,100,Top 10% peptides selected (%),19.672131147540984,True
AMP_Ecoli,51,100,Remaining Top10 Quality,0.9252376520348807,True
AMP_Ecoli,51,140,Norm. Target Mean (Round),0.3870332203824984,True
AMP_Ecoli,51,120,Norm. Target Mean (Cumulative),0.37378329073908545,True
AMP_Ecoli,51,120,Top 10% peptides selected (%),24.59016393442623,True
AMP_Ecoli,51,120,Remaining Top10 Quality,0.9172194534424871,True
AMP_Ecoli,51,160,Norm. Target Mean (Round),0.3023594346451266,True
AMP_Ecoli,51,140,Norm. Target Mean (Cumulative),0.4050196270462601,True
AMP_Ecoli,51,140,Top 10% peptides selected (%),28.688524590163933,True
AMP_Ecoli,51,140,Remaining Top10 Quality,0.9086752008971862,True
AMP_Ecoli,51,180,Norm. Target Mean (Round),0.31610737314573173,True
AMP_Ecoli,51,160,Norm. Target Mean (Cumulative),0.41738354348012685,True
AMP_Ecoli,51,160,Top 10% peptides selected (%),31.967213114754102,True
AMP_Ecoli,51,160,Remaining Top10 Quality,0.9017951446326133,True
AMP_Ecoli,51,200,Norm. Target Mean (Round),0.32040511189994336,True
AMP_Ecoli,51,180,Norm. Target Mean (Cumulative),0.43165117956167537,True
AMP_Ecoli,51,180,Top 10% peptides selected (%),36.0655737704918,True
AMP_Ecoli,51,180,Remaining Top10 Quality,0.896818816419157,True
AMP_Ecoli,51,200,Norm. Target Mean (Cumulative),0.44613300639588976,True
AMP_Ecoli,51,200,Top 10% peptides selected (%),37.704918032786885,True
AMP_Ecoli,51,200,Remaining Top10 Quality,0.896818816419157,True
SDA_BACSU,46,20,Norm. Target Mean (Round),-0.0478679124570639,True
SDA_BACSU,46,40,Norm. Target Mean (Round),0.4674671892153084,True
SDA_BACSU,46,20,Norm. Target Mean (Cumulative),-0.0478679124570639,True
SDA_BACSU,46,20,Top 10% peptides selected (%),1.083032490974729,True
SDA_BACSU,46,20,Remaining Top10 Quality,0.9998205380783609,True
SDA_BACSU,46,60,Norm. Target Mean (Round),0.3353097238090929,True
SDA_BACSU,46,40,Norm. Target Mean (Cumulative),0.22413441450393065,True
SDA_BACSU,46,40,Top 10% peptides selected (%),3.6101083032490973,True
SDA_BACSU,46,40,Remaining Top10 Quality,0.9955367775054877,True
SDA_BACSU,46,80,Norm. Target Mean (Round),0.562236364390863,True
SDA_BACSU,46,60,Norm. Target Mean (Cumulative),0.2758210000821243,True
SDA_BACSU,46,60,Top 10% peptides selected (%),5.054151624548736,True
SDA_BACSU,46,60,Remaining Top10 Quality,0.994823709579524,True
SDA_BACSU,46,100,Norm. Target Mean (Round),0.44526116837928836,True
SDA_BACSU,46,80,Norm. Target Mean (Cumulative),0.3687065207824191,True
SDA_BACSU,46,80,Top 10% peptides selected (%),8.303249097472925,True
SDA_BACSU,46,80,Remaining Top10 Quality,0.9908348627246971,True
SDA_BACSU,46,120,Norm. Target Mean (Round),0.7086310188164205,True
SDA_BACSU,46,100,Norm. Target Mean (Cumulative),0.3999728427266653,True
SDA_BACSU,46,100,Top 10% peptides selected (%),11.191335740072201,True
SDA_BACSU,46,100,Remaining Top10 Quality,0.9893018716263067,True
SDA_BACSU,46,140,Norm. Target Mean (Round),0.5705048834601306,True
SDA_BACSU,46,120,Norm. Target Mean (Cumulative),0.4730599787133368,True
SDA_BACSU,46,120,Top 10% peptides selected (%),14.801444043321299,True
SDA_BACSU,46,120,Remaining Top10 Quality,0.9856505550168637,True
SDA_BACSU,46,160,Norm. Target Mean (Round),0.466065265177628,True
SDA_BACSU,46,140,Norm. Target Mean (Cumulative),0.5036144804088155,True
SDA_BACSU,46,140,Top 10% peptides selected (%),17.328519855595665,True
SDA_BACSU,46,140,Remaining Top10 Quality,0.983130717053004,True
SDA_BACSU,46,180,Norm. Target Mean (Round),0.406963831672319,True
SDA_BACSU,46,160,Norm. Target Mean (Cumulative),0.5119246909365558,True
SDA_BACSU,46,160,Top 10% peptides selected (%),20.577617328519857,True
SDA_BACSU,46,160,Remaining Top10 Quality,0.9783990921976699,True
SDA_BACSU,46,200,Norm. Target Mean (Round),0.4117323060444135,True
SDA_BACSU,46,180,Norm. Target Mean (Cumulative),0.5109146329299634,True
SDA_BACSU,46,180,Top 10% peptides selected (%),23.465703971119133,True
SDA_BACSU,46,180,Remaining Top10 Quality,0.9740337423878664,True
SDA_BACSU,46,200,Norm. Target Mean (Cumulative),0.5112824987558584,True
SDA_BACSU,46,200,Top 10% peptides selected (%),25.27075812274368,True
SDA_BACSU,46,200,Remaining Top10 Quality,0.9740337423878664,True
SOX30_HUMAN,42,20,Norm. Target Mean (Round),0.12877803234614812,True
SOX30_HUMAN,42,40,Norm. Target Mean (Round),-0.06977866310678911,True
SOX30_HUMAN,42,20,Norm. Target Mean (Cumulative),0.12877803234614812,True
SOX30_HUMAN,42,20,Top 10% peptides selected (%),2.9702970297029703,True
SOX30_HUMAN,42,20,Remaining Top10 Quality,0.9978506332744179,True
SOX30_HUMAN,42,60,Norm. Target Mean (Round),0.38342184242080535,True
SOX30_HUMAN,42,40,Norm. Target Mean (Cumulative),0.03130704056808509,True
SOX30_HUMAN,42,40,Top 10% peptides selected (%),4.9504950495049505,True
SOX30_HUMAN,42,40,Remaining Top10 Quality,1.001196303572505,True
SOX30_HUMAN,42,80,Norm. Target Mean (Round),0.24493491685288626,True
SOX30_HUMAN,42,60,Norm. Target Mean (Cumulative),0.17476005509323037,True
SOX30_HUMAN,42,60,Top 10% peptides selected (%),11.881188118811881,True
SOX30_HUMAN,42,60,Remaining Top10 Quality,0.9687841396691638,True
SOX30_HUMAN,42,100,Norm. Target Mean (Round),0.3987213881657402,True
SOX30_HUMAN,42,80,Norm. Target Mean (Cumulative),0.2120267140454378,True
SOX30_HUMAN,42,80,Top 10% peptides selected (%),15.841584158415841,True
SOX30_HUMAN,42,80,Remaining Top10 Quality,0.9559620170422539,True
SOX30_HUMAN,42,120,Norm. Target Mean (Round),0.37557218942694387,True
SOX30_HUMAN,42,100,Norm. Target Mean (Cumulative),0.2775697704623067,True
SOX30_HUMAN,42,100,Top 10% peptides selected (%),19.801980198019802,True
SOX30_HUMAN,42,100,Remaining Top10 Quality,0.9484305794512543,True
SOX30_HUMAN,42,140,Norm. Target Mean (Round),0.22171771417604283,True
SOX30_HUMAN,42,120,Norm. Target Mean (Cumulative),0.3211071700189276,True
SOX30_HUMAN,42,120,Top 10% peptides selected (%),22.772277227722775,True
SOX30_HUMAN,42,120,Remaining Top10 Quality,0.9391345185719973,True
SOX30_HUMAN,42,160,Norm. Target Mean (Round),0.5082860319905325,True
SOX30_HUMAN,42,140,Norm. Target Mean (Cumulative),0.32428655577664334,True
SOX30_HUMAN,42,140,Top 10% peptides selected (%),25.742574257425744,True
SOX30_HUMAN,42,140,Remaining Top10 Quality,0.9400985867019548,True
SOX30_HUMAN,42,180,Norm. Target Mean (Round),0.2968202447520313,True
SOX30_HUMAN,42,160,Norm. Target Mean (Cumulative),0.3800511691005395,True
SOX30_HUMAN,42,160,Top 10% peptides selected (%),31.683168316831683,True
SOX30_HUMAN,42,160,Remaining Top10 Quality,0.9023491267749387,True
SOX30_HUMAN,42,200,Norm. Target Mean (Round),0.28948779570738076,True
SOX30_HUMAN,42,180,Norm. Target Mean (Cumulative),0.3869340269678416,True
SOX30_HUMAN,42,180,Top 10% peptides selected (%),36.633663366336634,True
SOX30_HUMAN,42,180,Remaining Top10 Quality,0.880303970126345,True
SOX30_HUMAN,42,200,Norm. Target Mean (Cumulative),0.3904645530528458,True
SOX30_HUMAN,42,200,Top 10% peptides selected (%),38.613861386138616,True
SOX30_HUMAN,42,200,Remaining Top10 Quality,0.880303970126345,True
SDA_BACSU,49,20,Norm. Target Mean (Round),-0.21460281995582262,True
SDA_BACSU,49,40,Norm. Target Mean (Round),0.3505728915864603,True
SDA_BACSU,49,20,Norm. Target Mean (Cumulative),-0.21460281995582262,True
SDA_BACSU,49,20,Top 10% peptides selected (%),0.0,True
SDA_BACSU,49,20,Remaining Top10 Quality,1.0008095644907211,True
SDA_BACSU,49,60,Norm. Target Mean (Round),0.6185579204487195,True
SDA_BACSU,49,40,Norm. Target Mean (Cumulative),0.07313929164057355,True
SDA_BACSU,49,40,Top 10% peptides selected (%),1.083032490974729,True
SDA_BACSU,49,40,Remaining Top10 Quality,1.0000918396595826,True
SDA_BACSU,49,80,Norm. Target Mean (Round),0.46905187747419747,True
SDA_BACSU,49,60,Norm. Target Mean (Cumulative),0.27755841294665595,True
SDA_BACSU,49,60,Top 10% peptides selected (%),3.9711191335740073,True
SDA_BACSU,49,60,Remaining Top10 Quality,0.9995397679122113,True
SDA_BACSU,49,100,Norm. Target Mean (Round),0.6517940549362166,True
SDA_BACSU,49,80,Norm. Target Mean (Cumulative),0.3453009396878278,True
SDA_BACSU,49,80,Top 10% peptides selected (%),6.859205776173286,True
SDA_BACSU,49,80,Remaining Top10 Quality,0.9961022504038782,True
SDA_BACSU,49,120,Norm. Target Mean (Round),0.6727906982527285,True
SDA_BACSU,49,100,Norm. Target Mean (Cumulative),0.430232093149345,True
SDA_BACSU,49,100,Top 10% peptides selected (%),10.830324909747292,True
SDA_BACSU,49,100,Remaining Top10 Quality,0.991805742828447,True
SDA_BACSU,49,140,Norm. Target Mean (Round),0.4281614235330883,True
SDA_BACSU,49,120,Norm. Target Mean (Cumulative),0.49319391588192113,True
SDA_BACSU,49,120,Top 10% peptides selected (%),14.801444043321299,True
SDA_BACSU,49,120,Remaining Top10 Quality,0.9883795688973449,True
SDA_BACSU,49,160,Norm. Target Mean (Round),0.6079985674830014,True
SDA_BACSU,49,140,Norm. Target Mean (Cumulative),0.4979907835986774,True
SDA_BACSU,49,140,Top 10% peptides selected (%),16.967509025270758,True
SDA_BACSU,49,140,Remaining Top10 Quality,0.9865719216187055,True
SDA_BACSU,49,180,Norm. Target Mean (Round),0.5368748046050468,True
SDA_BACSU,49,160,Norm. Target Mean (Cumulative),0.5294778043000313,True
SDA_BACSU,49,160,Top 10% peptides selected (%),20.216606498194945,True
SDA_BACSU,49,160,Remaining Top10 Quality,0.9829585853830753,True
SDA_BACSU,49,200,Norm. Target Mean (Round),0.7201761721294738,True
SDA_BACSU,49,180,Norm. Target Mean (Cumulative),0.5449213943099508,True
SDA_BACSU,49,180,Top 10% peptides selected (%),23.465703971119133,True
SDA_BACSU,49,180,Remaining Top10 Quality,0.9782020498545645,True
SDA_BACSU,49,200,Norm. Target Mean (Cumulative),0.5801609774153877,True
SDA_BACSU,49,200,Top 10% peptides selected (%),27.436823104693143,True
SDA_BACSU,49,200,Remaining Top10 Quality,0.9782020498545645,True
SDA_BACSU,51,20,Norm. Target Mean (Round),0.08669224795354855,True
SDA_BACSU,51,40,Norm. Target Mean (Round),0.6726371216101134,True
SDA_BACSU,51,20,Norm. Target Mean (Cumulative),0.08669224795354855,True
SDA_BACSU,51,20,Top 10% peptides selected (%),0.7220216606498195,True
SDA_BACSU,51,20,Remaining Top10 Quality,1.0005959898276928,True
SDA_BACSU,51,60,Norm. Target Mean (Round),0.5229286301230136,True
SDA_BACSU,51,40,Norm. Target Mean (Cumulative),0.4053163342042554,True
SDA_BACSU,51,40,Top 10% peptides selected (%),4.332129963898916,True
SDA_BACSU,51,40,Remaining Top10 Quality,0.9966265773530264,True
SDA_BACSU,51,80,Norm. Target Mean (Round),0.5664564141830533,True
SDA_BACSU,51,60,Norm. Target Mean (Cumulative),0.471229336588702,True
SDA_BACSU,51,60,Top 10% peptides selected (%),7.2202166064981945,True
SDA_BACSU,51,60,Remaining Top10 Quality,0.9927064758493458,True
SDA_BACSU,51,100,Norm. Target Mean (Round),0.6061473730136635,True
SDA_BACSU,51,80,Norm. Target Mean (Cumulative),0.5196021178696423,True
SDA_BACSU,51,80,Top 10% peptides selected (%),9.747292418772563,True
SDA_BACSU,51,80,Remaining Top10 Quality,0.9909430690939175,True
SDA_BACSU,51,120,Norm. Target Mean (Round),0.5599724844802692,True
SDA_BACSU,51,100,Norm. Target Mean (Cumulative),0.5600493855689782,True
SDA_BACSU,51,100,Top 10% peptides selected (%),13.357400722021662,True
SDA_BACSU,51,100,Remaining Top10 Quality,0.9883722225169204,True
SDA_BACSU,51,140,Norm. Target Mean (Round),0.41626958563506616,True
SDA_BACSU,51,120,Norm. Target Mean (Cumulative),0.5796875669053578,True
SDA_BACSU,51,120,Top 10% peptides selected (%),16.60649819494585,True
SDA_BACSU,51,120,Remaining Top10 Quality,0.9863189020299505,True
SDA_BACSU,51,160,Norm. Target Mean (Round),0.5003530076556766,True
SDA_BACSU,51,140,Norm. Target Mean (Cumulative),0.5701821270111757,True
SDA_BACSU,51,140,Top 10% peptides selected (%),18.772563176895307,True
SDA_BACSU,51,140,Remaining Top10 Quality,0.9837488550690102,True
SDA_BACSU,51,180,Norm. Target Mean (Round),0.660209542827942,True
SDA_BACSU,51,160,Norm. Target Mean (Cumulative),0.5761059331038036,True
SDA_BACSU,51,160,Top 10% peptides selected (%),20.938628158844764,True
SDA_BACSU,51,160,Remaining Top10 Quality,0.9814876515766476,True
SDA_BACSU,51,200,Norm. Target Mean (Round),0.5980469068308094,True
SDA_BACSU,51,180,Norm. Target Mean (Cumulative),0.6030003130151347,True
SDA_BACSU,51,180,Top 10% peptides selected (%),24.548736462093864,True
SDA_BACSU,51,180,Remaining Top10 Quality,0.9757003473228208,True
SDA_BACSU,51,200,Norm. Target Mean (Cumulative),0.6177905222162074,True
SDA_BACSU,51,200,Top 10% peptides selected (%),27.075812274368232,True
SDA_BACSU,51,200,Remaining Top10 Quality,0.9757003473228208,True
SDA_BACSU,43,20,Norm. Target Mean (Round),0.005502329220172787,True
SDA_BACSU,43,40,Norm. Target Mean (Round),0.5275790870674532,True
SDA_BACSU,43,20,Norm. Target Mean (Cumulative),0.005502329220172787,True
SDA_BACSU,43,20,Top 10% peptides selected (%),0.36101083032490977,True
SDA_BACSU,43,20,Remaining Top10 Quality,1.0005417247347725,True
SDA_BACSU,43,60,Norm. Target Mean (Round),0.22855976036475853,True
SDA_BACSU,43,40,Norm. Target Mean (Cumulative),0.28461652636001217,True
SDA_BACSU,43,40,Top 10% peptides selected (%),3.6101083032490973,True
SDA_BACSU,43,40,Remaining Top10 Quality,0.9988806242312392,True
SDA_BACSU,43,80,Norm. Target Mean (Round),0.5052983104900307,True
SDA_BACSU,43,60,Norm. Target Mean (Cumulative),0.27968769112076014,True
SDA_BACSU,43,60,Top 10% peptides selected (%),3.9711191335740073,True
SDA_BACSU,43,60,Remaining Top10 Quality,0.9996219350617933,True
SDA_BACSU,43,100,Norm. Target Mean (Round),0.61613714193571,True
SDA_BACSU,43,80,Norm. Target Mean (Cumulative),0.35777333068118866,True
SDA_BACSU,43,80,Top 10% peptides selected (%),6.859205776173286,True
SDA_BACSU,43,80,Remaining Top10 Quality,0.9970834681374582,True
SDA_BACSU,43,120,Norm. Target Mean (Round),0.6703892974999108,True
SDA_BACSU,43,100,Norm. Target Mean (Cumulative),0.4329798112049911,True
SDA_BACSU,43,100,Top 10% peptides selected (%),10.108303249097473,True
SDA_BACSU,43,100,Remaining Top10 Quality,0.9926563087399309,True
SDA_BACSU,43,140,Norm. Target Mean (Round),0.737379175931527,True
SDA_BACSU,43,120,Norm. Target Mean (Cumulative),0.49476320134816204,True
SDA_BACSU,43,120,Top 10% peptides selected (%),13.357400722021662,True
SDA_BACSU,43,120,Remaining Top10 Quality,0.9874393074322382,True
SDA_BACSU,43,160,Norm. Target Mean (Round),0.5766466802957435,True
SDA_BACSU,43,140,Norm. Target Mean (Cumulative),0.550147658357687,True
SDA_BACSU,43,140,Top 10% peptides selected (%),18.050541516245488,True
SDA_BACSU,43,140,Remaining Top10 Quality,0.9814280893727397,True
SDA_BACSU,43,180,Norm. Target Mean (Round),0.5119726046546303,True
SDA_BACSU,43,160,Norm. Target Mean (Cumulative),0.5689849191692865,True
SDA_BACSU,43,160,Top 10% peptides selected (%),20.577617328519857,True
SDA_BACSU,43,160,Remaining Top10 Quality,0.9775414441060213,True
SDA_BACSU,43,200,Norm. Target Mean (Round),0.7203613528189245,True
SDA_BACSU,43,180,Norm. Target Mean (Cumulative),0.575678907491293,True
SDA_BACSU,43,180,Top 10% peptides selected (%),22.382671480144403,True
SDA_BACSU,43,180,Remaining Top10 Quality,0.9747162449333993,True
SDA_BACSU,43,200,Norm. Target Mean (Cumulative),0.6066686135021038,True
SDA_BACSU,43,200,Top 10% peptides selected (%),26.714801444043324,True
SDA_BACSU,43,200,Remaining Top10 Quality,0.9747162449333993,True
SDA_BACSU,45,20,Norm. Target Mean (Round),-0.019649893401705698,True
SDA_BACSU,45,40,Norm. Target Mean (Round),0.2801120701832375,True
SDA_BACSU,45,20,Norm. Target Mean (Cumulative),-0.019649893401705698,True
SDA_BACSU,45,20,Top 10% peptides selected (%),0.0,True
SDA_BACSU,45,20,Remaining Top10 Quality,1.0008095644907211,True
SDA_BACSU,45,60,Norm. Target Mean (Round),0.39646623365801453,True
SDA_BACSU,45,40,Norm. Target Mean (Cumulative),0.1391227467358575,True
SDA_BACSU,45,40,Top 10% peptides selected (%),2.166064981949458,True
SDA_BACSU,45,40,Remaining Top10 Quality,0.9995141768014839,True
SDA_BACSU,45,80,Norm. Target Mean (Round),0.6755844826620665,True
SDA_BACSU,45,60,Norm. Target Mean (Cumulative),0.2418125645216517,True
SDA_BACSU,45,60,Top 10% peptides selected (%),3.9711191335740073,True
SDA_BACSU,45,60,Remaining Top10 Quality,0.996984472460643,True
SDA_BACSU,45,100,Norm. Target Mean (Round),0.6288765054266063,True
SDA_BACSU,45,80,Norm. Target Mean (Cumulative),0.3771792363834648,True
SDA_BACSU,45,80,Top 10% peptides selected (%),8.303249097472925,True
SDA_BACSU,45,80,Remaining Top10 Quality,0.991965241131228,True
SDA_BACSU,45,120,Norm. Target Mean (Round),0.5901813303303306,True
SDA_BACSU,45,100,Norm. Target Mean (Cumulative),0.4508392895806925,True
SDA_BACSU,45,100,Top 10% peptides selected (%),11.552346570397113,True
SDA_BACSU,45,100,Remaining Top10 Quality,0.9884270217742018,True
SDA_BACSU,45,140,Norm. Target Mean (Round),0.5978446550238975,True
SDA_BACSU,45,120,Norm. Target Mean (Cumulative),0.49407063493540043,True
SDA_BACSU,45,120,Top 10% peptides selected (%),12.996389891696749,True
SDA_BACSU,45,120,Remaining Top10 Quality,0.9857097086879344,True
SDA_BACSU,45,160,Norm. Target Mean (Round),0.5922972460040843,True
SDA_BACSU,45,140,Norm. Target Mean (Cumulative),0.5262345143893875,True
SDA_BACSU,45,140,Top 10% peptides selected (%),15.884476534296029,True
SDA_BACSU,45,140,Remaining Top10 Quality,0.9817824693403141,True
SDA_BACSU,45,180,Norm. Target Mean (Round),0.39681455149160355,True
SDA_BACSU,45,160,Norm. Target Mean (Cumulative),0.5499455590200721,True
SDA_BACSU,45,160,Top 10% peptides selected (%),18.772563176895307,True
SDA_BACSU,45,160,Remaining Top10 Quality,0.9771745137243395,True
SDA_BACSU,45,200,Norm. Target Mean (Round),0.6995333998669254,True
SDA_BACSU,45,180,Norm. Target Mean (Cumulative),0.5420066801478373,True
SDA_BACSU,45,180,Top 10% peptides selected (%),19.855595667870034,True
SDA_BACSU,45,180,Remaining Top10 Quality,0.9767168481422417,True
SDA_BACSU,45,200,Norm. Target Mean (Cumulative),0.5724801835545272,True
SDA_BACSU,45,200,Top 10% peptides selected (%),24.548736462093864,True
SDA_BACSU,45,200,Remaining Top10 Quality,0.9767168481422417,True
SOX30_HUMAN,47,20,Norm. Target Mean (Round),-0.09689281746857804,True
SOX30_HUMAN,47,40,Norm. Target Mean (Round),0.14621375663876598,True
SOX30_HUMAN,47,20,Norm. Target Mean (Cumulative),-0.09689281746857804,True
SOX30_HUMAN,47,20,Top 10% peptides selected (%),0.9900990099009901,True
SOX30_HUMAN,47,20,Remaining Top10 Quality,0.9990914496439742,True
SOX30_HUMAN,47,60,Norm. Target Mean (Round),0.29234274098428237,True
SOX30_HUMAN,47,40,Norm. Target Mean (Cumulative),0.02769617643741761,True
SOX30_HUMAN,47,40,Top 10% peptides selected (%),1.9801980198019802,True
SOX30_HUMAN,47,40,Remaining Top10 Quality,1.0032260211528354,True
SOX30_HUMAN,47,80,Norm. Target Mean (Round),0.27645015166744075,True
SOX30_HUMAN,47,60,Norm. Target Mean (Cumulative),0.13593650881014574,True
SOX30_HUMAN,47,60,Top 10% peptides selected (%),5.9405940594059405,True
SOX30_HUMAN,47,60,Remaining Top10 Quality,0.9895595267318579,True
SOX30_HUMAN,47,100,Norm. Target Mean (Round),0.20590437872883194,True
SOX30_HUMAN,47,80,Norm. Target Mean (Cumulative),0.19304940826210565,True
SOX30_HUMAN,47,80,Top 10% peptides selected (%),11.881188118811881,True
SOX30_HUMAN,47,80,Remaining Top10 Quality,0.9663365283633957,True
SOX30_HUMAN,47,120,Norm. Target Mean (Round),0.1518720709860141,True
SOX30_HUMAN,47,100,Norm. Target Mean (Cumulative),0.21278443004635983,True
SOX30_HUMAN,47,100,Top 10% peptides selected (%),16.831683168316832,True
SOX30_HUMAN,47,100,Remaining Top10 Quality,0.9624020095524138,True
SOX30_HUMAN,47,140,Norm. Target Mean (Round),0.2530175566158385,True
SOX30_HUMAN,47,120,Norm. Target Mean (Cumulative),0.21560053284141273,True
SOX30_HUMAN,47,120,Top 10% peptides selected (%),21.782178217821784,True
SOX30_HUMAN,47,120,Remaining Top10 Quality,0.9438217643219303,True
SOX30_HUMAN,47,160,Norm. Target Mean (Round),-0.051516468834438986,True
SOX30_HUMAN,47,140,Norm. Target Mean (Cumulative),0.23792460265975832,True
SOX30_HUMAN,47,140,Top 10% peptides selected (%),24.752475247524753,True
SOX30_HUMAN,47,140,Remaining Top10 Quality,0.9268271788781303,True
SOX30_HUMAN,47,180,Norm. Target Mean (Round),0.1410539676001602,True
SOX30_HUMAN,47,160,Norm. Target Mean (Cumulative),0.20148733815943057,True
SOX30_HUMAN,47,160,Top 10% peptides selected (%),24.752475247524753,True
SOX30_HUMAN,47,160,Remaining Top10 Quality,0.9311177829415805,True
SOX30_HUMAN,47,200,Norm. Target Mean (Round),0.14019106432484513,True
SOX30_HUMAN,47,180,Norm. Target Mean (Cumulative),0.20269926075259953,True
SOX30_HUMAN,47,180,Top 10% peptides selected (%),26.732673267326735,True
SOX30_HUMAN,47,180,Remaining Top10 Quality,0.930990387330305,True
SOX30_HUMAN,47,200,Norm. Target Mean (Cumulative),0.20386168423903672,True
SOX30_HUMAN,47,200,Top 10% peptides selected (%),29.7029702970297,True
SOX30_HUMAN,47,200,Remaining Top10 Quality,0.930990387330305,True
YNZC_BACSU_sub,46,20,Norm. Target Mean (Round),-0.10008195527039397,True
YNZC_BACSU_sub,46,40,Norm. Target Mean (Round),0.20394275330668823,True
YNZC_BACSU_sub,46,20,Norm. Target Mean (Cumulative),-0.10008195527039397,True
YNZC_BACSU_sub,46,20,Top 10% peptides selected (%),0.0,True
YNZC_BACSU_sub,46,20,Remaining Top10 Quality,1.0014449021019598,True
YNZC_BACSU_sub,46,60,Norm. Target Mean (Round),0.41865613126220325,True
YNZC_BACSU_sub,46,40,Norm. Target Mean (Cumulative),0.056383761493214175,True
YNZC_BACSU_sub,46,40,Top 10% peptides selected (%),1.3043478260869565,True
YNZC_BACSU_sub,46,40,Remaining Top10 Quality,1.0015905628284811,True
YNZC_BACSU_sub,46,80,Norm. Target Mean (Round),0.33953466108001296,True
YNZC_BACSU_sub,46,60,Norm. Target Mean (Cumulative),0.19651489035527653,True
YNZC_BACSU_sub,46,60,Top 10% peptides selected (%),3.0434782608695654,True
YNZC_BACSU_sub,46,60,Remaining Top10 Quality,0.9999639267571333,True
YNZC_BACSU_sub,46,100,Norm. Target Mean (Round),0.32643311366777444,True
YNZC_BACSU_sub,46,80,Norm. Target Mean (Cumulative),0.25038781339607874,True
YNZC_BACSU_sub,46,80,Top 10% peptides selected (%),5.6521739130434785,True
YNZC_BACSU_sub,46,80,Remaining Top10 Quality,0.9984009135708991,True
YNZC_BACSU_sub,46,120,Norm. Target Mean (Round),0.6395482150823417,True
YNZC_BACSU_sub,46,100,Norm. Target Mean (Cumulative),0.2828447945441271,True
YNZC_BACSU_sub,46,100,Top 10% peptides selected (%),7.82608695652174,True
YNZC_BACSU_sub,46,100,Remaining Top10 Quality,0.9979550047300324,True
YNZC_BACSU_sub,46,140,Norm. Target Mean (Round),0.44144008675378027,True
YNZC_BACSU_sub,46,120,Norm. Target Mean (Cumulative),0.37083160341862925,True
YNZC_BACSU_sub,46,120,Top 10% peptides selected (%),12.173913043478262,True
YNZC_BACSU_sub,46,120,Remaining Top10 Quality,0.9920210312645997,True
YNZC_BACSU_sub,46,160,Norm. Target Mean (Round),0.5200169166477422,True
YNZC_BACSU_sub,46,140,Norm. Target Mean (Cumulative),0.4012547409278175,True
YNZC_BACSU_sub,46,140,Top 10% peptides selected (%),15.65217391304348,True
YNZC_BACSU_sub,46,140,Remaining Top10 Quality,0.9893080730110717,True
YNZC_BACSU_sub,46,180,Norm. Target Mean (Round),0.5196238479391596,True
YNZC_BACSU_sub,46,160,Norm. Target Mean (Cumulative),0.4389613387509228,True
YNZC_BACSU_sub,46,160,Top 10% peptides selected (%),19.130434782608695,True
YNZC_BACSU_sub,46,160,Remaining Top10 Quality,0.984876750779308,True
YNZC_BACSU_sub,46,200,Norm. Target Mean (Round),0.5340747984617393,True
YNZC_BACSU_sub,46,180,Norm. Target Mean (Cumulative),0.47029173709460736,True
YNZC_BACSU_sub,46,180,Top 10% peptides selected (%),23.47826086956522,True
YNZC_BACSU_sub,46,180,Remaining Top10 Quality,0.979051376200565,True
YNZC_BACSU_sub,46,200,Norm. Target Mean (Cumulative),0.4987790355809607,True
YNZC_BACSU_sub,46,200,Top 10% peptides selected (%),26.956521739130434,True
YNZC_BACSU_sub,46,200,Remaining Top10 Quality,0.979051376200565,True
SOX30_HUMAN,46,20,Norm. Target Mean (Round),0.001069004996496943,True
SOX30_HUMAN,46,40,Norm. Target Mean (Round),-0.1199277773120475,True
SOX30_HUMAN,46,20,Norm. Target Mean (Cumulative),0.001069004996496943,True
SOX30_HUMAN,46,20,Top 10% peptides selected (%),0.9900990099009901,True
SOX30_HUMAN,46,20,Remaining Top10 Quality,1.004374240257479,True
SOX30_HUMAN,46,60,Norm. Target Mean (Round),-0.1395580862861864,True
SOX30_HUMAN,46,40,Norm. Target Mean (Cumulative),-0.06571488823448703,True
SOX30_HUMAN,46,40,Top 10% peptides selected (%),0.9900990099009901,True
SOX30_HUMAN,46,40,Remaining Top10 Quality,1.0093241333753442,True
SOX30_HUMAN,46,80,Norm. Target Mean (Round),-0.9291011627101712,True
SOX30_HUMAN,46,60,Norm. Target Mean (Cumulative),-0.10222911246519706,True
SOX30_HUMAN,46,60,Top 10% peptides selected (%),0.9900990099009901,True
SOX30_HUMAN,46,60,Remaining Top10 Quality,1.0144179057206708,True
SOX30_HUMAN,46,100,Norm. Target Mean (Round),0.24491593855549162,True
SOX30_HUMAN,46,80,Norm. Target Mean (Cumulative),-0.37520200443332075,True
SOX30_HUMAN,46,80,Top 10% peptides selected (%),1.9801980198019802,True
SOX30_HUMAN,46,80,Remaining Top10 Quality,1.0157391408575338,True
SOX30_HUMAN,46,120,Norm. Target Mean (Round),0.1639500463357123,True
SOX30_HUMAN,46,100,Norm. Target Mean (Cumulative),-0.2452613376532433,True
SOX30_HUMAN,46,100,Top 10% peptides selected (%),5.9405940594059405,True
SOX30_HUMAN,46,100,Remaining Top10 Quality,1.0144922301866874,True
SOX30_HUMAN,46,140,Norm. Target Mean (Round),0.059340803024783575,True
SOX30_HUMAN,46,120,Norm. Target Mean (Cumulative),-0.17107717848582366,True
SOX30_HUMAN,46,120,Top 10% peptides selected (%),6.9306930693069315,True
SOX30_HUMAN,46,120,Remaining Top10 Quality,1.0190329003938563,True
SOX30_HUMAN,46,160,Norm. Target Mean (Round),0.033111014287216634,True
SOX30_HUMAN,46,140,Norm. Target Mean (Cumulative),-0.13675690931756707,True
SOX30_HUMAN,46,140,Top 10% peptides selected (%),12.871287128712872,True
SOX30_HUMAN,46,140,Remaining Top10 Quality,1.0131229944382862,True
SOX30_HUMAN,46,180,Norm. Target Mean (Round),0.07104541843233367,True
SOX30_HUMAN,46,160,Norm. Target Mean (Cumulative),-0.11484679878171149,True
SOX30_HUMAN,46,160,Top 10% peptides selected (%),14.85148514851485,True
SOX30_HUMAN,46,160,Remaining Top10 Quality,1.0112115854104529,True
SOX30_HUMAN,46,200,Norm. Target Mean (Round),-0.11153027347739301,True
SOX30_HUMAN,46,180,Norm. Target Mean (Cumulative),-0.09085772262757745,True
SOX30_HUMAN,46,180,Top 10% peptides selected (%),17.82178217821782,True
SOX30_HUMAN,46,180,Remaining Top10 Quality,1.0133652763727419,True
SOX30_HUMAN,46,200,Norm. Target Mean (Cumulative),-0.09953785174323232,True
SOX30_HUMAN,46,200,Top 10% peptides selected (%),19.801980198019802,True
SOX30_HUMAN,46,200,Remaining Top10 Quality,1.0133652763727419,True
SOX30_HUMAN,50,20,Norm. Target Mean (Round),-0.13700560182318477,True
SOX30_HUMAN,50,40,Norm. Target Mean (Round),-0.012169485898552495,True
SOX30_HUMAN,50,20,Norm. Target Mean (Cumulative),-0.13700560182318477,True
SOX30_HUMAN,50,20,Top 10% peptides selected (%),2.9702970297029703,True
SOX30_HUMAN,50,20,Remaining Top10 Quality,0.9977174357368982,True
SOX30_HUMAN,50,60,Norm. Target Mean (Round),-0.14073538075570605,True
SOX30_HUMAN,50,40,Norm. Target Mean (Cumulative),-0.08088560796383888,True
SOX30_HUMAN,50,40,Top 10% peptides selected (%),4.9504950495049505,True
SOX30_HUMAN,50,40,Remaining Top10 Quality,0.9987022727559564,True
SOX30_HUMAN,50,80,Norm. Target Mean (Round),0.28022018405666,True
SOX30_HUMAN,50,60,Norm. Target Mean (Cumulative),-0.1132038616673793,True
SOX30_HUMAN,50,60,Top 10% peptides selected (%),4.9504950495049505,True
SOX30_HUMAN,50,60,Remaining Top10 Quality,1.0036946224683,True
SOX30_HUMAN,50,100,Norm. Target Mean (Round),-0.8881526072968802,True
SOX30_HUMAN,50,80,Norm. Target Mean (Cumulative),0.00011635349122170524,True
SOX30_HUMAN,50,80,Top 10% peptides selected (%),9.900990099009901,True
SOX30_HUMAN,50,80,Remaining Top10 Quality,0.9921878093473377,True
SOX30_HUMAN,50,120,Norm. Target Mean (Round),0.2875775392429636,True
SOX30_HUMAN,50,100,Norm. Target Mean (Cumulative),-0.23675562406488335,True
SOX30_HUMAN,50,100,Top 10% peptides selected (%),10.891089108910892,True
SOX30_HUMAN,50,100,Remaining Top10 Quality,0.9931847617708536,True
SOX30_HUMAN,50,140,Norm. Target Mean (Round),0.37928947095680327,True
SOX30_HUMAN,50,120,Norm. Target Mean (Cumulative),-0.13606959200753663,True
SOX30_HUMAN,50,120,Top 10% peptides selected (%),16.831683168316832,True
SOX30_HUMAN,50,120,Remaining Top10 Quality,0.9653816321939934,True
SOX30_HUMAN,50,160,Norm. Target Mean (Round),0.32169106042795464,True
SOX30_HUMAN,50,140,Norm. Target Mean (Cumulative),-0.045323963193812,True
SOX30_HUMAN,50,140,Top 10% peptides selected (%),23.762376237623762,True
SOX30_HUMAN,50,140,Remaining Top10 Quality,0.9436429862993923,True
SOX30_HUMAN,50,180,Norm. Target Mean (Round),-0.04151234738351615,True
SOX30_HUMAN,50,160,Norm. Target Mean (Cumulative),0.015293141849359605,True
SOX30_HUMAN,50,160,Top 10% peptides selected (%),27.722772277227726,True
SOX30_HUMAN,50,160,Remaining Top10 Quality,0.940785110537721,True
SOX30_HUMAN,50,200,Norm. Target Mean (Round),0.21359238725312174,True
SOX30_HUMAN,50,180,Norm. Target Mean (Cumulative),0.007088649769637166,True
SOX30_HUMAN,50,180,Top 10% peptides selected (%),29.7029702970297,True
SOX30_HUMAN,50,180,Remaining Top10 Quality,0.9362535244164533,True
SOX30_HUMAN,50,200,Norm. Target Mean (Cumulative),0.037736226584000165,True
SOX30_HUMAN,50,200,Top 10% peptides selected (%),34.65346534653465,True
SOX30_HUMAN,50,200,Remaining Top10 Quality,0.9362535244164533,True
A0A247D711_LISMN,45,20,Norm. Target Mean (Round),0.08542071969909694,True
A0A247D711_LISMN,45,40,Norm. Target Mean (Round),0.23704353956102878,True
A0A247D711_LISMN,45,20,Norm. Target Mean (Cumulative),0.08542071969909694,True
A0A247D711_LISMN,45,20,Top 10% peptides selected (%),1.8072289156626504,True
A0A247D711_LISMN,45,20,Remaining Top10 Quality,0.9994041744935751,True
A0A247D711_LISMN,45,60,Norm. Target Mean (Round),0.5043340330454247,True
A0A247D711_LISMN,45,40,Norm. Target Mean (Cumulative),0.16454782227724515,True
A0A247D711_LISMN,45,40,Top 10% peptides selected (%),5.421686746987952,True
A0A247D711_LISMN,45,40,Remaining Top10 Quality,0.9976418672535062,True
A0A247D711_LISMN,45,80,Norm. Target Mean (Round),0.29774695430431103,True
A0A247D711_LISMN,45,60,Norm. Target Mean (Cumulative),0.28662190827226747,True
A0A247D711_LISMN,45,60,Top 10% peptides selected (%),6.626506024096386,True
A0A247D711_LISMN,45,60,Remaining Top10 Quality,0.9974556220437204,True
A0A247D711_LISMN,45,100,Norm. Target Mean (Round),-0.8438334064423549,True
A0A247D711_LISMN,45,80,Norm. Target Mean (Cumulative),0.2966359302292167,True
A0A247D711_LISMN,45,80,Top 10% peptides selected (%),8.433734939759036,True
A0A247D711_LISMN,45,80,Remaining Top10 Quality,0.9973221239197507,True
A0A247D711_LISMN,45,120,Norm. Target Mean (Round),0.291346180343442,True
A0A247D711_LISMN,45,100,Norm. Target Mean (Cumulative),0.05304043437634972,True
A0A247D711_LISMN,45,100,Top 10% peptides selected (%),8.433734939759036,True
A0A247D711_LISMN,45,100,Remaining Top10 Quality,0.9987996098023149,True
A0A247D711_LISMN,45,140,Norm. Target Mean (Round),0.46872962631069565,True
A0A247D711_LISMN,45,120,Norm. Target Mean (Cumulative),0.09800247083112885,True
A0A247D711_LISMN,45,120,Top 10% peptides selected (%),9.63855421686747,True
A0A247D711_LISMN,45,120,Remaining Top10 Quality,0.998104674505791,True
A0A247D711_LISMN,45,160,Norm. Target Mean (Round),-0.6017493161910931,True
A0A247D711_LISMN,45,140,Norm. Target Mean (Cumulative),0.15948449898836306,True
A0A247D711_LISMN,45,140,Top 10% peptides selected (%),10.240963855421686,True
A0A247D711_LISMN,45,140,Remaining Top10 Quality,0.9980197514084914,True
A0A247D711_LISMN,45,180,Norm. Target Mean (Round),0.2779689777579748,True
A0A247D711_LISMN,45,160,Norm. Target Mean (Cumulative),0.05335864021734641,True
A0A247D711_LISMN,45,160,Top 10% peptides selected (%),10.240963855421686,True
A0A247D711_LISMN,45,160,Remaining Top10 Quality,0.9995049715498328,True
A0A247D711_LISMN,45,200,Norm. Target Mean (Round),0.44147341407375856,True
A0A247D711_LISMN,45,180,Norm. Target Mean (Cumulative),0.08302970513984698,True
A0A247D711_LISMN,45,180,Top 10% peptides selected (%),11.44578313253012,True
A0A247D711_LISMN,45,180,Remaining Top10 Quality,0.9998069939531611,True
A0A247D711_LISMN,45,200,Norm. Target Mean (Cumulative),0.12652380959437395,True
A0A247D711_LISMN,45,200,Top 10% peptides selected (%),12.048192771084338,True
A0A247D711_LISMN,45,200,Remaining Top10 Quality,0.9998069939531611,True
SOX30_HUMAN,49,20,Norm. Target Mean (Round),0.0967533548328169,True
SOX30_HUMAN,49,40,Norm. Target Mean (Round),0.07473193337915883,True
SOX30_HUMAN,49,20,Norm. Target Mean (Cumulative),0.0967533548328169,True
SOX30_HUMAN,49,20,Top 10% peptides selected (%),4.9504950495049505,True
SOX30_HUMAN,49,20,Remaining Top10 Quality,0.9894612580625995,True
SOX30_HUMAN,49,60,Norm. Target Mean (Round),0.05193145332839398,True
SOX30_HUMAN,49,40,Norm. Target Mean (Cumulative),0.09357420532560659,True
SOX30_HUMAN,49,40,Top 10% peptides selected (%),6.9306930693069315,True
SOX30_HUMAN,49,40,Remaining Top10 Quality,0.9872919087041786,True
SOX30_HUMAN,49,80,Norm. Target Mean (Round),-0.5879224688784406,True
SOX30_HUMAN,49,60,Norm. Target Mean (Cumulative),0.0869742115468692,True
SOX30_HUMAN,49,60,Top 10% peptides selected (%),10.891089108910892,True
SOX30_HUMAN,49,60,Remaining Top10 Quality,0.986765323347897,True
SOX30_HUMAN,49,100,Norm. Target Mean (Round),0.23275873717166162,True
SOX30_HUMAN,49,80,Norm. Target Mean (Cumulative),-0.11920400007167459,True
SOX30_HUMAN,49,80,Top 10% peptides selected (%),10.891089108910892,True
SOX30_HUMAN,49,80,Remaining Top10 Quality,0.9917337103434207,True
SOX30_HUMAN,49,120,Norm. Target Mean (Round),0.15039576675978056,True
SOX30_HUMAN,49,100,Norm. Target Mean (Cumulative),-0.03664074369452372,True
SOX30_HUMAN,49,100,Top 10% peptides selected (%),15.841584158415841,True
SOX30_HUMAN,49,100,Remaining Top10 Quality,0.9801176256199347,True
SOX30_HUMAN,49,140,Norm. Target Mean (Round),0.2162017788175146,True
SOX30_HUMAN,49,120,Norm. Target Mean (Cumulative),0.003305551738618026,True
SOX30_HUMAN,49,120,Top 10% peptides selected (%),20.792079207920793,True
SOX30_HUMAN,49,120,Remaining Top10 Quality,0.9781078493633109,True
SOX30_HUMAN,49,160,Norm. Target Mean (Round),0.3318475267729646,True
SOX30_HUMAN,49,140,Norm. Target Mean (Cumulative),0.04718764503811097,True
SOX30_HUMAN,49,140,Top 10% peptides selected (%),22.772277227722775,True
SOX30_HUMAN,49,140,Remaining Top10 Quality,0.9801451550270645,True
SOX30_HUMAN,49,180,Norm. Target Mean (Round),0.3386159714562769,True
SOX30_HUMAN,49,160,Norm. Target Mean (Cumulative),0.10359564088736226,True
SOX30_HUMAN,49,160,Top 10% peptides selected (%),25.742574257425744,True
SOX30_HUMAN,49,160,Remaining Top10 Quality,0.9769013044389734,True
SOX30_HUMAN,49,200,Norm. Target Mean (Round),0.29827869001169033,True
SOX30_HUMAN,49,180,Norm. Target Mean (Cumulative),0.1510404298669691,True
SOX30_HUMAN,49,180,Top 10% peptides selected (%),27.722772277227726,True
SOX30_HUMAN,49,180,Remaining Top10 Quality,0.9759657191997481,True
SOX30_HUMAN,49,200,Norm. Target Mean (Cumulative),0.18453996175487913,True
SOX30_HUMAN,49,200,Top 10% peptides selected (%),28.71287128712871,True
SOX30_HUMAN,49,200,Remaining Top10 Quality,0.9759657191997481,True
A0A247D711_LISMN,44,20,Norm. Target Mean (Round),0.1462044831402393,True
A0A247D711_LISMN,44,40,Norm. Target Mean (Round),0.29812593518461034,True
A0A247D711_LISMN,44,20,Norm. Target Mean (Cumulative),0.1462044831402393,True
A0A247D711_LISMN,44,20,Top 10% peptides selected (%),2.4096385542168677,True
A0A247D711_LISMN,44,20,Remaining Top10 Quality,1.000521412643668,True
A0A247D711_LISMN,44,60,Norm. Target Mean (Round),-0.8535847094027869,True
A0A247D711_LISMN,44,40,Norm. Target Mean (Cumulative),0.22665368642380368,True
A0A247D711_LISMN,44,40,Top 10% peptides selected (%),3.614457831325301,True
A0A247D711_LISMN,44,40,Remaining Top10 Quality,1.0001765222561743,True
A0A247D711_LISMN,44,80,Norm. Target Mean (Round),0.5214111946889425,True
A0A247D711_LISMN,44,60,Norm. Target Mean (Cumulative),-0.14616360457965752,True
A0A247D711_LISMN,44,60,Top 10% peptides selected (%),3.614457831325301,True
A0A247D711_LISMN,44,60,Remaining Top10 Quality,1.0015898877324916,True
A0A247D711_LISMN,44,100,Norm. Target Mean (Round),0.11146254509674101,True
A0A247D711_LISMN,44,80,Norm. Target Mean (Cumulative),0.027538611454119604,True
A0A247D711_LISMN,44,80,Top 10% peptides selected (%),6.024096385542169,True
A0A247D711_LISMN,44,80,Remaining Top10 Quality,0.9998828390538005,True
A0A247D711_LISMN,44,120,Norm. Target Mean (Round),0.28512521577400785,True
A0A247D711_LISMN,44,100,Norm. Target Mean (Cumulative),0.046342336595805195,True
A0A247D711_LISMN,44,100,Top 10% peptides selected (%),7.228915662650602,True
A0A247D711_LISMN,44,100,Remaining Top10 Quality,0.9993362233715015,True
A0A247D711_LISMN,44,140,Norm. Target Mean (Round),0.12716181952086236,True
A0A247D711_LISMN,44,120,Norm. Target Mean (Cumulative),0.09117636811471047,True
A0A247D711_LISMN,44,120,Top 10% peptides selected (%),8.433734939759036,True
A0A247D711_LISMN,44,120,Remaining Top10 Quality,0.9987587364158416,True
A0A247D711_LISMN,44,160,Norm. Target Mean (Round),0.1666649908865112,True
A0A247D711_LISMN,44,140,Norm. Target Mean (Cumulative),0.0986967442801858,True
A0A247D711_LISMN,44,140,Top 10% peptides selected (%),9.63855421686747,True
A0A247D711_LISMN,44,140,Remaining Top10 Quality,0.9964182283184115,True
A0A247D711_LISMN,44,180,Norm. Target Mean (Round),0.3794736994593327,True
A0A247D711_LISMN,44,160,Norm. Target Mean (Cumulative),0.11003072791559602,True
A0A247D711_LISMN,44,160,Top 10% peptides selected (%),10.240963855421686,True
A0A247D711_LISMN,44,160,Remaining Top10 Quality,0.9964221250750349,True
A0A247D711_LISMN,44,200,Norm. Target Mean (Round),0.39760675673654944,True
A0A247D711_LISMN,44,180,Norm. Target Mean (Cumulative),0.14629025344182958,True
A0A247D711_LISMN,44,180,Top 10% peptides selected (%),13.253012048192772,True
A0A247D711_LISMN,44,180,Remaining Top10 Quality,0.9942803452932419,True
A0A247D711_LISMN,44,200,Norm. Target Mean (Cumulative),0.1782729133239037,True
A0A247D711_LISMN,44,200,Top 10% peptides selected (%),15.060240963855422,True
A0A247D711_LISMN,44,200,Remaining Top10 Quality,0.9942803452932419,True
SOX30_HUMAN,45,20,Norm. Target Mean (Round),-0.019085181391872444,True
SOX30_HUMAN,45,40,Norm. Target Mean (Round),0.28224940140966126,True
SOX30_HUMAN,45,20,Norm. Target Mean (Cumulative),-0.019085181391872444,True
SOX30_HUMAN,45,20,Top 10% peptides selected (%),2.9702970297029703,True
SOX30_HUMAN,45,20,Remaining Top10 Quality,0.9981340032011885,True
SOX30_HUMAN,45,60,Norm. Target Mean (Round),0.019400834058248523,True
SOX30_HUMAN,45,40,Norm. Target Mean (Cumulative),0.14562215796365474,True
SOX30_HUMAN,45,40,Top 10% peptides selected (%),5.9405940594059405,True
SOX30_HUMAN,45,40,Remaining Top10 Quality,0.9902090493962596,True
SOX30_HUMAN,45,80,Norm. Target Mean (Round),0.18445170386428417,True
SOX30_HUMAN,45,60,Norm. Target Mean (Cumulative),0.11094428634180409,True
SOX30_HUMAN,45,60,Top 10% peptides selected (%),7.920792079207921,True
SOX30_HUMAN,45,60,Remaining Top10 Quality,0.9924030124265557,True
SOX30_HUMAN,45,100,Norm. Target Mean (Round),0.10680351362371834,True
SOX30_HUMAN,45,80,Norm. Target Mean (Cumulative),0.14582731630577345,True
SOX30_HUMAN,45,80,Top 10% peptides selected (%),12.871287128712872,True
SOX30_HUMAN,45,80,Remaining Top10 Quality,0.983017135590227,True
SOX30_HUMAN,45,120,Norm. Target Mean (Round),0.20214418112488014,True
SOX30_HUMAN,45,100,Norm. Target Mean (Cumulative),0.14910820749560522,True
SOX30_HUMAN,45,100,Top 10% peptides selected (%),16.831683168316832,True
SOX30_HUMAN,45,100,Remaining Top10 Quality,0.9811294142565358,True
SOX30_HUMAN,45,140,Norm. Target Mean (Round),0.2872357361338046,True
SOX30_HUMAN,45,120,Norm. Target Mean (Cumulative),0.17443442861979458,True
SOX30_HUMAN,45,120,Top 10% peptides selected (%),16.831683168316832,True
SOX30_HUMAN,45,120,Remaining Top10 Quality,0.9862684163948745,True
SOX30_HUMAN,45,160,Norm. Target Mean (Round),0.17949983514244,True
SOX30_HUMAN,45,140,Norm. Target Mean (Cumulative),0.21228757550782493,True
SOX30_HUMAN,45,140,Top 10% peptides selected (%),17.82178217821782,True
SOX30_HUMAN,45,140,Remaining Top10 Quality,0.9912816805878231,True
SOX30_HUMAN,45,180,Norm. Target Mean (Round),0.5701836913811267,True
SOX30_HUMAN,45,160,Norm. Target Mean (Cumulative),0.2221360794255364,True
SOX30_HUMAN,45,160,Top 10% peptides selected (%),19.801980198019802,True
SOX30_HUMAN,45,160,Remaining Top10 Quality,0.9945049141925218,True
SOX30_HUMAN,45,200,Norm. Target Mean (Round),0.24927088376715076,True
SOX30_HUMAN,45,180,Norm. Target Mean (Cumulative),0.29941535393689567,True
SOX30_HUMAN,45,180,Top 10% peptides selected (%),27.722772277227726,True
SOX30_HUMAN,45,180,Remaining Top10 Quality,0.9466552450971126,True
SOX30_HUMAN,45,200,Norm. Target Mean (Cumulative),0.3098379178018745,True
SOX30_HUMAN,45,200,Top 10% peptides selected (%),33.663366336633665,True
SOX30_HUMAN,45,200,Remaining Top10 Quality,0.9466552450971126,True
YNZC_BACSU_sub,44,20,Norm. Target Mean (Round),0.012848596637105233,True
YNZC_BACSU_sub,44,40,Norm. Target Mean (Round),0.5410178777111064,True
YNZC_BACSU_sub,44,20,Norm. Target Mean (Cumulative),0.012848596637105233,True
YNZC_BACSU_sub,44,20,Top 10% peptides selected (%),1.3043478260869565,True
YNZC_BACSU_sub,44,20,Remaining Top10 Quality,1.0003456996086473,True
YNZC_BACSU_sub,44,60,Norm. Target Mean (Round),0.49249208943968714,True
YNZC_BACSU_sub,44,40,Norm. Target Mean (Cumulative),0.29864439679929594,True
YNZC_BACSU_sub,44,40,Top 10% peptides selected (%),5.217391304347826,True
YNZC_BACSU_sub,44,40,Remaining Top10 Quality,0.9977902738122614,True
YNZC_BACSU_sub,44,80,Norm. Target Mean (Round),0.39579717661122854,True
YNZC_BACSU_sub,44,60,Norm. Target Mean (Cumulative),0.3924521961817684,True
YNZC_BACSU_sub,44,60,Top 10% peptides selected (%),8.26086956521739,True
YNZC_BACSU_sub,44,60,Remaining Top10 Quality,0.9933011861452782,True
YNZC_BACSU_sub,44,100,Norm. Target Mean (Round),0.24640653840686097,True
YNZC_BACSU_sub,44,80,Norm. Target Mean (Cumulative),0.4179255819264163,True
YNZC_BACSU_sub,44,80,Top 10% peptides selected (%),10.869565217391305,True
YNZC_BACSU_sub,44,80,Remaining Top10 Quality,0.9909720545279593,True
YNZC_BACSU_sub,44,120,Norm. Target Mean (Round),0.36488499525161117,True
YNZC_BACSU_sub,44,100,Norm. Target Mean (Cumulative),0.4003359313530459,True
YNZC_BACSU_sub,44,100,Top 10% peptides selected (%),13.043478260869565,True
YNZC_BACSU_sub,44,100,Remaining Top10 Quality,0.9851197708451681,True
YNZC_BACSU_sub,44,140,Norm. Target Mean (Round),0.6980163078888095,True
YNZC_BACSU_sub,44,120,Norm. Target Mean (Cumulative),0.4121656457135086,True
YNZC_BACSU_sub,44,120,Top 10% peptides selected (%),15.217391304347828,True
YNZC_BACSU_sub,44,120,Remaining Top10 Quality,0.9805530781242431,True
YNZC_BACSU_sub,44,160,Norm. Target Mean (Round),0.717883726942223,True
YNZC_BACSU_sub,44,140,Norm. Target Mean (Cumulative),0.4799562158646027,True
YNZC_BACSU_sub,44,140,Top 10% peptides selected (%),20.434782608695652,True
YNZC_BACSU_sub,44,140,Remaining Top10 Quality,0.9655458917479305,True
YNZC_BACSU_sub,44,180,Norm. Target Mean (Round),0.70334810337995,True
YNZC_BACSU_sub,44,160,Norm. Target Mean (Cumulative),0.5353937410658243,True
YNZC_BACSU_sub,44,160,Top 10% peptides selected (%),26.956521739130434,True
YNZC_BACSU_sub,44,160,Remaining Top10 Quality,0.9520971257870147,True
YNZC_BACSU_sub,44,200,Norm. Target Mean (Round),0.7131547464440896,True
YNZC_BACSU_sub,44,180,Norm. Target Mean (Cumulative),0.5787273448891367,True
YNZC_BACSU_sub,44,180,Top 10% peptides selected (%),32.608695652173914,True
YNZC_BACSU_sub,44,180,Remaining Top10 Quality,0.9392792670471198,True
YNZC_BACSU_sub,44,200,Norm. Target Mean (Cumulative),0.616280653598634,True
YNZC_BACSU_sub,44,200,Top 10% peptides selected (%),37.391304347826086,True
YNZC_BACSU_sub,44,200,Remaining Top10 Quality,0.9392792670471198,True
YNZC_BACSU_sub,48,20,Norm. Target Mean (Round),0.13633529427378038,True
YNZC_BACSU_sub,48,40,Norm. Target Mean (Round),0.5241492268813253,True
YNZC_BACSU_sub,48,20,Norm. Target Mean (Cumulative),0.13633529427378038,True
YNZC_BACSU_sub,48,20,Top 10% peptides selected (%),1.7391304347826086,True
YNZC_BACSU_sub,48,20,Remaining Top10 Quality,0.9966391889325277,True
YNZC_BACSU_sub,48,60,Norm. Target Mean (Round),0.4994488581918927,True
YNZC_BACSU_sub,48,40,Norm. Target Mean (Cumulative),0.353901990465532,True
YNZC_BACSU_sub,48,40,Top 10% peptides selected (%),6.086956521739131,True
YNZC_BACSU_sub,48,40,Remaining Top10 Quality,0.9919210525703676,True
YNZC_BACSU_sub,48,80,Norm. Target Mean (Round),0.2869185555186657,True
YNZC_BACSU_sub,48,60,Norm. Target Mean (Cumulative),0.4321365098330005,True
YNZC_BACSU_sub,48,60,Top 10% peptides selected (%),11.304347826086957,True
YNZC_BACSU_sub,48,60,Remaining Top10 Quality,0.9852744261179388,True
YNZC_BACSU_sub,48,100,Norm. Target Mean (Round),0.5448508127335144,True
YNZC_BACSU_sub,48,80,Norm. Target Mean (Cumulative),0.41559428443952084,True
YNZC_BACSU_sub,48,80,Top 10% peptides selected (%),14.347826086956522,True
YNZC_BACSU_sub,48,80,Remaining Top10 Quality,0.9759838252802421,True
YNZC_BACSU_sub,48,120,Norm. Target Mean (Round),0.5182008232201516,True
YNZC_BACSU_sub,48,100,Norm. Target Mean (Cumulative),0.46647623777806174,True
YNZC_BACSU_sub,48,100,Top 10% peptides selected (%),18.26086956521739,True
YNZC_BACSU_sub,48,100,Remaining Top10 Quality,0.9704092603156943,True
YNZC_BACSU_sub,48,140,Norm. Target Mean (Round),0.5875952486497459,True
YNZC_BACSU_sub,48,120,Norm. Target Mean (Cumulative),0.49802478983694315,True
YNZC_BACSU_sub,48,120,Top 10% peptides selected (%),23.91304347826087,True
YNZC_BACSU_sub,48,120,Remaining Top10 Quality,0.9547863516558344,True
YNZC_BACSU_sub,48,160,Norm. Target Mean (Round),0.6291882303877192,True
YNZC_BACSU_sub,48,140,Norm. Target Mean (Cumulative),0.5333557326272822,True
YNZC_BACSU_sub,48,140,Top 10% peptides selected (%),27.82608695652174,True
YNZC_BACSU_sub,48,140,Remaining Top10 Quality,0.9466560932862703,True
YNZC_BACSU_sub,48,180,Norm. Target Mean (Round),0.45246035610268825,True
YNZC_BACSU_sub,48,160,Norm. Target Mean (Cumulative),0.5686260159411094,True
YNZC_BACSU_sub,48,160,Top 10% peptides selected (%),32.608695652173914,True
YNZC_BACSU_sub,48,160,Remaining Top10 Quality,0.9376405135483402,True
YNZC_BACSU_sub,48,200,Norm. Target Mean (Round),0.5597987624446201,True
YNZC_BACSU_sub,48,180,Norm. Target Mean (Cumulative),0.5735564783960263,True
YNZC_BACSU_sub,48,180,Top 10% peptides selected (%),35.21739130434783,True
YNZC_BACSU_sub,48,180,Remaining Top10 Quality,0.9336679458444407,True
YNZC_BACSU_sub,48,200,Norm. Target Mean (Cumulative),0.5923414602363702,True
YNZC_BACSU_sub,48,200,Top 10% peptides selected (%),40.43478260869565,True
YNZC_BACSU_sub,48,200,Remaining Top10 Quality,0.9336679458444407,True
YNZC_BACSU_sub,42,20,Norm. Target Mean (Round),-0.005454072838462581,True
YNZC_BACSU_sub,42,40,Norm. Target Mean (Round),0.5489809392451244,True
YNZC_BACSU_sub,42,20,Norm. Target Mean (Cumulative),-0.005454072838462581,True
YNZC_BACSU_sub,42,20,Top 10% peptides selected (%),0.43478260869565216,True
YNZC_BACSU_sub,42,20,Remaining Top10 Quality,1.0011525716408223,True
YNZC_BACSU_sub,42,60,Norm. Target Mean (Round),0.5593739277244498,True
YNZC_BACSU_sub,42,40,Norm. Target Mean (Cumulative),0.29310829859418713,True
YNZC_BACSU_sub,42,40,Top 10% peptides selected (%),4.3478260869565215,True
YNZC_BACSU_sub,42,40,Remaining Top10 Quality,0.9992777918333584,True
YNZC_BACSU_sub,42,80,Norm. Target Mean (Round),0.5678210078198017,True
YNZC_BACSU_sub,42,60,Norm. Target Mean (Cumulative),0.4138766321064791,True
YNZC_BACSU_sub,42,60,Top 10% peptides selected (%),8.695652173913043,True
YNZC_BACSU_sub,42,60,Remaining Top10 Quality,0.9952992062836388,True
YNZC_BACSU_sub,42,100,Norm. Target Mean (Round),0.4052133898592954,True
YNZC_BACSU_sub,42,80,Norm. Target Mean (Cumulative),0.48507137219714475,True
YNZC_BACSU_sub,42,80,Top 10% peptides selected (%),11.73913043478261,True
YNZC_BACSU_sub,42,80,Remaining Top10 Quality,0.9927749450898296,True
YNZC_BACSU_sub,42,120,Norm. Target Mean (Round),0.5399025319943437,True
YNZC_BACSU_sub,42,100,Norm. Target Mean (Cumulative),0.49379427028336254,True
YNZC_BACSU_sub,42,100,Top 10% peptides selected (%),13.043478260869565,True
YNZC_BACSU_sub,42,100,Remaining Top10 Quality,0.9922014345020722,True
YNZC_BACSU_sub,42,140,Norm. Target Mean (Round),0.6015454811696727,True
YNZC_BACSU_sub,42,120,Norm. Target Mean (Cumulative),0.5292745080995659,True
YNZC_BACSU_sub,42,120,Top 10% peptides selected (%),16.52173913043478,True
YNZC_BACSU_sub,42,120,Remaining Top10 Quality,0.9863323036611037,True
YNZC_BACSU_sub,42,160,Norm. Target Mean (Round),0.5166685522745379,True
YNZC_BACSU_sub,42,140,Norm. Target Mean (Cumulative),0.5682880917118713,True
YNZC_BACSU_sub,42,140,Top 10% peptides selected (%),22.17391304347826,True
YNZC_BACSU_sub,42,140,Remaining Top10 Quality,0.9797847014563048,True
YNZC_BACSU_sub,42,180,Norm. Target Mean (Round),0.5159468102679169,True
YNZC_BACSU_sub,42,160,Norm. Target Mean (Cumulative),0.5866914431535731,True
YNZC_BACSU_sub,42,160,Top 10% peptides selected (%),26.956521739130434,True
YNZC_BACSU_sub,42,160,Remaining Top10 Quality,0.9694282695030064,True
YNZC_BACSU_sub,42,200,Norm. Target Mean (Round),0.32159084208442357,True
YNZC_BACSU_sub,42,180,Norm. Target Mean (Cumulative),0.6028321345185589,True
YNZC_BACSU_sub,42,180,Top 10% peptides selected (%),28.695652173913043,True
YNZC_BACSU_sub,42,180,Remaining Top10 Quality,0.9662094666726722,True
YNZC_BACSU_sub,42,200,Norm. Target Mean (Cumulative),0.590408818526221,True
YNZC_BACSU_sub,42,200,Top 10% peptides selected (%),29.565217391304348,True
YNZC_BACSU_sub,42,200,Remaining Top10 Quality,0.9662094666726722,True
SOX30_HUMAN,44,20,Norm. Target Mean (Round),0.26146904674127003,True
SOX30_HUMAN,44,40,Norm. Target Mean (Round),-0.009556198948802285,True
SOX30_HUMAN,44,20,Norm. Target Mean (Cumulative),0.26146904674127003,True
SOX30_HUMAN,44,20,Top 10% peptides selected (%),1.9801980198019802,True
SOX30_HUMAN,44,20,Remaining Top10 Quality,1.002928875877875,True
SOX30_HUMAN,44,60,Norm. Target Mean (Round),-0.4162272463916216,True
SOX30_HUMAN,44,40,Norm. Target Mean (Cumulative),0.136302026329163,True
SOX30_HUMAN,44,40,Top 10% peptides selected (%),3.9603960396039604,True
SOX30_HUMAN,44,40,Remaining Top10 Quality,1.0030458908632225,True
SOX30_HUMAN,44,80,Norm. Target Mean (Round),0.2211897478509473,True
SOX30_HUMAN,44,60,Norm. Target Mean (Cumulative),-0.07071819497176396,True
SOX30_HUMAN,44,60,Top 10% peptides selected (%),3.9603960396039604,True
SOX30_HUMAN,44,60,Remaining Top10 Quality,1.0081068018138597,True
SOX30_HUMAN,44,100,Norm. Target Mean (Round),-0.6705035780427341,True
SOX30_HUMAN,44,80,Norm. Target Mean (Cumulative),0.015093488232350818,True
SOX30_HUMAN,44,80,Top 10% peptides selected (%),8.91089108910891,True
SOX30_HUMAN,44,80,Remaining Top10 Quality,0.9991632527403052,True
SOX30_HUMAN,44,120,Norm. Target Mean (Round),0.11206452566305207,True
SOX30_HUMAN,44,100,Norm. Target Mean (Cumulative),-0.16631053315848235,True
SOX30_HUMAN,44,100,Top 10% peptides selected (%),9.900990099009901,True
SOX30_HUMAN,44,100,Remaining Top10 Quality,1.000280930520939,True
SOX30_HUMAN,44,140,Norm. Target Mean (Round),0.12436338646640391,True
SOX30_HUMAN,44,120,Norm. Target Mean (Cumulative),-0.11593186049145922,True
SOX30_HUMAN,44,120,Top 10% peptides selected (%),14.85148514851485,True
SOX30_HUMAN,44,120,Remaining Top10 Quality,0.9940320372992056,True
SOX30_HUMAN,44,160,Norm. Target Mean (Round),0.0819642661681046,True
SOX30_HUMAN,44,140,Norm. Target Mean (Cumulative),-0.07567086753603403,True
SOX30_HUMAN,44,140,Top 10% peptides selected (%),17.82178217821782,True
SOX30_HUMAN,44,140,Remaining Top10 Quality,0.9977497009842896,True
SOX30_HUMAN,44,180,Norm. Target Mean (Round),0.20017266614619791,True
SOX30_HUMAN,44,160,Norm. Target Mean (Cumulative),-0.051804979747828155,True
SOX30_HUMAN,44,160,Top 10% peptides selected (%),18.81188118811881,True
SOX30_HUMAN,44,160,Remaining Top10 Quality,1.0033421537806344,True
SOX30_HUMAN,44,200,Norm. Target Mean (Round),0.07178687404370845,True
SOX30_HUMAN,44,180,Norm. Target Mean (Cumulative),-0.012470059564230113,True
SOX30_HUMAN,44,180,Top 10% peptides selected (%),20.792079207920793,True
SOX30_HUMAN,44,180,Remaining Top10 Quality,1.002464093781326,True
SOX30_HUMAN,44,200,Norm. Target Mean (Cumulative),-1.2002870540345974e-05,True
SOX30_HUMAN,44,200,Top 10% peptides selected (%),23.762376237623762,True
SOX30_HUMAN,44,200,Remaining Top10 Quality,1.002464093781326,True
SOX30_HUMAN,43,20,Norm. Target Mean (Round),0.0850739867643503,True
SOX30_HUMAN,43,40,Norm. Target Mean (Round),-0.014376998443590782,True
SOX30_HUMAN,43,20,Norm. Target Mean (Cumulative),0.0850739867643503,True
SOX30_HUMAN,43,20,Top 10% peptides selected (%),2.9702970297029703,True
SOX30_HUMAN,43,20,Remaining Top10 Quality,0.992961215116631,True
SOX30_HUMAN,43,60,Norm. Target Mean (Round),-0.13515093588530497,True
SOX30_HUMAN,43,40,Norm. Target Mean (Cumulative),0.03811546257154262,True
SOX30_HUMAN,43,40,Top 10% peptides selected (%),3.9603960396039604,True
SOX30_HUMAN,43,40,Remaining Top10 Quality,0.9956776212773871,True
SOX30_HUMAN,43,80,Norm. Target Mean (Round),-0.9354515436097961,True
SOX30_HUMAN,43,60,Norm. Target Mean (Cumulative),-0.027116521896005764,True
SOX30_HUMAN,43,60,Top 10% peptides selected (%),3.9603960396039604,True
SOX30_HUMAN,43,60,Remaining Top10 Quality,1.0005834107630598,True
SOX30_HUMAN,43,100,Norm. Target Mean (Round),0.37517519820414696,True
SOX30_HUMAN,43,80,Norm. Target Mean (Cumulative),-0.31965278238951444,True
SOX30_HUMAN,43,80,Top 10% peptides selected (%),3.9603960396039604,True
SOX30_HUMAN,43,80,Remaining Top10 Quality,1.0056325280345952,True
SOX30_HUMAN,43,120,Norm. Target Mean (Round),0.11692866381733667,True
SOX30_HUMAN,43,100,Norm. Target Mean (Cumulative),-0.16484387127475414,True
SOX30_HUMAN,43,100,Top 10% peptides selected (%),9.900990099009901,True
SOX30_HUMAN,43,100,Remaining Top10 Quality,0.9968242831501645,True
SOX30_HUMAN,43,140,Norm. Target Mean (Round),0.1558761174801722,True
SOX30_HUMAN,43,120,Norm. Target Mean (Cumulative),-0.1134503489951355,True
SOX30_HUMAN,43,120,Top 10% peptides selected (%),14.85148514851485,True
SOX30_HUMAN,43,120,Remaining Top10 Quality,0.9857021319591006,True
SOX30_HUMAN,43,160,Norm. Target Mean (Round),0.3639993889175865,True
SOX30_HUMAN,43,140,Norm. Target Mean (Cumulative),-0.06720953511103182,True
SOX30_HUMAN,43,140,Top 10% peptides selected (%),19.801980198019802,True
SOX30_HUMAN,43,140,Remaining Top10 Quality,0.9619483614304746,True
SOX30_HUMAN,43,180,Norm. Target Mean (Round),0.27451190233700573,True
SOX30_HUMAN,43,160,Norm. Target Mean (Cumulative),0.0043241332119264364,True
SOX30_HUMAN,43,160,Top 10% peptides selected (%),23.762376237623762,True
SOX30_HUMAN,43,160,Remaining Top10 Quality,0.943364272657362,True
SOX30_HUMAN,43,200,Norm. Target Mean (Round),0.3583152048031367,True
SOX30_HUMAN,43,180,Norm. Target Mean (Cumulative),0.04709325820054316,True
SOX30_HUMAN,43,180,Top 10% peptides selected (%),27.722772277227726,True
SOX30_HUMAN,43,180,Remaining Top10 Quality,0.9284543732376594,True
SOX30_HUMAN,43,200,Norm. Target Mean (Cumulative),0.09402425334573128,True
SOX30_HUMAN,43,200,Top 10% peptides selected (%),31.683168316831683,True
SOX30_HUMAN,43,200,Remaining Top10 Quality,0.9284543732376594,True
YNZC_BACSU_sub,47,20,Norm. Target Mean (Round),-0.027030359609617898,True
YNZC_BACSU_sub,47,40,Norm. Target Mean (Round),0.5816854538460136,True
YNZC_BACSU_sub,47,20,Norm. Target Mean (Cumulative),-0.027030359609617898,True
YNZC_BACSU_sub,47,20,Top 10% peptides selected (%),0.8695652173913043,True
YNZC_BACSU_sub,47,20,Remaining Top10 Quality,1.0010087552576048,True
YNZC_BACSU_sub,47,60,Norm. Target Mean (Round),0.5882718206399868,True
YNZC_BACSU_sub,47,40,Norm. Target Mean (Cumulative),0.29915104139296633,True
YNZC_BACSU_sub,47,40,Top 10% peptides selected (%),4.782608695652174,True
YNZC_BACSU_sub,47,40,Remaining Top10 Quality,0.9997639683084816,True
YNZC_BACSU_sub,47,80,Norm. Target Mean (Round),0.4681591457000856,True
YNZC_BACSU_sub,47,60,Norm. Target Mean (Cumulative),0.4289916251608344,True
YNZC_BACSU_sub,47,60,Top 10% peptides selected (%),9.130434782608695,True
YNZC_BACSU_sub,47,60,Remaining Top10 Quality,0.9929984400160364,True
YNZC_BACSU_sub,47,100,Norm. Target Mean (Round),0.3717973347760596,True
YNZC_BACSU_sub,47,80,Norm. Target Mean (Cumulative),0.4674010458856757,True
YNZC_BACSU_sub,47,80,Top 10% peptides selected (%),12.608695652173912,True
YNZC_BACSU_sub,47,80,Remaining Top10 Quality,0.9889887523908506,True
YNZC_BACSU_sub,47,120,Norm. Target Mean (Round),0.42560146259889675,True
YNZC_BACSU_sub,47,100,Norm. Target Mean (Cumulative),0.4712202761292036,True
YNZC_BACSU_sub,47,100,Top 10% peptides selected (%),16.08695652173913,True
YNZC_BACSU_sub,47,100,Remaining Top10 Quality,0.9845737136133379,True
YNZC_BACSU_sub,47,140,Norm. Target Mean (Round),0.618760475538116,True
YNZC_BACSU_sub,47,120,Norm. Target Mean (Cumulative),0.4863611151887454,True
YNZC_BACSU_sub,47,120,Top 10% peptides selected (%),20.0,True
YNZC_BACSU_sub,47,120,Remaining Top10 Quality,0.9797620047087955,True
YNZC_BACSU_sub,47,160,Norm. Target Mean (Round),0.5346414089508954,True
YNZC_BACSU_sub,47,140,Norm. Target Mean (Cumulative),0.5340562540349557,True
YNZC_BACSU_sub,47,140,Top 10% peptides selected (%),24.782608695652176,True
YNZC_BACSU_sub,47,140,Remaining Top10 Quality,0.9699474553240707,True
YNZC_BACSU_sub,47,180,Norm. Target Mean (Round),0.36343807892087443,True
YNZC_BACSU_sub,47,160,Norm. Target Mean (Cumulative),0.5582245760499922,True
YNZC_BACSU_sub,47,160,Top 10% peptides selected (%),29.565217391304348,True
YNZC_BACSU_sub,47,160,Remaining Top10 Quality,0.9597585412186774,True
YNZC_BACSU_sub,47,200,Norm. Target Mean (Round),0.03149972833049233,True
YNZC_BACSU_sub,47,180,Norm. Target Mean (Cumulative),0.553739124883831,True
YNZC_BACSU_sub,47,180,Top 10% peptides selected (%),31.73913043478261,True
YNZC_BACSU_sub,47,180,Remaining Top10 Quality,0.9565885747830288,True
YNZC_BACSU_sub,47,200,Norm. Target Mean (Cumulative),0.5061054329955381,True
YNZC_BACSU_sub,47,200,Top 10% peptides selected (%),31.73913043478261,True
YNZC_BACSU_sub,47,200,Remaining Top10 Quality,0.9565885747830288,True
SOX30_HUMAN,51,20,Norm. Target Mean (Round),0.21638647794247937,True
SOX30_HUMAN,51,40,Norm. Target Mean (Round),0.06914755167984162,True
SOX30_HUMAN,51,20,Norm. Target Mean (Cumulative),0.21638647794247937,True
SOX30_HUMAN,51,20,Top 10% peptides selected (%),5.9405940594059405,True
SOX30_HUMAN,51,20,Remaining Top10 Quality,0.9926329116929163,True
SOX30_HUMAN,51,60,Norm. Target Mean (Round),0.6744017593161398,True
SOX30_HUMAN,51,40,Norm. Target Mean (Cumulative),0.15523290598701406,True
SOX30_HUMAN,51,40,Top 10% peptides selected (%),6.9306930693069315,True
SOX30_HUMAN,51,40,Remaining Top10 Quality,0.9967403009020424,True
SOX30_HUMAN,51,80,Norm. Target Mean (Round),0.3272877049368382,True
SOX30_HUMAN,51,60,Norm. Target Mean (Cumulative),0.3787399280357226,True
SOX30_HUMAN,51,60,Top 10% peptides selected (%),16.831683168316832,True
SOX30_HUMAN,51,60,Remaining Top10 Quality,0.9373303054478364,True
SOX30_HUMAN,51,100,Norm. Target Mean (Round),-0.12115839010179874,True
SOX30_HUMAN,51,80,Norm. Target Mean (Cumulative),0.39296937609235816,True
SOX30_HUMAN,51,80,Top 10% peptides selected (%),22.772277227722775,True
SOX30_HUMAN,51,80,Remaining Top10 Quality,0.9210912916045507,True
SOX30_HUMAN,51,120,Norm. Target Mean (Round),0.2172815402111646,True
SOX30_HUMAN,51,100,Norm. Target Mean (Cumulative),0.2945172519983402,True
SOX30_HUMAN,51,100,Top 10% peptides selected (%),22.772277227722775,True
SOX30_HUMAN,51,100,Remaining Top10 Quality,0.9253721682980454,True
SOX30_HUMAN,51,140,Norm. Target Mean (Round),0.43983748226325464,True
SOX30_HUMAN,51,120,Norm. Target Mean (Cumulative),0.2969263273369104,True
SOX30_HUMAN,51,120,Top 10% peptides selected (%),26.732673267326735,True
SOX30_HUMAN,51,120,Remaining Top10 Quality,0.912559518467333,True
SOX30_HUMAN,51,160,Norm. Target Mean (Round),0.29548502505413765,True
SOX30_HUMAN,51,140,Norm. Target Mean (Cumulative),0.34113581193996384,True
SOX30_HUMAN,51,140,Top 10% peptides selected (%),32.67326732673268,True
SOX30_HUMAN,51,140,Remaining Top10 Quality,0.9025510951479534,True
SOX30_HUMAN,51,180,Norm. Target Mean (Round),0.4592204524678519,True
SOX30_HUMAN,51,160,Norm. Target Mean (Cumulative),0.35242931676017764,True
SOX30_HUMAN,51,160,Top 10% peptides selected (%),34.65346534653465,True
SOX30_HUMAN,51,160,Remaining Top10 Quality,0.8984795426475995,True
SOX30_HUMAN,51,200,Norm. Target Mean (Round),0.4150402624510347,True
SOX30_HUMAN,51,180,Norm. Target Mean (Cumulative),0.3877656876375211,True
SOX30_HUMAN,51,180,Top 10% peptides selected (%),35.64356435643564,True
SOX30_HUMAN,51,180,Remaining Top10 Quality,0.8977743862757432,True
SOX30_HUMAN,51,200,Norm. Target Mean (Cumulative),0.41149288752907165,True
SOX30_HUMAN,51,200,Top 10% peptides selected (%),38.613861386138616,True
SOX30_HUMAN,51,200,Remaining Top10 Quality,0.8977743862757432,True
CellPPD,50,20,Enrichment Factor (Round),0.02682926829268295,True
CellPPD,50,40,Enrichment Factor (Round),1.2833333333333332,True
CellPPD,50,20,Enrichment Factor (Cumulative),0.02682926829268295,True
CellPPD,50,60,Enrichment Factor (Round),1.3588235294117648,True
CellPPD,50,40,Enrichment Factor (Cumulative),0.6543360433604335,True
CellPPD,50,80,Enrichment Factor (Round),1.44375,True
CellPPD,50,60,Enrichment Factor (Cumulative),0.8635049683830172,True
CellPPD,50,100,Enrichment Factor (Round),1.286,True
CellPPD,50,80,Enrichment Factor (Cumulative),0.9680894308943089,True
CellPPD,50,120,Enrichment Factor (Round),1.3680851063829786,True
CellPPD,50,100,Enrichment Factor (Cumulative),0.9852032520325202,True
CellPPD,50,140,Enrichment Factor (Round),1.5981060606060606,True
CellPPD,50,120,Enrichment Factor (Cumulative),0.9966124661246611,True
CellPPD,50,160,Enrichment Factor (Round),1.8653061224489798,True
CellPPD,50,140,Enrichment Factor (Cumulative),1.0210607820363915,True
CellPPD,50,180,Enrichment Factor (Round),2.031111111111111,True
CellPPD,50,160,Enrichment Factor (Cumulative),1.053658536585366,True
CellPPD,50,200,Enrichment Factor (Round),1.9063414634146345,True
CellPPD,50,180,Enrichment Factor (Cumulative),1.0790123456790122,True
CellPPD,50,200,Enrichment Factor (Cumulative),1.0764769647696477,True
YNZC_BACSU_sub,45,20,Norm. Target Mean (Round),-0.025824064841944723,True
YNZC_BACSU_sub,45,40,Norm. Target Mean (Round),0.25973905157502414,True
YNZC_BACSU_sub,45,20,Norm. Target Mean (Cumulative),-0.025824064841944723,True
YNZC_BACSU_sub,45,20,Top 10% peptides selected (%),1.7391304347826086,True
YNZC_BACSU_sub,45,20,Remaining Top10 Quality,0.9998789715839141,True
YNZC_BACSU_sub,45,60,Norm. Target Mean (Round),0.6203289328760884,True
YNZC_BACSU_sub,45,40,Norm. Target Mean (Cumulative),0.12622899674121102,True
YNZC_BACSU_sub,45,40,Top 10% peptides selected (%),3.0434782608695654,True
YNZC_BACSU_sub,45,40,Remaining Top10 Quality,0.9996433298933558,True
YNZC_BACSU_sub,45,80,Norm. Target Mean (Round),0.5040625512478842,True
YNZC_BACSU_sub,45,60,Norm. Target Mean (Cumulative),0.3209434576599498,True
YNZC_BACSU_sub,45,60,Top 10% peptides selected (%),6.956521739130435,True
YNZC_BACSU_sub,45,60,Remaining Top10 Quality,0.9956921002413072,True
YNZC_BACSU_sub,45,100,Norm. Target Mean (Round),0.4259518945151416,True
YNZC_BACSU_sub,45,80,Norm. Target Mean (Cumulative),0.3945874254563216,True
YNZC_BACSU_sub,45,80,Top 10% peptides selected (%),10.434782608695652,True
YNZC_BACSU_sub,45,80,Remaining Top10 Quality,0.9934132157130564,True
YNZC_BACSU_sub,45,120,Norm. Target Mean (Round),0.6090861295728071,True
YNZC_BACSU_sub,45,100,Norm. Target Mean (Cumulative),0.4248261765856023,True
YNZC_BACSU_sub,45,100,Top 10% peptides selected (%),15.217391304347828,True
YNZC_BACSU_sub,45,100,Remaining Top10 Quality,0.9880854092864755,True
YNZC_BACSU_sub,45,140,Norm. Target Mean (Round),0.5174415822881829,True
YNZC_BACSU_sub,45,120,Norm. Target Mean (Cumulative),0.4851040510124475,True
YNZC_BACSU_sub,45,120,Top 10% peptides selected (%),19.130434782608695,True
YNZC_BACSU_sub,45,120,Remaining Top10 Quality,0.9831929664901707,True
YNZC_BACSU_sub,45,160,Norm. Target Mean (Round),0.5515720399406232,True
YNZC_BACSU_sub,45,140,Norm. Target Mean (Cumulative),0.5144837247351735,True
YNZC_BACSU_sub,45,140,Top 10% peptides selected (%),23.043478260869566,True
YNZC_BACSU_sub,45,140,Remaining Top10 Quality,0.9743970458760712,True
YNZC_BACSU_sub,45,180,Norm. Target Mean (Round),0.5542335491865393,True
YNZC_BACSU_sub,45,160,Norm. Target Mean (Cumulative),0.5444908456776009,True
YNZC_BACSU_sub,45,160,Top 10% peptides selected (%),28.26086956521739,True
YNZC_BACSU_sub,45,160,Remaining Top10 Quality,0.9606352710649005,True
YNZC_BACSU_sub,45,200,Norm. Target Mean (Round),0.4269649440574208,True
YNZC_BACSU_sub,45,180,Norm. Target Mean (Cumulative),0.5702106729373635,True
YNZC_BACSU_sub,45,180,Top 10% peptides selected (%),32.608695652173914,True
YNZC_BACSU_sub,45,180,Remaining Top10 Quality,0.9475426142673244,True
YNZC_BACSU_sub,45,200,Norm. Target Mean (Cumulative),0.5744868103963319,True
YNZC_BACSU_sub,45,200,Top 10% peptides selected (%),34.78260869565217,True
YNZC_BACSU_sub,45,200,Remaining Top10 Quality,0.9475426142673244,True
ToxinPred3,51,20,Enrichment Factor (Round),0.07027027027027044,True
ToxinPred3,51,40,Enrichment Factor (Round),0.24993464052287573,True
ToxinPred3,51,20,Enrichment Factor (Cumulative),0.07027027027027044,True
ToxinPred3,51,60,Enrichment Factor (Round),0.34420772303595193,True
ToxinPred3,51,40,Enrichment Factor (Cumulative),0.1594594594594596,True
ToxinPred3,51,80,Enrichment Factor (Round),0.35122282608695654,True
ToxinPred3,51,60,Enrichment Factor (Cumulative),0.21891891891891913,True
ToxinPred3,51,100,Enrichment Factor (Round),0.5396671289875172,True
ToxinPred3,51,80,Enrichment Factor (Cumulative),0.24864864864864877,True
ToxinPred3,51,120,Enrichment Factor (Round),0.37002840909090917,True
ToxinPred3,51,100,Enrichment Factor (Cumulative),0.3021621621621622,True
ToxinPred3,51,140,Enrichment Factor (Round),0.6537010159651668,True
ToxinPred3,51,120,Enrichment Factor (Cumulative),0.30810810810810807,True
ToxinPred3,51,160,Enrichment Factor (Round),0.4855439642324888,True
ToxinPred3,51,140,Enrichment Factor (Cumulative),0.3505791505791507,True
ToxinPred3,51,180,Enrichment Factor (Round),0.8717557251908397,True
ToxinPred3,51,160,Enrichment Factor (Cumulative),0.3601351351351352,True
ToxinPred3,51,200,Enrichment Factor (Round),0.8992125984251969,True
ToxinPred3,51,180,Enrichment Factor (Cumulative),0.40720720720720727,True
ToxinPred3,51,200,Enrichment Factor (Cumulative),0.4448648648648652,True
YNZC_BACSU_sub,43,20,Norm. Target Mean (Round),0.02517837014730032,True
YNZC_BACSU_sub,43,40,Norm. Target Mean (Round),0.36110747193879295,True
YNZC_BACSU_sub,43,20,Norm. Target Mean (Cumulative),0.02517837014730032,True
YNZC_BACSU_sub,43,20,Top 10% peptides selected (%),0.8695652173913043,True
YNZC_BACSU_sub,43,20,Remaining Top10 Quality,0.9993932897562959,True
YNZC_BACSU_sub,43,60,Norm. Target Mean (Round),0.42889753469404623,True
YNZC_BACSU_sub,43,40,Norm. Target Mean (Cumulative),0.2075789390250855,True
YNZC_BACSU_sub,43,40,Top 10% peptides selected (%),2.608695652173913,True
YNZC_BACSU_sub,43,40,Remaining Top10 Quality,0.9981978236338022,True
YNZC_BACSU_sub,43,80,Norm. Target Mean (Round),0.5633066839308366,True
YNZC_BACSU_sub,43,60,Norm. Target Mean (Cumulative),0.30471508151917753,True
YNZC_BACSU_sub,43,60,Top 10% peptides selected (%),4.3478260869565215,True
YNZC_BACSU_sub,43,60,Remaining Top10 Quality,0.9973328097087135,True
YNZC_BACSU_sub,43,100,Norm. Target Mean (Round),0.41124904676636553,True
YNZC_BACSU_sub,43,80,Norm. Target Mean (Cumulative),0.39890719277150644,True
YNZC_BACSU_sub,43,80,Top 10% peptides selected (%),7.82608695652174,True
YNZC_BACSU_sub,43,80,Remaining Top10 Quality,0.9953281973450376,True
YNZC_BACSU_sub,43,120,Norm. Target Mean (Round),0.5688786187690505,True
YNZC_BACSU_sub,43,100,Norm. Target Mean (Cumulative),0.42446423139831696,True
YNZC_BACSU_sub,43,100,Top 10% peptides selected (%),10.0,True
YNZC_BACSU_sub,43,100,Remaining Top10 Quality,0.9962653748446898,True
YNZC_BACSU_sub,43,140,Norm. Target Mean (Round),0.6422977487008339,True
YNZC_BACSU_sub,43,120,Norm. Target Mean (Cumulative),0.47606673011061,True
YNZC_BACSU_sub,43,120,Top 10% peptides selected (%),13.043478260869565,True
YNZC_BACSU_sub,43,120,Remaining Top10 Quality,0.9934725124341399,True
YNZC_BACSU_sub,43,160,Norm. Target Mean (Round),0.5106207741451819,True
YNZC_BACSU_sub,43,140,Norm. Target Mean (Cumulative),0.5289983344180881,True
YNZC_BACSU_sub,43,140,Top 10% peptides selected (%),18.695652173913043,True
YNZC_BACSU_sub,43,140,Remaining Top10 Quality,0.9882264342708056,True
YNZC_BACSU_sub,43,180,Norm. Target Mean (Round),0.6087337067884692,True
YNZC_BACSU_sub,43,160,Norm. Target Mean (Cumulative),0.5505543133679902,True
YNZC_BACSU_sub,43,160,Top 10% peptides selected (%),23.91304347826087,True
YNZC_BACSU_sub,43,160,Remaining Top10 Quality,0.9766313740309964,True
YNZC_BACSU_sub,43,200,Norm. Target Mean (Round),0.5125961724156727,True
YNZC_BACSU_sub,43,180,Norm. Target Mean (Cumulative),0.583607421182426,True
YNZC_BACSU_sub,43,180,Top 10% peptides selected (%),29.130434782608695,True
YNZC_BACSU_sub,43,180,Remaining Top10 Quality,0.9615563563402393,True
YNZC_BACSU_sub,43,200,Norm. Target Mean (Cumulative),0.5987043675215823,True
YNZC_BACSU_sub,43,200,Top 10% peptides selected (%),33.04347826086956,True
YNZC_BACSU_sub,43,200,Remaining Top10 Quality,0.9615563563402393,True
A0A247D711_LISMN,42,20,Norm. Target Mean (Round),-0.06815899818229003,True
A0A247D711_LISMN,42,40,Norm. Target Mean (Round),0.33016308645577735,True
A0A247D711_LISMN,42,20,Norm. Target Mean (Cumulative),-0.06815899818229003,True
A0A247D711_LISMN,42,20,Top 10% peptides selected (%),0.6024096385542169,True
A0A247D711_LISMN,42,20,Remaining Top10 Quality,1.0008023712185492,True
A0A247D711_LISMN,42,60,Norm. Target Mean (Round),0.27354163431599415,True
A0A247D711_LISMN,42,40,Norm. Target Mean (Cumulative),0.13431385827080414,True
A0A247D711_LISMN,42,40,Top 10% peptides selected (%),2.4096385542168677,True
A0A247D711_LISMN,42,40,Remaining Top10 Quality,1.0010059743374369,True
A0A247D711_LISMN,42,80,Norm. Target Mean (Round),0.1989190841959088,True
A0A247D711_LISMN,42,60,Norm. Target Mean (Cumulative),0.18567662160164194,True
A0A247D711_LISMN,42,60,Top 10% peptides selected (%),3.614457831325301,True
A0A247D711_LISMN,42,60,Remaining Top10 Quality,1.0007416868535013,True
A0A247D711_LISMN,42,100,Norm. Target Mean (Round),-0.890850103038477,True
A0A247D711_LISMN,42,80,Norm. Target Mean (Cumulative),0.19357199006533227,True
A0A247D711_LISMN,42,80,Top 10% peptides selected (%),6.024096385542169,True
A0A247D711_LISMN,42,80,Remaining Top10 Quality,0.9995723839518517,True
A0A247D711_LISMN,42,120,Norm. Target Mean (Round),0.30226196413461237,True
A0A247D711_LISMN,42,100,Norm. Target Mean (Cumulative),-0.03917035156727392,True
A0A247D711_LISMN,42,100,Top 10% peptides selected (%),6.024096385542169,True
A0A247D711_LISMN,42,100,Remaining Top10 Quality,1.0010142442057115,True
A0A247D711_LISMN,42,140,Norm. Target Mean (Round),0.1797704845766161,True
A0A247D711_LISMN,42,120,Norm. Target Mean (Cumulative),0.022606458932622583,True
A0A247D711_LISMN,42,120,Top 10% peptides selected (%),7.228915662650602,True
A0A247D711_LISMN,42,120,Remaining Top10 Quality,0.9990808810620706,True
A0A247D711_LISMN,42,160,Norm. Target Mean (Round),0.25226721476392866,True
A0A247D711_LISMN,42,140,Norm. Target Mean (Cumulative),0.048048006511101006,True
A0A247D711_LISMN,42,140,Top 10% peptides selected (%),7.83132530120482,True
A0A247D711_LISMN,42,140,Remaining Top10 Quality,0.9994965728142524,True
A0A247D711_LISMN,42,180,Norm. Target Mean (Round),0.2194857711637275,True
A0A247D711_LISMN,42,160,Norm. Target Mean (Cumulative),0.0778107038739127,True
A0A247D711_LISMN,42,160,Top 10% peptides selected (%),9.63855421686747,True
A0A247D711_LISMN,42,160,Remaining Top10 Quality,0.9977535713970529,True
A0A247D711_LISMN,42,200,Norm. Target Mean (Round),-0.1577687130388775,True
A0A247D711_LISMN,42,180,Norm. Target Mean (Cumulative),0.09716017384348266,True
A0A247D711_LISMN,42,180,Top 10% peptides selected (%),12.048192771084338,True
A0A247D711_LISMN,42,180,Remaining Top10 Quality,0.9962998589528528,True
A0A247D711_LISMN,42,200,Norm. Target Mean (Cumulative),0.06903857198792979,True
A0A247D711_LISMN,42,200,Top 10% peptides selected (%),12.048192771084338,True
A0A247D711_LISMN,42,200,Remaining Top10 Quality,0.9962998589528528,True
CellPPD,46,20,Enrichment Factor (Round),0.02682926829268295,True
CellPPD,46,40,Enrichment Factor (Round),1.1691666666666665,True
CellPPD,46,20,Enrichment Factor (Cumulative),0.02682926829268295,True
CellPPD,46,60,Enrichment Factor (Round),1.2343108504398828,True
CellPPD,46,40,Enrichment Factor (Cumulative),0.5972899728997287,True
CellPPD,46,80,Enrichment Factor (Round),1.4285714285714288,True
CellPPD,46,60,Enrichment Factor (Cumulative),0.7874435411020777,True
CellPPD,46,100,Enrichment Factor (Round),1.52317880794702,True
CellPPD,46,80,Enrichment Factor (Cumulative),0.9110433604336043,True
CellPPD,46,120,Enrichment Factor (Round),1.499645390070922,True
CellPPD,46,100,Enrichment Factor (Cumulative),0.9852032520325202,True
CellPPD,46,140,Enrichment Factor (Round),1.745247148288973,True
CellPPD,46,120,Enrichment Factor (Cumulative),1.015627822944896,True
CellPPD,46,160,Enrichment Factor (Round),1.7444444444444445,True
CellPPD,46,140,Enrichment Factor (Cumulative),1.053658536585366,True
CellPPD,46,180,Enrichment Factor (Round),2.044642857142857,True
CellPPD,46,160,Enrichment Factor (Cumulative),1.0679200542005418,True
CellPPD,46,200,Enrichment Factor (Round),2.082843137254902,True
CellPPD,46,180,Enrichment Factor (Cumulative),1.0916892502258353,True
CellPPD,46,200,Enrichment Factor (Cumulative),1.0992953929539295,True
SOX30_HUMAN,48,20,Norm. Target Mean (Round),0.2664717648335974,True
SOX30_HUMAN,48,40,Norm. Target Mean (Round),0.10829326792389893,True
SOX30_HUMAN,48,20,Norm. Target Mean (Cumulative),0.2664717648335974,True
SOX30_HUMAN,48,20,Top 10% peptides selected (%),2.9702970297029703,True
SOX30_HUMAN,48,20,Remaining Top10 Quality,0.9968530212783633,True
SOX30_HUMAN,48,60,Norm. Target Mean (Round),-0.22559688049105223,True
SOX30_HUMAN,48,40,Norm. Target Mean (Cumulative),0.20431007518541874,True
SOX30_HUMAN,48,40,Top 10% peptides selected (%),5.9405940594059405,True
SOX30_HUMAN,48,40,Remaining Top10 Quality,0.9946846230952524,True
SOX30_HUMAN,48,80,Norm. Target Mean (Round),0.32580989778345343,True
SOX30_HUMAN,48,60,Norm. Target Mean (Cumulative),0.054633591611355996,True
SOX30_HUMAN,48,60,Top 10% peptides selected (%),5.9405940594059405,True
SOX30_HUMAN,48,60,Remaining Top10 Quality,0.9996236390176086,True
SOX30_HUMAN,48,100,Norm. Target Mean (Round),-0.7988584157909527,True
SOX30_HUMAN,48,80,Norm. Target Mean (Cumulative),0.14622543099028318,True
SOX30_HUMAN,48,80,Top 10% peptides selected (%),9.900990099009901,True
SOX30_HUMAN,48,80,Remaining Top10 Quality,0.9953685421513355,True
SOX30_HUMAN,48,120,Norm. Target Mean (Round),-0.015543850166806834,True
SOX30_HUMAN,48,100,Norm. Target Mean (Cumulative),-0.09330677344416276,True
SOX30_HUMAN,48,100,Top 10% peptides selected (%),10.891089108910892,True
SOX30_HUMAN,48,100,Remaining Top10 Quality,0.996435400790324,True
SOX30_HUMAN,48,140,Norm. Target Mean (Round),0.36160403832041005,True
SOX30_HUMAN,48,120,Norm. Target Mean (Cumulative),-0.08297415432711562,True
SOX30_HUMAN,48,120,Top 10% peptides selected (%),15.841584158415841,True
SOX30_HUMAN,48,120,Remaining Top10 Quality,0.9891439717736997,True
SOX30_HUMAN,48,160,Norm. Target Mean (Round),0.2644247134715316,True
SOX30_HUMAN,48,140,Norm. Target Mean (Cumulative),0.000899955056608224,True
SOX30_HUMAN,48,140,Top 10% peptides selected (%),20.792079207920793,True
SOX30_HUMAN,48,140,Remaining Top10 Quality,0.9712193993410888,True
SOX30_HUMAN,48,180,Norm. Target Mean (Round),0.2909783886527553,True
SOX30_HUMAN,48,160,Norm. Target Mean (Cumulative),0.0477110795163025,True
SOX30_HUMAN,48,160,Top 10% peptides selected (%),25.742574257425744,True
SOX30_HUMAN,48,160,Remaining Top10 Quality,0.9618051466745833,True
SOX30_HUMAN,48,200,Norm. Target Mean (Round),0.39731743123546326,True
SOX30_HUMAN,48,180,Norm. Target Mean (Cumulative),0.09000037817245744,True
SOX30_HUMAN,48,180,Top 10% peptides selected (%),30.693069306930692,True
SOX30_HUMAN,48,180,Remaining Top10 Quality,0.9498260643724714,True
SOX30_HUMAN,48,200,Norm. Target Mean (Cumulative),0.14100883761093067,True
SOX30_HUMAN,48,200,Top 10% peptides selected (%),34.65346534653465,True
SOX30_HUMAN,48,200,Remaining Top10 Quality,0.9498260643724714,True
ToxinPred3,45,20,Enrichment Factor (Round),-0.018918918918918726,True
ToxinPred3,45,40,Enrichment Factor (Round),0.5157963446475196,True
ToxinPred3,45,20,Enrichment Factor (Cumulative),-0.018918918918918726,True
ToxinPred3,45,60,Enrichment Factor (Round),0.6173564753004006,True
ToxinPred3,45,40,Enrichment Factor (Cumulative),0.24864864864864877,True
ToxinPred3,45,80,Enrichment Factor (Round),0.7232558139534881,True
ToxinPred3,45,60,Enrichment Factor (Cumulative),0.3675675675675678,True
ToxinPred3,45,100,Enrichment Factor (Round),0.6508426966292138,True
ToxinPred3,45,80,Enrichment Factor (Cumulative),0.44932432432432456,True
ToxinPred3,45,120,Enrichment Factor (Round),0.7603746397694522,True
ToxinPred3,45,100,Enrichment Factor (Cumulative),0.4805405405405405,True
ToxinPred3,45,140,Enrichment Factor (Round),0.7817777777777777,True
ToxinPred3,45,120,Enrichment Factor (Cumulative),0.5162162162162163,True
ToxinPred3,45,160,Enrichment Factor (Round),0.4245426829268293,True
ToxinPred3,45,140,Enrichment Factor (Cumulative),0.541698841698842,True
ToxinPred3,45,180,Enrichment Factor (Round),0.7213728549141964,True
ToxinPred3,45,160,Enrichment Factor (Cumulative),0.5162162162162163,True
ToxinPred3,45,200,Enrichment Factor (Round),0.4518459069020866,True
ToxinPred3,45,180,Enrichment Factor (Cumulative),0.5261261261261263,True
ToxinPred3,45,200,Enrichment Factor (Cumulative),0.5072972972972973,True
ToxinPred3,44,20,Enrichment Factor (Round),-0.108108108108108,True
ToxinPred3,44,40,Enrichment Factor (Round),0.6919165580182529,True
ToxinPred3,44,20,Enrichment Factor (Cumulative),-0.108108108108108,True
ToxinPred3,44,60,Enrichment Factor (Round),0.61951871657754,True
ToxinPred3,44,40,Enrichment Factor (Cumulative),0.29324324324324325,True
ToxinPred3,44,80,Enrichment Factor (Round),0.5439726027397258,True
ToxinPred3,44,60,Enrichment Factor (Cumulative),0.39729729729729746,True
ToxinPred3,44,100,Enrichment Factor (Round),0.6485273492286114,True
ToxinPred3,44,80,Enrichment Factor (Cumulative),0.42702702702702733,True
ToxinPred3,44,120,Enrichment Factor (Round),0.38776978417266195,True
ToxinPred3,44,100,Enrichment Factor (Cumulative),0.46270270270270286,True
ToxinPred3,44,140,Enrichment Factor (Round),-0.3483823529411766,True
ToxinPred3,44,120,Enrichment Factor (Cumulative),0.44189189189189215,True
ToxinPred3,44,160,Enrichment Factor (Round),0.48112927191679056,True
ToxinPred3,44,140,Enrichment Factor (Cumulative),0.3250965250965252,True
ToxinPred3,44,180,Enrichment Factor (Round),0.6794520547945204,True
ToxinPred3,44,160,Enrichment Factor (Cumulative),0.33783783783783794,True
ToxinPred3,44,200,Enrichment Factor (Round),0.5098591549295777,True
ToxinPred3,44,180,Enrichment Factor (Cumulative),0.3675675675675678,True
ToxinPred3,44,200,Enrichment Factor (Cumulative),0.3735135135135137,True
CellPPD,45,20,Enrichment Factor (Round),-0.3154471544715448,True
CellPPD,45,40,Enrichment Factor (Round),1.1512396694214875,True
CellPPD,45,20,Enrichment Factor (Cumulative),-0.3154471544715448,True
CellPPD,45,60,Enrichment Factor (Round),1.3313953488372094,True
CellPPD,45,40,Enrichment Factor (Cumulative),0.42615176151761514,True
CellPPD,45,80,Enrichment Factor (Round),1.2929012345679012,True
CellPPD,45,60,Enrichment Factor (Cumulative),0.7113821138211383,True
CellPPD,45,100,Enrichment Factor (Round),1.498360655737705,True
CellPPD,45,80,Enrichment Factor (Cumulative),0.8254742547425475,True
CellPPD,45,120,Enrichment Factor (Round),1.343157894736842,True
CellPPD,45,100,Enrichment Factor (Cumulative),0.9167479674796746,True
CellPPD,45,140,Enrichment Factor (Round),1.7041198501872659,True
CellPPD,45,120,Enrichment Factor (Cumulative),0.9395663956639566,True
CellPPD,45,160,Enrichment Factor (Round),1.5578947368421052,True
CellPPD,45,140,Enrichment Factor (Cumulative),0.9884630274874178,True
CellPPD,45,180,Enrichment Factor (Round),1.8292576419213975,True
CellPPD,45,160,Enrichment Factor (Cumulative),0.9966124661246611,True
CellPPD,45,200,Enrichment Factor (Round),1.9947619047619045,True
CellPPD,45,180,Enrichment Factor (Cumulative),1.015627822944896,True
CellPPD,45,200,Enrichment Factor (Cumulative),1.030840108401084,True
CellPPD,49,20,Enrichment Factor (Round),-0.08726287262872623,True
CellPPD,49,40,Enrichment Factor (Round),1.2770083102493075,True
CellPPD,49,20,Enrichment Factor (Cumulative),-0.08726287262872623,True
CellPPD,49,60,Enrichment Factor (Round),1.3519061583577714,True
CellPPD,49,40,Enrichment Factor (Cumulative),0.5972899728997287,True
CellPPD,49,80,Enrichment Factor (Round),1.3143302180685357,True
CellPPD,49,60,Enrichment Factor (Cumulative),0.8254742547425475,True
CellPPD,49,100,Enrichment Factor (Round),1.3970198675496688,True
CellPPD,49,80,Enrichment Factor (Cumulative),0.9110433604336043,True
CellPPD,49,120,Enrichment Factor (Round),0.9664310954063604,True
CellPPD,49,100,Enrichment Factor (Cumulative),0.9623848238482384,True
CellPPD,49,140,Enrichment Factor (Round),1.5593283582089552,True
CellPPD,49,120,Enrichment Factor (Cumulative),0.9205510388437217,True
CellPPD,49,160,Enrichment Factor (Round),1.819277108433735,True
CellPPD,49,140,Enrichment Factor (Cumulative),0.9558652729384436,True
CellPPD,49,180,Enrichment Factor (Round),1.6803493449781661,True
CellPPD,49,160,Enrichment Factor (Cumulative),0.9966124661246611,True
CellPPD,49,200,Enrichment Factor (Round),2.1374407582938386,True
CellPPD,49,180,Enrichment Factor (Cumulative),1.002950918398073,True
CellPPD,49,200,Enrichment Factor (Cumulative),1.030840108401084,True
CellPPD,48,20,Enrichment Factor (Round),0.14092140921409202,True
CellPPD,48,40,Enrichment Factor (Round),1.2896935933147633,True
CellPPD,48,20,Enrichment Factor (Cumulative),0.14092140921409202,True
CellPPD,48,60,Enrichment Factor (Round),1.3657817109144545,True
CellPPD,48,40,Enrichment Factor (Cumulative),0.7113821138211383,True
CellPPD,48,80,Enrichment Factor (Round),1.4514106583072097,True
CellPPD,48,60,Enrichment Factor (Cumulative),0.901535682023487,True
CellPPD,48,100,Enrichment Factor (Round),1.548494983277592,True
CellPPD,48,80,Enrichment Factor (Cumulative),0.9966124661246611,True
CellPPD,48,120,Enrichment Factor (Round),1.3935483870967742,True
CellPPD,48,100,Enrichment Factor (Cumulative),1.053658536585366,True
CellPPD,48,140,Enrichment Factor (Round),1.6279693486590037,True
CellPPD,48,120,Enrichment Factor (Cumulative),1.053658536585366,True
CellPPD,48,160,Enrichment Factor (Round),1.755785123966942,True
CellPPD,48,140,Enrichment Factor (Cumulative),1.0699574138598527,True
CellPPD,48,180,Enrichment Factor (Round),1.9053811659192825,True
CellPPD,48,160,Enrichment Factor (Cumulative),1.0821815718157182,True
CellPPD,48,200,Enrichment Factor (Round),1.920588235294118,True
CellPPD,48,180,Enrichment Factor (Cumulative),1.0916892502258353,True
CellPPD,48,200,Enrichment Factor (Cumulative),1.0878861788617886,True
CellPPD,47,20,Enrichment Factor (Round),-0.08726287262872623,True
CellPPD,47,40,Enrichment Factor (Round),1.2770083102493075,True
CellPPD,47,20,Enrichment Factor (Cumulative),-0.08726287262872623,True
CellPPD,47,60,Enrichment Factor (Round),1.3519061583577714,True
CellPPD,47,40,Enrichment Factor (Cumulative),0.5972899728997287,True
CellPPD,47,80,Enrichment Factor (Round),1.4361370716510904,True
CellPPD,47,60,Enrichment Factor (Cumulative),0.8254742547425475,True
CellPPD,47,100,Enrichment Factor (Round),1.4049833887043186,True
CellPPD,47,80,Enrichment Factor (Cumulative),0.9395663956639566,True
CellPPD,47,120,Enrichment Factor (Round),1.6312056737588652,True
CellPPD,47,100,Enrichment Factor (Cumulative),0.9852032520325202,True
CellPPD,47,140,Enrichment Factor (Round),1.6179389312977102,True
CellPPD,47,120,Enrichment Factor (Cumulative),1.0346431797651312,True
CellPPD,47,160,Enrichment Factor (Round),1.6,True
CellPPD,47,140,Enrichment Factor (Cumulative),1.053658536585366,True
CellPPD,47,180,Enrichment Factor (Round),0.8186666666666667,True
CellPPD,47,160,Enrichment Factor (Cumulative),1.053658536585366,True
CellPPD,47,200,Enrichment Factor (Round),1.6417840375586854,True
CellPPD,47,180,Enrichment Factor (Cumulative),0.9775971093044264,True
CellPPD,47,200,Enrichment Factor (Cumulative),0.9737940379403793,True
CellPPD,44,20,Enrichment Factor (Round),0.02682926829268295,True
CellPPD,44,40,Enrichment Factor (Round),1.1691666666666665,True
CellPPD,44,20,Enrichment Factor (Cumulative),0.02682926829268295,True
CellPPD,44,60,Enrichment Factor (Round),1.3519061583577714,True
CellPPD,44,40,Enrichment Factor (Cumulative),0.5972899728997287,True
CellPPD,44,80,Enrichment Factor (Round),1.4361370716510904,True
CellPPD,44,60,Enrichment Factor (Cumulative),0.8254742547425475,True
CellPPD,44,100,Enrichment Factor (Round),1.5315614617940199,True
CellPPD,44,80,Enrichment Factor (Cumulative),0.9395663956639566,True
CellPPD,44,120,Enrichment Factor (Round),1.3765124555160142,True
CellPPD,44,100,Enrichment Factor (Cumulative),1.0080216802168023,True
CellPPD,44,140,Enrichment Factor (Round),1.745247148288973,True
CellPPD,44,120,Enrichment Factor (Cumulative),1.015627822944896,True
CellPPD,44,160,Enrichment Factor (Round),1.7444444444444445,True
CellPPD,44,140,Enrichment Factor (Cumulative),1.053658536585366,True
CellPPD,44,180,Enrichment Factor (Round),1.435714285714286,True
CellPPD,44,160,Enrichment Factor (Cumulative),1.0679200542005418,True
CellPPD,44,200,Enrichment Factor (Round),2.0235576923076923,True
CellPPD,44,180,Enrichment Factor (Cumulative),1.0409816320385428,True
CellPPD,44,200,Enrichment Factor (Cumulative),1.053658536585366,True
CellPPD,43,20,Enrichment Factor (Round),-0.5436314363143631,True
CellPPD,43,40,Enrichment Factor (Round),1.2520547945205478,True
CellPPD,43,20,Enrichment Factor (Cumulative),-0.5436314363143631,True
CellPPD,43,60,Enrichment Factor (Round),0.8597101449275362,True
CellPPD,43,40,Enrichment Factor (Cumulative),0.3691056910569104,True
CellPPD,43,80,Enrichment Factor (Round),1.020364741641337,True
CellPPD,43,60,Enrichment Factor (Cumulative),0.5212285456187893,True
CellPPD,43,100,Enrichment Factor (Round),1.1980769230769233,True
CellPPD,43,80,Enrichment Factor (Cumulative),0.6258130081300812,True
CellPPD,43,120,Enrichment Factor (Round),1.3976190476190475,True
CellPPD,43,100,Enrichment Factor (Cumulative),0.7113821138211383,True
CellPPD,43,140,Enrichment Factor (Round),1.494181818181818,True
CellPPD,43,120,Enrichment Factor (Cumulative),0.7874435411020777,True
CellPPD,43,160,Enrichment Factor (Round),1.7421875,True
CellPPD,43,140,Enrichment Factor (Cumulative),0.8417731320170345,True
CellPPD,43,180,Enrichment Factor (Round),1.6008474576271183,True
CellPPD,43,160,Enrichment Factor (Cumulative),0.8967818428184282,True
CellPPD,43,200,Enrichment Factor (Round),1.2775229357798166,True
CellPPD,43,180,Enrichment Factor (Cumulative),0.9142125865703101,True
CellPPD,43,200,Enrichment Factor (Cumulative),0.8939295392953928,True
CellPPD,42,20,Enrichment Factor (Round),0.14092140921409202,True
CellPPD,42,40,Enrichment Factor (Round),1.2896935933147633,True
CellPPD,42,20,Enrichment Factor (Cumulative),0.14092140921409202,True
CellPPD,42,60,Enrichment Factor (Round),1.2474926253687317,True
CellPPD,42,40,Enrichment Factor (Cumulative),0.7113821138211383,True
CellPPD,42,80,Enrichment Factor (Round),1.44375,True
CellPPD,42,60,Enrichment Factor (Cumulative),0.8635049683830172,True
CellPPD,42,100,Enrichment Factor (Round),1.286,True
CellPPD,42,80,Enrichment Factor (Cumulative),0.9680894308943089,True
CellPPD,42,120,Enrichment Factor (Round),1.499645390070922,True
CellPPD,42,100,Enrichment Factor (Cumulative),0.9852032520325202,True
CellPPD,42,140,Enrichment Factor (Round),1.6079847908745246,True
CellPPD,42,120,Enrichment Factor (Cumulative),1.015627822944896,True
CellPPD,42,160,Enrichment Factor (Round),1.733196721311475,True
CellPPD,42,140,Enrichment Factor (Cumulative),1.0373596593108787,True
CellPPD,42,180,Enrichment Factor (Round),1.5764444444444443,True
CellPPD,42,160,Enrichment Factor (Cumulative),1.053658536585366,True
CellPPD,42,200,Enrichment Factor (Round),1.5461538461538464,True
CellPPD,42,180,Enrichment Factor (Cumulative),1.0409816320385428,True
CellPPD,42,200,Enrichment Factor (Cumulative),1.0194308943089432,True
CellPPD,51,20,Enrichment Factor (Round),0.02682926829268295,True
CellPPD,51,40,Enrichment Factor (Round),1.2833333333333332,True
CellPPD,51,20,Enrichment Factor (Cumulative),0.02682926829268295,True
CellPPD,51,60,Enrichment Factor (Round),1.3588235294117648,True
CellPPD,51,40,Enrichment Factor (Cumulative),0.6543360433604335,True
CellPPD,51,80,Enrichment Factor (Round),1.3215624999999998,True
CellPPD,51,60,Enrichment Factor (Cumulative),0.8635049683830172,True
CellPPD,51,100,Enrichment Factor (Round),1.4049833887043186,True
CellPPD,51,80,Enrichment Factor (Cumulative),0.9395663956639566,True
CellPPD,51,120,Enrichment Factor (Round),1.499645390070922,True
CellPPD,51,100,Enrichment Factor (Cumulative),0.9852032520325202,True
CellPPD,51,140,Enrichment Factor (Round),1.6079847908745246,True
CellPPD,51,120,Enrichment Factor (Cumulative),1.015627822944896,True
CellPPD,51,160,Enrichment Factor (Round),1.3016393442622949,True
CellPPD,51,140,Enrichment Factor (Cumulative),1.0373596593108787,True
CellPPD,51,180,Enrichment Factor (Round),1.6921052631578948,True
CellPPD,51,160,Enrichment Factor (Cumulative),1.0108739837398373,True
CellPPD,51,200,Enrichment Factor (Round),2.1523809523809523,True
CellPPD,51,180,Enrichment Factor (Cumulative),1.015627822944896,True
CellPPD,51,200,Enrichment Factor (Cumulative),1.042249322493225,True
ToxinPred3,50,20,Enrichment Factor (Round),0.33783783783783794,True
ToxinPred3,50,40,Enrichment Factor (Round),0.5237532808398948,True
ToxinPred3,50,20,Enrichment Factor (Cumulative),0.33783783783783794,True
ToxinPred3,50,60,Enrichment Factor (Round),0.5357046979865772,True
ToxinPred3,50,40,Enrichment Factor (Cumulative),0.42702702702702733,True
ToxinPred3,50,80,Enrichment Factor (Round),0.3660714285714284,True
ToxinPred3,50,60,Enrichment Factor (Cumulative),0.456756756756757,True
ToxinPred3,50,100,Enrichment Factor (Round),0.37377279102384287,True
ToxinPred3,50,80,Enrichment Factor (Cumulative),0.42702702702702733,True
ToxinPred3,50,120,Enrichment Factor (Round),0.4739255014326649,True
ToxinPred3,50,100,Enrichment Factor (Cumulative),0.40918918918918945,True
ToxinPred3,50,140,Enrichment Factor (Round),0.6706744868035193,True
ToxinPred3,50,120,Enrichment Factor (Cumulative),0.4121621621621623,True
ToxinPred3,50,160,Enrichment Factor (Round),0.782680722891566,True
ToxinPred3,50,140,Enrichment Factor (Cumulative),0.43976833976833984,True
ToxinPred3,50,180,Enrichment Factor (Round),0.615658914728682,True
ToxinPred3,50,160,Enrichment Factor (Cumulative),0.4716216216216216,True
ToxinPred3,50,200,Enrichment Factor (Round),0.8243630573248408,True
ToxinPred3,50,180,Enrichment Factor (Cumulative),0.4765765765765766,True
ToxinPred3,50,200,Enrichment Factor (Cumulative),0.4983783783783784,True
ToxinPred3,43,20,Enrichment Factor (Round),0.1594594594594596,True
ToxinPred3,43,40,Enrichment Factor (Round),0.34096858638743455,True
ToxinPred3,43,20,Enrichment Factor (Cumulative),0.1594594594594596,True
ToxinPred3,43,60,Enrichment Factor (Round),0.7072096128170893,True
ToxinPred3,43,40,Enrichment Factor (Cumulative),0.24864864864864877,True
ToxinPred3,43,80,Enrichment Factor (Round),0.7256164383561641,True
ToxinPred3,43,60,Enrichment Factor (Cumulative),0.39729729729729746,True
ToxinPred3,43,100,Enrichment Factor (Round),0.6531645569620255,True
ToxinPred3,43,80,Enrichment Factor (Cumulative),0.4716216216216216,True
ToxinPred3,43,120,Enrichment Factor (Round),0.5773448773448773,True
ToxinPred3,43,100,Enrichment Factor (Cumulative),0.4983783783783784,True
ToxinPred3,43,140,Enrichment Factor (Round),0.5918639053254435,True
ToxinPred3,43,120,Enrichment Factor (Cumulative),0.5013513513513514,True
ToxinPred3,43,160,Enrichment Factor (Round),0.7962063732928679,True
ToxinPred3,43,140,Enrichment Factor (Cumulative),0.5034749034749035,True
ToxinPred3,43,180,Enrichment Factor (Round),0.43671875000000004,True
ToxinPred3,43,160,Enrichment Factor (Cumulative),0.527364864864865,True
ToxinPred3,43,200,Enrichment Factor (Round),0.73664,True
ToxinPred3,43,180,Enrichment Factor (Cumulative),0.5063063063063065,True
ToxinPred3,43,200,Enrichment Factor (Cumulative),0.5162162162162163,True
ToxinPred3,48,20,Enrichment Factor (Round),-0.018918918918918726,True
ToxinPred3,48,40,Enrichment Factor (Round),0.6049608355091385,True
ToxinPred3,48,20,Enrichment Factor (Cumulative),-0.018918918918918726,True
ToxinPred3,48,60,Enrichment Factor (Round),0.61951871657754,True
ToxinPred3,48,40,Enrichment Factor (Cumulative),0.29324324324324325,True
ToxinPred3,48,80,Enrichment Factor (Round),0.18068493150684928,True
ToxinPred3,48,60,Enrichment Factor (Cumulative),0.39729729729729746,True
ToxinPred3,48,100,Enrichment Factor (Round),0.7304044630404463,True
ToxinPred3,48,80,Enrichment Factor (Cumulative),0.33783783783783794,True
ToxinPred3,48,120,Enrichment Factor (Round),0.38180515759312317,True
ToxinPred3,48,100,Enrichment Factor (Cumulative),0.40918918918918945,True
ToxinPred3,48,140,Enrichment Factor (Round),0.482869692532943,True
ToxinPred3,48,120,Enrichment Factor (Cumulative),0.39729729729729746,True
ToxinPred3,48,160,Enrichment Factor (Round),0.401049475262369,True
ToxinPred3,48,140,Enrichment Factor (Cumulative),0.40154440154440163,True
ToxinPred3,48,180,Enrichment Factor (Round),0.7863496932515339,True
ToxinPred3,48,160,Enrichment Factor (Cumulative),0.39358108108108114,True
ToxinPred3,48,200,Enrichment Factor (Round),0.5241706161137443,True
ToxinPred3,48,180,Enrichment Factor (Cumulative),0.42702702702702733,True
ToxinPred3,48,200,Enrichment Factor (Cumulative),0.42702702702702733,True
ToxinPred3,46,20,Enrichment Factor (Round),-0.018918918918918726,True
ToxinPred3,46,40,Enrichment Factor (Round),-0.3758485639686684,True
ToxinPred3,46,20,Enrichment Factor (Cumulative),-0.018918918918918726,True
ToxinPred3,46,60,Enrichment Factor (Round),0.5960474308300396,True
ToxinPred3,46,40,Enrichment Factor (Cumulative),-0.19729729729729717,True
ToxinPred3,46,80,Enrichment Factor (Round),0.2526315789473683,True
ToxinPred3,46,60,Enrichment Factor (Cumulative),0.07027027027027044,True
ToxinPred3,46,100,Enrichment Factor (Round),0.4371389270976618,True
ToxinPred3,46,80,Enrichment Factor (Cumulative),0.11486486486486491,True
ToxinPred3,46,120,Enrichment Factor (Round),0.35654008438818585,True
ToxinPred3,46,100,Enrichment Factor (Cumulative),0.17729729729729748,True
ToxinPred3,46,140,Enrichment Factor (Round),0.6370689655172415,True
ToxinPred3,46,120,Enrichment Factor (Cumulative),0.2040540540540543,True
ToxinPred3,46,160,Enrichment Factor (Round),0.5620943952802362,True
ToxinPred3,46,140,Enrichment Factor (Cumulative),0.2613899613899615,True
ToxinPred3,46,180,Enrichment Factor (Round),0.7620272314674736,True
ToxinPred3,46,160,Enrichment Factor (Cumulative),0.29324324324324325,True
ToxinPred3,46,200,Enrichment Factor (Round),0.502803738317757,True
ToxinPred3,46,180,Enrichment Factor (Cumulative),0.33783783783783794,True
ToxinPred3,46,200,Enrichment Factor (Cumulative),0.3467567567567569,True
A0A247D711_LISMN,43,20,Norm. Target Mean (Round),0.10121319889827968,True
A0A247D711_LISMN,43,40,Norm. Target Mean (Round),0.408832520026167,True
A0A247D711_LISMN,43,20,Norm. Target Mean (Cumulative),0.10121319889827968,True
A0A247D711_LISMN,43,20,Top 10% peptides selected (%),1.2048192771084338,True
A0A247D711_LISMN,43,20,Remaining Top10 Quality,1.0001851556415646,True
A0A247D711_LISMN,43,60,Norm. Target Mean (Round),0.4676842932209653,True
A0A247D711_LISMN,43,40,Norm. Target Mean (Cumulative),0.26053829807793727,True
A0A247D711_LISMN,43,40,Top 10% peptides selected (%),2.4096385542168677,True
A0A247D711_LISMN,43,40,Remaining Top10 Quality,1.0008661885976926,True
A0A247D711_LISMN,43,80,Norm. Target Mean (Round),-0.840729714660355,True
A0A247D711_LISMN,43,60,Norm. Target Mean (Cumulative),0.3387068999455135,True
A0A247D711_LISMN,43,60,Top 10% peptides selected (%),4.819277108433735,True
A0A247D711_LISMN,43,60,Remaining Top10 Quality,1.0004428657726196,True
A0A247D711_LISMN,43,100,Norm. Target Mean (Round),0.1875588044956062,True
A0A247D711_LISMN,43,80,Norm. Target Mean (Cumulative),0.02938986558072925,True
A0A247D711_LISMN,43,80,Top 10% peptides selected (%),4.819277108433735,True
A0A247D711_LISMN,43,80,Remaining Top10 Quality,1.0018774933880858,True
A0A247D711_LISMN,43,120,Norm. Target Mean (Round),0.46422462275503323,True
A0A247D711_LISMN,43,100,Norm. Target Mean (Cumulative),0.06437595683867137,True
A0A247D711_LISMN,43,100,Top 10% peptides selected (%),6.626506024096386,True
A0A247D711_LISMN,43,100,Remaining Top10 Quality,0.9995863725881586,True
A0A247D711_LISMN,43,140,Norm. Target Mean (Round),0.4112911080865548,True
A0A247D711_LISMN,43,120,Norm. Target Mean (Cumulative),0.13916784276338917,True
A0A247D711_LISMN,43,120,Top 10% peptides selected (%),8.433734939759036,True
A0A247D711_LISMN,43,120,Remaining Top10 Quality,0.9990260546394748,True
A0A247D711_LISMN,43,160,Norm. Target Mean (Round),-0.03829933234263344,True
A0A247D711_LISMN,43,140,Norm. Target Mean (Cumulative),0.18562897820841837,True
A0A247D711_LISMN,43,140,Top 10% peptides selected (%),9.63855421686747,True
A0A247D711_LISMN,43,140,Remaining Top10 Quality,0.9980892578867426,True
A0A247D711_LISMN,43,180,Norm. Target Mean (Round),0.2930095506394068,True
A0A247D711_LISMN,43,160,Norm. Target Mean (Cumulative),0.15705435174388122,True
A0A247D711_LISMN,43,160,Top 10% peptides selected (%),10.240963855421686,True
A0A247D711_LISMN,43,160,Remaining Top10 Quality,0.9983087882370045,True
A0A247D711_LISMN,43,200,Norm. Target Mean (Round),0.24764723315097872,True
A0A247D711_LISMN,43,180,Norm. Target Mean (Cumulative),0.1772946821809426,True
A0A247D711_LISMN,43,180,Top 10% peptides selected (%),12.048192771084338,True
A0A247D711_LISMN,43,180,Remaining Top10 Quality,0.9962366553201322,True
A0A247D711_LISMN,43,200,Norm. Target Mean (Cumulative),0.18877063079946332,True
A0A247D711_LISMN,43,200,Top 10% peptides selected (%),12.650602409638553,True
A0A247D711_LISMN,43,200,Remaining Top10 Quality,0.9962366553201322,True
ToxinPred3,49,20,Enrichment Factor (Round),-0.28648648648648634,True
ToxinPred3,49,40,Enrichment Factor (Round),0.3322496749024708,True
ToxinPred3,49,20,Enrichment Factor (Cumulative),-0.28648648648648634,True
ToxinPred3,49,60,Enrichment Factor (Round),0.5173740053050397,True
ToxinPred3,49,40,Enrichment Factor (Cumulative),0.025675675675675746,True
ToxinPred3,49,80,Enrichment Factor (Round),0.5293080054274084,True
ToxinPred3,49,60,Enrichment Factor (Cumulative),0.18918918918918926,True
ToxinPred3,49,100,Enrichment Factor (Round),0.5418055555555557,True
ToxinPred3,49,80,Enrichment Factor (Cumulative),0.270945945945946,True
ToxinPred3,49,120,Enrichment Factor (Round),-0.085348506401138,True
ToxinPred3,49,100,Enrichment Factor (Cumulative),0.32000000000000006,True
ToxinPred3,49,140,Enrichment Factor (Round),0.5528138528138526,True
ToxinPred3,49,120,Enrichment Factor (Cumulative),0.24864864864864877,True
ToxinPred3,49,160,Enrichment Factor (Round),0.566715976331361,True
ToxinPred3,49,140,Enrichment Factor (Cumulative),0.286872586872587,True
ToxinPred3,49,180,Enrichment Factor (Round),0.30227617602427914,True
ToxinPred3,49,160,Enrichment Factor (Cumulative),0.3155405405405407,True
ToxinPred3,49,200,Enrichment Factor (Round),0.402325581395349,True
ToxinPred3,49,180,Enrichment Factor (Cumulative),0.30810810810810807,True
ToxinPred3,49,200,Enrichment Factor (Cumulative),0.3110810810810811,True
ToxinPred3,42,20,Enrichment Factor (Round),0.1594594594594596,True
ToxinPred3,42,40,Enrichment Factor (Round),0.43036649214659706,True
ToxinPred3,42,20,Enrichment Factor (Cumulative),0.1594594594594596,True
ToxinPred3,42,60,Enrichment Factor (Round),0.4395721925133691,True
ToxinPred3,42,40,Enrichment Factor (Cumulative),0.29324324324324325,True
ToxinPred3,42,80,Enrichment Factor (Round),0.630327868852459,True
ToxinPred3,42,60,Enrichment Factor (Cumulative),0.33783783783783794,True
ToxinPred3,42,100,Enrichment Factor (Round),0.6462184873949581,True
ToxinPred3,42,80,Enrichment Factor (Cumulative),0.40472972972972987,True
ToxinPred3,42,120,Enrichment Factor (Round),0.5705459770114942,True
ToxinPred3,42,100,Enrichment Factor (Cumulative),0.4448648648648652,True
ToxinPred3,42,140,Enrichment Factor (Round),0.4916053019145803,True
ToxinPred3,42,120,Enrichment Factor (Cumulative),0.456756756756757,True
ToxinPred3,42,160,Enrichment Factor (Round),0.31553544494720964,True
ToxinPred3,42,140,Enrichment Factor (Cumulative),0.4525096525096526,True
ToxinPred3,42,180,Enrichment Factor (Round),0.7946070878274267,True
ToxinPred3,42,160,Enrichment Factor (Cumulative),0.42702702702702733,True
ToxinPred3,42,200,Enrichment Factor (Round),0.9142857142857144,True
ToxinPred3,42,180,Enrichment Factor (Cumulative),0.456756756756757,True
ToxinPred3,42,200,Enrichment Factor (Cumulative),0.48945945945945946,True
ToxinPred3,47,20,Enrichment Factor (Round),-0.108108108108108,True
ToxinPred3,47,40,Enrichment Factor (Round),0.6028683181225556,True
ToxinPred3,47,20,Enrichment Factor (Cumulative),-0.108108108108108,True
ToxinPred3,47,60,Enrichment Factor (Round),0.4376502002670226,True
ToxinPred3,47,40,Enrichment Factor (Cumulative),0.24864864864864877,True
ToxinPred3,47,80,Enrichment Factor (Round),0.5376534788540244,True
ToxinPred3,47,60,Enrichment Factor (Cumulative),0.30810810810810807,True
ToxinPred3,47,100,Enrichment Factor (Round),0.7328212290502794,True
ToxinPred3,47,80,Enrichment Factor (Cumulative),0.3601351351351352,True
ToxinPred3,47,120,Enrichment Factor (Round),0.4760401721664278,True
ToxinPred3,47,100,Enrichment Factor (Cumulative),0.42702702702702733,True
ToxinPred3,47,140,Enrichment Factor (Round),0.673127753303965,True
ToxinPred3,47,120,Enrichment Factor (Cumulative),0.42702702702702733,True
ToxinPred3,47,160,Enrichment Factor (Round),0.6914027149321267,True
ToxinPred3,47,140,Enrichment Factor (Cumulative),0.4525096525096526,True
ToxinPred3,47,180,Enrichment Factor (Round),0.7106976744186044,True
ToxinPred3,47,160,Enrichment Factor (Cumulative),0.4716216216216216,True
ToxinPred3,47,200,Enrichment Factor (Round),0.8272727272727272,True
ToxinPred3,47,180,Enrichment Factor (Cumulative),0.4864864864864866,True
ToxinPred3,47,200,Enrichment Factor (Cumulative),0.5072972972972973,True
A0A247D711_LISMN,46,20,Norm. Target Mean (Round),-0.25653261539686034,True
A0A247D711_LISMN,46,40,Norm. Target Mean (Round),0.26879128170522554,True
A0A247D711_LISMN,46,20,Norm. Target Mean (Cumulative),-0.25653261539686034,True
A0A247D711_LISMN,46,20,Top 10% peptides selected (%),0.0,True
A0A247D711_LISMN,46,20,Remaining Top10 Quality,1.0013044275772367,True
A0A247D711_LISMN,46,60,Norm. Target Mean (Round),0.39638415721623504,True
A0A247D711_LISMN,46,40,Norm. Target Mean (Cumulative),0.007446111166772209,True
A0A247D711_LISMN,46,40,Top 10% peptides selected (%),1.8072289156626504,True
A0A247D711_LISMN,46,40,Remaining Top10 Quality,1.000840649344017,True
A0A247D711_LISMN,46,80,Norm. Target Mean (Round),0.41546594601236997,True
A0A247D711_LISMN,46,60,Norm. Target Mean (Cumulative),0.14291936043956624,True
A0A247D711_LISMN,46,60,Top 10% peptides selected (%),3.614457831325301,True
A0A247D711_LISMN,46,60,Remaining Top10 Quality,1.000518393513273,True
A0A247D711_LISMN,46,100,Norm. Target Mean (Round),0.549790190920142,True
A0A247D711_LISMN,46,80,Norm. Target Mean (Cumulative),0.21915828377184995,True
A0A247D711_LISMN,46,80,Top 10% peptides selected (%),4.216867469879518,True
A0A247D711_LISMN,46,80,Remaining Top10 Quality,1.0016276525313932,True
A0A247D711_LISMN,46,120,Norm. Target Mean (Round),0.5210720839990537,True
A0A247D711_LISMN,46,100,Norm. Target Mean (Cumulative),0.2967741362685434,True
A0A247D711_LISMN,46,100,Top 10% peptides selected (%),7.228915662650602,True
A0A247D711_LISMN,46,100,Remaining Top10 Quality,0.9997008457334045,True
A0A247D711_LISMN,46,140,Norm. Target Mean (Round),0.5087109767956617,True
A0A247D711_LISMN,46,120,Norm. Target Mean (Cumulative),0.3454625926590712,True
A0A247D711_LISMN,46,120,Top 10% peptides selected (%),8.433734939759036,True
A0A247D711_LISMN,46,120,Remaining Top10 Quality,0.9990063747514318,True
A0A247D711_LISMN,46,160,Norm. Target Mean (Round),0.4325083333770811,True
A0A247D711_LISMN,46,140,Norm. Target Mean (Cumulative),0.3799116479300084,True
A0A247D711_LISMN,46,140,Top 10% peptides selected (%),9.63855421686747,True
A0A247D711_LISMN,46,140,Remaining Top10 Quality,0.9993380656971831,True
A0A247D711_LISMN,46,180,Norm. Target Mean (Round),0.3884569522723955,True
A0A247D711_LISMN,46,160,Norm. Target Mean (Cumulative),0.3958867384304922,True
A0A247D711_LISMN,46,160,Top 10% peptides selected (%),11.44578313253012,True
A0A247D711_LISMN,46,160,Remaining Top10 Quality,0.9970997803652026,True
A0A247D711_LISMN,46,200,Norm. Target Mean (Round),0.5289156538574576,True
A0A247D711_LISMN,46,180,Norm. Target Mean (Cumulative),0.4032063210225348,True
A0A247D711_LISMN,46,180,Top 10% peptides selected (%),13.855421686746988,True
A0A247D711_LISMN,46,180,Remaining Top10 Quality,0.9952442332541845,True
A0A247D711_LISMN,46,200,Norm. Target Mean (Cumulative),0.4270628338887489,True
A0A247D711_LISMN,46,200,Top 10% peptides selected (%),18.072289156626507,True
A0A247D711_LISMN,46,200,Remaining Top10 Quality,0.9952442332541845,True
AMP_Ecoli,42,20,Norm. Target Mean (Round),-0.0726835698098923,False
AMP_Ecoli,42,40,Norm. Target Mean (Round),0.12321092444974159,False
AMP_Ecoli,42,20,Norm. Target Mean (Cumulative),-0.0726835698098923,False
AMP_Ecoli,42,20,Top 10% peptides selected (%),0.819672131147541,False
AMP_Ecoli,42,20,Remaining Top10 Quality,1.0039413163130695,False
AMP_Ecoli,42,60,Norm. Target Mean (Round),0.3062874031590122,False
AMP_Ecoli,42,40,Norm. Target Mean (Cumulative),0.029455015052722373,False
AMP_Ecoli,42,40,Top 10% peptides selected (%),4.098360655737705,False
AMP_Ecoli,42,40,Remaining Top10 Quality,1.000783247092494,False
AMP_Ecoli,42,80,Norm. Target Mean (Round),0.351628199262689,False
AMP_Ecoli,42,60,Norm. Target Mean (Cumulative),0.1485333445370009,False
AMP_Ecoli,42,60,Top 10% peptides selected (%),10.655737704918032,False
AMP_Ecoli,42,60,Remaining Top10 Quality,0.9904918791942574,False
AMP_Ecoli,42,100,Norm. Target Mean (Round),0.2548353394421455,False
AMP_Ecoli,42,80,Norm. Target Mean (Cumulative),0.2358963918035299,False
AMP_Ecoli,42,80,Top 10% peptides selected (%),15.573770491803279,False
AMP_Ecoli,42,80,Remaining Top10 Quality,0.985429102076985,False
AMP_Ecoli,42,120,Norm. Target Mean (Round),0.2218327569817925,False
AMP_Ecoli,42,100,Norm. Target Mean (Cumulative),0.2697482055702281,False
AMP_Ecoli,42,100,Top 10% peptides selected (%),21.311475409836063,False
AMP_Ecoli,42,100,Remaining Top10 Quality,0.972609821167629,False
AMP_Ecoli,42,140,Norm. Target Mean (Round),0.27269297089359884,False
AMP_Ecoli,42,120,Norm. Target Mean (Cumulative),0.2868823061222075,False
AMP_Ecoli,42,120,Top 10% peptides selected (%),22.950819672131146,False
AMP_Ecoli,42,120,Remaining Top10 Quality,0.9758793299253559,False
AMP_Ecoli,42,160,Norm. Target Mean (Round),0.1322709073425943,False
AMP_Ecoli,42,140,Norm. Target Mean (Cumulative),0.31363689719421395,False
AMP_Ecoli,42,140,Top 10% peptides selected (%),24.59016393442623,False
AMP_Ecoli,42,140,Remaining Top10 Quality,0.9782553402061599,False
AMP_Ecoli,42,180,Norm. Target Mean (Round),0.25099178243724435,False
AMP_Ecoli,42,160,Norm. Target Mean (Cumulative),0.3079979160022515,False
AMP_Ecoli,42,160,Top 10% peptides selected (%),25.40983606557377,False
AMP_Ecoli,42,160,Remaining Top10 Quality,0.982612525840271,False
AMP_Ecoli,42,200,Norm. Target Mean (Round),0.32333426791266384,False
AMP_Ecoli,42,180,Norm. Target Mean (Cumulative),0.3272717643298108,False
AMP_Ecoli,42,180,Top 10% peptides selected (%),28.688524590163933,False
AMP_Ecoli,42,180,Remaining Top10 Quality,0.9824788891922913,False
AMP_Ecoli,42,200,Norm. Target Mean (Cumulative),0.3579039100422419,False
AMP_Ecoli,42,200,Top 10% peptides selected (%),32.78688524590164,False
AMP_Ecoli,42,200,Remaining Top10 Quality,0.9824788891922913,False
AMP_Ecoli,49,20,Norm. Target Mean (Round),0.02323864565553164,False
AMP_Ecoli,49,40,Norm. Target Mean (Round),0.03985994339413854,False
AMP_Ecoli,49,20,Norm. Target Mean (Cumulative),0.02323864565553164,False
AMP_Ecoli,49,20,Top 10% peptides selected (%),2.459016393442623,False
AMP_Ecoli,49,20,Remaining Top10 Quality,0.995692864349249,False
AMP_Ecoli,49,60,Norm. Target Mean (Round),0.3249206947260866,False
AMP_Ecoli,49,40,Norm. Target Mean (Cumulative),0.03548062065315616,False
AMP_Ecoli,49,40,Top 10% peptides selected (%),5.737704918032787,False
AMP_Ecoli,49,40,Remaining Top10 Quality,0.9979198390738805,False
AMP_Ecoli,49,80,Norm. Target Mean (Round),0.24546178023923973,False
AMP_Ecoli,49,60,Norm. Target Mean (Cumulative),0.1586842987939034,False
AMP_Ecoli,49,60,Top 10% peptides selected (%),10.655737704918032,False
AMP_Ecoli,49,60,Remaining Top10 Quality,0.9913073119926531,False
AMP_Ecoli,49,100,Norm. Target Mean (Round),0.36866760434088264,False
AMP_Ecoli,49,80,Norm. Target Mean (Cumulative),0.20703054777265628,False
AMP_Ecoli,49,80,Top 10% peptides selected (%),14.754098360655737,False
AMP_Ecoli,49,80,Remaining Top10 Quality,0.9842087323627222,False
AMP_Ecoli,49,120,Norm. Target Mean (Round),0.26936514030618053,False
AMP_Ecoli,49,100,Norm. Target Mean (Cumulative),0.2763240614944855,False
AMP_Ecoli,49,100,Top 10% peptides selected (%),20.491803278688526,False
AMP_Ecoli,49,100,Remaining Top10 Quality,0.9707574427747488,False
AMP_Ecoli,49,140,Norm. Target Mean (Round),0.6031803952253889,False
AMP_Ecoli,49,120,Norm. Target Mean (Cumulative),0.3031685110786733,False
AMP_Ecoli,49,120,Top 10% peptides selected (%),25.40983606557377,False
AMP_Ecoli,49,120,Remaining Top10 Quality,0.9543989879420604,False
AMP_Ecoli,49,160,Norm. Target Mean (Round),0.3175835595344089,False
AMP_Ecoli,49,140,Norm. Target Mean (Cumulative),0.39761160485761743,False
AMP_Ecoli,49,140,Top 10% peptides selected (%),33.60655737704918,False
AMP_Ecoli,49,140,Remaining Top10 Quality,0.8893668415470246,False
AMP_Ecoli,49,180,Norm. Target Mean (Round),0.18928171209961456,False
AMP_Ecoli,49,160,Norm. Target Mean (Cumulative),0.41221687691622455,False
AMP_Ecoli,49,160,Top 10% peptides selected (%),36.0655737704918,False
AMP_Ecoli,49,160,Remaining Top10 Quality,0.8813578014197228,False
AMP_Ecoli,49,200,Norm. Target Mean (Round),0.07299781148416885,False
AMP_Ecoli,49,180,Norm. Target Mean (Cumulative),0.4044452095324443,False
AMP_Ecoli,49,180,Top 10% peptides selected (%),37.704918032786885,False
AMP_Ecoli,49,180,Remaining Top10 Quality,0.8819840776586726,False
AMP_Ecoli,49,200,Norm. Target Mean (Cumulative),0.3815156033070167,False
AMP_Ecoli,49,200,Top 10% peptides selected (%),39.34426229508197,False
AMP_Ecoli,49,200,Remaining Top10 Quality,0.8819840776586726,False
AMP_Ecoli,44,20,Norm. Target Mean (Round),0.016644853275872003,False
AMP_Ecoli,44,40,Norm. Target Mean (Round),0.45105085868774947,False
AMP_Ecoli,44,20,Norm. Target Mean (Cumulative),0.016644853275872003,False
AMP_Ecoli,44,20,Top 10% peptides selected (%),2.459016393442623,False
AMP_Ecoli,44,20,Remaining Top10 Quality,1.0006618598748305,False
AMP_Ecoli,44,60,Norm. Target Mean (Round),0.4066655905329137,False
AMP_Ecoli,44,40,Norm. Target Mean (Cumulative),0.2669064133381702,False
AMP_Ecoli,44,40,Top 10% peptides selected (%),8.19672131147541,False
AMP_Ecoli,44,40,Remaining Top10 Quality,0.96164645774304,False
AMP_Ecoli,44,80,Norm. Target Mean (Round),0.4464462123858841,False
AMP_Ecoli,44,60,Norm. Target Mean (Cumulative),0.34735008285374563,False
AMP_Ecoli,44,60,Top 10% peptides selected (%),13.114754098360656,False
AMP_Ecoli,44,60,Remaining Top10 Quality,0.9358762649494187,False
AMP_Ecoli,44,100,Norm. Target Mean (Round),0.2492565985303696,False
AMP_Ecoli,44,80,Norm. Target Mean (Cumulative),0.4083517925819153,False
AMP_Ecoli,44,80,Top 10% peptides selected (%),20.491803278688526,False
AMP_Ecoli,44,80,Remaining Top10 Quality,0.9109300353652154,False
AMP_Ecoli,44,120,Norm. Target Mean (Round),0.22262302161394362,False
AMP_Ecoli,44,100,Norm. Target Mean (Cumulative),0.4013380638434157,False
AMP_Ecoli,44,100,Top 10% peptides selected (%),22.950819672131146,False
AMP_Ecoli,44,100,Remaining Top10 Quality,0.9002009206755333,False
AMP_Ecoli,44,140,Norm. Target Mean (Round),0.33853814668538496,False
AMP_Ecoli,44,120,Norm. Target Mean (Cumulative),0.39030376785582743,False
AMP_Ecoli,44,120,Top 10% peptides selected (%),25.40983606557377,False
AMP_Ecoli,44,120,Remaining Top10 Quality,0.8988924172695351,False
AMP_Ecoli,44,160,Norm. Target Mean (Round),0.4708609223919603,False
AMP_Ecoli,44,140,Norm. Target Mean (Cumulative),0.4064115744998833,False
AMP_Ecoli,44,140,Top 10% peptides selected (%),30.327868852459016,False
AMP_Ecoli,44,140,Remaining Top10 Quality,0.8925805293670012,False
AMP_Ecoli,44,180,Norm. Target Mean (Round),0.044326151704395425,False
AMP_Ecoli,44,160,Norm. Target Mean (Cumulative),0.44475603628217886,False
AMP_Ecoli,44,160,Top 10% peptides selected (%),36.0655737704918,False
AMP_Ecoli,44,160,Remaining Top10 Quality,0.8779051937907768,False
AMP_Ecoli,44,200,Norm. Target Mean (Round),0.48377515457685805,False
AMP_Ecoli,44,180,Norm. Target Mean (Cumulative),0.4100464799179207,False
AMP_Ecoli,44,180,Top 10% peptides selected (%),36.0655737704918,False
AMP_Ecoli,44,180,Remaining Top10 Quality,0.8818538979165741,False
AMP_Ecoli,44,200,Norm. Target Mean (Cumulative),0.4470074607834729,False
AMP_Ecoli,44,200,Top 10% peptides selected (%),40.98360655737705,False
AMP_Ecoli,44,200,Remaining Top10 Quality,0.8818538979165741,False
AMP_Ecoli,43,20,Norm. Target Mean (Round),-0.008106270641573533,False
AMP_Ecoli,43,40,Norm. Target Mean (Round),0.006458007124292362,False
AMP_Ecoli,43,20,Norm. Target Mean (Cumulative),-0.008106270641573533,False
AMP_Ecoli,43,20,Top 10% peptides selected (%),2.459016393442623,False
AMP_Ecoli,43,20,Remaining Top10 Quality,0.9935668581855149,False
AMP_Ecoli,43,60,Norm. Target Mean (Round),0.6371342515458526,False
AMP_Ecoli,43,40,Norm. Target Mean (Cumulative),-0.0009361726915603165,False
AMP_Ecoli,43,40,Top 10% peptides selected (%),5.737704918032787,False
AMP_Ecoli,43,40,Remaining Top10 Quality,0.9957577989073713,False
AMP_Ecoli,43,80,Norm. Target Mean (Round),0.4078952278964398,False
AMP_Ecoli,43,60,Norm. Target Mean (Cumulative),0.2590059730549557,False
AMP_Ecoli,43,60,Top 10% peptides selected (%),13.934426229508196,False
AMP_Ecoli,43,60,Remaining Top10 Quality,0.9378313443151901,False
AMP_Ecoli,43,100,Norm. Target Mean (Round),0.2717889148775386,False
AMP_Ecoli,43,80,Norm. Target Mean (Cumulative),0.32643169636274316,False
AMP_Ecoli,43,80,Top 10% peptides selected (%),18.852459016393443,False
AMP_Ecoli,43,80,Remaining Top10 Quality,0.9282347658935416,False
AMP_Ecoli,43,120,Norm. Target Mean (Round),0.21535593711950338,False
AMP_Ecoli,43,100,Norm. Target Mean (Cumulative),0.3408096664536008,False
AMP_Ecoli,43,100,Top 10% peptides selected (%),22.950819672131146,False
AMP_Ecoli,43,100,Remaining Top10 Quality,0.9165624736579322,False
AMP_Ecoli,43,140,Norm. Target Mean (Round),0.29784299796750213,False
AMP_Ecoli,43,120,Norm. Target Mean (Cumulative),0.3395826274176435,False
AMP_Ecoli,43,120,Top 10% peptides selected (%),25.40983606557377,False
AMP_Ecoli,43,120,Remaining Top10 Quality,0.9116804222610905,False
AMP_Ecoli,43,160,Norm. Target Mean (Round),0.39417552678676665,False
AMP_Ecoli,43,140,Norm. Target Mean (Cumulative),0.3570309043856149,False
AMP_Ecoli,43,140,Top 10% peptides selected (%),31.967213114754102,False
AMP_Ecoli,43,140,Remaining Top10 Quality,0.8975582987477211,False
AMP_Ecoli,43,180,Norm. Target Mean (Round),0.30523178511469923,False
AMP_Ecoli,43,160,Norm. Target Mean (Cumulative),0.3907218230040037,False
AMP_Ecoli,43,160,Top 10% peptides selected (%),35.24590163934426,False
AMP_Ecoli,43,160,Remaining Top10 Quality,0.8863116782098546,False
AMP_Ecoli,43,200,Norm. Target Mean (Round),0.2723827224142093,False
AMP_Ecoli,43,180,Norm. Target Mean (Cumulative),0.40531412038546066,False
AMP_Ecoli,43,180,Top 10% peptides selected (%),37.704918032786885,False
AMP_Ecoli,43,180,Remaining Top10 Quality,0.8845991979283669,False
AMP_Ecoli,43,200,Norm. Target Mean (Cumulative),0.4140986990482232,False
AMP_Ecoli,43,200,Top 10% peptides selected (%),40.98360655737705,False
AMP_Ecoli,43,200,Remaining Top10 Quality,0.8845991979283669,False
AMP_Ecoli,51,20,Norm. Target Mean (Round),0.017344207510910262,False
AMP_Ecoli,51,40,Norm. Target Mean (Round),0.3780223543110729,False
AMP_Ecoli,51,20,Norm. Target Mean (Cumulative),0.017344207510910262,False
AMP_Ecoli,51,20,Top 10% peptides selected (%),1.639344262295082,False
AMP_Ecoli,51,20,Remaining Top10 Quality,0.9984385142123317,False
AMP_Ecoli,51,60,Norm. Target Mean (Round),0.3977409277651343,False
AMP_Ecoli,51,40,Norm. Target Mean (Cumulative),0.2244729514135266,False
AMP_Ecoli,51,40,Top 10% peptides selected (%),5.737704918032787,False
AMP_Ecoli,51,40,Remaining Top10 Quality,0.9633632254256679,False
AMP_Ecoli,51,80,Norm. Target Mean (Round),0.39899132104128293,False
AMP_Ecoli,51,60,Norm. Target Mean (Cumulative),0.3127433759619923,False
AMP_Ecoli,51,60,Top 10% peptides selected (%),9.836065573770492,False
AMP_Ecoli,51,60,Remaining Top10 Quality,0.9427257330743837,False
AMP_Ecoli,51,100,Norm. Target Mean (Round),0.18928972560604423,False
AMP_Ecoli,51,80,Norm. Target Mean (Cumulative),0.3665841670994413,False
AMP_Ecoli,51,80,Top 10% peptides selected (%),16.39344262295082,False
AMP_Ecoli,51,80,Remaining Top10 Quality,0.9269544625436869,False
AMP_Ecoli,51,120,Norm. Target Mean (Round),0.35955827868854384,False
AMP_Ecoli,51,100,Norm. Target Mean (Cumulative),0.35312572876183507,False
AMP_Ecoli,51,100,Top 10% peptides selected (%),19.672131147540984,False
AMP_Ecoli,51,100,Remaining Top10 Quality,0.9262253071239643,False
AMP_Ecoli,51,140,Norm. Target Mean (Round),0.30138811206488336,False
AMP_Ecoli,51,120,Norm. Target Mean (Cumulative),0.3817873745934488,False
AMP_Ecoli,51,120,Top 10% peptides selected (%),26.229508196721312,False
AMP_Ecoli,51,120,Remaining Top10 Quality,0.9105006631209892,False
AMP_Ecoli,51,160,Norm. Target Mean (Round),0.26037211973515684,False
AMP_Ecoli,51,140,Norm. Target Mean (Cumulative),0.39510938768013865,False
AMP_Ecoli,51,140,Top 10% peptides selected (%),28.688524590163933,False
AMP_Ecoli,51,140,Remaining Top10 Quality,0.908122781252225,False
AMP_Ecoli,51,180,Norm. Target Mean (Round),0.2961937875762804,False
AMP_Ecoli,51,160,Norm. Target Mean (Cumulative),0.40083023924285266,False
AMP_Ecoli,51,160,Top 10% peptides selected (%),30.327868852459016,False
AMP_Ecoli,51,160,Remaining Top10 Quality,0.9068681734760599,False
AMP_Ecoli,51,200,Norm. Target Mean (Round),0.3055512889215666,False
AMP_Ecoli,51,180,Norm. Target Mean (Cumulative),0.41323724658165384,False
AMP_Ecoli,51,180,Top 10% peptides selected (%),34.42622950819672,False
AMP_Ecoli,51,180,Remaining Top10 Quality,0.8981180546487395,False
AMP_Ecoli,51,200,Norm. Target Mean (Cumulative),0.42681122847911557,False
AMP_Ecoli,51,200,Top 10% peptides selected (%),36.885245901639344,False
AMP_Ecoli,51,200,Remaining Top10 Quality,0.8981180546487395,False
ToxinPred3,46,20,Enrichment Factor (Round),-0.018918918918918726,False
ToxinPred3,46,40,Enrichment Factor (Round),0.06997389033942558,False
ToxinPred3,46,20,Enrichment Factor (Cumulative),-0.018918918918918726,False
ToxinPred3,46,60,Enrichment Factor (Round),0.5173740053050397,False
ToxinPred3,46,40,Enrichment Factor (Cumulative),0.025675675675675746,False
ToxinPred3,46,80,Enrichment Factor (Round),0.25943012211668925,False
ToxinPred3,46,60,Enrichment Factor (Cumulative),0.18918918918918926,False
ToxinPred3,46,100,Enrichment Factor (Round),0.44508990318118946,False
ToxinPred3,46,80,Enrichment Factor (Cumulative),0.2040540540540543,False
ToxinPred3,46,120,Enrichment Factor (Round),0.4551626591230553,False
ToxinPred3,46,100,Enrichment Factor (Cumulative),0.24864864864864877,False
ToxinPred3,46,140,Enrichment Factor (Round),0.37409551374819094,False
ToxinPred3,46,120,Enrichment Factor (Cumulative),0.2783783783783784,False
ToxinPred3,46,160,Enrichment Factor (Round),0.6588757396449705,False
ToxinPred3,46,140,Enrichment Factor (Cumulative),0.286872586872587,False
ToxinPred3,46,180,Enrichment Factor (Round),0.6768996960486322,False
ToxinPred3,46,160,Enrichment Factor (Cumulative),0.32668918918918943,False
ToxinPred3,46,200,Enrichment Factor (Round),0.3190624999999998,False
ToxinPred3,46,180,Enrichment Factor (Cumulative),0.3576576576576578,False
ToxinPred3,46,200,Enrichment Factor (Cumulative),0.3467567567567569,False
AMP_Ecoli,46,20,Norm. Target Mean (Round),0.05710085468714103,False
AMP_Ecoli,46,40,Norm. Target Mean (Round),0.04123962287566427,False
AMP_Ecoli,46,20,Norm. Target Mean (Cumulative),0.05710085468714103,False
AMP_Ecoli,46,20,Top 10% peptides selected (%),1.639344262295082,False
AMP_Ecoli,46,20,Remaining Top10 Quality,0.9877541373342394,False
AMP_Ecoli,46,60,Norm. Target Mean (Round),0.4733286396802397,False
AMP_Ecoli,46,40,Norm. Target Mean (Cumulative),0.054811574788142935,False
AMP_Ecoli,46,40,Top 10% peptides selected (%),4.918032786885246,False
AMP_Ecoli,46,40,Remaining Top10 Quality,0.9899712559558446,False
AMP_Ecoli,46,80,Norm. Target Mean (Round),0.5130905938594614,False
AMP_Ecoli,46,60,Norm. Target Mean (Cumulative),0.2296221958129074,False
AMP_Ecoli,46,60,Top 10% peptides selected (%),10.655737704918032,False
AMP_Ecoli,46,60,Remaining Top10 Quality,0.9515646879802965,False
AMP_Ecoli,46,100,Norm. Target Mean (Round),0.3007756308739299,False
AMP_Ecoli,46,80,Norm. Target Mean (Cumulative),0.33702857747423093,False
AMP_Ecoli,46,80,Top 10% peptides selected (%),17.21311475409836,False
AMP_Ecoli,46,80,Remaining Top10 Quality,0.9269577320767839,False
AMP_Ecoli,46,120,Norm. Target Mean (Round),0.2638809625909093,False
AMP_Ecoli,46,100,Norm. Target Mean (Cumulative),0.3563082467333667,False
AMP_Ecoli,46,100,Top 10% peptides selected (%),21.311475409836063,False
AMP_Ecoli,46,100,Remaining Top10 Quality,0.9145231341946788,False
AMP_Ecoli,46,140,Norm. Target Mean (Round),0.25945755727281483,False
AMP_Ecoli,46,120,Norm. Target Mean (Cumulative),0.3624964518346488,False
AMP_Ecoli,46,120,Top 10% peptides selected (%),27.86885245901639,False
AMP_Ecoli,46,120,Remaining Top10 Quality,0.9017004366352304,False
AMP_Ecoli,46,160,Norm. Target Mean (Round),0.3142667704400842,False
AMP_Ecoli,46,140,Norm. Target Mean (Cumulative),0.36904794458898565,False
AMP_Ecoli,46,140,Top 10% peptides selected (%),31.147540983606557,False
AMP_Ecoli,46,140,Remaining Top10 Quality,0.8973720341226946,False
AMP_Ecoli,46,180,Norm. Target Mean (Round),0.24445495207258322,False
AMP_Ecoli,46,160,Norm. Target Mean (Cumulative),0.3863411370703197,False
AMP_Ecoli,46,160,Top 10% peptides selected (%),32.78688524590164,False
AMP_Ecoli,46,160,Remaining Top10 Quality,0.8954861099747632,False
AMP_Ecoli,46,200,Norm. Target Mean (Round),0.26447110139951047,False
AMP_Ecoli,46,180,Norm. Target Mean (Cumulative),0.3907086055293975,False
AMP_Ecoli,46,180,Top 10% peptides selected (%),35.24590163934426,False
AMP_Ecoli,46,180,Remaining Top10 Quality,0.8941632314593778,False
AMP_Ecoli,46,200,Norm. Target Mean (Cumulative),0.3989896248038858,False
AMP_Ecoli,46,200,Top 10% peptides selected (%),37.704918032786885,False
AMP_Ecoli,46,200,Remaining Top10 Quality,0.8941632314593778,False
AMP_Ecoli,47,20,Norm. Target Mean (Round),-0.08537127137924365,False
AMP_Ecoli,47,40,Norm. Target Mean (Round),-0.06124662727650182,False
AMP_Ecoli,47,20,Norm. Target Mean (Cumulative),-0.08537127137924365,False
AMP_Ecoli,47,20,Top 10% peptides selected (%),0.819672131147541,False
AMP_Ecoli,47,20,Remaining Top10 Quality,1.0030075974907362,False
AMP_Ecoli,47,60,Norm. Target Mean (Round),0.08171617392817095,False
AMP_Ecoli,47,40,Norm. Target Mean (Cumulative),-0.08283211042469463,False
AMP_Ecoli,47,40,Top 10% peptides selected (%),1.639344262295082,False
AMP_Ecoli,47,40,Remaining Top10 Quality,1.0061256760178858,False
AMP_Ecoli,47,80,Norm. Target Mean (Round),0.27308117848741825,False
AMP_Ecoli,47,60,Norm. Target Mean (Cumulative),-0.02540507839235621,False
AMP_Ecoli,47,60,Top 10% peptides selected (%),4.098360655737705,False
AMP_Ecoli,47,60,Remaining Top10 Quality,1.006219010273374,False
AMP_Ecoli,47,100,Norm. Target Mean (Round),0.3803975107611339,False
AMP_Ecoli,47,80,Norm. Target Mean (Cumulative),0.07119747757557732,False
AMP_Ecoli,47,80,Top 10% peptides selected (%),8.19672131147541,False
AMP_Ecoli,47,80,Remaining Top10 Quality,1.003664971720637,False
AMP_Ecoli,47,120,Norm. Target Mean (Round),0.18731119841809013,False
AMP_Ecoli,47,100,Norm. Target Mean (Cumulative),0.16768191714483022,False
AMP_Ecoli,47,100,Top 10% peptides selected (%),13.934426229508196,False
AMP_Ecoli,47,100,Remaining Top10 Quality,0.9962987627768767,False
AMP_Ecoli,47,140,Norm. Target Mean (Round),0.1618386065438557,False
AMP_Ecoli,47,120,Norm. Target Mean (Cumulative),0.19047384263424533,False
AMP_Ecoli,47,120,Top 10% peptides selected (%),18.852459016393443,False
AMP_Ecoli,47,120,Remaining Top10 Quality,0.9949138636906891,False
AMP_Ecoli,47,160,Norm. Target Mean (Round),0.3607953946286291,False
AMP_Ecoli,47,140,Norm. Target Mean (Cumulative),0.20363620162692767,False
AMP_Ecoli,47,140,Top 10% peptides selected (%),19.672131147540984,False
AMP_Ecoli,47,140,Remaining Top10 Quality,0.9950506514529578,False
AMP_Ecoli,47,180,Norm. Target Mean (Round),0.35682785955553287,False
AMP_Ecoli,47,160,Norm. Target Mean (Cumulative),0.2561310186241261,False
AMP_Ecoli,47,160,Top 10% peptides selected (%),25.40983606557377,False
AMP_Ecoli,47,160,Remaining Top10 Quality,0.9803109947795434,False
AMP_Ecoli,47,200,Norm. Target Mean (Round),0.5032621555126101,False
AMP_Ecoli,47,180,Norm. Target Mean (Cumulative),0.30008650854912333,False
AMP_Ecoli,47,180,Top 10% peptides selected (%),31.967213114754102,False
AMP_Ecoli,47,180,Remaining Top10 Quality,0.9538798709672638,False
AMP_Ecoli,47,200,Norm. Target Mean (Cumulative),0.3630546226215743,False
AMP_Ecoli,47,200,Top 10% peptides selected (%),37.704918032786885,False
AMP_Ecoli,47,200,Remaining Top10 Quality,0.9538798709672638,False
AMP_Ecoli,45,20,Norm. Target Mean (Round),-0.007281006932051418,False
AMP_Ecoli,45,40,Norm. Target Mean (Round),0.33257471387407295,False
AMP_Ecoli,45,20,Norm. Target Mean (Cumulative),-0.007281006932051418,False
AMP_Ecoli,45,20,Top 10% peptides selected (%),1.639344262295082,False
AMP_Ecoli,45,20,Remaining Top10 Quality,1.001841204327006,False
AMP_Ecoli,45,60,Norm. Target Mean (Round),0.2289139652509279,False
AMP_Ecoli,45,40,Norm. Target Mean (Cumulative),0.18574729978296117,False
AMP_Ecoli,45,40,Top 10% peptides selected (%),6.557377049180328,False
AMP_Ecoli,45,40,Remaining Top10 Quality,0.9979274683299971,False
AMP_Ecoli,45,80,Norm. Target Mean (Round),0.2827645737234739,False
AMP_Ecoli,45,60,Norm. Target Mean (Cumulative),0.22866111913246928,False
AMP_Ecoli,45,60,Top 10% peptides selected (%),9.01639344262295,False
AMP_Ecoli,45,60,Remaining Top10 Quality,0.9980875655412024,False
AMP_Ecoli,45,100,Norm. Target Mean (Round),0.22376663397290103,False
AMP_Ecoli,45,80,Norm. Target Mean (Cumulative),0.2764051565540402,False
AMP_Ecoli,45,80,Top 10% peptides selected (%),13.934426229508196,False
AMP_Ecoli,45,80,Remaining Top10 Quality,0.988458819955636,False
AMP_Ecoli,45,120,Norm. Target Mean (Round),0.2510455749831876,False
AMP_Ecoli,45,100,Norm. Target Mean (Cumulative),0.29470358960309423,False
AMP_Ecoli,45,100,Top 10% peptides selected (%),18.852459016393443,False
AMP_Ecoli,45,100,Remaining Top10 Quality,0.9861572975641177,False
AMP_Ecoli,45,140,Norm. Target Mean (Round),0.44269699704060533,False
AMP_Ecoli,45,120,Norm. Target Mean (Cumulative),0.31570900162002513,False
AMP_Ecoli,45,120,Top 10% peptides selected (%),22.950819672131146,False
AMP_Ecoli,45,120,Remaining Top10 Quality,0.9655344756103623,False
AMP_Ecoli,45,160,Norm. Target Mean (Round),0.3398366461207588,False
AMP_Ecoli,45,140,Norm. Target Mean (Cumulative),0.37590451203244224,False
AMP_Ecoli,45,140,Top 10% peptides selected (%),30.327868852459016,False
AMP_Ecoli,45,140,Remaining Top10 Quality,0.9179914617829312,False
AMP_Ecoli,45,180,Norm. Target Mean (Round),0.19857478258365346,False
AMP_Ecoli,45,160,Norm. Target Mean (Cumulative),0.4008425679907099,False
AMP_Ecoli,45,160,Top 10% peptides selected (%),33.60655737704918,False
AMP_Ecoli,45,160,Remaining Top10 Quality,0.8962458622425526,False
AMP_Ecoli,45,200,Norm. Target Mean (Round),0.34621004340513467,False
AMP_Ecoli,45,180,Norm. Target Mean (Cumulative),0.3967412179032487,False
AMP_Ecoli,45,180,Top 10% peptides selected (%),34.42622950819672,False
AMP_Ecoli,45,180,Remaining Top10 Quality,0.8973876825790131,False
AMP_Ecoli,45,200,Norm. Target Mean (Cumulative),0.4180447112018879,False
AMP_Ecoli,45,200,Top 10% peptides selected (%),36.0655737704918,False
AMP_Ecoli,45,200,Remaining Top10 Quality,0.8973876825790131,False
AMP_Ecoli,50,20,Norm. Target Mean (Round),0.022698159785705014,False
AMP_Ecoli,50,40,Norm. Target Mean (Round),0.16443395007259184,False
AMP_Ecoli,50,20,Norm. Target Mean (Cumulative),0.022698159785705014,False
AMP_Ecoli,50,20,Top 10% peptides selected (%),0.819672131147541,False
AMP_Ecoli,50,20,Remaining Top10 Quality,1.0040759236730086,False
AMP_Ecoli,50,60,Norm. Target Mean (Round),0.3821377361572599,False
AMP_Ecoli,50,40,Norm. Target Mean (Cumulative),0.10664663861078287,False
AMP_Ecoli,50,40,Top 10% peptides selected (%),2.459016393442623,False
AMP_Ecoli,50,40,Remaining Top10 Quality,1.005827404388024,False
AMP_Ecoli,50,80,Norm. Target Mean (Round),0.16427922328231853,False
AMP_Ecoli,50,60,Norm. Target Mean (Cumulative),0.23571797729541025,False
AMP_Ecoli,50,60,Top 10% peptides selected (%),8.19672131147541,False
AMP_Ecoli,50,60,Remaining Top10 Quality,0.9995740144342486,False
AMP_Ecoli,50,100,Norm. Target Mean (Round),0.20297931375605474,False
AMP_Ecoli,50,80,Norm. Target Mean (Cumulative),0.24197217382023609,False
AMP_Ecoli,50,80,Top 10% peptides selected (%),9.01639344262295,False
AMP_Ecoli,50,80,Remaining Top10 Quality,0.9985022191950312,False
AMP_Ecoli,50,120,Norm. Target Mean (Round),0.404440821222458,False
AMP_Ecoli,50,100,Norm. Target Mean (Cumulative),0.25960315995030325,False
AMP_Ecoli,50,100,Top 10% peptides selected (%),9.01639344262295,False
AMP_Ecoli,50,100,Remaining Top10 Quality,1.0031920889057686,False
AMP_Ecoli,50,140,Norm. Target Mean (Round),0.1567444280876178,False
AMP_Ecoli,50,120,Norm. Target Mean (Cumulative),0.32353956478401674,False
AMP_Ecoli,50,120,Top 10% peptides selected (%),16.39344262295082,False
AMP_Ecoli,50,120,Remaining Top10 Quality,0.9936591616253825,False
AMP_Ecoli,50,160,Norm. Target Mean (Round),0.2928480090300224,False
AMP_Ecoli,50,140,Norm. Target Mean (Cumulative),0.3195080516615161,False
AMP_Ecoli,50,140,Top 10% peptides selected (%),17.21311475409836,False
AMP_Ecoli,50,140,Remaining Top10 Quality,0.998139886746134,False
AMP_Ecoli,50,180,Norm. Target Mean (Round),0.37209801318321856,False
AMP_Ecoli,50,160,Norm. Target Mean (Cumulative),0.34622247487096186,False
AMP_Ecoli,50,160,Top 10% peptides selected (%),20.491803278688526,False
AMP_Ecoli,50,160,Remaining Top10 Quality,0.9938020239320846,False
AMP_Ecoli,50,200,Norm. Target Mean (Round),0.34182768755028764,False
AMP_Ecoli,50,180,Norm. Target Mean (Cumulative),0.38501067638411834,False
AMP_Ecoli,50,180,Top 10% peptides selected (%),25.40983606557377,False
AMP_Ecoli,50,180,Remaining Top10 Quality,0.9835184490184498,False
AMP_Ecoli,50,200,Norm. Target Mean (Cumulative),0.41412721308019645,False
AMP_Ecoli,50,200,Top 10% peptides selected (%),28.688524590163933,False
AMP_Ecoli,50,200,Remaining Top10 Quality,0.9835184490184498,False
ToxinPred3,48,20,Enrichment Factor (Round),-0.018918918918918726,False
ToxinPred3,48,40,Enrichment Factor (Round),0.5157963446475196,False
ToxinPred3,48,20,Enrichment Factor (Cumulative),-0.018918918918918726,False
ToxinPred3,48,60,Enrichment Factor (Round),0.4376502002670226,False
ToxinPred3,48,40,Enrichment Factor (Cumulative),0.24864864864864877,False
ToxinPred3,48,80,Enrichment Factor (Round),0.4472032742155525,False
ToxinPred3,48,60,Enrichment Factor (Cumulative),0.30810810810810807,False
ToxinPred3,48,100,Enrichment Factor (Round),0.4571827057182707,False
ToxinPred3,48,80,Enrichment Factor (Cumulative),0.33783783783783794,False
ToxinPred3,48,120,Enrichment Factor (Round),0.5593437945791724,False
ToxinPred3,48,100,Enrichment Factor (Cumulative),0.3556756756756758,False
ToxinPred3,48,140,Enrichment Factor (Round),0.2956140350877192,False
ToxinPred3,48,120,Enrichment Factor (Cumulative),0.38243243243243263,False
ToxinPred3,48,160,Enrichment Factor (Round),0.48776119402985074,False
ToxinPred3,48,140,Enrichment Factor (Cumulative),0.3633204633204634,False
ToxinPred3,48,180,Enrichment Factor (Round),0.7808868501529052,False
ToxinPred3,48,160,Enrichment Factor (Cumulative),0.3712837837837839,False
ToxinPred3,48,200,Enrichment Factor (Round),0.8992125984251969,False
ToxinPred3,48,180,Enrichment Factor (Cumulative),0.40720720720720727,False
ToxinPred3,48,200,Enrichment Factor (Cumulative),0.4448648648648652,False
ToxinPred3,50,20,Enrichment Factor (Round),0.33783783783783794,False
ToxinPred3,50,40,Enrichment Factor (Round),0.4341207349081364,False
ToxinPred3,50,20,Enrichment Factor (Cumulative),0.33783783783783794,False
ToxinPred3,50,60,Enrichment Factor (Round),0.7140750670241285,False
ToxinPred3,50,40,Enrichment Factor (Cumulative),0.38243243243243263,False
ToxinPred3,50,80,Enrichment Factor (Round),0.18555708390646486,False
ToxinPred3,50,60,Enrichment Factor (Cumulative),0.4864864864864866,False
ToxinPred3,50,100,Enrichment Factor (Round),0.37184873949579833,False
ToxinPred3,50,80,Enrichment Factor (Cumulative),0.40472972972972987,False
ToxinPred3,50,120,Enrichment Factor (Round),0.5638054363376253,False
ToxinPred3,50,100,Enrichment Factor (Cumulative),0.3913513513513516,False
ToxinPred3,50,140,Enrichment Factor (Round),0.5778592375366569,False
ToxinPred3,50,120,Enrichment Factor (Cumulative),0.4121621621621623,False
ToxinPred3,50,160,Enrichment Factor (Round),0.6863157894736844,False
ToxinPred3,50,140,Enrichment Factor (Cumulative),0.42702702702702733,False
ToxinPred3,50,180,Enrichment Factor (Round),0.7054095826893356,False
ToxinPred3,50,160,Enrichment Factor (Cumulative),0.44932432432432456,False
ToxinPred3,50,200,Enrichment Factor (Round),0.4379968203497615,False
ToxinPred3,50,180,Enrichment Factor (Cumulative),0.4666666666666668,False
ToxinPred3,50,200,Enrichment Factor (Cumulative),0.4537837837837839,False
ToxinPred3,44,20,Enrichment Factor (Round),-0.108108108108108,False
ToxinPred3,44,40,Enrichment Factor (Round),0.513820078226858,False
ToxinPred3,44,20,Enrichment Factor (Cumulative),-0.108108108108108,False
ToxinPred3,44,60,Enrichment Factor (Round),0.6152,False
ToxinPred3,44,40,Enrichment Factor (Cumulative),0.2040540540540543,False
ToxinPred3,44,80,Enrichment Factor (Round),0.630327868852459,False
ToxinPred3,44,60,Enrichment Factor (Cumulative),0.33783783783783794,False
ToxinPred3,44,100,Enrichment Factor (Round),0.6462184873949581,False
ToxinPred3,44,80,Enrichment Factor (Cumulative),0.40472972972972987,False
ToxinPred3,44,120,Enrichment Factor (Round),0.29339080459770095,False
ToxinPred3,44,100,Enrichment Factor (Cumulative),0.4448648648648652,False
ToxinPred3,44,140,Enrichment Factor (Round),0.5778592375366569,False
ToxinPred3,44,120,Enrichment Factor (Cumulative),0.4121621621621623,False
ToxinPred3,44,160,Enrichment Factor (Round),0.4989473684210528,False
ToxinPred3,44,140,Enrichment Factor (Cumulative),0.42702702702702733,False
ToxinPred3,44,180,Enrichment Factor (Round),0.2278890600924499,False
ToxinPred3,44,160,Enrichment Factor (Cumulative),0.42702702702702733,False
ToxinPred3,44,200,Enrichment Factor (Round),0.4221698113207546,False
ToxinPred3,44,180,Enrichment Factor (Cumulative),0.39729729729729746,False
ToxinPred3,44,200,Enrichment Factor (Cumulative),0.3913513513513516,False
AMP_Ecoli,48,20,Norm. Target Mean (Round),-0.13153217654402294,False
AMP_Ecoli,48,40,Norm. Target Mean (Round),0.24423868051361766,False
AMP_Ecoli,48,20,Norm. Target Mean (Cumulative),-0.13153217654402294,False
AMP_Ecoli,48,20,Top 10% peptides selected (%),1.639344262295082,False
AMP_Ecoli,48,20,Remaining Top10 Quality,1.0025905460946858,False
AMP_Ecoli,48,60,Norm. Target Mean (Round),0.16006659287245792,False
AMP_Ecoli,48,40,Norm. Target Mean (Cumulative),0.06529303463047635,False
AMP_Ecoli,48,40,Top 10% peptides selected (%),5.737704918032787,False
AMP_Ecoli,48,40,Remaining Top10 Quality,0.9971345440041319,False
AMP_Ecoli,48,80,Norm. Target Mean (Round),0.35347608092032634,False
AMP_Ecoli,48,60,Norm. Target Mean (Cumulative),0.11341499139897372,False
AMP_Ecoli,48,60,Top 10% peptides selected (%),5.737704918032787,False
AMP_Ecoli,48,60,Remaining Top10 Quality,1.0016391134629319,False
AMP_Ecoli,48,100,Norm. Target Mean (Round),0.28458989169716437,False
AMP_Ecoli,48,80,Norm. Target Mean (Cumulative),0.20856653067748254,False
AMP_Ecoli,48,80,Top 10% peptides selected (%),10.655737704918032,False
AMP_Ecoli,48,80,Remaining Top10 Quality,0.9956777655108895,False
AMP_Ecoli,48,120,Norm. Target Mean (Round),0.3284331211858675,False
AMP_Ecoli,48,100,Norm. Target Mean (Cumulative),0.2554135985031583,False
AMP_Ecoli,48,100,Top 10% peptides selected (%),13.934426229508196,False
AMP_Ecoli,48,100,Remaining Top10 Quality,0.9945257591585762,False
AMP_Ecoli,48,140,Norm. Target Mean (Round),0.18548016175494522,False
AMP_Ecoli,48,120,Norm. Target Mean (Cumulative),0.3013693941881546,False
AMP_Ecoli,48,120,Top 10% peptides selected (%),22.131147540983605,False
AMP_Ecoli,48,120,Remaining Top10 Quality,0.9806022844870814,False
AMP_Ecoli,48,160,Norm. Target Mean (Round),0.28393337494684784,False
AMP_Ecoli,48,140,Norm. Target Mean (Cumulative),0.30668054845566467,False
AMP_Ecoli,48,140,Top 10% peptides selected (%),23.770491803278688,False
AMP_Ecoli,48,140,Remaining Top10 Quality,0.9831659716857069,False
AMP_Ecoli,48,180,Norm. Target Mean (Round),0.26744410904482024,False
AMP_Ecoli,48,160,Norm. Target Mean (Cumulative),0.3331693192617997,False
AMP_Ecoli,48,160,Top 10% peptides selected (%),26.229508196721312,False
AMP_Ecoli,48,160,Remaining Top10 Quality,0.9800781801568412,False
AMP_Ecoli,48,200,Norm. Target Mean (Round),0.38192244398872244,False
AMP_Ecoli,48,180,Norm. Target Mean (Cumulative),0.35335738671867223,False
AMP_Ecoli,48,180,Top 10% peptides selected (%),31.147540983606557,False
AMP_Ecoli,48,180,Remaining Top10 Quality,0.9628214125408806,False
AMP_Ecoli,48,200,Norm. Target Mean (Cumulative),0.3920123325145418,False
AMP_Ecoli,48,200,Top 10% peptides selected (%),37.704918032786885,False
AMP_Ecoli,48,200,Remaining Top10 Quality,0.9628214125408806,False
CellPPD,50,20,Enrichment Factor (Round),0.02682926829268295,False
CellPPD,50,40,Enrichment Factor (Round),1.2833333333333332,False
CellPPD,50,20,Enrichment Factor (Cumulative),0.02682926829268295,False
CellPPD,50,60,Enrichment Factor (Round),1.2408823529411763,False
CellPPD,50,40,Enrichment Factor (Cumulative),0.6543360433604335,False
CellPPD,50,80,Enrichment Factor (Round),1.4361370716510904,False
CellPPD,50,60,Enrichment Factor (Cumulative),0.8254742547425475,False
CellPPD,50,100,Enrichment Factor (Round),1.4049833887043186,False
CellPPD,50,80,Enrichment Factor (Cumulative),0.9395663956639566,False
CellPPD,50,120,Enrichment Factor (Round),1.499645390070922,False
CellPPD,50,100,Enrichment Factor (Cumulative),0.9852032520325202,False
CellPPD,50,140,Enrichment Factor (Round),1.4707224334600761,False
CellPPD,50,120,Enrichment Factor (Cumulative),1.015627822944896,False
CellPPD,50,160,Enrichment Factor (Round),1.2922448979591836,False
CellPPD,50,140,Enrichment Factor (Cumulative),1.0210607820363915,False
CellPPD,50,180,Enrichment Factor (Round),1.9781659388646289,False
CellPPD,50,160,Enrichment Factor (Cumulative),0.9966124661246611,False
CellPPD,50,200,Enrichment Factor (Round),2.167464114832536,False
CellPPD,50,180,Enrichment Factor (Cumulative),1.0283047274917192,False
CellPPD,50,200,Enrichment Factor (Cumulative),1.053658536585366,False
CellPPD,44,20,Enrichment Factor (Round),0.02682926829268295,False
CellPPD,44,40,Enrichment Factor (Round),1.2833333333333332,False
CellPPD,44,20,Enrichment Factor (Cumulative),0.02682926829268295,False
CellPPD,44,60,Enrichment Factor (Round),1.3588235294117648,False
CellPPD,44,40,Enrichment Factor (Cumulative),0.6543360433604335,False
CellPPD,44,80,Enrichment Factor (Round),1.3215624999999998,False
CellPPD,44,60,Enrichment Factor (Cumulative),0.8635049683830172,False
CellPPD,44,100,Enrichment Factor (Round),1.5315614617940199,False
CellPPD,44,80,Enrichment Factor (Cumulative),0.9395663956639566,False
CellPPD,44,120,Enrichment Factor (Round),1.3765124555160142,False
CellPPD,44,100,Enrichment Factor (Cumulative),1.0080216802168023,False
CellPPD,44,140,Enrichment Factor (Round),1.745247148288973,False
CellPPD,44,120,Enrichment Factor (Cumulative),1.015627822944896,False
CellPPD,44,160,Enrichment Factor (Round),1.6,False
CellPPD,44,140,Enrichment Factor (Cumulative),1.053658536585366,False
CellPPD,44,180,Enrichment Factor (Round),2.031111111111111,False
CellPPD,44,160,Enrichment Factor (Cumulative),1.053658536585366,False
CellPPD,44,200,Enrichment Factor (Round),2.0678048780487805,False
CellPPD,44,180,Enrichment Factor (Cumulative),1.0790123456790122,False
CellPPD,44,200,Enrichment Factor (Cumulative),1.0878861788617886,False
ToxinPred3,43,20,Enrichment Factor (Round),0.1594594594594596,False
ToxinPred3,43,40,Enrichment Factor (Round),0.6091623036649216,False
ToxinPred3,43,20,Enrichment Factor (Cumulative),0.1594594594594596,False
ToxinPred3,43,60,Enrichment Factor (Round),0.5336461126005361,False
ToxinPred3,43,40,Enrichment Factor (Cumulative),0.38243243243243263,False
ToxinPred3,43,80,Enrichment Factor (Round),0.5460905349794236,False
ToxinPred3,43,60,Enrichment Factor (Cumulative),0.42702702702702733,False
ToxinPred3,43,100,Enrichment Factor (Round),0.7425561797752809,False
ToxinPred3,43,80,Enrichment Factor (Cumulative),0.44932432432432456,False
ToxinPred3,43,120,Enrichment Factor (Round),0.7629148629148628,False
ToxinPred3,43,100,Enrichment Factor (Cumulative),0.4983783783783784,False
ToxinPred3,43,140,Enrichment Factor (Round),0.5965875370919882,False
ToxinPred3,43,120,Enrichment Factor (Cumulative),0.5310810810810811,False
ToxinPred3,43,160,Enrichment Factor (Round),0.42237442922374413,False
ToxinPred3,43,140,Enrichment Factor (Cumulative),0.528957528957529,False
ToxinPred3,43,180,Enrichment Factor (Round),0.6232087227414331,False
ToxinPred3,43,160,Enrichment Factor (Cumulative),0.5050675675675678,False
ToxinPred3,43,200,Enrichment Factor (Round),0.73664,False
ToxinPred3,43,180,Enrichment Factor (Cumulative),0.5063063063063065,False
ToxinPred3,43,200,Enrichment Factor (Cumulative),0.5162162162162163,False
ToxinPred3,47,20,Enrichment Factor (Round),-0.108108108108108,False
ToxinPred3,47,40,Enrichment Factor (Round),0.6919165580182529,False
ToxinPred3,47,20,Enrichment Factor (Cumulative),-0.108108108108108,False
ToxinPred3,47,60,Enrichment Factor (Round),0.5295454545454545,False
ToxinPred3,47,40,Enrichment Factor (Cumulative),0.29324324324324325,False
ToxinPred3,47,80,Enrichment Factor (Round),0.6325581395348836,False
ToxinPred3,47,60,Enrichment Factor (Cumulative),0.3675675675675678,False
ToxinPred3,47,100,Enrichment Factor (Round),0.46535764375876587,False
ToxinPred3,47,80,Enrichment Factor (Cumulative),0.42702702702702733,False
ToxinPred3,47,120,Enrichment Factor (Round),0.7527977044476328,False
ToxinPred3,47,100,Enrichment Factor (Cumulative),0.42702702702702733,False
ToxinPred3,47,140,Enrichment Factor (Round),0.6805309734513276,False
ToxinPred3,47,120,Enrichment Factor (Cumulative),0.4716216216216216,False
ToxinPred3,47,160,Enrichment Factor (Round),0.5103030303030305,False
ToxinPred3,47,140,Enrichment Factor (Cumulative),0.490733590733591,False
ToxinPred3,47,180,Enrichment Factor (Round),0.42779503105590067,False
ToxinPred3,47,160,Enrichment Factor (Cumulative),0.48277027027027053,False
ToxinPred3,47,200,Enrichment Factor (Round),0.5338632750397456,False
ToxinPred3,47,180,Enrichment Factor (Cumulative),0.4666666666666668,False
ToxinPred3,47,200,Enrichment Factor (Cumulative),0.46270270270270286,False
CellPPD,46,20,Enrichment Factor (Round),0.02682926829268295,False
CellPPD,46,40,Enrichment Factor (Round),1.2833333333333332,False
CellPPD,46,20,Enrichment Factor (Cumulative),0.02682926829268295,False
CellPPD,46,60,Enrichment Factor (Round),1.3588235294117648,False
CellPPD,46,40,Enrichment Factor (Cumulative),0.6543360433604335,False
CellPPD,46,80,Enrichment Factor (Round),1.3215624999999998,False
CellPPD,46,60,Enrichment Factor (Cumulative),0.8635049683830172,False
CellPPD,46,100,Enrichment Factor (Round),1.5315614617940199,False
CellPPD,46,80,Enrichment Factor (Cumulative),0.9395663956639566,False
CellPPD,46,120,Enrichment Factor (Round),1.508540925266904,False
CellPPD,46,100,Enrichment Factor (Cumulative),1.0080216802168023,False
CellPPD,46,140,Enrichment Factor (Round),1.7557251908396947,False
CellPPD,46,120,Enrichment Factor (Cumulative),1.0346431797651312,False
CellPPD,46,160,Enrichment Factor (Round),1.755785123966942,False
CellPPD,46,140,Enrichment Factor (Cumulative),1.0699574138598527,False
CellPPD,46,180,Enrichment Factor (Round),1.7524663677130046,False
CellPPD,46,160,Enrichment Factor (Cumulative),1.0821815718157182,False
CellPPD,46,200,Enrichment Factor (Round),1.9063414634146345,False
CellPPD,46,180,Enrichment Factor (Cumulative),1.0790123456790122,False
CellPPD,46,200,Enrichment Factor (Cumulative),1.0764769647696477,False
CellPPD,49,20,Enrichment Factor (Round),-0.08726287262872623,False
CellPPD,49,40,Enrichment Factor (Round),1.2770083102493075,False
CellPPD,49,20,Enrichment Factor (Cumulative),-0.08726287262872623,False
CellPPD,49,60,Enrichment Factor (Round),1.3519061583577714,False
CellPPD,49,40,Enrichment Factor (Cumulative),0.5972899728997287,False
CellPPD,49,80,Enrichment Factor (Round),1.3143302180685357,False
CellPPD,49,60,Enrichment Factor (Cumulative),0.8254742547425475,False
CellPPD,49,100,Enrichment Factor (Round),1.52317880794702,False
CellPPD,49,80,Enrichment Factor (Cumulative),0.9110433604336043,False
CellPPD,49,120,Enrichment Factor (Round),1.499645390070922,False
CellPPD,49,100,Enrichment Factor (Cumulative),0.9852032520325202,False
CellPPD,49,140,Enrichment Factor (Round),1.6079847908745246,False
CellPPD,49,120,Enrichment Factor (Cumulative),1.015627822944896,False
CellPPD,49,160,Enrichment Factor (Round),1.3016393442622949,False
CellPPD,49,140,Enrichment Factor (Cumulative),1.0373596593108787,False
CellPPD,49,180,Enrichment Factor (Round),1.8416666666666668,False
CellPPD,49,160,Enrichment Factor (Cumulative),1.0108739837398373,False
CellPPD,49,200,Enrichment Factor (Round),2.167464114832536,False
CellPPD,49,180,Enrichment Factor (Cumulative),1.0283047274917192,False
CellPPD,49,200,Enrichment Factor (Cumulative),1.053658536585366,False
ToxinPred3,42,20,Enrichment Factor (Round),0.1594594594594596,False
ToxinPred3,42,40,Enrichment Factor (Round),0.16217277486910997,False
ToxinPred3,42,20,Enrichment Factor (Cumulative),0.1594594594594596,False
ToxinPred3,42,60,Enrichment Factor (Round),0.34420772303595193,False
ToxinPred3,42,40,Enrichment Factor (Cumulative),0.1594594594594596,False
ToxinPred3,42,80,Enrichment Factor (Round),0.5313858695652174,False
ToxinPred3,42,60,Enrichment Factor (Cumulative),0.21891891891891913,False
ToxinPred3,42,100,Enrichment Factor (Round),0.5439499304589708,False
ToxinPred3,42,80,Enrichment Factor (Cumulative),0.29324324324324325,False
ToxinPred3,42,120,Enrichment Factor (Round),0.6487179487179489,False
ToxinPred3,42,100,Enrichment Factor (Cumulative),0.33783783783783794,False
ToxinPred3,42,140,Enrichment Factor (Round),0.6657894736842105,False
ToxinPred3,42,120,Enrichment Factor (Cumulative),0.38243243243243263,False
ToxinPred3,42,160,Enrichment Factor (Round),0.5902402402402402,False
ToxinPred3,42,140,Enrichment Factor (Cumulative),0.41428571428571437,False
ToxinPred3,42,180,Enrichment Factor (Round),0.5112480739599385,False
ToxinPred3,42,160,Enrichment Factor (Cumulative),0.42702702702702733,False
ToxinPred3,42,200,Enrichment Factor (Round),0.619431279620853,False
ToxinPred3,42,180,Enrichment Factor (Cumulative),0.42702702702702733,False
ToxinPred3,42,200,Enrichment Factor (Cumulative),0.43594594594594627,False
ToxinPred3,45,20,Enrichment Factor (Round),-0.018918918918918726,False
ToxinPred3,45,40,Enrichment Factor (Round),0.6941253263707572,False
ToxinPred3,45,20,Enrichment Factor (Cumulative),-0.018918918918918726,False
ToxinPred3,45,60,Enrichment Factor (Round),0.5315930388219543,False
ToxinPred3,45,40,Enrichment Factor (Cumulative),0.33783783783783794,False
ToxinPred3,45,80,Enrichment Factor (Round),0.36232876712328754,False
ToxinPred3,45,60,Enrichment Factor (Cumulative),0.39729729729729746,False
ToxinPred3,45,100,Enrichment Factor (Round),0.27860139860139843,False
ToxinPred3,45,80,Enrichment Factor (Cumulative),0.38243243243243263,False
ToxinPred3,45,120,Enrichment Factor (Round),0.37589158345221096,False
ToxinPred3,45,100,Enrichment Factor (Cumulative),0.3556756756756758,False
ToxinPred3,45,140,Enrichment Factor (Round),0.7532069970845481,False
ToxinPred3,45,120,Enrichment Factor (Cumulative),0.35270270270270276,False
ToxinPred3,45,160,Enrichment Factor (Round),0.587856071964018,False
ToxinPred3,45,140,Enrichment Factor (Cumulative),0.40154440154440163,False
ToxinPred3,45,180,Enrichment Factor (Round),0.5089230769230768,False
ToxinPred3,45,160,Enrichment Factor (Cumulative),0.4158783783783784,False
ToxinPred3,45,200,Enrichment Factor (Round),0.331545741324921,False
ToxinPred3,45,180,Enrichment Factor (Cumulative),0.4171171171171171,False
ToxinPred3,45,200,Enrichment Factor (Cumulative),0.4002702702702705,False
CellPPD,48,20,Enrichment Factor (Round),0.14092140921409202,False
CellPPD,48,40,Enrichment Factor (Round),1.2896935933147633,False
CellPPD,48,20,Enrichment Factor (Cumulative),0.14092140921409202,False
CellPPD,48,60,Enrichment Factor (Round),1.3657817109144545,False
CellPPD,48,40,Enrichment Factor (Cumulative),0.7113821138211383,False
CellPPD,48,80,Enrichment Factor (Round),1.3288401253918494,False
CellPPD,48,60,Enrichment Factor (Cumulative),0.901535682023487,False
CellPPD,48,100,Enrichment Factor (Round),1.54,False
CellPPD,48,80,Enrichment Factor (Cumulative),0.9680894308943089,False
CellPPD,48,120,Enrichment Factor (Round),1.65,False
CellPPD,48,100,Enrichment Factor (Cumulative),1.030840108401084,False
CellPPD,48,140,Enrichment Factor (Round),1.6380769230769228,False
CellPPD,48,120,Enrichment Factor (Cumulative),1.0726738934056006,False
CellPPD,48,160,Enrichment Factor (Round),1.767219917012448,False
CellPPD,48,140,Enrichment Factor (Cumulative),1.0862562911343399,False
CellPPD,48,180,Enrichment Factor (Round),1.9184684684684683,False
CellPPD,48,160,Enrichment Factor (Cumulative),1.096443089430894,False
CellPPD,48,200,Enrichment Factor (Round),2.2610837438423643,False
CellPPD,48,180,Enrichment Factor (Cumulative),1.1043661547726589,False
CellPPD,48,200,Enrichment Factor (Cumulative),1.1221138211382113,False
CellPPD,42,20,Enrichment Factor (Round),0.14092140921409202,False
CellPPD,42,40,Enrichment Factor (Round),1.2896935933147633,False
CellPPD,42,20,Enrichment Factor (Cumulative),0.14092140921409202,False
CellPPD,42,60,Enrichment Factor (Round),1.2474926253687317,False
CellPPD,42,40,Enrichment Factor (Cumulative),0.7113821138211383,False
CellPPD,42,80,Enrichment Factor (Round),1.44375,False
CellPPD,42,60,Enrichment Factor (Cumulative),0.8635049683830172,False
CellPPD,42,100,Enrichment Factor (Round),1.4129999999999998,False
CellPPD,42,80,Enrichment Factor (Cumulative),0.9680894308943089,False
CellPPD,42,120,Enrichment Factor (Round),1.508540925266904,False
CellPPD,42,100,Enrichment Factor (Cumulative),1.0080216802168023,False
CellPPD,42,140,Enrichment Factor (Round),1.6179389312977102,False
CellPPD,42,120,Enrichment Factor (Cumulative),1.0346431797651312,False
CellPPD,42,160,Enrichment Factor (Round),1.6,False
CellPPD,42,140,Enrichment Factor (Cumulative),1.053658536585366,False
CellPPD,42,180,Enrichment Factor (Round),1.8795555555555556,False
CellPPD,42,160,Enrichment Factor (Cumulative),1.053658536585366,False
CellPPD,42,200,Enrichment Factor (Round),2.052912621359223,False
CellPPD,42,180,Enrichment Factor (Cumulative),1.066335441132189,False
CellPPD,42,200,Enrichment Factor (Cumulative),1.0764769647696477,False
CellPPD,45,20,Enrichment Factor (Round),-0.3154471544715448,False
CellPPD,45,40,Enrichment Factor (Round),1.2644628099173554,False
CellPPD,45,20,Enrichment Factor (Cumulative),-0.3154471544715448,False
CellPPD,45,60,Enrichment Factor (Round),1.3381924198250728,False
CellPPD,45,40,Enrichment Factor (Cumulative),0.48319783197831967,False
CellPPD,45,80,Enrichment Factor (Round),1.4210526315789473,False
CellPPD,45,60,Enrichment Factor (Cumulative),0.7494128274616081,False
CellPPD,45,100,Enrichment Factor (Round),1.5148514851485149,False
CellPPD,45,80,Enrichment Factor (Cumulative),0.8825203252032519,False
CellPPD,45,120,Enrichment Factor (Round),1.4908127208480564,False
CellPPD,45,100,Enrichment Factor (Cumulative),0.9623848238482384,False
CellPPD,45,140,Enrichment Factor (Round),1.5981060606060606,False
CellPPD,45,120,Enrichment Factor (Cumulative),0.9966124661246611,False
CellPPD,45,160,Enrichment Factor (Round),1.8653061224489798,False
CellPPD,45,140,Enrichment Factor (Cumulative),1.0210607820363915,False
CellPPD,45,180,Enrichment Factor (Round),1.7280000000000002,False
CellPPD,45,160,Enrichment Factor (Cumulative),1.053658536585366,False
CellPPD,45,200,Enrichment Factor (Round),1.718357487922705,False
CellPPD,45,180,Enrichment Factor (Cumulative),1.053658536585366,False
CellPPD,45,200,Enrichment Factor (Cumulative),1.042249322493225,False
ToxinPred3,51,20,Enrichment Factor (Round),0.07027027027027044,False
ToxinPred3,51,40,Enrichment Factor (Round),0.24993464052287573,False
ToxinPred3,51,20,Enrichment Factor (Cumulative),0.07027027027027044,False
ToxinPred3,51,60,Enrichment Factor (Round),0.34420772303595193,False
ToxinPred3,51,40,Enrichment Factor (Cumulative),0.1594594594594596,False
ToxinPred3,51,80,Enrichment Factor (Round),0.5313858695652174,False
ToxinPred3,51,60,Enrichment Factor (Cumulative),0.21891891891891913,False
ToxinPred3,51,100,Enrichment Factor (Round),0.5439499304589708,False
ToxinPred3,51,80,Enrichment Factor (Cumulative),0.29324324324324325,False
ToxinPred3,51,120,Enrichment Factor (Round),0.4655270655270656,False
ToxinPred3,51,100,Enrichment Factor (Cumulative),0.33783783783783794,False
ToxinPred3,51,140,Enrichment Factor (Round),0.38411078717201175,False
ToxinPred3,51,120,Enrichment Factor (Cumulative),0.35270270270270276,False
ToxinPred3,51,160,Enrichment Factor (Round),0.6712369597615497,False
ToxinPred3,51,140,Enrichment Factor (Cumulative),0.3505791505791507,False
ToxinPred3,51,180,Enrichment Factor (Round),0.40811638591117916,False
ToxinPred3,51,160,Enrichment Factor (Cumulative),0.38243243243243263,False
ToxinPred3,51,200,Enrichment Factor (Round),0.6067398119122256,False
ToxinPred3,51,180,Enrichment Factor (Cumulative),0.3774774774774776,False
ToxinPred3,51,200,Enrichment Factor (Cumulative),0.3913513513513516,False
CellPPD,47,20,Enrichment Factor (Round),-0.08726287262872623,False
CellPPD,47,40,Enrichment Factor (Round),1.2770083102493075,False
CellPPD,47,20,Enrichment Factor (Cumulative),-0.08726287262872623,False
CellPPD,47,60,Enrichment Factor (Round),1.3519061583577714,False
CellPPD,47,40,Enrichment Factor (Cumulative),0.5972899728997287,False
CellPPD,47,80,Enrichment Factor (Round),1.4361370716510904,False
CellPPD,47,60,Enrichment Factor (Cumulative),0.8254742547425475,False
CellPPD,47,100,Enrichment Factor (Round),1.5315614617940199,False
CellPPD,47,80,Enrichment Factor (Cumulative),0.9395663956639566,False
CellPPD,47,120,Enrichment Factor (Round),1.508540925266904,False
CellPPD,47,100,Enrichment Factor (Cumulative),1.0080216802168023,False
CellPPD,47,140,Enrichment Factor (Round),1.6179389312977102,False
CellPPD,47,120,Enrichment Factor (Cumulative),1.0346431797651312,False
CellPPD,47,160,Enrichment Factor (Round),1.8888888888888888,False
CellPPD,47,140,Enrichment Factor (Cumulative),1.053658536585366,False
CellPPD,47,180,Enrichment Factor (Round),1.7524663677130046,False
CellPPD,47,160,Enrichment Factor (Cumulative),1.0821815718157182,False
CellPPD,47,200,Enrichment Factor (Round),2.229268292682927,False
CellPPD,47,180,Enrichment Factor (Cumulative),1.0790123456790122,False
CellPPD,47,200,Enrichment Factor (Cumulative),1.0992953929539295,False
CellPPD,43,20,Enrichment Factor (Round),-0.5436314363143631,False
CellPPD,43,40,Enrichment Factor (Round),1.2520547945205478,False
CellPPD,43,20,Enrichment Factor (Cumulative),-0.5436314363143631,False
CellPPD,43,60,Enrichment Factor (Round),1.0921739130434784,False
CellPPD,43,40,Enrichment Factor (Cumulative),0.3691056910569104,False
CellPPD,43,80,Enrichment Factor (Round),1.3914373088685017,False
CellPPD,43,60,Enrichment Factor (Cumulative),0.5972899728997287,False
CellPPD,43,100,Enrichment Factor (Round),1.1097719869706841,False
CellPPD,43,80,Enrichment Factor (Cumulative),0.7684281842818428,False
CellPPD,43,120,Enrichment Factor (Round),1.5586206896551724,False
CellPPD,43,100,Enrichment Factor (Cumulative),0.8026558265582655,False
CellPPD,43,140,Enrichment Factor (Round),1.674074074074074,False
CellPPD,43,120,Enrichment Factor (Cumulative),0.8825203252032519,False
CellPPD,43,160,Enrichment Factor (Round),1.3868,False
CellPPD,43,140,Enrichment Factor (Cumulative),0.9395663956639566,False
CellPPD,43,180,Enrichment Factor (Round),1.7806866952789702,False
CellPPD,43,160,Enrichment Factor (Cumulative),0.9395663956639566,False
CellPPD,43,200,Enrichment Factor (Round),2.093457943925234,False
CellPPD,43,180,Enrichment Factor (Cumulative),0.9649202047576031,False
CellPPD,43,200,Enrichment Factor (Cumulative),0.9966124661246611,False
CellPPD,51,20,Enrichment Factor (Round),0.02682926829268295,False
CellPPD,51,40,Enrichment Factor (Round),1.2833333333333332,False
CellPPD,51,20,Enrichment Factor (Cumulative),0.02682926829268295,False
CellPPD,51,60,Enrichment Factor (Round),1.3588235294117648,False
CellPPD,51,40,Enrichment Factor (Cumulative),0.6543360433604335,False
CellPPD,51,80,Enrichment Factor (Round),1.1993750000000003,False
CellPPD,51,60,Enrichment Factor (Cumulative),0.8635049683830172,False
CellPPD,51,100,Enrichment Factor (Round),1.3970198675496688,False
CellPPD,51,80,Enrichment Factor (Cumulative),0.9110433604336043,False
CellPPD,51,120,Enrichment Factor (Round),1.6219081272084805,False
CellPPD,51,100,Enrichment Factor (Cumulative),0.9623848238482384,False
CellPPD,51,140,Enrichment Factor (Round),1.4707224334600761,False
CellPPD,51,120,Enrichment Factor (Cumulative),1.015627822944896,False
CellPPD,51,160,Enrichment Factor (Round),1.7220408163265306,False
CellPPD,51,140,Enrichment Factor (Cumulative),1.0210607820363915,False
CellPPD,51,180,Enrichment Factor (Round),1.5650442477876108,False
CellPPD,51,160,Enrichment Factor (Cumulative),1.0393970189701895,False
CellPPD,51,200,Enrichment Factor (Round),2.0090909090909093,False
CellPPD,51,180,Enrichment Factor (Cumulative),1.0283047274917192,False
CellPPD,51,200,Enrichment Factor (Cumulative),1.042249322493225,False
ToxinPred3,49,20,Enrichment Factor (Round),-0.28648648648648634,False
ToxinPred3,49,40,Enrichment Factor (Round),0.24343302990897264,False
ToxinPred3,49,20,Enrichment Factor (Cumulative),-0.28648648648648634,False
ToxinPred3,49,60,Enrichment Factor (Round),0.7827814569536424,False
ToxinPred3,49,40,Enrichment Factor (Cumulative),-0.018918918918918726,False
ToxinPred3,49,80,Enrichment Factor (Round),0.7138775510204081,False
ToxinPred3,49,60,Enrichment Factor (Cumulative),0.24864864864864877,False
ToxinPred3,49,100,Enrichment Factor (Round),0.6416201117318436,False
ToxinPred3,49,80,Enrichment Factor (Cumulative),0.3601351351351352,False
ToxinPred3,49,120,Enrichment Factor (Round),0.5660458452722061,False
ToxinPred3,49,100,Enrichment Factor (Cumulative),0.40918918918918945,False
ToxinPred3,49,140,Enrichment Factor (Round),0.5801762114537445,False
ToxinPred3,49,120,Enrichment Factor (Cumulative),0.42702702702702733,False
ToxinPred3,49,160,Enrichment Factor (Round),0.5012048192771084,False
ToxinPred3,49,140,Enrichment Factor (Cumulative),0.43976833976833984,False
ToxinPred3,49,180,Enrichment Factor (Round),0.5135802469135802,False
ToxinPred3,49,160,Enrichment Factor (Cumulative),0.43817567567567584,False
ToxinPred3,49,200,Enrichment Factor (Round),0.621993670886076,False
ToxinPred3,49,180,Enrichment Factor (Cumulative),0.43693693693693714,False
ToxinPred3,49,200,Enrichment Factor (Cumulative),0.4448648648648652,False
MAFG_MOUSE_sub,43,20,Norm. Target Mean (Round),0.09069310949447348,False
MAFG_MOUSE_sub,43,40,Norm. Target Mean (Round),0.5907224911083422,False
MAFG_MOUSE_sub,43,20,Norm. Target Mean (Cumulative),0.09069310949447348,False
MAFG_MOUSE_sub,43,20,Top 10% peptides selected (%),1.3986013986013985,False
MAFG_MOUSE_sub,43,20,Remaining Top10 Quality,1.0008515836932232,False
MAFG_MOUSE_sub,43,60,Norm. Target Mean (Round),0.6695319049711327,False
MAFG_MOUSE_sub,43,40,Norm. Target Mean (Cumulative),0.3642890412608415,False
MAFG_MOUSE_sub,43,40,Top 10% peptides selected (%),7.6923076923076925,False
MAFG_MOUSE_sub,43,40,Remaining Top10 Quality,0.9892629437432638,False
MAFG_MOUSE_sub,43,80,Norm. Target Mean (Round),0.7812193512043666,False
MAFG_MOUSE_sub,43,60,Norm. Target Mean (Cumulative),0.49816427708223465,False
MAFG_MOUSE_sub,43,60,Top 10% peptides selected (%),16.783216783216783,False
MAFG_MOUSE_sub,43,60,Remaining Top10 Quality,0.9777559923304249,False
MAFG_MOUSE_sub,43,100,Norm. Target Mean (Round),0.8111753880123163,False
MAFG_MOUSE_sub,43,80,Norm. Target Mean (Cumulative),0.606384984372955,False
MAFG_MOUSE_sub,43,80,Top 10% peptides selected (%),27.27272727272727,False
MAFG_MOUSE_sub,43,80,Remaining Top10 Quality,0.9582665930651311,False
MAFG_MOUSE_sub,43,120,Norm. Target Mean (Round),0.6926189972138954,False
MAFG_MOUSE_sub,43,100,Norm. Target Mean (Cumulative),0.6852402420050613,False
MAFG_MOUSE_sub,43,100,Top 10% peptides selected (%),37.76223776223776,False
MAFG_MOUSE_sub,43,100,Remaining Top10 Quality,0.9330939449861043,False
MAFG_MOUSE_sub,43,140,Norm. Target Mean (Round),0.742659717312385,False
MAFG_MOUSE_sub,43,120,Norm. Target Mean (Cumulative),0.7168342262326451,False
MAFG_MOUSE_sub,43,120,Top 10% peptides selected (%),42.65734265734265,False
MAFG_MOUSE_sub,43,120,Remaining Top10 Quality,0.9257687666103225,False
MAFG_MOUSE_sub,43,160,Norm. Target Mean (Round),0.7494060505678182,False
MAFG_MOUSE_sub,43,140,Norm. Target Mean (Cumulative),0.7517499801347095,False
MAFG_MOUSE_sub,43,140,Top 10% peptides selected (%),51.74825174825175,False
MAFG_MOUSE_sub,43,140,Remaining Top10 Quality,0.907692338135216,False
MAFG_MOUSE_sub,43,180,Norm. Target Mean (Round),0.7587000051551442,False
MAFG_MOUSE_sub,43,160,Norm. Target Mean (Cumulative),0.7809616804216447,False
MAFG_MOUSE_sub,43,160,Top 10% peptides selected (%),58.74125874125874,False
MAFG_MOUSE_sub,43,160,Remaining Top10 Quality,0.8921433792561433,False
MAFG_MOUSE_sub,43,200,Norm. Target Mean (Round),0.76452954192416,False
MAFG_MOUSE_sub,43,180,Norm. Target Mean (Cumulative),0.806838894010928,False
MAFG_MOUSE_sub,43,180,Top 10% peptides selected (%),66.43356643356644,False
MAFG_MOUSE_sub,43,180,Remaining Top10 Quality,0.8687900308305226,False
MAFG_MOUSE_sub,43,200,Norm. Target Mean (Cumulative),0.8281475644907936,False
MAFG_MOUSE_sub,43,200,Top 10% peptides selected (%),72.72727272727273,False
MAFG_MOUSE_sub,43,200,Remaining Top10 Quality,0.8687900308305226,False
MAFG_MOUSE_sub,47,20,Norm. Target Mean (Round),0.02484945236871523,False
MAFG_MOUSE_sub,47,40,Norm. Target Mean (Round),0.7040150761049844,False
MAFG_MOUSE_sub,47,20,Norm. Target Mean (Cumulative),0.02484945236871523,False
MAFG_MOUSE_sub,47,20,Top 10% peptides selected (%),0.6993006993006993,False
MAFG_MOUSE_sub,47,20,Remaining Top10 Quality,0.9997583000919187,False
MAFG_MOUSE_sub,47,60,Norm. Target Mean (Round),0.7123731601605623,False
MAFG_MOUSE_sub,47,40,Norm. Target Mean (Cumulative),0.3889632030120267,False
MAFG_MOUSE_sub,47,40,Top 10% peptides selected (%),11.188811188811188,False
MAFG_MOUSE_sub,47,40,Remaining Top10 Quality,0.9780941411305415,False
MAFG_MOUSE_sub,47,80,Norm. Target Mean (Round),0.7956285840493448,False
MAFG_MOUSE_sub,47,60,Norm. Target Mean (Cumulative),0.524735896642874,False
MAFG_MOUSE_sub,47,60,Top 10% peptides selected (%),17.482517482517483,False
MAFG_MOUSE_sub,47,60,Remaining Top10 Quality,0.9593297223309544,False
MAFG_MOUSE_sub,47,100,Norm. Target Mean (Round),0.7810239928704426,False
MAFG_MOUSE_sub,47,80,Norm. Target Mean (Cumulative),0.6184179855455912,False
MAFG_MOUSE_sub,47,80,Top 10% peptides selected (%),28.671328671328673,False
MAFG_MOUSE_sub,47,80,Remaining Top10 Quality,0.9366006969021499,False
MAFG_MOUSE_sub,47,120,Norm. Target Mean (Round),0.7578285639212845,False
MAFG_MOUSE_sub,47,100,Norm. Target Mean (Cumulative),0.6738729922529478,False
MAFG_MOUSE_sub,47,100,Top 10% peptides selected (%),36.36363636363637,False
MAFG_MOUSE_sub,47,100,Remaining Top10 Quality,0.9251801730626967,False
MAFG_MOUSE_sub,47,140,Norm. Target Mean (Round),0.7983041494091664,False
MAFG_MOUSE_sub,47,120,Norm. Target Mean (Cumulative),0.7112738470647605,False
MAFG_MOUSE_sub,47,120,Top 10% peptides selected (%),41.25874125874126,False
MAFG_MOUSE_sub,47,120,Remaining Top10 Quality,0.9144403974041879,False
MAFG_MOUSE_sub,47,160,Norm. Target Mean (Round),0.7436048186865863,False
MAFG_MOUSE_sub,47,140,Norm. Target Mean (Cumulative),0.7481546856048354,False
MAFG_MOUSE_sub,47,140,Top 10% peptides selected (%),50.349650349650354,False
MAFG_MOUSE_sub,47,140,Remaining Top10 Quality,0.8969626917604144,False
MAFG_MOUSE_sub,47,180,Norm. Target Mean (Round),0.7676660753887464,False
MAFG_MOUSE_sub,47,160,Norm. Target Mean (Cumulative),0.76967785767228,False
MAFG_MOUSE_sub,47,160,Top 10% peptides selected (%),55.24475524475524,False
MAFG_MOUSE_sub,47,160,Remaining Top10 Quality,0.8840645972449327,False
MAFG_MOUSE_sub,47,200,Norm. Target Mean (Round),0.7974321746553811,False
MAFG_MOUSE_sub,47,180,Norm. Target Mean (Cumulative),0.7904250472645888,False
MAFG_MOUSE_sub,47,180,Top 10% peptides selected (%),62.23776223776224,False
MAFG_MOUSE_sub,47,180,Remaining Top10 Quality,0.8667500159989419,False
MAFG_MOUSE_sub,47,200,Norm. Target Mean (Cumulative),0.8120249745079591,False
MAFG_MOUSE_sub,47,200,Top 10% peptides selected (%),69.23076923076923,False
MAFG_MOUSE_sub,47,200,Remaining Top10 Quality,0.8667500159989419,False
MAFG_MOUSE_sub,44,20,Norm. Target Mean (Round),-0.13192239680324588,False
MAFG_MOUSE_sub,44,40,Norm. Target Mean (Round),0.6963824661307504,False
MAFG_MOUSE_sub,44,20,Norm. Target Mean (Cumulative),-0.13192239680324588,False
MAFG_MOUSE_sub,44,20,Top 10% peptides selected (%),0.6993006993006993,False
MAFG_MOUSE_sub,44,20,Remaining Top10 Quality,1.000242707245601,False
MAFG_MOUSE_sub,44,60,Norm. Target Mean (Round),0.7489552750870909,False
MAFG_MOUSE_sub,44,40,Norm. Target Mean (Cumulative),0.30230157374140215,False
MAFG_MOUSE_sub,44,40,Top 10% peptides selected (%),6.993006993006993,False
MAFG_MOUSE_sub,44,40,Remaining Top10 Quality,0.9850125829664976,False
MAFG_MOUSE_sub,44,80,Norm. Target Mean (Round),0.7733283770844458,False
MAFG_MOUSE_sub,44,60,Norm. Target Mean (Cumulative),0.48115675481430487,False
MAFG_MOUSE_sub,44,60,Top 10% peptides selected (%),16.083916083916083,False
MAFG_MOUSE_sub,44,60,Remaining Top10 Quality,0.9671216812733797,False
MAFG_MOUSE_sub,44,100,Norm. Target Mean (Round),0.6918201957175693,False
MAFG_MOUSE_sub,44,80,Norm. Target Mean (Cumulative),0.5845409859921353,False
MAFG_MOUSE_sub,44,80,Top 10% peptides selected (%),26.573426573426573,False
MAFG_MOUSE_sub,44,80,Remaining Top10 Quality,0.9492745807158238,False
MAFG_MOUSE_sub,44,120,Norm. Target Mean (Round),0.7238001461413563,False
MAFG_MOUSE_sub,44,100,Norm. Target Mean (Cumulative),0.6340091133986445,False
MAFG_MOUSE_sub,44,100,Top 10% peptides selected (%),33.56643356643357,False
MAFG_MOUSE_sub,44,100,Remaining Top10 Quality,0.9407971010237066,False
MAFG_MOUSE_sub,44,140,Norm. Target Mean (Round),0.6775172545125949,False
MAFG_MOUSE_sub,44,120,Norm. Target Mean (Cumulative),0.6774832682365811,False
MAFG_MOUSE_sub,44,120,Top 10% peptides selected (%),41.25874125874126,False
MAFG_MOUSE_sub,44,120,Remaining Top10 Quality,0.9297126393562656,False
MAFG_MOUSE_sub,44,160,Norm. Target Mean (Round),0.72405941261777,False
MAFG_MOUSE_sub,44,140,Norm. Target Mean (Cumulative),0.7042071228003759,False
MAFG_MOUSE_sub,44,140,Top 10% peptides selected (%),45.45454545454545,False
MAFG_MOUSE_sub,44,140,Remaining Top10 Quality,0.923185141858559,False
MAFG_MOUSE_sub,44,180,Norm. Target Mean (Round),0.7721985940612563,False
MAFG_MOUSE_sub,44,160,Norm. Target Mean (Cumulative),0.7338086639105473,False
MAFG_MOUSE_sub,44,160,Top 10% peptides selected (%),49.65034965034965,False
MAFG_MOUSE_sub,44,160,Remaining Top10 Quality,0.9131874999462355,False
MAFG_MOUSE_sub,44,200,Norm. Target Mean (Round),0.6842500010343782,False
MAFG_MOUSE_sub,44,180,Norm. Target Mean (Cumulative),0.7658299241746523,False
MAFG_MOUSE_sub,44,180,Top 10% peptides selected (%),59.44055944055944,False
MAFG_MOUSE_sub,44,180,Remaining Top10 Quality,0.8910891188578315,False
MAFG_MOUSE_sub,44,200,Norm. Target Mean (Cumulative),0.7817391379540355,False
MAFG_MOUSE_sub,44,200,Top 10% peptides selected (%),65.73426573426573,False
MAFG_MOUSE_sub,44,200,Remaining Top10 Quality,0.8910891188578315,False
MAFG_MOUSE_sub,49,20,Norm. Target Mean (Round),0.020875354114893843,False
MAFG_MOUSE_sub,49,40,Norm. Target Mean (Round),0.6925132948479108,False
MAFG_MOUSE_sub,49,20,Norm. Target Mean (Cumulative),0.020875354114893843,False
MAFG_MOUSE_sub,49,20,Top 10% peptides selected (%),0.6993006993006993,False
MAFG_MOUSE_sub,49,20,Remaining Top10 Quality,1.0017192641936719,False
MAFG_MOUSE_sub,49,60,Norm. Target Mean (Round),0.7817199504586706,False
MAFG_MOUSE_sub,49,40,Norm. Target Mean (Cumulative),0.3816284034164347,False
MAFG_MOUSE_sub,49,40,Top 10% peptides selected (%),9.79020979020979,False
MAFG_MOUSE_sub,49,40,Remaining Top10 Quality,0.9950866296947398,False
MAFG_MOUSE_sub,49,80,Norm. Target Mean (Round),0.693301664171484,False
MAFG_MOUSE_sub,49,60,Norm. Target Mean (Cumulative),0.554622412747885,False
MAFG_MOUSE_sub,49,60,Top 10% peptides selected (%),20.97902097902098,False
MAFG_MOUSE_sub,49,60,Remaining Top10 Quality,0.9762743521395375,False
MAFG_MOUSE_sub,49,100,Norm. Target Mean (Round),0.6786550521420676,False
MAFG_MOUSE_sub,49,80,Norm. Target Mean (Cumulative),0.6259274683736922,False
MAFG_MOUSE_sub,49,80,Top 10% peptides selected (%),28.671328671328673,False
MAFG_MOUSE_sub,49,80,Remaining Top10 Quality,0.9646490705765961,False
MAFG_MOUSE_sub,49,120,Norm. Target Mean (Round),0.7476071191421809,False
MAFG_MOUSE_sub,49,100,Norm. Target Mean (Cumulative),0.6712521620526307,False
MAFG_MOUSE_sub,49,100,Top 10% peptides selected (%),37.06293706293706,False
MAFG_MOUSE_sub,49,100,Remaining Top10 Quality,0.9440708001878442,False
MAFG_MOUSE_sub,49,140,Norm. Target Mean (Round),0.7498219920674319,False
MAFG_MOUSE_sub,49,120,Norm. Target Mean (Cumulative),0.7168507380387446,False
MAFG_MOUSE_sub,49,120,Top 10% peptides selected (%),44.75524475524475,False
MAFG_MOUSE_sub,49,120,Remaining Top10 Quality,0.9292418748921555,False
MAFG_MOUSE_sub,49,160,Norm. Target Mean (Round),0.7138618824169337,False
MAFG_MOUSE_sub,49,140,Norm. Target Mean (Cumulative),0.7537785995001743,False
MAFG_MOUSE_sub,49,140,Top 10% peptides selected (%),53.84615384615385,False
MAFG_MOUSE_sub,49,140,Remaining Top10 Quality,0.9069228541375659,False
MAFG_MOUSE_sub,49,180,Norm. Target Mean (Round),0.6623490182073237,False
MAFG_MOUSE_sub,49,160,Norm. Target Mean (Cumulative),0.7774078417638431,False
MAFG_MOUSE_sub,49,160,Top 10% peptides selected (%),58.04195804195804,False
MAFG_MOUSE_sub,49,160,Remaining Top10 Quality,0.8936392618318381,False
MAFG_MOUSE_sub,49,200,Norm. Target Mean (Round),0.6708315980356094,False
MAFG_MOUSE_sub,49,180,Norm. Target Mean (Cumulative),0.7893266340516669,False
MAFG_MOUSE_sub,49,180,Top 10% peptides selected (%),62.93706293706294,False
MAFG_MOUSE_sub,49,180,Remaining Top10 Quality,0.8794314787076515,False
MAFG_MOUSE_sub,49,200,Norm. Target Mean (Cumulative),0.8001918183456458,False
MAFG_MOUSE_sub,49,200,Top 10% peptides selected (%),67.13286713286713,False
MAFG_MOUSE_sub,49,200,Remaining Top10 Quality,0.8794314787076515,False
DN7A_SACS2,43,20,Norm. Target Mean (Round),0.01461190203016803,False
DN7A_SACS2,43,40,Norm. Target Mean (Round),0.28361773321637423,False
DN7A_SACS2,43,20,Norm. Target Mean (Cumulative),0.01461190203016803,False
DN7A_SACS2,43,20,Top 10% peptides selected (%),0.9900990099009901,False
DN7A_SACS2,43,20,Remaining Top10 Quality,1.0006429617890407,False
DN7A_SACS2,43,60,Norm. Target Mean (Round),0.7211240453538289,False
DN7A_SACS2,43,40,Norm. Target Mean (Cumulative),0.15839890656923808,False
DN7A_SACS2,43,40,Top 10% peptides selected (%),10.891089108910892,False
DN7A_SACS2,43,40,Remaining Top10 Quality,0.9833984873927772,False
DN7A_SACS2,43,80,Norm. Target Mean (Round),0.786558651830097,False
DN7A_SACS2,43,60,Norm. Target Mean (Cumulative),0.3658421710527519,False
DN7A_SACS2,43,60,Top 10% peptides selected (%),16.831683168316832,False
DN7A_SACS2,43,60,Remaining Top10 Quality,0.9732863613943483,False
DN7A_SACS2,43,100,Norm. Target Mean (Round),0.5066579983720074,False
DN7A_SACS2,43,80,Norm. Target Mean (Cumulative),0.4964363909872387,False
DN7A_SACS2,43,80,Top 10% peptides selected (%),28.71287128712871,False
DN7A_SACS2,43,80,Remaining Top10 Quality,0.9519848544414893,False
DN7A_SACS2,43,120,Norm. Target Mean (Round),0.5729365433163133,False
DN7A_SACS2,43,100,Norm. Target Mean (Cumulative),0.51405179364398,False
DN7A_SACS2,43,100,Top 10% peptides selected (%),33.663366336633665,False
DN7A_SACS2,43,100,Remaining Top10 Quality,0.9437726917292577,False
DN7A_SACS2,43,140,Norm. Target Mean (Round),0.6872345962837962,False
DN7A_SACS2,43,120,Norm. Target Mean (Cumulative),0.5404926388464295,False
DN7A_SACS2,43,120,Top 10% peptides selected (%),40.5940594059406,False
DN7A_SACS2,43,120,Remaining Top10 Quality,0.9391900649047212,False
DN7A_SACS2,43,160,Norm. Target Mean (Round),0.6083366143726011,False
DN7A_SACS2,43,140,Norm. Target Mean (Cumulative),0.5819435645544851,False
DN7A_SACS2,43,140,Top 10% peptides selected (%),43.56435643564357,False
DN7A_SACS2,43,140,Remaining Top10 Quality,0.9322685648981772,False
DN7A_SACS2,43,180,Norm. Target Mean (Round),0.6043306244047691,False
DN7A_SACS2,43,160,Norm. Target Mean (Cumulative),0.6032114125604798,False
DN7A_SACS2,43,160,Top 10% peptides selected (%),47.524752475247524,False
DN7A_SACS2,43,160,Remaining Top10 Quality,0.9283946612133263,False
DN7A_SACS2,43,200,Norm. Target Mean (Round),0.7610964874876007,False
DN7A_SACS2,43,180,Norm. Target Mean (Cumulative),0.6206452450822362,False
DN7A_SACS2,43,180,Top 10% peptides selected (%),53.46534653465347,False
DN7A_SACS2,43,180,Remaining Top10 Quality,0.9193318168692926,False
DN7A_SACS2,43,200,Norm. Target Mean (Cumulative),0.6566457201774697,False
DN7A_SACS2,43,200,Top 10% peptides selected (%),59.4059405940594,False
DN7A_SACS2,43,200,Remaining Top10 Quality,0.9193318168692926,False
SOX30_HUMAN,42,20,Norm. Target Mean (Round),0.12877803234614812,False
SOX30_HUMAN,42,40,Norm. Target Mean (Round),0.7723771974203881,False
SOX30_HUMAN,42,20,Norm. Target Mean (Cumulative),0.12877803234614812,False
SOX30_HUMAN,42,20,Top 10% peptides selected (%),2.9702970297029703,False
SOX30_HUMAN,42,20,Remaining Top10 Quality,0.9978506332744179,False
SOX30_HUMAN,42,60,Norm. Target Mean (Round),0.7542240509916618,False
SOX30_HUMAN,42,40,Norm. Target Mean (Cumulative),0.49523146724034184,False
SOX30_HUMAN,42,40,Top 10% peptides selected (%),17.82178217821782,False
SOX30_HUMAN,42,40,Remaining Top10 Quality,0.9382479365627743,False
SOX30_HUMAN,42,80,Norm. Target Mean (Round),0.3930336542774475,False
SOX30_HUMAN,42,60,Norm. Target Mean (Cumulative),0.6411886343221013,False
SOX30_HUMAN,42,60,Top 10% peptides selected (%),31.683168316831683,False
SOX30_HUMAN,42,60,Remaining Top10 Quality,0.8853945153126414,False
SOX30_HUMAN,42,100,Norm. Target Mean (Round),0.6227848739465582,False
SOX30_HUMAN,42,80,Norm. Target Mean (Cumulative),0.6144085205290941,False
SOX30_HUMAN,42,80,Top 10% peptides selected (%),37.62376237623762,False
SOX30_HUMAN,42,80,Remaining Top10 Quality,0.8563311455651474,False
SOX30_HUMAN,42,120,Norm. Target Mean (Round),0.6893126966725921,False
SOX30_HUMAN,42,100,Norm. Target Mean (Cumulative),0.6500313394024088,False
SOX30_HUMAN,42,100,Top 10% peptides selected (%),44.554455445544555,False
SOX30_HUMAN,42,100,Remaining Top10 Quality,0.8327171017440876,False
SOX30_HUMAN,42,140,Norm. Target Mean (Round),0.564156894187776,False
SOX30_HUMAN,42,120,Norm. Target Mean (Cumulative),0.6860464182593778,False
SOX30_HUMAN,42,120,Top 10% peptides selected (%),50.495049504950494,False
SOX30_HUMAN,42,120,Remaining Top10 Quality,0.8180380511919332,False
SOX30_HUMAN,42,160,Norm. Target Mean (Round),0.6370750964077874,False
SOX30_HUMAN,42,140,Norm. Target Mean (Cumulative),0.6940521326447737,False
SOX30_HUMAN,42,140,Top 10% peptides selected (%),53.46534653465347,False
SOX30_HUMAN,42,140,Remaining Top10 Quality,0.8142766662599678,False
SOX30_HUMAN,42,180,Norm. Target Mean (Round),0.5372286037855547,False
SOX30_HUMAN,42,160,Norm. Target Mean (Cumulative),0.7139625399206384,False
SOX30_HUMAN,42,160,Top 10% peptides selected (%),57.42574257425742,False
SOX30_HUMAN,42,160,Remaining Top10 Quality,0.7993062277711466,False
SOX30_HUMAN,42,200,Norm. Target Mean (Round),0.6194242307416972,False
SOX30_HUMAN,42,180,Norm. Target Mean (Cumulative),0.7159555302880837,False
SOX30_HUMAN,42,180,Top 10% peptides selected (%),60.396039603960396,False
SOX30_HUMAN,42,180,Remaining Top10 Quality,0.7938862052752585,False
SOX30_HUMAN,42,200,Norm. Target Mean (Cumulative),0.7305437907864831,False
SOX30_HUMAN,42,200,Top 10% peptides selected (%),62.37623762376238,False
SOX30_HUMAN,42,200,Remaining Top10 Quality,0.7938862052752585,False
SBI_STAAM,44,20,Norm. Target Mean (Round),-0.3605040056281009,False
SBI_STAAM,44,40,Norm. Target Mean (Round),0.41254645739618623,False
SBI_STAAM,44,20,Norm. Target Mean (Cumulative),-0.3605040056281009,False
SBI_STAAM,44,20,Top 10% peptides selected (%),0.0,False
SBI_STAAM,44,20,Remaining Top10 Quality,1.003808780303585,False
SBI_STAAM,44,60,Norm. Target Mean (Round),0.41332765260731297,False
SBI_STAAM,44,40,Norm. Target Mean (Cumulative),0.0304524785938557,False
SBI_STAAM,44,40,Top 10% peptides selected (%),5.825242718446602,False
SBI_STAAM,44,40,Remaining Top10 Quality,0.9953550152111938,False
SBI_STAAM,44,80,Norm. Target Mean (Round),0.32521579096608294,False
SBI_STAAM,44,60,Norm. Target Mean (Cumulative),0.18074114980085046,False
SBI_STAAM,44,60,Top 10% peptides selected (%),11.650485436893204,False
SBI_STAAM,44,60,Remaining Top10 Quality,0.9832625500167052,False
SBI_STAAM,44,100,Norm. Target Mean (Round),0.6022864048176994,False
SBI_STAAM,44,80,Norm. Target Mean (Cumulative),0.23864999817469595,False
SBI_STAAM,44,80,Top 10% peptides selected (%),16.50485436893204,False
SBI_STAAM,44,80,Remaining Top10 Quality,0.978428814992902,False
SBI_STAAM,44,120,Norm. Target Mean (Round),0.5529503617735728,False
SBI_STAAM,44,100,Norm. Target Mean (Cumulative),0.34825616710361695,False
SBI_STAAM,44,100,Top 10% peptides selected (%),25.24271844660194,False
SBI_STAAM,44,100,Remaining Top10 Quality,0.9610775089612941,False
SBI_STAAM,44,140,Norm. Target Mean (Round),0.6353198682344161,False
SBI_STAAM,44,120,Norm. Target Mean (Cumulative),0.4167947264554878,False
SBI_STAAM,44,120,Top 10% peptides selected (%),33.980582524271846,False
SBI_STAAM,44,120,Remaining Top10 Quality,0.9231836959404123,False
SBI_STAAM,44,160,Norm. Target Mean (Round),0.6105816135257324,False
SBI_STAAM,44,140,Norm. Target Mean (Cumulative),0.482198297595267,False
SBI_STAAM,44,140,Top 10% peptides selected (%),43.689320388349515,False
SBI_STAAM,44,140,Remaining Top10 Quality,0.8929290949818444,False
SBI_STAAM,44,180,Norm. Target Mean (Round),0.6891340371407199,False
SBI_STAAM,44,160,Norm. Target Mean (Cumulative),0.5277727372162618,False
SBI_STAAM,44,160,Top 10% peptides selected (%),52.42718446601942,False
SBI_STAAM,44,160,Remaining Top10 Quality,0.8494860014291878,False
SBI_STAAM,44,200,Norm. Target Mean (Round),0.5742050012492148,False
SBI_STAAM,44,180,Norm. Target Mean (Cumulative),0.5708868992010686,False
SBI_STAAM,44,180,Top 10% peptides selected (%),61.165048543689316,False
SBI_STAAM,44,180,Remaining Top10 Quality,0.8202352736706889,False
SBI_STAAM,44,200,Norm. Target Mean (Cumulative),0.5921935338676727,False
SBI_STAAM,44,200,Top 10% peptides selected (%),66.99029126213593,False
SBI_STAAM,44,200,Remaining Top10 Quality,0.8202352736706889,False
MAFG_MOUSE_sub,50,20,Norm. Target Mean (Round),0.06166650826003184,False
MAFG_MOUSE_sub,50,40,Norm. Target Mean (Round),0.5722411514686586,False
MAFG_MOUSE_sub,50,20,Norm. Target Mean (Cumulative),0.06166650826003184,False
MAFG_MOUSE_sub,50,20,Top 10% peptides selected (%),1.3986013986013985,False
MAFG_MOUSE_sub,50,20,Remaining Top10 Quality,0.9999646933778227,False
MAFG_MOUSE_sub,50,60,Norm. Target Mean (Round),0.6967076654230268,False
MAFG_MOUSE_sub,50,40,Norm. Target Mean (Cumulative),0.33854863674468716,False
MAFG_MOUSE_sub,50,40,Top 10% peptides selected (%),6.993006993006993,False
MAFG_MOUSE_sub,50,40,Remaining Top10 Quality,0.9901929809234737,False
MAFG_MOUSE_sub,50,80,Norm. Target Mean (Round),0.7551828372768973,False
MAFG_MOUSE_sub,50,60,Norm. Target Mean (Cumulative),0.49003010438011974,False
MAFG_MOUSE_sub,50,60,Top 10% peptides selected (%),15.384615384615385,False
MAFG_MOUSE_sub,50,60,Remaining Top10 Quality,0.9763875842643265,False
MAFG_MOUSE_sub,50,100,Norm. Target Mean (Round),0.7596198275902427,False
MAFG_MOUSE_sub,50,80,Norm. Target Mean (Cumulative),0.5924571448442205,False
MAFG_MOUSE_sub,50,80,Top 10% peptides selected (%),25.874125874125873,False
MAFG_MOUSE_sub,50,80,Remaining Top10 Quality,0.9592112908228193,False
MAFG_MOUSE_sub,50,120,Norm. Target Mean (Round),0.7403297925896869,False
MAFG_MOUSE_sub,50,100,Norm. Target Mean (Cumulative),0.6620387980134013,False
MAFG_MOUSE_sub,50,100,Top 10% peptides selected (%),37.06293706293706,False
MAFG_MOUSE_sub,50,100,Remaining Top10 Quality,0.9330311961880599,False
MAFG_MOUSE_sub,50,140,Norm. Target Mean (Round),0.706929090089468,False
MAFG_MOUSE_sub,50,120,Norm. Target Mean (Cumulative),0.7056936311162493,False
MAFG_MOUSE_sub,50,120,Top 10% peptides selected (%),44.75524475524475,False
MAFG_MOUSE_sub,50,120,Remaining Top10 Quality,0.9211768390615078,False
MAFG_MOUSE_sub,50,160,Norm. Target Mean (Round),0.6949695065690361,False
MAFG_MOUSE_sub,50,140,Norm. Target Mean (Cumulative),0.7347348601731886,False
MAFG_MOUSE_sub,50,140,Top 10% peptides selected (%),49.65034965034965,False
MAFG_MOUSE_sub,50,140,Remaining Top10 Quality,0.9106153778179447,False
MAFG_MOUSE_sub,50,180,Norm. Target Mean (Round),0.7416019842007326,False
MAFG_MOUSE_sub,50,160,Norm. Target Mean (Cumulative),0.757070534718623,False
MAFG_MOUSE_sub,50,160,Top 10% peptides selected (%),54.54545454545454,False
MAFG_MOUSE_sub,50,160,Remaining Top10 Quality,0.9019450255425607,False
MAFG_MOUSE_sub,50,200,Norm. Target Mean (Round),0.7049603503447465,False
MAFG_MOUSE_sub,50,180,Norm. Target Mean (Cumulative),0.7831100528910357,False
MAFG_MOUSE_sub,50,180,Top 10% peptides selected (%),61.53846153846154,False
MAFG_MOUSE_sub,50,180,Remaining Top10 Quality,0.881525210013316,False
MAFG_MOUSE_sub,50,200,Norm. Target Mean (Cumulative),0.7992808478206578,False
MAFG_MOUSE_sub,50,200,Top 10% peptides selected (%),67.13286713286713,False
MAFG_MOUSE_sub,50,200,Remaining Top10 Quality,0.881525210013316,False
SBI_STAAM,48,20,Norm. Target Mean (Round),-0.0755078990242122,False
SBI_STAAM,48,40,Norm. Target Mean (Round),0.5060075191646534,False
SBI_STAAM,48,20,Norm. Target Mean (Cumulative),-0.0755078990242122,False
SBI_STAAM,48,20,Top 10% peptides selected (%),0.9708737864077669,False
SBI_STAAM,48,20,Remaining Top10 Quality,1.002693495543355,False
SBI_STAAM,48,60,Norm. Target Mean (Round),0.5310877112128359,False
SBI_STAAM,48,40,Norm. Target Mean (Cumulative),0.2334357157829297,False
SBI_STAAM,48,40,Top 10% peptides selected (%),11.650485436893204,False
SBI_STAAM,48,40,Remaining Top10 Quality,0.9926847670434441,False
SBI_STAAM,48,80,Norm. Target Mean (Round),0.5280457029635676,False
SBI_STAAM,48,60,Norm. Target Mean (Cumulative),0.3690660691616888,False
SBI_STAAM,48,60,Top 10% peptides selected (%),21.35922330097087,False
SBI_STAAM,48,60,Remaining Top10 Quality,0.9744180729060868,False
SBI_STAAM,48,100,Norm. Target Mean (Round),0.4947694569781546,False
SBI_STAAM,48,80,Norm. Target Mean (Cumulative),0.44779237618009254,False
SBI_STAAM,48,80,Top 10% peptides selected (%),29.126213592233007,False
SBI_STAAM,48,80,Remaining Top10 Quality,0.958539593779006,False
SBI_STAAM,48,120,Norm. Target Mean (Round),0.46220148961718666,False
SBI_STAAM,48,100,Norm. Target Mean (Cumulative),0.4922848384969952,False
SBI_STAAM,48,100,Top 10% peptides selected (%),34.95145631067961,False
SBI_STAAM,48,100,Remaining Top10 Quality,0.9427265048774909,False
SBI_STAAM,48,140,Norm. Target Mean (Round),0.579788419983464,False
SBI_STAAM,48,120,Norm. Target Mean (Cumulative),0.5183024317071561,False
SBI_STAAM,48,120,Top 10% peptides selected (%),39.80582524271845,False
SBI_STAAM,48,120,Remaining Top10 Quality,0.9366896200366837,False
SBI_STAAM,48,160,Norm. Target Mean (Round),0.5633576386553368,False
SBI_STAAM,48,140,Norm. Target Mean (Cumulative),0.5639939952425957,False
SBI_STAAM,48,140,Top 10% peptides selected (%),44.66019417475729,False
SBI_STAAM,48,140,Remaining Top10 Quality,0.9239006151453688,False
SBI_STAAM,48,180,Norm. Target Mean (Round),0.8154523018260152,False
SBI_STAAM,48,160,Norm. Target Mean (Cumulative),0.5989814956696643,False
SBI_STAAM,48,160,Top 10% peptides selected (%),48.54368932038835,False
SBI_STAAM,48,160,Remaining Top10 Quality,0.9063099573559708,False
SBI_STAAM,48,200,Norm. Target Mean (Round),0.5249169960331072,False
SBI_STAAM,48,180,Norm. Target Mean (Cumulative),0.669266914748704,False
SBI_STAAM,48,180,Top 10% peptides selected (%),63.10679611650486,False
SBI_STAAM,48,180,Remaining Top10 Quality,0.8288512216698297,False
SBI_STAAM,48,200,Norm. Target Mean (Cumulative),0.6798010030168858,False
SBI_STAAM,48,200,Top 10% peptides selected (%),68.93203883495146,False
SBI_STAAM,48,200,Remaining Top10 Quality,0.8288512216698297,False
SOX30_HUMAN,51,20,Norm. Target Mean (Round),0.21638647794247937,False
SOX30_HUMAN,51,40,Norm. Target Mean (Round),0.4342307142477959,False
SOX30_HUMAN,51,20,Norm. Target Mean (Cumulative),0.21638647794247937,False
SOX30_HUMAN,51,20,Top 10% peptides selected (%),5.9405940594059405,False
SOX30_HUMAN,51,20,Remaining Top10 Quality,0.9926329116929163,False
SOX30_HUMAN,51,60,Norm. Target Mean (Round),0.7504271631779934,False
SOX30_HUMAN,51,40,Norm. Target Mean (Cumulative),0.35606181226453393,False
SOX30_HUMAN,51,40,Top 10% peptides selected (%),9.900990099009901,False
SOX30_HUMAN,51,40,Remaining Top10 Quality,0.9823647507697574,False
SOX30_HUMAN,51,80,Norm. Target Mean (Round),0.6818589531208299,False
SOX30_HUMAN,51,60,Norm. Target Mean (Cumulative),0.5507953996761699,False
SOX30_HUMAN,51,60,Top 10% peptides selected (%),23.762376237623762,False
SOX30_HUMAN,51,60,Remaining Top10 Quality,0.9278928332323845,False
SOX30_HUMAN,51,100,Norm. Target Mean (Round),0.5788763147942801,False
SOX30_HUMAN,51,80,Norm. Target Mean (Cumulative),0.6406415727735265,False
SOX30_HUMAN,51,80,Top 10% peptides selected (%),33.663366336633665,False
SOX30_HUMAN,51,80,Remaining Top10 Quality,0.8874583978916925,False
SOX30_HUMAN,51,120,Norm. Target Mean (Round),0.6598505766313841,False
SOX30_HUMAN,51,100,Norm. Target Mean (Cumulative),0.6719404175685345,False
SOX30_HUMAN,51,100,Top 10% peptides selected (%),41.584158415841586,False
SOX30_HUMAN,51,100,Remaining Top10 Quality,0.8647294963320129,False
SOX30_HUMAN,51,140,Norm. Target Mean (Round),0.4226560608347011,False
SOX30_HUMAN,51,120,Norm. Target Mean (Cumulative),0.7111886209272639,False
SOX30_HUMAN,51,120,Top 10% peptides selected (%),50.495049504950494,False
SOX30_HUMAN,51,120,Remaining Top10 Quality,0.8318063740591147,False
SOX30_HUMAN,51,160,Norm. Target Mean (Round),0.6009842669778822,False
SOX30_HUMAN,51,140,Norm. Target Mean (Cumulative),0.6942034462133619,False
SOX30_HUMAN,51,140,Top 10% peptides selected (%),57.42574257425742,False
SOX30_HUMAN,51,140,Remaining Top10 Quality,0.8114023449254577,False
SOX30_HUMAN,51,180,Norm. Target Mean (Round),0.5977528742059512,False
SOX30_HUMAN,51,160,Norm. Target Mean (Cumulative),0.7087751225967496,False
SOX30_HUMAN,51,160,Top 10% peptides selected (%),59.4059405940594,False
SOX30_HUMAN,51,160,Remaining Top10 Quality,0.8085454305007228,False
SOX30_HUMAN,51,200,Norm. Target Mean (Round),0.5470834031673051,False
SOX30_HUMAN,51,180,Norm. Target Mean (Cumulative),0.7221010940653526,False
SOX30_HUMAN,51,180,Top 10% peptides selected (%),59.4059405940594,False
SOX30_HUMAN,51,180,Remaining Top10 Quality,0.8077725847529985,False
SOX30_HUMAN,51,200,Norm. Target Mean (Cumulative),0.7283123629309263,False
SOX30_HUMAN,51,200,Top 10% peptides selected (%),61.386138613861384,False
SOX30_HUMAN,51,200,Remaining Top10 Quality,0.8077725847529985,False
SOX30_HUMAN,49,20,Norm. Target Mean (Round),0.0967533548328169,False
SOX30_HUMAN,49,40,Norm. Target Mean (Round),0.712273801957271,False
SOX30_HUMAN,49,20,Norm. Target Mean (Cumulative),0.0967533548328169,False
SOX30_HUMAN,49,20,Top 10% peptides selected (%),4.9504950495049505,False
SOX30_HUMAN,49,20,Remaining Top10 Quality,0.9894612580625995,False
SOX30_HUMAN,49,60,Norm. Target Mean (Round),0.4935487664860562,False
SOX30_HUMAN,49,40,Norm. Target Mean (Cumulative),0.4448175056154899,False
SOX30_HUMAN,49,40,Top 10% peptides selected (%),18.81188118811881,False
SOX30_HUMAN,49,40,Remaining Top10 Quality,0.938740023996979,False
SOX30_HUMAN,49,80,Norm. Target Mean (Round),0.543258420667723,False
SOX30_HUMAN,49,60,Norm. Target Mean (Cumulative),0.5047212023171037,False
SOX30_HUMAN,49,60,Top 10% peptides selected (%),24.752475247524753,False
SOX30_HUMAN,49,60,Remaining Top10 Quality,0.9330201615880934,False
SOX30_HUMAN,49,100,Norm. Target Mean (Round),0.5097956793218599,False
SOX30_HUMAN,49,80,Norm. Target Mean (Cumulative),0.5632113887320656,False
SOX30_HUMAN,49,80,Top 10% peptides selected (%),29.7029702970297,False
SOX30_HUMAN,49,80,Remaining Top10 Quality,0.9230954844653917,False
SOX30_HUMAN,49,120,Norm. Target Mean (Round),0.3875167264470998,False
SOX30_HUMAN,49,100,Norm. Target Mean (Cumulative),0.5991222453852376,False
SOX30_HUMAN,49,100,Top 10% peptides selected (%),34.65346534653465,False
SOX30_HUMAN,49,100,Remaining Top10 Quality,0.916938810027821,False
SOX30_HUMAN,49,140,Norm. Target Mean (Round),0.6351315573359106,False
SOX30_HUMAN,49,120,Norm. Target Mean (Cumulative),0.5998387944117481,False
SOX30_HUMAN,49,120,Top 10% peptides selected (%),38.613861386138616,False
SOX30_HUMAN,49,120,Remaining Top10 Quality,0.900372663673022,False
SOX30_HUMAN,49,160,Norm. Target Mean (Round),0.5977766770745377,False
SOX30_HUMAN,49,140,Norm. Target Mean (Cumulative),0.6498751144192447,False
SOX30_HUMAN,49,140,Top 10% peptides selected (%),46.53465346534654,False
SOX30_HUMAN,49,140,Remaining Top10 Quality,0.8520767153307649,False
SOX30_HUMAN,49,180,Norm. Target Mean (Round),0.6649558834241066,False
SOX30_HUMAN,49,160,Norm. Target Mean (Cumulative),0.6756261637562542,False
SOX30_HUMAN,49,160,Top 10% peptides selected (%),53.46534653465347,False
SOX30_HUMAN,49,160,Remaining Top10 Quality,0.8140046691788327,False
SOX30_HUMAN,49,200,Norm. Target Mean (Round),0.5615541870079843,False
SOX30_HUMAN,49,180,Norm. Target Mean (Cumulative),0.7012782147942932,False
SOX30_HUMAN,49,180,Top 10% peptides selected (%),60.396039603960396,False
SOX30_HUMAN,49,180,Remaining Top10 Quality,0.7948886769612684,False
SOX30_HUMAN,49,200,Norm. Target Mean (Cumulative),0.7099260449335711,False
SOX30_HUMAN,49,200,Top 10% peptides selected (%),62.37623762376238,False
SOX30_HUMAN,49,200,Remaining Top10 Quality,0.7948886769612684,False
DN7A_SACS2,42,20,Norm. Target Mean (Round),0.0702720563493019,False
DN7A_SACS2,42,40,Norm. Target Mean (Round),0.6641672184222511,False
DN7A_SACS2,42,20,Norm. Target Mean (Cumulative),0.0702720563493019,False
DN7A_SACS2,42,20,Top 10% peptides selected (%),0.0,False
DN7A_SACS2,42,20,Remaining Top10 Quality,1.0025240173598662,False
DN7A_SACS2,42,60,Norm. Target Mean (Round),0.6971366173958212,False
DN7A_SACS2,42,40,Norm. Target Mean (Cumulative),0.39010666765330493,False
DN7A_SACS2,42,40,Top 10% peptides selected (%),6.9306930693069315,False
DN7A_SACS2,42,40,Remaining Top10 Quality,0.9965966373828208,False
DN7A_SACS2,42,80,Norm. Target Mean (Round),0.8723755406110344,False
DN7A_SACS2,42,60,Norm. Target Mean (Cumulative),0.5234636021997883,False
DN7A_SACS2,42,60,Top 10% peptides selected (%),16.831683168316832,False
DN7A_SACS2,42,60,Remaining Top10 Quality,0.9760078354232632,False
DN7A_SACS2,42,100,Norm. Target Mean (Round),0.5862052578865785,False
DN7A_SACS2,42,80,Norm. Target Mean (Cumulative),0.643845178871294,False
DN7A_SACS2,42,80,Top 10% peptides selected (%),31.683168316831683,False
DN7A_SACS2,42,80,Remaining Top10 Quality,0.9400227846156435,False
DN7A_SACS2,42,120,Norm. Target Mean (Round),0.7586840266744354,False
DN7A_SACS2,42,100,Norm. Target Mean (Cumulative),0.6496401051897607,False
DN7A_SACS2,42,100,Top 10% peptides selected (%),37.62376237623762,False
DN7A_SACS2,42,100,Remaining Top10 Quality,0.933131906762466,False
DN7A_SACS2,42,140,Norm. Target Mean (Round),0.5417337112650176,False
DN7A_SACS2,42,120,Norm. Target Mean (Cumulative),0.6898864896953839,False
DN7A_SACS2,42,120,Top 10% peptides selected (%),47.524752475247524,False
DN7A_SACS2,42,120,Remaining Top10 Quality,0.9097262728814901,False
DN7A_SACS2,42,160,Norm. Target Mean (Round),0.6489369061485699,False
DN7A_SACS2,42,140,Norm. Target Mean (Cumulative),0.6831106465034176,False
DN7A_SACS2,42,140,Top 10% peptides selected (%),52.475247524752476,False
DN7A_SACS2,42,140,Remaining Top10 Quality,0.9030600959340143,False
DN7A_SACS2,42,180,Norm. Target Mean (Round),0.7510730267182687,False
DN7A_SACS2,42,160,Norm. Target Mean (Cumulative),0.6959401976285493,False
DN7A_SACS2,42,160,Top 10% peptides selected (%),57.42574257425742,False
DN7A_SACS2,42,160,Remaining Top10 Quality,0.895472800613419,False
DN7A_SACS2,42,200,Norm. Target Mean (Round),0.707063580731723,False
DN7A_SACS2,42,180,Norm. Target Mean (Cumulative),0.721810249285952,False
DN7A_SACS2,42,180,Top 10% peptides selected (%),63.366336633663366,False
DN7A_SACS2,42,180,Remaining Top10 Quality,0.8785326899630621,False
DN7A_SACS2,42,200,Norm. Target Mean (Cumulative),0.7370164896861653,False
DN7A_SACS2,42,200,Top 10% peptides selected (%),69.3069306930693,False
DN7A_SACS2,42,200,Remaining Top10 Quality,0.8785326899630621,False
SBI_STAAM,43,20,Norm. Target Mean (Round),-0.3383660795552369,False
SBI_STAAM,43,40,Norm. Target Mean (Round),0.25447451958783884,False
SBI_STAAM,43,20,Norm. Target Mean (Cumulative),-0.3383660795552369,False
SBI_STAAM,43,20,Top 10% peptides selected (%),0.0,False
SBI_STAAM,43,20,Remaining Top10 Quality,1.003808780303585,False
SBI_STAAM,43,60,Norm. Target Mean (Round),0.38030122363504376,False
SBI_STAAM,43,40,Norm. Target Mean (Cumulative),-0.04269393278410098,False
SBI_STAAM,43,40,Top 10% peptides selected (%),1.9417475728155338,False
SBI_STAAM,43,40,Remaining Top10 Quality,1.0073964077311655,False
SBI_STAAM,43,80,Norm. Target Mean (Round),0.372089713728313,False
SBI_STAAM,43,60,Norm. Target Mean (Cumulative),0.11656738486328465,False
SBI_STAAM,43,60,Top 10% peptides selected (%),4.854368932038835,False
SBI_STAAM,43,60,Remaining Top10 Quality,1.0056696138786414,False
SBI_STAAM,43,100,Norm. Target Mean (Round),0.4646322703935486,False
SBI_STAAM,43,80,Norm. Target Mean (Cumulative),0.20355388794622006,False
SBI_STAAM,43,80,Top 10% peptides selected (%),6.796116504854369,False
SBI_STAAM,43,80,Remaining Top10 Quality,1.0010205954883737,False
SBI_STAAM,43,120,Norm. Target Mean (Round),0.4764377230837123,False
SBI_STAAM,43,100,Norm. Target Mean (Cumulative),0.2845286601715823,False
SBI_STAAM,43,100,Top 10% peptides selected (%),12.62135922330097,False
SBI_STAAM,43,100,Remaining Top10 Quality,0.9979733317360255,False
SBI_STAAM,43,140,Norm. Target Mean (Round),0.630716083357086,False
SBI_STAAM,43,120,Norm. Target Mean (Cumulative),0.34660039543907856,False
SBI_STAAM,43,120,Top 10% peptides selected (%),18.446601941747574,False
SBI_STAAM,43,120,Remaining Top10 Quality,0.9911621149566103,False
SBI_STAAM,43,160,Norm. Target Mean (Round),0.5869419911590318,False
SBI_STAAM,43,140,Norm. Target Mean (Cumulative),0.42604105223069044,False
SBI_STAAM,43,140,Top 10% peptides selected (%),31.06796116504854,False
SBI_STAAM,43,140,Remaining Top10 Quality,0.967266423713473,False
SBI_STAAM,43,180,Norm. Target Mean (Round),0.39843613851197435,False
SBI_STAAM,43,160,Norm. Target Mean (Cumulative),0.4831742337230975,False
SBI_STAAM,43,160,Top 10% peptides selected (%),38.83495145631068,False
SBI_STAAM,43,160,Remaining Top10 Quality,0.9538759093868716,False
SBI_STAAM,43,200,Norm. Target Mean (Round),0.5192804605746326,False
SBI_STAAM,43,180,Norm. Target Mean (Cumulative),0.4998754402994389,False
SBI_STAAM,43,180,Top 10% peptides selected (%),41.74757281553398,False
SBI_STAAM,43,180,Remaining Top10 Quality,0.9483337016132029,False
SBI_STAAM,43,200,Norm. Target Mean (Cumulative),0.5343106171934522,False
SBI_STAAM,43,200,Top 10% peptides selected (%),46.601941747572816,False
SBI_STAAM,43,200,Remaining Top10 Quality,0.9483337016132029,False
SBI_STAAM,51,20,Norm. Target Mean (Round),-0.06009105886259492,False
SBI_STAAM,51,40,Norm. Target Mean (Round),0.44687508978637747,False
SBI_STAAM,51,20,Norm. Target Mean (Cumulative),-0.06009105886259492,False
SBI_STAAM,51,20,Top 10% peptides selected (%),0.0,False
SBI_STAAM,51,20,Remaining Top10 Quality,1.003808780303585,False
SBI_STAAM,51,60,Norm. Target Mean (Round),0.41461853252182324,False
SBI_STAAM,51,40,Norm. Target Mean (Cumulative),0.20972825215306706,False
SBI_STAAM,51,40,Top 10% peptides selected (%),3.8834951456310676,False
SBI_STAAM,51,40,Remaining Top10 Quality,0.9990405527477196,False
SBI_STAAM,51,80,Norm. Target Mean (Round),0.5495407525687004,False
SBI_STAAM,51,60,Norm. Target Mean (Cumulative),0.3073705793427868,False
SBI_STAAM,51,60,Top 10% peptides selected (%),7.766990291262135,False
SBI_STAAM,51,60,Remaining Top10 Quality,1.001037377930882,False
SBI_STAAM,51,100,Norm. Target Mean (Round),0.46038521515604425,False
SBI_STAAM,51,80,Norm. Target Mean (Cumulative),0.4076862112885635,False
SBI_STAAM,51,80,Top 10% peptides selected (%),16.50485436893204,False
SBI_STAAM,51,80,Remaining Top10 Quality,0.987566081145951,False
SBI_STAAM,51,120,Norm. Target Mean (Round),0.5870233826727618,False
SBI_STAAM,51,100,Norm. Target Mean (Cumulative),0.452361135712187,False
SBI_STAAM,51,100,Top 10% peptides selected (%),20.388349514563107,False
SBI_STAAM,51,100,Remaining Top10 Quality,0.9805915257983738,False
SBI_STAAM,51,140,Norm. Target Mean (Round),0.5235997847203351,False
SBI_STAAM,51,120,Norm. Target Mean (Cumulative),0.5148756286597216,False
SBI_STAAM,51,120,Top 10% peptides selected (%),30.097087378640776,False
SBI_STAAM,51,120,Remaining Top10 Quality,0.9551440503916433,False
SBI_STAAM,51,160,Norm. Target Mean (Round),0.5892748306423798,False
SBI_STAAM,51,140,Norm. Target Mean (Cumulative),0.550044081826258,False
SBI_STAAM,51,140,Top 10% peptides selected (%),37.86407766990291,False
SBI_STAAM,51,140,Remaining Top10 Quality,0.9417352514076746,False
SBI_STAAM,51,180,Norm. Target Mean (Round),0.6620141232065838,False
SBI_STAAM,51,160,Norm. Target Mean (Cumulative),0.5913190024034599,False
SBI_STAAM,51,160,Top 10% peptides selected (%),46.601941747572816,False
SBI_STAAM,51,160,Remaining Top10 Quality,0.9212276258039658,False
SBI_STAAM,51,200,Norm. Target Mean (Round),0.6738852365306165,False
SBI_STAAM,51,180,Norm. Target Mean (Cumulative),0.6389495661173474,False
SBI_STAAM,51,180,Top 10% peptides selected (%),55.33980582524271,False
SBI_STAAM,51,180,Remaining Top10 Quality,0.8851812610305925,False
SBI_STAAM,51,200,Norm. Target Mean (Cumulative),0.6803125660435798,False
SBI_STAAM,51,200,Top 10% peptides selected (%),66.99029126213593,False
SBI_STAAM,51,200,Remaining Top10 Quality,0.8851812610305925,False
MAFG_MOUSE_sub,42,20,Norm. Target Mean (Round),-0.11491200800141012,False
MAFG_MOUSE_sub,42,40,Norm. Target Mean (Round),0.6577178509794501,False
MAFG_MOUSE_sub,42,20,Norm. Target Mean (Cumulative),-0.11491200800141012,False
MAFG_MOUSE_sub,42,20,Top 10% peptides selected (%),0.6993006993006993,False
MAFG_MOUSE_sub,42,20,Remaining Top10 Quality,1.0010754042364856,False
MAFG_MOUSE_sub,42,60,Norm. Target Mean (Round),0.31301466509091147,False
MAFG_MOUSE_sub,42,40,Norm. Target Mean (Cumulative),0.29071065066540286,False
MAFG_MOUSE_sub,42,40,Top 10% peptides selected (%),9.090909090909092,False
MAFG_MOUSE_sub,42,40,Remaining Top10 Quality,0.9938205017198427,False
MAFG_MOUSE_sub,42,80,Norm. Target Mean (Round),0.7057409959418837,False
MAFG_MOUSE_sub,42,60,Norm. Target Mean (Cumulative),0.31600704131188245,False
MAFG_MOUSE_sub,42,60,Top 10% peptides selected (%),14.685314685314685,False
MAFG_MOUSE_sub,42,60,Remaining Top10 Quality,0.9882136590486963,False
MAFG_MOUSE_sub,42,100,Norm. Target Mean (Round),0.7146943859306145,False
MAFG_MOUSE_sub,42,80,Norm. Target Mean (Cumulative),0.44622514398842894,False
MAFG_MOUSE_sub,42,80,Top 10% peptides selected (%),22.377622377622377,False
MAFG_MOUSE_sub,42,80,Remaining Top10 Quality,0.979985785526568,False
MAFG_MOUSE_sub,42,120,Norm. Target Mean (Round),0.7960935015977001,False
MAFG_MOUSE_sub,42,100,Norm. Target Mean (Cumulative),0.5336935098890477,False
MAFG_MOUSE_sub,42,100,Top 10% peptides selected (%),32.16783216783217,False
MAFG_MOUSE_sub,42,100,Remaining Top10 Quality,0.9626069401260289,False
MAFG_MOUSE_sub,42,140,Norm. Target Mean (Round),0.6685100023325374,False
MAFG_MOUSE_sub,42,120,Norm. Target Mean (Cumulative),0.6134112287958671,False
MAFG_MOUSE_sub,42,120,Top 10% peptides selected (%),43.35664335664335,False
MAFG_MOUSE_sub,42,120,Remaining Top10 Quality,0.9302842761200008,False
MAFG_MOUSE_sub,42,160,Norm. Target Mean (Round),0.7163618557042264,False
MAFG_MOUSE_sub,42,140,Norm. Target Mean (Cumulative),0.6479935792640424,False
MAFG_MOUSE_sub,42,140,Top 10% peptides selected (%),48.95104895104895,False
MAFG_MOUSE_sub,42,140,Remaining Top10 Quality,0.9159075756083127,False
MAFG_MOUSE_sub,42,180,Norm. Target Mean (Round),0.651560186459049,False
MAFG_MOUSE_sub,42,160,Norm. Target Mean (Cumulative),0.6826225052566441,False
MAFG_MOUSE_sub,42,160,Top 10% peptides selected (%),54.54545454545454,False
MAFG_MOUSE_sub,42,160,Remaining Top10 Quality,0.9064787798166504,False
MAFG_MOUSE_sub,42,200,Norm. Target Mean (Round),0.5782123437619144,False
MAFG_MOUSE_sub,42,180,Norm. Target Mean (Cumulative),0.7023058752611334,False
MAFG_MOUSE_sub,42,180,Top 10% peptides selected (%),60.83916083916085,False
MAFG_MOUSE_sub,42,180,Remaining Top10 Quality,0.8900901075962302,False
MAFG_MOUSE_sub,42,200,Norm. Target Mean (Cumulative),0.7093809526578598,False
MAFG_MOUSE_sub,42,200,Top 10% peptides selected (%),65.03496503496503,False
MAFG_MOUSE_sub,42,200,Remaining Top10 Quality,0.8900901075962302,False
DN7A_SACS2,46,20,Norm. Target Mean (Round),0.22924180567134075,False
DN7A_SACS2,46,40,Norm. Target Mean (Round),0.49206254005310707,False
DN7A_SACS2,46,20,Norm. Target Mean (Cumulative),0.22924180567134075,False
DN7A_SACS2,46,20,Top 10% peptides selected (%),0.9900990099009901,False
DN7A_SACS2,46,20,Remaining Top10 Quality,1.002384485723448,False
DN7A_SACS2,46,60,Norm. Target Mean (Round),0.3663241632958011,False
DN7A_SACS2,46,40,Norm. Target Mean (Cumulative),0.38212644323950623,False
DN7A_SACS2,46,40,Top 10% peptides selected (%),6.9306930693069315,False
DN7A_SACS2,46,40,Remaining Top10 Quality,0.9959894460804317,False
DN7A_SACS2,46,80,Norm. Target Mean (Round),0.6193776248832127,False
DN7A_SACS2,46,60,Norm. Target Mean (Cumulative),0.3952337886724976,False
DN7A_SACS2,46,60,Top 10% peptides selected (%),6.9306930693069315,False
DN7A_SACS2,46,60,Remaining Top10 Quality,0.9986110030851485,False
DN7A_SACS2,46,100,Norm. Target Mean (Round),0.6539831728133224,False
DN7A_SACS2,46,80,Norm. Target Mean (Cumulative),0.4783343752924589,False
DN7A_SACS2,46,80,Top 10% peptides selected (%),12.871287128712872,False
DN7A_SACS2,46,80,Remaining Top10 Quality,0.9964991296941144,False
DN7A_SACS2,46,120,Norm. Target Mean (Round),0.7518670003285768,False
DN7A_SACS2,46,100,Norm. Target Mean (Cumulative),0.5417050727577046,False
DN7A_SACS2,46,100,Top 10% peptides selected (%),20.792079207920793,False
DN7A_SACS2,46,100,Remaining Top10 Quality,0.9797154562396889,False
DN7A_SACS2,46,140,Norm. Target Mean (Round),0.8582060803367709,False
DN7A_SACS2,46,120,Norm. Target Mean (Cumulative),0.6054871400045339,False
DN7A_SACS2,46,120,Top 10% peptides selected (%),34.65346534653465,False
DN7A_SACS2,46,120,Remaining Top10 Quality,0.9520143421454392,False
DN7A_SACS2,46,160,Norm. Target Mean (Round),0.22201589627269422,False
DN7A_SACS2,46,140,Norm. Target Mean (Cumulative),0.670176341309582,False
DN7A_SACS2,46,140,Top 10% peptides selected (%),48.51485148514851,False
DN7A_SACS2,46,140,Remaining Top10 Quality,0.9218496271381653,False
DN7A_SACS2,46,180,Norm. Target Mean (Round),0.7351791314563424,False
DN7A_SACS2,46,160,Norm. Target Mean (Cumulative),0.61991201647945,False
DN7A_SACS2,46,160,Top 10% peptides selected (%),53.46534653465347,False
DN7A_SACS2,46,160,Remaining Top10 Quality,0.9104157871630258,False
DN7A_SACS2,46,200,Norm. Target Mean (Round),0.7136729422775088,False
DN7A_SACS2,46,180,Norm. Target Mean (Cumulative),0.6525121531317055,False
DN7A_SACS2,46,180,Top 10% peptides selected (%),59.4059405940594,False
DN7A_SACS2,46,180,Remaining Top10 Quality,0.8943057323177255,False
DN7A_SACS2,46,200,Norm. Target Mean (Cumulative),0.6758175559251073,False
DN7A_SACS2,46,200,Top 10% peptides selected (%),65.34653465346535,False
DN7A_SACS2,46,200,Remaining Top10 Quality,0.8943057323177255,False
SBI_STAAM,47,20,Norm. Target Mean (Round),-0.04756536250502539,False
SBI_STAAM,47,40,Norm. Target Mean (Round),0.39247746302696906,False
SBI_STAAM,47,20,Norm. Target Mean (Cumulative),-0.04756536250502539,False
SBI_STAAM,47,20,Top 10% peptides selected (%),0.9708737864077669,False
SBI_STAAM,47,20,Remaining Top10 Quality,0.9991066534781241,False
SBI_STAAM,47,60,Norm. Target Mean (Round),0.345840876220422,False
SBI_STAAM,47,40,Norm. Target Mean (Cumulative),0.18585530446043513,False
SBI_STAAM,47,40,Top 10% peptides selected (%),6.796116504854369,False
SBI_STAAM,47,40,Remaining Top10 Quality,0.9871923560577744,False
SBI_STAAM,47,80,Norm. Target Mean (Round),0.6052523064738674,False
SBI_STAAM,47,60,Norm. Target Mean (Cumulative),0.26307470457813653,False
SBI_STAAM,47,60,Top 10% peptides selected (%),10.679611650485436,False
SBI_STAAM,47,60,Remaining Top10 Quality,0.9806273503937616,False
SBI_STAAM,47,100,Norm. Target Mean (Round),0.4634626547093718,False
SBI_STAAM,47,80,Norm. Target Mean (Cumulative),0.3876955369878382,False
SBI_STAAM,47,80,Top 10% peptides selected (%),22.330097087378643,False
SBI_STAAM,47,80,Remaining Top10 Quality,0.9603315071082165,False
SBI_STAAM,47,120,Norm. Target Mean (Round),0.5105241150043415,False
SBI_STAAM,47,100,Norm. Target Mean (Cumulative),0.43463915760914595,False
SBI_STAAM,47,100,Top 10% peptides selected (%),28.155339805825243,False
SBI_STAAM,47,100,Remaining Top10 Quality,0.9537112443291266,False
SBI_STAAM,47,140,Norm. Target Mean (Round),0.6000645005618283,False
SBI_STAAM,47,120,Norm. Target Mean (Cumulative),0.4808616721209003,False
SBI_STAAM,47,120,Top 10% peptides selected (%),33.980582524271846,False
SBI_STAAM,47,120,Remaining Top10 Quality,0.9490153253030347,False
SBI_STAAM,47,160,Norm. Target Mean (Round),0.7060622685495678,False
SBI_STAAM,47,140,Norm. Target Mean (Cumulative),0.5364633827422283,False
SBI_STAAM,47,140,Top 10% peptides selected (%),39.80582524271845,False
SBI_STAAM,47,140,Remaining Top10 Quality,0.9278148502554426,False
SBI_STAAM,47,180,Norm. Target Mean (Round),0.5847895327417024,False
SBI_STAAM,47,160,Norm. Target Mean (Cumulative),0.5992382837352217,False
SBI_STAAM,47,160,Top 10% peptides selected (%),51.45631067961165,False
SBI_STAAM,47,160,Remaining Top10 Quality,0.8844886035828556,False
SBI_STAAM,47,200,Norm. Target Mean (Round),0.48355244511644646,False
SBI_STAAM,47,180,Norm. Target Mean (Cumulative),0.628801181583533,False
SBI_STAAM,47,180,Top 10% peptides selected (%),61.165048543689316,False
SBI_STAAM,47,180,Remaining Top10 Quality,0.8428202200316843,False
SBI_STAAM,47,200,Norm. Target Mean (Cumulative),0.6378509211609552,False
SBI_STAAM,47,200,Top 10% peptides selected (%),66.99029126213593,False
SBI_STAAM,47,200,Remaining Top10 Quality,0.8428202200316843,False
SBI_STAAM,50,20,Norm. Target Mean (Round),-0.1630242124342538,False
SBI_STAAM,50,40,Norm. Target Mean (Round),0.4379110295628322,False
SBI_STAAM,50,20,Norm. Target Mean (Cumulative),-0.1630242124342538,False
SBI_STAAM,50,20,Top 10% peptides selected (%),1.9417475728155338,False
SBI_STAAM,50,20,Remaining Top10 Quality,0.9955426281506993,False
SBI_STAAM,50,60,Norm. Target Mean (Round),0.6122185623207658,False
SBI_STAAM,50,40,Norm. Target Mean (Cumulative),0.14775476639230417,False
SBI_STAAM,50,40,Top 10% peptides selected (%),8.737864077669903,False
SBI_STAAM,50,40,Remaining Top10 Quality,0.9877012940104413,False
SBI_STAAM,50,80,Norm. Target Mean (Round),0.4386815886565502,False
SBI_STAAM,50,60,Norm. Target Mean (Cumulative),0.3360220199237348,False
SBI_STAAM,50,60,Top 10% peptides selected (%),17.475728155339805,False
SBI_STAAM,50,60,Remaining Top10 Quality,0.9654095843910953,False
SBI_STAAM,50,100,Norm. Target Mean (Round),0.6458738795476978,False
SBI_STAAM,50,80,Norm. Target Mean (Cumulative),0.39140103978317486,False
SBI_STAAM,50,80,Top 10% peptides selected (%),23.300970873786408,False
SBI_STAAM,50,80,Remaining Top10 Quality,0.9517102003132716,False
SBI_STAAM,50,120,Norm. Target Mean (Round),0.5464612752096195,False
SBI_STAAM,50,100,Norm. Target Mean (Cumulative),0.4798275099917875,False
SBI_STAAM,50,100,Top 10% peptides selected (%),33.980582524271846,False
SBI_STAAM,50,100,Remaining Top10 Quality,0.9356812895177801,False
SBI_STAAM,50,140,Norm. Target Mean (Round),0.6840549463506402,False
SBI_STAAM,50,120,Norm. Target Mean (Cumulative),0.5241472987320872,False
SBI_STAAM,50,120,Top 10% peptides selected (%),41.74757281553398,False
SBI_STAAM,50,120,Remaining Top10 Quality,0.9149345485655558,False
SBI_STAAM,50,160,Norm. Target Mean (Round),0.5308274875987987,False
SBI_STAAM,50,140,Norm. Target Mean (Cumulative),0.5849342125689576,False
SBI_STAAM,50,140,Top 10% peptides selected (%),51.45631067961165,False
SBI_STAAM,50,140,Remaining Top10 Quality,0.8653423859249066,False
SBI_STAAM,50,180,Norm. Target Mean (Round),0.5678088672297039,False
SBI_STAAM,50,160,Norm. Target Mean (Cumulative),0.6031555177119972,False
SBI_STAAM,50,160,Top 10% peptides selected (%),56.310679611650485,False
SBI_STAAM,50,160,Remaining Top10 Quality,0.8493633709942168,False
SBI_STAAM,50,200,Norm. Target Mean (Round),0.5113184201420009,False
SBI_STAAM,50,180,Norm. Target Mean (Cumulative),0.624765739642836,False
SBI_STAAM,50,180,Top 10% peptides selected (%),61.165048543689316,False
SBI_STAAM,50,180,Remaining Top10 Quality,0.8353346579406772,False
SBI_STAAM,50,200,Norm. Target Mean (Cumulative),0.6367877002158615,False
SBI_STAAM,50,200,Top 10% peptides selected (%),65.0485436893204,False
SBI_STAAM,50,200,Remaining Top10 Quality,0.8353346579406772,False
MAFG_MOUSE_sub,46,20,Norm. Target Mean (Round),0.056711799144028754,False
MAFG_MOUSE_sub,46,40,Norm. Target Mean (Round),0.5636859771686215,False
MAFG_MOUSE_sub,46,20,Norm. Target Mean (Cumulative),0.056711799144028754,False
MAFG_MOUSE_sub,46,20,Top 10% peptides selected (%),1.3986013986013985,False
MAFG_MOUSE_sub,46,20,Remaining Top10 Quality,1.0010170478904794,False
MAFG_MOUSE_sub,46,60,Norm. Target Mean (Round),0.7203032850822343,False
MAFG_MOUSE_sub,46,40,Norm. Target Mean (Cumulative),0.3317372646117878,False
MAFG_MOUSE_sub,46,40,Top 10% peptides selected (%),4.195804195804196,False
MAFG_MOUSE_sub,46,40,Remaining Top10 Quality,0.9989953370209445,False
MAFG_MOUSE_sub,46,80,Norm. Target Mean (Round),0.7863260886535449,False
MAFG_MOUSE_sub,46,60,Norm. Target Mean (Cumulative),0.49706271712786537,False
MAFG_MOUSE_sub,46,60,Top 10% peptides selected (%),13.286713286713287,False
MAFG_MOUSE_sub,46,60,Remaining Top10 Quality,0.9887155935396269,False
MAFG_MOUSE_sub,46,100,Norm. Target Mean (Round),0.7585135608887567,False
MAFG_MOUSE_sub,46,80,Norm. Target Mean (Cumulative),0.609199048991707,False
MAFG_MOUSE_sub,46,80,Top 10% peptides selected (%),25.174825174825177,False
MAFG_MOUSE_sub,46,80,Remaining Top10 Quality,0.9687012163139737,False
MAFG_MOUSE_sub,46,120,Norm. Target Mean (Round),0.7378911636363548,False
MAFG_MOUSE_sub,46,100,Norm. Target Mean (Cumulative),0.6762730385802572,False
MAFG_MOUSE_sub,46,100,Top 10% peptides selected (%),34.26573426573427,False
MAFG_MOUSE_sub,46,100,Remaining Top10 Quality,0.94730002304656,False
MAFG_MOUSE_sub,46,140,Norm. Target Mean (Round),0.6780660267538082,False
MAFG_MOUSE_sub,46,120,Norm. Target Mean (Cumulative),0.7188139261167455,False
MAFG_MOUSE_sub,46,120,Top 10% peptides selected (%),42.65734265734265,False
MAFG_MOUSE_sub,46,120,Remaining Top10 Quality,0.9327058224282024,False
MAFG_MOUSE_sub,46,160,Norm. Target Mean (Round),0.7325641261793218,False
MAFG_MOUSE_sub,46,140,Norm. Target Mean (Cumulative),0.7423583754345566,False
MAFG_MOUSE_sub,46,140,Top 10% peptides selected (%),48.95104895104895,False
MAFG_MOUSE_sub,46,140,Remaining Top10 Quality,0.9206234335707894,False
MAFG_MOUSE_sub,46,180,Norm. Target Mean (Round),0.7074062017106388,False
MAFG_MOUSE_sub,46,160,Norm. Target Mean (Cumulative),0.7713479255871689,False
MAFG_MOUSE_sub,46,160,Top 10% peptides selected (%),55.24475524475524,False
MAFG_MOUSE_sub,46,160,Remaining Top10 Quality,0.9056162086693296,False
MAFG_MOUSE_sub,46,200,Norm. Target Mean (Round),0.7048078442170287,False
MAFG_MOUSE_sub,46,180,Norm. Target Mean (Cumulative),0.7919740906163582,False
MAFG_MOUSE_sub,46,180,Top 10% peptides selected (%),62.23776223776224,False
MAFG_MOUSE_sub,46,180,Remaining Top10 Quality,0.8891324749132518,False
MAFG_MOUSE_sub,46,200,Norm. Target Mean (Cumulative),0.809883450603166,False
MAFG_MOUSE_sub,46,200,Top 10% peptides selected (%),65.03496503496503,False
MAFG_MOUSE_sub,46,200,Remaining Top10 Quality,0.8891324749132518,False
MAFG_MOUSE_sub,48,20,Norm. Target Mean (Round),0.1305721565339323,False
MAFG_MOUSE_sub,48,40,Norm. Target Mean (Round),0.6942343853583887,False
MAFG_MOUSE_sub,48,20,Norm. Target Mean (Cumulative),0.1305721565339323,False
MAFG_MOUSE_sub,48,20,Top 10% peptides selected (%),2.097902097902098,False
MAFG_MOUSE_sub,48,20,Remaining Top10 Quality,1.001268972019636,False
MAFG_MOUSE_sub,48,60,Norm. Target Mean (Round),0.5181301576891703,False
MAFG_MOUSE_sub,48,40,Norm. Target Mean (Cumulative),0.44098474540083477,False
MAFG_MOUSE_sub,48,40,Top 10% peptides selected (%),9.090909090909092,False
MAFG_MOUSE_sub,48,40,Remaining Top10 Quality,0.9957905490256793,False
MAFG_MOUSE_sub,48,80,Norm. Target Mean (Round),0.7978364772074635,False
MAFG_MOUSE_sub,48,60,Norm. Target Mean (Cumulative),0.49661627747631687,False
MAFG_MOUSE_sub,48,60,Top 10% peptides selected (%),13.986013986013987,False
MAFG_MOUSE_sub,48,60,Remaining Top10 Quality,0.9878825815704259,False
MAFG_MOUSE_sub,48,100,Norm. Target Mean (Round),0.7387656213001345,False
MAFG_MOUSE_sub,48,80,Norm. Target Mean (Cumulative),0.6113307716868022,False
MAFG_MOUSE_sub,48,80,Top 10% peptides selected (%),23.776223776223777,False
MAFG_MOUSE_sub,48,80,Remaining Top10 Quality,0.9587431454843098,False
MAFG_MOUSE_sub,48,120,Norm. Target Mean (Round),0.8159578924644068,False
MAFG_MOUSE_sub,48,100,Norm. Target Mean (Cumulative),0.6657023474745003,False
MAFG_MOUSE_sub,48,100,Top 10% peptides selected (%),31.46853146853147,False
MAFG_MOUSE_sub,48,100,Remaining Top10 Quality,0.9387651824038769,False
MAFG_MOUSE_sub,48,140,Norm. Target Mean (Round),0.7028907851104577,False
MAFG_MOUSE_sub,48,120,Norm. Target Mean (Cumulative),0.7188636909510716,False
MAFG_MOUSE_sub,48,120,Top 10% peptides selected (%),41.25874125874126,False
MAFG_MOUSE_sub,48,120,Remaining Top10 Quality,0.9163657271474669,False
MAFG_MOUSE_sub,48,160,Norm. Target Mean (Round),0.7642415974632254,False
MAFG_MOUSE_sub,48,140,Norm. Target Mean (Cumulative),0.7397037289198619,False
MAFG_MOUSE_sub,48,140,Top 10% peptides selected (%),47.55244755244755,False
MAFG_MOUSE_sub,48,140,Remaining Top10 Quality,0.9020450812522666,False
MAFG_MOUSE_sub,48,180,Norm. Target Mean (Round),0.7814454530304583,False
MAFG_MOUSE_sub,48,160,Norm. Target Mean (Cumulative),0.766581113699363,False
MAFG_MOUSE_sub,48,160,Top 10% peptides selected (%),55.24475524475524,False
MAFG_MOUSE_sub,48,160,Remaining Top10 Quality,0.8860214272976418,False
MAFG_MOUSE_sub,48,200,Norm. Target Mean (Round),0.781218700030809,False
MAFG_MOUSE_sub,48,180,Norm. Target Mean (Cumulative),0.7917541729432935,False
MAFG_MOUSE_sub,48,180,Top 10% peptides selected (%),64.33566433566433,False
MAFG_MOUSE_sub,48,180,Remaining Top10 Quality,0.8663375378524889,False
MAFG_MOUSE_sub,48,200,Norm. Target Mean (Cumulative),0.8132100081210458,False
MAFG_MOUSE_sub,48,200,Top 10% peptides selected (%),69.93006993006993,False
MAFG_MOUSE_sub,48,200,Remaining Top10 Quality,0.8663375378524889,False
MAFG_MOUSE_sub,45,20,Norm. Target Mean (Round),-0.09097237760091437,False
MAFG_MOUSE_sub,45,40,Norm. Target Mean (Round),0.5602989997200106,False
MAFG_MOUSE_sub,45,20,Norm. Target Mean (Cumulative),-0.09097237760091437,False
MAFG_MOUSE_sub,45,20,Top 10% peptides selected (%),0.6993006993006993,False
MAFG_MOUSE_sub,45,20,Remaining Top10 Quality,1.0012716571187685,False
MAFG_MOUSE_sub,45,60,Norm. Target Mean (Round),0.6862187745436226,False
MAFG_MOUSE_sub,45,40,Norm. Target Mean (Cumulative),0.2514028779049571,False
MAFG_MOUSE_sub,45,40,Top 10% peptides selected (%),5.594405594405594,False
MAFG_MOUSE_sub,45,40,Remaining Top10 Quality,0.9895719389082177,False
MAFG_MOUSE_sub,45,80,Norm. Target Mean (Round),0.7123844097900647,False
MAFG_MOUSE_sub,45,60,Norm. Target Mean (Cumulative),0.4238885036741516,False
MAFG_MOUSE_sub,45,60,Top 10% peptides selected (%),11.888111888111888,False
MAFG_MOUSE_sub,45,60,Remaining Top10 Quality,0.9782957079467111,False
MAFG_MOUSE_sub,45,100,Norm. Target Mean (Round),0.7460023875711621,False
MAFG_MOUSE_sub,45,80,Norm. Target Mean (Cumulative),0.5254440570689493,False
MAFG_MOUSE_sub,45,80,Top 10% peptides selected (%),18.88111888111888,False
MAFG_MOUSE_sub,45,80,Remaining Top10 Quality,0.9668295136051405,False
MAFG_MOUSE_sub,45,120,Norm. Target Mean (Round),0.7828813526102694,False
MAFG_MOUSE_sub,45,100,Norm. Target Mean (Cumulative),0.6007443983377189,False
MAFG_MOUSE_sub,45,100,Top 10% peptides selected (%),27.27272727272727,False
MAFG_MOUSE_sub,45,100,Remaining Top10 Quality,0.9550485860450632,False
MAFG_MOUSE_sub,45,140,Norm. Target Mean (Round),0.7019274775144596,False
MAFG_MOUSE_sub,45,120,Norm. Target Mean (Cumulative),0.663112473415746,False
MAFG_MOUSE_sub,45,120,Top 10% peptides selected (%),36.36363636363637,False
MAFG_MOUSE_sub,45,120,Remaining Top10 Quality,0.9375480179957095,False
MAFG_MOUSE_sub,45,160,Norm. Target Mean (Round),0.7749213320403603,False
MAFG_MOUSE_sub,45,140,Norm. Target Mean (Cumulative),0.6955496778973105,False
MAFG_MOUSE_sub,45,140,Top 10% peptides selected (%),42.65734265734265,False
MAFG_MOUSE_sub,45,140,Remaining Top10 Quality,0.9178287336253045,False
MAFG_MOUSE_sub,45,180,Norm. Target Mean (Round),0.8211542383987858,False
MAFG_MOUSE_sub,45,160,Norm. Target Mean (Cumulative),0.730627161153646,False
MAFG_MOUSE_sub,45,160,Top 10% peptides selected (%),47.55244755244755,False
MAFG_MOUSE_sub,45,160,Remaining Top10 Quality,0.9023825640726986,False
MAFG_MOUSE_sub,45,200,Norm. Target Mean (Round),0.6782539251518771,False
MAFG_MOUSE_sub,45,180,Norm. Target Mean (Cumulative),0.7641321457057323,False
MAFG_MOUSE_sub,45,180,Top 10% peptides selected (%),58.04195804195804,False
MAFG_MOUSE_sub,45,180,Remaining Top10 Quality,0.8817067071968075,False
MAFG_MOUSE_sub,45,200,Norm. Target Mean (Cumulative),0.7749709656020187,False
MAFG_MOUSE_sub,45,200,Top 10% peptides selected (%),60.83916083916085,False
MAFG_MOUSE_sub,45,200,Remaining Top10 Quality,0.8817067071968075,False
SBI_STAAM,46,20,Norm. Target Mean (Round),-0.06565075864814449,False
SBI_STAAM,46,40,Norm. Target Mean (Round),0.5818796993505428,False
SBI_STAAM,46,20,Norm. Target Mean (Cumulative),-0.06565075864814449,False
SBI_STAAM,46,20,Top 10% peptides selected (%),0.9708737864077669,False
SBI_STAAM,46,20,Remaining Top10 Quality,1.0008640641588709,False
SBI_STAAM,46,60,Norm. Target Mean (Round),0.43903549110183254,False
SBI_STAAM,46,40,Norm. Target Mean (Cumulative),0.27973577290632995,False
SBI_STAAM,46,40,Top 10% peptides selected (%),11.650485436893204,False
SBI_STAAM,46,40,Remaining Top10 Quality,0.9864290822006294,False
SBI_STAAM,46,80,Norm. Target Mean (Round),0.6995361046206944,False
SBI_STAAM,46,60,Norm. Target Mean (Cumulative),0.3654795231286484,False
SBI_STAAM,46,60,Top 10% peptides selected (%),19.41747572815534,False
SBI_STAAM,46,60,Remaining Top10 Quality,0.9516222982848449,False
SBI_STAAM,46,100,Norm. Target Mean (Round),0.5016149217819363,False
SBI_STAAM,46,80,Norm. Target Mean (Cumulative),0.4870724732198449,False
SBI_STAAM,46,80,Top 10% peptides selected (%),32.038834951456316,False
SBI_STAAM,46,80,Remaining Top10 Quality,0.9088601877414278,False
SBI_STAAM,46,120,Norm. Target Mean (Round),0.5879800395741966,False
SBI_STAAM,46,100,Norm. Target Mean (Cumulative),0.5165413425415406,False
SBI_STAAM,46,100,Top 10% peptides selected (%),38.83495145631068,False
SBI_STAAM,46,100,Remaining Top10 Quality,0.889530291333352,False
SBI_STAAM,46,140,Norm. Target Mean (Round),0.666147341049256,False
SBI_STAAM,46,120,Norm. Target Mean (Cumulative),0.555198901691664,False
SBI_STAAM,46,120,Top 10% peptides selected (%),46.601941747572816,False
SBI_STAAM,46,120,Remaining Top10 Quality,0.863194359076185,False
SBI_STAAM,46,160,Norm. Target Mean (Round),0.6276489774235554,False
SBI_STAAM,46,140,Norm. Target Mean (Cumulative),0.5981184601807674,False
SBI_STAAM,46,140,Top 10% peptides selected (%),54.36893203883495,False
SBI_STAAM,46,140,Remaining Top10 Quality,0.8410567045175925,False
SBI_STAAM,46,180,Norm. Target Mean (Round),0.6992105710199316,False
SBI_STAAM,46,160,Norm. Target Mean (Cumulative),0.6267975574197481,False
SBI_STAAM,46,160,Top 10% peptides selected (%),65.0485436893204,False
SBI_STAAM,46,160,Remaining Top10 Quality,0.8152055266487427,False
SBI_STAAM,46,200,Norm. Target Mean (Round),0.6482808011385809,False
SBI_STAAM,46,180,Norm. Target Mean (Cumulative),0.6627087500410307,False
SBI_STAAM,46,180,Top 10% peptides selected (%),72.81553398058253,False
SBI_STAAM,46,180,Remaining Top10 Quality,0.7796149424437225,False
SBI_STAAM,46,200,Norm. Target Mean (Cumulative),0.6854947482979309,False
SBI_STAAM,46,200,Top 10% peptides selected (%),76.69902912621359,False
SBI_STAAM,46,200,Remaining Top10 Quality,0.7796149424437225,False
DN7A_SACS2,45,20,Norm. Target Mean (Round),0.12347832883904963,False
DN7A_SACS2,45,40,Norm. Target Mean (Round),0.613737052506046,False
DN7A_SACS2,45,20,Norm. Target Mean (Cumulative),0.12347832883904963,False
DN7A_SACS2,45,20,Top 10% peptides selected (%),0.9900990099009901,False
DN7A_SACS2,45,20,Remaining Top10 Quality,1.001526911945829,False
DN7A_SACS2,45,60,Norm. Target Mean (Round),0.8195113923698613,False
DN7A_SACS2,45,40,Norm. Target Mean (Cumulative),0.39132294182333915,False
DN7A_SACS2,45,40,Top 10% peptides selected (%),9.900990099009901,False
DN7A_SACS2,45,40,Remaining Top10 Quality,0.9801452491685059,False
DN7A_SACS2,45,80,Norm. Target Mean (Round),0.7336163753658919,False
DN7A_SACS2,45,60,Norm. Target Mean (Cumulative),0.5603210754491796,False
DN7A_SACS2,45,60,Top 10% peptides selected (%),23.762376237623762,False
DN7A_SACS2,45,60,Remaining Top10 Quality,0.9548468187597033,False
DN7A_SACS2,45,100,Norm. Target Mean (Round),0.695122191814536,False
DN7A_SACS2,45,80,Norm. Target Mean (Cumulative),0.626910607354283,False
DN7A_SACS2,45,80,Top 10% peptides selected (%),32.67326732673268,False
DN7A_SACS2,45,80,Remaining Top10 Quality,0.9404665341813111,False
DN7A_SACS2,45,120,Norm. Target Mean (Round),0.7759558313892984,False
DN7A_SACS2,45,100,Norm. Target Mean (Cumulative),0.6611228983003388,False
DN7A_SACS2,45,100,Top 10% peptides selected (%),42.57425742574257,False
DN7A_SACS2,45,100,Remaining Top10 Quality,0.9231732217057643,False
DN7A_SACS2,45,140,Norm. Target Mean (Round),0.6350622605769947,False
DN7A_SACS2,45,120,Norm. Target Mean (Cumulative),0.7027740587180008,False
DN7A_SACS2,45,120,Top 10% peptides selected (%),52.475247524752476,False
DN7A_SACS2,45,120,Remaining Top10 Quality,0.9086196676018448,False
DN7A_SACS2,45,160,Norm. Target Mean (Round),0.6854904802495767,False
DN7A_SACS2,45,140,Norm. Target Mean (Cumulative),0.7119130731635982,False
DN7A_SACS2,45,140,Top 10% peptides selected (%),56.43564356435643,False
DN7A_SACS2,45,140,Remaining Top10 Quality,0.8949847719798356,False
DN7A_SACS2,45,180,Norm. Target Mean (Round),0.7434597835502338,False
DN7A_SACS2,45,160,Norm. Target Mean (Cumulative),0.7270251921685874,False
DN7A_SACS2,45,160,Top 10% peptides selected (%),60.396039603960396,False
DN7A_SACS2,45,160,Remaining Top10 Quality,0.8897453033086528,False
DN7A_SACS2,45,200,Norm. Target Mean (Round),0.6946839036083446,False
DN7A_SACS2,45,180,Norm. Target Mean (Cumulative),0.7486957042200998,False
DN7A_SACS2,45,180,Top 10% peptides selected (%),65.34653465346535,False
DN7A_SACS2,45,180,Remaining Top10 Quality,0.8803284042785802,False
DN7A_SACS2,45,200,Norm. Target Mean (Cumulative),0.7610462621614479,False
DN7A_SACS2,45,200,Top 10% peptides selected (%),69.3069306930693,False
DN7A_SACS2,45,200,Remaining Top10 Quality,0.8803284042785802,False
SBI_STAAM,42,20,Norm. Target Mean (Round),0.028683340721168297,False
SBI_STAAM,42,40,Norm. Target Mean (Round),0.3183848905241297,False
SBI_STAAM,42,20,Norm. Target Mean (Cumulative),0.028683340721168297,False
SBI_STAAM,42,20,Top 10% peptides selected (%),1.9417475728155338,False
SBI_STAAM,42,20,Remaining Top10 Quality,1.0002665601970617,False
SBI_STAAM,42,60,Norm. Target Mean (Round),0.6399814684845243,False
SBI_STAAM,42,40,Norm. Target Mean (Cumulative),0.18766101855747053,False
SBI_STAAM,42,40,Top 10% peptides selected (%),6.796116504854369,False
SBI_STAAM,42,40,Remaining Top10 Quality,0.9866719582586998,False
SBI_STAAM,42,80,Norm. Target Mean (Round),0.7620442473846599,False
SBI_STAAM,42,60,Norm. Target Mean (Cumulative),0.37275999751500066,False
SBI_STAAM,42,60,Top 10% peptides selected (%),19.41747572815534,False
SBI_STAAM,42,60,Remaining Top10 Quality,0.9598988173422967,False
SBI_STAAM,42,100,Norm. Target Mean (Round),0.5945317938104606,False
SBI_STAAM,42,80,Norm. Target Mean (Cumulative),0.5154198563707579,False
SBI_STAAM,42,80,Top 10% peptides selected (%),33.980582524271846,False
SBI_STAAM,42,80,Remaining Top10 Quality,0.9184310694677075,False
SBI_STAAM,42,120,Norm. Target Mean (Round),0.6592504099349284,False
SBI_STAAM,42,100,Norm. Target Mean (Cumulative),0.5639699340097272,False
SBI_STAAM,42,100,Top 10% peptides selected (%),42.71844660194174,False
SBI_STAAM,42,100,Remaining Top10 Quality,0.8864592098905721,False
SBI_STAAM,42,140,Norm. Target Mean (Round),0.6148190060353812,False
SBI_STAAM,42,120,Norm. Target Mean (Cumulative),0.6101058571608479,False
SBI_STAAM,42,120,Top 10% peptides selected (%),48.54368932038835,False
SBI_STAAM,42,120,Remaining Top10 Quality,0.8645862614324433,False
SBI_STAAM,42,160,Norm. Target Mean (Round),0.6373966497087177,False
SBI_STAAM,42,140,Norm. Target Mean (Cumulative),0.638273591670883,False
SBI_STAAM,42,140,Top 10% peptides selected (%),54.36893203883495,False
SBI_STAAM,42,140,Remaining Top10 Quality,0.8499255627976898,False
SBI_STAAM,42,180,Norm. Target Mean (Round),0.5093668462571012,False
SBI_STAAM,42,160,Norm. Target Mean (Cumulative),0.66642340746393,False
SBI_STAAM,42,160,Top 10% peptides selected (%),63.10679611650486,False
SBI_STAAM,42,160,Remaining Top10 Quality,0.8155281057848811,False
SBI_STAAM,42,200,Norm. Target Mean (Round),0.5593385429269123,False
SBI_STAAM,42,180,Norm. Target Mean (Cumulative),0.6713267456431504,False
SBI_STAAM,42,180,Top 10% peptides selected (%),68.93203883495146,False
SBI_STAAM,42,180,Remaining Top10 Quality,0.7963058903912766,False
SBI_STAAM,42,200,Norm. Target Mean (Cumulative),0.6839500654276618,False
SBI_STAAM,42,200,Top 10% peptides selected (%),73.7864077669903,False
SBI_STAAM,42,200,Remaining Top10 Quality,0.7963058903912766,False
DN7A_SACS2,44,20,Norm. Target Mean (Round),-0.08126003811293643,False
DN7A_SACS2,44,40,Norm. Target Mean (Round),0.31821942284974014,False
DN7A_SACS2,44,20,Norm. Target Mean (Cumulative),-0.08126003811293643,False
DN7A_SACS2,44,20,Top 10% peptides selected (%),1.9801980198019802,False
DN7A_SACS2,44,20,Remaining Top10 Quality,1.0014163699975236,False
DN7A_SACS2,44,60,Norm. Target Mean (Round),0.8132531587955955,False
DN7A_SACS2,44,40,Norm. Target Mean (Cumulative),0.12654196409458687,False
DN7A_SACS2,44,40,Top 10% peptides selected (%),9.900990099009901,False
DN7A_SACS2,44,40,Remaining Top10 Quality,0.9824005650334144,False
DN7A_SACS2,44,80,Norm. Target Mean (Round),0.6962281618027281,False
DN7A_SACS2,44,60,Norm. Target Mean (Cumulative),0.37675791458813757,False
DN7A_SACS2,44,60,Top 10% peptides selected (%),24.752475247524753,False
DN7A_SACS2,44,60,Remaining Top10 Quality,0.9516881750885652,False
DN7A_SACS2,44,100,Norm. Target Mean (Round),0.6499591718201444,False
DN7A_SACS2,44,80,Norm. Target Mean (Cumulative),0.47256625930472,False
DN7A_SACS2,44,80,Top 10% peptides selected (%),32.67326732673268,False
DN7A_SACS2,44,80,Remaining Top10 Quality,0.9383652354006723,False
DN7A_SACS2,44,120,Norm. Target Mean (Round),0.7056525122670685,False
DN7A_SACS2,44,100,Norm. Target Mean (Cumulative),0.5227456997923785,False
DN7A_SACS2,44,100,Top 10% peptides selected (%),39.603960396039604,False
DN7A_SACS2,44,100,Remaining Top10 Quality,0.9263937043776652,False
DN7A_SACS2,44,140,Norm. Target Mean (Round),0.12186703770394178,False
DN7A_SACS2,44,120,Norm. Target Mean (Cumulative),0.5689941622289494,False
DN7A_SACS2,44,120,Top 10% peptides selected (%),48.51485148514851,False
DN7A_SACS2,44,120,Remaining Top10 Quality,0.912998534813228,False
DN7A_SACS2,44,160,Norm. Target Mean (Round),0.7371970878651313,False
DN7A_SACS2,44,140,Norm. Target Mean (Cumulative),0.5078724969330227,False
DN7A_SACS2,44,140,Top 10% peptides selected (%),53.46534653465347,False
DN7A_SACS2,44,140,Remaining Top10 Quality,0.903522181904042,False
DN7A_SACS2,44,180,Norm. Target Mean (Round),0.6470249111976629,False
DN7A_SACS2,44,160,Norm. Target Mean (Cumulative),0.5523596841663521,False
DN7A_SACS2,44,160,Top 10% peptides selected (%),58.415841584158414,False
DN7A_SACS2,44,160,Remaining Top10 Quality,0.8946489879832676,False
DN7A_SACS2,44,200,Norm. Target Mean (Round),0.5381190001497314,False
DN7A_SACS2,44,180,Norm. Target Mean (Cumulative),0.5770607793741511,False
DN7A_SACS2,44,180,Top 10% peptides selected (%),60.396039603960396,False
DN7A_SACS2,44,180,Remaining Top10 Quality,0.8911217061468928,False
DN7A_SACS2,44,200,Norm. Target Mean (Cumulative),0.5844669121480797,False
DN7A_SACS2,44,200,Top 10% peptides selected (%),65.34653465346535,False
DN7A_SACS2,44,200,Remaining Top10 Quality,0.8911217061468928,False
SBI_STAAM,45,20,Norm. Target Mean (Round),0.13659083933540303,False
SBI_STAAM,45,40,Norm. Target Mean (Round),0.5136109040809315,False
SBI_STAAM,45,20,Norm. Target Mean (Cumulative),0.13659083933540303,False
SBI_STAAM,45,20,Top 10% peptides selected (%),1.9417475728155338,False
SBI_STAAM,45,20,Remaining Top10 Quality,1.003410480182225,False
SBI_STAAM,45,60,Norm. Target Mean (Round),0.4511652330347056,False
SBI_STAAM,45,40,Norm. Target Mean (Cumulative),0.3512452640834043,False
SBI_STAAM,45,40,Top 10% peptides selected (%),7.766990291262135,False
SBI_STAAM,45,40,Remaining Top10 Quality,0.9972612363511343,False
SBI_STAAM,45,80,Norm. Target Mean (Round),0.4756294715525989,False
SBI_STAAM,45,60,Norm. Target Mean (Cumulative),0.4211637066552115,False
SBI_STAAM,45,60,Top 10% peptides selected (%),14.563106796116504,False
SBI_STAAM,45,60,Remaining Top10 Quality,0.9860199631403264,False
SBI_STAAM,45,100,Norm. Target Mean (Round),0.39746310214011693,False
SBI_STAAM,45,80,Norm. Target Mean (Cumulative),0.4734315302480599,False
SBI_STAAM,45,80,Top 10% peptides selected (%),24.271844660194176,False
SBI_STAAM,45,80,Remaining Top10 Quality,0.9679965670604113,False
SBI_STAAM,45,120,Norm. Target Mean (Round),0.5053889395906055,False
SBI_STAAM,45,100,Norm. Target Mean (Cumulative),0.4900804368707859,False
SBI_STAAM,45,100,Top 10% peptides selected (%),29.126213592233007,False
SBI_STAAM,45,100,Remaining Top10 Quality,0.9586179788170255,False
SBI_STAAM,45,140,Norm. Target Mean (Round),0.34508617176404865,False
SBI_STAAM,45,120,Norm. Target Mean (Cumulative),0.5292095905209815,False
SBI_STAAM,45,120,Top 10% peptides selected (%),35.92233009708738,False
SBI_STAAM,45,120,Remaining Top10 Quality,0.9519980203100532,False
SBI_STAAM,45,160,Norm. Target Mean (Round),0.596462787664147,False
SBI_STAAM,45,140,Norm. Target Mean (Cumulative),0.5293151538862657,False
SBI_STAAM,45,140,Top 10% peptides selected (%),46.601941747572816,False
SBI_STAAM,45,140,Remaining Top10 Quality,0.8913979026301135,False
SBI_STAAM,45,180,Norm. Target Mean (Round),0.6191008674100202,False
SBI_STAAM,45,160,Norm. Target Mean (Cumulative),0.5696578791670994,False
SBI_STAAM,45,160,Top 10% peptides selected (%),57.28155339805825,False
SBI_STAAM,45,160,Remaining Top10 Quality,0.8451606725393559,False
SBI_STAAM,45,200,Norm. Target Mean (Round),0.6489517338675399,False
SBI_STAAM,45,180,Norm. Target Mean (Cumulative),0.6023785367364343,False
SBI_STAAM,45,180,Top 10% peptides selected (%),64.07766990291263,False
SBI_STAAM,45,180,Remaining Top10 Quality,0.8188121813693185,False
SBI_STAAM,45,200,Norm. Target Mean (Cumulative),0.6344853452674044,False
SBI_STAAM,45,200,Top 10% peptides selected (%),70.87378640776699,False
SBI_STAAM,45,200,Remaining Top10 Quality,0.8188121813693185,False
ENVZ_ECOLI,48,20,Norm. Target Mean (Round),-0.13552794598533188,False
ENVZ_ECOLI,48,40,Norm. Target Mean (Round),0.07892962365565664,False
ENVZ_ECOLI,48,20,Norm. Target Mean (Cumulative),-0.13552794598533188,False
ENVZ_ECOLI,48,20,Top 10% peptides selected (%),0.8849557522123894,False
ENVZ_ECOLI,48,20,Remaining Top10 Quality,1.0009377115645357,False
ENVZ_ECOLI,48,60,Norm. Target Mean (Round),0.45147181787325885,False
ENVZ_ECOLI,48,40,Norm. Target Mean (Cumulative),-0.029293930404523633,False
ENVZ_ECOLI,48,40,Top 10% peptides selected (%),2.6548672566371683,False
ENVZ_ECOLI,48,40,Remaining Top10 Quality,0.9999493037894103,False
ENVZ_ECOLI,48,80,Norm. Target Mean (Round),0.1928255027448346,False
ENVZ_ECOLI,48,60,Norm. Target Mean (Cumulative),0.1472768223812118,False
ENVZ_ECOLI,48,60,Top 10% peptides selected (%),5.3097345132743365,False
ENVZ_ECOLI,48,60,Remaining Top10 Quality,1.0007540138512894,False
ENVZ_ECOLI,48,100,Norm. Target Mean (Round),0.519658090628908,False
ENVZ_ECOLI,48,80,Norm. Target Mean (Cumulative),0.1658545189100572,False
ENVZ_ECOLI,48,80,Top 10% peptides selected (%),6.1946902654867255,False
ENVZ_ECOLI,48,80,Remaining Top10 Quality,1.0013807830190895,False
ENVZ_ECOLI,48,120,Norm. Target Mean (Round),0.6396770129925178,False
ENVZ_ECOLI,48,100,Norm. Target Mean (Cumulative),0.2533200615670475,False
ENVZ_ECOLI,48,100,Top 10% peptides selected (%),8.849557522123893,False
ENVZ_ECOLI,48,100,Remaining Top10 Quality,1.0017587273988664,False
ENVZ_ECOLI,48,140,Norm. Target Mean (Round),0.31058519617502267,False
ENVZ_ECOLI,48,120,Norm. Target Mean (Cumulative),0.3364330286853571,False
ENVZ_ECOLI,48,120,Top 10% peptides selected (%),11.504424778761061,False
ENVZ_ECOLI,48,120,Remaining Top10 Quality,1.0003945603560278,False
ENVZ_ECOLI,48,160,Norm. Target Mean (Round),0.5667529148244375,False
ENVZ_ECOLI,48,140,Norm. Target Mean (Cumulative),0.33900442917968576,False
ENVZ_ECOLI,48,140,Top 10% peptides selected (%),12.389380530973451,False
ENVZ_ECOLI,48,140,Remaining Top10 Quality,0.9991902451046932,False
ENVZ_ECOLI,48,180,Norm. Target Mean (Round),0.6485182183818556,False
ENVZ_ECOLI,48,160,Norm. Target Mean (Cumulative),0.3794002227897105,False
ENVZ_ECOLI,48,160,Top 10% peptides selected (%),13.274336283185843,False
ENVZ_ECOLI,48,160,Remaining Top10 Quality,1.0003698316016303,False
ENVZ_ECOLI,48,200,Norm. Target Mean (Round),0.720147954706381,False
ENVZ_ECOLI,48,180,Norm. Target Mean (Cumulative),0.42227218039435216,False
ENVZ_ECOLI,48,180,Top 10% peptides selected (%),15.929203539823009,False
ENVZ_ECOLI,48,180,Remaining Top10 Quality,1.0006159933328678,False
ENVZ_ECOLI,48,200,Norm. Target Mean (Cumulative),0.4658068327104035,False
ENVZ_ECOLI,48,200,Top 10% peptides selected (%),18.58407079646018,False
ENVZ_ECOLI,48,200,Remaining Top10 Quality,1.0006159933328678,False
MAFG_MOUSE_sub,51,20,Norm. Target Mean (Round),0.1319355707490226,False
MAFG_MOUSE_sub,51,40,Norm. Target Mean (Round),0.6686483554612971,False
MAFG_MOUSE_sub,51,20,Norm. Target Mean (Cumulative),0.1319355707490226,False
MAFG_MOUSE_sub,51,20,Top 10% peptides selected (%),1.3986013986013985,False
MAFG_MOUSE_sub,51,20,Remaining Top10 Quality,1.0004668309702751,False
MAFG_MOUSE_sub,51,60,Norm. Target Mean (Round),0.7039339456985462,False
MAFG_MOUSE_sub,51,40,Norm. Target Mean (Cumulative),0.4279963608993223,False
MAFG_MOUSE_sub,51,40,Top 10% peptides selected (%),9.79020979020979,False
MAFG_MOUSE_sub,51,40,Remaining Top10 Quality,0.9866215957190622,False
MAFG_MOUSE_sub,51,80,Norm. Target Mean (Round),0.5169142075558564,False
MAFG_MOUSE_sub,51,60,Norm. Target Mean (Cumulative),0.5551132463949845,False
MAFG_MOUSE_sub,51,60,Top 10% peptides selected (%),18.181818181818183,False
MAFG_MOUSE_sub,51,60,Remaining Top10 Quality,0.9736667155354995,False
MAFG_MOUSE_sub,51,100,Norm. Target Mean (Round),0.7443199737779284,False
MAFG_MOUSE_sub,51,80,Norm. Target Mean (Cumulative),0.5735155871940182,False
MAFG_MOUSE_sub,51,80,Top 10% peptides selected (%),25.174825174825177,False
MAFG_MOUSE_sub,51,80,Remaining Top10 Quality,0.9632544630395897,False
MAFG_MOUSE_sub,51,120,Norm. Target Mean (Round),0.7185214153059932,False
MAFG_MOUSE_sub,51,100,Norm. Target Mean (Cumulative),0.6428380345319906,False
MAFG_MOUSE_sub,51,100,Top 10% peptides selected (%),32.16783216783217,False
MAFG_MOUSE_sub,51,100,Remaining Top10 Quality,0.9461525963357929,False
MAFG_MOUSE_sub,51,140,Norm. Target Mean (Round),0.7139199568210863,False
MAFG_MOUSE_sub,51,120,Norm. Target Mean (Cumulative),0.6853712386588502,False
MAFG_MOUSE_sub,51,120,Top 10% peptides selected (%),39.86013986013986,False
MAFG_MOUSE_sub,51,120,Remaining Top10 Quality,0.9373181678417066,False
MAFG_MOUSE_sub,51,160,Norm. Target Mean (Round),0.7692225152738835,False
MAFG_MOUSE_sub,51,140,Norm. Target Mean (Cumulative),0.7191238624414124,False
MAFG_MOUSE_sub,51,140,Top 10% peptides selected (%),47.55244755244755,False
MAFG_MOUSE_sub,51,140,Remaining Top10 Quality,0.9221671156678407,False
MAFG_MOUSE_sub,51,180,Norm. Target Mean (Round),0.8060812305312699,False
MAFG_MOUSE_sub,51,160,Norm. Target Mean (Cumulative),0.7561891085358392,False
MAFG_MOUSE_sub,51,160,Top 10% peptides selected (%),57.34265734265735,False
MAFG_MOUSE_sub,51,160,Remaining Top10 Quality,0.8946482170438512,False
MAFG_MOUSE_sub,51,200,Norm. Target Mean (Round),0.8040192273475736,False
MAFG_MOUSE_sub,51,180,Norm. Target Mean (Cumulative),0.7909447028505742,False
MAFG_MOUSE_sub,51,180,Top 10% peptides selected (%),66.43356643356644,False
MAFG_MOUSE_sub,51,180,Remaining Top10 Quality,0.8592545224949648,False
MAFG_MOUSE_sub,51,200,Norm. Target Mean (Cumulative),0.8151618027030257,False
MAFG_MOUSE_sub,51,200,Top 10% peptides selected (%),71.32867132867133,False
MAFG_MOUSE_sub,51,200,Remaining Top10 Quality,0.8592545224949648,False
DN7A_SACS2,48,20,Norm. Target Mean (Round),0.07804658246066759,False
DN7A_SACS2,48,40,Norm. Target Mean (Round),0.571333633773603,False
DN7A_SACS2,48,20,Norm. Target Mean (Cumulative),0.07804658246066759,False
DN7A_SACS2,48,20,Top 10% peptides selected (%),3.9603960396039604,False
DN7A_SACS2,48,20,Remaining Top10 Quality,0.9964024933091389,False
DN7A_SACS2,48,60,Norm. Target Mean (Round),0.5553524255424005,False
DN7A_SACS2,48,40,Norm. Target Mean (Cumulative),0.3447910240911417,False
DN7A_SACS2,48,40,Top 10% peptides selected (%),10.891089108910892,False
DN7A_SACS2,48,40,Remaining Top10 Quality,0.9785149740181874,False
DN7A_SACS2,48,80,Norm. Target Mean (Round),0.7513795134098024,False
DN7A_SACS2,48,60,Norm. Target Mean (Cumulative),0.43331311920368387,False
DN7A_SACS2,48,60,Top 10% peptides selected (%),19.801980198019802,False
DN7A_SACS2,48,60,Remaining Top10 Quality,0.9662907739007983,False
DN7A_SACS2,48,100,Norm. Target Mean (Round),0.5542637131946434,False
DN7A_SACS2,48,80,Norm. Target Mean (Cumulative),0.536798183805203,False
DN7A_SACS2,48,80,Top 10% peptides selected (%),26.732673267326735,False
DN7A_SACS2,48,80,Remaining Top10 Quality,0.9572183773430077,False
DN7A_SACS2,48,120,Norm. Target Mean (Round),0.7878341323354799,False
DN7A_SACS2,48,100,Norm. Target Mean (Cumulative),0.55847071915905,False
DN7A_SACS2,48,100,Top 10% peptides selected (%),34.65346534653465,False
DN7A_SACS2,48,100,Remaining Top10 Quality,0.9471212523098091,False
DN7A_SACS2,48,140,Norm. Target Mean (Round),0.6861113396041588,False
DN7A_SACS2,48,120,Norm. Target Mean (Cumulative),0.6206342956248135,False
DN7A_SACS2,48,120,Top 10% peptides selected (%),44.554455445544555,False
DN7A_SACS2,48,120,Remaining Top10 Quality,0.9241885727648744,False
DN7A_SACS2,48,160,Norm. Target Mean (Round),0.6079626230515669,False
DN7A_SACS2,48,140,Norm. Target Mean (Cumulative),0.6486459000446013,False
DN7A_SACS2,48,140,Top 10% peptides selected (%),47.524752475247524,False
DN7A_SACS2,48,140,Remaining Top10 Quality,0.921539822847284,False
DN7A_SACS2,48,180,Norm. Target Mean (Round),0.6217788803503143,False
DN7A_SACS2,48,160,Norm. Target Mean (Cumulative),0.6604437778811743,False
DN7A_SACS2,48,160,Top 10% peptides selected (%),49.504950495049506,False
DN7A_SACS2,48,160,Remaining Top10 Quality,0.9184602517512417,False
DN7A_SACS2,48,200,Norm. Target Mean (Round),0.5939984656928582,False
DN7A_SACS2,48,180,Norm. Target Mean (Cumulative),0.6727343540121457,False
DN7A_SACS2,48,180,Top 10% peptides selected (%),51.48514851485149,False
DN7A_SACS2,48,180,Remaining Top10 Quality,0.9137848445216175,False
DN7A_SACS2,48,200,Norm. Target Mean (Cumulative),0.6792280477067889,False
DN7A_SACS2,48,200,Top 10% peptides selected (%),56.43564356435643,False
DN7A_SACS2,48,200,Remaining Top10 Quality,0.9137848445216175,False
SOX30_HUMAN,50,20,Norm. Target Mean (Round),-0.13700560182318477,False
SOX30_HUMAN,50,40,Norm. Target Mean (Round),0.8074669359775778,False
SOX30_HUMAN,50,20,Norm. Target Mean (Cumulative),-0.13700560182318477,False
SOX30_HUMAN,50,20,Top 10% peptides selected (%),2.9702970297029703,False
SOX30_HUMAN,50,20,Remaining Top10 Quality,0.9977174357368982,False
SOX30_HUMAN,50,60,Norm. Target Mean (Round),0.6650153850808264,False
SOX30_HUMAN,50,40,Norm. Target Mean (Cumulative),0.36922783059758235,False
SOX30_HUMAN,50,40,Top 10% peptides selected (%),19.801980198019802,False
SOX30_HUMAN,50,40,Remaining Top10 Quality,0.9308273459880775,False
SOX30_HUMAN,50,80,Norm. Target Mean (Round),0.3610795527109729,False
SOX30_HUMAN,50,60,Norm. Target Mean (Cumulative),0.5147983659448957,False
SOX30_HUMAN,50,60,Top 10% peptides selected (%),28.71287128712871,False
SOX30_HUMAN,50,60,Remaining Top10 Quality,0.8886617402565464,False
SOX30_HUMAN,50,100,Norm. Target Mean (Round),0.4286814646105057,False
SOX30_HUMAN,50,80,Norm. Target Mean (Cumulative),0.5047519843546382,False
SOX30_HUMAN,50,80,Top 10% peptides selected (%),34.65346534653465,False
SOX30_HUMAN,50,80,Remaining Top10 Quality,0.8787171129582735,False
SOX30_HUMAN,50,120,Norm. Target Mean (Round),0.7062406948970553,False
SOX30_HUMAN,50,100,Norm. Target Mean (Cumulative),0.5186643155294286,False
SOX30_HUMAN,50,100,Top 10% peptides selected (%),37.62376237623762,False
SOX30_HUMAN,50,100,Remaining Top10 Quality,0.8748276413464092,False
SOX30_HUMAN,50,140,Norm. Target Mean (Round),0.6080523729718373,False
SOX30_HUMAN,50,120,Norm. Target Mean (Cumulative),0.5885374160268403,False
SOX30_HUMAN,50,120,Top 10% peptides selected (%),47.524752475247524,False
SOX30_HUMAN,50,120,Remaining Top10 Quality,0.8322143242991041,False
SOX30_HUMAN,50,160,Norm. Target Mean (Round),0.6132796642020795,False
SOX30_HUMAN,50,140,Norm. Target Mean (Cumulative),0.6176594256498282,False
SOX30_HUMAN,50,140,Top 10% peptides selected (%),53.46534653465347,False
SOX30_HUMAN,50,140,Remaining Top10 Quality,0.8212780427293482,False
SOX30_HUMAN,50,180,Norm. Target Mean (Round),0.6548616179963805,False
SOX30_HUMAN,50,160,Norm. Target Mean (Cumulative),0.6433039077472845,False
SOX30_HUMAN,50,160,Top 10% peptides selected (%),56.43564356435643,False
SOX30_HUMAN,50,160,Remaining Top10 Quality,0.8119575286827891,False
SOX30_HUMAN,50,200,Norm. Target Mean (Round),0.6491863534403061,False
SOX30_HUMAN,50,180,Norm. Target Mean (Cumulative),0.6713838629495219,False
SOX30_HUMAN,50,180,Top 10% peptides selected (%),61.386138613861384,False
SOX30_HUMAN,50,180,Remaining Top10 Quality,0.7927787883319934,False
SOX30_HUMAN,50,200,Norm. Target Mean (Cumulative),0.6944461815774157,False
SOX30_HUMAN,50,200,Top 10% peptides selected (%),64.35643564356435,False
SOX30_HUMAN,50,200,Remaining Top10 Quality,0.7927787883319934,False
ENVZ_ECOLI,50,20,Norm. Target Mean (Round),0.5564597121028624,False
ENVZ_ECOLI,50,40,Norm. Target Mean (Round),0.25087859887752845,False
ENVZ_ECOLI,50,20,Norm. Target Mean (Cumulative),0.5564597121028624,False
ENVZ_ECOLI,50,20,Top 10% peptides selected (%),2.6548672566371683,False
ENVZ_ECOLI,50,20,Remaining Top10 Quality,1.0000745189052742,False
ENVZ_ECOLI,50,60,Norm. Target Mean (Round),0.49991528961646836,False
ENVZ_ECOLI,50,40,Norm. Target Mean (Cumulative),0.4312161466800582,False
ENVZ_ECOLI,50,40,Top 10% peptides selected (%),4.424778761061947,False
ENVZ_ECOLI,50,40,Remaining Top10 Quality,1.00053432326257,False
ENVZ_ECOLI,50,80,Norm. Target Mean (Round),0.6110192967253101,False
ENVZ_ECOLI,50,60,Norm. Target Mean (Cumulative),0.4816136872969488,False
ENVZ_ECOLI,50,60,Top 10% peptides selected (%),7.964601769911504,False
ENVZ_ECOLI,50,60,Remaining Top10 Quality,1.000342467422475,False
ENVZ_ECOLI,50,100,Norm. Target Mean (Round),0.5048900792380655,False
ENVZ_ECOLI,50,80,Norm. Target Mean (Cumulative),0.5405545060271163,False
ENVZ_ECOLI,50,80,Top 10% peptides selected (%),10.619469026548673,False
ENVZ_ECOLI,50,80,Remaining Top10 Quality,1.0000575716645952,False
ENVZ_ECOLI,50,120,Norm. Target Mean (Round),0.494488842013071,False
ENVZ_ECOLI,50,100,Norm. Target Mean (Cumulative),0.5518997029876291,False
ENVZ_ECOLI,50,100,Top 10% peptides selected (%),13.274336283185843,False
ENVZ_ECOLI,50,100,Remaining Top10 Quality,1.0005714696162231,False
ENVZ_ECOLI,50,140,Norm. Target Mean (Round),-0.14452355081919938,False
ENVZ_ECOLI,50,120,Norm. Target Mean (Cumulative),0.5572898588570164,False
ENVZ_ECOLI,50,120,Top 10% peptides selected (%),15.929203539823009,False
ENVZ_ECOLI,50,120,Remaining Top10 Quality,1.0015048507039237,False
ENVZ_ECOLI,50,160,Norm. Target Mean (Round),0.661716126175537,False
ENVZ_ECOLI,50,140,Norm. Target Mean (Cumulative),0.4467033058602592,False
ENVZ_ECOLI,50,140,Top 10% peptides selected (%),15.929203539823009,False
ENVZ_ECOLI,50,140,Remaining Top10 Quality,1.0028324887668143,False
ENVZ_ECOLI,50,180,Norm. Target Mean (Round),0.2738320681179906,False
ENVZ_ECOLI,50,160,Norm. Target Mean (Cumulative),0.48996450615177006,False
ENVZ_ECOLI,50,160,Top 10% peptides selected (%),18.58407079646018,False
ENVZ_ECOLI,50,160,Remaining Top10 Quality,1.002996222116726,False
ENVZ_ECOLI,50,200,Norm. Target Mean (Round),0.3943007420329563,False
ENVZ_ECOLI,50,180,Norm. Target Mean (Cumulative),0.4686264477063119,False
ENVZ_ECOLI,50,180,Top 10% peptides selected (%),20.353982300884958,False
ENVZ_ECOLI,50,180,Remaining Top10 Quality,1.003906180139488,False
ENVZ_ECOLI,50,200,Norm. Target Mean (Cumulative),0.46675414398276555,False
ENVZ_ECOLI,50,200,Top 10% peptides selected (%),22.123893805309734,False
ENVZ_ECOLI,50,200,Remaining Top10 Quality,1.003906180139488,False
DN7A_SACS2,49,20,Norm. Target Mean (Round),0.023117647777543274,False
DN7A_SACS2,49,40,Norm. Target Mean (Round),0.635837981195246,False
DN7A_SACS2,49,20,Norm. Target Mean (Cumulative),0.023117647777543274,False
DN7A_SACS2,49,20,Top 10% peptides selected (%),1.9801980198019802,False
DN7A_SACS2,49,20,Remaining Top10 Quality,1.0019303928788734,False
DN7A_SACS2,49,60,Norm. Target Mean (Round),0.535027124600264,False
DN7A_SACS2,49,40,Norm. Target Mean (Cumulative),0.350149819677857,False
DN7A_SACS2,49,40,Top 10% peptides selected (%),7.920792079207921,False
DN7A_SACS2,49,40,Remaining Top10 Quality,0.9985281368569306,False
DN7A_SACS2,49,80,Norm. Target Mean (Round),0.6116363366727242,False
DN7A_SACS2,49,60,Norm. Target Mean (Cumulative),0.43701159092862074,False
DN7A_SACS2,49,60,Top 10% peptides selected (%),11.881188118811881,False
DN7A_SACS2,49,60,Remaining Top10 Quality,0.9989272138647428,False
DN7A_SACS2,49,100,Norm. Target Mean (Round),0.6518385104102439,False
DN7A_SACS2,49,80,Norm. Target Mean (Cumulative),0.5091541338720436,False
DN7A_SACS2,49,80,Top 10% peptides selected (%),19.801980198019802,False
DN7A_SACS2,49,80,Remaining Top10 Quality,0.98567652294211,False
DN7A_SACS2,49,120,Norm. Target Mean (Round),0.7312729561114497,False
DN7A_SACS2,49,100,Norm. Target Mean (Cumulative),0.5652758938436873,False
DN7A_SACS2,49,100,Top 10% peptides selected (%),29.7029702970297,False
DN7A_SACS2,49,100,Remaining Top10 Quality,0.9698530403019114,False
DN7A_SACS2,49,140,Norm. Target Mean (Round),0.6897050262276039,False
DN7A_SACS2,49,120,Norm. Target Mean (Cumulative),0.6216193370476206,False
DN7A_SACS2,49,120,Top 10% peptides selected (%),41.584158415841586,False
DN7A_SACS2,49,120,Remaining Top10 Quality,0.94085760184456,False
DN7A_SACS2,49,160,Norm. Target Mean (Round),0.6636500766925937,False
DN7A_SACS2,49,140,Norm. Target Mean (Cumulative),0.6535304450771833,False
DN7A_SACS2,49,140,Top 10% peptides selected (%),52.475247524752476,False
DN7A_SACS2,49,140,Remaining Top10 Quality,0.9143849128072521,False
DN7A_SACS2,49,180,Norm. Target Mean (Round),0.6033477960256515,False
DN7A_SACS2,49,160,Norm. Target Mean (Cumulative),0.6733927305242698,False
DN7A_SACS2,49,160,Top 10% peptides selected (%),58.415841584158414,False
DN7A_SACS2,49,160,Remaining Top10 Quality,0.9015226252744397,False
DN7A_SACS2,49,200,Norm. Target Mean (Round),0.7210188839678089,False
DN7A_SACS2,49,180,Norm. Target Mean (Cumulative),0.681546936320226,False
DN7A_SACS2,49,180,Top 10% peptides selected (%),63.366336633663366,False
DN7A_SACS2,49,180,Remaining Top10 Quality,0.8900904030250022,False
DN7A_SACS2,49,200,Norm. Target Mean (Cumulative),0.7039797453930603,False
DN7A_SACS2,49,200,Top 10% peptides selected (%),69.3069306930693,False
DN7A_SACS2,49,200,Remaining Top10 Quality,0.8900904030250022,False
YNZC_BACSU_sub,50,20,Norm. Target Mean (Round),-0.04136375037993796,False
YNZC_BACSU_sub,50,40,Norm. Target Mean (Round),0.6632534091736859,False
YNZC_BACSU_sub,50,20,Norm. Target Mean (Cumulative),-0.04136375037993796,False
YNZC_BACSU_sub,50,20,Top 10% peptides selected (%),0.43478260869565216,False
YNZC_BACSU_sub,50,20,Remaining Top10 Quality,0.9996474559661208,False
YNZC_BACSU_sub,50,60,Norm. Target Mean (Round),0.7872779562963977,False
YNZC_BACSU_sub,50,40,Norm. Target Mean (Cumulative),0.33499254643542004,False
YNZC_BACSU_sub,50,40,Top 10% peptides selected (%),5.6521739130434785,False
YNZC_BACSU_sub,50,40,Remaining Top10 Quality,0.9916647679649695,False
YNZC_BACSU_sub,50,80,Norm. Target Mean (Round),0.7026891926108744,False
YNZC_BACSU_sub,50,60,Norm. Target Mean (Cumulative),0.5256369227556512,False
YNZC_BACSU_sub,50,60,Top 10% peptides selected (%),13.478260869565217,False
YNZC_BACSU_sub,50,60,Remaining Top10 Quality,0.9729321004018823,False
YNZC_BACSU_sub,50,100,Norm. Target Mean (Round),0.757387380054592,False
YNZC_BACSU_sub,50,80,Norm. Target Mean (Cumulative),0.6050786275913727,False
YNZC_BACSU_sub,50,80,Top 10% peptides selected (%),20.0,False
YNZC_BACSU_sub,50,80,Remaining Top10 Quality,0.9602436983311488,False
YNZC_BACSU_sub,50,120,Norm. Target Mean (Round),0.825666939518964,False
YNZC_BACSU_sub,50,100,Norm. Target Mean (Cumulative),0.6700041371349807,False
YNZC_BACSU_sub,50,100,Top 10% peptides selected (%),26.08695652173913,False
YNZC_BACSU_sub,50,100,Remaining Top10 Quality,0.9447821664436797,False
YNZC_BACSU_sub,50,140,Norm. Target Mean (Round),0.7876026130604986,False
YNZC_BACSU_sub,50,120,Norm. Target Mean (Cumulative),0.7290194438835047,False
YNZC_BACSU_sub,50,120,Top 10% peptides selected (%),33.04347826086956,False
YNZC_BACSU_sub,50,120,Remaining Top10 Quality,0.9208915351494418,False
YNZC_BACSU_sub,50,160,Norm. Target Mean (Round),0.7414395886846992,False
YNZC_BACSU_sub,50,140,Norm. Target Mean (Cumulative),0.7608624408767064,False
YNZC_BACSU_sub,50,140,Top 10% peptides selected (%),40.43478260869565,False
YNZC_BACSU_sub,50,140,Remaining Top10 Quality,0.9045929887293279,False
YNZC_BACSU_sub,50,180,Norm. Target Mean (Round),0.7583030016339826,False
YNZC_BACSU_sub,50,160,Norm. Target Mean (Cumulative),0.7809342450452587,False
YNZC_BACSU_sub,50,160,Top 10% peptides selected (%),45.65217391304348,False
YNZC_BACSU_sub,50,160,Remaining Top10 Quality,0.8930336844955994,False
YNZC_BACSU_sub,50,200,Norm. Target Mean (Round),0.7769871305180716,False
YNZC_BACSU_sub,50,180,Norm. Target Mean (Cumulative),0.8014031796131669,False
YNZC_BACSU_sub,50,180,Top 10% peptides selected (%),50.43478260869565,False
YNZC_BACSU_sub,50,180,Remaining Top10 Quality,0.8763288915032564,False
YNZC_BACSU_sub,50,200,Norm. Target Mean (Cumulative),0.8194668782542368,False
YNZC_BACSU_sub,50,200,Top 10% peptides selected (%),55.65217391304348,False
YNZC_BACSU_sub,50,200,Remaining Top10 Quality,0.8763288915032564,False
DN7A_SACS2,47,20,Norm. Target Mean (Round),0.13644266887885229,False
DN7A_SACS2,47,40,Norm. Target Mean (Round),0.5999945889998775,False
DN7A_SACS2,47,20,Norm. Target Mean (Cumulative),0.13644266887885229,False
DN7A_SACS2,47,20,Top 10% peptides selected (%),1.9801980198019802,False
DN7A_SACS2,47,20,Remaining Top10 Quality,1.0010688372869212,False
DN7A_SACS2,47,60,Norm. Target Mean (Round),0.3694359858659949,False
DN7A_SACS2,47,40,Norm. Target Mean (Cumulative),0.3908353098208748,False
DN7A_SACS2,47,40,Top 10% peptides selected (%),7.920792079207921,False
DN7A_SACS2,47,40,Remaining Top10 Quality,0.9978626805875196,False
DN7A_SACS2,47,80,Norm. Target Mean (Round),0.5262542972982122,False
DN7A_SACS2,47,60,Norm. Target Mean (Cumulative),0.40318592584768154,False
DN7A_SACS2,47,60,Top 10% peptides selected (%),11.881188118811881,False
DN7A_SACS2,47,60,Remaining Top10 Quality,0.9977207763824731,False
DN7A_SACS2,47,100,Norm. Target Mean (Round),0.6023058641497181,False
DN7A_SACS2,47,80,Norm. Target Mean (Cumulative),0.4584244713934478,False
DN7A_SACS2,47,80,Top 10% peptides selected (%),16.831683168316832,False
DN7A_SACS2,47,80,Remaining Top10 Quality,0.9947642078924777,False
DN7A_SACS2,47,120,Norm. Target Mean (Round),0.6583689887963889,False
DN7A_SACS2,47,100,Norm. Target Mean (Cumulative),0.5139317438359733,False
DN7A_SACS2,47,100,Top 10% peptides selected (%),22.772277227722775,False
DN7A_SACS2,47,100,Remaining Top10 Quality,0.9897674261633732,False
DN7A_SACS2,47,140,Norm. Target Mean (Round),0.8319518274137153,False
DN7A_SACS2,47,120,Norm. Target Mean (Cumulative),0.5663608102444105,False
DN7A_SACS2,47,120,Top 10% peptides selected (%),31.683168316831683,False
DN7A_SACS2,47,120,Remaining Top10 Quality,0.9714336384861249,False
DN7A_SACS2,47,160,Norm. Target Mean (Round),0.8106992074520619,False
DN7A_SACS2,47,140,Norm. Target Mean (Cumulative),0.6371341930934639,False
DN7A_SACS2,47,140,Top 10% peptides selected (%),45.54455445544555,False
DN7A_SACS2,47,140,Remaining Top10 Quality,0.9245231265616337,False
DN7A_SACS2,47,180,Norm. Target Mean (Round),0.7219846402494957,False
DN7A_SACS2,47,160,Norm. Target Mean (Cumulative),0.6820685947000161,False
DN7A_SACS2,47,160,Top 10% peptides selected (%),55.44554455445545,False
DN7A_SACS2,47,160,Remaining Top10 Quality,0.8962282731055429,False
DN7A_SACS2,47,200,Norm. Target Mean (Round),0.6532107323325743,False
DN7A_SACS2,47,180,Norm. Target Mean (Cumulative),0.7034096006674692,False
DN7A_SACS2,47,180,Top 10% peptides selected (%),63.366336633663366,False
DN7A_SACS2,47,180,Remaining Top10 Quality,0.8838978356135075,False
DN7A_SACS2,47,200,Norm. Target Mean (Cumulative),0.7133506039361157,False
DN7A_SACS2,47,200,Top 10% peptides selected (%),65.34653465346535,False
DN7A_SACS2,47,200,Remaining Top10 Quality,0.8838978356135075,False
DN7A_SACS2,50,20,Norm. Target Mean (Round),-0.07228734163353019,False
DN7A_SACS2,50,40,Norm. Target Mean (Round),0.5322382219886045,False
DN7A_SACS2,50,20,Norm. Target Mean (Cumulative),-0.07228734163353019,False
DN7A_SACS2,50,20,Top 10% peptides selected (%),2.9702970297029703,False
DN7A_SACS2,50,20,Remaining Top10 Quality,1.001303151288628,False
DN7A_SACS2,50,60,Norm. Target Mean (Round),0.5641805113207926,False
DN7A_SACS2,50,40,Norm. Target Mean (Cumulative),0.24483152457309726,False
DN7A_SACS2,50,40,Top 10% peptides selected (%),8.91089108910891,False
DN7A_SACS2,50,40,Remaining Top10 Quality,0.9923728476429792,False
DN7A_SACS2,50,80,Norm. Target Mean (Round),0.4103186171321892,False
DN7A_SACS2,50,60,Norm. Target Mean (Cumulative),0.37261421757148816,False
DN7A_SACS2,50,60,Top 10% peptides selected (%),14.85148514851485,False
DN7A_SACS2,50,60,Remaining Top10 Quality,0.986400003523656,False
DN7A_SACS2,50,100,Norm. Target Mean (Round),0.6863117229636201,False
DN7A_SACS2,50,80,Norm. Target Mean (Cumulative),0.3991041598005827,False
DN7A_SACS2,50,80,Top 10% peptides selected (%),16.831683168316832,False
DN7A_SACS2,50,80,Remaining Top10 Quality,0.9849005611562367,False
DN7A_SACS2,50,120,Norm. Target Mean (Round),0.8245166339440937,False
DN7A_SACS2,50,100,Norm. Target Mean (Cumulative),0.48240307163439805,False
DN7A_SACS2,50,100,Top 10% peptides selected (%),24.752475247524753,False
DN7A_SACS2,50,100,Remaining Top10 Quality,0.9703180894150639,False
DN7A_SACS2,50,140,Norm. Target Mean (Round),0.31002853611838727,False
DN7A_SACS2,50,120,Norm. Target Mean (Cumulative),0.567223310186668,False
DN7A_SACS2,50,120,Top 10% peptides selected (%),35.64356435643564,False
DN7A_SACS2,50,120,Remaining Top10 Quality,0.9479337312286339,False
DN7A_SACS2,50,160,Norm. Target Mean (Round),0.7334248627872292,False
DN7A_SACS2,50,140,Norm. Target Mean (Cumulative),0.5401942917329747,False
DN7A_SACS2,50,140,Top 10% peptides selected (%),40.5940594059406,False
DN7A_SACS2,50,140,Remaining Top10 Quality,0.9334354443376538,False
DN7A_SACS2,50,180,Norm. Target Mean (Round),0.6795678477033923,False
DN7A_SACS2,50,160,Norm. Target Mean (Cumulative),0.5845797418958084,False
DN7A_SACS2,50,160,Top 10% peptides selected (%),50.495049504950494,False
DN7A_SACS2,50,160,Remaining Top10 Quality,0.911001413230522,False
DN7A_SACS2,50,200,Norm. Target Mean (Round),0.758245260732736,False
DN7A_SACS2,50,180,Norm. Target Mean (Cumulative),0.6115288579348007,False
DN7A_SACS2,50,180,Top 10% peptides selected (%),55.44554455445545,False
DN7A_SACS2,50,180,Remaining Top10 Quality,0.9008010609540141,False
DN7A_SACS2,50,200,Norm. Target Mean (Cumulative),0.6443244738155124,False
DN7A_SACS2,50,200,Top 10% peptides selected (%),62.37623762376238,False
DN7A_SACS2,50,200,Remaining Top10 Quality,0.9008010609540141,False
YNZC_BACSU_sub,43,20,Norm. Target Mean (Round),0.02517837014730032,False
YNZC_BACSU_sub,43,40,Norm. Target Mean (Round),0.7593398223085166,False
YNZC_BACSU_sub,43,20,Norm. Target Mean (Cumulative),0.02517837014730032,False
YNZC_BACSU_sub,43,20,Top 10% peptides selected (%),0.8695652173913043,False
YNZC_BACSU_sub,43,20,Remaining Top10 Quality,0.9993932897562959,False
YNZC_BACSU_sub,43,60,Norm. Target Mean (Round),0.7532500588412587,False
YNZC_BACSU_sub,43,40,Norm. Target Mean (Cumulative),0.42165677941488483,False
YNZC_BACSU_sub,43,40,Top 10% peptides selected (%),7.391304347826087,False
YNZC_BACSU_sub,43,40,Remaining Top10 Quality,0.9798110183280463,False
YNZC_BACSU_sub,43,80,Norm. Target Mean (Round),0.7703904112110084,False
YNZC_BACSU_sub,43,60,Norm. Target Mean (Cumulative),0.5625308657621788,False
YNZC_BACSU_sub,43,60,Top 10% peptides selected (%),14.782608695652174,False
YNZC_BACSU_sub,43,60,Remaining Top10 Quality,0.9630311354258541,False
YNZC_BACSU_sub,43,100,Norm. Target Mean (Round),0.783214305710639,False
YNZC_BACSU_sub,43,80,Norm. Target Mean (Cumulative),0.6429115456638854,False
YNZC_BACSU_sub,43,80,Top 10% peptides selected (%),20.869565217391305,False
YNZC_BACSU_sub,43,80,Remaining Top10 Quality,0.9476199497245066,False
YNZC_BACSU_sub,43,120,Norm. Target Mean (Round),0.7573011797278261,False
YNZC_BACSU_sub,43,100,Norm. Target Mean (Cumulative),0.6967139376016287,False
YNZC_BACSU_sub,43,100,Top 10% peptides selected (%),26.956521739130434,False
YNZC_BACSU_sub,43,100,Remaining Top10 Quality,0.9319116795239037,False
YNZC_BACSU_sub,43,140,Norm. Target Mean (Round),0.7703838249022683,False
YNZC_BACSU_sub,43,120,Norm. Target Mean (Cumulative),0.729970764319947,False
YNZC_BACSU_sub,43,120,Top 10% peptides selected (%),31.73913043478261,False
YNZC_BACSU_sub,43,120,Remaining Top10 Quality,0.9204954217094726,False
YNZC_BACSU_sub,43,160,Norm. Target Mean (Round),0.8166932263158311,False
YNZC_BACSU_sub,43,140,Norm. Target Mean (Cumulative),0.7580153788416975,False
YNZC_BACSU_sub,43,140,Top 10% peptides selected (%),38.26086956521739,False
YNZC_BACSU_sub,43,140,Remaining Top10 Quality,0.9038420822205548,False
YNZC_BACSU_sub,43,180,Norm. Target Mean (Round),0.8223445120622919,False
YNZC_BACSU_sub,43,160,Norm. Target Mean (Cumulative),0.7872604915317717,False
YNZC_BACSU_sub,43,160,Top 10% peptides selected (%),44.34782608695652,False
YNZC_BACSU_sub,43,160,Remaining Top10 Quality,0.8855633694239042,False
YNZC_BACSU_sub,43,200,Norm. Target Mean (Round),0.814175406771907,False
YNZC_BACSU_sub,43,180,Norm. Target Mean (Cumulative),0.8119330673463235,False
YNZC_BACSU_sub,43,180,Top 10% peptides selected (%),50.43478260869565,False
YNZC_BACSU_sub,43,180,Remaining Top10 Quality,0.8666387499909336,False
YNZC_BACSU_sub,43,200,Norm. Target Mean (Cumulative),0.8296634421513749,False
YNZC_BACSU_sub,43,200,Top 10% peptides selected (%),55.65217391304348,False
YNZC_BACSU_sub,43,200,Remaining Top10 Quality,0.8666387499909336,False
DN7A_SACS2,51,20,Norm. Target Mean (Round),0.0056017060496263635,False
DN7A_SACS2,51,40,Norm. Target Mean (Round),-0.09126299949995864,False
DN7A_SACS2,51,20,Norm. Target Mean (Cumulative),0.0056017060496263635,False
DN7A_SACS2,51,20,Top 10% peptides selected (%),0.9900990099009901,False
DN7A_SACS2,51,20,Remaining Top10 Quality,1.0018681268206187,False
DN7A_SACS2,51,60,Norm. Target Mean (Round),0.6258428064825454,False
DN7A_SACS2,51,40,Norm. Target Mean (Cumulative),-0.045595460683036756,False
DN7A_SACS2,51,40,Top 10% peptides selected (%),1.9801980198019802,False
DN7A_SACS2,51,40,Remaining Top10 Quality,1.0039851552415564,False
DN7A_SACS2,51,80,Norm. Target Mean (Round),0.8627995945079087,False
DN7A_SACS2,51,60,Norm. Target Mean (Cumulative),0.19916529635586383,False
DN7A_SACS2,51,60,Top 10% peptides selected (%),7.920792079207921,False
DN7A_SACS2,51,60,Remaining Top10 Quality,0.9962403518682476,False
DN7A_SACS2,51,100,Norm. Target Mean (Round),0.7605922313834204,False
DN7A_SACS2,51,80,Norm. Target Mean (Cumulative),0.3945911518469561,False
DN7A_SACS2,51,80,Top 10% peptides selected (%),24.752475247524753,False
DN7A_SACS2,51,80,Remaining Top10 Quality,0.963186943495908,False
DN7A_SACS2,51,120,Norm. Target Mean (Round),0.8308496934421957,False
DN7A_SACS2,51,100,Norm. Target Mean (Cumulative),0.48916093519533704,False
DN7A_SACS2,51,100,Top 10% peptides selected (%),34.65346534653465,False
DN7A_SACS2,51,100,Remaining Top10 Quality,0.9497328965608378,False
DN7A_SACS2,51,140,Norm. Target Mean (Round),0.6170829033642815,False
DN7A_SACS2,51,120,Norm. Target Mean (Cumulative),0.5710000601594241,False
DN7A_SACS2,51,120,Top 10% peptides selected (%),45.54455445544555,False
DN7A_SACS2,51,120,Remaining Top10 Quality,0.9239314234949577,False
DN7A_SACS2,51,160,Norm. Target Mean (Round),0.729843904352805,False
DN7A_SACS2,51,140,Norm. Target Mean (Cumulative),0.5938167196317944,False
DN7A_SACS2,51,140,Top 10% peptides selected (%),51.48514851485149,False
DN7A_SACS2,51,140,Remaining Top10 Quality,0.9157437676819394,False
DN7A_SACS2,51,180,Norm. Target Mean (Round),0.7300935753635946,False
DN7A_SACS2,51,160,Norm. Target Mean (Cumulative),0.6303736431191853,False
DN7A_SACS2,51,160,Top 10% peptides selected (%),57.42574257425742,False
DN7A_SACS2,51,160,Remaining Top10 Quality,0.900674318881918,False
DN7A_SACS2,51,200,Norm. Target Mean (Round),0.5919095735113619,False
DN7A_SACS2,51,180,Norm. Target Mean (Cumulative),0.6602338806179022,False
DN7A_SACS2,51,180,Top 10% peptides selected (%),61.386138613861384,False
DN7A_SACS2,51,180,Remaining Top10 Quality,0.8918669691725939,False
DN7A_SACS2,51,200,Norm. Target Mean (Cumulative),0.6675233549440159,False
DN7A_SACS2,51,200,Top 10% peptides selected (%),64.35643564356435,False
DN7A_SACS2,51,200,Remaining Top10 Quality,0.8918669691725939,False
ENVZ_ECOLI,47,20,Norm. Target Mean (Round),0.36756109810306586,False
ENVZ_ECOLI,47,40,Norm. Target Mean (Round),0.5711191756160785,False
ENVZ_ECOLI,47,20,Norm. Target Mean (Cumulative),0.36756109810306586,False
ENVZ_ECOLI,47,20,Top 10% peptides selected (%),0.8849557522123894,False
ENVZ_ECOLI,47,20,Remaining Top10 Quality,1.0007224624621058,False
ENVZ_ECOLI,47,60,Norm. Target Mean (Round),0.34527790721560625,False
ENVZ_ECOLI,47,40,Norm. Target Mean (Cumulative),0.504571676562397,False
ENVZ_ECOLI,47,40,Top 10% peptides selected (%),1.7699115044247788,False
ENVZ_ECOLI,47,40,Remaining Top10 Quality,1.0016853548179916,False
ENVZ_ECOLI,47,80,Norm. Target Mean (Round),0.13916425083017278,False
ENVZ_ECOLI,47,60,Norm. Target Mean (Cumulative),0.4732197691233463,False
ENVZ_ECOLI,47,60,Top 10% peptides selected (%),4.424778761061947,False
ENVZ_ECOLI,47,60,Remaining Top10 Quality,1.0004964515156705,False
ENVZ_ECOLI,47,100,Norm. Target Mean (Round),0.2722179148967311,False
ENVZ_ECOLI,47,80,Norm. Target Mean (Cumulative),0.3961450139410558,False
ENVZ_ECOLI,47,80,Top 10% peptides selected (%),5.3097345132743365,False
ENVZ_ECOLI,47,80,Remaining Top10 Quality,1.001657413598959,False
ENVZ_ECOLI,47,120,Norm. Target Mean (Round),0.5030868651972252,False
ENVZ_ECOLI,47,100,Norm. Target Mean (Cumulative),0.38005191032098906,False
ENVZ_ECOLI,47,100,Top 10% peptides selected (%),8.849557522123893,False
ENVZ_ECOLI,47,100,Remaining Top10 Quality,1.0020042027881098,False
ENVZ_ECOLI,47,140,Norm. Target Mean (Round),0.2642131008457807,False
ENVZ_ECOLI,47,120,Norm. Target Mean (Cumulative),0.4150959725083112,False
ENVZ_ECOLI,47,120,Top 10% peptides selected (%),9.734513274336283,False
ENVZ_ECOLI,47,120,Remaining Top10 Quality,1.000851870779762,False
ENVZ_ECOLI,47,160,Norm. Target Mean (Round),0.4284559149445022,False
ENVZ_ECOLI,47,140,Norm. Target Mean (Cumulative),0.3979837519792332,False
ENVZ_ECOLI,47,140,Top 10% peptides selected (%),10.619469026548673,False
ENVZ_ECOLI,47,140,Remaining Top10 Quality,1.0021008543974306,False
ENVZ_ECOLI,47,180,Norm. Target Mean (Round),0.5182585123823291,False
ENVZ_ECOLI,47,160,Norm. Target Mean (Cumulative),0.410085858914562,False
ENVZ_ECOLI,47,160,Top 10% peptides selected (%),12.389380530973451,False
ENVZ_ECOLI,47,160,Remaining Top10 Quality,1.0005469484374958,False
ENVZ_ECOLI,47,200,Norm. Target Mean (Round),0.6202730225832759,False
ENVZ_ECOLI,47,180,Norm. Target Mean (Cumulative),0.4314677592982655,False
ENVZ_ECOLI,47,180,Top 10% peptides selected (%),14.15929203539823,False
ENVZ_ECOLI,47,180,Remaining Top10 Quality,1.000477906124289,False
ENVZ_ECOLI,47,200,Norm. Target Mean (Cumulative),0.46132068183149216,False
ENVZ_ECOLI,47,200,Top 10% peptides selected (%),15.04424778761062,False
ENVZ_ECOLI,47,200,Remaining Top10 Quality,1.000477906124289,False
SBI_STAAM,49,20,Norm. Target Mean (Round),-0.15287373997024045,False
SBI_STAAM,49,40,Norm. Target Mean (Round),0.24507348060707984,False
SBI_STAAM,49,20,Norm. Target Mean (Cumulative),-0.15287373997024045,False
SBI_STAAM,49,20,Top 10% peptides selected (%),0.9708737864077669,False
SBI_STAAM,49,20,Remaining Top10 Quality,1.0008014499694966,False
SBI_STAAM,49,60,Norm. Target Mean (Round),0.44901749763701626,False
SBI_STAAM,49,40,Norm. Target Mean (Cumulative),0.05115189424140925,False
SBI_STAAM,49,40,Top 10% peptides selected (%),0.9708737864077669,False
SBI_STAAM,49,40,Remaining Top10 Quality,1.0046785733144945,False
SBI_STAAM,49,80,Norm. Target Mean (Round),0.5832302128151212,False
SBI_STAAM,49,60,Norm. Target Mean (Cumulative),0.20908771406487736,False
SBI_STAAM,49,60,Top 10% peptides selected (%),6.796116504854369,False
SBI_STAAM,49,60,Remaining Top10 Quality,0.9958170897464794,False
SBI_STAAM,49,100,Norm. Target Mean (Round),0.47003722368895323,False
SBI_STAAM,49,80,Norm. Target Mean (Cumulative),0.33990348931343356,False
SBI_STAAM,49,80,Top 10% peptides selected (%),16.50485436893204,False
SBI_STAAM,49,80,Remaining Top10 Quality,0.9772703849325762,False
SBI_STAAM,49,120,Norm. Target Mean (Round),0.5702769872630982,False
SBI_STAAM,49,100,Norm. Target Mean (Cumulative),0.3982923914289599,False
SBI_STAAM,49,100,Top 10% peptides selected (%),22.330097087378643,False
SBI_STAAM,49,100,Remaining Top10 Quality,0.9772297114711446,False
SBI_STAAM,49,140,Norm. Target Mean (Round),0.7599427539448045,False
SBI_STAAM,49,120,Norm. Target Mean (Cumulative),0.46478884372909046,False
SBI_STAAM,49,120,Top 10% peptides selected (%),30.097087378640776,False
SBI_STAAM,49,120,Remaining Top10 Quality,0.9614100031821617,False
SBI_STAAM,49,160,Norm. Target Mean (Round),0.6766884892820116,False
SBI_STAAM,49,140,Norm. Target Mean (Cumulative),0.5539653065256582,False
SBI_STAAM,49,140,Top 10% peptides selected (%),41.74757281553398,False
SBI_STAAM,49,140,Remaining Top10 Quality,0.9103048131490137,False
SBI_STAAM,49,180,Norm. Target Mean (Round),0.5474457496653398,False
SBI_STAAM,49,160,Norm. Target Mean (Cumulative),0.6048997911433315,False
SBI_STAAM,49,160,Top 10% peptides selected (%),50.48543689320388,False
SBI_STAAM,49,160,Remaining Top10 Quality,0.8827533501448532,False
SBI_STAAM,49,200,Norm. Target Mean (Round),0.6427304542992994,False
SBI_STAAM,49,180,Norm. Target Mean (Cumulative),0.6277599592617803,False
SBI_STAAM,49,180,Top 10% peptides selected (%),55.33980582524271,False
SBI_STAAM,49,180,Remaining Top10 Quality,0.867330354429697,False
SBI_STAAM,49,200,Norm. Target Mean (Cumulative),0.6627996085066374,False
SBI_STAAM,49,200,Top 10% peptides selected (%),63.10679611650486,False
SBI_STAAM,49,200,Remaining Top10 Quality,0.867330354429697,False
SOX30_HUMAN,44,20,Norm. Target Mean (Round),0.26146904674127003,False
SOX30_HUMAN,44,40,Norm. Target Mean (Round),0.3012746261930643,False
SOX30_HUMAN,44,20,Norm. Target Mean (Cumulative),0.26146904674127003,False
SOX30_HUMAN,44,20,Top 10% peptides selected (%),1.9801980198019802,False
SOX30_HUMAN,44,20,Remaining Top10 Quality,1.002928875877875,False
SOX30_HUMAN,44,60,Norm. Target Mean (Round),0.555572984089771,False
SOX30_HUMAN,44,40,Norm. Target Mean (Cumulative),0.3090274414991949,False
SOX30_HUMAN,44,40,Top 10% peptides selected (%),4.9504950495049505,False
SOX30_HUMAN,44,40,Remaining Top10 Quality,1.0042655487674108,False
SOX30_HUMAN,44,80,Norm. Target Mean (Round),0.7327892050121522,False
SOX30_HUMAN,44,60,Norm. Target Mean (Cumulative),0.44367102747181286,False
SOX30_HUMAN,44,60,Top 10% peptides selected (%),11.881188118811881,False
SOX30_HUMAN,44,60,Remaining Top10 Quality,0.9932815089095144,False
SOX30_HUMAN,44,100,Norm. Target Mean (Round),0.5046004888131143,False
SOX30_HUMAN,44,80,Norm. Target Mean (Cumulative),0.5864969970002926,False
SOX30_HUMAN,44,80,Top 10% peptides selected (%),27.722772277227726,False
SOX30_HUMAN,44,80,Remaining Top10 Quality,0.9380631830963596,False
SOX30_HUMAN,44,120,Norm. Target Mean (Round),0.8554092247893088,False
SOX30_HUMAN,44,100,Norm. Target Mean (Cumulative),0.6191267266399648,False
SOX30_HUMAN,44,100,Top 10% peptides selected (%),34.65346534653465,False
SOX30_HUMAN,44,100,Remaining Top10 Quality,0.913804413112171,False
SOX30_HUMAN,44,140,Norm. Target Mean (Round),0.20750617545067548,False
SOX30_HUMAN,44,120,Norm. Target Mean (Cumulative),0.7253512955165191,False
SOX30_HUMAN,44,120,Top 10% peptides selected (%),49.504950495049506,False
SOX30_HUMAN,44,120,Remaining Top10 Quality,0.8263664588807127,False
SOX30_HUMAN,44,160,Norm. Target Mean (Round),0.6612617869169485,False
SOX30_HUMAN,44,140,Norm. Target Mean (Cumulative),0.6679877888724722,False
SOX30_HUMAN,44,140,Top 10% peptides selected (%),53.46534653465347,False
SOX30_HUMAN,44,140,Remaining Top10 Quality,0.8091827304306526,False
SOX30_HUMAN,44,180,Norm. Target Mean (Round),0.666720614365456,False
SOX30_HUMAN,44,160,Norm. Target Mean (Cumulative),0.6926102334005609,False
SOX30_HUMAN,44,160,Top 10% peptides selected (%),60.396039603960396,False
SOX30_HUMAN,44,160,Remaining Top10 Quality,0.7890556207136171,False
SOX30_HUMAN,44,200,Norm. Target Mean (Round),0.5883669669317441,False
SOX30_HUMAN,44,180,Norm. Target Mean (Cumulative),0.713082852968016,False
SOX30_HUMAN,44,180,Top 10% peptides selected (%),65.34653465346535,False
SOX30_HUMAN,44,180,Remaining Top10 Quality,0.7667892020067824,False
SOX30_HUMAN,44,200,Norm. Target Mean (Cumulative),0.718813360581678,False
SOX30_HUMAN,44,200,Top 10% peptides selected (%),68.31683168316832,False
SOX30_HUMAN,44,200,Remaining Top10 Quality,0.7667892020067824,False
YNZC_BACSU_sub,46,20,Norm. Target Mean (Round),-0.10008195527039397,False
YNZC_BACSU_sub,46,40,Norm. Target Mean (Round),0.807589540783108,False
YNZC_BACSU_sub,46,20,Norm. Target Mean (Cumulative),-0.10008195527039397,False
YNZC_BACSU_sub,46,20,Top 10% peptides selected (%),0.0,False
YNZC_BACSU_sub,46,20,Remaining Top10 Quality,1.0014449021019598,False
YNZC_BACSU_sub,46,60,Norm. Target Mean (Round),0.7598045450523737,False
YNZC_BACSU_sub,46,40,Norm. Target Mean (Cumulative),0.38161429483830517,False
YNZC_BACSU_sub,46,40,Top 10% peptides selected (%),7.391304347826087,False
YNZC_BACSU_sub,46,40,Remaining Top10 Quality,0.9790541888104536,False
YNZC_BACSU_sub,46,80,Norm. Target Mean (Round),0.7927564574098005,False
YNZC_BACSU_sub,46,60,Norm. Target Mean (Cumulative),0.5398416734721154,False
YNZC_BACSU_sub,46,60,Top 10% peptides selected (%),13.91304347826087,False
YNZC_BACSU_sub,46,60,Remaining Top10 Quality,0.9583749120270202,False
YNZC_BACSU_sub,46,100,Norm. Target Mean (Round),0.8180711489723109,False
YNZC_BACSU_sub,46,80,Norm. Target Mean (Cumulative),0.6286734514821437,False
YNZC_BACSU_sub,46,80,Top 10% peptides selected (%),20.434782608695652,False
YNZC_BACSU_sub,46,80,Remaining Top10 Quality,0.9404472624092032,False
YNZC_BACSU_sub,46,120,Norm. Target Mean (Round),0.8139038849623829,False
YNZC_BACSU_sub,46,100,Norm. Target Mean (Cumulative),0.6908479374742373,False
YNZC_BACSU_sub,46,100,Top 10% peptides selected (%),28.695652173913043,False
YNZC_BACSU_sub,46,100,Remaining Top10 Quality,0.9241749419093591,False
YNZC_BACSU_sub,46,140,Norm. Target Mean (Round),0.7992541931396848,False
YNZC_BACSU_sub,46,120,Norm. Target Mean (Cumulative),0.7355554277467399,False
YNZC_BACSU_sub,46,120,Top 10% peptides selected (%),36.08695652173913,False
YNZC_BACSU_sub,46,120,Remaining Top10 Quality,0.9072722711258602,False
YNZC_BACSU_sub,46,160,Norm. Target Mean (Round),0.8596927396029296,False
YNZC_BACSU_sub,46,140,Norm. Target Mean (Cumulative),0.7662348688694001,False
YNZC_BACSU_sub,46,140,Top 10% peptides selected (%),41.30434782608695,False
YNZC_BACSU_sub,46,140,Remaining Top10 Quality,0.8885638600636773,False
YNZC_BACSU_sub,46,180,Norm. Target Mean (Round),0.8521589488139271,False
YNZC_BACSU_sub,46,160,Norm. Target Mean (Cumulative),0.7974213966494986,False
YNZC_BACSU_sub,46,160,Top 10% peptides selected (%),47.391304347826086,False
YNZC_BACSU_sub,46,160,Remaining Top10 Quality,0.8688294845942939,False
YNZC_BACSU_sub,46,200,Norm. Target Mean (Round),0.7637678666837707,False
YNZC_BACSU_sub,46,180,Norm. Target Mean (Cumulative),0.8185725864134545,False
YNZC_BACSU_sub,46,180,Top 10% peptides selected (%),53.91304347826087,False
YNZC_BACSU_sub,46,180,Remaining Top10 Quality,0.851907728074425,False
YNZC_BACSU_sub,46,200,Norm. Target Mean (Cumulative),0.8263789396542636,False
YNZC_BACSU_sub,46,200,Top 10% peptides selected (%),59.130434782608695,False
YNZC_BACSU_sub,46,200,Remaining Top10 Quality,0.851907728074425,False
ENVZ_ECOLI,51,20,Norm. Target Mean (Round),-0.1397437467226378,False
ENVZ_ECOLI,51,40,Norm. Target Mean (Round),0.6360511651006875,False
ENVZ_ECOLI,51,20,Norm. Target Mean (Cumulative),-0.1397437467226378,False
ENVZ_ECOLI,51,20,Top 10% peptides selected (%),0.8849557522123894,False
ENVZ_ECOLI,51,20,Remaining Top10 Quality,1.0010917654517104,False
ENVZ_ECOLI,51,60,Norm. Target Mean (Round),0.5722377025394394,False
ENVZ_ECOLI,51,40,Norm. Target Mean (Cumulative),0.2680961245101592,False
ENVZ_ECOLI,51,40,Top 10% peptides selected (%),1.7699115044247788,False
ENVZ_ECOLI,51,40,Remaining Top10 Quality,1.000652935818508,False
ENVZ_ECOLI,51,80,Norm. Target Mean (Round),0.6724048452147596,False
ENVZ_ECOLI,51,60,Norm. Target Mean (Cumulative),0.3963091524513287,False
ENVZ_ECOLI,51,60,Top 10% peptides selected (%),3.5398230088495577,False
ENVZ_ECOLI,51,60,Remaining Top10 Quality,0.9995854037480819,False
ENVZ_ECOLI,51,100,Norm. Target Mean (Round),0.43605366123988376,False
ENVZ_ECOLI,51,80,Norm. Target Mean (Cumulative),0.491886863692986,False
ENVZ_ECOLI,51,80,Top 10% peptides selected (%),5.3097345132743365,False
ENVZ_ECOLI,51,80,Remaining Top10 Quality,1.0003177036970188,False
ENVZ_ECOLI,51,120,Norm. Target Mean (Round),0.5823810364970823,False
ENVZ_ECOLI,51,100,Norm. Target Mean (Cumulative),0.4953901855081522,False
ENVZ_ECOLI,51,100,Top 10% peptides selected (%),9.734513274336283,False
ENVZ_ECOLI,51,100,Remaining Top10 Quality,0.9996923217951991,False
ENVZ_ECOLI,51,140,Norm. Target Mean (Round),0.037330858854907736,False
ENVZ_ECOLI,51,120,Norm. Target Mean (Cumulative),0.5270247512410974,False
ENVZ_ECOLI,51,120,Top 10% peptides selected (%),13.274336283185843,False
ENVZ_ECOLI,51,120,Remaining Top10 Quality,1.0003892276136364,False
ENVZ_ECOLI,51,160,Norm. Target Mean (Round),0.625148399250686,False
ENVZ_ECOLI,51,140,Norm. Target Mean (Cumulative),0.4534567074162518,False
ENVZ_ECOLI,51,140,Top 10% peptides selected (%),14.15929203539823,False
ENVZ_ECOLI,51,140,Remaining Top10 Quality,1.0012815933410433,False
ENVZ_ECOLI,51,180,Norm. Target Mean (Round),0.5817304991604912,False
ENVZ_ECOLI,51,160,Norm. Target Mean (Cumulative),0.4893237872645061,False
ENVZ_ECOLI,51,160,Top 10% peptides selected (%),17.699115044247787,False
ENVZ_ECOLI,51,160,Remaining Top10 Quality,0.9973363819418728,False
ENVZ_ECOLI,51,200,Norm. Target Mean (Round),0.6007792539090222,False
ENVZ_ECOLI,51,180,Norm. Target Mean (Cumulative),0.5104636266069912,False
ENVZ_ECOLI,51,180,Top 10% peptides selected (%),19.469026548672566,False
ENVZ_ECOLI,51,180,Remaining Top10 Quality,0.9984849561272925,False
ENVZ_ECOLI,51,200,Norm. Target Mean (Cumulative),0.5297564201226858,False
ENVZ_ECOLI,51,200,Top 10% peptides selected (%),20.353982300884958,False
ENVZ_ECOLI,51,200,Remaining Top10 Quality,0.9984849561272925,False
SOX30_HUMAN,43,20,Norm. Target Mean (Round),0.0850739867643503,False
SOX30_HUMAN,43,40,Norm. Target Mean (Round),0.5301466011129735,False
SOX30_HUMAN,43,20,Norm. Target Mean (Cumulative),0.0850739867643503,False
SOX30_HUMAN,43,20,Top 10% peptides selected (%),2.9702970297029703,False
SOX30_HUMAN,43,20,Remaining Top10 Quality,0.992961215116631,False
SOX30_HUMAN,43,60,Norm. Target Mean (Round),0.48998376526840043,False
SOX30_HUMAN,43,40,Norm. Target Mean (Cumulative),0.33962888008361264,False
SOX30_HUMAN,43,40,Top 10% peptides selected (%),12.871287128712872,False
SOX30_HUMAN,43,40,Remaining Top10 Quality,0.963045686617533,False
SOX30_HUMAN,43,80,Norm. Target Mean (Round),0.1749382562043486,False
SOX30_HUMAN,43,60,Norm. Target Mean (Cumulative),0.43364512056227306,False
SOX30_HUMAN,43,60,Top 10% peptides selected (%),17.82178217821782,False
SOX30_HUMAN,43,60,Remaining Top10 Quality,0.9457791586720838,False
SOX30_HUMAN,43,100,Norm. Target Mean (Round),0.5434079142386041,False
SOX30_HUMAN,43,80,Norm. Target Mean (Cumulative),0.3941326125950549,False
SOX30_HUMAN,43,80,Top 10% peptides selected (%),22.772277227722775,False
SOX30_HUMAN,43,80,Remaining Top10 Quality,0.9366778482778197,False
SOX30_HUMAN,43,120,Norm. Target Mean (Round),0.58676723031689,False
SOX30_HUMAN,43,100,Norm. Target Mean (Cumulative),0.46905922925289223,False
SOX30_HUMAN,43,100,Top 10% peptides selected (%),30.693069306930692,False
SOX30_HUMAN,43,100,Remaining Top10 Quality,0.9258728151623575,False
SOX30_HUMAN,43,140,Norm. Target Mean (Round),0.7450368658182064,False
SOX30_HUMAN,43,120,Norm. Target Mean (Cumulative),0.5359865916596082,False
SOX30_HUMAN,43,120,Top 10% peptides selected (%),37.62376237623762,False
SOX30_HUMAN,43,120,Remaining Top10 Quality,0.8996045260987386,False
SOX30_HUMAN,43,160,Norm. Target Mean (Round),0.5102291783037844,False
SOX30_HUMAN,43,140,Norm. Target Mean (Cumulative),0.6168268322749991,False
SOX30_HUMAN,43,140,Top 10% peptides selected (%),51.48514851485149,False
SOX30_HUMAN,43,140,Remaining Top10 Quality,0.810014155105669,False
SOX30_HUMAN,43,180,Norm. Target Mean (Round),0.6155500359946533,False
SOX30_HUMAN,43,160,Norm. Target Mean (Cumulative),0.6228060733092348,False
SOX30_HUMAN,43,160,Top 10% peptides selected (%),52.475247524752476,False
SOX30_HUMAN,43,160,Remaining Top10 Quality,0.8080883941042288,False
SOX30_HUMAN,43,200,Norm. Target Mean (Round),0.6511014224876979,False
SOX30_HUMAN,43,180,Norm. Target Mean (Cumulative),0.643825221796078,False
SOX30_HUMAN,43,180,Top 10% peptides selected (%),57.42574257425742,False
SOX30_HUMAN,43,180,Remaining Top10 Quality,0.7984569268111252,False
SOX30_HUMAN,43,200,Norm. Target Mean (Cumulative),0.6671077294967768,False
SOX30_HUMAN,43,200,Top 10% peptides selected (%),60.396039603960396,False
SOX30_HUMAN,43,200,Remaining Top10 Quality,0.7984569268111252,False
SOX30_HUMAN,47,20,Norm. Target Mean (Round),-0.09689281746857804,False
SOX30_HUMAN,47,40,Norm. Target Mean (Round),0.5930076882925499,False
SOX30_HUMAN,47,20,Norm. Target Mean (Cumulative),-0.09689281746857804,False
SOX30_HUMAN,47,20,Top 10% peptides selected (%),0.9900990099009901,False
SOX30_HUMAN,47,20,Remaining Top10 Quality,0.9990914496439742,False
SOX30_HUMAN,47,60,Norm. Target Mean (Round),0.7617390904295626,False
SOX30_HUMAN,47,40,Norm. Target Mean (Cumulative),0.2726872594363537,False
SOX30_HUMAN,47,40,Top 10% peptides selected (%),9.900990099009901,False
SOX30_HUMAN,47,40,Remaining Top10 Quality,0.9721829291877229,False
SOX30_HUMAN,47,80,Norm. Target Mean (Round),0.8195418508816189,False
SOX30_HUMAN,47,60,Norm. Target Mean (Cumulative),0.4929436783374803,False
SOX30_HUMAN,47,60,Top 10% peptides selected (%),23.762376237623762,False
SOX30_HUMAN,47,60,Remaining Top10 Quality,0.9116754681806064,False
SOX30_HUMAN,47,100,Norm. Target Mean (Round),0.7497484874730743,False
SOX30_HUMAN,47,80,Norm. Target Mean (Cumulative),0.6277251895269773,False
SOX30_HUMAN,47,80,Top 10% peptides selected (%),36.633663366336634,False
SOX30_HUMAN,47,80,Remaining Top10 Quality,0.849925034279652,False
SOX30_HUMAN,47,120,Norm. Target Mean (Round),0.4837849969790611,False
SOX30_HUMAN,47,100,Norm. Target Mean (Cumulative),0.6873133187265891,False
SOX30_HUMAN,47,100,Top 10% peptides selected (%),46.53465346534654,False
SOX30_HUMAN,47,100,Remaining Top10 Quality,0.8181741482120424,False
SOX30_HUMAN,47,140,Norm. Target Mean (Round),0.44901765698235824,False
SOX30_HUMAN,47,120,Norm. Target Mean (Cumulative),0.676483041432113,False
SOX30_HUMAN,47,120,Top 10% peptides selected (%),48.51485148514851,False
SOX30_HUMAN,47,120,Remaining Top10 Quality,0.8152606292750403,False
SOX30_HUMAN,47,160,Norm. Target Mean (Round),0.5554361993946685,False
SOX30_HUMAN,47,140,Norm. Target Mean (Cumulative),0.6650457939906501,False
SOX30_HUMAN,47,140,Top 10% peptides selected (%),49.504950495049506,False
SOX30_HUMAN,47,140,Remaining Top10 Quality,0.8163290124377947,False
SOX30_HUMAN,47,180,Norm. Target Mean (Round),0.4799772318639933,False
SOX30_HUMAN,47,160,Norm. Target Mean (Cumulative),0.674189913158093,False
SOX30_HUMAN,47,160,Top 10% peptides selected (%),53.46534653465347,False
SOX30_HUMAN,47,160,Remaining Top10 Quality,0.808479292007951,False
SOX30_HUMAN,47,200,Norm. Target Mean (Round),0.6403961489804259,False
SOX30_HUMAN,47,180,Norm. Target Mean (Cumulative),0.6718690835717495,False
SOX30_HUMAN,47,180,Top 10% peptides selected (%),55.44554455445545,False
SOX30_HUMAN,47,180,Remaining Top10 Quality,0.8032555763191284,False
SOX30_HUMAN,47,200,Norm. Target Mean (Cumulative),0.6920751089024605,False
SOX30_HUMAN,47,200,Top 10% peptides selected (%),58.415841584158414,False
SOX30_HUMAN,47,200,Remaining Top10 Quality,0.8032555763191284,False
SOX30_HUMAN,48,20,Norm. Target Mean (Round),0.2664717648335974,False
SOX30_HUMAN,48,40,Norm. Target Mean (Round),-0.2271222292638471,False
SOX30_HUMAN,48,20,Norm. Target Mean (Cumulative),0.2664717648335974,False
SOX30_HUMAN,48,20,Top 10% peptides selected (%),2.9702970297029703,False
SOX30_HUMAN,48,20,Remaining Top10 Quality,0.9968530212783633,False
SOX30_HUMAN,48,60,Norm. Target Mean (Round),0.5306584791117402,False
SOX30_HUMAN,48,40,Norm. Target Mean (Cumulative),0.018509048314670134,False
SOX30_HUMAN,48,40,Top 10% peptides selected (%),2.9702970297029703,False
SOX30_HUMAN,48,40,Remaining Top10 Quality,1.0017043070486464,False
SOX30_HUMAN,48,80,Norm. Target Mean (Round),0.7967038668863266,False
SOX30_HUMAN,48,60,Norm. Target Mean (Cumulative),0.2247693716210001,False
SOX30_HUMAN,48,60,Top 10% peptides selected (%),9.900990099009901,False
SOX30_HUMAN,48,60,Remaining Top10 Quality,0.9652201694706926,False
SOX30_HUMAN,48,100,Norm. Target Mean (Round),0.6215705285140584,False
SOX30_HUMAN,48,80,Norm. Target Mean (Cumulative),0.42053606709596847,False
SOX30_HUMAN,48,80,Top 10% peptides selected (%),25.742574257425744,False
SOX30_HUMAN,48,80,Remaining Top10 Quality,0.9014962266667912,False
SOX30_HUMAN,48,120,Norm. Target Mean (Round),0.6646607162232694,False
SOX30_HUMAN,48,100,Norm. Target Mean (Cumulative),0.49853346710025026,False
SOX30_HUMAN,48,100,Top 10% peptides selected (%),30.693069306930692,False
SOX30_HUMAN,48,100,Remaining Top10 Quality,0.8763262895852925,False
SOX30_HUMAN,48,140,Norm. Target Mean (Round),0.5399504327723689,False
SOX30_HUMAN,48,120,Norm. Target Mean (Cumulative),0.5578285248494345,False
SOX30_HUMAN,48,120,Top 10% peptides selected (%),37.62376237623762,False
SOX30_HUMAN,48,120,Remaining Top10 Quality,0.8534518321608419,False
SOX30_HUMAN,48,160,Norm. Target Mean (Round),0.6171673039796859,False
SOX30_HUMAN,48,140,Norm. Target Mean (Cumulative),0.5793729469103782,False
SOX30_HUMAN,48,140,Top 10% peptides selected (%),43.56435643564357,False
SOX30_HUMAN,48,140,Remaining Top10 Quality,0.8406678750347342,False
SOX30_HUMAN,48,180,Norm. Target Mean (Round),0.5476246816947626,False
SOX30_HUMAN,48,160,Norm. Target Mean (Cumulative),0.6095392021245079,False
SOX30_HUMAN,48,160,Top 10% peptides selected (%),49.504950495049506,False
SOX30_HUMAN,48,160,Remaining Top10 Quality,0.8188277541591361,False
SOX30_HUMAN,48,200,Norm. Target Mean (Round),0.6511978172657993,False
SOX30_HUMAN,48,180,Norm. Target Mean (Cumulative),0.62309284673257,False
SOX30_HUMAN,48,180,Top 10% peptides selected (%),54.45544554455446,False
SOX30_HUMAN,48,180,Remaining Top10 Quality,0.8054579116363954,False
SOX30_HUMAN,48,200,Norm. Target Mean (Cumulative),0.6483914658498446,False
SOX30_HUMAN,48,200,Top 10% peptides selected (%),57.42574257425742,False
SOX30_HUMAN,48,200,Remaining Top10 Quality,0.8054579116363954,False
YNZC_BACSU_sub,45,20,Norm. Target Mean (Round),-0.025824064841944723,False
YNZC_BACSU_sub,45,40,Norm. Target Mean (Round),0.6677396090378317,False
YNZC_BACSU_sub,45,20,Norm. Target Mean (Cumulative),-0.025824064841944723,False
YNZC_BACSU_sub,45,20,Top 10% peptides selected (%),1.7391304347826086,False
YNZC_BACSU_sub,45,20,Remaining Top10 Quality,0.9998789715839141,False
YNZC_BACSU_sub,45,60,Norm. Target Mean (Round),0.7372841955376377,False
YNZC_BACSU_sub,45,40,Norm. Target Mean (Cumulative),0.34619330807326437,False
YNZC_BACSU_sub,45,40,Top 10% peptides selected (%),6.956521739130435,False
YNZC_BACSU_sub,45,40,Remaining Top10 Quality,0.9879846837134718,False
YNZC_BACSU_sub,45,80,Norm. Target Mean (Round),0.7248160076080769,False
YNZC_BACSU_sub,45,60,Norm. Target Mean (Cumulative),0.5102737971121525,False
YNZC_BACSU_sub,45,60,Top 10% peptides selected (%),13.478260869565217,False
YNZC_BACSU_sub,45,60,Remaining Top10 Quality,0.9702126284564966,False
YNZC_BACSU_sub,45,100,Norm. Target Mean (Round),0.7969000095421226,False
YNZC_BACSU_sub,45,80,Norm. Target Mean (Cumulative),0.5927776565699893,False
YNZC_BACSU_sub,45,80,Top 10% peptides selected (%),20.0,False
YNZC_BACSU_sub,45,80,Remaining Top10 Quality,0.9557989272356884,False
YNZC_BACSU_sub,45,120,Norm. Target Mean (Round),0.7788330395880211,False
YNZC_BACSU_sub,45,100,Norm. Target Mean (Cumulative),0.6611464509219493,False
YNZC_BACSU_sub,45,100,Top 10% peptides selected (%),27.82608695652174,False
YNZC_BACSU_sub,45,100,Remaining Top10 Quality,0.9394181131834282,False
YNZC_BACSU_sub,45,140,Norm. Target Mean (Round),0.8459115844798226,False
YNZC_BACSU_sub,45,120,Norm. Target Mean (Cumulative),0.707322722354519,False
YNZC_BACSU_sub,45,120,Top 10% peptides selected (%),35.21739130434783,False
YNZC_BACSU_sub,45,120,Remaining Top10 Quality,0.9244425428484082,False
YNZC_BACSU_sub,45,160,Norm. Target Mean (Round),0.7715992377768859,False
YNZC_BACSU_sub,45,140,Norm. Target Mean (Cumulative),0.7541343406763998,False
YNZC_BACSU_sub,45,140,Top 10% peptides selected (%),43.04347826086957,False
YNZC_BACSU_sub,45,140,Remaining Top10 Quality,0.9007219332219095,False
YNZC_BACSU_sub,45,180,Norm. Target Mean (Round),0.8307470457562458,False
YNZC_BACSU_sub,45,160,Norm. Target Mean (Cumulative),0.7789027558307536,False
YNZC_BACSU_sub,45,160,Top 10% peptides selected (%),48.26086956521739,False
YNZC_BACSU_sub,45,160,Remaining Top10 Quality,0.8810959412996403,False
YNZC_BACSU_sub,45,200,Norm. Target Mean (Round),0.8620515475296545,False
YNZC_BACSU_sub,45,180,Norm. Target Mean (Cumulative),0.8046953013077697,False
YNZC_BACSU_sub,45,180,Top 10% peptides selected (%),53.91304347826087,False
YNZC_BACSU_sub,45,180,Remaining Top10 Quality,0.8632425460746627,False
YNZC_BACSU_sub,45,200,Norm. Target Mean (Cumulative),0.8292386645408476,False
YNZC_BACSU_sub,45,200,Top 10% peptides selected (%),60.43478260869565,False
YNZC_BACSU_sub,45,200,Remaining Top10 Quality,0.8632425460746627,False
ENVZ_ECOLI,43,20,Norm. Target Mean (Round),0.10694872421633456,False
ENVZ_ECOLI,43,40,Norm. Target Mean (Round),0.13220273582719733,False
ENVZ_ECOLI,43,20,Norm. Target Mean (Cumulative),0.10694872421633456,False
ENVZ_ECOLI,43,20,Top 10% peptides selected (%),2.6548672566371683,False
ENVZ_ECOLI,43,20,Remaining Top10 Quality,0.9988746275990845,False
ENVZ_ECOLI,43,60,Norm. Target Mean (Round),0.24794390521285853,False
ENVZ_ECOLI,43,40,Norm. Target Mean (Cumulative),0.12764993916271458,False
ENVZ_ECOLI,43,40,Top 10% peptides selected (%),3.5398230088495577,False
ENVZ_ECOLI,43,40,Remaining Top10 Quality,0.9996604129516274,False
ENVZ_ECOLI,43,80,Norm. Target Mean (Round),0.6075480814087424,False
ENVZ_ECOLI,43,60,Norm. Target Mean (Cumulative),0.17890937086927522,False
ENVZ_ECOLI,43,60,Top 10% peptides selected (%),5.3097345132743365,False
ENVZ_ECOLI,43,60,Remaining Top10 Quality,1.0001210714846918,False
ENVZ_ECOLI,43,100,Norm. Target Mean (Round),0.5706008618299988,False
ENVZ_ECOLI,43,80,Norm. Target Mean (Cumulative),0.30856221594416855,False
ENVZ_ECOLI,43,80,Top 10% peptides selected (%),8.849557522123893,False
ENVZ_ECOLI,43,80,Remaining Top10 Quality,0.9990230092835709,False
ENVZ_ECOLI,43,120,Norm. Target Mean (Round),0.6211840418739515,False
ENVZ_ECOLI,43,100,Norm. Target Mean (Cumulative),0.379642840102397,False
ENVZ_ECOLI,43,100,Top 10% peptides selected (%),8.849557522123893,False
ENVZ_ECOLI,43,100,Remaining Top10 Quality,1.0002437035571172,False
ENVZ_ECOLI,43,140,Norm. Target Mean (Round),0.4791939467805502,False
ENVZ_ECOLI,43,120,Norm. Target Mean (Cumulative),0.4379925205414065,False
ENVZ_ECOLI,43,120,Top 10% peptides selected (%),12.389380530973451,False
ENVZ_ECOLI,43,120,Remaining Top10 Quality,1.0003226698392624,False
ENVZ_ECOLI,43,160,Norm. Target Mean (Round),0.5713228818980153,False
ENVZ_ECOLI,43,140,Norm. Target Mean (Cumulative),0.45528954704787306,False
ENVZ_ECOLI,43,140,Top 10% peptides selected (%),15.929203539823009,False
ENVZ_ECOLI,43,140,Remaining Top10 Quality,1.0005720854313858,False
ENVZ_ECOLI,43,180,Norm. Target Mean (Round),0.6392620017456555,False
ENVZ_ECOLI,43,160,Norm. Target Mean (Cumulative),0.4825287142964801,False
ENVZ_ECOLI,43,160,Top 10% peptides selected (%),17.699115044247787,False
ENVZ_ECOLI,43,160,Remaining Top10 Quality,0.9992659783906809,False
ENVZ_ECOLI,43,200,Norm. Target Mean (Round),0.6569661719126743,False
ENVZ_ECOLI,43,180,Norm. Target Mean (Cumulative),0.512872958050616,False
ENVZ_ECOLI,43,180,Top 10% peptides selected (%),18.58407079646018,False
ENVZ_ECOLI,43,180,Remaining Top10 Quality,1.0004598696139009,False
ENVZ_ECOLI,43,200,Norm. Target Mean (Cumulative),0.5395035528341489,False
ENVZ_ECOLI,43,200,Top 10% peptides selected (%),20.353982300884958,False
ENVZ_ECOLI,43,200,Remaining Top10 Quality,1.0004598696139009,False
SOX30_HUMAN,46,20,Norm. Target Mean (Round),0.001069004996496943,False
SOX30_HUMAN,46,40,Norm. Target Mean (Round),0.6504270557115559,False
SOX30_HUMAN,46,20,Norm. Target Mean (Cumulative),0.001069004996496943,False
SOX30_HUMAN,46,20,Top 10% peptides selected (%),0.9900990099009901,False
SOX30_HUMAN,46,20,Remaining Top10 Quality,1.004374240257479,False
SOX30_HUMAN,46,60,Norm. Target Mean (Round),0.5892450731041695,False
SOX30_HUMAN,46,40,Norm. Target Mean (Cumulative),0.3601230597157135,False
SOX30_HUMAN,46,40,Top 10% peptides selected (%),13.861386138613863,False
SOX30_HUMAN,46,40,Remaining Top10 Quality,0.9727356514659098,False
SOX30_HUMAN,46,80,Norm. Target Mean (Round),0.5484818107344945,False
SOX30_HUMAN,46,60,Norm. Target Mean (Cumulative),0.4914412230938436,False
SOX30_HUMAN,46,60,Top 10% peptides selected (%),22.772277227722775,False
SOX30_HUMAN,46,60,Remaining Top10 Quality,0.939904141019918,False
SOX30_HUMAN,46,100,Norm. Target Mean (Round),0.527159424879156,False
SOX30_HUMAN,46,80,Norm. Target Mean (Cumulative),0.5575837059912537,False
SOX30_HUMAN,46,80,Top 10% peptides selected (%),31.683168316831683,False
SOX30_HUMAN,46,80,Remaining Top10 Quality,0.9153906484469668,False
SOX30_HUMAN,46,120,Norm. Target Mean (Round),0.3369797609474402,False
SOX30_HUMAN,46,100,Norm. Target Mean (Cumulative),0.5997552329081852,False
SOX30_HUMAN,46,100,Top 10% peptides selected (%),35.64356435643564,False
SOX30_HUMAN,46,100,Remaining Top10 Quality,0.9120449729475132,False
SOX30_HUMAN,46,140,Norm. Target Mean (Round),0.693391621274735,False
SOX30_HUMAN,46,120,Norm. Target Mean (Cumulative),0.5890736211139501,False
SOX30_HUMAN,46,120,Top 10% peptides selected (%),38.613861386138616,False
SOX30_HUMAN,46,120,Remaining Top10 Quality,0.9092599305340543,False
SOX30_HUMAN,46,160,Norm. Target Mean (Round),0.727232310858987,False
SOX30_HUMAN,46,140,Norm. Target Mean (Cumulative),0.6578784493214066,False
SOX30_HUMAN,46,140,Top 10% peptides selected (%),49.504950495049506,False
SOX30_HUMAN,46,140,Remaining Top10 Quality,0.8520372772746931,False
SOX30_HUMAN,46,180,Norm. Target Mean (Round),0.5166727573039722,False
SOX30_HUMAN,46,160,Norm. Target Mean (Cumulative),0.7082842247820857,False
SOX30_HUMAN,46,160,Top 10% peptides selected (%),58.415841584158414,False
SOX30_HUMAN,46,160,Remaining Top10 Quality,0.8010767423355276,False
SOX30_HUMAN,46,200,Norm. Target Mean (Round),0.7121882202428769,False
SOX30_HUMAN,46,180,Norm. Target Mean (Cumulative),0.7089725465821485,False
SOX30_HUMAN,46,180,Top 10% peptides selected (%),62.37623762376238,False
SOX30_HUMAN,46,180,Remaining Top10 Quality,0.7855758666917675,False
SOX30_HUMAN,46,200,Norm. Target Mean (Cumulative),0.7353208453289342,False
SOX30_HUMAN,46,200,Top 10% peptides selected (%),67.32673267326733,False
SOX30_HUMAN,46,200,Remaining Top10 Quality,0.7855758666917675,False
YNZC_BACSU_sub,49,20,Norm. Target Mean (Round),0.1183480002413712,False
YNZC_BACSU_sub,49,40,Norm. Target Mean (Round),0.7163080911168359,False
YNZC_BACSU_sub,49,20,Norm. Target Mean (Cumulative),0.1183480002413712,False
YNZC_BACSU_sub,49,20,Top 10% peptides selected (%),1.3043478260869565,False
YNZC_BACSU_sub,49,20,Remaining Top10 Quality,0.9994875998876624,False
YNZC_BACSU_sub,49,60,Norm. Target Mean (Round),0.7611167991304562,False
YNZC_BACSU_sub,49,40,Norm. Target Mean (Cumulative),0.4499291745822256,False
YNZC_BACSU_sub,49,40,Top 10% peptides selected (%),5.6521739130434785,False
YNZC_BACSU_sub,49,40,Remaining Top10 Quality,0.9847250205328603,False
YNZC_BACSU_sub,49,80,Norm. Target Mean (Round),0.8047403997502064,False
YNZC_BACSU_sub,49,60,Norm. Target Mean (Cumulative),0.5870701520266649,False
YNZC_BACSU_sub,49,60,Top 10% peptides selected (%),12.608695652173912,False
YNZC_BACSU_sub,49,60,Remaining Top10 Quality,0.9688737087150361,False
YNZC_BACSU_sub,49,100,Norm. Target Mean (Round),0.789053607357298,False
YNZC_BACSU_sub,49,80,Norm. Target Mean (Cumulative),0.6740621455408955,False
YNZC_BACSU_sub,49,80,Top 10% peptides selected (%),20.434782608695652,False
YNZC_BACSU_sub,49,80,Remaining Top10 Quality,0.9509694370835534,False
YNZC_BACSU_sub,49,120,Norm. Target Mean (Round),0.7729130713612469,False
YNZC_BACSU_sub,49,100,Norm. Target Mean (Cumulative),0.727799546846871,False
YNZC_BACSU_sub,49,100,Top 10% peptides selected (%),26.956521739130434,False
YNZC_BACSU_sub,49,100,Remaining Top10 Quality,0.9340107845317299,False
YNZC_BACSU_sub,49,140,Norm. Target Mean (Round),0.7931259076066064,False
YNZC_BACSU_sub,49,120,Norm. Target Mean (Cumulative),0.7629825699055328,False
YNZC_BACSU_sub,49,120,Top 10% peptides selected (%),34.78260869565217,False
YNZC_BACSU_sub,49,120,Remaining Top10 Quality,0.9183751969114797,False
YNZC_BACSU_sub,49,160,Norm. Target Mean (Round),0.8165606584025301,False
YNZC_BACSU_sub,49,140,Norm. Target Mean (Cumulative),0.7944010309572537,False
YNZC_BACSU_sub,49,140,Top 10% peptides selected (%),41.30434782608695,False
YNZC_BACSU_sub,49,140,Remaining Top10 Quality,0.8987956213178319,False
YNZC_BACSU_sub,49,180,Norm. Target Mean (Round),0.6572979375772741,False
YNZC_BACSU_sub,49,160,Norm. Target Mean (Cumulative),0.8212612271753629,False
YNZC_BACSU_sub,49,160,Top 10% peptides selected (%),48.26086956521739,False
YNZC_BACSU_sub,49,160,Remaining Top10 Quality,0.880043006501499,False
YNZC_BACSU_sub,49,200,Norm. Target Mean (Round),0.7625681397128498,False
YNZC_BACSU_sub,49,180,Norm. Target Mean (Cumulative),0.8233233431523839,False
YNZC_BACSU_sub,49,180,Top 10% peptides selected (%),53.91304347826087,False
YNZC_BACSU_sub,49,180,Remaining Top10 Quality,0.8678377800115946,False
YNZC_BACSU_sub,49,200,Norm. Target Mean (Cumulative),0.8391892634380915,False
YNZC_BACSU_sub,49,200,Top 10% peptides selected (%),58.69565217391305,False
YNZC_BACSU_sub,49,200,Remaining Top10 Quality,0.8678377800115946,False
SOX30_HUMAN,45,20,Norm. Target Mean (Round),-0.019085181391872444,False
SOX30_HUMAN,45,40,Norm. Target Mean (Round),0.6353572299691074,False
SOX30_HUMAN,45,20,Norm. Target Mean (Cumulative),-0.019085181391872444,False
SOX30_HUMAN,45,20,Top 10% peptides selected (%),2.9702970297029703,False
SOX30_HUMAN,45,20,Remaining Top10 Quality,0.9981340032011885,False
SOX30_HUMAN,45,60,Norm. Target Mean (Round),0.5961350257252581,False
SOX30_HUMAN,45,40,Norm. Target Mean (Cumulative),0.34073418348290024,False
SOX30_HUMAN,45,40,Top 10% peptides selected (%),16.831683168316832,False
SOX30_HUMAN,45,40,Remaining Top10 Quality,0.9667299330447968,False
SOX30_HUMAN,45,80,Norm. Target Mean (Round),0.48558124015582543,False
SOX30_HUMAN,45,60,Norm. Target Mean (Cumulative),0.4801052550337631,False
SOX30_HUMAN,45,60,Top 10% peptides selected (%),26.732673267326735,False
SOX30_HUMAN,45,60,Remaining Top10 Quality,0.9285843631535865,False
SOX30_HUMAN,45,100,Norm. Target Mean (Round),0.4906947815945133,False
SOX30_HUMAN,45,80,Norm. Target Mean (Cumulative),0.5271167903460425,False
SOX30_HUMAN,45,80,Top 10% peptides selected (%),31.683168316831683,False
SOX30_HUMAN,45,80,Remaining Top10 Quality,0.9190904727663272,False
SOX30_HUMAN,45,120,Norm. Target Mean (Round),0.4993877046176584,False
SOX30_HUMAN,45,100,Norm. Target Mean (Cumulative),0.5645498815708406,False
SOX30_HUMAN,45,100,Top 10% peptides selected (%),32.67326732673268,False
SOX30_HUMAN,45,100,Remaining Top10 Quality,0.9200189653979671,False
SOX30_HUMAN,45,140,Norm. Target Mean (Round),0.5175091534467381,False
SOX30_HUMAN,45,120,Norm. Target Mean (Cumulative),0.5965430034805165,False
SOX30_HUMAN,45,120,Top 10% peptides selected (%),35.64356435643564,False
SOX30_HUMAN,45,120,Remaining Top10 Quality,0.9068129504760324,False
SOX30_HUMAN,45,160,Norm. Target Mean (Round),0.7528691640578709,False
SOX30_HUMAN,45,140,Norm. Target Mean (Cumulative),0.6238259823152169,False
SOX30_HUMAN,45,140,Top 10% peptides selected (%),40.5940594059406,False
SOX30_HUMAN,45,140,Remaining Top10 Quality,0.8816684881731217,False
SOX30_HUMAN,45,180,Norm. Target Mean (Round),0.5089655572073029,False
SOX30_HUMAN,45,160,Norm. Target Mean (Cumulative),0.6845882736992165,False
SOX30_HUMAN,45,160,Top 10% peptides selected (%),51.48514851485149,False
SOX30_HUMAN,45,160,Remaining Top10 Quality,0.8207948570096507,False
SOX30_HUMAN,45,200,Norm. Target Mean (Round),0.643222827419805,False
SOX30_HUMAN,45,180,Norm. Target Mean (Cumulative),0.686777247582565,False
SOX30_HUMAN,45,180,Top 10% peptides selected (%),53.46534653465347,False
SOX30_HUMAN,45,180,Remaining Top10 Quality,0.8163227067769633,False
SOX30_HUMAN,45,200,Norm. Target Mean (Cumulative),0.7086770865681046,False
SOX30_HUMAN,45,200,Top 10% peptides selected (%),58.415841584158414,False
SOX30_HUMAN,45,200,Remaining Top10 Quality,0.8163227067769633,False
ENVZ_ECOLI,42,20,Norm. Target Mean (Round),0.16026251361511423,False
ENVZ_ECOLI,42,40,Norm. Target Mean (Round),0.33371265429215236,False
ENVZ_ECOLI,42,20,Norm. Target Mean (Cumulative),0.16026251361511423,False
ENVZ_ECOLI,42,20,Top 10% peptides selected (%),1.7699115044247788,False
ENVZ_ECOLI,42,20,Remaining Top10 Quality,0.9991219550205117,False
ENVZ_ECOLI,42,60,Norm. Target Mean (Round),0.4039156402803693,False
ENVZ_ECOLI,42,40,Norm. Target Mean (Cumulative),0.26429252542323256,False
ENVZ_ECOLI,42,40,Top 10% peptides selected (%),3.5398230088495577,False
ENVZ_ECOLI,42,40,Remaining Top10 Quality,0.9995642811413893,False
ENVZ_ECOLI,42,80,Norm. Target Mean (Round),0.4207404378835053,False
ENVZ_ECOLI,42,60,Norm. Target Mean (Cumulative),0.3303615838340422,False
ENVZ_ECOLI,42,60,Top 10% peptides selected (%),5.3097345132743365,False
ENVZ_ECOLI,42,60,Remaining Top10 Quality,0.9986349585396647,False
ENVZ_ECOLI,42,100,Norm. Target Mean (Round),0.6189770993193608,False
ENVZ_ECOLI,42,80,Norm. Target Mean (Cumulative),0.3692750744604975,False
ENVZ_ECOLI,42,80,Top 10% peptides selected (%),6.1946902654867255,False
ENVZ_ECOLI,42,80,Remaining Top10 Quality,0.9995965912609202,False
ENVZ_ECOLI,42,120,Norm. Target Mean (Round),0.4755091018255669,False
ENVZ_ECOLI,42,100,Norm. Target Mean (Cumulative),0.43991210940732745,False
ENVZ_ECOLI,42,100,Top 10% peptides selected (%),7.079646017699115,False
ENVZ_ECOLI,42,100,Remaining Top10 Quality,1.000531763912509,False
ENVZ_ECOLI,42,140,Norm. Target Mean (Round),0.5244656152103804,False
ENVZ_ECOLI,42,120,Norm. Target Mean (Cumulative),0.45913717451060954,False
ENVZ_ECOLI,42,120,Top 10% peptides selected (%),9.734513274336283,False
ENVZ_ECOLI,42,120,Remaining Top10 Quality,1.0014122766585478,False
ENVZ_ECOLI,42,160,Norm. Target Mean (Round),0.5997744461812163,False
ENVZ_ECOLI,42,140,Norm. Target Mean (Cumulative),0.4813186683005069,False
ENVZ_ECOLI,42,140,Top 10% peptides selected (%),11.504424778761061,False
ENVZ_ECOLI,42,140,Remaining Top10 Quality,1.002268118369343,False
ENVZ_ECOLI,42,180,Norm. Target Mean (Round),0.0187329785358679,False
ENVZ_ECOLI,42,160,Norm. Target Mean (Cumulative),0.5097196767321202,False
ENVZ_ECOLI,42,160,Top 10% peptides selected (%),13.274336283185843,False
ENVZ_ECOLI,42,160,Remaining Top10 Quality,1.0012835649638085,False
ENVZ_ECOLI,42,200,Norm. Target Mean (Round),0.077270519094822,False
ENVZ_ECOLI,42,180,Norm. Target Mean (Cumulative),0.44953390514502584,False
ENVZ_ECOLI,42,180,Top 10% peptides selected (%),13.274336283185843,False
ENVZ_ECOLI,42,180,Remaining Top10 Quality,1.0026336199069736,False
ENVZ_ECOLI,42,200,Norm. Target Mean (Cumulative),0.4084592339928067,False
ENVZ_ECOLI,42,200,Top 10% peptides selected (%),14.15929203539823,False
ENVZ_ECOLI,42,200,Remaining Top10 Quality,1.0026336199069736,False
ENVZ_ECOLI,44,20,Norm. Target Mean (Round),0.010648921480839056,False
ENVZ_ECOLI,44,40,Norm. Target Mean (Round),0.20280109608296815,False
ENVZ_ECOLI,44,20,Norm. Target Mean (Cumulative),0.010648921480839056,False
ENVZ_ECOLI,44,20,Top 10% peptides selected (%),1.7699115044247788,False
ENVZ_ECOLI,44,20,Remaining Top10 Quality,1.0008522047720154,False
ENVZ_ECOLI,44,60,Norm. Target Mean (Round),0.22966241454957534,False
ENVZ_ECOLI,44,40,Norm. Target Mean (Cumulative),0.1150043840299743,False
ENVZ_ECOLI,44,40,Top 10% peptides selected (%),2.6548672566371683,False
ENVZ_ECOLI,44,40,Remaining Top10 Quality,1.0015094046285375,False
ENVZ_ECOLI,44,80,Norm. Target Mean (Round),0.1624829045278104,False
ENVZ_ECOLI,44,60,Norm. Target Mean (Cumulative),0.16395083657814594,False
ENVZ_ECOLI,44,60,Top 10% peptides selected (%),3.5398230088495577,False
ENVZ_ECOLI,44,60,Remaining Top10 Quality,1.0025343842947214,False
ENVZ_ECOLI,44,100,Norm. Target Mean (Round),0.5309779533867681,False
ENVZ_ECOLI,44,80,Norm. Target Mean (Cumulative),0.1700055427842305,False
ENVZ_ECOLI,44,80,Top 10% peptides selected (%),7.079646017699115,False
ENVZ_ECOLI,44,80,Remaining Top10 Quality,1.000233602222596,False
ENVZ_ECOLI,44,120,Norm. Target Mean (Round),0.5435585342428727,False
ENVZ_ECOLI,44,100,Norm. Target Mean (Cumulative),0.2593767548838219,False
ENVZ_ECOLI,44,100,Top 10% peptides selected (%),13.274336283185843,False
ENVZ_ECOLI,44,100,Remaining Top10 Quality,1.0002214331045667,False
ENVZ_ECOLI,44,140,Norm. Target Mean (Round),0.3953729581307931,False
ENVZ_ECOLI,44,120,Norm. Target Mean (Cumulative),0.32246835076532465,False
ENVZ_ECOLI,44,120,Top 10% peptides selected (%),15.04424778761062,False
ENVZ_ECOLI,44,120,Remaining Top10 Quality,1.0012733295962253,False
ENVZ_ECOLI,44,160,Norm. Target Mean (Round),0.671839271797825,False
ENVZ_ECOLI,44,140,Norm. Target Mean (Cumulative),0.34217238412158446,False
ENVZ_ECOLI,44,140,Top 10% peptides selected (%),16.8141592920354,False
ENVZ_ECOLI,44,140,Remaining Top10 Quality,1.0022694297067694,False
ENVZ_ECOLI,44,180,Norm. Target Mean (Round),0.46888426762086727,False
ENVZ_ECOLI,44,160,Norm. Target Mean (Cumulative),0.3995521181085688,False
ENVZ_ECOLI,44,160,Top 10% peptides selected (%),19.469026548672566,False
ENVZ_ECOLI,44,160,Remaining Top10 Quality,1.001274392289561,False
ENVZ_ECOLI,44,200,Norm. Target Mean (Round),0.657098811498817,False
ENVZ_ECOLI,44,180,Norm. Target Mean (Cumulative),0.4161272173022389,False
ENVZ_ECOLI,44,180,Top 10% peptides selected (%),21.238938053097346,False
ENVZ_ECOLI,44,180,Remaining Top10 Quality,1.002486183259379,False
ENVZ_ECOLI,44,200,Norm. Target Mean (Cumulative),0.4533631960457887,False
ENVZ_ECOLI,44,200,Top 10% peptides selected (%),25.663716814159294,False
ENVZ_ECOLI,44,200,Remaining Top10 Quality,1.002486183259379,False
ENVZ_ECOLI,46,20,Norm. Target Mean (Round),0.16942796672760885,False
ENVZ_ECOLI,46,40,Norm. Target Mean (Round),0.41460009027616085,False
ENVZ_ECOLI,46,20,Norm. Target Mean (Cumulative),0.16942796672760885,False
ENVZ_ECOLI,46,20,Top 10% peptides selected (%),0.8849557522123894,False
ENVZ_ECOLI,46,20,Remaining Top10 Quality,1.0009207455528082,False
ENVZ_ECOLI,46,60,Norm. Target Mean (Round),0.47486146740402907,False
ENVZ_ECOLI,46,40,Norm. Target Mean (Cumulative),0.3139235860789278,False
ENVZ_ECOLI,46,40,Top 10% peptides selected (%),3.5398230088495577,False
ENVZ_ECOLI,46,40,Remaining Top10 Quality,1.0020313529952132,False
ENVZ_ECOLI,46,80,Norm. Target Mean (Round),0.4142073891506827,False
ENVZ_ECOLI,46,60,Norm. Target Mean (Cumulative),0.3918523367526905,False
ENVZ_ECOLI,46,60,Top 10% peptides selected (%),4.424778761061947,False
ENVZ_ECOLI,46,60,Remaining Top10 Quality,1.0015621383548357,False
ENVZ_ECOLI,46,100,Norm. Target Mean (Round),0.5836112485946591,False
ENVZ_ECOLI,46,80,Norm. Target Mean (Cumulative),0.4146664271978222,False
ENVZ_ECOLI,46,80,Top 10% peptides selected (%),7.079646017699115,False
ENVZ_ECOLI,46,80,Remaining Top10 Quality,1.0016962867925716,False
ENVZ_ECOLI,46,120,Norm. Target Mean (Round),0.5957464784942692,False
ENVZ_ECOLI,46,100,Norm. Target Mean (Cumulative),0.46894378484423366,False
ENVZ_ECOLI,46,100,Top 10% peptides selected (%),7.964601769911504,False
ENVZ_ECOLI,46,100,Remaining Top10 Quality,1.0023535227974423,False
ENVZ_ECOLI,46,140,Norm. Target Mean (Round),0.740257757557608,False
ENVZ_ECOLI,46,120,Norm. Target Mean (Cumulative),0.5082460029379084,False
ENVZ_ECOLI,46,120,Top 10% peptides selected (%),14.15929203539823,False
ENVZ_ECOLI,46,120,Remaining Top10 Quality,1.0010874198349673,False
ENVZ_ECOLI,46,160,Norm. Target Mean (Round),0.666992661053824,False
ENVZ_ECOLI,46,140,Norm. Target Mean (Cumulative),0.5619386096019893,False
ENVZ_ECOLI,46,140,Top 10% peptides selected (%),15.929203539823009,False
ENVZ_ECOLI,46,140,Remaining Top10 Quality,1.0020004936780007,False
ENVZ_ECOLI,46,180,Norm. Target Mean (Round),0.5665433576215541,False
ENVZ_ECOLI,46,160,Norm. Target Mean (Cumulative),0.591254375391837,False
ENVZ_ECOLI,46,160,Top 10% peptides selected (%),17.699115044247787,False
ENVZ_ECOLI,46,160,Remaining Top10 Quality,1.0021966197666796,False
ENVZ_ECOLI,46,200,Norm. Target Mean (Round),0.63200204986727,False
ENVZ_ECOLI,46,180,Norm. Target Mean (Cumulative),0.5998708314644325,False
ENVZ_ECOLI,46,180,Top 10% peptides selected (%),19.469026548672566,False
ENVZ_ECOLI,46,180,Remaining Top10 Quality,1.0028143675799446,False
ENVZ_ECOLI,46,200,Norm. Target Mean (Cumulative),0.615230102457928,False
ENVZ_ECOLI,46,200,Top 10% peptides selected (%),22.123893805309734,False
ENVZ_ECOLI,46,200,Remaining Top10 Quality,1.0028143675799446,False
YNZC_BACSU_sub,51,20,Norm. Target Mean (Round),0.05050492429035309,False
YNZC_BACSU_sub,51,40,Norm. Target Mean (Round),0.7803839764004561,False
YNZC_BACSU_sub,51,20,Norm. Target Mean (Cumulative),0.05050492429035309,False
YNZC_BACSU_sub,51,20,Top 10% peptides selected (%),1.3043478260869565,False
YNZC_BACSU_sub,51,20,Remaining Top10 Quality,0.9967672862914131,False
YNZC_BACSU_sub,51,60,Norm. Target Mean (Round),0.8003898060341681,False
YNZC_BACSU_sub,51,40,Norm. Target Mean (Cumulative),0.4446183404506693,False
YNZC_BACSU_sub,51,40,Top 10% peptides selected (%),9.130434782608695,False
YNZC_BACSU_sub,51,40,Remaining Top10 Quality,0.9780439612583267,False
YNZC_BACSU_sub,51,80,Norm. Target Mean (Round),0.7084931022427968,False
YNZC_BACSU_sub,51,60,Norm. Target Mean (Cumulative),0.6031314986339926,False
YNZC_BACSU_sub,51,60,Top 10% peptides selected (%),17.391304347826086,False
YNZC_BACSU_sub,51,60,Remaining Top10 Quality,0.9579300065912327,False
YNZC_BACSU_sub,51,100,Norm. Target Mean (Round),0.6433873599681641,False
YNZC_BACSU_sub,51,80,Norm. Target Mean (Cumulative),0.6652731829229258,False
YNZC_BACSU_sub,51,80,Top 10% peptides selected (%),23.043478260869566,False
YNZC_BACSU_sub,51,80,Remaining Top10 Quality,0.9477092760701201,False
YNZC_BACSU_sub,51,120,Norm. Target Mean (Round),0.7241051499565927,False
YNZC_BACSU_sub,51,100,Norm. Target Mean (Cumulative),0.6937140288431753,False
YNZC_BACSU_sub,51,100,Top 10% peptides selected (%),27.82608695652174,False
YNZC_BACSU_sub,51,100,Remaining Top10 Quality,0.9403503675966604,False
YNZC_BACSU_sub,51,140,Norm. Target Mean (Round),0.7148337473344732,False
YNZC_BACSU_sub,51,120,Norm. Target Mean (Cumulative),0.7320637664871269,False
YNZC_BACSU_sub,51,120,Top 10% peptides selected (%),35.65217391304348,False
YNZC_BACSU_sub,51,120,Remaining Top10 Quality,0.9210192541248134,False
YNZC_BACSU_sub,51,160,Norm. Target Mean (Round),0.736189992480393,False
YNZC_BACSU_sub,51,140,Norm. Target Mean (Cumulative),0.7597571036408625,False
YNZC_BACSU_sub,51,140,Top 10% peptides selected (%),41.30434782608695,False
YNZC_BACSU_sub,51,140,Remaining Top10 Quality,0.9079861266835493,False
YNZC_BACSU_sub,51,180,Norm. Target Mean (Round),0.7537758571699794,False
YNZC_BACSU_sub,51,160,Norm. Target Mean (Cumulative),0.7870635423618657,False
YNZC_BACSU_sub,51,160,Top 10% peptides selected (%),48.26086956521739,False
YNZC_BACSU_sub,51,160,Remaining Top10 Quality,0.8911182903326118,False
YNZC_BACSU_sub,51,200,Norm. Target Mean (Round),0.855990893073698,False
YNZC_BACSU_sub,51,180,Norm. Target Mean (Cumulative),0.813281969659278,False
YNZC_BACSU_sub,51,180,Top 10% peptides selected (%),53.04347826086957,False
YNZC_BACSU_sub,51,180,Remaining Top10 Quality,0.8672642791818923,False
YNZC_BACSU_sub,51,200,Norm. Target Mean (Cumulative),0.8415484295068363,False
YNZC_BACSU_sub,51,200,Top 10% peptides selected (%),58.69565217391305,False
YNZC_BACSU_sub,51,200,Remaining Top10 Quality,0.8672642791818923,False
ENVZ_ECOLI,49,20,Norm. Target Mean (Round),-0.27153981309800984,False
ENVZ_ECOLI,49,40,Norm. Target Mean (Round),0.3677645254627832,False
ENVZ_ECOLI,49,20,Norm. Target Mean (Cumulative),-0.27153981309800984,False
ENVZ_ECOLI,49,20,Top 10% peptides selected (%),3.5398230088495577,False
ENVZ_ECOLI,49,20,Remaining Top10 Quality,0.9985810426448031,False
ENVZ_ECOLI,49,60,Norm. Target Mean (Round),0.3504949637974529,False
ENVZ_ECOLI,49,40,Norm. Target Mean (Cumulative),0.05248927227957245,False
ENVZ_ECOLI,49,40,Top 10% peptides selected (%),6.1946902654867255,False
ENVZ_ECOLI,49,40,Remaining Top10 Quality,0.998458774715474,False
ENVZ_ECOLI,49,80,Norm. Target Mean (Round),0.2803284635935291,False
ENVZ_ECOLI,49,60,Norm. Target Mean (Cumulative),0.16565259785400896,False
ENVZ_ECOLI,49,60,Top 10% peptides selected (%),10.619469026548673,False
ENVZ_ECOLI,49,60,Remaining Top10 Quality,0.9982885221580777,False
ENVZ_ECOLI,49,100,Norm. Target Mean (Round),0.6069588635122819,False
ENVZ_ECOLI,49,80,Norm. Target Mean (Cumulative),0.20471565142278556,False
ENVZ_ECOLI,49,80,Top 10% peptides selected (%),11.504424778761061,False
ENVZ_ECOLI,49,80,Remaining Top10 Quality,0.9993003160737258,False
ENVZ_ECOLI,49,120,Norm. Target Mean (Round),0.6852191710562994,False
ENVZ_ECOLI,49,100,Norm. Target Mean (Cumulative),0.3049109709169953,False
ENVZ_ECOLI,49,100,Top 10% peptides selected (%),14.15929203539823,False
ENVZ_ECOLI,49,100,Remaining Top10 Quality,0.9973402096140092,False
ENVZ_ECOLI,49,140,Norm. Target Mean (Round),0.7075580344219556,False
ENVZ_ECOLI,49,120,Norm. Target Mean (Cumulative),0.38803178770595587,False
ENVZ_ECOLI,49,120,Top 10% peptides selected (%),17.699115044247787,False
ENVZ_ECOLI,49,120,Remaining Top10 Quality,0.9979766917270037,False
ENVZ_ECOLI,49,160,Norm. Target Mean (Round),0.5730878110384877,False
ENVZ_ECOLI,49,140,Norm. Target Mean (Cumulative),0.45217750751836233,False
ENVZ_ECOLI,49,140,Top 10% peptides selected (%),21.238938053097346,False
ENVZ_ECOLI,49,140,Remaining Top10 Quality,0.9975968395285538,False
ENVZ_ECOLI,49,180,Norm. Target Mean (Round),-0.13937218172814658,False
ENVZ_ECOLI,49,160,Norm. Target Mean (Cumulative),0.47998897658399264,False
ENVZ_ECOLI,49,160,Top 10% peptides selected (%),23.893805309734514,False
ENVZ_ECOLI,49,160,Remaining Top10 Quality,0.9967874651657372,False
ENVZ_ECOLI,49,200,Norm. Target Mean (Round),0.3297414918281616,False
ENVZ_ECOLI,49,180,Norm. Target Mean (Cumulative),0.40122733516391174,False
ENVZ_ECOLI,49,180,Top 10% peptides selected (%),24.778761061946902,False
ENVZ_ECOLI,49,180,Remaining Top10 Quality,0.9980626942061135,False
ENVZ_ECOLI,49,200,Norm. Target Mean (Cumulative),0.3976345379478364,False
ENVZ_ECOLI,49,200,Top 10% peptides selected (%),28.31858407079646,False
ENVZ_ECOLI,49,200,Remaining Top10 Quality,0.9980626942061135,False
YNZC_BACSU_sub,42,20,Norm. Target Mean (Round),-0.005454072838462581,False
YNZC_BACSU_sub,42,40,Norm. Target Mean (Round),0.6255274881435425,False
YNZC_BACSU_sub,42,20,Norm. Target Mean (Cumulative),-0.005454072838462581,False
YNZC_BACSU_sub,42,20,Top 10% peptides selected (%),0.43478260869565216,False
YNZC_BACSU_sub,42,20,Remaining Top10 Quality,1.0011525716408223,False
YNZC_BACSU_sub,42,60,Norm. Target Mean (Round),0.6474806028865676,False
YNZC_BACSU_sub,42,40,Norm. Target Mean (Cumulative),0.3343840220772602,False
YNZC_BACSU_sub,42,40,Top 10% peptides selected (%),4.3478260869565215,False
YNZC_BACSU_sub,42,40,Remaining Top10 Quality,0.99794724930668,False
YNZC_BACSU_sub,42,80,Norm. Target Mean (Round),0.7415086859195495,False
YNZC_BACSU_sub,42,60,Norm. Target Mean (Cumulative),0.4758506537788438,False
YNZC_BACSU_sub,42,60,Top 10% peptides selected (%),9.565217391304348,False
YNZC_BACSU_sub,42,60,Remaining Top10 Quality,0.992133461308628,False
YNZC_BACSU_sub,42,100,Norm. Target Mean (Round),0.7417582722683439,False
YNZC_BACSU_sub,42,80,Norm. Target Mean (Cumulative),0.5841180849538322,False
YNZC_BACSU_sub,42,80,Top 10% peptides selected (%),17.391304347826086,False
YNZC_BACSU_sub,42,80,Remaining Top10 Quality,0.9768801583946303,False
YNZC_BACSU_sub,42,120,Norm. Target Mean (Round),0.730191907561346,False
YNZC_BACSU_sub,42,100,Norm. Target Mean (Cumulative),0.6568968592143577,False
YNZC_BACSU_sub,42,100,Top 10% peptides selected (%),25.217391304347824,False
YNZC_BACSU_sub,42,100,Remaining Top10 Quality,0.9565385512501049,False
YNZC_BACSU_sub,42,140,Norm. Target Mean (Round),0.6930551907339895,False
YNZC_BACSU_sub,42,120,Norm. Target Mean (Cumulative),0.7061015152105528,False
YNZC_BACSU_sub,42,120,Top 10% peptides selected (%),32.17391304347826,False
YNZC_BACSU_sub,42,120,Remaining Top10 Quality,0.9402443724812423,False
YNZC_BACSU_sub,42,160,Norm. Target Mean (Round),0.6153690990988596,False
YNZC_BACSU_sub,42,140,Norm. Target Mean (Cumulative),0.7363115135546152,False
YNZC_BACSU_sub,42,140,Top 10% peptides selected (%),37.391304347826086,False
YNZC_BACSU_sub,42,140,Remaining Top10 Quality,0.9266107274181894,False
YNZC_BACSU_sub,42,180,Norm. Target Mean (Round),0.7070162769029495,False
YNZC_BACSU_sub,42,160,Norm. Target Mean (Cumulative),0.749919324861875,False
YNZC_BACSU_sub,42,160,Top 10% peptides selected (%),43.04347826086957,False
YNZC_BACSU_sub,42,160,Remaining Top10 Quality,0.9108524601130812,False
YNZC_BACSU_sub,42,200,Norm. Target Mean (Round),0.5787210962727976,False
YNZC_BACSU_sub,42,180,Norm. Target Mean (Cumulative),0.7756885624763253,False
YNZC_BACSU_sub,42,180,Top 10% peptides selected (%),47.82608695652174,False
YNZC_BACSU_sub,42,180,Remaining Top10 Quality,0.8933952902668645,False
YNZC_BACSU_sub,42,200,Norm. Target Mean (Cumulative),0.7801917739414989,False
YNZC_BACSU_sub,42,200,Top 10% peptides selected (%),50.8695652173913,False
YNZC_BACSU_sub,42,200,Remaining Top10 Quality,0.8933952902668645,False
ENVZ_ECOLI,45,20,Norm. Target Mean (Round),0.07419916202513183,False
ENVZ_ECOLI,45,40,Norm. Target Mean (Round),-0.03659772054305037,False
ENVZ_ECOLI,45,20,Norm. Target Mean (Cumulative),0.07419916202513183,False
ENVZ_ECOLI,45,20,Top 10% peptides selected (%),2.6548672566371683,False
ENVZ_ECOLI,45,20,Remaining Top10 Quality,1.0008767561637233,False
ENVZ_ECOLI,45,60,Norm. Target Mean (Round),0.38330491751276335,False
ENVZ_ECOLI,45,40,Norm. Target Mean (Cumulative),0.01952053824213507,False
ENVZ_ECOLI,45,40,Top 10% peptides selected (%),5.3097345132743365,False
ENVZ_ECOLI,45,40,Remaining Top10 Quality,1.0010908664196054,False
ENVZ_ECOLI,45,80,Norm. Target Mean (Round),0.2299470335208685,False
ENVZ_ECOLI,45,60,Norm. Target Mean (Cumulative),0.1561907338044704,False
ENVZ_ECOLI,45,60,Top 10% peptides selected (%),9.734513274336283,False
ENVZ_ECOLI,45,60,Remaining Top10 Quality,0.9999396875508327,False
ENVZ_ECOLI,45,100,Norm. Target Mean (Round),0.44387095362559426,False
ENVZ_ECOLI,45,80,Norm. Target Mean (Cumulative),0.18356806480248963,False
ENVZ_ECOLI,45,80,Top 10% peptides selected (%),13.274336283185843,False
ENVZ_ECOLI,45,80,Remaining Top10 Quality,1.0003464587346849,False
ENVZ_ECOLI,45,120,Norm. Target Mean (Round),0.12883012851300749,False
ENVZ_ECOLI,45,100,Norm. Target Mean (Cumulative),0.25045394211129673,False
ENVZ_ECOLI,45,100,Top 10% peptides selected (%),15.929203539823009,False
ENVZ_ECOLI,45,100,Remaining Top10 Quality,1.0008681875843033,False
ENVZ_ECOLI,45,140,Norm. Target Mean (Round),0.5695026142669205,False
ENVZ_ECOLI,45,120,Norm. Target Mean (Cumulative),0.23273743031657512,False
ENVZ_ECOLI,45,120,Top 10% peptides selected (%),18.58407079646018,False
ENVZ_ECOLI,45,120,Remaining Top10 Quality,1.0017416415721836,False
ENVZ_ECOLI,45,160,Norm. Target Mean (Round),0.44158837890099756,False
ENVZ_ECOLI,45,140,Norm. Target Mean (Cumulative),0.2959643767030635,False
ENVZ_ECOLI,45,140,Top 10% peptides selected (%),20.353982300884958,False
ENVZ_ECOLI,45,140,Remaining Top10 Quality,1.002887305593903,False
ENVZ_ECOLI,45,180,Norm. Target Mean (Round),0.43567326371851345,False
ENVZ_ECOLI,45,160,Norm. Target Mean (Cumulative),0.3239812383700386,False
ENVZ_ECOLI,45,160,Top 10% peptides selected (%),21.238938053097346,False
ENVZ_ECOLI,45,160,Remaining Top10 Quality,1.004200505939923,False
ENVZ_ECOLI,45,200,Norm. Target Mean (Round),0.3735541156647351,False
ENVZ_ECOLI,45,180,Norm. Target Mean (Cumulative),0.34488386191270565,False
ENVZ_ECOLI,45,180,Top 10% peptides selected (%),23.893805309734514,False
ENVZ_ECOLI,45,180,Remaining Top10 Quality,1.0048548077217632,False
ENVZ_ECOLI,45,200,Norm. Target Mean (Cumulative),0.3534869967186157,False
ENVZ_ECOLI,45,200,Top 10% peptides selected (%),24.778761061946902,False
ENVZ_ECOLI,45,200,Remaining Top10 Quality,1.0048548077217632,False
YNZC_BACSU_sub,44,20,Norm. Target Mean (Round),0.012848596637105233,False
YNZC_BACSU_sub,44,40,Norm. Target Mean (Round),0.7341003210115403,False
YNZC_BACSU_sub,44,20,Norm. Target Mean (Cumulative),0.012848596637105233,False
YNZC_BACSU_sub,44,20,Top 10% peptides selected (%),1.3043478260869565,False
YNZC_BACSU_sub,44,20,Remaining Top10 Quality,1.0003456996086473,False
YNZC_BACSU_sub,44,60,Norm. Target Mean (Round),0.7547785292637263,False
YNZC_BACSU_sub,44,40,Norm. Target Mean (Cumulative),0.4027757682980076,False
YNZC_BACSU_sub,44,40,Top 10% peptides selected (%),7.391304347826087,False
YNZC_BACSU_sub,44,40,Remaining Top10 Quality,0.9806432313747985,False
YNZC_BACSU_sub,44,80,Norm. Target Mean (Round),0.8019406946678401,False
YNZC_BACSU_sub,44,60,Norm. Target Mean (Cumulative),0.5464787816480214,False
YNZC_BACSU_sub,44,60,Top 10% peptides selected (%),13.91304347826087,False
YNZC_BACSU_sub,44,60,Remaining Top10 Quality,0.9636459551557544,False
YNZC_BACSU_sub,44,100,Norm. Target Mean (Round),0.79982252339821,False
YNZC_BACSU_sub,44,80,Norm. Target Mean (Cumulative),0.6362070596393294,False
YNZC_BACSU_sub,44,80,Top 10% peptides selected (%),21.304347826086957,False
YNZC_BACSU_sub,44,80,Remaining Top10 Quality,0.947648704601667,False
YNZC_BACSU_sub,44,120,Norm. Target Mean (Round),0.7443234698111699,False
YNZC_BACSU_sub,44,100,Norm. Target Mean (Cumulative),0.696032078345994,False
YNZC_BACSU_sub,44,100,Top 10% peptides selected (%),27.82608695652174,False
YNZC_BACSU_sub,44,100,Remaining Top10 Quality,0.9318686271234852,False
YNZC_BACSU_sub,44,140,Norm. Target Mean (Round),0.8430228862990256,False
YNZC_BACSU_sub,44,120,Norm. Target Mean (Cumulative),0.7268349028711152,False
YNZC_BACSU_sub,44,120,Top 10% peptides selected (%),32.17391304347826,False
YNZC_BACSU_sub,44,120,Remaining Top10 Quality,0.9224099079556055,False
YNZC_BACSU_sub,44,160,Norm. Target Mean (Round),0.7686142040875406,False
YNZC_BACSU_sub,44,140,Norm. Target Mean (Cumulative),0.7678012782459016,False
YNZC_BACSU_sub,44,140,Top 10% peptides selected (%),39.130434782608695,False
YNZC_BACSU_sub,44,140,Remaining Top10 Quality,0.9004634529557635,False
YNZC_BACSU_sub,44,180,Norm. Target Mean (Round),0.810492252407498,False
YNZC_BACSU_sub,44,160,Norm. Target Mean (Cumulative),0.7889673541525687,False
YNZC_BACSU_sub,44,160,Top 10% peptides selected (%),44.78260869565218,False
YNZC_BACSU_sub,44,160,Remaining Top10 Quality,0.8859734842103341,False
YNZC_BACSU_sub,44,200,Norm. Target Mean (Round),0.8781030419218225,False
YNZC_BACSU_sub,44,180,Norm. Target Mean (Cumulative),0.812732680626887,False
YNZC_BACSU_sub,44,180,Top 10% peptides selected (%),51.30434782608696,False
YNZC_BACSU_sub,44,180,Remaining Top10 Quality,0.8662802362314087,False
YNZC_BACSU_sub,44,200,Norm. Target Mean (Cumulative),0.8393104467481332,False
YNZC_BACSU_sub,44,200,Top 10% peptides selected (%),57.826086956521735,False
YNZC_BACSU_sub,44,200,Remaining Top10 Quality,0.8662802362314087,False
YNZC_BACSU_sub,47,20,Norm. Target Mean (Round),-0.027030359609617898,False
YNZC_BACSU_sub,47,40,Norm. Target Mean (Round),0.6783957771848025,False
YNZC_BACSU_sub,47,20,Norm. Target Mean (Cumulative),-0.027030359609617898,False
YNZC_BACSU_sub,47,20,Top 10% peptides selected (%),0.8695652173913043,False
YNZC_BACSU_sub,47,20,Remaining Top10 Quality,1.0010087552576048,False
YNZC_BACSU_sub,47,60,Norm. Target Mean (Round),0.7219120570437043,False
YNZC_BACSU_sub,47,40,Norm. Target Mean (Cumulative),0.3512896822177625,False
YNZC_BACSU_sub,47,40,Top 10% peptides selected (%),6.521739130434782,False
YNZC_BACSU_sub,47,40,Remaining Top10 Quality,0.9937215419353199,False
YNZC_BACSU_sub,47,80,Norm. Target Mean (Round),0.6332713783243552,False
YNZC_BACSU_sub,47,60,Norm. Target Mean (Cumulative),0.5157467408648821,False
YNZC_BACSU_sub,47,60,Top 10% peptides selected (%),13.91304347826087,False
YNZC_BACSU_sub,47,60,Remaining Top10 Quality,0.9803629878468473,False
YNZC_BACSU_sub,47,100,Norm. Target Mean (Round),0.7235493117661799,False
YNZC_BACSU_sub,47,80,Norm. Target Mean (Cumulative),0.5827426808371501,False
YNZC_BACSU_sub,47,80,Top 10% peptides selected (%),19.565217391304348,False
YNZC_BACSU_sub,47,80,Remaining Top10 Quality,0.9738123046264489,False
YNZC_BACSU_sub,47,120,Norm. Target Mean (Round),0.7312806006705426,False
YNZC_BACSU_sub,47,100,Norm. Target Mean (Cumulative),0.6510461479016022,False
YNZC_BACSU_sub,47,100,Top 10% peptides selected (%),26.956521739130434,False
YNZC_BACSU_sub,47,100,Remaining Top10 Quality,0.9587708340308103,False
YNZC_BACSU_sub,47,140,Norm. Target Mean (Round),0.7115480170160675,False
YNZC_BACSU_sub,47,120,Norm. Target Mean (Cumulative),0.7024517344413456,False
YNZC_BACSU_sub,47,120,Top 10% peptides selected (%),33.04347826086956,False
YNZC_BACSU_sub,47,120,Remaining Top10 Quality,0.9398619711643211,False
YNZC_BACSU_sub,47,160,Norm. Target Mean (Round),0.7169050460453613,False
YNZC_BACSU_sub,47,140,Norm. Target Mean (Cumulative),0.7373504880697968,False
YNZC_BACSU_sub,47,140,Top 10% peptides selected (%),39.565217391304344,False
YNZC_BACSU_sub,47,140,Remaining Top10 Quality,0.9248651210260527,False
YNZC_BACSU_sub,47,180,Norm. Target Mean (Round),0.6798888915579817,False
YNZC_BACSU_sub,47,160,Norm. Target Mean (Cumulative),0.7678016077786985,False
YNZC_BACSU_sub,47,160,Top 10% peptides selected (%),45.65217391304348,False
YNZC_BACSU_sub,47,160,Remaining Top10 Quality,0.9081901547883161,False
YNZC_BACSU_sub,47,200,Norm. Target Mean (Round),0.7143151538464646,False
YNZC_BACSU_sub,47,180,Norm. Target Mean (Cumulative),0.7886679434740944,False
YNZC_BACSU_sub,47,180,Top 10% peptides selected (%),51.73913043478261,False
YNZC_BACSU_sub,47,180,Remaining Top10 Quality,0.890564489448299,False
YNZC_BACSU_sub,47,200,Norm. Target Mean (Cumulative),0.8117953217303169,False
YNZC_BACSU_sub,47,200,Top 10% peptides selected (%),56.52173913043478,False
YNZC_BACSU_sub,47,200,Remaining Top10 Quality,0.890564489448299,False
YNZC_BACSU_sub,48,20,Norm. Target Mean (Round),0.13633529427378038,False
YNZC_BACSU_sub,48,40,Norm. Target Mean (Round),0.750896592333255,False
YNZC_BACSU_sub,48,20,Norm. Target Mean (Cumulative),0.13633529427378038,False
YNZC_BACSU_sub,48,20,Top 10% peptides selected (%),1.7391304347826086,False
YNZC_BACSU_sub,48,20,Remaining Top10 Quality,0.9966391889325277,False
YNZC_BACSU_sub,48,60,Norm. Target Mean (Round),0.7258960497968991,False
YNZC_BACSU_sub,48,40,Norm. Target Mean (Cumulative),0.4754749812606132,False
YNZC_BACSU_sub,48,40,Top 10% peptides selected (%),8.695652173913043,False
YNZC_BACSU_sub,48,40,Remaining Top10 Quality,0.9814815574680834,False
YNZC_BACSU_sub,48,80,Norm. Target Mean (Round),0.7069138117613804,False
YNZC_BACSU_sub,48,60,Norm. Target Mean (Cumulative),0.59819655827588,False
YNZC_BACSU_sub,48,60,Top 10% peptides selected (%),16.52173913043478,False
YNZC_BACSU_sub,48,60,Remaining Top10 Quality,0.9697987170181707,False
YNZC_BACSU_sub,48,100,Norm. Target Mean (Round),0.7814987518940472,False
YNZC_BACSU_sub,48,80,Norm. Target Mean (Cumulative),0.6644113134306535,False
YNZC_BACSU_sub,48,80,Top 10% peptides selected (%),23.043478260869566,False
YNZC_BACSU_sub,48,80,Remaining Top10 Quality,0.958801752082771,False
YNZC_BACSU_sub,48,120,Norm. Target Mean (Round),0.7649161888592086,False
YNZC_BACSU_sub,48,100,Norm. Target Mean (Cumulative),0.7285363650790436,False
YNZC_BACSU_sub,48,100,Top 10% peptides selected (%),29.565217391304348,False
YNZC_BACSU_sub,48,100,Remaining Top10 Quality,0.9375211147048355,False
YNZC_BACSU_sub,48,140,Norm. Target Mean (Round),0.8517634833750722,False
YNZC_BACSU_sub,48,120,Norm. Target Mean (Cumulative),0.7693400116621466,False
YNZC_BACSU_sub,48,120,Top 10% peptides selected (%),35.65217391304348,False
YNZC_BACSU_sub,48,120,Remaining Top10 Quality,0.9133706446486799,False
YNZC_BACSU_sub,48,160,Norm. Target Mean (Round),0.8106800804241245,False
YNZC_BACSU_sub,48,140,Norm. Target Mean (Cumulative),0.8077271186145533,False
YNZC_BACSU_sub,48,140,Top 10% peptides selected (%),43.47826086956522,False
YNZC_BACSU_sub,48,140,Remaining Top10 Quality,0.8896587471127761,False
YNZC_BACSU_sub,48,180,Norm. Target Mean (Round),0.7821712834221628,False
YNZC_BACSU_sub,48,160,Norm. Target Mean (Cumulative),0.8307113958595399,False
YNZC_BACSU_sub,48,160,Top 10% peptides selected (%),49.56521739130435,False
YNZC_BACSU_sub,48,160,Remaining Top10 Quality,0.8709018012123956,False
YNZC_BACSU_sub,48,200,Norm. Target Mean (Round),0.8253071407581773,False
YNZC_BACSU_sub,48,180,Norm. Target Mean (Cumulative),0.8450425169179752,False
YNZC_BACSU_sub,48,180,Top 10% peptides selected (%),55.21739130434783,False
YNZC_BACSU_sub,48,180,Remaining Top10 Quality,0.8570097472292482,False
YNZC_BACSU_sub,48,200,Norm. Target Mean (Cumulative),0.8631413284808124,False
YNZC_BACSU_sub,48,200,Top 10% peptides selected (%),61.73913043478261,False
YNZC_BACSU_sub,48,200,Remaining Top10 Quality,0.8570097472292482,False
FKBP3_HUMAN,49,20,Norm. Target Mean (Round),-0.0004065273385875387,False
FKBP3_HUMAN,49,40,Norm. Target Mean (Round),0.2231326580411103,False
FKBP3_HUMAN,49,20,Norm. Target Mean (Cumulative),-0.0004065273385875387,False
FKBP3_HUMAN,49,20,Top 10% peptides selected (%),1.6129032258064515,False
FKBP3_HUMAN,49,20,Remaining Top10 Quality,0.9989481529794554,False
FKBP3_HUMAN,49,60,Norm. Target Mean (Round),-0.06310211965856699,False
FKBP3_HUMAN,49,40,Norm. Target Mean (Cumulative),0.1268588661957109,False
FKBP3_HUMAN,49,40,Top 10% peptides selected (%),5.64516129032258,False
FKBP3_HUMAN,49,40,Remaining Top10 Quality,0.99547684812151,False
FKBP3_HUMAN,49,80,Norm. Target Mean (Round),0.13015920575881113,False
FKBP3_HUMAN,49,60,Norm. Target Mean (Cumulative),0.06414699067646121,False
FKBP3_HUMAN,49,60,Top 10% peptides selected (%),8.870967741935484,False
FKBP3_HUMAN,49,60,Remaining Top10 Quality,0.9931460778193442,False
FKBP3_HUMAN,49,100,Norm. Target Mean (Round),0.2928694331903947,False
FKBP3_HUMAN,49,80,Norm. Target Mean (Cumulative),0.09228282792600241,False
FKBP3_HUMAN,49,80,Top 10% peptides selected (%),12.903225806451612,False
FKBP3_HUMAN,49,80,Remaining Top10 Quality,0.9891626771217136,False
FKBP3_HUMAN,49,120,Norm. Target Mean (Round),0.4471510430968784,False
FKBP3_HUMAN,49,100,Norm. Target Mean (Cumulative),0.15520494617076477,False
FKBP3_HUMAN,49,100,Top 10% peptides selected (%),17.741935483870968,False
FKBP3_HUMAN,49,100,Remaining Top10 Quality,0.9870667526391826,False
FKBP3_HUMAN,49,140,Norm. Target Mean (Round),0.3925606574959465,False
FKBP3_HUMAN,49,120,Norm. Target Mean (Cumulative),0.23737279231634797,False
FKBP3_HUMAN,49,120,Top 10% peptides selected (%),23.387096774193548,False
FKBP3_HUMAN,49,120,Remaining Top10 Quality,0.979431393538307,False
FKBP3_HUMAN,49,160,Norm. Target Mean (Round),0.36284588637918724,False
FKBP3_HUMAN,49,140,Norm. Target Mean (Cumulative),0.2888179578587997,False
FKBP3_HUMAN,49,140,Top 10% peptides selected (%),26.61290322580645,False
FKBP3_HUMAN,49,140,Remaining Top10 Quality,0.9745291006727806,False
FKBP3_HUMAN,49,180,Norm. Target Mean (Round),0.4075568536296301,False
FKBP3_HUMAN,49,160,Norm. Target Mean (Cumulative),0.32354709325391695,False
FKBP3_HUMAN,49,160,Top 10% peptides selected (%),31.451612903225808,False
FKBP3_HUMAN,49,160,Remaining Top10 Quality,0.9599916202288696,False
FKBP3_HUMAN,49,200,Norm. Target Mean (Round),0.3387185478356797,False
FKBP3_HUMAN,49,180,Norm. Target Mean (Cumulative),0.3585437330972355,False
FKBP3_HUMAN,49,180,Top 10% peptides selected (%),35.483870967741936,False
FKBP3_HUMAN,49,180,Remaining Top10 Quality,0.9505807225061231,False
FKBP3_HUMAN,49,200,Norm. Target Mean (Cumulative),0.37745957892474497,False
FKBP3_HUMAN,49,200,Top 10% peptides selected (%),41.12903225806452,False
FKBP3_HUMAN,49,200,Remaining Top10 Quality,0.9505807225061231,False
FKBP3_HUMAN,46,20,Norm. Target Mean (Round),-0.07971108758618742,False
FKBP3_HUMAN,46,40,Norm. Target Mean (Round),0.28749185506631164,False
FKBP3_HUMAN,46,20,Norm. Target Mean (Cumulative),-0.07971108758618742,False
FKBP3_HUMAN,46,20,Top 10% peptides selected (%),0.0,False
FKBP3_HUMAN,46,20,Remaining Top10 Quality,1.0033632647680457,False
FKBP3_HUMAN,46,60,Norm. Target Mean (Round),0.1187989751000198,False
FKBP3_HUMAN,46,40,Norm. Target Mean (Cumulative),0.11944286255495865,False
FKBP3_HUMAN,46,40,Top 10% peptides selected (%),2.4193548387096775,False
FKBP3_HUMAN,46,40,Remaining Top10 Quality,1.0037873573962581,False
FKBP3_HUMAN,46,80,Norm. Target Mean (Round),0.3456679376470644,False
FKBP3_HUMAN,46,60,Norm. Target Mean (Cumulative),0.13414662231606597,False
FKBP3_HUMAN,46,60,Top 10% peptides selected (%),3.225806451612903,False
FKBP3_HUMAN,46,60,Remaining Top10 Quality,1.0066787554153738,False
FKBP3_HUMAN,46,100,Norm. Target Mean (Round),0.48855747520590753,False
FKBP3_HUMAN,46,80,Norm. Target Mean (Cumulative),0.21849336237649822,False
FKBP3_HUMAN,46,80,Top 10% peptides selected (%),7.258064516129033,False
FKBP3_HUMAN,46,80,Remaining Top10 Quality,1.0054109880098314,False
FKBP3_HUMAN,46,120,Norm. Target Mean (Round),0.38801997239140573,False
FKBP3_HUMAN,46,100,Norm. Target Mean (Cumulative),0.3149648859714074,False
FKBP3_HUMAN,46,100,Top 10% peptides selected (%),14.516129032258066,False
FKBP3_HUMAN,46,100,Remaining Top10 Quality,0.9945784519742648,False
FKBP3_HUMAN,46,140,Norm. Target Mean (Round),0.30046773932692206,False
FKBP3_HUMAN,46,120,Norm. Target Mean (Cumulative),0.3612218357459758,False
FKBP3_HUMAN,46,120,Top 10% peptides selected (%),19.35483870967742,False
FKBP3_HUMAN,46,120,Remaining Top10 Quality,0.984651935332273,False
FKBP3_HUMAN,46,160,Norm. Target Mean (Round),0.35274012004303906,False
FKBP3_HUMAN,46,140,Norm. Target Mean (Cumulative),0.37770977168173353,False
FKBP3_HUMAN,46,140,Top 10% peptides selected (%),21.774193548387096,False
FKBP3_HUMAN,46,140,Remaining Top10 Quality,0.9842300256756793,False
FKBP3_HUMAN,46,180,Norm. Target Mean (Round),0.43112882582768886,False
FKBP3_HUMAN,46,160,Norm. Target Mean (Cumulative),0.4017059792179097,False
FKBP3_HUMAN,46,160,Top 10% peptides selected (%),24.193548387096776,False
FKBP3_HUMAN,46,160,Remaining Top10 Quality,0.9833475614099111,False
FKBP3_HUMAN,46,200,Norm. Target Mean (Round),0.46353557466715617,False
FKBP3_HUMAN,46,180,Norm. Target Mean (Cumulative),0.4358377070887829,False
FKBP3_HUMAN,46,180,Top 10% peptides selected (%),27.419354838709676,False
FKBP3_HUMAN,46,180,Remaining Top10 Quality,0.9793523969157923,False
FKBP3_HUMAN,46,200,Norm. Target Mean (Cumulative),0.47023424507915046,False
FKBP3_HUMAN,46,200,Top 10% peptides selected (%),33.87096774193548,False
FKBP3_HUMAN,46,200,Remaining Top10 Quality,0.9793523969157923,False
FKBP3_HUMAN,43,20,Norm. Target Mean (Round),-0.09883613861305529,False
FKBP3_HUMAN,43,40,Norm. Target Mean (Round),0.32227011264077,False
FKBP3_HUMAN,43,20,Norm. Target Mean (Cumulative),-0.09883613861305529,False
FKBP3_HUMAN,43,20,Top 10% peptides selected (%),0.8064516129032258,False
FKBP3_HUMAN,43,20,Remaining Top10 Quality,0.9996791348726647,False
FKBP3_HUMAN,43,60,Norm. Target Mean (Round),0.351665121073482,False
FKBP3_HUMAN,43,40,Norm. Target Mean (Cumulative),0.128078129675011,False
FKBP3_HUMAN,43,40,Top 10% peptides selected (%),4.032258064516129,False
FKBP3_HUMAN,43,40,Remaining Top10 Quality,0.9997204239749501,False
FKBP3_HUMAN,43,80,Norm. Target Mean (Round),0.22459808290055389,False
FKBP3_HUMAN,43,60,Norm. Target Mean (Cumulative),0.23660720219452758,False
FKBP3_HUMAN,43,60,Top 10% peptides selected (%),8.064516129032258,False
FKBP3_HUMAN,43,60,Remaining Top10 Quality,0.9934685904524022,False
FKBP3_HUMAN,43,100,Norm. Target Mean (Round),0.3995050850500035,False
FKBP3_HUMAN,43,80,Norm. Target Mean (Cumulative),0.25816564036874146,False
FKBP3_HUMAN,43,80,Top 10% peptides selected (%),9.67741935483871,False
FKBP3_HUMAN,43,80,Remaining Top10 Quality,0.9924286177132124,False
FKBP3_HUMAN,43,120,Norm. Target Mean (Round),0.19567431718402303,False
FKBP3_HUMAN,43,100,Norm. Target Mean (Cumulative),0.3221964102401137,False
FKBP3_HUMAN,43,100,Top 10% peptides selected (%),12.096774193548388,False
FKBP3_HUMAN,43,100,Remaining Top10 Quality,0.9846568922496937,False
FKBP3_HUMAN,43,140,Norm. Target Mean (Round),0.3508555291758678,False
FKBP3_HUMAN,43,120,Norm. Target Mean (Cumulative),0.32034196468367615,False
FKBP3_HUMAN,43,120,Top 10% peptides selected (%),15.32258064516129,False
FKBP3_HUMAN,43,120,Remaining Top10 Quality,0.9777511199569751,False
FKBP3_HUMAN,43,160,Norm. Target Mean (Round),0.3297663384501969,False
FKBP3_HUMAN,43,140,Norm. Target Mean (Cumulative),0.3510892686322541,False
FKBP3_HUMAN,43,140,Top 10% peptides selected (%),19.35483870967742,False
FKBP3_HUMAN,43,140,Remaining Top10 Quality,0.9691416901856807,False
FKBP3_HUMAN,43,180,Norm. Target Mean (Round),0.5403035528759862,False
FKBP3_HUMAN,43,160,Norm. Target Mean (Cumulative),0.37159277712944194,False
FKBP3_HUMAN,43,160,Top 10% peptides selected (%),24.193548387096776,False
FKBP3_HUMAN,43,160,Remaining Top10 Quality,0.9615757954942562,False
FKBP3_HUMAN,43,200,Norm. Target Mean (Round),0.396951559981535,False
FKBP3_HUMAN,43,180,Norm. Target Mean (Cumulative),0.42466255429662403,False
FKBP3_HUMAN,43,180,Top 10% peptides selected (%),31.451612903225808,False
FKBP3_HUMAN,43,180,Remaining Top10 Quality,0.945473537663847,False
FKBP3_HUMAN,43,200,Norm. Target Mean (Cumulative),0.4468602953571093,False
FKBP3_HUMAN,43,200,Top 10% peptides selected (%),34.67741935483871,False
FKBP3_HUMAN,43,200,Remaining Top10 Quality,0.945473537663847,False
FKBP3_HUMAN,50,20,Norm. Target Mean (Round),-0.0798395075728036,False
FKBP3_HUMAN,50,40,Norm. Target Mean (Round),0.37299629663394307,False
FKBP3_HUMAN,50,20,Norm. Target Mean (Cumulative),-0.0798395075728036,False
FKBP3_HUMAN,50,20,Top 10% peptides selected (%),1.6129032258064515,False
FKBP3_HUMAN,50,20,Remaining Top10 Quality,1.0003297455226874,False
FKBP3_HUMAN,50,60,Norm. Target Mean (Round),-0.008122208674784765,False
FKBP3_HUMAN,50,40,Norm. Target Mean (Cumulative),0.16823848662164373,False
FKBP3_HUMAN,50,40,Top 10% peptides selected (%),5.64516129032258,False
FKBP3_HUMAN,50,40,Remaining Top10 Quality,0.9960009627537824,False
FKBP3_HUMAN,50,80,Norm. Target Mean (Round),0.10743212280914824,False
FKBP3_HUMAN,50,60,Norm. Target Mean (Cumulative),0.11615621394756796,False
FKBP3_HUMAN,50,60,Top 10% peptides selected (%),6.451612903225806,False
FKBP3_HUMAN,50,60,Remaining Top10 Quality,0.9992110010843466,False
FKBP3_HUMAN,50,100,Norm. Target Mean (Round),0.22671364819365836,False
FKBP3_HUMAN,50,80,Norm. Target Mean (Cumulative),0.12581244997090152,False
FKBP3_HUMAN,50,80,Top 10% peptides selected (%),7.258064516129033,False
FKBP3_HUMAN,50,80,Remaining Top10 Quality,1.0026957004049823,False
FKBP3_HUMAN,50,120,Norm. Target Mean (Round),0.3620435175760229,False
FKBP3_HUMAN,50,100,Norm. Target Mean (Cumulative),0.1657360920806081,False
FKBP3_HUMAN,50,100,Top 10% peptides selected (%),9.67741935483871,False
FKBP3_HUMAN,50,100,Remaining Top10 Quality,0.99938521636182,False
FKBP3_HUMAN,50,140,Norm. Target Mean (Round),0.34358761716523795,False
FKBP3_HUMAN,50,120,Norm. Target Mean (Cumulative),0.22713993796577464,False
FKBP3_HUMAN,50,120,Top 10% peptides selected (%),12.096774193548388,False
FKBP3_HUMAN,50,120,Remaining Top10 Quality,0.9991784449765256,False
FKBP3_HUMAN,50,160,Norm. Target Mean (Round),0.29442561688457636,False
FKBP3_HUMAN,50,140,Norm. Target Mean (Cumulative),0.2702876931749976,False
FKBP3_HUMAN,50,140,Top 10% peptides selected (%),16.129032258064516,False
FKBP3_HUMAN,50,140,Remaining Top10 Quality,0.9916771918835706,False
FKBP3_HUMAN,50,180,Norm. Target Mean (Round),0.49108095344962766,False
FKBP3_HUMAN,50,160,Norm. Target Mean (Cumulative),0.29501602664152327,False
FKBP3_HUMAN,50,160,Top 10% peptides selected (%),18.548387096774192,False
FKBP3_HUMAN,50,160,Remaining Top10 Quality,0.989747001924631,False
FKBP3_HUMAN,50,200,Norm. Target Mean (Round),0.3533370518899747,False
FKBP3_HUMAN,50,180,Norm. Target Mean (Cumulative),0.3494125775951128,False
FKBP3_HUMAN,50,180,Top 10% peptides selected (%),22.58064516129032,False
FKBP3_HUMAN,50,180,Remaining Top10 Quality,0.9814518023215164,False
FKBP3_HUMAN,50,200,Norm. Target Mean (Cumulative),0.3727470347221245,False
FKBP3_HUMAN,50,200,Top 10% peptides selected (%),26.61290322580645,False
FKBP3_HUMAN,50,200,Remaining Top10 Quality,0.9814518023215164,False
FKBP3_HUMAN,45,20,Norm. Target Mean (Round),-0.3728804880292554,False
FKBP3_HUMAN,45,40,Norm. Target Mean (Round),0.32418976897643065,False
FKBP3_HUMAN,45,20,Norm. Target Mean (Cumulative),-0.3728804880292554,False
FKBP3_HUMAN,45,20,Top 10% peptides selected (%),1.6129032258064515,False
FKBP3_HUMAN,45,20,Remaining Top10 Quality,1.0027107313592816,False
FKBP3_HUMAN,45,60,Norm. Target Mean (Round),0.3382192796640272,False
FKBP3_HUMAN,45,40,Norm. Target Mean (Cumulative),-0.025494744978872007,False
FKBP3_HUMAN,45,40,Top 10% peptides selected (%),4.838709677419355,False
FKBP3_HUMAN,45,40,Remaining Top10 Quality,1.0036460536141107,False
FKBP3_HUMAN,45,80,Norm. Target Mean (Round),0.3288359132481789,False
FKBP3_HUMAN,45,60,Norm. Target Mean (Cumulative),0.12162767989840784,False
FKBP3_HUMAN,45,60,Top 10% peptides selected (%),9.67741935483871,False
FKBP3_HUMAN,45,60,Remaining Top10 Quality,0.9980978786492156,False
FKBP3_HUMAN,45,100,Norm. Target Mean (Round),0.23941062076919437,False
FKBP3_HUMAN,45,80,Norm. Target Mean (Cumulative),0.2019895759776399,False
FKBP3_HUMAN,45,80,Top 10% peptides selected (%),13.709677419354838,False
FKBP3_HUMAN,45,80,Remaining Top10 Quality,0.9897417992779799,False
FKBP3_HUMAN,45,120,Norm. Target Mean (Round),0.2749129343063504,False
FKBP3_HUMAN,45,100,Norm. Target Mean (Cumulative),0.23124322847896828,False
FKBP3_HUMAN,45,100,Top 10% peptides selected (%),15.32258064516129,False
FKBP3_HUMAN,45,100,Remaining Top10 Quality,0.9918681593854053,False
FKBP3_HUMAN,45,140,Norm. Target Mean (Round),0.3297109016521317,False
FKBP3_HUMAN,45,120,Norm. Target Mean (Cumulative),0.2617380066711616,False
FKBP3_HUMAN,45,120,Top 10% peptides selected (%),16.129032258064516,False
FKBP3_HUMAN,45,120,Remaining Top10 Quality,0.9945474030260879,False
FKBP3_HUMAN,45,160,Norm. Target Mean (Round),0.1827527564480683,False
FKBP3_HUMAN,45,140,Norm. Target Mean (Cumulative),0.29694227038044085,False
FKBP3_HUMAN,45,140,Top 10% peptides selected (%),18.548387096774192,False
FKBP3_HUMAN,45,140,Remaining Top10 Quality,0.9946812055548913,False
FKBP3_HUMAN,45,180,Norm. Target Mean (Round),0.42430275644653725,False
FKBP3_HUMAN,45,160,Norm. Target Mean (Cumulative),0.29738929390752056,False
FKBP3_HUMAN,45,160,Top 10% peptides selected (%),23.387096774193548,False
FKBP3_HUMAN,45,160,Remaining Top10 Quality,0.9781104277402565,False
FKBP3_HUMAN,45,200,Norm. Target Mean (Round),0.3203515734421902,False
FKBP3_HUMAN,45,180,Norm. Target Mean (Cumulative),0.33795554638948316,False
FKBP3_HUMAN,45,180,Top 10% peptides selected (%),28.225806451612907,False
FKBP3_HUMAN,45,180,Remaining Top10 Quality,0.9624030432788295,False
FKBP3_HUMAN,45,200,Norm. Target Mean (Cumulative),0.35424485136007827,False
FKBP3_HUMAN,45,200,Top 10% peptides selected (%),31.451612903225808,False
FKBP3_HUMAN,45,200,Remaining Top10 Quality,0.9624030432788295,False
FKBP3_HUMAN,42,20,Norm. Target Mean (Round),-0.12708292030245263,False
FKBP3_HUMAN,42,40,Norm. Target Mean (Round),-0.05738699771976094,False
FKBP3_HUMAN,42,20,Norm. Target Mean (Cumulative),-0.12708292030245263,False
FKBP3_HUMAN,42,20,Top 10% peptides selected (%),0.0,False
FKBP3_HUMAN,42,20,Remaining Top10 Quality,1.0033632647680457,False
FKBP3_HUMAN,42,60,Norm. Target Mean (Round),0.1825443995279889,False
FKBP3_HUMAN,42,40,Norm. Target Mean (Cumulative),-0.10430462185626628,False
FKBP3_HUMAN,42,40,Top 10% peptides selected (%),2.4193548387096775,False
FKBP3_HUMAN,42,40,Remaining Top10 Quality,1.002007665014838,False
FKBP3_HUMAN,42,80,Norm. Target Mean (Round),0.3915884201477698,False
FKBP3_HUMAN,42,60,Norm. Target Mean (Cumulative),0.0011462235804537673,False
FKBP3_HUMAN,42,60,Top 10% peptides selected (%),7.258064516129033,False
FKBP3_HUMAN,42,60,Remaining Top10 Quality,0.9967837790387297,False
FKBP3_HUMAN,42,100,Norm. Target Mean (Round),0.2960071486379828,False
FKBP3_HUMAN,42,80,Norm. Target Mean (Cumulative),0.12889114935519494,False
FKBP3_HUMAN,42,80,Top 10% peptides selected (%),10.483870967741936,False
FKBP3_HUMAN,42,80,Remaining Top10 Quality,0.9942017133731443,False
FKBP3_HUMAN,42,120,Norm. Target Mean (Round),0.40761903137107547,False
FKBP3_HUMAN,42,100,Norm. Target Mean (Cumulative),0.18706668740514315,False
FKBP3_HUMAN,42,100,Top 10% peptides selected (%),14.516129032258066,False
FKBP3_HUMAN,42,100,Remaining Top10 Quality,0.986728203719973,False
FKBP3_HUMAN,42,140,Norm. Target Mean (Round),0.3445571892520315,False
FKBP3_HUMAN,42,120,Norm. Target Mean (Cumulative),0.2551718059117125,False
FKBP3_HUMAN,42,120,Top 10% peptides selected (%),18.548387096774192,False
FKBP3_HUMAN,42,120,Remaining Top10 Quality,0.9819392526561146,False
FKBP3_HUMAN,42,160,Norm. Target Mean (Round),0.34234633217626376,False
FKBP3_HUMAN,42,140,Norm. Target Mean (Cumulative),0.29367021295726226,False
FKBP3_HUMAN,42,140,Top 10% peptides selected (%),23.387096774193548,False
FKBP3_HUMAN,42,140,Remaining Top10 Quality,0.9807517675369737,False
FKBP3_HUMAN,42,180,Norm. Target Mean (Round),0.44606673880360925,False
FKBP3_HUMAN,42,160,Norm. Target Mean (Cumulative),0.32435386040562997,False
FKBP3_HUMAN,42,160,Top 10% peptides selected (%),28.225806451612907,False
FKBP3_HUMAN,42,160,Remaining Top10 Quality,0.9724994648734395,False
FKBP3_HUMAN,42,200,Norm. Target Mean (Round),0.09678214550573706,False
FKBP3_HUMAN,42,180,Norm. Target Mean (Cumulative),0.36736151239807135,False
FKBP3_HUMAN,42,180,Top 10% peptides selected (%),33.064516129032256,False
FKBP3_HUMAN,42,180,Remaining Top10 Quality,0.9544638691208107,False
FKBP3_HUMAN,42,200,Norm. Target Mean (Cumulative),0.34779009854716586,False
FKBP3_HUMAN,42,200,Top 10% peptides selected (%),35.483870967741936,False
FKBP3_HUMAN,42,200,Remaining Top10 Quality,0.9544638691208107,False
FKBP3_HUMAN,44,20,Norm. Target Mean (Round),0.08765290837893024,False
FKBP3_HUMAN,44,40,Norm. Target Mean (Round),0.19874007598821222,False
FKBP3_HUMAN,44,20,Norm. Target Mean (Cumulative),0.08765290837893024,False
FKBP3_HUMAN,44,20,Top 10% peptides selected (%),1.6129032258064515,False
FKBP3_HUMAN,44,20,Remaining Top10 Quality,0.9987908510643693,False
FKBP3_HUMAN,44,60,Norm. Target Mean (Round),0.3601944321273218,False
FKBP3_HUMAN,44,40,Norm. Target Mean (Cumulative),0.16275647310702063,False
FKBP3_HUMAN,44,40,Top 10% peptides selected (%),3.225806451612903,False
FKBP3_HUMAN,44,40,Remaining Top10 Quality,1.001286655593316,False
FKBP3_HUMAN,44,80,Norm. Target Mean (Round),0.25064163832688,False
FKBP3_HUMAN,44,60,Norm. Target Mean (Cumulative),0.2646358119508558,False
FKBP3_HUMAN,44,60,Top 10% peptides selected (%),5.64516129032258,False
FKBP3_HUMAN,44,60,Remaining Top10 Quality,0.9962358615910674,False
FKBP3_HUMAN,44,100,Norm. Target Mean (Round),0.3839888007290366,False
FKBP3_HUMAN,44,80,Norm. Target Mean (Cumulative),0.2883211731460869,False
FKBP3_HUMAN,44,80,Top 10% peptides selected (%),8.064516129032258,False
FKBP3_HUMAN,44,80,Remaining Top10 Quality,0.9926554527031684,False
FKBP3_HUMAN,44,120,Norm. Target Mean (Round),0.26122511989703956,False
FKBP3_HUMAN,44,100,Norm. Target Mean (Cumulative),0.3422406106282949,False
FKBP3_HUMAN,44,100,Top 10% peptides selected (%),11.29032258064516,False
FKBP3_HUMAN,44,100,Remaining Top10 Quality,0.9870173211495762,False
FKBP3_HUMAN,44,140,Norm. Target Mean (Round),0.29633780646437113,False
FKBP3_HUMAN,44,120,Norm. Target Mean (Cumulative),0.3529135138153006,False
FKBP3_HUMAN,44,120,Top 10% peptides selected (%),12.903225806451612,False
FKBP3_HUMAN,44,120,Remaining Top10 Quality,0.9888817254612867,False
FKBP3_HUMAN,44,160,Norm. Target Mean (Round),0.4386093498363684,False
FKBP3_HUMAN,44,140,Norm. Target Mean (Cumulative),0.3691857130003157,False
FKBP3_HUMAN,44,140,Top 10% peptides selected (%),16.129032258064516,False
FKBP3_HUMAN,44,140,Remaining Top10 Quality,0.9887661122943301,False
FKBP3_HUMAN,44,180,Norm. Target Mean (Round),0.5079169504719994,False
FKBP3_HUMAN,44,160,Norm. Target Mean (Cumulative),0.4100974460619864,False
FKBP3_HUMAN,44,160,Top 10% peptides selected (%),19.35483870967742,False
FKBP3_HUMAN,44,160,Remaining Top10 Quality,0.9870693598631027,False
FKBP3_HUMAN,44,200,Norm. Target Mean (Round),0.3288662072169346,False
FKBP3_HUMAN,44,180,Norm. Target Mean (Cumulative),0.45635586516731785,False
FKBP3_HUMAN,44,180,Top 10% peptides selected (%),25.806451612903224,False
FKBP3_HUMAN,44,180,Remaining Top10 Quality,0.979132312395864,False
FKBP3_HUMAN,44,200,Norm. Target Mean (Cumulative),0.46703685627217295,False
FKBP3_HUMAN,44,200,Top 10% peptides selected (%),29.838709677419356,False
FKBP3_HUMAN,44,200,Remaining Top10 Quality,0.979132312395864,False
FKBP3_HUMAN,47,20,Norm. Target Mean (Round),-0.024764549995582648,False
FKBP3_HUMAN,47,40,Norm. Target Mean (Round),0.3126899633501072,False
FKBP3_HUMAN,47,20,Norm. Target Mean (Cumulative),-0.024764549995582648,False
FKBP3_HUMAN,47,20,Top 10% peptides selected (%),3.225806451612903,False
FKBP3_HUMAN,47,20,Remaining Top10 Quality,0.9977796663569659,False
FKBP3_HUMAN,47,60,Norm. Target Mean (Round),0.364394880295791,False
FKBP3_HUMAN,47,40,Norm. Target Mean (Cumulative),0.1649339548626177,False
FKBP3_HUMAN,47,40,Top 10% peptides selected (%),7.258064516129033,False
FKBP3_HUMAN,47,40,Remaining Top10 Quality,0.9919807344560516,False
FKBP3_HUMAN,47,80,Norm. Target Mean (Round),0.4209587744476417,False
FKBP3_HUMAN,47,60,Norm. Target Mean (Cumulative),0.2669682524308257,False
FKBP3_HUMAN,47,60,Top 10% peptides selected (%),10.483870967741936,False
FKBP3_HUMAN,47,60,Remaining Top10 Quality,0.9935144650027113,False
FKBP3_HUMAN,47,100,Norm. Target Mean (Round),-0.12940762754571836,False
FKBP3_HUMAN,47,80,Norm. Target Mean (Cumulative),0.346120018924454,False
FKBP3_HUMAN,47,80,Top 10% peptides selected (%),15.32258064516129,False
FKBP3_HUMAN,47,80,Remaining Top10 Quality,0.9863800527793881,False
FKBP3_HUMAN,47,120,Norm. Target Mean (Round),0.4725407928609764,False
FKBP3_HUMAN,47,100,Norm. Target Mean (Cumulative),0.24881980096714582,False
FKBP3_HUMAN,47,100,Top 10% peptides selected (%),16.129032258064516,False
FKBP3_HUMAN,47,100,Remaining Top10 Quality,0.9885205721081723,False
FKBP3_HUMAN,47,140,Norm. Target Mean (Round),0.3029676438850602,False
FKBP3_HUMAN,47,120,Norm. Target Mean (Cumulative),0.3236396363940178,False
FKBP3_HUMAN,47,120,Top 10% peptides selected (%),20.161290322580644,False
FKBP3_HUMAN,47,120,Remaining Top10 Quality,0.984708256228087,False
FKBP3_HUMAN,47,160,Norm. Target Mean (Round),0.2753395611271353,False
FKBP3_HUMAN,47,140,Norm. Target Mean (Cumulative),0.3452160068871876,False
FKBP3_HUMAN,47,140,Top 10% peptides selected (%),23.387096774193548,False
FKBP3_HUMAN,47,140,Remaining Top10 Quality,0.9848757589651319,False
FKBP3_HUMAN,47,180,Norm. Target Mean (Round),0.3639785789563882,False
FKBP3_HUMAN,47,160,Norm. Target Mean (Cumulative),0.3578063123012637,False
FKBP3_HUMAN,47,160,Top 10% peptides selected (%),25.806451612903224,False
FKBP3_HUMAN,47,160,Remaining Top10 Quality,0.984712171567707,False
FKBP3_HUMAN,47,200,Norm. Target Mean (Round),0.32496027944954725,False
FKBP3_HUMAN,47,180,Norm. Target Mean (Cumulative),0.3842194009602064,False
FKBP3_HUMAN,47,180,Top 10% peptides selected (%),28.225806451612907,False
FKBP3_HUMAN,47,180,Remaining Top10 Quality,0.9840095678735291,False
FKBP3_HUMAN,47,200,Norm. Target Mean (Cumulative),0.40088308079808954,False
FKBP3_HUMAN,47,200,Top 10% peptides selected (%),31.451612903225808,False
FKBP3_HUMAN,47,200,Remaining Top10 Quality,0.9840095678735291,False
SDA_BACSU,46,20,Norm. Target Mean (Round),-0.0478679124570639,False
SDA_BACSU,46,40,Norm. Target Mean (Round),0.7493608772089654,False
SDA_BACSU,46,20,Norm. Target Mean (Cumulative),-0.0478679124570639,False
SDA_BACSU,46,20,Top 10% peptides selected (%),1.083032490974729,False
SDA_BACSU,46,20,Remaining Top10 Quality,0.9998205380783609,False
SDA_BACSU,46,60,Norm. Target Mean (Round),0.7512675176845205,False
SDA_BACSU,46,40,Norm. Target Mean (Cumulative),0.3745926994283122,False
SDA_BACSU,46,40,Top 10% peptides selected (%),6.859205776173286,False
SDA_BACSU,46,40,Remaining Top10 Quality,0.9925560273687738,False
SDA_BACSU,46,80,Norm. Target Mean (Round),0.7135645793889702,False
SDA_BACSU,46,60,Norm. Target Mean (Cumulative),0.5350040236734335,False
SDA_BACSU,46,60,Top 10% peptides selected (%),11.552346570397113,False
SDA_BACSU,46,60,Remaining Top10 Quality,0.9802516332721362,False
SDA_BACSU,46,100,Norm. Target Mean (Round),0.7530361539449775,False
SDA_BACSU,46,80,Norm. Target Mean (Cumulative),0.6026652205119059,False
SDA_BACSU,46,80,Top 10% peptides selected (%),15.523465703971121,False
SDA_BACSU,46,80,Remaining Top10 Quality,0.9706908630140885,False
SDA_BACSU,46,120,Norm. Target Mean (Round),0.833024033305399,False
SDA_BACSU,46,100,Norm. Target Mean (Cumulative),0.6488506176426434,False
SDA_BACSU,46,100,Top 10% peptides selected (%),20.938628158844764,False
SDA_BACSU,46,100,Remaining Top10 Quality,0.9641833319042514,False
SDA_BACSU,46,140,Norm. Target Mean (Round),0.8621583874922144,False
SDA_BACSU,46,120,Norm. Target Mean (Cumulative),0.6963442290020799,False
SDA_BACSU,46,120,Top 10% peptides selected (%),25.63176895306859,False
SDA_BACSU,46,120,Remaining Top10 Quality,0.956542214185841,False
SDA_BACSU,46,160,Norm. Target Mean (Round),0.8487636936903706,False
SDA_BACSU,46,140,Norm. Target Mean (Cumulative),0.7357656972027341,False
SDA_BACSU,46,140,Top 10% peptides selected (%),31.768953068592058,False
SDA_BACSU,46,140,Remaining Top10 Quality,0.9460243461777162,False
SDA_BACSU,46,180,Norm. Target Mean (Round),0.8709081003026469,False
SDA_BACSU,46,160,Norm. Target Mean (Cumulative),0.7645750887633538,False
SDA_BACSU,46,160,Top 10% peptides selected (%),37.90613718411552,False
SDA_BACSU,46,160,Remaining Top10 Quality,0.9346637609877867,False
SDA_BACSU,46,200,Norm. Target Mean (Round),0.8422360816791897,False
SDA_BACSU,46,180,Norm. Target Mean (Cumulative),0.790740798923827,False
SDA_BACSU,46,180,Top 10% peptides selected (%),43.682310469314075,False
SDA_BACSU,46,180,Remaining Top10 Quality,0.9215540271875702,False
SDA_BACSU,46,200,Norm. Target Mean (Cumulative),0.8095924560861107,False
SDA_BACSU,46,200,Top 10% peptides selected (%),49.458483754512635,False
SDA_BACSU,46,200,Remaining Top10 Quality,0.9215540271875702,False
SDA_BACSU,42,20,Norm. Target Mean (Round),0.02865061853607748,False
SDA_BACSU,42,40,Norm. Target Mean (Round),0.7908843511225742,False
SDA_BACSU,42,20,Norm. Target Mean (Cumulative),0.02865061853607748,False
SDA_BACSU,42,20,Top 10% peptides selected (%),1.083032490974729,False
SDA_BACSU,42,20,Remaining Top10 Quality,0.9996317919390935,False
SDA_BACSU,42,60,Norm. Target Mean (Round),0.8181675115052492,False
SDA_BACSU,42,40,Norm. Target Mean (Cumulative),0.4375486733336769,False
SDA_BACSU,42,40,Top 10% peptides selected (%),7.581227436823104,False
SDA_BACSU,42,40,Remaining Top10 Quality,0.9908709478742033,False
SDA_BACSU,42,80,Norm. Target Mean (Round),0.8518322044414013,False
SDA_BACSU,42,60,Norm. Target Mean (Cumulative),0.6025475763372774,False
SDA_BACSU,42,60,Top 10% peptides selected (%),14.440433212996389,False
SDA_BACSU,42,60,Remaining Top10 Quality,0.9785365661634325,False
SDA_BACSU,42,100,Norm. Target Mean (Round),0.8717480596373977,False
SDA_BACSU,42,80,Norm. Target Mean (Cumulative),0.6986192035742884,False
SDA_BACSU,42,80,Top 10% peptides selected (%),20.216606498194945,False
SDA_BACSU,42,80,Remaining Top10 Quality,0.9644538154272134,False
SDA_BACSU,42,120,Norm. Target Mean (Round),0.8318901908296604,False
SDA_BACSU,42,100,Norm. Target Mean (Cumulative),0.7572447707996945,False
SDA_BACSU,42,100,Top 10% peptides selected (%),26.353790613718413,False
SDA_BACSU,42,100,Remaining Top10 Quality,0.9512838062602795,False
SDA_BACSU,42,140,Norm. Target Mean (Round),0.8019821198345386,False
SDA_BACSU,42,120,Norm. Target Mean (Cumulative),0.7878702092705485,False
SDA_BACSU,42,120,Top 10% peptides selected (%),32.49097472924188,False
SDA_BACSU,42,120,Remaining Top10 Quality,0.9416316731018687,False
SDA_BACSU,42,160,Norm. Target Mean (Round),0.8369008206201101,False
SDA_BACSU,42,140,Norm. Target Mean (Cumulative),0.8065265984538637,False
SDA_BACSU,42,140,Top 10% peptides selected (%),37.545126353790614,False
SDA_BACSU,42,140,Remaining Top10 Quality,0.9342344722681346,False
SDA_BACSU,42,180,Norm. Target Mean (Round),0.8599657063327791,False
SDA_BACSU,42,160,Norm. Target Mean (Cumulative),0.8269207985877441,False
SDA_BACSU,42,160,Top 10% peptides selected (%),43.32129963898917,False
SDA_BACSU,42,160,Remaining Top10 Quality,0.9237271651902093,False
SDA_BACSU,42,200,Norm. Target Mean (Round),0.8493760055350217,False
SDA_BACSU,42,180,Norm. Target Mean (Cumulative),0.8465252544920054,False
SDA_BACSU,42,180,Top 10% peptides selected (%),49.458483754512635,False
SDA_BACSU,42,180,Remaining Top10 Quality,0.910147437928141,False
SDA_BACSU,42,200,Norm. Target Mean (Cumulative),0.8612143907354637,False
SDA_BACSU,42,200,Top 10% peptides selected (%),54.87364620938629,False
SDA_BACSU,42,200,Remaining Top10 Quality,0.910147437928141,False
SDA_BACSU,51,20,Norm. Target Mean (Round),0.08669224795354855,False
SDA_BACSU,51,40,Norm. Target Mean (Round),0.8778942116024022,False
SDA_BACSU,51,20,Norm. Target Mean (Cumulative),0.08669224795354855,False
SDA_BACSU,51,20,Top 10% peptides selected (%),0.7220216606498195,False
SDA_BACSU,51,20,Remaining Top10 Quality,1.0005959898276928,False
SDA_BACSU,51,60,Norm. Target Mean (Round),0.8029551761368116,False
SDA_BACSU,51,40,Norm. Target Mean (Cumulative),0.5149777559011587,False
SDA_BACSU,51,40,Top 10% peptides selected (%),7.2202166064981945,False
SDA_BACSU,51,40,Remaining Top10 Quality,0.9841766647540637,False
SDA_BACSU,51,80,Norm. Target Mean (Round),0.6833003667248266,False
SDA_BACSU,51,60,Norm. Target Mean (Cumulative),0.635137404887084,False
SDA_BACSU,51,60,Top 10% peptides selected (%),14.079422382671481,False
SDA_BACSU,51,60,Remaining Top10 Quality,0.9732839039519494,False
SDA_BACSU,51,100,Norm. Target Mean (Round),0.8026631734701346,False
SDA_BACSU,51,80,Norm. Target Mean (Cumulative),0.668869198939405,False
SDA_BACSU,51,80,Top 10% peptides selected (%),18.050541516245488,False
SDA_BACSU,51,80,Remaining Top10 Quality,0.9693527965011883,False
SDA_BACSU,51,120,Norm. Target Mean (Round),0.7967638955987347,False
SDA_BACSU,51,100,Norm. Target Mean (Cumulative),0.7167726718203488,False
SDA_BACSU,51,100,Top 10% peptides selected (%),22.743682310469314,False
SDA_BACSU,51,100,Remaining Top10 Quality,0.9627335666323059,False
SDA_BACSU,51,140,Norm. Target Mean (Round),0.7660812603205447,False
SDA_BACSU,51,120,Norm. Target Mean (Cumulative),0.7499506109833696,False
SDA_BACSU,51,120,Top 10% peptides selected (%),27.436823104693143,False
SDA_BACSU,51,120,Remaining Top10 Quality,0.9546032726812986,False
SDA_BACSU,51,160,Norm. Target Mean (Round),0.8038144277220521,False
SDA_BACSU,51,140,Norm. Target Mean (Cumulative),0.7700275000606629,False
SDA_BACSU,51,140,Top 10% peptides selected (%),32.49097472924188,False
SDA_BACSU,51,140,Remaining Top10 Quality,0.9470449993285228,False
SDA_BACSU,51,180,Norm. Target Mean (Round),0.82430742510299,False
SDA_BACSU,51,160,Norm. Target Mean (Cumulative),0.7918162949443674,False
SDA_BACSU,51,160,Top 10% peptides selected (%),38.26714801444043,False
SDA_BACSU,51,160,Remaining Top10 Quality,0.9375569925768835,False
SDA_BACSU,51,200,Norm. Target Mean (Round),0.8074715275745967,False
SDA_BACSU,51,180,Norm. Target Mean (Cumulative),0.8124953900573458,False
SDA_BACSU,51,180,Top 10% peptides selected (%),43.32129963898917,False
SDA_BACSU,51,180,Remaining Top10 Quality,0.9264944249408265,False
SDA_BACSU,51,200,Norm. Target Mean (Cumulative),0.8278746184149507,False
SDA_BACSU,51,200,Top 10% peptides selected (%),47.65342960288809,False
SDA_BACSU,51,200,Remaining Top10 Quality,0.9264944249408265,False
SDA_BACSU,43,20,Norm. Target Mean (Round),0.005502329220172787,False
SDA_BACSU,43,40,Norm. Target Mean (Round),0.8319413939628059,False
SDA_BACSU,43,20,Norm. Target Mean (Cumulative),0.005502329220172787,False
SDA_BACSU,43,20,Top 10% peptides selected (%),0.36101083032490977,False
SDA_BACSU,43,20,Remaining Top10 Quality,1.0005417247347725,False
SDA_BACSU,43,60,Norm. Target Mean (Round),0.8776528440306325,False
SDA_BACSU,43,40,Norm. Target Mean (Cumulative),0.44713031641669176,False
SDA_BACSU,43,40,Top 10% peptides selected (%),7.2202166064981945,False
SDA_BACSU,43,40,Remaining Top10 Quality,0.9889443111052336,False
SDA_BACSU,43,80,Norm. Target Mean (Round),0.7009937106046576,False
SDA_BACSU,43,60,Norm. Target Mean (Cumulative),0.6256771285836887,False
SDA_BACSU,43,60,Top 10% peptides selected (%),13.718411552346572,False
SDA_BACSU,43,60,Remaining Top10 Quality,0.9734056038099526,False
SDA_BACSU,43,100,Norm. Target Mean (Round),0.7905364239709396,False
SDA_BACSU,43,80,Norm. Target Mean (Cumulative),0.6676285961962113,False
SDA_BACSU,43,80,Top 10% peptides selected (%),17.689530685920577,False
SDA_BACSU,43,80,Remaining Top10 Quality,0.9673849252693536,False
SDA_BACSU,43,120,Norm. Target Mean (Round),0.7885718019995945,False
SDA_BACSU,43,100,Norm. Target Mean (Cumulative),0.7137403763974691,False
SDA_BACSU,43,100,Top 10% peptides selected (%),22.743682310469314,False
SDA_BACSU,43,100,Remaining Top10 Quality,0.9608416765997797,False
SDA_BACSU,43,140,Norm. Target Mean (Round),0.73891862497945,False
SDA_BACSU,43,120,Norm. Target Mean (Cumulative),0.7461497210187357,False
SDA_BACSU,43,120,Top 10% peptides selected (%),28.158844765342963,False
SDA_BACSU,43,120,Remaining Top10 Quality,0.9539247006902556,False
SDA_BACSU,43,160,Norm. Target Mean (Round),0.819893370226845,False
SDA_BACSU,43,140,Norm. Target Mean (Cumulative),0.7628326627605736,False
SDA_BACSU,43,140,Top 10% peptides selected (%),32.49097472924188,False
SDA_BACSU,43,140,Remaining Top10 Quality,0.9464896051202398,False
SDA_BACSU,43,180,Norm. Target Mean (Round),0.8530299516540267,False
SDA_BACSU,43,160,Norm. Target Mean (Cumulative),0.7881522801530945,False
SDA_BACSU,43,160,Top 10% peptides selected (%),38.26714801444043,False
SDA_BACSU,43,160,Remaining Top10 Quality,0.9358575776734125,False
SDA_BACSU,43,200,Norm. Target Mean (Round),0.8404608359389086,False
SDA_BACSU,43,180,Norm. Target Mean (Cumulative),0.8125236939614182,False
SDA_BACSU,43,180,Top 10% peptides selected (%),44.4043321299639,False
SDA_BACSU,43,180,Remaining Top10 Quality,0.922331881306524,False
SDA_BACSU,43,200,Norm. Target Mean (Cumulative),0.8309301175203084,False
SDA_BACSU,43,200,Top 10% peptides selected (%),49.81949458483754,False
SDA_BACSU,43,200,Remaining Top10 Quality,0.922331881306524,False
FKBP3_HUMAN,51,20,Norm. Target Mean (Round),0.16021796298064306,False
FKBP3_HUMAN,51,40,Norm. Target Mean (Round),0.19242354172903578,False
FKBP3_HUMAN,51,20,Norm. Target Mean (Cumulative),0.16021796298064306,False
FKBP3_HUMAN,51,20,Top 10% peptides selected (%),1.6129032258064515,False
FKBP3_HUMAN,51,20,Remaining Top10 Quality,1.0015718230564985,False
FKBP3_HUMAN,51,60,Norm. Target Mean (Round),0.312467208768732,False
FKBP3_HUMAN,51,40,Norm. Target Mean (Cumulative),0.200592718612213,False
FKBP3_HUMAN,51,40,Top 10% peptides selected (%),4.838709677419355,False
FKBP3_HUMAN,51,40,Remaining Top10 Quality,1.003669783522634,False
FKBP3_HUMAN,51,80,Norm. Target Mean (Round),0.42087169928639695,False
FKBP3_HUMAN,51,60,Norm. Target Mean (Cumulative),0.2724592104582305,False
FKBP3_HUMAN,51,60,Top 10% peptides selected (%),8.064516129032258,False
FKBP3_HUMAN,51,60,Remaining Top10 Quality,0.9996485512539837,False
FKBP3_HUMAN,51,100,Norm. Target Mean (Round),0.35835912093032074,False
FKBP3_HUMAN,51,80,Norm. Target Mean (Cumulative),0.3518650327581451,False
FKBP3_HUMAN,51,80,Top 10% peptides selected (%),11.29032258064516,False
FKBP3_HUMAN,51,80,Remaining Top10 Quality,0.9968908566072848,False
FKBP3_HUMAN,51,120,Norm. Target Mean (Round),0.417558489730209,False
FKBP3_HUMAN,51,100,Norm. Target Mean (Cumulative),0.3884074802307818,False
FKBP3_HUMAN,51,100,Top 10% peptides selected (%),14.516129032258066,False
FKBP3_HUMAN,51,100,Remaining Top10 Quality,0.9935801919267352,False
FKBP3_HUMAN,51,140,Norm. Target Mean (Round),0.6040452325309095,False
FKBP3_HUMAN,51,120,Norm. Target Mean (Cumulative),0.4309714309429959,False
FKBP3_HUMAN,51,120,Top 10% peptides selected (%),20.161290322580644,False
FKBP3_HUMAN,51,120,Remaining Top10 Quality,0.9694138785700575,False
FKBP3_HUMAN,51,160,Norm. Target Mean (Round),0.39666373326354987,False
FKBP3_HUMAN,51,140,Norm. Target Mean (Cumulative),0.49769728739499136,False
FKBP3_HUMAN,51,140,Top 10% peptides selected (%),27.419354838709676,False
FKBP3_HUMAN,51,140,Remaining Top10 Quality,0.9427696237912423,False
FKBP3_HUMAN,51,180,Norm. Target Mean (Round),0.24546856967390954,False
FKBP3_HUMAN,51,160,Norm. Target Mean (Cumulative),0.5095966585013332,False
FKBP3_HUMAN,51,160,Top 10% peptides selected (%),30.64516129032258,False
FKBP3_HUMAN,51,160,Remaining Top10 Quality,0.9289520109395876,False
FKBP3_HUMAN,51,200,Norm. Target Mean (Round),0.4641121065405559,False
FKBP3_HUMAN,51,180,Norm. Target Mean (Cumulative),0.49460837017715625,False
FKBP3_HUMAN,51,180,Top 10% peptides selected (%),30.64516129032258,False
FKBP3_HUMAN,51,180,Remaining Top10 Quality,0.9321799842848577,False
FKBP3_HUMAN,51,200,Norm. Target Mean (Cumulative),0.5149952243040836,False
FKBP3_HUMAN,51,200,Top 10% peptides selected (%),35.483870967741936,False
FKBP3_HUMAN,51,200,Remaining Top10 Quality,0.9321799842848577,False
SDA_BACSU,44,20,Norm. Target Mean (Round),0.08244147070299084,False
SDA_BACSU,44,40,Norm. Target Mean (Round),0.5442914473596356,False
SDA_BACSU,44,20,Norm. Target Mean (Cumulative),0.08244147070299084,False
SDA_BACSU,44,20,Top 10% peptides selected (%),1.444043321299639,False
SDA_BACSU,44,20,Remaining Top10 Quality,0.9997751700245598,False
SDA_BACSU,44,60,Norm. Target Mean (Round),0.7412356789830435,False
SDA_BACSU,44,40,Norm. Target Mean (Cumulative),0.3344838103674576,False
SDA_BACSU,44,40,Top 10% peptides selected (%),5.054151624548736,False
SDA_BACSU,44,40,Remaining Top10 Quality,0.9914108113872779,False
SDA_BACSU,44,80,Norm. Target Mean (Round),0.7798170359114538,False
SDA_BACSU,44,60,Norm. Target Mean (Cumulative),0.49625350966291804,False
SDA_BACSU,44,60,Top 10% peptides selected (%),9.747292418772563,False
SDA_BACSU,44,60,Remaining Top10 Quality,0.9861211022087135,False
SDA_BACSU,44,100,Norm. Target Mean (Round),0.7790241283856615,False
SDA_BACSU,44,80,Norm. Target Mean (Cumulative),0.595144676353183,False
SDA_BACSU,44,80,Top 10% peptides selected (%),15.162454873646208,False
SDA_BACSU,44,80,Remaining Top10 Quality,0.9799432770108416,False
SDA_BACSU,44,120,Norm. Target Mean (Round),0.7794580753723949,False
SDA_BACSU,44,100,Norm. Target Mean (Cumulative),0.658023594642162,False
SDA_BACSU,44,100,Top 10% peptides selected (%),19.855595667870034,False
SDA_BACSU,44,100,Remaining Top10 Quality,0.973831600343458,False
SDA_BACSU,44,140,Norm. Target Mean (Round),0.8058263467948911,False
SDA_BACSU,44,120,Norm. Target Mean (Cumulative),0.7023757473072325,False
SDA_BACSU,44,120,Top 10% peptides selected (%),25.63176895306859,False
SDA_BACSU,44,120,Remaining Top10 Quality,0.965757586573109,False
SDA_BACSU,44,160,Norm. Target Mean (Round),0.8036957244314289,False
SDA_BACSU,44,140,Norm. Target Mean (Cumulative),0.7402580209553417,False
SDA_BACSU,44,140,Top 10% peptides selected (%),32.12996389891697,False
SDA_BACSU,44,140,Remaining Top10 Quality,0.954645639325423,False
SDA_BACSU,44,180,Norm. Target Mean (Round),0.7910850553298773,False
SDA_BACSU,44,160,Norm. Target Mean (Cumulative),0.7690097624937966,False
SDA_BACSU,44,160,Top 10% peptides selected (%),36.8231046931408,False
SDA_BACSU,44,160,Remaining Top10 Quality,0.9427717492768366,False
SDA_BACSU,44,200,Norm. Target Mean (Round),0.7692050716219642,False
SDA_BACSU,44,180,Norm. Target Mean (Cumulative),0.7890411858915715,False
SDA_BACSU,44,180,Top 10% peptides selected (%),41.87725631768953,False
SDA_BACSU,44,180,Remaining Top10 Quality,0.9329892742412171,False
SDA_BACSU,44,200,Norm. Target Mean (Cumulative),0.8036732988753749,False
SDA_BACSU,44,200,Top 10% peptides selected (%),46.57039711191336,False
SDA_BACSU,44,200,Remaining Top10 Quality,0.9329892742412171,False
FKBP3_HUMAN,48,20,Norm. Target Mean (Round),0.15955101962665943,False
FKBP3_HUMAN,48,40,Norm. Target Mean (Round),0.15226557931255114,False
FKBP3_HUMAN,48,20,Norm. Target Mean (Cumulative),0.15955101962665943,False
FKBP3_HUMAN,48,20,Top 10% peptides selected (%),1.6129032258064515,False
FKBP3_HUMAN,48,20,Remaining Top10 Quality,1.0020182997311387,False
FKBP3_HUMAN,48,60,Norm. Target Mean (Round),-0.836221568890474,False
FKBP3_HUMAN,48,40,Norm. Target Mean (Cumulative),0.17717425953482643,False
FKBP3_HUMAN,48,40,Top 10% peptides selected (%),3.225806451612903,False
FKBP3_HUMAN,48,40,Remaining Top10 Quality,1.000631533085561,False
FKBP3_HUMAN,48,80,Norm. Target Mean (Round),0.20636506134260266,False
FKBP3_HUMAN,48,60,Norm. Target Mean (Cumulative),-0.22068701360809206,False
FKBP3_HUMAN,48,60,Top 10% peptides selected (%),3.225806451612903,False
FKBP3_HUMAN,48,60,Remaining Top10 Quality,1.0041195107793977,False
FKBP3_HUMAN,48,100,Norm. Target Mean (Round),0.39172254412070495,False
FKBP3_HUMAN,48,80,Norm. Target Mean (Cumulative),-0.10515456203118413,False
FKBP3_HUMAN,48,80,Top 10% peptides selected (%),5.64516129032258,False
FKBP3_HUMAN,48,80,Remaining Top10 Quality,1.0035908114062058,False
FKBP3_HUMAN,48,120,Norm. Target Mean (Round),0.20697442838297034,False
FKBP3_HUMAN,48,100,Norm. Target Mean (Cumulative),0.020065760819636666,False
FKBP3_HUMAN,48,100,Top 10% peptides selected (%),7.258064516129033,False
FKBP3_HUMAN,48,100,Remaining Top10 Quality,1.0053726530293212,False
FKBP3_HUMAN,48,140,Norm. Target Mean (Round),0.34312785618301855,False
FKBP3_HUMAN,48,120,Norm. Target Mean (Cumulative),0.06607270312501498,False
FKBP3_HUMAN,48,120,Top 10% peptides selected (%),8.870967741935484,False
FKBP3_HUMAN,48,120,Remaining Top10 Quality,1.0037313044848093,False
FKBP3_HUMAN,48,160,Norm. Target Mean (Round),0.46856428735524136,False
FKBP3_HUMAN,48,140,Norm. Target Mean (Cumulative),0.12902615736272657,False
FKBP3_HUMAN,48,140,Top 10% peptides selected (%),11.29032258064516,False
FKBP3_HUMAN,48,140,Remaining Top10 Quality,1.0025011617696613,False
FKBP3_HUMAN,48,180,Norm. Target Mean (Round),0.380516648200686,False
FKBP3_HUMAN,48,160,Norm. Target Mean (Cumulative),0.2022263511655026,False
FKBP3_HUMAN,48,160,Top 10% peptides selected (%),17.741935483870968,False
FKBP3_HUMAN,48,160,Remaining Top10 Quality,0.9843839222877102,False
FKBP3_HUMAN,48,200,Norm. Target Mean (Round),0.4499828228967289,False
FKBP3_HUMAN,48,180,Norm. Target Mean (Cumulative),0.24559646521240755,False
FKBP3_HUMAN,48,180,Top 10% peptides selected (%),21.774193548387096,False
FKBP3_HUMAN,48,180,Remaining Top10 Quality,0.9753509621614769,False
FKBP3_HUMAN,48,200,Norm. Target Mean (Cumulative),0.29262316764488666,False
FKBP3_HUMAN,48,200,Top 10% peptides selected (%),27.419354838709676,False
FKBP3_HUMAN,48,200,Remaining Top10 Quality,0.9753509621614769,False
SDA_BACSU,50,20,Norm. Target Mean (Round),0.1631453721493346,False
SDA_BACSU,50,40,Norm. Target Mean (Round),0.643724058838153,False
SDA_BACSU,50,20,Norm. Target Mean (Cumulative),0.1631453721493346,False
SDA_BACSU,50,20,Top 10% peptides selected (%),1.083032490974729,False
SDA_BACSU,50,20,Remaining Top10 Quality,1.000415174249633,False
SDA_BACSU,50,60,Norm. Target Mean (Round),0.8596400213278838,False
SDA_BACSU,50,40,Norm. Target Mean (Cumulative),0.43058375903440854,False
SDA_BACSU,50,40,Top 10% peptides selected (%),5.054151624548736,False
SDA_BACSU,50,40,Remaining Top10 Quality,0.9915606469907428,False
SDA_BACSU,50,80,Norm. Target Mean (Round),0.7999853136356965,False
SDA_BACSU,50,60,Norm. Target Mean (Cumulative),0.6044044696449807,False
SDA_BACSU,50,60,Top 10% peptides selected (%),10.830324909747292,False
SDA_BACSU,50,60,Remaining Top10 Quality,0.9774019082516054,False
SDA_BACSU,50,100,Norm. Target Mean (Round),0.8693711160728389,False
SDA_BACSU,50,80,Norm. Target Mean (Cumulative),0.6740896827865855,False
SDA_BACSU,50,80,Top 10% peptides selected (%),16.24548736462094,False
SDA_BACSU,50,80,Remaining Top10 Quality,0.9712644159595314,False
SDA_BACSU,50,120,Norm. Target Mean (Round),0.8018959388681749,False
SDA_BACSU,50,100,Norm. Target Mean (Cumulative),0.7340095373135306,False
SDA_BACSU,50,100,Top 10% peptides selected (%),22.743682310469314,False
SDA_BACSU,50,100,Remaining Top10 Quality,0.960194131084525,False
SDA_BACSU,50,140,Norm. Target Mean (Round),0.7042438383431501,False
SDA_BACSU,50,120,Norm. Target Mean (Cumulative),0.7618464884372212,False
SDA_BACSU,50,120,Top 10% peptides selected (%),28.880866425992778,False
SDA_BACSU,50,120,Remaining Top10 Quality,0.9500958287082059,False
SDA_BACSU,50,160,Norm. Target Mean (Round),0.8908357455262248,False
SDA_BACSU,50,140,Norm. Target Mean (Cumulative),0.7672241923586479,False
SDA_BACSU,50,140,Top 10% peptides selected (%),31.768953068592058,False
SDA_BACSU,50,140,Remaining Top10 Quality,0.944876437791746,False
SDA_BACSU,50,180,Norm. Target Mean (Round),0.8579047662619068,False
SDA_BACSU,50,160,Norm. Target Mean (Cumulative),0.7981071054579449,False
SDA_BACSU,50,160,Top 10% peptides selected (%),38.98916967509025,False
SDA_BACSU,50,160,Remaining Top10 Quality,0.931336067444982,False
SDA_BACSU,50,200,Norm. Target Mean (Round),0.8422372126375409,False
SDA_BACSU,50,180,Norm. Target Mean (Cumulative),0.8186903195917675,False
SDA_BACSU,50,180,Top 10% peptides selected (%),44.765342960288805,False
SDA_BACSU,50,180,Remaining Top10 Quality,0.9198962615657383,False
SDA_BACSU,50,200,Norm. Target Mean (Cumulative),0.8339770947121835,False
SDA_BACSU,50,200,Top 10% peptides selected (%),49.81949458483754,False
SDA_BACSU,50,200,Remaining Top10 Quality,0.9198962615657383,False
SDA_BACSU,45,20,Norm. Target Mean (Round),-0.019649893401705698,False
SDA_BACSU,45,40,Norm. Target Mean (Round),0.901902042532846,False
SDA_BACSU,45,20,Norm. Target Mean (Cumulative),-0.019649893401705698,False
SDA_BACSU,45,20,Top 10% peptides selected (%),0.0,False
SDA_BACSU,45,20,Remaining Top10 Quality,1.0008095644907211,False
SDA_BACSU,45,60,Norm. Target Mean (Round),0.8183642589647012,False
SDA_BACSU,45,40,Norm. Target Mean (Cumulative),0.4710658256948122,False
SDA_BACSU,45,40,Top 10% peptides selected (%),6.137184115523466,False
SDA_BACSU,45,40,Remaining Top10 Quality,0.9819314118572743,False
SDA_BACSU,45,80,Norm. Target Mean (Round),0.866383223802513,False
SDA_BACSU,45,60,Norm. Target Mean (Cumulative),0.6001879720714408,False
SDA_BACSU,45,60,Top 10% peptides selected (%),11.913357400722022,False
SDA_BACSU,45,60,Remaining Top10 Quality,0.9722885489444341,False
SDA_BACSU,45,100,Norm. Target Mean (Round),0.8457893893501918,False
SDA_BACSU,45,80,Norm. Target Mean (Cumulative),0.6809292962131928,False
SDA_BACSU,45,80,Top 10% peptides selected (%),18.050541516245488,False
SDA_BACSU,45,80,Remaining Top10 Quality,0.9632962461725274,False
SDA_BACSU,45,120,Norm. Target Mean (Round),0.3910351419717339,False
SDA_BACSU,45,100,Norm. Target Mean (Cumulative),0.7287679859456547,False
SDA_BACSU,45,100,Top 10% peptides selected (%),23.465703971119133,False
SDA_BACSU,45,100,Remaining Top10 Quality,0.9558721178228399,False
SDA_BACSU,45,140,Norm. Target Mean (Round),0.832340675003735,False
SDA_BACSU,45,120,Norm. Target Mean (Cumulative),0.6814961186386495,False
SDA_BACSU,45,120,Top 10% peptides selected (%),24.548736462093864,False
SDA_BACSU,45,120,Remaining Top10 Quality,0.9559999464594288,False
SDA_BACSU,45,160,Norm. Target Mean (Round),0.7727495598600715,False
SDA_BACSU,45,140,Norm. Target Mean (Cumulative),0.7163097264724142,False
SDA_BACSU,45,140,Top 10% peptides selected (%),29.96389891696751,False
SDA_BACSU,45,140,Remaining Top10 Quality,0.946792355588132,False
SDA_BACSU,45,180,Norm. Target Mean (Round),0.8398721866028143,False
SDA_BACSU,45,160,Norm. Target Mean (Cumulative),0.7355646991376256,False
SDA_BACSU,45,160,Top 10% peptides selected (%),34.65703971119133,False
SDA_BACSU,45,160,Remaining Top10 Quality,0.9390937743188154,False
SDA_BACSU,45,200,Norm. Target Mean (Round),0.8696575608738568,False
SDA_BACSU,45,180,Norm. Target Mean (Cumulative),0.7594077883666766,False
SDA_BACSU,45,180,Top 10% peptides selected (%),40.43321299638989,False
SDA_BACSU,45,180,Remaining Top10 Quality,0.9286883141841443,False
SDA_BACSU,45,200,Norm. Target Mean (Cumulative),0.7824072908801473,False
SDA_BACSU,45,200,Top 10% peptides selected (%),45.84837545126354,False
SDA_BACSU,45,200,Remaining Top10 Quality,0.9286883141841443,False
SDA_BACSU,47,20,Norm. Target Mean (Round),0.16013516469499348,False
SDA_BACSU,47,40,Norm. Target Mean (Round),0.7291823198549222,False
SDA_BACSU,47,20,Norm. Target Mean (Cumulative),0.16013516469499348,False
SDA_BACSU,47,20,Top 10% peptides selected (%),0.7220216606498195,False
SDA_BACSU,47,20,Remaining Top10 Quality,0.9995300596672864,False
SDA_BACSU,47,60,Norm. Target Mean (Round),0.813120748079388,False
SDA_BACSU,47,40,Norm. Target Mean (Cumulative),0.47466231433328504,False
SDA_BACSU,47,40,Top 10% peptides selected (%),6.137184115523466,False
SDA_BACSU,47,40,Remaining Top10 Quality,0.9949054175319627,False
SDA_BACSU,47,80,Norm. Target Mean (Round),0.5466906351764663,False
SDA_BACSU,47,60,Norm. Target Mean (Cumulative),0.6270977533450859,False
SDA_BACSU,47,60,Top 10% peptides selected (%),11.913357400722022,False
SDA_BACSU,47,60,Remaining Top10 Quality,0.9828650623947399,False
SDA_BACSU,47,100,Norm. Target Mean (Round),0.7374414335664758,False
SDA_BACSU,47,80,Norm. Target Mean (Cumulative),0.6321575843911394,False
SDA_BACSU,47,80,Top 10% peptides selected (%),15.162454873646208,False
SDA_BACSU,47,80,Remaining Top10 Quality,0.9775756789028163,False
SDA_BACSU,47,120,Norm. Target Mean (Round),0.9156537612969012,False
SDA_BACSU,47,100,Norm. Target Mean (Cumulative),0.6793781590063479,False
SDA_BACSU,47,100,Top 10% peptides selected (%),18.772563176895307,False
SDA_BACSU,47,100,Remaining Top10 Quality,0.9724201920493668,False
SDA_BACSU,47,140,Norm. Target Mean (Round),0.8623957602426725,False
SDA_BACSU,47,120,Norm. Target Mean (Cumulative),0.7460626190250775,False
SDA_BACSU,47,120,Top 10% peptides selected (%),25.63176895306859,False
SDA_BACSU,47,120,Remaining Top10 Quality,0.9534115003165133,False
SDA_BACSU,47,160,Norm. Target Mean (Round),0.8512972433622741,False
SDA_BACSU,47,140,Norm. Target Mean (Cumulative),0.7783350022950764,False
SDA_BACSU,47,140,Top 10% peptides selected (%),32.12996389891697,False
SDA_BACSU,47,140,Remaining Top10 Quality,0.9428663152970145,False
SDA_BACSU,47,180,Norm. Target Mean (Round),0.8531330081383779,False
SDA_BACSU,47,160,Norm. Target Mean (Cumulative),0.8022981429397456,False
SDA_BACSU,47,160,Top 10% peptides selected (%),37.545126353790614,False
SDA_BACSU,47,160,Remaining Top10 Quality,0.9326636817858432,False
SDA_BACSU,47,200,Norm. Target Mean (Round),0.8809018380165407,False
SDA_BACSU,47,180,Norm. Target Mean (Cumulative),0.8215890364368875,False
SDA_BACSU,47,180,Top 10% peptides selected (%),44.04332129963899,False
SDA_BACSU,47,180,Remaining Top10 Quality,0.9213931596225566,False
SDA_BACSU,47,200,Norm. Target Mean (Cumulative),0.8415186062253538,False
SDA_BACSU,47,200,Top 10% peptides selected (%),50.90252707581227,False
SDA_BACSU,47,200,Remaining Top10 Quality,0.9213931596225566,False
SDA_BACSU,48,20,Norm. Target Mean (Round),0.08908246234568873,False
SDA_BACSU,48,40,Norm. Target Mean (Round),0.6698301518548291,False
SDA_BACSU,48,20,Norm. Target Mean (Cumulative),0.08908246234568873,False
SDA_BACSU,48,20,Top 10% peptides selected (%),1.8050541516245486,False
SDA_BACSU,48,20,Remaining Top10 Quality,0.9993902701653586,False
SDA_BACSU,48,60,Norm. Target Mean (Round),0.8790094019891385,False
SDA_BACSU,48,40,Norm. Target Mean (Cumulative),0.40508980783557497,False
SDA_BACSU,48,40,Top 10% peptides selected (%),5.776173285198556,False
SDA_BACSU,48,40,Remaining Top10 Quality,0.9957943491748817,False
SDA_BACSU,48,80,Norm. Target Mean (Round),0.8594299803314804,False
SDA_BACSU,48,60,Norm. Target Mean (Cumulative),0.6035498289674618,False
SDA_BACSU,48,60,Top 10% peptides selected (%),12.63537906137184,False
SDA_BACSU,48,60,Remaining Top10 Quality,0.9788142237836245,False
SDA_BACSU,48,100,Norm. Target Mean (Round),0.8269239168686063,False
SDA_BACSU,48,80,Norm. Target Mean (Cumulative),0.6971381329805078,False
SDA_BACSU,48,80,Top 10% peptides selected (%),19.494584837545126,False
SDA_BACSU,48,80,Remaining Top10 Quality,0.9666431174974209,False
SDA_BACSU,48,120,Norm. Target Mean (Round),0.7721187555152996,False
SDA_BACSU,48,100,Norm. Target Mean (Cumulative),0.745641461691165,False
SDA_BACSU,48,100,Top 10% peptides selected (%),25.27075812274368,False
SDA_BACSU,48,100,Remaining Top10 Quality,0.957379494973126,False
SDA_BACSU,48,140,Norm. Target Mean (Round),0.7890576841349635,False
SDA_BACSU,48,120,Norm. Target Mean (Cumulative),0.7694484321387437,False
SDA_BACSU,48,120,Top 10% peptides selected (%),31.40794223826715,False
SDA_BACSU,48,120,Remaining Top10 Quality,0.947996800010959,False
SDA_BACSU,48,160,Norm. Target Mean (Round),0.8089909068008891,False
SDA_BACSU,48,140,Norm. Target Mean (Cumulative),0.7903102733415114,False
SDA_BACSU,48,140,Top 10% peptides selected (%),35.74007220216607,False
SDA_BACSU,48,140,Remaining Top10 Quality,0.9405385712532025,False
SDA_BACSU,48,180,Norm. Target Mean (Round),0.8101857019904195,False
SDA_BACSU,48,160,Norm. Target Mean (Cumulative),0.8100375248162677,False
SDA_BACSU,48,160,Top 10% peptides selected (%),41.87725631768953,False
SDA_BACSU,48,160,Remaining Top10 Quality,0.9297792313097285,False
SDA_BACSU,48,200,Norm. Target Mean (Round),0.8157883488212547,False
SDA_BACSU,48,180,Norm. Target Mean (Cumulative),0.8263212805585309,False
SDA_BACSU,48,180,Top 10% peptides selected (%),46.931407942238266,False
SDA_BACSU,48,180,Remaining Top10 Quality,0.9185718965451305,False
SDA_BACSU,48,200,Norm. Target Mean (Cumulative),0.8409911563273367,False
SDA_BACSU,48,200,Top 10% peptides selected (%),52.34657039711191,False
SDA_BACSU,48,200,Remaining Top10 Quality,0.9185718965451305,False
SDA_BACSU,49,20,Norm. Target Mean (Round),-0.21460281995582262,False
SDA_BACSU,49,40,Norm. Target Mean (Round),0.7616097598850277,False
SDA_BACSU,49,20,Norm. Target Mean (Cumulative),-0.21460281995582262,False
SDA_BACSU,49,20,Top 10% peptides selected (%),0.0,False
SDA_BACSU,49,20,Remaining Top10 Quality,1.0008095644907211,False
SDA_BACSU,49,60,Norm. Target Mean (Round),0.7540269626438397,False
SDA_BACSU,49,40,Norm. Target Mean (Cumulative),0.2922604914425503,False
SDA_BACSU,49,40,Top 10% peptides selected (%),5.054151624548736,False
SDA_BACSU,49,40,Remaining Top10 Quality,0.9927335797452621,False
SDA_BACSU,49,80,Norm. Target Mean (Round),0.35292712609393123,False
SDA_BACSU,49,60,Norm. Target Mean (Cumulative),0.4718296243991915,False
SDA_BACSU,49,60,Top 10% peptides selected (%),10.469314079422382,False
SDA_BACSU,49,60,Remaining Top10 Quality,0.9793699761561457,False
SDA_BACSU,49,100,Norm. Target Mean (Round),0.8783216027834024,False
SDA_BACSU,49,80,Norm. Target Mean (Cumulative),0.454096800475051,False
SDA_BACSU,49,80,Top 10% peptides selected (%),11.552346570397113,False
SDA_BACSU,49,80,Remaining Top10 Quality,0.9783908401869904,False
SDA_BACSU,49,120,Norm. Target Mean (Round),0.7979621680974566,False
SDA_BACSU,49,100,Norm. Target Mean (Cumulative),0.557287930993219,False
SDA_BACSU,49,100,Top 10% peptides selected (%),17.689530685920577,False
SDA_BACSU,49,100,Remaining Top10 Quality,0.9671678966969447,False
SDA_BACSU,49,140,Norm. Target Mean (Round),0.8582327416946858,False
SDA_BACSU,49,120,Norm. Target Mean (Cumulative),0.6105002694287182,False
SDA_BACSU,49,120,Top 10% peptides selected (%),22.382671480144403,False
SDA_BACSU,49,120,Remaining Top10 Quality,0.9629572163927338,False
SDA_BACSU,49,160,Norm. Target Mean (Round),0.8558173268567508,False
SDA_BACSU,49,140,Norm. Target Mean (Cumulative),0.6597446175912597,False
SDA_BACSU,49,140,Top 10% peptides selected (%),28.158844765342963,False
SDA_BACSU,49,140,Remaining Top10 Quality,0.9535711821266947,False
SDA_BACSU,49,180,Norm. Target Mean (Round),0.788040440259544,False
SDA_BACSU,49,160,Norm. Target Mean (Cumulative),0.6980696905886625,False
SDA_BACSU,49,160,Top 10% peptides selected (%),33.57400722021661,False
SDA_BACSU,49,160,Remaining Top10 Quality,0.9435349057437795,False
SDA_BACSU,49,200,Norm. Target Mean (Round),0.8141035459164498,False
SDA_BACSU,49,180,Norm. Target Mean (Cumulative),0.7200833817728144,False
SDA_BACSU,49,180,Top 10% peptides selected (%),38.628158844765345,False
SDA_BACSU,49,180,Remaining Top10 Quality,0.9341703043650298,False
SDA_BACSU,49,200,Norm. Target Mean (Cumulative),0.7418568079798653,False
SDA_BACSU,49,200,Top 10% peptides selected (%),42.59927797833935,False
SDA_BACSU,49,200,Remaining Top10 Quality,0.9341703043650298,False
A0A247D711_LISMN,51,20,Norm. Target Mean (Round),-0.31746333900725887,False
A0A247D711_LISMN,51,40,Norm. Target Mean (Round),0.1950088128176976,False
A0A247D711_LISMN,51,20,Norm. Target Mean (Cumulative),-0.31746333900725887,False
A0A247D711_LISMN,51,20,Top 10% peptides selected (%),1.2048192771084338,False
A0A247D711_LISMN,51,20,Remaining Top10 Quality,1.0005145456286493,False
A0A247D711_LISMN,51,60,Norm. Target Mean (Round),0.425079408940322,False
A0A247D711_LISMN,51,40,Norm. Target Mean (Cumulative),-0.06104035092368034,False
A0A247D711_LISMN,51,40,Top 10% peptides selected (%),2.4096385542168677,False
A0A247D711_LISMN,51,40,Remaining Top10 Quality,1.0006613732468594,False
A0A247D711_LISMN,51,80,Norm. Target Mean (Round),0.5685013160245774,False
A0A247D711_LISMN,51,60,Norm. Target Mean (Cumulative),0.10666142666540206,False
A0A247D711_LISMN,51,60,Top 10% peptides selected (%),4.216867469879518,False
A0A247D711_LISMN,51,60,Remaining Top10 Quality,1.0012265232321482,False
A0A247D711_LISMN,51,100,Norm. Target Mean (Round),0.4660398174948221,False
A0A247D711_LISMN,51,80,Norm. Target Mean (Cumulative),0.23251184410094108,False
A0A247D711_LISMN,51,80,Top 10% peptides selected (%),6.024096385542169,False
A0A247D711_LISMN,51,80,Remaining Top10 Quality,1.001400168547484,False
A0A247D711_LISMN,51,120,Norm. Target Mean (Round),0.4357039059889072,False
A0A247D711_LISMN,51,100,Norm. Target Mean (Cumulative),0.2892257141081298,False
A0A247D711_LISMN,51,100,Top 10% peptides selected (%),6.626506024096386,False
A0A247D711_LISMN,51,100,Remaining Top10 Quality,1.0017806677050025,False
A0A247D711_LISMN,51,140,Norm. Target Mean (Round),0.5306053409408513,False
A0A247D711_LISMN,51,120,Norm. Target Mean (Cumulative),0.32316193845507823,False
A0A247D711_LISMN,51,120,Top 10% peptides selected (%),7.83132530120482,False
A0A247D711_LISMN,51,120,Remaining Top10 Quality,1.002222568201636,False
A0A247D711_LISMN,51,160,Norm. Target Mean (Round),0.5652344731463556,False
A0A247D711_LISMN,51,140,Norm. Target Mean (Cumulative),0.3642130402734955,False
A0A247D711_LISMN,51,140,Top 10% peptides selected (%),10.843373493975903,False
A0A247D711_LISMN,51,140,Remaining Top10 Quality,1.0010547107752255,False
A0A247D711_LISMN,51,180,Norm. Target Mean (Round),0.49918689975294084,False
A0A247D711_LISMN,51,160,Norm. Target Mean (Cumulative),0.4014463576232127,False
A0A247D711_LISMN,51,160,Top 10% peptides selected (%),12.048192771084338,False
A0A247D711_LISMN,51,160,Remaining Top10 Quality,0.9993925846697719,False
A0A247D711_LISMN,51,200,Norm. Target Mean (Round),0.38336817586278676,False
A0A247D711_LISMN,51,180,Norm. Target Mean (Cumulative),0.42275144174238083,False
A0A247D711_LISMN,51,180,Top 10% peptides selected (%),13.855421686746988,False
A0A247D711_LISMN,51,180,Remaining Top10 Quality,0.9975700748078979,False
A0A247D711_LISMN,51,200,Norm. Target Mean (Cumulative),0.4270309714800975,False
A0A247D711_LISMN,51,200,Top 10% peptides selected (%),16.265060240963855,False
A0A247D711_LISMN,51,200,Remaining Top10 Quality,0.9975700748078979,False
A0A247D711_LISMN,42,20,Norm. Target Mean (Round),-0.06815899818229003,False
A0A247D711_LISMN,42,40,Norm. Target Mean (Round),-0.8647873245870135,False
A0A247D711_LISMN,42,20,Norm. Target Mean (Cumulative),-0.06815899818229003,False
A0A247D711_LISMN,42,20,Top 10% peptides selected (%),0.6024096385542169,False
A0A247D711_LISMN,42,20,Remaining Top10 Quality,1.0008023712185492,False
A0A247D711_LISMN,42,60,Norm. Target Mean (Round),0.5570862903149,False
A0A247D711_LISMN,42,40,Norm. Target Mean (Cumulative),-0.4764510599259005,False
A0A247D711_LISMN,42,40,Top 10% peptides selected (%),0.6024096385542169,False
A0A247D711_LISMN,42,40,Remaining Top10 Quality,1.0021090769468528,False
A0A247D711_LISMN,42,80,Norm. Target Mean (Round),0.43831890685638,False
A0A247D711_LISMN,42,60,Norm. Target Mean (Cumulative),-0.12843269826128276,False
A0A247D711_LISMN,42,60,Top 10% peptides selected (%),1.8072289156626504,False
A0A247D711_LISMN,42,60,Remaining Top10 Quality,1.001882072857593,False
A0A247D711_LISMN,42,100,Norm. Target Mean (Round),0.4881716597672633,False
A0A247D711_LISMN,42,80,Norm. Target Mean (Cumulative),0.019095644634956603,False
A0A247D711_LISMN,42,80,Top 10% peptides selected (%),3.614457831325301,False
A0A247D711_LISMN,42,80,Remaining Top10 Quality,1.0022091990315265,False
A0A247D711_LISMN,42,120,Norm. Target Mean (Round),-0.5488699022649844,False
A0A247D711_LISMN,42,100,Norm. Target Mean (Cumulative),0.12133284853537898,False
A0A247D711_LISMN,42,100,Top 10% peptides selected (%),7.228915662650602,False
A0A247D711_LISMN,42,100,Remaining Top10 Quality,1.0018486063969365,False
A0A247D711_LISMN,42,140,Norm. Target Mean (Round),0.24101907943990827,False
A0A247D711_LISMN,42,120,Norm. Target Mean (Cumulative),-0.00010837191080505605,False
A0A247D711_LISMN,42,120,Top 10% peptides selected (%),7.228915662650602,False
A0A247D711_LISMN,42,120,Remaining Top10 Quality,1.0033387534390943,False
A0A247D711_LISMN,42,160,Norm. Target Mean (Round),0.47912715668423983,False
A0A247D711_LISMN,42,140,Norm. Target Mean (Cumulative),0.03841781764219435,False
A0A247D711_LISMN,42,140,Top 10% peptides selected (%),9.63855421686747,False
A0A247D711_LISMN,42,140,Remaining Top10 Quality,1.0007200801382632,False
A0A247D711_LISMN,42,180,Norm. Target Mean (Round),0.5648981007616802,False
A0A247D711_LISMN,42,160,Norm. Target Mean (Cumulative),0.10178266452804224,False
A0A247D711_LISMN,42,160,Top 10% peptides selected (%),11.44578313253012,False
A0A247D711_LISMN,42,160,Remaining Top10 Quality,1.0010650572948994,False
A0A247D711_LISMN,42,200,Norm. Target Mean (Round),0.3665654334590726,False
A0A247D711_LISMN,42,180,Norm. Target Mean (Cumulative),0.163286078610569,False
A0A247D711_LISMN,42,180,Top 10% peptides selected (%),14.457831325301203,False
A0A247D711_LISMN,42,180,Remaining Top10 Quality,0.9982010766995457,False
A0A247D711_LISMN,42,200,Norm. Target Mean (Cumulative),0.19032905708812678,False
A0A247D711_LISMN,42,200,Top 10% peptides selected (%),16.867469879518072,False
A0A247D711_LISMN,42,200,Remaining Top10 Quality,0.9982010766995457,False
A0A247D711_LISMN,46,20,Norm. Target Mean (Round),-0.25653261539686034,False
A0A247D711_LISMN,46,40,Norm. Target Mean (Round),-0.11549906205211055,False
A0A247D711_LISMN,46,20,Norm. Target Mean (Cumulative),-0.25653261539686034,False
A0A247D711_LISMN,46,20,Top 10% peptides selected (%),0.0,False
A0A247D711_LISMN,46,20,Remaining Top10 Quality,1.0013044275772367,False
A0A247D711_LISMN,46,60,Norm. Target Mean (Round),0.5873194538315624,False
A0A247D711_LISMN,46,40,Norm. Target Mean (Cumulative),-0.1885194344059222,False
A0A247D711_LISMN,46,40,Top 10% peptides selected (%),0.6024096385542169,False
A0A247D711_LISMN,46,40,Remaining Top10 Quality,1.0025833842049774,False
A0A247D711_LISMN,46,80,Norm. Target Mean (Round),0.28561206983665904,False
A0A247D711_LISMN,46,60,Norm. Target Mean (Cumulative),0.07676921960994337,False
A0A247D711_LISMN,46,60,Top 10% peptides selected (%),4.216867469879518,False
A0A247D711_LISMN,46,60,Remaining Top10 Quality,1.0000505600962464,False
A0A247D711_LISMN,46,100,Norm. Target Mean (Round),0.5966236047796206,False
A0A247D711_LISMN,46,80,Norm. Target Mean (Cumulative),0.13423145354029467,False
A0A247D711_LISMN,46,80,Top 10% peptides selected (%),5.421686746987952,False
A0A247D711_LISMN,46,80,Remaining Top10 Quality,0.9995259823392778,False
A0A247D711_LISMN,46,120,Norm. Target Mean (Round),0.5462619641529155,False
A0A247D711_LISMN,46,100,Norm. Target Mean (Cumulative),0.2380712102974618,False
A0A247D711_LISMN,46,100,Top 10% peptides selected (%),7.83132530120482,False
A0A247D711_LISMN,46,100,Remaining Top10 Quality,0.9991240594798375,False
A0A247D711_LISMN,46,140,Norm. Target Mean (Round),0.541536920046507,False
A0A247D711_LISMN,46,120,Norm. Target Mean (Cumulative),0.30065076227476834,False
A0A247D711_LISMN,46,120,Top 10% peptides selected (%),9.036144578313253,False
A0A247D711_LISMN,46,120,Remaining Top10 Quality,0.9994478750425532,False
A0A247D711_LISMN,46,160,Norm. Target Mean (Round),0.4081315747605407,False
A0A247D711_LISMN,46,140,Norm. Target Mean (Cumulative),0.34644616793479827,False
A0A247D711_LISMN,46,140,Top 10% peptides selected (%),11.44578313253012,False
A0A247D711_LISMN,46,140,Remaining Top10 Quality,0.9983798656952365,False
A0A247D711_LISMN,46,180,Norm. Target Mean (Round),0.2538137959584758,False
A0A247D711_LISMN,46,160,Norm. Target Mean (Cumulative),0.36280292956009796,False
A0A247D711_LISMN,46,160,Top 10% peptides selected (%),13.253012048192772,False
A0A247D711_LISMN,46,160,Remaining Top10 Quality,0.9980988791792788,False
A0A247D711_LISMN,46,200,Norm. Target Mean (Round),0.5281791736331465,False
A0A247D711_LISMN,46,180,Norm. Target Mean (Cumulative),0.35590727583178206,False
A0A247D711_LISMN,46,180,Top 10% peptides selected (%),13.855421686746988,False
A0A247D711_LISMN,46,180,Remaining Top10 Quality,0.9976907762570446,False
A0A247D711_LISMN,46,200,Norm. Target Mean (Cumulative),0.3839380147969966,False
A0A247D711_LISMN,46,200,Top 10% peptides selected (%),14.457831325301203,False
A0A247D711_LISMN,46,200,Remaining Top10 Quality,0.9976907762570446,False
A0A247D711_LISMN,48,20,Norm. Target Mean (Round),0.1923866895080928,False
A0A247D711_LISMN,48,40,Norm. Target Mean (Round),0.5339003853108688,False
A0A247D711_LISMN,48,20,Norm. Target Mean (Cumulative),0.1923866895080928,False
A0A247D711_LISMN,48,20,Top 10% peptides selected (%),1.8072289156626504,False
A0A247D711_LISMN,48,20,Remaining Top10 Quality,1.0000565391610552,False
A0A247D711_LISMN,48,60,Norm. Target Mean (Round),0.3335091189912771,False
A0A247D711_LISMN,48,40,Norm. Target Mean (Cumulative),0.3709693223109847,False
A0A247D711_LISMN,48,40,Top 10% peptides selected (%),4.216867469879518,False
A0A247D711_LISMN,48,40,Remaining Top10 Quality,1.0001964682527962,False
A0A247D711_LISMN,48,80,Norm. Target Mean (Round),0.4389523361123158,False
A0A247D711_LISMN,48,60,Norm. Target Mean (Cumulative),0.3662134541067236,False
A0A247D711_LISMN,48,60,Top 10% peptides selected (%),6.626506024096386,False
A0A247D711_LISMN,48,60,Remaining Top10 Quality,0.9979532230669649,False
A0A247D711_LISMN,48,100,Norm. Target Mean (Round),0.560242307303016,False
A0A247D711_LISMN,48,80,Norm. Target Mean (Cumulative),0.3950655354949318,False
A0A247D711_LISMN,48,80,Top 10% peptides selected (%),9.036144578313253,False
A0A247D711_LISMN,48,80,Remaining Top10 Quality,0.9952550890876428,False
A0A247D711_LISMN,48,120,Norm. Target Mean (Round),0.47985229194412093,False
A0A247D711_LISMN,48,100,Norm. Target Mean (Cumulative),0.44109665808476506,False
A0A247D711_LISMN,48,100,Top 10% peptides selected (%),11.44578313253012,False
A0A247D711_LISMN,48,100,Remaining Top10 Quality,0.9940805750477912,False
A0A247D711_LISMN,48,140,Norm. Target Mean (Round),0.44627778608895124,False
A0A247D711_LISMN,48,120,Norm. Target Mean (Cumulative),0.4588030069154422,False
A0A247D711_LISMN,48,120,Top 10% peptides selected (%),13.253012048192772,False
A0A247D711_LISMN,48,120,Remaining Top10 Quality,0.9913113949553756,False
A0A247D711_LISMN,48,160,Norm. Target Mean (Round),-0.800782755423582,False
A0A247D711_LISMN,48,140,Norm. Target Mean (Cumulative),0.46705597906561613,False
A0A247D711_LISMN,48,140,Top 10% peptides selected (%),13.855421686746988,False
A0A247D711_LISMN,48,140,Remaining Top10 Quality,0.991170009049271,False
A0A247D711_LISMN,48,180,Norm. Target Mean (Round),0.5558814216519258,False
A0A247D711_LISMN,48,160,Norm. Target Mean (Cumulative),0.2920326309015707,False
A0A247D711_LISMN,48,160,Top 10% peptides selected (%),13.855421686746988,False
A0A247D711_LISMN,48,160,Remaining Top10 Quality,0.9926715218459397,False
A0A247D711_LISMN,48,200,Norm. Target Mean (Round),0.5340029353030457,False
A0A247D711_LISMN,48,180,Norm. Target Mean (Cumulative),0.33183836248770965,False
A0A247D711_LISMN,48,180,Top 10% peptides selected (%),16.867469879518072,False
A0A247D711_LISMN,48,180,Remaining Top10 Quality,0.9899240246177761,False
A0A247D711_LISMN,48,200,Norm. Target Mean (Cumulative),0.36242329132512635,False
A0A247D711_LISMN,48,200,Top 10% peptides selected (%),19.27710843373494,False
A0A247D711_LISMN,48,200,Remaining Top10 Quality,0.9899240246177761,False
A0A247D711_LISMN,50,20,Norm. Target Mean (Round),0.03867745322731912,False
A0A247D711_LISMN,50,40,Norm. Target Mean (Round),0.5082167456829165,False
A0A247D711_LISMN,50,20,Norm. Target Mean (Cumulative),0.03867745322731912,False
A0A247D711_LISMN,50,20,Top 10% peptides selected (%),1.2048192771084338,False
A0A247D711_LISMN,50,20,Remaining Top10 Quality,1.0006123978814738,False
A0A247D711_LISMN,50,60,Norm. Target Mean (Round),-0.05485397535719412,False
A0A247D711_LISMN,50,40,Norm. Target Mean (Cumulative),0.2796437851811273,False
A0A247D711_LISMN,50,40,Top 10% peptides selected (%),4.216867469879518,False
A0A247D711_LISMN,50,40,Remaining Top10 Quality,1.0004895979065702,False
A0A247D711_LISMN,50,80,Norm. Target Mean (Round),0.4827338317699132,False
A0A247D711_LISMN,50,60,Norm. Target Mean (Cumulative),0.1686018500882999,False
A0A247D711_LISMN,50,60,Top 10% peptides selected (%),5.421686746987952,False
A0A247D711_LISMN,50,60,Remaining Top10 Quality,1.0003092504991395,False
A0A247D711_LISMN,50,100,Norm. Target Mean (Round),0.356301479895847,False
A0A247D711_LISMN,50,80,Norm. Target Mean (Cumulative),0.256682315285273,False
A0A247D711_LISMN,50,80,Top 10% peptides selected (%),8.433734939759036,False
A0A247D711_LISMN,50,80,Remaining Top10 Quality,0.9985838736723278,False
A0A247D711_LISMN,50,120,Norm. Target Mean (Round),0.45192261730290656,False
A0A247D711_LISMN,50,100,Norm. Target Mean (Cumulative),0.2846923737585024,False
A0A247D711_LISMN,50,100,Top 10% peptides selected (%),10.843373493975903,False
A0A247D711_LISMN,50,100,Remaining Top10 Quality,0.9978630912369783,False
A0A247D711_LISMN,50,140,Norm. Target Mean (Round),0.5457024766332895,False
A0A247D711_LISMN,50,120,Norm. Target Mean (Cumulative),0.32238001752908235,False
A0A247D711_LISMN,50,120,Top 10% peptides selected (%),13.253012048192772,False
A0A247D711_LISMN,50,120,Remaining Top10 Quality,0.9948753055274624,False
A0A247D711_LISMN,50,160,Norm. Target Mean (Round),0.33645029544233074,False
A0A247D711_LISMN,50,140,Norm. Target Mean (Cumulative),0.36585056489202933,False
A0A247D711_LISMN,50,140,Top 10% peptides selected (%),15.060240963855422,False
A0A247D711_LISMN,50,140,Remaining Top10 Quality,0.9949286820740276,False
A0A247D711_LISMN,50,180,Norm. Target Mean (Round),0.6309595443284715,False
A0A247D711_LISMN,50,160,Norm. Target Mean (Cumulative),0.3693887181925016,False
A0A247D711_LISMN,50,160,Top 10% peptides selected (%),16.867469879518072,False
A0A247D711_LISMN,50,160,Remaining Top10 Quality,0.9932905763909491,False
A0A247D711_LISMN,50,200,Norm. Target Mean (Round),0.5233298095051032,False
A0A247D711_LISMN,50,180,Norm. Target Mean (Cumulative),0.4114510402625415,False
A0A247D711_LISMN,50,180,Top 10% peptides selected (%),20.481927710843372,False
A0A247D711_LISMN,50,180,Remaining Top10 Quality,0.9888713660590703,False
A0A247D711_LISMN,50,200,Norm. Target Mean (Cumulative),0.4337930022823112,False
A0A247D711_LISMN,50,200,Top 10% peptides selected (%),23.49397590361446,False
A0A247D711_LISMN,50,200,Remaining Top10 Quality,0.9888713660590703,False
A0A247D711_LISMN,49,20,Norm. Target Mean (Round),-0.017627452084745848,False
A0A247D711_LISMN,49,40,Norm. Target Mean (Round),-0.8636329959338901,False
A0A247D711_LISMN,49,20,Norm. Target Mean (Cumulative),-0.017627452084745848,False
A0A247D711_LISMN,49,20,Top 10% peptides selected (%),1.2048192771084338,False
A0A247D711_LISMN,49,20,Remaining Top10 Quality,0.9993161075854408,False
A0A247D711_LISMN,49,60,Norm. Target Mean (Round),0.39093189940829565,False
A0A247D711_LISMN,49,40,Norm. Target Mean (Cumulative),-0.45060171899298385,False
A0A247D711_LISMN,49,40,Top 10% peptides selected (%),1.2048192771084338,False
A0A247D711_LISMN,49,40,Remaining Top10 Quality,1.0006281960906118,False
A0A247D711_LISMN,49,80,Norm. Target Mean (Round),0.4812493976119307,False
A0A247D711_LISMN,49,60,Norm. Target Mean (Cumulative),-0.16812063394959806,False
A0A247D711_LISMN,49,60,Top 10% peptides selected (%),3.614457831325301,False
A0A247D711_LISMN,49,60,Remaining Top10 Quality,0.9994278036361097,False
A0A247D711_LISMN,49,100,Norm. Target Mean (Round),0.5614560971626182,False
A0A247D711_LISMN,49,80,Norm. Target Mean (Cumulative),0.0002989236586532605,False
A0A247D711_LISMN,49,80,Top 10% peptides selected (%),6.626506024096386,False
A0A247D711_LISMN,49,80,Remaining Top10 Quality,0.9982145494080271,False
A0A247D711_LISMN,49,120,Norm. Target Mean (Round),0.39410989673701047,False
A0A247D711_LISMN,49,100,Norm. Target Mean (Cumulative),0.12198612923627074,False
A0A247D711_LISMN,49,100,Top 10% peptides selected (%),10.240963855421686,False
A0A247D711_LISMN,49,100,Remaining Top10 Quality,0.997488769641148,False
A0A247D711_LISMN,49,140,Norm. Target Mean (Round),0.48814718385241707,False
A0A247D711_LISMN,49,120,Norm. Target Mean (Cumulative),0.17486003425705038,False
A0A247D711_LISMN,49,120,Top 10% peptides selected (%),13.253012048192772,False
A0A247D711_LISMN,49,120,Remaining Top10 Quality,0.9955838519781199,False
A0A247D711_LISMN,49,160,Norm. Target Mean (Round),0.4954848403645581,False
A0A247D711_LISMN,49,140,Norm. Target Mean (Cumulative),0.22904208020365213,False
A0A247D711_LISMN,49,140,Top 10% peptides selected (%),15.060240963855422,False
A0A247D711_LISMN,49,140,Remaining Top10 Quality,0.992715740272667,False
A0A247D711_LISMN,49,180,Norm. Target Mean (Round),0.49618584251988,False
A0A247D711_LISMN,49,160,Norm. Target Mean (Cumulative),0.2718419527194535,False
A0A247D711_LISMN,49,160,Top 10% peptides selected (%),15.66265060240964,False
A0A247D711_LISMN,49,160,Remaining Top10 Quality,0.9936765150456394,False
A0A247D711_LISMN,49,200,Norm. Target Mean (Round),0.5762696498806796,False
A0A247D711_LISMN,49,180,Norm. Target Mean (Cumulative),0.3063202397052932,False
A0A247D711_LISMN,49,180,Top 10% peptides selected (%),18.072289156626507,False
A0A247D711_LISMN,49,180,Remaining Top10 Quality,0.9923255680371941,False
A0A247D711_LISMN,49,200,Norm. Target Mean (Cumulative),0.3447510351801805,False
A0A247D711_LISMN,49,200,Top 10% peptides selected (%),20.481927710843372,False
A0A247D711_LISMN,49,200,Remaining Top10 Quality,0.9923255680371941,False
A0A247D711_LISMN,47,20,Norm. Target Mean (Round),-0.46122672665842973,False
A0A247D711_LISMN,47,40,Norm. Target Mean (Round),0.30090901344732035,False
A0A247D711_LISMN,47,20,Norm. Target Mean (Cumulative),-0.46122672665842973,False
A0A247D711_LISMN,47,20,Top 10% peptides selected (%),1.2048192771084338,False
A0A247D711_LISMN,47,20,Remaining Top10 Quality,0.998793693832788,False
A0A247D711_LISMN,47,60,Norm. Target Mean (Round),-0.12919251559917616,False
A0A247D711_LISMN,47,40,Norm. Target Mean (Cumulative),-0.0800870549047184,False
A0A247D711_LISMN,47,40,Top 10% peptides selected (%),1.8072289156626504,False
A0A247D711_LISMN,47,40,Remaining Top10 Quality,0.9999661312123449,False
A0A247D711_LISMN,47,80,Norm. Target Mean (Round),0.4370735457352367,False
A0A247D711_LISMN,47,60,Norm. Target Mean (Cumulative),-0.09861565262158432,False
A0A247D711_LISMN,47,60,Top 10% peptides selected (%),3.0120481927710845,False
A0A247D711_LISMN,47,60,Remaining Top10 Quality,1.0003310363762274,False
A0A247D711_LISMN,47,100,Norm. Target Mean (Round),0.2941978269808383,False
A0A247D711_LISMN,47,80,Norm. Target Mean (Cumulative),0.04134753069106261,False
A0A247D711_LISMN,47,80,Top 10% peptides selected (%),5.421686746987952,False
A0A247D711_LISMN,47,80,Remaining Top10 Quality,1.000852367880308,False
A0A247D711_LISMN,47,120,Norm. Target Mean (Round),0.49008923786026665,False
A0A247D711_LISMN,47,100,Norm. Target Mean (Cumulative),0.09715137372703746,False
A0A247D711_LISMN,47,100,Top 10% peptides selected (%),6.626506024096386,False
A0A247D711_LISMN,47,100,Remaining Top10 Quality,1.001346492370478,False
A0A247D711_LISMN,47,140,Norm. Target Mean (Round),0.5319564760905592,False
A0A247D711_LISMN,47,120,Norm. Target Mean (Cumulative),0.1716819802613607,False
A0A247D711_LISMN,47,120,Top 10% peptides selected (%),10.843373493975903,False
A0A247D711_LISMN,47,120,Remaining Top10 Quality,0.9988670399327426,False
A0A247D711_LISMN,47,160,Norm. Target Mean (Round),0.6005889937911499,False
A0A247D711_LISMN,47,140,Norm. Target Mean (Cumulative),0.23339696369280838,False
A0A247D711_LISMN,47,140,Top 10% peptides selected (%),12.048192771084338,False
A0A247D711_LISMN,47,140,Remaining Top10 Quality,0.9988870899962918,False
A0A247D711_LISMN,47,180,Norm. Target Mean (Round),0.15983105861018035,False
A0A247D711_LISMN,47,160,Norm. Target Mean (Cumulative),0.2910959411794604,False
A0A247D711_LISMN,47,160,Top 10% peptides selected (%),14.457831325301203,False
A0A247D711_LISMN,47,160,Remaining Top10 Quality,0.9966007965222382,False
A0A247D711_LISMN,47,200,Norm. Target Mean (Round),0.6019622641258312,False
A0A247D711_LISMN,47,180,Norm. Target Mean (Cumulative),0.27965042232784426,False
A0A247D711_LISMN,47,180,Top 10% peptides selected (%),15.66265060240964,False
A0A247D711_LISMN,47,180,Remaining Top10 Quality,0.9975076349535131,False
A0A247D711_LISMN,47,200,Norm. Target Mean (Cumulative),0.3238641490911235,False
A0A247D711_LISMN,47,200,Top 10% peptides selected (%),17.46987951807229,False
A0A247D711_LISMN,47,200,Remaining Top10 Quality,0.9975076349535131,False
A0A247D711_LISMN,43,20,Norm. Target Mean (Round),0.10121319889827968,False
A0A247D711_LISMN,43,40,Norm. Target Mean (Round),0.33569722450963824,False
A0A247D711_LISMN,43,20,Norm. Target Mean (Cumulative),0.10121319889827968,False
A0A247D711_LISMN,43,20,Top 10% peptides selected (%),1.2048192771084338,False
A0A247D711_LISMN,43,20,Remaining Top10 Quality,1.0001851556415646,False
A0A247D711_LISMN,43,60,Norm. Target Mean (Round),0.38115963115091966,False
A0A247D711_LISMN,43,40,Norm. Target Mean (Cumulative),0.22307966493204168,False
A0A247D711_LISMN,43,40,Top 10% peptides selected (%),1.2048192771084338,False
A0A247D711_LISMN,43,40,Remaining Top10 Quality,1.0015079731350829,False
A0A247D711_LISMN,43,80,Norm. Target Mean (Round),0.5356230369260203,False
A0A247D711_LISMN,43,60,Norm. Target Mean (Cumulative),0.28313847160002187,False
A0A247D711_LISMN,43,60,Top 10% peptides selected (%),3.0120481927710845,False
A0A247D711_LISMN,43,60,Remaining Top10 Quality,1.001165524665262,False
A0A247D711_LISMN,43,100,Norm. Target Mean (Round),0.5149794796648242,False
A0A247D711_LISMN,43,80,Norm. Target Mean (Cumulative),0.35789115302491475,False
A0A247D711_LISMN,43,80,Top 10% peptides selected (%),6.626506024096386,False
A0A247D711_LISMN,43,80,Remaining Top10 Quality,0.9986570833325329,False
A0A247D711_LISMN,43,120,Norm. Target Mean (Round),0.1664939740553783,False
A0A247D711_LISMN,43,100,Norm. Target Mean (Cumulative),0.4013480537826071,False
A0A247D711_LISMN,43,100,Top 10% peptides selected (%),9.036144578313253,False
A0A247D711_LISMN,43,100,Remaining Top10 Quality,0.9965970499188709,False
A0A247D711_LISMN,43,140,Norm. Target Mean (Round),0.47861386824228064,False
A0A247D711_LISMN,43,120,Norm. Target Mean (Cumulative),0.3667352117243155,False
A0A247D711_LISMN,43,120,Top 10% peptides selected (%),10.240963855421686,False
A0A247D711_LISMN,43,120,Remaining Top10 Quality,0.9969356344480831,False
A0A247D711_LISMN,43,160,Norm. Target Mean (Round),0.5179514149439961,False
A0A247D711_LISMN,43,140,Norm. Target Mean (Cumulative),0.3932103601336258,False
A0A247D711_LISMN,43,140,Top 10% peptides selected (%),12.048192771084338,False
A0A247D711_LISMN,43,140,Remaining Top10 Quality,0.9971256604387012,False
A0A247D711_LISMN,43,180,Norm. Target Mean (Round),0.035309542406391295,False
A0A247D711_LISMN,43,160,Norm. Target Mean (Cumulative),0.4199567010227058,False
A0A247D711_LISMN,43,160,Top 10% peptides selected (%),13.253012048192772,False
A0A247D711_LISMN,43,160,Remaining Top10 Quality,0.9966147600390216,False
A0A247D711_LISMN,43,200,Norm. Target Mean (Round),0.46723536868746113,False
A0A247D711_LISMN,43,180,Norm. Target Mean (Cumulative),0.3778853840349124,False
A0A247D711_LISMN,43,180,Top 10% peptides selected (%),15.060240963855422,False
A0A247D711_LISMN,43,180,Remaining Top10 Quality,0.9973867824693093,False
A0A247D711_LISMN,43,200,Norm. Target Mean (Cumulative),0.396612739607478,False
A0A247D711_LISMN,43,200,Top 10% peptides selected (%),16.265060240963855,False
A0A247D711_LISMN,43,200,Remaining Top10 Quality,0.9973867824693093,False
A0A247D711_LISMN,45,20,Norm. Target Mean (Round),0.08542071969909694,False
A0A247D711_LISMN,45,40,Norm. Target Mean (Round),0.5603041124876568,False
A0A247D711_LISMN,45,20,Norm. Target Mean (Cumulative),0.08542071969909694,False
A0A247D711_LISMN,45,20,Top 10% peptides selected (%),1.8072289156626504,False
A0A247D711_LISMN,45,20,Remaining Top10 Quality,0.9994041744935751,False
A0A247D711_LISMN,45,60,Norm. Target Mean (Round),0.4305461680521214,False
A0A247D711_LISMN,45,40,Norm. Target Mean (Cumulative),0.3300843113520116,False
A0A247D711_LISMN,45,40,Top 10% peptides selected (%),3.614457831325301,False
A0A247D711_LISMN,45,40,Remaining Top10 Quality,0.9982599893771403,False
A0A247D711_LISMN,45,80,Norm. Target Mean (Round),0.2886203169330931,False
A0A247D711_LISMN,45,60,Norm. Target Mean (Cumulative),0.37263408429684014,False
A0A247D711_LISMN,45,60,Top 10% peptides selected (%),5.421686746987952,False
A0A247D711_LISMN,45,60,Remaining Top10 Quality,0.9982589852333481,False
A0A247D711_LISMN,45,100,Norm. Target Mean (Round),0.5049647418865866,False
A0A247D711_LISMN,45,80,Norm. Target Mean (Cumulative),0.3594114893313114,False
A0A247D711_LISMN,45,80,Top 10% peptides selected (%),7.228915662650602,False
A0A247D711_LISMN,45,80,Remaining Top10 Quality,0.9974379461970009,False
A0A247D711_LISMN,45,120,Norm. Target Mean (Round),0.354798846078245,False
A0A247D711_LISMN,45,100,Norm. Target Mean (Cumulative),0.40038321576353825,False
A0A247D711_LISMN,45,100,Top 10% peptides selected (%),7.83132530120482,False
A0A247D711_LISMN,45,100,Remaining Top10 Quality,0.9986741083471057,False
A0A247D711_LISMN,45,140,Norm. Target Mean (Round),0.5729068627498867,False
A0A247D711_LISMN,45,120,Norm. Target Mean (Cumulative),0.40132560871304573,False
A0A247D711_LISMN,45,120,Top 10% peptides selected (%),9.036144578313253,False
A0A247D711_LISMN,45,120,Remaining Top10 Quality,0.9984723483467054,False
A0A247D711_LISMN,45,160,Norm. Target Mean (Round),0.46918543603751706,False
A0A247D711_LISMN,45,140,Norm. Target Mean (Cumulative),0.43865308491776156,False
A0A247D711_LISMN,45,140,Top 10% peptides selected (%),12.048192771084338,False
A0A247D711_LISMN,45,140,Remaining Top10 Quality,0.9966918316546015,False
A0A247D711_LISMN,45,180,Norm. Target Mean (Round),0.4221472230676034,False
A0A247D711_LISMN,45,160,Norm. Target Mean (Cumulative),0.45287038440074606,False
A0A247D711_LISMN,45,160,Top 10% peptides selected (%),13.855421686746988,False
A0A247D711_LISMN,45,160,Remaining Top10 Quality,0.9962207400301425,False
A0A247D711_LISMN,45,200,Norm. Target Mean (Round),0.520806237406374,False
A0A247D711_LISMN,45,180,Norm. Target Mean (Cumulative),0.45856349968990956,False
A0A247D711_LISMN,45,180,Top 10% peptides selected (%),14.457831325301203,False
A0A247D711_LISMN,45,180,Remaining Top10 Quality,0.9957841579592512,False
A0A247D711_LISMN,45,200,Norm. Target Mean (Cumulative),0.47601835843699214,False
A0A247D711_LISMN,45,200,Top 10% peptides selected (%),16.867469879518072,False
A0A247D711_LISMN,45,200,Remaining Top10 Quality,0.9957841579592512,False
A0A247D711_LISMN,44,20,Norm. Target Mean (Round),0.1462044831402393,False
A0A247D711_LISMN,44,40,Norm. Target Mean (Round),0.24688122108060145,False
A0A247D711_LISMN,44,20,Norm. Target Mean (Cumulative),0.1462044831402393,False
A0A247D711_LISMN,44,20,Top 10% peptides selected (%),2.4096385542168677,False
A0A247D711_LISMN,44,20,Remaining Top10 Quality,1.000521412643668,False
A0A247D711_LISMN,44,60,Norm. Target Mean (Round),0.43922916303684534,False
A0A247D711_LISMN,44,40,Norm. Target Mean (Cumulative),0.20039258568927878,False
A0A247D711_LISMN,44,40,Top 10% peptides selected (%),4.216867469879518,False
A0A247D711_LISMN,44,40,Remaining Top10 Quality,1.0005060277684297,False
A0A247D711_LISMN,44,80,Norm. Target Mean (Round),0.544891244691179,False
A0A247D711_LISMN,44,60,Norm. Target Mean (Cumulative),0.28812777651182275,False
A0A247D711_LISMN,44,60,Top 10% peptides selected (%),6.626506024096386,False
A0A247D711_LISMN,44,60,Remaining Top10 Quality,0.99939439040093,False
A0A247D711_LISMN,44,100,Norm. Target Mean (Round),0.40615788742963105,False
A0A247D711_LISMN,44,80,Norm. Target Mean (Cumulative),0.3642693687031579,False
A0A247D711_LISMN,44,80,Top 10% peptides selected (%),8.433734939759036,False
A0A247D711_LISMN,44,80,Remaining Top10 Quality,0.9985156580080049,False
A0A247D711_LISMN,44,120,Norm. Target Mean (Round),0.5133209063567638,False
A0A247D711_LISMN,44,100,Norm. Target Mean (Cumulative),0.3826311023698559,False
A0A247D711_LISMN,44,100,Top 10% peptides selected (%),10.843373493975903,False
A0A247D711_LISMN,44,100,Remaining Top10 Quality,0.9986299625973304,False
A0A247D711_LISMN,44,140,Norm. Target Mean (Round),0.2182252738907162,False
A0A247D711_LISMN,44,120,Norm. Target Mean (Cumulative),0.41626316677255204,False
A0A247D711_LISMN,44,120,Top 10% peptides selected (%),11.44578313253012,False
A0A247D711_LISMN,44,120,Remaining Top10 Quality,0.9991842190611716,False
A0A247D711_LISMN,44,160,Norm. Target Mean (Round),0.28434522852352623,False
A0A247D711_LISMN,44,140,Norm. Target Mean (Cumulative),0.3933259732831712,False
A0A247D711_LISMN,44,140,Top 10% peptides selected (%),12.650602409638553,False
A0A247D711_LISMN,44,140,Remaining Top10 Quality,0.9987011149865798,False
A0A247D711_LISMN,44,180,Norm. Target Mean (Round),0.48841016931104375,False
A0A247D711_LISMN,44,160,Norm. Target Mean (Cumulative),0.3859962742767665,False
A0A247D711_LISMN,44,160,Top 10% peptides selected (%),14.457831325301203,False
A0A247D711_LISMN,44,160,Remaining Top10 Quality,0.9989974571610422,False
A0A247D711_LISMN,44,200,Norm. Target Mean (Round),0.2797151032481286,False
A0A247D711_LISMN,44,180,Norm. Target Mean (Cumulative),0.4076519361749865,False
A0A247D711_LISMN,44,180,Top 10% peptides selected (%),15.060240963855422,False
A0A247D711_LISMN,44,180,Remaining Top10 Quality,0.998965707347277,False
A0A247D711_LISMN,44,200,Norm. Target Mean (Cumulative),0.4008604901313163,False
A0A247D711_LISMN,44,200,Top 10% peptides selected (%),15.66265060240964,False
A0A247D711_LISMN,44,200,Remaining Top10 Quality,0.998965707347277,False
POLG_PESV_sub,47,20,Norm. Target Mean (Round),-0.07617115709416725,False
POLG_PESV_sub,47,40,Norm. Target Mean (Round),0.34661847764943965,False
POLG_PESV_sub,47,20,Norm. Target Mean (Cumulative),-0.07617115709416725,False
POLG_PESV_sub,47,20,Top 10% peptides selected (%),0.0,False
POLG_PESV_sub,47,20,Remaining Top10 Quality,1.000779230756005,False
POLG_PESV_sub,47,60,Norm. Target Mean (Round),0.37175741639747234,False
POLG_PESV_sub,47,40,Norm. Target Mean (Cumulative),0.14076687811064104,False
POLG_PESV_sub,47,40,Top 10% peptides selected (%),0.7797270955165692,False
POLG_PESV_sub,47,40,Remaining Top10 Quality,1.0006148073669971,False
POLG_PESV_sub,47,80,Norm. Target Mean (Round),0.6293530153635905,False
POLG_PESV_sub,47,60,Norm. Target Mean (Cumulative),0.22761104362380008,False
POLG_PESV_sub,47,60,Top 10% peptides selected (%),0.9746588693957114,False
POLG_PESV_sub,47,60,Remaining Top10 Quality,1.0010355059919729,False
POLG_PESV_sub,47,100,Norm. Target Mean (Round),0.6602494559729615,False
POLG_PESV_sub,47,80,Norm. Target Mean (Cumulative),0.34396600729424814,False
POLG_PESV_sub,47,80,Top 10% peptides selected (%),3.7037037037037033,False
POLG_PESV_sub,47,80,Remaining Top10 Quality,0.9976433667046626,False
POLG_PESV_sub,47,120,Norm. Target Mean (Round),0.7821999731500195,False
POLG_PESV_sub,47,100,Norm. Target Mean (Cumulative),0.42399913371474535,False
POLG_PESV_sub,47,100,Top 10% peptides selected (%),6.237816764132553,False
POLG_PESV_sub,47,100,Remaining Top10 Quality,0.9931887442648734,False
POLG_PESV_sub,47,140,Norm. Target Mean (Round),0.774464425010891,False
POLG_PESV_sub,47,120,Norm. Target Mean (Cumulative),0.5031074554238683,False
POLG_PESV_sub,47,120,Top 10% peptides selected (%),9.746588693957115,False
POLG_PESV_sub,47,120,Remaining Top10 Quality,0.983733495368315,False
POLG_PESV_sub,47,160,Norm. Target Mean (Round),0.7969766023994861,False
POLG_PESV_sub,47,140,Norm. Target Mean (Cumulative),0.5608069929080086,False
POLG_PESV_sub,47,140,Top 10% peptides selected (%),13.060428849902534,False
POLG_PESV_sub,47,140,Remaining Top10 Quality,0.9732100002788083,False
POLG_PESV_sub,47,180,Norm. Target Mean (Round),0.754919217615485,False
POLG_PESV_sub,47,160,Norm. Target Mean (Cumulative),0.6089793331920301,False
POLG_PESV_sub,47,160,Top 10% peptides selected (%),16.374269005847953,False
POLG_PESV_sub,47,160,Remaining Top10 Quality,0.9625185201021784,False
POLG_PESV_sub,47,200,Norm. Target Mean (Round),0.8138114865433584,False
POLG_PESV_sub,47,180,Norm. Target Mean (Cumulative),0.6420830009045218,False
POLG_PESV_sub,47,180,Top 10% peptides selected (%),19.883040935672515,False
POLG_PESV_sub,47,180,Remaining Top10 Quality,0.9513428926670336,False
POLG_PESV_sub,47,200,Norm. Target Mean (Cumulative),0.6764933331642776,False
POLG_PESV_sub,47,200,Top 10% peptides selected (%),23.586744639376217,False
POLG_PESV_sub,47,200,Remaining Top10 Quality,0.9513428926670336,False
POLG_PESV_sub,45,20,Norm. Target Mean (Round),-0.14472217558415978,False
POLG_PESV_sub,45,40,Norm. Target Mean (Round),0.5676024885556391,False
POLG_PESV_sub,45,20,Norm. Target Mean (Cumulative),-0.14472217558415978,False
POLG_PESV_sub,45,20,Top 10% peptides selected (%),0.3898635477582846,False
POLG_PESV_sub,45,20,Remaining Top10 Quality,1.0003169160567529,False
POLG_PESV_sub,45,60,Norm. Target Mean (Round),0.7708584990278405,False
POLG_PESV_sub,45,40,Norm. Target Mean (Cumulative),0.22007668443035477,False
POLG_PESV_sub,45,40,Top 10% peptides selected (%),1.949317738791423,False
POLG_PESV_sub,45,40,Remaining Top10 Quality,0.9987725052554387,False
POLG_PESV_sub,45,80,Norm. Target Mean (Round),0.7545042008865261,False
POLG_PESV_sub,45,60,Norm. Target Mean (Cumulative),0.4233502619343112,False
POLG_PESV_sub,45,60,Top 10% peptides selected (%),5.263157894736842,False
POLG_PESV_sub,45,60,Remaining Top10 Quality,0.99046717400262,False
POLG_PESV_sub,45,100,Norm. Target Mean (Round),0.6384312054819906,False
POLG_PESV_sub,45,80,Norm. Target Mean (Cumulative),0.5269135951641605,False
POLG_PESV_sub,45,80,Top 10% peptides selected (%),8.771929824561402,False
POLG_PESV_sub,45,80,Remaining Top10 Quality,0.9826654755798294,False
POLG_PESV_sub,45,120,Norm. Target Mean (Round),0.6893476631802864,False
POLG_PESV_sub,45,100,Norm. Target Mean (Cumulative),0.5672488188177724,False
POLG_PESV_sub,45,100,Top 10% peptides selected (%),11.500974658869396,False
POLG_PESV_sub,45,100,Remaining Top10 Quality,0.9776416269009875,False
POLG_PESV_sub,45,140,Norm. Target Mean (Round),0.6388141062106971,False
POLG_PESV_sub,45,120,Norm. Target Mean (Cumulative),0.6063780594449811,False
POLG_PESV_sub,45,120,Top 10% peptides selected (%),14.42495126705653,False
POLG_PESV_sub,45,120,Remaining Top10 Quality,0.9721158009192576,False
POLG_PESV_sub,45,160,Norm. Target Mean (Round),0.623835981671421,False
POLG_PESV_sub,45,140,Norm. Target Mean (Cumulative),0.6280788772098834,False
POLG_PESV_sub,45,140,Top 10% peptides selected (%),16.95906432748538,False
POLG_PESV_sub,45,140,Remaining Top10 Quality,0.9663616801673812,False
POLG_PESV_sub,45,180,Norm. Target Mean (Round),0.7140010478652234,False
POLG_PESV_sub,45,160,Norm. Target Mean (Cumulative),0.6432825166856216,False
POLG_PESV_sub,45,160,Top 10% peptides selected (%),18.9083820662768,False
POLG_PESV_sub,45,160,Remaining Top10 Quality,0.959914791018324,False
POLG_PESV_sub,45,200,Norm. Target Mean (Round),0.787118699477169,False
POLG_PESV_sub,45,180,Norm. Target Mean (Cumulative),0.6662963503781381,False
POLG_PESV_sub,45,180,Top 10% peptides selected (%),21.637426900584796,False
POLG_PESV_sub,45,180,Remaining Top10 Quality,0.9514842502162703,False
POLG_PESV_sub,45,200,Norm. Target Mean (Cumulative),0.6938804233257706,False
POLG_PESV_sub,45,200,Top 10% peptides selected (%),25.146198830409354,False
POLG_PESV_sub,45,200,Remaining Top10 Quality,0.9514842502162703,False
POLG_PESV_sub,49,20,Norm. Target Mean (Round),-0.03336961586200572,False
POLG_PESV_sub,49,40,Norm. Target Mean (Round),0.5213428765490671,False
POLG_PESV_sub,49,20,Norm. Target Mean (Cumulative),-0.03336961586200572,False
POLG_PESV_sub,49,20,Top 10% peptides selected (%),0.1949317738791423,False
POLG_PESV_sub,49,20,Remaining Top10 Quality,1.0005797465135868,False
POLG_PESV_sub,49,60,Norm. Target Mean (Round),-0.06794806501348483,False
POLG_PESV_sub,49,40,Norm. Target Mean (Cumulative),0.25383807582328716,False
POLG_PESV_sub,49,40,Top 10% peptides selected (%),1.364522417153996,False
POLG_PESV_sub,49,40,Remaining Top10 Quality,0.9978489306389201,False
POLG_PESV_sub,49,80,Norm. Target Mean (Round),0.6720727355408895,False
POLG_PESV_sub,49,60,Norm. Target Mean (Cumulative),0.14837906652269267,False
POLG_PESV_sub,49,60,Top 10% peptides selected (%),1.949317738791423,False
POLG_PESV_sub,49,60,Remaining Top10 Quality,0.9966851087872702,False
POLG_PESV_sub,49,100,Norm. Target Mean (Round),0.7016667430255781,False
POLG_PESV_sub,49,80,Norm. Target Mean (Cumulative),0.2936222828742928,False
POLG_PESV_sub,49,80,Top 10% peptides selected (%),4.8732943469785575,False
POLG_PESV_sub,49,80,Remaining Top10 Quality,0.9878363128219442,False
POLG_PESV_sub,49,120,Norm. Target Mean (Round),0.4568938181860251,False
POLG_PESV_sub,49,100,Norm. Target Mean (Cumulative),0.39091423027422234,False
POLG_PESV_sub,49,100,Top 10% peptides selected (%),7.992202729044834,False
POLG_PESV_sub,49,100,Remaining Top10 Quality,0.9797938871010614,False
POLG_PESV_sub,49,140,Norm. Target Mean (Round),0.7475301951256769,False
POLG_PESV_sub,49,120,Norm. Target Mean (Cumulative),0.41335565986068684,False
POLG_PESV_sub,49,120,Top 10% peptides selected (%),8.966861598440545,False
POLG_PESV_sub,49,120,Remaining Top10 Quality,0.9787032777064356,False
POLG_PESV_sub,49,160,Norm. Target Mean (Round),0.807593002883359,False
POLG_PESV_sub,49,140,Norm. Target Mean (Cumulative),0.47729031355491913,False
POLG_PESV_sub,49,140,Top 10% peptides selected (%),12.475633528265107,False
POLG_PESV_sub,49,140,Remaining Top10 Quality,0.9694018930887559,False
POLG_PESV_sub,49,180,Norm. Target Mean (Round),0.760028982714964,False
POLG_PESV_sub,49,160,Norm. Target Mean (Cumulative),0.5355134697940324,False
POLG_PESV_sub,49,160,Top 10% peptides selected (%),16.374269005847953,False
POLG_PESV_sub,49,160,Remaining Top10 Quality,0.9587083107601682,False
POLG_PESV_sub,49,200,Norm. Target Mean (Round),0.7993572437285897,False
POLG_PESV_sub,49,180,Norm. Target Mean (Cumulative),0.5752734308111231,False
POLG_PESV_sub,49,180,Top 10% peptides selected (%),19.68810916179337,False
POLG_PESV_sub,49,180,Remaining Top10 Quality,0.949729346167225,False
POLG_PESV_sub,49,200,Norm. Target Mean (Cumulative),0.6128476165399664,False
POLG_PESV_sub,49,200,Top 10% peptides selected (%),23.391812865497073,False
POLG_PESV_sub,49,200,Remaining Top10 Quality,0.949729346167225,False
POLG_PESV_sub,50,20,Norm. Target Mean (Round),-0.0032822726935072496,False
POLG_PESV_sub,50,40,Norm. Target Mean (Round),0.7458858047572304,False
POLG_PESV_sub,50,20,Norm. Target Mean (Cumulative),-0.0032822726935072496,False
POLG_PESV_sub,50,20,Top 10% peptides selected (%),0.3898635477582846,False
POLG_PESV_sub,50,20,Remaining Top10 Quality,1.000178746657134,False
POLG_PESV_sub,50,60,Norm. Target Mean (Round),0.7616148059910921,False
POLG_PESV_sub,50,40,Norm. Target Mean (Cumulative),0.3862460288429167,False
POLG_PESV_sub,50,40,Top 10% peptides selected (%),3.898635477582846,False
POLG_PESV_sub,50,40,Remaining Top10 Quality,0.9920475806710315,False
POLG_PESV_sub,50,80,Norm. Target Mean (Round),0.778553908433896,False
POLG_PESV_sub,50,60,Norm. Target Mean (Cumulative),0.533274678798112,False
POLG_PESV_sub,50,60,Top 10% peptides selected (%),7.212475633528265,False
POLG_PESV_sub,50,60,Remaining Top10 Quality,0.9831699222207655,False
POLG_PESV_sub,50,100,Norm. Target Mean (Round),0.7364387525608408,False
POLG_PESV_sub,50,80,Norm. Target Mean (Cumulative),0.6176502932155562,False
POLG_PESV_sub,50,80,Top 10% peptides selected (%),10.721247563352826,False
POLG_PESV_sub,50,80,Remaining Top10 Quality,0.972355837263677,False
POLG_PESV_sub,50,120,Norm. Target Mean (Round),0.7457078320375952,False
POLG_PESV_sub,50,100,Norm. Target Mean (Cumulative),0.6625070320745426,False
POLG_PESV_sub,50,100,Top 10% peptides selected (%),13.840155945419102,False
POLG_PESV_sub,50,100,Remaining Top10 Quality,0.9638827603529184,False
POLG_PESV_sub,50,140,Norm. Target Mean (Round),0.7704974115939662,False
POLG_PESV_sub,50,120,Norm. Target Mean (Cumulative),0.6966755523331282,False
POLG_PESV_sub,50,120,Top 10% peptides selected (%),17.15399610136452,False
POLG_PESV_sub,50,120,Remaining Top10 Quality,0.9555778290477484,False
POLG_PESV_sub,50,160,Norm. Target Mean (Round),0.8187132538031491,False
POLG_PESV_sub,50,140,Norm. Target Mean (Cumulative),0.7272280523795485,False
POLG_PESV_sub,50,140,Top 10% peptides selected (%),20.66276803118908,False
POLG_PESV_sub,50,140,Remaining Top10 Quality,0.9446371253748839,False
POLG_PESV_sub,50,180,Norm. Target Mean (Round),0.7802142569526554,False
POLG_PESV_sub,50,160,Norm. Target Mean (Cumulative),0.7575761208402585,False
POLG_PESV_sub,50,160,Top 10% peptides selected (%),24.366471734892787,False
POLG_PESV_sub,50,160,Remaining Top10 Quality,0.9325069130835026,False
POLG_PESV_sub,50,200,Norm. Target Mean (Round),0.7336546978202059,False
POLG_PESV_sub,50,180,Norm. Target Mean (Cumulative),0.77712637765776,False
POLG_PESV_sub,50,180,Top 10% peptides selected (%),27.87524366471735,False
POLG_PESV_sub,50,180,Remaining Top10 Quality,0.9212649106443893,False
POLG_PESV_sub,50,200,Norm. Target Mean (Cumulative),0.7881437856230867,False
POLG_PESV_sub,50,200,Top 10% peptides selected (%),31.384015594541907,False
POLG_PESV_sub,50,200,Remaining Top10 Quality,0.9212649106443893,False
POLG_PESV_sub,51,20,Norm. Target Mean (Round),-0.000572906615787728,False
POLG_PESV_sub,51,40,Norm. Target Mean (Round),0.5754066012461149,False
POLG_PESV_sub,51,20,Norm. Target Mean (Cumulative),-0.000572906615787728,False
POLG_PESV_sub,51,20,Top 10% peptides selected (%),0.3898635477582846,False
POLG_PESV_sub,51,20,Remaining Top10 Quality,1.0000605952825736,False
POLG_PESV_sub,51,60,Norm. Target Mean (Round),0.702247156457046,False
POLG_PESV_sub,51,40,Norm. Target Mean (Cumulative),0.29898406608098727,False
POLG_PESV_sub,51,40,Top 10% peptides selected (%),2.923976608187134,False
POLG_PESV_sub,51,40,Remaining Top10 Quality,0.9916579135629128,False
POLG_PESV_sub,51,80,Norm. Target Mean (Round),0.39172479981163616,False
POLG_PESV_sub,51,60,Norm. Target Mean (Cumulative),0.4480822040107862,False
POLG_PESV_sub,51,60,Top 10% peptides selected (%),6.042884990253411,False
POLG_PESV_sub,51,60,Remaining Top10 Quality,0.9841045862891472,False
POLG_PESV_sub,51,100,Norm. Target Mean (Round),0.8175948493709254,False
POLG_PESV_sub,51,80,Norm. Target Mean (Cumulative),0.44486564460371303,False
POLG_PESV_sub,51,80,Top 10% peptides selected (%),7.212475633528265,False
POLG_PESV_sub,51,80,Remaining Top10 Quality,0.981192693277667,False
POLG_PESV_sub,51,120,Norm. Target Mean (Round),0.7455929999865196,False
POLG_PESV_sub,51,100,Norm. Target Mean (Cumulative),0.5363495391940726,False
POLG_PESV_sub,51,100,Top 10% peptides selected (%),10.916179337231968,False
POLG_PESV_sub,51,100,Remaining Top10 Quality,0.9709582449549657,False
POLG_PESV_sub,51,140,Norm. Target Mean (Round),0.7727711782368087,False
POLG_PESV_sub,51,120,Norm. Target Mean (Cumulative),0.5873566304033107,False
POLG_PESV_sub,51,120,Top 10% peptides selected (%),14.42495126705653,False
POLG_PESV_sub,51,120,Remaining Top10 Quality,0.9633948207284435,False
POLG_PESV_sub,51,160,Norm. Target Mean (Round),0.7712104198409097,False
POLG_PESV_sub,51,140,Norm. Target Mean (Cumulative),0.6302885815003516,False
POLG_PESV_sub,51,140,Top 10% peptides selected (%),18.128654970760234,False
POLG_PESV_sub,51,140,Remaining Top10 Quality,0.9537099294471442,False
POLG_PESV_sub,51,180,Norm. Target Mean (Round),0.7503600651397434,False
POLG_PESV_sub,51,160,Norm. Target Mean (Cumulative),0.6639781129339174,False
POLG_PESV_sub,51,160,Top 10% peptides selected (%),21.637426900584796,False
POLG_PESV_sub,51,160,Remaining Top10 Quality,0.9447560872383759,False
POLG_PESV_sub,51,200,Norm. Target Mean (Round),0.7789572841219641,False
POLG_PESV_sub,51,180,Norm. Target Mean (Cumulative),0.6891426454173818,False
POLG_PESV_sub,51,180,Top 10% peptides selected (%),24.561403508771928,False
POLG_PESV_sub,51,180,Remaining Top10 Quality,0.9359758466764818,False
POLG_PESV_sub,51,200,Norm. Target Mean (Cumulative),0.7137012256475638,False
POLG_PESV_sub,51,200,Top 10% peptides selected (%),27.87524366471735,False
POLG_PESV_sub,51,200,Remaining Top10 Quality,0.9359758466764818,False
POLG_PESV_sub,48,20,Norm. Target Mean (Round),0.023809760707691318,False
POLG_PESV_sub,48,40,Norm. Target Mean (Round),0.5605824851434663,False
POLG_PESV_sub,48,20,Norm. Target Mean (Cumulative),0.023809760707691318,False
POLG_PESV_sub,48,20,Top 10% peptides selected (%),0.7797270955165692,False
POLG_PESV_sub,48,20,Remaining Top10 Quality,0.999753624982527,False
POLG_PESV_sub,48,60,Norm. Target Mean (Round),0.5372914648183799,False
POLG_PESV_sub,48,40,Norm. Target Mean (Cumulative),0.3039338839577424,False
POLG_PESV_sub,48,40,Top 10% peptides selected (%),2.729044834307992,False
POLG_PESV_sub,48,40,Remaining Top10 Quality,0.994806011045533,False
POLG_PESV_sub,48,80,Norm. Target Mean (Round),0.7912038029434781,False
POLG_PESV_sub,48,60,Norm. Target Mean (Cumulative),0.39598736454945416,False
POLG_PESV_sub,48,60,Top 10% peptides selected (%),5.0682261208577,False
POLG_PESV_sub,48,60,Remaining Top10 Quality,0.988621044233747,False
POLG_PESV_sub,48,100,Norm. Target Mean (Round),0.7536225870708149,False
POLG_PESV_sub,48,80,Norm. Target Mean (Cumulative),0.5145930930491309,False
POLG_PESV_sub,48,80,Top 10% peptides selected (%),8.57699805068226,False
POLG_PESV_sub,48,80,Remaining Top10 Quality,0.9785176459055768,False
POLG_PESV_sub,48,120,Norm. Target Mean (Round),0.7124607063774939,False
POLG_PESV_sub,48,100,Norm. Target Mean (Cumulative),0.5816401217984711,False
POLG_PESV_sub,48,100,Top 10% peptides selected (%),12.085769980506821,False
POLG_PESV_sub,48,100,Remaining Top10 Quality,0.9682648285113735,False
POLG_PESV_sub,48,140,Norm. Target Mean (Round),0.6234595089346737,False
POLG_PESV_sub,48,120,Norm. Target Mean (Cumulative),0.6207648094695065,False
POLG_PESV_sub,48,120,Top 10% peptides selected (%),15.009746588693956,False
POLG_PESV_sub,48,120,Remaining Top10 Quality,0.9603340920207285,False
POLG_PESV_sub,48,160,Norm. Target Mean (Round),0.7512530816068287,False
POLG_PESV_sub,48,140,Norm. Target Mean (Cumulative),0.6353458219449064,False
POLG_PESV_sub,48,140,Top 10% peptides selected (%),17.348927875243664,False
POLG_PESV_sub,48,140,Remaining Top10 Quality,0.9543069145849952,False
POLG_PESV_sub,48,180,Norm. Target Mean (Round),0.8308936955497526,False
POLG_PESV_sub,48,160,Norm. Target Mean (Cumulative),0.6656657342346901,False
POLG_PESV_sub,48,160,Top 10% peptides selected (%),20.66276803118908,False
POLG_PESV_sub,48,160,Remaining Top10 Quality,0.9455341681891465,False
POLG_PESV_sub,48,200,Norm. Target Mean (Round),0.768726431466414,False
POLG_PESV_sub,48,180,Norm. Target Mean (Cumulative),0.7003830354219426,False
POLG_PESV_sub,48,180,Top 10% peptides selected (%),24.171539961013643,False
POLG_PESV_sub,48,180,Remaining Top10 Quality,0.9332654354919014,False
POLG_PESV_sub,48,200,Norm. Target Mean (Cumulative),0.7209514290755507,False
POLG_PESV_sub,48,200,Top 10% peptides selected (%),27.680311890838205,False
POLG_PESV_sub,48,200,Remaining Top10 Quality,0.9332654354919014,False
POLG_PESV_sub,46,20,Norm. Target Mean (Round),-0.00907331666258889,False
POLG_PESV_sub,46,40,Norm. Target Mean (Round),0.4376407007663505,False
POLG_PESV_sub,46,20,Norm. Target Mean (Cumulative),-0.00907331666258889,False
POLG_PESV_sub,46,20,Top 10% peptides selected (%),0.3898635477582846,False
POLG_PESV_sub,46,20,Remaining Top10 Quality,1.000491417248619,False
POLG_PESV_sub,46,60,Norm. Target Mean (Round),0.4172267236258798,False
POLG_PESV_sub,46,40,Norm. Target Mean (Cumulative),0.22291765238694145,False
POLG_PESV_sub,46,40,Top 10% peptides selected (%),2.53411306042885,False
POLG_PESV_sub,46,40,Remaining Top10 Quality,0.9961880209923589,False
POLG_PESV_sub,46,80,Norm. Target Mean (Round),0.3726832838450867,False
POLG_PESV_sub,46,60,Norm. Target Mean (Cumulative),0.29861959998670506,False
POLG_PESV_sub,46,60,Top 10% peptides selected (%),4.483430799220272,False
POLG_PESV_sub,46,60,Remaining Top10 Quality,0.9925550910545934,False
POLG_PESV_sub,46,100,Norm. Target Mean (Round),0.573065823672306,False
POLG_PESV_sub,46,80,Norm. Target Mean (Cumulative),0.3270359572574159,False
POLG_PESV_sub,46,80,Top 10% peptides selected (%),5.263157894736842,False
POLG_PESV_sub,46,80,Remaining Top10 Quality,0.9919103707144151,False
POLG_PESV_sub,46,120,Norm. Target Mean (Round),0.7763685353636669,False
POLG_PESV_sub,46,100,Norm. Target Mean (Cumulative),0.3893580401644501,False
POLG_PESV_sub,46,100,Top 10% peptides selected (%),7.797270955165692,False
POLG_PESV_sub,46,100,Remaining Top10 Quality,0.9865572212943806,False
POLG_PESV_sub,46,140,Norm. Target Mean (Round),0.8234658760566145,False
POLG_PESV_sub,46,120,Norm. Target Mean (Cumulative),0.4706460000577004,False
POLG_PESV_sub,46,120,Top 10% peptides selected (%),11.500974658869396,False
POLG_PESV_sub,46,120,Remaining Top10 Quality,0.9778464574833503,False
POLG_PESV_sub,46,160,Norm. Target Mean (Round),0.845947582252149,False
POLG_PESV_sub,46,140,Norm. Target Mean (Cumulative),0.5384064847563143,False
POLG_PESV_sub,46,140,Top 10% peptides selected (%),15.39961013645224,False
POLG_PESV_sub,46,140,Remaining Top10 Quality,0.9665494316874329,False
POLG_PESV_sub,46,180,Norm. Target Mean (Round),0.7569099184542281,False
POLG_PESV_sub,46,160,Norm. Target Mean (Cumulative),0.5946114233611935,False
POLG_PESV_sub,46,160,Top 10% peptides selected (%),19.298245614035086,False
POLG_PESV_sub,46,160,Remaining Top10 Quality,0.9536053166709213,False
POLG_PESV_sub,46,200,Norm. Target Mean (Round),0.7212948880484381,False
POLG_PESV_sub,46,180,Norm. Target Mean (Cumulative),0.6283103432110484,False
POLG_PESV_sub,46,180,Top 10% peptides selected (%),22.612085769980506,False
POLG_PESV_sub,46,180,Remaining Top10 Quality,0.944439539918944,False
POLG_PESV_sub,46,200,Norm. Target Mean (Cumulative),0.6523285996327131,False
POLG_PESV_sub,46,200,Top 10% peptides selected (%),25.53606237816764,False
POLG_PESV_sub,46,200,Remaining Top10 Quality,0.944439539918944,False
POLG_PESV_sub,44,20,Norm. Target Mean (Round),-0.03761424384999269,False
POLG_PESV_sub,44,40,Norm. Target Mean (Round),0.7153038725964639,False
POLG_PESV_sub,44,20,Norm. Target Mean (Cumulative),-0.03761424384999269,False
POLG_PESV_sub,44,20,Top 10% peptides selected (%),0.3898635477582846,False
POLG_PESV_sub,44,20,Remaining Top10 Quality,1.0002146443792737,False
POLG_PESV_sub,44,60,Norm. Target Mean (Round),0.6140239157749979,False
POLG_PESV_sub,44,40,Norm. Target Mean (Cumulative),0.3525029903152795,False
POLG_PESV_sub,44,40,Top 10% peptides selected (%),3.313840155945419,False
POLG_PESV_sub,44,40,Remaining Top10 Quality,0.993294477914784,False
POLG_PESV_sub,44,80,Norm. Target Mean (Round),0.7563764941584219,False
POLG_PESV_sub,44,60,Norm. Target Mean (Cumulative),0.4577987619976217,False
POLG_PESV_sub,44,60,Top 10% peptides selected (%),5.653021442495127,False
POLG_PESV_sub,44,60,Remaining Top10 Quality,0.9881039455977448,False
POLG_PESV_sub,44,100,Norm. Target Mean (Round),0.7506609843670503,False
POLG_PESV_sub,44,80,Norm. Target Mean (Cumulative),0.5540366721985083,False
POLG_PESV_sub,44,80,Top 10% peptides selected (%),9.161793372319687,False
POLG_PESV_sub,44,80,Remaining Top10 Quality,0.9801063643329218,False
POLG_PESV_sub,44,120,Norm. Target Mean (Round),0.7944145510920906,False
POLG_PESV_sub,44,100,Norm. Target Mean (Cumulative),0.6136023557865827,False
POLG_PESV_sub,44,100,Top 10% peptides selected (%),12.865497076023392,False
POLG_PESV_sub,44,100,Remaining Top10 Quality,0.9723438513422749,False
POLG_PESV_sub,44,140,Norm. Target Mean (Round),0.7220037459153511,False
POLG_PESV_sub,44,120,Norm. Target Mean (Cumulative),0.6647656438953039,False
POLG_PESV_sub,44,120,Top 10% peptides selected (%),16.569200779727094,False
POLG_PESV_sub,44,120,Remaining Top10 Quality,0.9618018927386254,False
POLG_PESV_sub,44,160,Norm. Target Mean (Round),0.7756871545857316,False
POLG_PESV_sub,44,140,Norm. Target Mean (Cumulative),0.6917620766085328,False
POLG_PESV_sub,44,140,Top 10% peptides selected (%),19.883040935672515,False
POLG_PESV_sub,44,140,Remaining Top10 Quality,0.9530693488568551,False
POLG_PESV_sub,44,180,Norm. Target Mean (Round),0.8578026628109846,False
POLG_PESV_sub,44,160,Norm. Target Mean (Cumulative),0.7214959506196904,False
POLG_PESV_sub,44,160,Top 10% peptides selected (%),23.00194931773879,False
POLG_PESV_sub,44,160,Remaining Top10 Quality,0.9413738233035699,False
POLG_PESV_sub,44,200,Norm. Target Mean (Round),0.7824868616171317,False
POLG_PESV_sub,44,180,Norm. Target Mean (Cumulative),0.7546567327624427,False
POLG_PESV_sub,44,180,Top 10% peptides selected (%),26.705653021442494,False
POLG_PESV_sub,44,180,Remaining Top10 Quality,0.9265746356185143,False
POLG_PESV_sub,44,200,Norm. Target Mean (Cumulative),0.7726414249035991,False
POLG_PESV_sub,44,200,Top 10% peptides selected (%),30.214424951267056,False
POLG_PESV_sub,44,200,Remaining Top10 Quality,0.9265746356185143,False
POLG_PESV_sub,42,20,Norm. Target Mean (Round),-0.1330422748432658,False
POLG_PESV_sub,42,40,Norm. Target Mean (Round),0.54473217311194,False
POLG_PESV_sub,42,20,Norm. Target Mean (Cumulative),-0.1330422748432658,False
POLG_PESV_sub,42,20,Top 10% peptides selected (%),0.3898635477582846,False
POLG_PESV_sub,42,20,Remaining Top10 Quality,1.000266526079615,False
POLG_PESV_sub,42,60,Norm. Target Mean (Round),0.6964528617567824,False
POLG_PESV_sub,42,40,Norm. Target Mean (Cumulative),0.2142522181529553,False
POLG_PESV_sub,42,40,Top 10% peptides selected (%),2.53411306042885,False
POLG_PESV_sub,42,40,Remaining Top10 Quality,0.9975726759343235,False
POLG_PESV_sub,42,80,Norm. Target Mean (Round),0.8144871851776655,False
POLG_PESV_sub,42,60,Norm. Target Mean (Cumulative),0.3929488967545299,False
POLG_PESV_sub,42,60,Top 10% peptides selected (%),5.653021442495127,False
POLG_PESV_sub,42,60,Remaining Top10 Quality,0.9908687017095621,False
POLG_PESV_sub,42,100,Norm. Target Mean (Round),0.720303830839328,False
POLG_PESV_sub,42,80,Norm. Target Mean (Cumulative),0.5203755576843686,False
POLG_PESV_sub,42,80,Top 10% peptides selected (%),9.35672514619883,False
POLG_PESV_sub,42,80,Remaining Top10 Quality,0.9797786584390645,False
POLG_PESV_sub,42,120,Norm. Target Mean (Round),0.8360289558669554,False
POLG_PESV_sub,42,100,Norm. Target Mean (Cumulative),0.5803159438047608,False
POLG_PESV_sub,42,100,Top 10% peptides selected (%),12.670565302144249,False
POLG_PESV_sub,42,100,Remaining Top10 Quality,0.9707564486821604,False
POLG_PESV_sub,42,140,Norm. Target Mean (Round),0.7625526694414396,False
POLG_PESV_sub,42,120,Norm. Target Mean (Cumulative),0.6445493247993248,False
POLG_PESV_sub,42,120,Top 10% peptides selected (%),16.569200779727094,False
POLG_PESV_sub,42,120,Remaining Top10 Quality,0.958146355217407,False
POLG_PESV_sub,42,160,Norm. Target Mean (Round),0.7722617229539332,False
POLG_PESV_sub,42,140,Norm. Target Mean (Cumulative),0.6807481047729959,False
POLG_PESV_sub,42,140,Top 10% peptides selected (%),19.883040935672515,False
POLG_PESV_sub,42,140,Remaining Top10 Quality,0.9473886048735727,False
POLG_PESV_sub,42,180,Norm. Target Mean (Round),0.7802990474917078,False
POLG_PESV_sub,42,160,Norm. Target Mean (Cumulative),0.7103501800576072,False
POLG_PESV_sub,42,160,Top 10% peptides selected (%),23.586744639376217,False
POLG_PESV_sub,42,160,Remaining Top10 Quality,0.9376285658326747,False
POLG_PESV_sub,42,200,Norm. Target Mean (Round),0.7722513316497933,False
POLG_PESV_sub,42,180,Norm. Target Mean (Cumulative),0.736021899188252,False
POLG_PESV_sub,42,180,Top 10% peptides selected (%),26.900584795321635,False
POLG_PESV_sub,42,180,Remaining Top10 Quality,0.9268914347599311,False
POLG_PESV_sub,42,200,Norm. Target Mean (Cumulative),0.7556580956185094,False
POLG_PESV_sub,42,200,Top 10% peptides selected (%),30.01949317738791,False
POLG_PESV_sub,42,200,Remaining Top10 Quality,0.9268914347599311,False
POLG_PESV_sub,43,20,Norm. Target Mean (Round),0.09591173330080491,False
POLG_PESV_sub,43,40,Norm. Target Mean (Round),0.5358897358725645,False
POLG_PESV_sub,43,20,Norm. Target Mean (Cumulative),0.09591173330080491,False
POLG_PESV_sub,43,20,Top 10% peptides selected (%),0.3898635477582846,False
POLG_PESV_sub,43,20,Remaining Top10 Quality,1.0002788719814852,False
POLG_PESV_sub,43,60,Norm. Target Mean (Round),0.6434243756057462,False
POLG_PESV_sub,43,40,Norm. Target Mean (Cumulative),0.328523139326658,False
POLG_PESV_sub,43,40,Top 10% peptides selected (%),2.53411306042885,False
POLG_PESV_sub,43,40,Remaining Top10 Quality,0.996899388749218,False
POLG_PESV_sub,43,80,Norm. Target Mean (Round),0.5973356947085581,False
POLG_PESV_sub,43,60,Norm. Target Mean (Cumulative),0.44920448499861687,False
POLG_PESV_sub,43,60,Top 10% peptides selected (%),4.8732943469785575,False
POLG_PESV_sub,43,60,Remaining Top10 Quality,0.9907308560184482,False
POLG_PESV_sub,43,100,Norm. Target Mean (Round),0.8238511888015676,False
POLG_PESV_sub,43,80,Norm. Target Mean (Cumulative),0.5003380268715332,False
POLG_PESV_sub,43,80,Top 10% peptides selected (%),7.212475633528265,False
POLG_PESV_sub,43,80,Remaining Top10 Quality,0.9853506298616955,False
POLG_PESV_sub,43,120,Norm. Target Mean (Round),0.7263463821317735,False
POLG_PESV_sub,43,100,Norm. Target Mean (Cumulative),0.5826781771256303,False
POLG_PESV_sub,43,100,Top 10% peptides selected (%),10.916179337231968,False
POLG_PESV_sub,43,100,Remaining Top10 Quality,0.9736774242450762,False
POLG_PESV_sub,43,140,Norm. Target Mean (Round),0.8222032897784838,False
POLG_PESV_sub,43,120,Norm. Target Mean (Cumulative),0.6228341565425725,False
POLG_PESV_sub,43,120,Top 10% peptides selected (%),14.035087719298245,False
POLG_PESV_sub,43,120,Remaining Top10 Quality,0.9646484718422816,False
POLG_PESV_sub,43,160,Norm. Target Mean (Round),0.8145641371697351,False
POLG_PESV_sub,43,140,Norm. Target Mean (Cumulative),0.6687980844535669,False
POLG_PESV_sub,43,140,Top 10% peptides selected (%),17.73879142300195,False
POLG_PESV_sub,43,140,Remaining Top10 Quality,0.9534777558906429,False
POLG_PESV_sub,43,180,Norm. Target Mean (Round),0.6867033795685054,False
POLG_PESV_sub,43,160,Norm. Target Mean (Cumulative),0.7042619883212876,False
POLG_PESV_sub,43,160,Top 10% peptides selected (%),21.24756335282651,False
POLG_PESV_sub,43,160,Remaining Top10 Quality,0.9419476217813758,False
POLG_PESV_sub,43,200,Norm. Target Mean (Round),0.7555904777438663,False
POLG_PESV_sub,43,180,Norm. Target Mean (Cumulative),0.7170939410159181,False
POLG_PESV_sub,43,180,Top 10% peptides selected (%),23.976608187134502,False
POLG_PESV_sub,43,180,Remaining Top10 Quality,0.9348860632739997,False
POLG_PESV_sub,43,200,Norm. Target Mean (Cumulative),0.7362577232433127,False
POLG_PESV_sub,43,200,Top 10% peptides selected (%),27.485380116959064,False
POLG_PESV_sub,43,200,Remaining Top10 Quality,0.9348860632739997,False
