Model,CV MSE,Test MSE,Test RMSE,Test MAE,Test R2,Test Spearman Correlation,Top 20 Accuracy,Seed,Label,Train Size,Foundation,Dataset,Baseline
GaussianProcessRegressor,0.201995907086378,0.1133650542061227,0.3366972738323296,0.2971337611027142,0.9236855666135232,0.9593984962406013,100.0,49,score,60,facebook/esm2_t33_650M_UR50D,SDA_BACSU_Tsuboyama_2023_1PV0_indels,False
GaussianProcessRegressor,1.2105501211497067,1.5455563461239847,1.2432040645541602,1.144132910546688,-0.0404287074821947,-0.0977443609022556,100.0,49,score,60,facebook/esm2_t33_650M_UR50D,SDA_BACSU_Tsuboyama_2023_1PV0_indels,True
GaussianProcessRegressor,0.1551939347189982,0.1012502049174844,0.3181983735305453,0.2754343416613461,0.9318409709883492,0.9699248120300752,100.0,49,score,80,facebook/esm2_t33_650M_UR50D,SDA_BACSU_Tsuboyama_2023_1PV0_indels,False
GaussianProcessRegressor,1.1546409734586556,1.596822252268305,1.2636543246743963,1.1654169838859074,-0.074939594517406,-0.0796992481203007,100.0,49,score,80,facebook/esm2_t33_650M_UR50D,SDA_BACSU_Tsuboyama_2023_1PV0_indels,True
GaussianProcessRegressor,0.2331522675002904,0.1690053133364021,0.411102558173021,0.3576985756608008,0.8862299778631878,0.938345864661654,100.0,49,score,20,facebook/esm2_t33_650M_UR50D,SDA_BACSU_Tsuboyama_2023_1PV0_indels,False
GaussianProcessRegressor,1.4657156360011283,1.5505880852563605,1.245226118123275,1.1284592079607407,-0.0438159446120569,-0.0601503759398496,100.0,49,score,20,facebook/esm2_t33_650M_UR50D,SDA_BACSU_Tsuboyama_2023_1PV0_indels,True
GaussianProcessRegressor,0.2038045638977039,0.223622088821545,0.4728869725648456,0.3855074969876519,0.8494633719304049,0.8992481203007519,100.0,49,score,40,facebook/esm2_t33_650M_UR50D,SDA_BACSU_Tsuboyama_2023_1PV0_indels,False
GaussianProcessRegressor,1.1638651479358102,1.5483392284759168,1.2443227991465546,1.1399597513104047,-0.042302072174305,-0.0120300751879699,100.0,49,score,40,facebook/esm2_t33_650M_UR50D,SDA_BACSU_Tsuboyama_2023_1PV0_indels,True
GaussianProcessRegressor,0.1214008279697528,0.1836053093487354,0.4284919011471926,0.3428271184709384,0.8879056017896254,0.9578947368421054,100.0,51,score,80,facebook/esm2_t33_650M_UR50D,SDA_BACSU_Tsuboyama_2023_1PV0_indels,False
GaussianProcessRegressor,1.1458511819814756,1.922257624776525,1.3864550568902425,1.2096373464863726,-0.1735734245318689,-0.2325275913689526,100.0,51,score,80,facebook/esm2_t33_650M_UR50D,SDA_BACSU_Tsuboyama_2023_1PV0_indels,True
GaussianProcessRegressor,0.2707763317629292,0.7785194423774369,0.8823374878001257,0.6969966458467027,0.524699646769903,0.8481203007518796,100.0,51,score,20,facebook/esm2_t33_650M_UR50D,SDA_BACSU_Tsuboyama_2023_1PV0_indels,False
GaussianProcessRegressor,1.0165639587396005,1.7133920066954569,1.3089660066997373,1.1463755045653437,-0.0460571460065792,,100.0,51,score,20,facebook/esm2_t33_650M_UR50D,SDA_BACSU_Tsuboyama_2023_1PV0_indels,True
GaussianProcessRegressor,0.3091226422886945,0.2726832410620677,0.5221908090555287,0.3903209916009172,0.8335218958682171,0.9157894736842104,100.0,51,score,40,facebook/esm2_t33_650M_UR50D,SDA_BACSU_Tsuboyama_2023_1PV0_indels,False
GaussianProcessRegressor,1.3197807318186698,1.6638204727402122,1.2898916515507075,1.1349927638104835,-0.01579281821133,,100.0,51,score,40,facebook/esm2_t33_650M_UR50D,SDA_BACSU_Tsuboyama_2023_1PV0_indels,True
GaussianProcessRegressor,0.1790974782957041,0.1840671896888901,0.4290305230270803,0.3237094211850742,0.88762361539741,0.9744360902255638,100.0,51,score,60,facebook/esm2_t33_650M_UR50D,SDA_BACSU_Tsuboyama_2023_1PV0_indels,False
GaussianProcessRegressor,1.3059931023270863,1.64898049813362,1.28412635598434,1.1294106538208344,-0.0067327423949841,,100.0,51,score,60,facebook/esm2_t33_650M_UR50D,SDA_BACSU_Tsuboyama_2023_1PV0_indels,True
GaussianProcessRegressor,0.3574423508055227,0.4934287892229208,0.7024448656107616,0.6036243890042418,0.7169617554257244,0.8616541353383457,100.0,43,score,20,facebook/esm2_t33_650M_UR50D,SDA_BACSU_Tsuboyama_2023_1PV0_indels,False
GaussianProcessRegressor,0.9123910933268888,1.8811506480053977,1.371550454050232,1.1505398387052888,-0.0790565707155457,0.0736842105263157,100.0,43,score,20,facebook/esm2_t33_650M_UR50D,SDA_BACSU_Tsuboyama_2023_1PV0_indels,True
GaussianProcessRegressor,0.1569219760020613,0.2744426261070498,0.5238727193766152,0.411327238059207,0.8425755431659655,0.9203007518796992,100.0,43,score,40,facebook/esm2_t33_650M_UR50D,SDA_BACSU_Tsuboyama_2023_1PV0_indels,False
GaussianProcessRegressor,1.20865897215883,1.9454554642207695,1.394795850374086,1.1885977975709578,-0.1159427895515681,-0.1954887218045112,100.0,43,score,40,facebook/esm2_t33_650M_UR50D,SDA_BACSU_Tsuboyama_2023_1PV0_indels,True
GaussianProcessRegressor,0.1413631007050292,0.1604257136068848,0.400531788509832,0.2946077421888659,0.9079773751438844,0.9684210526315788,100.0,43,score,80,facebook/esm2_t33_650M_UR50D,SDA_BACSU_Tsuboyama_2023_1PV0_indels,False
GaussianProcessRegressor,1.2314877700897868,1.756866227714476,1.3254683050584333,1.1676272850708898,-0.007765140390872,,100.0,43,score,80,facebook/esm2_t33_650M_UR50D,SDA_BACSU_Tsuboyama_2023_1PV0_indels,True
GaussianProcessRegressor,0.1386789998714783,0.2333999011283759,0.4831147908399989,0.3489590901506689,0.8661182733110857,0.9593984962406013,100.0,43,score,60,facebook/esm2_t33_650M_UR50D,SDA_BACSU_Tsuboyama_2023_1PV0_indels,False
GaussianProcessRegressor,1.250075008130731,1.7650061407838673,1.328535336671128,1.16762728507089,-0.0124343181049977,,100.0,43,score,60,facebook/esm2_t33_650M_UR50D,SDA_BACSU_Tsuboyama_2023_1PV0_indels,True
GaussianProcessRegressor,0.1588673069037477,0.0931054369370322,0.3051318353384849,0.2372378958071232,0.9154867737403032,0.9338345864661652,100.0,47,score,60,facebook/esm2_t33_650M_UR50D,SDA_BACSU_Tsuboyama_2023_1PV0_indels,False
GaussianProcessRegressor,1.2358629266518273,1.107320992274547,1.052293206418509,0.9170079907819364,-0.0051321667229984,0.1263157894736842,100.0,47,score,60,facebook/esm2_t33_650M_UR50D,SDA_BACSU_Tsuboyama_2023_1PV0_indels,True
GaussianProcessRegressor,0.1951837190203908,0.2415781022325576,0.4915059534049996,0.404959408022591,0.7807158691798404,0.9112781954887216,100.0,47,score,20,facebook/esm2_t33_650M_UR50D,SDA_BACSU_Tsuboyama_2023_1PV0_indels,False
GaussianProcessRegressor,1.2845520705315558,1.1243263491510014,1.0603425621708304,0.905070625961254,-0.0205681887277999,,100.0,47,score,20,facebook/esm2_t33_650M_UR50D,SDA_BACSU_Tsuboyama_2023_1PV0_indels,True
GaussianProcessRegressor,0.2274041190206746,0.072312078603069,0.2689090526610605,0.2191688996332495,0.9343612224877558,0.9473684210526316,100.0,47,score,40,facebook/esm2_t33_650M_UR50D,SDA_BACSU_Tsuboyama_2023_1PV0_indels,False
GaussianProcessRegressor,1.5372743093840613,1.1719932517075289,1.082586371476904,0.932599215167874,-0.0638361637611293,,100.0,47,score,40,facebook/esm2_t33_650M_UR50D,SDA_BACSU_Tsuboyama_2023_1PV0_indels,True
GaussianProcessRegressor,0.1473366401880304,0.0904634644309325,0.3007714488293936,0.2384038471531725,0.9178849325108904,0.9488721804511278,100.0,47,score,80,facebook/esm2_t33_650M_UR50D,SDA_BACSU_Tsuboyama_2023_1PV0_indels,False
GaussianProcessRegressor,1.3254383571614154,1.1510170849154528,1.0728546429574943,0.9363761519959216,-0.044795776985878,0.1142857142857142,100.0,47,score,80,facebook/esm2_t33_650M_UR50D,SDA_BACSU_Tsuboyama_2023_1PV0_indels,True
GaussianProcessRegressor,0.2360563418940907,0.4830351839089317,0.6950073265145712,0.5565734826826286,0.6139312640891276,0.8676691729323308,100.0,44,score,20,facebook/esm2_t33_650M_UR50D,SDA_BACSU_Tsuboyama_2023_1PV0_indels,False
GaussianProcessRegressor,1.154496684129443,1.258359369705095,1.1217661831705816,0.9436443431110972,-0.0057511903216562,,100.0,44,score,20,facebook/esm2_t33_650M_UR50D,SDA_BACSU_Tsuboyama_2023_1PV0_indels,True
GaussianProcessRegressor,0.1574882422914265,0.1825773612578544,0.4272907221761952,0.3439472634295367,0.8540739610387226,0.9473684210526316,100.0,44,score,60,facebook/esm2_t33_650M_UR50D,SDA_BACSU_Tsuboyama_2023_1PV0_indels,False
GaussianProcessRegressor,1.158903156345662,1.2701440771261647,1.1270066890334611,0.9277617516191904,-0.0151701876301206,,100.0,44,score,60,facebook/esm2_t33_650M_UR50D,SDA_BACSU_Tsuboyama_2023_1PV0_indels,True
GaussianProcessRegressor,0.1370525243641635,0.1682733896593395,0.410211396306026,0.3307635378702872,0.8655064951842784,0.9218045112781956,100.0,44,score,80,facebook/esm2_t33_650M_UR50D,SDA_BACSU_Tsuboyama_2023_1PV0_indels,False
GaussianProcessRegressor,1.1678673574149787,1.2528897230662142,1.119325566163042,0.9566288811159036,-0.0013795428017728,,100.0,44,score,80,facebook/esm2_t33_650M_UR50D,SDA_BACSU_Tsuboyama_2023_1PV0_indels,True
GaussianProcessRegressor,0.2220722787189802,0.4939442906592467,0.7028117035588172,0.5347401701577276,0.605212095810477,0.932330827067669,100.0,44,score,40,facebook/esm2_t33_650M_UR50D,SDA_BACSU_Tsuboyama_2023_1PV0_indels,False
GaussianProcessRegressor,1.0048470499685038,1.3675162635674385,1.1694085101312708,0.9090422842308422,-0.0929954852162024,,100.0,44,score,40,facebook/esm2_t33_650M_UR50D,SDA_BACSU_Tsuboyama_2023_1PV0_indels,True
GaussianProcessRegressor,0.1063172545727325,0.1016905994506508,0.318889635219853,0.2272474639779562,0.9145951916598128,0.9729323308270676,100.0,45,score,80,facebook/esm2_t33_650M_UR50D,SDA_BACSU_Tsuboyama_2023_1PV0_indels,False
GaussianProcessRegressor,1.3262900911173583,1.2267136046160418,1.1075710381804147,0.8998426196386827,-0.0302549189060039,,100.0,45,score,80,facebook/esm2_t33_650M_UR50D,SDA_BACSU_Tsuboyama_2023_1PV0_indels,True
GaussianProcessRegressor,0.4428136190840795,0.3985215071056553,0.6312855986838726,0.5631350415427111,0.6653018753191822,0.882706766917293,100.0,45,score,20,facebook/esm2_t33_650M_UR50D,SDA_BACSU_Tsuboyama_2023_1PV0_indels,False
GaussianProcessRegressor,1.3732471291322377,1.1908884958339516,1.0912783768745498,0.876163737997266,-0.0001672159538192,,100.0,45,score,20,facebook/esm2_t33_650M_UR50D,SDA_BACSU_Tsuboyama_2023_1PV0_indels,True
GaussianProcessRegressor,0.1694788908801499,0.1443586400014719,0.379945575051838,0.259502233159672,0.8787604552615618,0.97593984962406,100.0,45,score,60,facebook/esm2_t33_650M_UR50D,SDA_BACSU_Tsuboyama_2023_1PV0_indels,False
GaussianProcessRegressor,1.3915249454433405,1.2241544173698575,1.1064151198216057,0.8977828283182973,-0.028105586544431,,100.0,45,score,60,facebook/esm2_t33_650M_UR50D,SDA_BACSU_Tsuboyama_2023_1PV0_indels,True
GaussianProcessRegressor,0.2674143641748346,0.2424287629062011,0.492370554467061,0.3380986919982095,0.7963963026670872,0.9278195488721804,100.0,45,score,40,facebook/esm2_t33_650M_UR50D,SDA_BACSU_Tsuboyama_2023_1PV0_indels,False
GaussianProcessRegressor,1.4266308644384964,1.2081743380467789,1.0991698404008268,0.8879757668630122,-0.0146847234634652,,100.0,45,score,40,facebook/esm2_t33_650M_UR50D,SDA_BACSU_Tsuboyama_2023_1PV0_indels,True
GaussianProcessRegressor,0.1135941832294225,0.2311615743159503,0.4807926521027025,0.3410384386797107,0.8260185610205965,0.8120300751879698,100.0,48,score,60,facebook/esm2_t33_650M_UR50D,SDA_BACSU_Tsuboyama_2023_1PV0_indels,False
GaussianProcessRegressor,1.3363190200379431,1.3577927805306695,1.165243657151014,1.0863224332594932,-0.0219291095054252,,100.0,48,score,60,facebook/esm2_t33_650M_UR50D,SDA_BACSU_Tsuboyama_2023_1PV0_indels,True
GaussianProcessRegressor,0.1145318108704575,0.1679535259215692,0.4098213341464414,0.2970457392364971,0.8735914642908585,0.8300751879699247,100.0,48,score,80,facebook/esm2_t33_650M_UR50D,SDA_BACSU_Tsuboyama_2023_1PV0_indels,False
GaussianProcessRegressor,1.2984775186653077,1.422072759077443,1.1925069220249591,1.0955324286341734,-0.0703087902470316,-0.1744360902255639,100.0,48,score,80,facebook/esm2_t33_650M_UR50D,SDA_BACSU_Tsuboyama_2023_1PV0_indels,True
GaussianProcessRegressor,0.3099573505987767,0.2629698016211785,0.5128058127802166,0.41780923112184,0.8020784179655762,0.7924812030075187,100.0,48,score,20,facebook/esm2_t33_650M_UR50D,SDA_BACSU_Tsuboyama_2023_1PV0_indels,False
GaussianProcessRegressor,1.7056005312924811,1.4681113886286017,1.2116564647739894,1.1268710544385587,-0.1049593027366311,,100.0,48,score,20,facebook/esm2_t33_650M_UR50D,SDA_BACSU_Tsuboyama_2023_1PV0_indels,True
GaussianProcessRegressor,0.2278194453221418,0.2270176078687081,0.4764636480034003,0.3755184770322802,0.8291374757784107,0.8030075187969924,100.0,48,score,40,facebook/esm2_t33_650M_UR50D,SDA_BACSU_Tsuboyama_2023_1PV0_indels,False
GaussianProcessRegressor,1.589746666756428,1.3649406503119177,1.168306744956956,1.0902805271587226,-0.0273088819605098,,100.0,48,score,40,facebook/esm2_t33_650M_UR50D,SDA_BACSU_Tsuboyama_2023_1PV0_indels,True
GaussianProcessRegressor,0.1576865090016428,0.1140915785510471,0.3377744492276572,0.2452543395072098,0.902756209299486,0.8992481203007519,100.0,42,score,80,facebook/esm2_t33_650M_UR50D,SDA_BACSU_Tsuboyama_2023_1PV0_indels,False
GaussianProcessRegressor,1.258913907793521,1.214072621493462,1.101849636517371,1.0404305495554618,-0.0347917471131433,,100.0,42,score,80,facebook/esm2_t33_650M_UR50D,SDA_BACSU_Tsuboyama_2023_1PV0_indels,True
GaussianProcessRegressor,0.1770739954201977,0.1272512478954898,0.3567229287493164,0.2749257250153952,0.8915398149987762,0.8842105263157894,100.0,42,score,60,facebook/esm2_t33_650M_UR50D,SDA_BACSU_Tsuboyama_2023_1PV0_indels,False
GaussianProcessRegressor,1.1757884267553156,1.1902242851522788,1.0909740075511785,1.0332540585836534,-0.0144650704454183,,100.0,42,score,60,facebook/esm2_t33_650M_UR50D,SDA_BACSU_Tsuboyama_2023_1PV0_indels,True
GaussianProcessRegressor,0.2876125941920786,0.2433943199954009,0.4933500988095582,0.3972358994226619,0.7925474727239677,0.8330827067669173,100.0,42,score,40,facebook/esm2_t33_650M_UR50D,SDA_BACSU_Tsuboyama_2023_1PV0_indels,False
GaussianProcessRegressor,1.3095469028737976,1.1809999992233835,1.0867382385944573,1.029028355911708,-0.0066029254771124,-0.0796992481203007,100.0,42,score,40,facebook/esm2_t33_650M_UR50D,SDA_BACSU_Tsuboyama_2023_1PV0_indels,True
GaussianProcessRegressor,0.7719494414869462,0.246139442567406,0.4961244224661855,0.3742985385255759,0.7902077196218588,0.9052631578947368,100.0,42,score,20,facebook/esm2_t33_650M_UR50D,SDA_BACSU_Tsuboyama_2023_1PV0_indels,False
GaussianProcessRegressor,1.6878333795399567,1.175580225924667,1.0842417746631363,1.0154026740658693,-0.0019834846121689,,100.0,42,score,20,facebook/esm2_t33_650M_UR50D,SDA_BACSU_Tsuboyama_2023_1PV0_indels,True
GaussianProcessRegressor,0.0973817610264324,0.1268166359964245,0.356113234795373,0.2870887375297083,0.8809602140284017,0.9578947368421054,100.0,46,score,80,facebook/esm2_t33_650M_UR50D,SDA_BACSU_Tsuboyama_2023_1PV0_indels,False
GaussianProcessRegressor,1.2307035110778384,1.25221670740599,1.1190248913254746,0.96538467197592,-0.1754262969400264,-0.2646616541353383,100.0,46,score,80,facebook/esm2_t33_650M_UR50D,SDA_BACSU_Tsuboyama_2023_1PV0_indels,True
GaussianProcessRegressor,0.2297701583691106,0.1585411173512831,0.398172220717723,0.2964088004250336,0.8511811914193428,0.9624060150375938,100.0,46,score,40,facebook/esm2_t33_650M_UR50D,SDA_BACSU_Tsuboyama_2023_1PV0_indels,False
GaussianProcessRegressor,1.3211058245399838,1.2824584472741458,1.1324568191653692,0.973041686664568,-0.2038135050774154,-0.3548872180451127,100.0,46,score,40,facebook/esm2_t33_650M_UR50D,SDA_BACSU_Tsuboyama_2023_1PV0_indels,True
GaussianProcessRegressor,0.1207044725057079,0.1632097442349274,0.403992257642306,0.2995463136584161,0.8467988614462789,0.956390977443609,100.0,46,score,60,facebook/esm2_t33_650M_UR50D,SDA_BACSU_Tsuboyama_2023_1PV0_indels,False
GaussianProcessRegressor,1.270133230171104,1.0653298494913606,1.0321481722559802,0.87134313371163,-1.0063206712374042e-08,,100.0,46,score,60,facebook/esm2_t33_650M_UR50D,SDA_BACSU_Tsuboyama_2023_1PV0_indels,True
GaussianProcessRegressor,0.2790621260413338,0.2659692201122398,0.5157220376445434,0.3747910229180423,0.7503409644292521,0.882706766917293,100.0,46,score,20,facebook/esm2_t33_650M_UR50D,SDA_BACSU_Tsuboyama_2023_1PV0_indels,False
GaussianProcessRegressor,1.055605786784627,1.2027658619337631,1.096706825880902,0.8961650186461364,-0.1290079543079569,,100.0,46,score,20,facebook/esm2_t33_650M_UR50D,SDA_BACSU_Tsuboyama_2023_1PV0_indels,True
GaussianProcessRegressor,0.1238630644812397,0.1936874231125012,0.4400993332334204,0.3772319773252001,0.7867383749925994,0.8676691729323308,100.0,50,score,40,facebook/esm2_t33_650M_UR50D,SDA_BACSU_Tsuboyama_2023_1PV0_indels,False
GaussianProcessRegressor,1.4977146991410064,0.9087253546698404,0.9532708716151148,0.803596425414626,-0.0005618470629979,,100.0,50,score,40,facebook/esm2_t33_650M_UR50D,SDA_BACSU_Tsuboyama_2023_1PV0_indels,True
GaussianProcessRegressor,0.1389446293805446,0.4081215434394727,0.6388439116399817,0.5161332577650011,0.55063337538506,0.8300751879699247,100.0,50,score,20,facebook/esm2_t33_650M_UR50D,SDA_BACSU_Tsuboyama_2023_1PV0_indels,False
GaussianProcessRegressor,1.9391772008288413,0.90905788794359,0.9534452726525996,0.7881102619802969,-0.0009279864084921,,100.0,50,score,20,facebook/esm2_t33_650M_UR50D,SDA_BACSU_Tsuboyama_2023_1PV0_indels,True
GaussianProcessRegressor,0.1058295372052382,0.1951014607171529,0.441702910016623,0.369793825360709,0.7851814336458479,0.8977443609022555,100.0,50,score,60,facebook/esm2_t33_650M_UR50D,SDA_BACSU_Tsuboyama_2023_1PV0_indels,False
GaussianProcessRegressor,1.482694531043729,0.9173794533471288,0.9577992761258116,0.8255388507044055,-0.0100905356956146,,100.0,50,score,60,facebook/esm2_t33_650M_UR50D,SDA_BACSU_Tsuboyama_2023_1PV0_indels,True
GaussianProcessRegressor,0.1035646437859641,0.1843963673984432,0.4294139813728044,0.3312414137771596,0.7969683920364186,0.8736842105263156,100.0,50,score,80,facebook/esm2_t33_650M_UR50D,SDA_BACSU_Tsuboyama_2023_1PV0_indels,False
GaussianProcessRegressor,1.526952002039053,0.9204843475612724,0.9594187550602042,0.7635896032248553,-0.0135092129382754,,100.0,50,score,80,facebook/esm2_t33_650M_UR50D,SDA_BACSU_Tsuboyama_2023_1PV0_indels,True
GaussianProcessRegressor,0.4449220722363436,0.505095849575831,0.7107009565040918,0.5788239522375228,0.3497913234599255,0.669172932330827,100.0,43,score,60,facebook/esm2_t33_650M_UR50D,POLG_PESV_Tsuboyama_2023_2MXD_indels,False
GaussianProcessRegressor,1.2264505086893207,0.7782330302031307,0.8821751697951664,0.8075411386859477,-0.0018175145036125,,100.0,43,score,60,facebook/esm2_t33_650M_UR50D,POLG_PESV_Tsuboyama_2023_2MXD_indels,True
GaussianProcessRegressor,0.6755332451280281,0.9698618585517492,0.9848156469876732,0.7353875546993154,-0.2485008459388553,0.4526315789473684,100.0,43,score,40,facebook/esm2_t33_650M_UR50D,POLG_PESV_Tsuboyama_2023_2MXD_indels,False
GaussianProcessRegressor,1.368184395582794,0.7728892244587222,0.8791411857368089,0.783698088301738,0.0050615538230763,0.2436090225563909,100.0,43,score,40,facebook/esm2_t33_650M_UR50D,POLG_PESV_Tsuboyama_2023_2MXD_indels,True
GaussianProcessRegressor,0.4456317229516403,0.2972863922478407,0.5452397566647545,0.4528104416625608,0.6173039397984168,0.8676691729323308,100.0,43,score,80,facebook/esm2_t33_650M_UR50D,POLG_PESV_Tsuboyama_2023_2MXD_indels,False
GaussianProcessRegressor,1.1803684147228757,0.7179383359806382,0.8473124193475734,0.7156393262087337,0.075799700854063,0.3458646616541352,100.0,43,score,80,facebook/esm2_t33_650M_UR50D,POLG_PESV_Tsuboyama_2023_2MXD_indels,True
GaussianProcessRegressor,1.2773423877556025,0.6965329166318294,0.8345854759291161,0.7328602684420836,0.1033548458770567,0.3714285714285714,100.0,43,score,20,facebook/esm2_t33_650M_UR50D,POLG_PESV_Tsuboyama_2023_2MXD_indels,False
GaussianProcessRegressor,1.7117000645415394,0.7938484386920497,0.8909817274737174,0.8152432426032368,-0.0219191924242272,,100.0,43,score,20,facebook/esm2_t33_650M_UR50D,POLG_PESV_Tsuboyama_2023_2MXD_indels,True
GaussianProcessRegressor,0.3954096468363534,0.7023174375997353,0.8380438160381206,0.6783316763770959,0.5714243678789213,0.8390977443609022,100.0,49,score,60,facebook/esm2_t33_650M_UR50D,POLG_PESV_Tsuboyama_2023_2MXD_indels,False
GaussianProcessRegressor,1.28527025824917,1.2942626547184255,1.1376566506281347,0.95958967355021,0.2102012484947252,0.5414370071896066,100.0,49,score,60,facebook/esm2_t33_650M_UR50D,POLG_PESV_Tsuboyama_2023_2MXD_indels,True
GaussianProcessRegressor,0.6257872673674518,0.721625399921235,0.8494853735769881,0.7144775069077611,0.5596420573254663,0.8541353383458646,100.0,49,score,40,facebook/esm2_t33_650M_UR50D,POLG_PESV_Tsuboyama_2023_2MXD_indels,False
GaussianProcessRegressor,1.567861053288969,1.320829705442081,1.1492735555306584,1.0158082263432886,0.1939892196486287,0.3984962406015037,100.0,49,score,40,facebook/esm2_t33_650M_UR50D,POLG_PESV_Tsuboyama_2023_2MXD_indels,True
GaussianProcessRegressor,0.8037863347733524,1.4276723464794483,1.1948524371149136,0.9622420903977886,0.1287905644983745,0.5969924812030075,100.0,49,score,20,facebook/esm2_t33_650M_UR50D,POLG_PESV_Tsuboyama_2023_2MXD_indels,False
GaussianProcessRegressor,0.843576642924177,1.758301758869234,1.3260097129618749,1.1049959578737694,-0.0729696394018033,,100.0,49,score,20,facebook/esm2_t33_650M_UR50D,POLG_PESV_Tsuboyama_2023_2MXD_indels,True
GaussianProcessRegressor,0.4122031031251782,0.4912958324548541,0.7009249834717365,0.5483862034950311,0.700196220853637,0.9052631578947368,100.0,49,score,80,facebook/esm2_t33_650M_UR50D,POLG_PESV_Tsuboyama_2023_2MXD_indels,False
GaussianProcessRegressor,1.206722514584864,1.3665220465428811,1.168983338864537,1.019892782708668,0.1661063522698923,0.3779644730092272,100.0,49,score,80,facebook/esm2_t33_650M_UR50D,POLG_PESV_Tsuboyama_2023_2MXD_indels,True
GaussianProcessRegressor,0.5792969252388074,0.2207248572714007,0.4698136410018346,0.3985922417743389,0.7172995174870374,0.8526315789473683,100.0,42,score,60,facebook/esm2_t33_650M_UR50D,POLG_PESV_Tsuboyama_2023_2MXD_indels,False
GaussianProcessRegressor,1.2136721619980295,0.8540341702288226,0.9241396919453372,0.8044616116115485,-0.0938318184497863,,100.0,42,score,60,facebook/esm2_t33_650M_UR50D,POLG_PESV_Tsuboyama_2023_2MXD_indels,True
GaussianProcessRegressor,0.5142304591891966,0.218195775405138,0.4671143065729609,0.3806125622780988,0.7205387206866485,0.8571428571428572,100.0,42,score,80,facebook/esm2_t33_650M_UR50D,POLG_PESV_Tsuboyama_2023_2MXD_indels,False
GaussianProcessRegressor,1.227757828018285,0.8544566093346253,0.9243682217247764,0.804617459884339,-0.0943728709643021,,100.0,42,score,80,facebook/esm2_t33_650M_UR50D,POLG_PESV_Tsuboyama_2023_2MXD_indels,True
GaussianProcessRegressor,0.8320609690801988,0.4481709472299558,0.6694557096850813,0.548311006685096,0.4259905993532324,0.5954887218045113,100.0,42,score,40,facebook/esm2_t33_650M_UR50D,POLG_PESV_Tsuboyama_2023_2MXD_indels,False
GaussianProcessRegressor,1.2026019488568314,0.882404630991706,0.939363950229998,0.8144713418850185,-0.1301682014287117,,100.0,42,score,40,facebook/esm2_t33_650M_UR50D,POLG_PESV_Tsuboyama_2023_2MXD_indels,True
GaussianProcessRegressor,1.2306519332100432,0.4470654206391126,0.6686295092494143,0.5719075829556347,0.4274065382036447,0.5894736842105263,100.0,42,score,20,facebook/esm2_t33_650M_UR50D,POLG_PESV_Tsuboyama_2023_2MXD_indels,False
GaussianProcessRegressor,1.4137853311591215,0.911572993858581,0.9547633182410084,0.8273310292411967,-0.167526523271184,,100.0,42,score,20,facebook/esm2_t33_650M_UR50D,POLG_PESV_Tsuboyama_2023_2MXD_indels,True
GaussianProcessRegressor,0.4633233991913337,0.5988455553568623,0.773851119632751,0.6334464946723459,0.4999010140332477,0.7744360902255639,100.0,44,score,60,facebook/esm2_t33_650M_UR50D,POLG_PESV_Tsuboyama_2023_2MXD_indels,False
GaussianProcessRegressor,1.430244260158825,1.1997425160505826,1.0953275838992564,0.9143356500556136,-0.0019111110218592,,100.0,44,score,60,facebook/esm2_t33_650M_UR50D,POLG_PESV_Tsuboyama_2023_2MXD_indels,True
GaussianProcessRegressor,1.278925263903038,0.6697587452968606,0.8183878941534146,0.6317490750592627,0.440681046441558,0.7488721804511278,100.0,44,score,20,facebook/esm2_t33_650M_UR50D,POLG_PESV_Tsuboyama_2023_2MXD_indels,False
GaussianProcessRegressor,1.207776905820902,1.3048609509966842,1.1423051041629309,0.8826257687767972,-0.0896960536547395,0.0797292271501818,100.0,44,score,20,facebook/esm2_t33_650M_UR50D,POLG_PESV_Tsuboyama_2023_2MXD_indels,True
GaussianProcessRegressor,0.6784376081451391,0.382102395744957,0.6181443162765125,0.5152498759445627,0.6809043351191837,0.8481203007518796,100.0,44,score,40,facebook/esm2_t33_650M_UR50D,POLG_PESV_Tsuboyama_2023_2MXD_indels,False
GaussianProcessRegressor,1.0801059073565236,1.3781460230063682,1.1739446422239714,0.8692251817564657,-0.1508967920933894,0.2195488721804511,100.0,44,score,40,facebook/esm2_t33_650M_UR50D,POLG_PESV_Tsuboyama_2023_2MXD_indels,True
GaussianProcessRegressor,0.3516458781668303,0.8360497601092345,0.9143575668791912,0.7528515468466751,0.3018105695061607,0.7834586466165413,100.0,44,score,80,facebook/esm2_t33_650M_UR50D,POLG_PESV_Tsuboyama_2023_2MXD_indels,False
GaussianProcessRegressor,1.356899205674916,1.2012388184788807,1.096010409840564,0.9157039054552304,-0.0031606808323016,,100.0,44,score,80,facebook/esm2_t33_650M_UR50D,POLG_PESV_Tsuboyama_2023_2MXD_indels,True
GaussianProcessRegressor,0.8600795090185478,0.696971738461195,0.8348483326096993,0.6266803616182004,0.3776489999284408,0.544360902255639,100.0,48,score,20,facebook/esm2_t33_650M_UR50D,POLG_PESV_Tsuboyama_2023_2MXD_indels,False
GaussianProcessRegressor,1.5038318739308305,1.1224883941530115,1.0594755278688657,0.8717136729337884,-0.0023100451851965,,100.0,48,score,20,facebook/esm2_t33_650M_UR50D,POLG_PESV_Tsuboyama_2023_2MXD_indels,True
GaussianProcessRegressor,0.3315701507371904,0.300442609221118,0.5481264536775414,0.4050551408654831,0.7317240456181253,0.9052631578947368,100.0,48,score,80,facebook/esm2_t33_650M_UR50D,POLG_PESV_Tsuboyama_2023_2MXD_indels,False
GaussianProcessRegressor,1.2083807839389669,1.0265670358029275,1.0131964448234745,0.8049004695032288,0.0833415673596655,0.2917293233082706,100.0,48,score,80,facebook/esm2_t33_650M_UR50D,POLG_PESV_Tsuboyama_2023_2MXD_indels,True
GaussianProcessRegressor,0.6100757817126472,0.5774578785178177,0.7599064932725721,0.5572305374906321,0.4843672011892145,0.77593984962406,100.0,48,score,40,facebook/esm2_t33_650M_UR50D,POLG_PESV_Tsuboyama_2023_2MXD_indels,False
GaussianProcessRegressor,1.3649936413703785,1.1202476089641178,1.0584175022003923,0.8717136729337882,-0.0003091679238995,,100.0,48,score,40,facebook/esm2_t33_650M_UR50D,POLG_PESV_Tsuboyama_2023_2MXD_indels,True
GaussianProcessRegressor,0.3910634141596079,0.4009433316000265,0.6332008619703755,0.4637461425897204,0.6419833551010015,0.900751879699248,100.0,48,score,60,facebook/esm2_t33_650M_UR50D,POLG_PESV_Tsuboyama_2023_2MXD_indels,False
GaussianProcessRegressor,1.24914771554527,1.0270283889374838,1.0134240913543964,0.8070678474737157,0.0829296086404912,0.3714285714285714,100.0,48,score,60,facebook/esm2_t33_650M_UR50D,POLG_PESV_Tsuboyama_2023_2MXD_indels,True
GaussianProcessRegressor,0.6730735189802847,0.478065515994817,0.6914228199841376,0.5781729242236454,0.5936444894405222,0.6541353383458646,100.0,51,score,20,facebook/esm2_t33_650M_UR50D,POLG_PESV_Tsuboyama_2023_2MXD_indels,False
GaussianProcessRegressor,1.162257184759531,1.361171403093961,1.1666925058017477,1.040319164420726,-0.1569951857167708,,100.0,51,score,20,facebook/esm2_t33_650M_UR50D,POLG_PESV_Tsuboyama_2023_2MXD_indels,True
GaussianProcessRegressor,0.3424863103291423,0.3692827232397938,0.6076863691410181,0.4352981196607005,0.6861098227705518,0.7699248120300751,100.0,51,score,80,facebook/esm2_t33_650M_UR50D,POLG_PESV_Tsuboyama_2023_2MXD_indels,False
GaussianProcessRegressor,1.1997236987744957,1.1388836204681618,1.0671849045353676,0.924439930966124,0.0319493467330871,0.1428571428571428,100.0,51,score,80,facebook/esm2_t33_650M_UR50D,POLG_PESV_Tsuboyama_2023_2MXD_indels,True
GaussianProcessRegressor,0.4856149083428104,0.5532980223331775,0.7438400515790861,0.5181383729904896,0.5296968870702123,0.5759398496240601,100.0,51,score,40,facebook/esm2_t33_650M_UR50D,POLG_PESV_Tsuboyama_2023_2MXD_indels,False
GaussianProcessRegressor,1.242486265569856,1.391887078896778,1.1797826405303555,0.95255422235467,-0.1831034987103574,0.2285714285714285,100.0,51,score,40,facebook/esm2_t33_650M_UR50D,POLG_PESV_Tsuboyama_2023_2MXD_indels,True
GaussianProcessRegressor,0.3105674270091593,0.400933100425795,0.633192782986189,0.4632818507592864,0.6592070139493504,0.7338345864661654,100.0,51,score,60,facebook/esm2_t33_650M_UR50D,POLG_PESV_Tsuboyama_2023_2MXD_indels,False
GaussianProcessRegressor,1.1791239339353845,1.1608131884774076,1.0774104085618477,0.9071627267427363,0.0133092220920068,0.1804511278195488,100.0,51,score,60,facebook/esm2_t33_650M_UR50D,POLG_PESV_Tsuboyama_2023_2MXD_indels,True
GaussianProcessRegressor,0.3429247215119023,0.3654769450325888,0.6045468923355647,0.4903534933565279,0.7456877625215663,0.8736842105263156,100.0,45,score,80,facebook/esm2_t33_650M_UR50D,POLG_PESV_Tsuboyama_2023_2MXD_indels,False
GaussianProcessRegressor,1.3682171973115185,1.1008456685094263,1.0492119273575888,0.9343261215723933,0.2339912848617278,0.1954887218045112,100.0,45,score,80,facebook/esm2_t33_650M_UR50D,POLG_PESV_Tsuboyama_2023_2MXD_indels,True
GaussianProcessRegressor,0.4637452198247604,0.5549451139841187,0.7449463832948776,0.5666787108140399,0.6138488746466855,0.8165413533834586,100.0,45,score,40,facebook/esm2_t33_650M_UR50D,POLG_PESV_Tsuboyama_2023_2MXD_indels,False
GaussianProcessRegressor,1.576001053243571,1.460333601187423,1.208442634628315,1.076688501207132,-0.0161535785787989,,100.0,45,score,40,facebook/esm2_t33_650M_UR50D,POLG_PESV_Tsuboyama_2023_2MXD_indels,True
GaussianProcessRegressor,0.4006225391948298,0.4246706611178796,0.6516676001750276,0.5307830936312506,0.7044986079472029,0.8691729323308269,100.0,45,score,60,facebook/esm2_t33_650M_UR50D,POLG_PESV_Tsuboyama_2023_2MXD_indels,False
GaussianProcessRegressor,1.554828720869415,1.1609770676992237,1.0774864582440111,0.9540054308261394,0.1921496560572003,0.3779644730092272,100.0,45,score,60,facebook/esm2_t33_650M_UR50D,POLG_PESV_Tsuboyama_2023_2MXD_indels,True
GaussianProcessRegressor,0.9875835724836372,0.969280803325397,0.9845205956837048,0.9270979287488156,0.3255389342914765,0.6451127819548872,100.0,45,score,20,facebook/esm2_t33_650M_UR50D,POLG_PESV_Tsuboyama_2023_2MXD_indels,False
GaussianProcessRegressor,1.3701495611616286,2.1865133214357235,1.4786863499186444,1.2029758275349962,-0.521456011407609,-0.0616541353383458,100.0,45,score,20,facebook/esm2_t33_650M_UR50D,POLG_PESV_Tsuboyama_2023_2MXD_indels,True
GaussianProcessRegressor,0.3896419636122551,0.2593461375717928,0.5092603828806957,0.4375947068402336,0.8287739128417885,0.8857142857142858,100.0,47,score,60,facebook/esm2_t33_650M_UR50D,POLG_PESV_Tsuboyama_2023_2MXD_indels,False
GaussianProcessRegressor,1.143099554482513,1.5345827056086483,1.2387827515786003,1.061887592587922,-0.0131656270735571,0.3381787390082559,100.0,47,score,60,facebook/esm2_t33_650M_UR50D,POLG_PESV_Tsuboyama_2023_2MXD_indels,True
GaussianProcessRegressor,0.4106220637045575,0.2557092893246936,0.5056770603109197,0.4081136946102102,0.8311750409278647,0.8962406015037594,100.0,47,score,80,facebook/esm2_t33_650M_UR50D,POLG_PESV_Tsuboyama_2023_2MXD_indels,False
GaussianProcessRegressor,1.3615875244283575,1.4270503356673996,1.1945921210469286,1.028310498160415,0.0578296347810457,0.3381787390082559,100.0,47,score,80,facebook/esm2_t33_650M_UR50D,POLG_PESV_Tsuboyama_2023_2MXD_indels,True
GaussianProcessRegressor,0.8764002883010283,1.0115350732362751,1.005750999619824,0.8148092894890857,0.3321620509362843,0.7909774436090224,100.0,47,score,20,facebook/esm2_t33_650M_UR50D,POLG_PESV_Tsuboyama_2023_2MXD_indels,False
GaussianProcessRegressor,1.0222202279752295,1.6731209646612732,1.2934917721660515,1.1314144227432932,-0.1046316664038136,,100.0,47,score,20,facebook/esm2_t33_650M_UR50D,POLG_PESV_Tsuboyama_2023_2MXD_indels,True
GaussianProcessRegressor,0.5570890374569823,0.4814346785473499,0.6938549405656415,0.5421497382782283,0.6821461194612375,0.8676691729323308,100.0,47,score,40,facebook/esm2_t33_650M_UR50D,POLG_PESV_Tsuboyama_2023_2MXD_indels,False
GaussianProcessRegressor,1.1114374826173712,1.519609580254897,1.2327244543104094,0.9997936092165816,-0.0032800367545475,0.5819548872180451,100.0,47,score,40,facebook/esm2_t33_650M_UR50D,POLG_PESV_Tsuboyama_2023_2MXD_indels,True
GaussianProcessRegressor,0.636747401158267,0.7117277637492799,0.8436395935168524,0.6853845985821717,0.3844914648400165,0.7368421052631579,100.0,50,score,40,facebook/esm2_t33_650M_UR50D,POLG_PESV_Tsuboyama_2023_2MXD_indels,False
GaussianProcessRegressor,1.229819941934702,1.1131916712445646,1.055078988154235,0.8325238812845361,0.0373018872966103,0.3009791358425038,100.0,50,score,40,facebook/esm2_t33_650M_UR50D,POLG_PESV_Tsuboyama_2023_2MXD_indels,True
GaussianProcessRegressor,0.4087245263998649,1.1712624754273468,1.082248804770579,0.8027364750032469,-0.0129182634950593,0.3804511278195489,100.0,50,score,20,facebook/esm2_t33_650M_UR50D,POLG_PESV_Tsuboyama_2023_2MXD_indels,False
GaussianProcessRegressor,0.9154992359238706,1.235478457413414,1.1115207858665594,0.7973693151996699,-0.0684528190080959,-0.1001137913264134,100.0,50,score,20,facebook/esm2_t33_650M_UR50D,POLG_PESV_Tsuboyama_2023_2MXD_indels,True
GaussianProcessRegressor,0.4132434219241714,0.4493516449537525,0.6703369637382027,0.5292390144988214,0.6113966788365391,0.8511278195488721,100.0,50,score,80,facebook/esm2_t33_650M_UR50D,POLG_PESV_Tsuboyama_2023_2MXD_indels,False
GaussianProcessRegressor,1.2370014357685737,1.1624610242267963,1.0781748579088628,0.8892913227752821,-0.0053066897843543,,100.0,50,score,80,facebook/esm2_t33_650M_UR50D,POLG_PESV_Tsuboyama_2023_2MXD_indels,True
GaussianProcessRegressor,0.5357261629818304,0.6592780335850429,0.8119593792703197,0.6205688696414022,0.4298504605504865,0.8075187969924811,100.0,50,score,60,facebook/esm2_t33_650M_UR50D,POLG_PESV_Tsuboyama_2023_2MXD_indels,False
GaussianProcessRegressor,1.22707374479705,1.1570665450244009,1.0756702770944266,0.8739617222019449,-0.0006414959266263,,100.0,50,score,60,facebook/esm2_t33_650M_UR50D,POLG_PESV_Tsuboyama_2023_2MXD_indels,True
GaussianProcessRegressor,0.3168413827305973,0.4510705035765028,0.6716178255351051,0.4723621895332403,0.6240716938812946,0.8270676691729323,100.0,46,score,60,facebook/esm2_t33_650M_UR50D,POLG_PESV_Tsuboyama_2023_2MXD_indels,False
GaussianProcessRegressor,0.9934385251305246,1.0950631003710565,1.046452626912015,0.8976800234160895,0.0873594855980876,0.5368421052631579,100.0,46,score,60,facebook/esm2_t33_650M_UR50D,POLG_PESV_Tsuboyama_2023_2MXD_indels,True
GaussianProcessRegressor,0.8994053829242599,1.460070253666704,1.2083336681838772,0.8154159320498019,-0.2168424512868658,0.6631578947368421,100.0,46,score,20,facebook/esm2_t33_650M_UR50D,POLG_PESV_Tsuboyama_2023_2MXD_indels,False
GaussianProcessRegressor,1.3965331196513109,1.371760400813318,1.171221755609636,1.0238568417300908,-0.1432438161876077,,100.0,46,score,20,facebook/esm2_t33_650M_UR50D,POLG_PESV_Tsuboyama_2023_2MXD_indels,True
GaussianProcessRegressor,0.4441905620920616,0.4239425282419787,0.6511086915730574,0.484511235738777,0.6466805183002649,0.8300751879699247,100.0,46,score,80,facebook/esm2_t33_650M_UR50D,POLG_PESV_Tsuboyama_2023_2MXD_indels,False
GaussianProcessRegressor,1.1688790964457971,1.243010014170271,1.1149035896301844,1.0031656207427375,-0.0359414889924529,,100.0,46,score,80,facebook/esm2_t33_650M_UR50D,POLG_PESV_Tsuboyama_2023_2MXD_indels,True
GaussianProcessRegressor,0.4830790946403861,0.5023894055951972,0.7087943323667291,0.5047980151275241,0.5813018214227919,0.8345864661654135,100.0,46,score,40,facebook/esm2_t33_650M_UR50D,POLG_PESV_Tsuboyama_2023_2MXD_indels,False
GaussianProcessRegressor,0.9334744616514834,1.3780579363165293,1.1739071242293957,1.0246095183464885,-0.1484922681162388,,100.0,46,score,40,facebook/esm2_t33_650M_UR50D,POLG_PESV_Tsuboyama_2023_2MXD_indels,True
GaussianProcessRegressor,0.1428482375851995,0.124465456021521,0.3527966213295148,0.2628859153602165,0.8595294591258504,0.918796992481203,100.0,46,score,60,facebook/esm2_t33_650M_UR50D,YNZC_BACSU_Tsuboyama_2023_2JVD_indels,False
GaussianProcessRegressor,1.0523733046012649,0.9144159723629268,0.9562509986206168,0.8522937661541029,-0.0320012502069007,,100.0,46,score,60,facebook/esm2_t33_650M_UR50D,YNZC_BACSU_Tsuboyama_2023_2JVD_indels,True
GaussianProcessRegressor,0.1043322899046976,0.2376029712040255,0.4874453520180755,0.3816301617847973,0.731843525543638,0.9037593984962404,100.0,46,score,40,facebook/esm2_t33_650M_UR50D,YNZC_BACSU_Tsuboyama_2023_2JVD_indels,False
GaussianProcessRegressor,0.6677579872515534,1.0124183655585333,1.0061900245771338,0.8283787726837417,-0.1426058277273301,0.2781954887218045,100.0,46,score,40,facebook/esm2_t33_650M_UR50D,YNZC_BACSU_Tsuboyama_2023_2JVD_indels,True
GaussianProcessRegressor,0.0945889157093838,0.1054430506138502,0.3247199572152137,0.2394083405644727,0.8809979666278905,0.9368421052631578,100.0,46,score,80,facebook/esm2_t33_650M_UR50D,YNZC_BACSU_Tsuboyama_2023_2JVD_indels,False
GaussianProcessRegressor,1.0323271838297778,0.7723652103832895,0.8788431090833503,0.7675566880471192,0.1283159012717756,0.3804511278195489,100.0,46,score,80,facebook/esm2_t33_650M_UR50D,YNZC_BACSU_Tsuboyama_2023_2JVD_indels,True
GaussianProcessRegressor,0.1974064288995287,0.2046736548721092,0.4524087254597431,0.3428070989242904,0.7690072416751279,0.8842105263157894,100.0,46,score,20,facebook/esm2_t33_650M_UR50D,YNZC_BACSU_Tsuboyama_2023_2JVD_indels,False
GaussianProcessRegressor,0.668709501298089,1.2415380567644538,1.1142432664209616,0.8703938366961201,-0.4011881523126259,0.2827067669172932,100.0,46,score,20,facebook/esm2_t33_650M_UR50D,YNZC_BACSU_Tsuboyama_2023_2JVD_indels,True
GaussianProcessRegressor,0.0804830714431728,0.0946422078266919,0.3076397370735646,0.2412553092545618,0.9028385045076556,0.837593984962406,100.0,44,score,80,facebook/esm2_t33_650M_UR50D,YNZC_BACSU_Tsuboyama_2023_2JVD_indels,False
GaussianProcessRegressor,0.8563779056022917,1.0189275406759957,1.009419407717127,0.9188032769312664,-0.0460504453964711,-0.1263157894736842,100.0,44,score,80,facebook/esm2_t33_650M_UR50D,YNZC_BACSU_Tsuboyama_2023_2JVD_indels,True
GaussianProcessRegressor,0.1144897254726055,0.116469097075041,0.3412756907179898,0.2754689808237032,0.8804306037410244,0.7924812030075187,100.0,44,score,60,facebook/esm2_t33_650M_UR50D,YNZC_BACSU_Tsuboyama_2023_2JVD_indels,False
GaussianProcessRegressor,0.9520704545990446,1.0622284855490045,1.0306446941351828,0.9438003158612512,-0.0905040212027039,-0.1368421052631578,100.0,44,score,60,facebook/esm2_t33_650M_UR50D,YNZC_BACSU_Tsuboyama_2023_2JVD_indels,True
GaussianProcessRegressor,0.1444835523900339,0.2608520123675019,0.5107367348913743,0.3470390325356053,0.732204349350924,0.8030075187969924,100.0,44,score,20,facebook/esm2_t33_650M_UR50D,YNZC_BACSU_Tsuboyama_2023_2JVD_indels,False
GaussianProcessRegressor,1.2292549245995663,0.9790337583873548,0.9894613475964358,0.8844364861916107,-0.0050947276779207,,100.0,44,score,20,facebook/esm2_t33_650M_UR50D,YNZC_BACSU_Tsuboyama_2023_2JVD_indels,True
GaussianProcessRegressor,0.1347448202363018,0.2230579907205089,0.4722901552229402,0.3379778259380966,0.7710044127498701,0.8601503759398496,100.0,44,score,40,facebook/esm2_t33_650M_UR50D,YNZC_BACSU_Tsuboyama_2023_2JVD_indels,False
GaussianProcessRegressor,0.9662913609627556,1.255188385118616,1.1203519023586366,1.0101071894933529,-0.2886003340715641,-0.1278195488721804,100.0,44,score,40,facebook/esm2_t33_650M_UR50D,YNZC_BACSU_Tsuboyama_2023_2JVD_indels,True
GaussianProcessRegressor,0.1319078236039265,0.1127734202557518,0.3358175401252172,0.2638831508116209,0.8890832667585669,0.8646616541353382,100.0,42,score,60,facebook/esm2_t33_650M_UR50D,YNZC_BACSU_Tsuboyama_2023_2JVD_indels,False
GaussianProcessRegressor,0.8714443387528418,0.9408130810160312,0.9699551953652454,0.7901840077406693,0.0746763439429906,0.3473684210526315,100.0,42,score,60,facebook/esm2_t33_650M_UR50D,YNZC_BACSU_Tsuboyama_2023_2JVD_indels,True
GaussianProcessRegressor,0.10199820116653,0.1033244003063747,0.3214411303899592,0.2522846751788462,0.898376719264851,0.8736842105263156,100.0,42,score,80,facebook/esm2_t33_650M_UR50D,YNZC_BACSU_Tsuboyama_2023_2JVD_indels,False
GaussianProcessRegressor,0.929827003202268,0.8209649795395888,0.9060711779653896,0.7535058804307284,0.1925512817679501,0.4075187969924811,100.0,42,score,80,facebook/esm2_t33_650M_UR50D,YNZC_BACSU_Tsuboyama_2023_2JVD_indels,True
GaussianProcessRegressor,0.171668143280786,0.1162719294872447,0.3409866998685502,0.2630314691652153,0.885642356530854,0.8390977443609022,100.0,42,score,20,facebook/esm2_t33_650M_UR50D,YNZC_BACSU_Tsuboyama_2023_2JVD_indels,False
GaussianProcessRegressor,1.248466720522574,1.0172840404425314,1.0086049972325797,0.9279360579987808,-0.0005356074919304,0.2347186523281447,100.0,42,score,20,facebook/esm2_t33_650M_UR50D,YNZC_BACSU_Tsuboyama_2023_2JVD_indels,True
GaussianProcessRegressor,0.1424062464084261,0.2121379586672987,0.460584366503357,0.3663858980996141,0.7913546532638498,0.8210526315789473,100.0,42,score,40,facebook/esm2_t33_650M_UR50D,YNZC_BACSU_Tsuboyama_2023_2JVD_indels,False
GaussianProcessRegressor,0.8982972640769964,1.0271521007756532,1.0134851260751947,0.8895397879069062,-0.010241201355245,0.225563909774436,100.0,42,score,40,facebook/esm2_t33_650M_UR50D,YNZC_BACSU_Tsuboyama_2023_2JVD_indels,True
GaussianProcessRegressor,0.06392913469865,0.1685808227648304,0.4105859505205097,0.3370499172669118,0.8556808217068971,0.7909774436090224,100.0,51,score,80,facebook/esm2_t33_650M_UR50D,YNZC_BACSU_Tsuboyama_2023_2JVD_indels,False
GaussianProcessRegressor,0.9839501783905964,1.0600209549405486,1.0295731906671564,0.9309458153383624,0.0925340695252234,0.1849624060150375,100.0,51,score,80,facebook/esm2_t33_650M_UR50D,YNZC_BACSU_Tsuboyama_2023_2JVD_indels,True
GaussianProcessRegressor,0.081887134946668,0.1847219176990932,0.4297928776737618,0.3393671844636295,0.8418627045601244,0.7624060150375939,100.0,51,score,60,facebook/esm2_t33_650M_UR50D,YNZC_BACSU_Tsuboyama_2023_2JVD_indels,False
GaussianProcessRegressor,0.9403048960854274,1.1850634751445157,1.0886062075629166,0.9970891262769636,-0.0145127076322792,0.1097744360902255,100.0,51,score,60,facebook/esm2_t33_650M_UR50D,YNZC_BACSU_Tsuboyama_2023_2JVD_indels,True
GaussianProcessRegressor,0.1546241080366551,0.2516125152335599,0.5016099233802696,0.3619754025762529,0.7845988004375561,0.7548872180451127,100.0,51,score,40,facebook/esm2_t33_650M_UR50D,YNZC_BACSU_Tsuboyama_2023_2JVD_indels,False
GaussianProcessRegressor,0.8611355674963509,1.314630960348567,1.146573573892477,1.0278626510518445,-0.1254332304502132,0.0210526315789473,100.0,51,score,40,facebook/esm2_t33_650M_UR50D,YNZC_BACSU_Tsuboyama_2023_2JVD_indels,True
GaussianProcessRegressor,0.147848832984888,0.4876071437048027,0.6982887251737656,0.4933566174189779,0.5825678083948408,0.6842105263157895,100.0,51,score,20,facebook/esm2_t33_650M_UR50D,YNZC_BACSU_Tsuboyama_2023_2JVD_indels,False
GaussianProcessRegressor,0.8402111096625745,1.0561757054338954,1.0277040942965516,0.792355820873623,0.0958259222996419,0.4947368421052631,100.0,51,score,20,facebook/esm2_t33_650M_UR50D,YNZC_BACSU_Tsuboyama_2023_2JVD_indels,True
GaussianProcessRegressor,0.0973169137081797,0.1267590585022409,0.3560323840639232,0.2892002977419343,0.8529527580222157,0.8812030075187969,100.0,47,score,60,facebook/esm2_t33_650M_UR50D,YNZC_BACSU_Tsuboyama_2023_2JVD_indels,False
GaussianProcessRegressor,0.9002134863924709,1.1245196964780475,1.0604337303566156,0.8996701633407979,-0.3045025883800538,-0.0586466165413533,100.0,47,score,60,facebook/esm2_t33_650M_UR50D,YNZC_BACSU_Tsuboyama_2023_2JVD_indels,True
GaussianProcessRegressor,0.0774000329434995,0.0876600188823484,0.2960743468832591,0.254134568571448,0.8983097211301712,0.9278195488721804,100.0,47,score,80,facebook/esm2_t33_650M_UR50D,YNZC_BACSU_Tsuboyama_2023_2JVD_indels,False
GaussianProcessRegressor,0.9068542156860312,1.0034087066378852,1.0017029033789835,0.8599478076009017,-0.1640074061057199,0.0661654135338345,100.0,47,score,80,facebook/esm2_t33_650M_UR50D,YNZC_BACSU_Tsuboyama_2023_2JVD_indels,True
GaussianProcessRegressor,0.1326069149360449,0.1552087075916652,0.3939653634415914,0.3404842100446897,0.8199496536818529,0.8586466165413533,100.0,47,score,40,facebook/esm2_t33_650M_UR50D,YNZC_BACSU_Tsuboyama_2023_2JVD_indels,False
GaussianProcessRegressor,0.7785599949055915,1.2692282958195589,1.1266003265664175,0.9315252665443832,-0.4723722513064419,0.0947368421052631,100.0,47,score,40,facebook/esm2_t33_650M_UR50D,YNZC_BACSU_Tsuboyama_2023_2JVD_indels,True
GaussianProcessRegressor,0.2190430568035254,0.2889068585870956,0.5375005661272326,0.356479385366783,0.6648526957704793,0.7819548872180451,100.0,47,score,20,facebook/esm2_t33_650M_UR50D,YNZC_BACSU_Tsuboyama_2023_2JVD_indels,False
GaussianProcessRegressor,0.8651704842260012,1.1514814778482505,1.0730710497670928,0.8511292373323565,-0.3357796871226757,0.3413533834586466,100.0,47,score,20,facebook/esm2_t33_650M_UR50D,YNZC_BACSU_Tsuboyama_2023_2JVD_indels,True
GaussianProcessRegressor,0.1027427528458953,0.1579743897293973,0.3974599221675027,0.3266654104247445,0.843881407154763,0.7112781954887217,100.0,49,score,40,facebook/esm2_t33_650M_UR50D,YNZC_BACSU_Tsuboyama_2023_2JVD_indels,False
GaussianProcessRegressor,0.8890083307628668,0.9545208331072578,0.9769958204144262,0.8762419272010311,0.0566923565178509,0.1834586466165413,100.0,49,score,40,facebook/esm2_t33_650M_UR50D,YNZC_BACSU_Tsuboyama_2023_2JVD_indels,True
GaussianProcessRegressor,0.0876345609413008,0.1046141734698885,0.3234411437493513,0.2580682881579965,0.8966147767257538,0.7954887218045112,100.0,49,score,80,facebook/esm2_t33_650M_UR50D,YNZC_BACSU_Tsuboyama_2023_2JVD_indels,False
GaussianProcessRegressor,0.935808571030402,0.997700760042732,0.998849718447541,0.8988315512186749,0.0140196837898619,0.0947368421052631,100.0,49,score,80,facebook/esm2_t33_650M_UR50D,YNZC_BACSU_Tsuboyama_2023_2JVD_indels,True
GaussianProcessRegressor,0.1151420150581559,0.2197321778192281,0.4687559896355759,0.3261746915467756,0.7828491158426445,0.7548872180451127,100.0,49,score,20,facebook/esm2_t33_650M_UR50D,YNZC_BACSU_Tsuboyama_2023_2JVD_indels,False
GaussianProcessRegressor,1.1295008479361963,1.0302919339481724,1.0150329718527238,0.9357027145359532,-0.0181886267977429,0.0661903017850566,100.0,49,score,20,facebook/esm2_t33_650M_UR50D,YNZC_BACSU_Tsuboyama_2023_2JVD_indels,True
GaussianProcessRegressor,0.1069438727759376,0.1231960511962692,0.3509929503512417,0.2797955709407594,0.8782511887540956,0.7669172932330827,100.0,49,score,60,facebook/esm2_t33_650M_UR50D,YNZC_BACSU_Tsuboyama_2023_2JVD_indels,False
GaussianProcessRegressor,0.9971226863051412,0.9861868710179952,0.9930694190327256,0.8852220220383946,0.0253983139323628,0.0360902255639097,100.0,49,score,60,facebook/esm2_t33_650M_UR50D,YNZC_BACSU_Tsuboyama_2023_2JVD_indels,True
GaussianProcessRegressor,0.198121214373935,0.0981604383152644,0.3133056627564597,0.265898797087518,0.8923457399020073,0.7729323308270677,100.0,43,score,40,facebook/esm2_t33_650M_UR50D,YNZC_BACSU_Tsuboyama_2023_2JVD_indels,False
GaussianProcessRegressor,1.0420038734036603,1.2916602751162016,1.1365123295047008,1.0279901003002148,-0.4165862907926829,,100.0,43,score,40,facebook/esm2_t33_650M_UR50D,YNZC_BACSU_Tsuboyama_2023_2JVD_indels,True
GaussianProcessRegressor,0.1079206444739641,0.0508249469233869,0.2254438886361459,0.196512074851744,0.944259396662595,0.8466165413533834,100.0,43,score,80,facebook/esm2_t33_650M_UR50D,YNZC_BACSU_Tsuboyama_2023_2JVD_indels,False
GaussianProcessRegressor,0.9203892100626024,1.280356567893874,1.131528421160456,1.0332901080647714,-0.4041893184658509,0.1413533834586466,100.0,43,score,80,facebook/esm2_t33_650M_UR50D,YNZC_BACSU_Tsuboyama_2023_2JVD_indels,True
GaussianProcessRegressor,0.1379281932223367,0.0579215207592901,0.2406689027674537,0.2022922878174479,0.9364764606993176,0.8390977443609022,100.0,43,score,60,facebook/esm2_t33_650M_UR50D,YNZC_BACSU_Tsuboyama_2023_2JVD_indels,False
GaussianProcessRegressor,0.9099908957821784,1.0012177426159734,1.0006086860586276,0.9167462725104348,-0.0980529134571313,0.3308270676691728,100.0,43,score,60,facebook/esm2_t33_650M_UR50D,YNZC_BACSU_Tsuboyama_2023_2JVD_indels,True
GaussianProcessRegressor,0.3115934572063651,0.1086801750119892,0.329666763584061,0.2617331567378785,0.8808085616869473,0.7834586466165413,100.0,43,score,20,facebook/esm2_t33_650M_UR50D,YNZC_BACSU_Tsuboyama_2023_2JVD_indels,False
GaussianProcessRegressor,1.3000687512761522,1.1999671666489544,1.095430128601982,1.0120866101111696,-0.3160248638314151,,100.0,43,score,20,facebook/esm2_t33_650M_UR50D,YNZC_BACSU_Tsuboyama_2023_2JVD_indels,True
GaussianProcessRegressor,0.1087648434271027,0.163384909458153,0.4042089923024388,0.3209411937984855,0.860228346983766,0.918796992481203,100.0,50,score,40,facebook/esm2_t33_650M_UR50D,YNZC_BACSU_Tsuboyama_2023_2JVD_indels,False
GaussianProcessRegressor,1.0114787292145555,0.9454228948862936,0.9723285940906466,0.8182101040940954,0.1912146522228504,0.3248120300751879,100.0,50,score,40,facebook/esm2_t33_650M_UR50D,YNZC_BACSU_Tsuboyama_2023_2JVD_indels,True
GaussianProcessRegressor,0.2532941278128258,0.2656897545062681,0.5154510204726227,0.3897964998473689,0.7727091424784863,0.8616541353383457,100.0,50,score,20,facebook/esm2_t33_650M_UR50D,YNZC_BACSU_Tsuboyama_2023_2JVD_indels,False
GaussianProcessRegressor,1.2193057201626298,1.1696530398560827,1.0815049883639385,0.9805539005322892,-0.000608559127794,,100.0,50,score,20,facebook/esm2_t33_650M_UR50D,YNZC_BACSU_Tsuboyama_2023_2JVD_indels,True
GaussianProcessRegressor,0.0877519330842934,0.1022524346746096,0.3197693460521343,0.2501948889099799,0.9125256312421852,0.9398496240601504,100.0,50,score,60,facebook/esm2_t33_650M_UR50D,YNZC_BACSU_Tsuboyama_2023_2JVD_indels,False
GaussianProcessRegressor,0.9799309342423508,1.08772795680184,1.042941971924536,0.9436507257915528,0.0694762750221836,0.3654135338345864,100.0,50,score,60,facebook/esm2_t33_650M_UR50D,YNZC_BACSU_Tsuboyama_2023_2JVD_indels,True
GaussianProcessRegressor,0.0950681490264553,0.0998228889916048,0.3159476048201741,0.2522268068885335,0.9146040460561248,0.950375939849624,100.0,50,score,80,facebook/esm2_t33_650M_UR50D,YNZC_BACSU_Tsuboyama_2023_2JVD_indels,False
GaussianProcessRegressor,0.915462631563946,1.018676903193162,1.0092952507532975,0.9324327361448508,0.128547702961307,0.4601503759398496,100.0,50,score,80,facebook/esm2_t33_650M_UR50D,YNZC_BACSU_Tsuboyama_2023_2JVD_indels,True
GaussianProcessRegressor,0.223871681538174,0.0940761726207884,0.3067183930265488,0.2581573150229124,0.9031005266458448,0.8812030075187969,100.0,48,score,20,facebook/esm2_t33_650M_UR50D,YNZC_BACSU_Tsuboyama_2023_2JVD_indels,False
GaussianProcessRegressor,1.1403425073543931,1.037021513009683,1.018342532259987,0.9540127113593926,-0.0681433530743196,,100.0,48,score,20,facebook/esm2_t33_650M_UR50D,YNZC_BACSU_Tsuboyama_2023_2JVD_indels,True
GaussianProcessRegressor,0.0938799477289876,0.1138475089041552,0.337412964931929,0.265776882106426,0.882735836841885,0.8872180451127819,100.0,48,score,40,facebook/esm2_t33_650M_UR50D,YNZC_BACSU_Tsuboyama_2023_2JVD_indels,False
GaussianProcessRegressor,0.9270539209875512,1.5764770688823089,1.2555783802225606,1.0797435879328203,-0.6237883990599544,-0.1566266836473595,100.0,48,score,40,facebook/esm2_t33_650M_UR50D,YNZC_BACSU_Tsuboyama_2023_2JVD_indels,True
GaussianProcessRegressor,0.1059947523885288,0.0427469988356355,0.2067534735757431,0.1614784694327476,0.9559701297443254,0.9112781954887216,100.0,48,score,80,facebook/esm2_t33_650M_UR50D,YNZC_BACSU_Tsuboyama_2023_2JVD_indels,False
GaussianProcessRegressor,0.811856608041728,3.0067536121905,1.733999311473479,1.4152470627519436,-2.096988678540071,-0.3413533834586466,100.0,48,score,80,facebook/esm2_t33_650M_UR50D,YNZC_BACSU_Tsuboyama_2023_2JVD_indels,True
GaussianProcessRegressor,0.1392391126354691,0.0776024960237204,0.2785722456091425,0.2037251193542118,0.9200685913745944,0.9172932330827066,100.0,48,score,60,facebook/esm2_t33_650M_UR50D,YNZC_BACSU_Tsuboyama_2023_2JVD_indels,False
GaussianProcessRegressor,0.8772720165262919,2.9285826575654705,1.711310216636794,1.3396233289548918,-2.016471751418792,-0.2285714285714285,100.0,48,score,60,facebook/esm2_t33_650M_UR50D,YNZC_BACSU_Tsuboyama_2023_2JVD_indels,True
GaussianProcessRegressor,0.0873687966360203,0.1264617782335736,0.355614648508148,0.319727366371735,0.8917343770702485,0.9067669172932332,100.0,45,score,80,facebook/esm2_t33_650M_UR50D,YNZC_BACSU_Tsuboyama_2023_2JVD_indels,False
GaussianProcessRegressor,0.8750316817347142,1.1623197668837637,1.0781093482962494,0.9611706063989568,0.0049224725212203,-0.0045112781954887,100.0,45,score,80,facebook/esm2_t33_650M_UR50D,YNZC_BACSU_Tsuboyama_2023_2JVD_indels,True
GaussianProcessRegressor,0.1807940289331278,0.1673031332723903,0.4090270568952504,0.3411760274224761,0.8567695457485999,0.8586466165413533,100.0,45,score,40,facebook/esm2_t33_650M_UR50D,YNZC_BACSU_Tsuboyama_2023_2JVD_indels,False
GaussianProcessRegressor,1.0624033282347292,1.1727971918819602,1.0829576131511152,0.9727621818686044,-0.0040473914169125,,100.0,45,score,40,facebook/esm2_t33_650M_UR50D,YNZC_BACSU_Tsuboyama_2023_2JVD_indels,True
GaussianProcessRegressor,0.0833139125867039,0.1604163810756423,0.4005201381649146,0.3353334737094037,0.8626653865865063,0.8706766917293233,100.0,45,score,60,facebook/esm2_t33_650M_UR50D,YNZC_BACSU_Tsuboyama_2023_2JVD_indels,False
GaussianProcessRegressor,0.8973715959010773,1.089276387122378,1.0436840456394731,0.9182116473695888,0.0674558887140139,0.2060150375939849,100.0,45,score,60,facebook/esm2_t33_650M_UR50D,YNZC_BACSU_Tsuboyama_2023_2JVD_indels,True
GaussianProcessRegressor,0.2002718728316509,0.4139636545762221,0.6434000734972153,0.5016569105149679,0.6456001682168924,0.7082706766917292,100.0,45,score,20,facebook/esm2_t33_650M_UR50D,YNZC_BACSU_Tsuboyama_2023_2JVD_indels,False
GaussianProcessRegressor,1.092389329872175,1.1840563886172215,1.0881435514752738,0.9727621818686044,-0.013686540614864,,100.0,45,score,20,facebook/esm2_t33_650M_UR50D,YNZC_BACSU_Tsuboyama_2023_2JVD_indels,True
GaussianProcessRegressor,0.1674787602826651,0.2444250916538502,0.4943936606125226,0.3765275433144251,0.6755486858909843,0.7609022556390977,100.0,48,score,40,facebook/esm2_t33_650M_UR50D,PIN1_HUMAN_Tsuboyama_2023_1I6C_indels,False
GaussianProcessRegressor,0.8886702705751557,0.7544692309439283,0.8686018828807178,0.7471416389145673,-0.0014869250053937,,100.0,48,score,40,facebook/esm2_t33_650M_UR50D,PIN1_HUMAN_Tsuboyama_2023_1I6C_indels,True
GaussianProcessRegressor,0.1553494072383917,0.111105171994936,0.3333244245400208,0.2598584894324551,0.8525183367462291,0.7368421052631579,100.0,48,score,60,facebook/esm2_t33_650M_UR50D,PIN1_HUMAN_Tsuboyama_2023_1I6C_indels,False
GaussianProcessRegressor,0.9649085754615364,0.7533490724816362,0.8679568379139807,0.7557950209993589,-2.002914145649015e-08,,100.0,48,score,60,facebook/esm2_t33_650M_UR50D,PIN1_HUMAN_Tsuboyama_2023_1I6C_indels,True
GaussianProcessRegressor,0.1923722045521987,0.0784552293549072,0.2800986064851221,0.2286029356316349,0.895858063954528,0.7954887218045112,100.0,48,score,80,facebook/esm2_t33_650M_UR50D,PIN1_HUMAN_Tsuboyama_2023_1I6C_indels,False
GaussianProcessRegressor,0.8686634550652087,0.7602496213570984,0.8719229446213114,0.7372215110449167,-0.0091598494704161,,100.0,48,score,80,facebook/esm2_t33_650M_UR50D,PIN1_HUMAN_Tsuboyama_2023_1I6C_indels,True
GaussianProcessRegressor,0.1745117510460506,0.21427570860452,0.4628992423892267,0.3387252748532781,0.7155691554906616,0.7443609022556391,100.0,48,score,20,facebook/esm2_t33_650M_UR50D,PIN1_HUMAN_Tsuboyama_2023_1I6C_indels,False
GaussianProcessRegressor,0.8928608141400332,0.7689275021359443,0.8768851134190524,0.7932759641231848,-0.0206789198053278,,100.0,48,score,20,facebook/esm2_t33_650M_UR50D,PIN1_HUMAN_Tsuboyama_2023_1I6C_indels,True
GaussianProcessRegressor,0.1334258967927447,0.10264705156806,0.3203857855274793,0.2610006719717383,0.872292513162468,0.8345864661654135,100.0,43,score,40,facebook/esm2_t33_650M_UR50D,PIN1_HUMAN_Tsuboyama_2023_1I6C_indels,False
GaussianProcessRegressor,0.770657467561914,0.8037947475737184,0.8965460097360973,0.7900024940031241,-3.4638869150338536e-05,,100.0,43,score,40,facebook/esm2_t33_650M_UR50D,PIN1_HUMAN_Tsuboyama_2023_1I6C_indels,True
GaussianProcessRegressor,0.1238951410310181,0.1008653883415446,0.3175931175915885,0.2530108733083395,0.8745091548445554,0.8360902255639097,100.0,43,score,60,facebook/esm2_t33_650M_UR50D,PIN1_HUMAN_Tsuboyama_2023_1I6C_indels,False
GaussianProcessRegressor,0.9415919616569296,0.8039496488977983,0.8966323934019996,0.7975203960225886,-0.0002273580803098,,100.0,43,score,60,facebook/esm2_t33_650M_UR50D,PIN1_HUMAN_Tsuboyama_2023_1I6C_indels,True
GaussianProcessRegressor,0.1354698045799645,0.0931668512921582,0.3052324545197615,0.2503047533683259,0.884087226536667,0.8075187969924811,100.0,43,score,80,facebook/esm2_t33_650M_UR50D,PIN1_HUMAN_Tsuboyama_2023_1I6C_indels,False
GaussianProcessRegressor,0.8881021704486696,0.8042400009761618,0.8967942913378529,0.8008133973731782,-0.0005885972358374,,100.0,43,score,80,facebook/esm2_t33_650M_UR50D,PIN1_HUMAN_Tsuboyama_2023_1I6C_indels,True
GaussianProcessRegressor,0.1496868987474555,0.1232007350409253,0.3509996225652178,0.2799563617247192,0.8467208165430737,0.8090225563909773,100.0,43,score,20,facebook/esm2_t33_650M_UR50D,PIN1_HUMAN_Tsuboyama_2023_1I6C_indels,False
GaussianProcessRegressor,0.7591229799087055,0.8123962091267511,0.9013302442094968,0.8292707157147614,-0.0107360766726425,,100.0,43,score,20,facebook/esm2_t33_650M_UR50D,PIN1_HUMAN_Tsuboyama_2023_1I6C_indels,True
GaussianProcessRegressor,0.1111514635233617,0.1279484284835991,0.3576987957536328,0.2886567780900399,0.82968210388483,0.7924812030075187,100.0,49,score,80,facebook/esm2_t33_650M_UR50D,PIN1_HUMAN_Tsuboyama_2023_1I6C_indels,False
GaussianProcessRegressor,0.9029493585433488,0.7693741350746168,0.8771397466051899,0.7771009920887593,-0.0241484445284478,,100.0,49,score,80,facebook/esm2_t33_650M_UR50D,PIN1_HUMAN_Tsuboyama_2023_1I6C_indels,True
GaussianProcessRegressor,0.1342582764176833,0.197387348201597,0.4442829596119989,0.3615742637482072,0.7372488410847668,0.7654135338345864,100.0,49,score,40,facebook/esm2_t33_650M_UR50D,PIN1_HUMAN_Tsuboyama_2023_1I6C_indels,False
GaussianProcessRegressor,1.1302564195549818,0.7517094856968343,0.8670118140468642,0.8026806894051897,-0.0006342368645237,,100.0,49,score,40,facebook/esm2_t33_650M_UR50D,PIN1_HUMAN_Tsuboyama_2023_1I6C_indels,True
GaussianProcessRegressor,0.2738472154775526,0.3189684932160456,0.564772957227987,0.4546737724072221,0.5754067217906745,0.7518796992481201,100.0,49,score,20,facebook/esm2_t33_650M_UR50D,PIN1_HUMAN_Tsuboyama_2023_1I6C_indels,False
GaussianProcessRegressor,1.2730245265146696,0.7584174162528473,0.8708716416630222,0.7820938072902078,-0.0095634643128565,,100.0,49,score,20,facebook/esm2_t33_650M_UR50D,PIN1_HUMAN_Tsuboyama_2023_1I6C_indels,True
GaussianProcessRegressor,0.1417865139520902,0.1455167496914843,0.3814665774238738,0.299187808409121,0.8062961229715429,0.8165413533834586,100.0,49,score,60,facebook/esm2_t33_650M_UR50D,PIN1_HUMAN_Tsuboyama_2023_1I6C_indels,False
GaussianProcessRegressor,0.9553468750745584,0.7669669022400885,0.875766465583199,0.7780264106450776,-0.0209440688538471,,100.0,49,score,60,facebook/esm2_t33_650M_UR50D,PIN1_HUMAN_Tsuboyama_2023_1I6C_indels,True
GaussianProcessRegressor,0.1425010462903468,0.0994672038264637,0.3153842161974244,0.1935843495846987,0.8720886779608921,0.849624060150376,100.0,50,score,80,facebook/esm2_t33_650M_UR50D,PIN1_HUMAN_Tsuboyama_2023_1I6C_indels,False
GaussianProcessRegressor,0.8333769496699756,1.3897048675343917,1.1788574415655149,0.9661125011180908,-0.7871115303556335,-0.1511846665772316,100.0,50,score,80,facebook/esm2_t33_650M_UR50D,PIN1_HUMAN_Tsuboyama_2023_1I6C_indels,True
GaussianProcessRegressor,0.1854851860363754,0.1134293433789794,0.3367927305910557,0.2125994590280281,0.8541338580810389,0.8225563909774435,100.0,50,score,60,facebook/esm2_t33_650M_UR50D,PIN1_HUMAN_Tsuboyama_2023_1I6C_indels,False
GaussianProcessRegressor,0.8939298082031295,1.6225428115117004,1.2737907251631644,1.1142110422597111,-1.0865329284575225,-0.2781954887218045,100.0,50,score,60,facebook/esm2_t33_650M_UR50D,PIN1_HUMAN_Tsuboyama_2023_1I6C_indels,True
GaussianProcessRegressor,0.2875800882177657,0.3363526191087514,0.5799591529657511,0.420237247133458,0.5674623742658147,0.6406015037593984,100.0,50,score,20,facebook/esm2_t33_650M_UR50D,PIN1_HUMAN_Tsuboyama_2023_1I6C_indels,False
GaussianProcessRegressor,0.8143115295740966,1.1604529110739654,1.0772431995951357,0.9573425534518476,-0.4923015859435506,-0.5458646616541353,100.0,50,score,20,facebook/esm2_t33_650M_UR50D,PIN1_HUMAN_Tsuboyama_2023_1I6C_indels,True
GaussianProcessRegressor,0.190477246195827,0.1825564863956421,0.4272662944764566,0.2735497460522415,0.7652387860181473,0.7563909774436091,100.0,50,score,40,facebook/esm2_t33_650M_UR50D,PIN1_HUMAN_Tsuboyama_2023_1I6C_indels,False
GaussianProcessRegressor,0.9006423968350752,1.3427555966811364,1.1587733154854476,1.0004999952328255,-0.7267364210473506,-0.3339601590064221,100.0,50,score,40,facebook/esm2_t33_650M_UR50D,PIN1_HUMAN_Tsuboyama_2023_1I6C_indels,True
GaussianProcessRegressor,0.2955558885849103,0.1399103166247552,0.374045875027055,0.2181723912626104,0.8038182258419027,0.8676691729323308,100.0,42,score,20,facebook/esm2_t33_650M_UR50D,PIN1_HUMAN_Tsuboyama_2023_1I6C_indels,False
GaussianProcessRegressor,0.8742827579982476,0.7606909055212784,0.8721759601830805,0.7742213073507392,-0.0666382224789352,,100.0,42,score,20,facebook/esm2_t33_650M_UR50D,PIN1_HUMAN_Tsuboyama_2023_1I6C_indels,True
GaussianProcessRegressor,0.1809971281161294,0.0640129755967157,0.2530078567885112,0.1814212344513225,0.9102412214863024,0.9443609022556392,100.0,42,score,60,facebook/esm2_t33_650M_UR50D,PIN1_HUMAN_Tsuboyama_2023_1I6C_indels,False
GaussianProcessRegressor,0.7629170748547318,0.762194060579214,0.8730372618503829,0.732388658650403,-0.0687459414321518,,100.0,42,score,60,facebook/esm2_t33_650M_UR50D,PIN1_HUMAN_Tsuboyama_2023_1I6C_indels,True
GaussianProcessRegressor,0.178898369696399,0.0452833773850299,0.2127989130259595,0.1688144252781969,0.9365038009377648,0.950375939849624,100.0,42,score,80,facebook/esm2_t33_650M_UR50D,PIN1_HUMAN_Tsuboyama_2023_1I6C_indels,False
GaussianProcessRegressor,0.923484896503267,0.7308368797785749,0.8548899810961496,0.732388658650403,-0.0247770082578762,,100.0,42,score,80,facebook/esm2_t33_650M_UR50D,PIN1_HUMAN_Tsuboyama_2023_1I6C_indels,True
GaussianProcessRegressor,0.1014983777228993,0.1789408994337489,0.4230140652906815,0.2568184166230775,0.7490896742481734,0.8691729323308269,100.0,42,score,40,facebook/esm2_t33_650M_UR50D,PIN1_HUMAN_Tsuboyama_2023_1I6C_indels,False
GaussianProcessRegressor,0.7562603554759575,0.7486215537380352,0.8652291914504706,0.732388658650403,-0.0497146181093921,,100.0,42,score,40,facebook/esm2_t33_650M_UR50D,PIN1_HUMAN_Tsuboyama_2023_1I6C_indels,True
GaussianProcessRegressor,0.0989918045797828,0.2959246080843164,0.5439895293884951,0.3534849999492547,0.7289293765904782,0.8466165413533834,100.0,51,score,20,facebook/esm2_t33_650M_UR50D,PIN1_HUMAN_Tsuboyama_2023_1I6C_indels,False
GaussianProcessRegressor,0.488947094627897,1.4584765401976372,1.2076740206685068,0.9602976788850728,-0.3359826597012534,-0.4511278195488721,100.0,51,score,20,facebook/esm2_t33_650M_UR50D,PIN1_HUMAN_Tsuboyama_2023_1I6C_indels,True
GaussianProcessRegressor,0.1537849178199116,0.1505398098598535,0.3879946002972896,0.2327826142430408,0.8621036608924579,0.9052631578947368,100.0,51,score,80,facebook/esm2_t33_650M_UR50D,PIN1_HUMAN_Tsuboyama_2023_1I6C_indels,False
GaussianProcessRegressor,0.7589501075466033,1.2292162505117754,1.1087002527788,0.887060390223739,-0.1259773814971263,0.0827067669172932,100.0,51,score,80,facebook/esm2_t33_650M_UR50D,PIN1_HUMAN_Tsuboyama_2023_1I6C_indels,True
GaussianProcessRegressor,0.1020837073834567,0.2272507447234832,0.4767082385731163,0.2784609400819794,0.7918354899876355,0.875187969924812,100.0,51,score,40,facebook/esm2_t33_650M_UR50D,PIN1_HUMAN_Tsuboyama_2023_1I6C_indels,False
GaussianProcessRegressor,0.7580367731218496,1.1715674829128249,1.0823897093527934,0.9184878946383416,-0.0731703930111073,-0.144360902255639,100.0,51,score,40,facebook/esm2_t33_650M_UR50D,PIN1_HUMAN_Tsuboyama_2023_1I6C_indels,True
GaussianProcessRegressor,0.0988548736665363,0.2214717155544374,0.4706078150163227,0.2749784207117473,0.7971291526191282,0.8766917293233082,100.0,51,score,60,facebook/esm2_t33_650M_UR50D,PIN1_HUMAN_Tsuboyama_2023_1I6C_indels,False
GaussianProcessRegressor,0.6600404853538431,1.1996832089878229,1.0953005108132758,0.8933197214109247,-0.0989247479601542,0.1278195488721804,100.0,51,score,60,facebook/esm2_t33_650M_UR50D,PIN1_HUMAN_Tsuboyama_2023_1I6C_indels,True
GaussianProcessRegressor,0.2893183967222342,0.0463553207519509,0.2153028582066456,0.1617243942603484,0.8972508553629588,0.9172932330827066,100.0,46,score,40,facebook/esm2_t33_650M_UR50D,PIN1_HUMAN_Tsuboyama_2023_1I6C_indels,False
GaussianProcessRegressor,0.7789966787689375,0.4522195928561928,0.6724727450656962,0.5021604038384341,-0.0023698596051522,,100.0,46,score,40,facebook/esm2_t33_650M_UR50D,PIN1_HUMAN_Tsuboyama_2023_1I6C_indels,True
GaussianProcessRegressor,0.2027891530356111,0.2468819152951327,0.4968721317352511,0.3386592081672012,0.4527725143210934,0.675187969924812,100.0,46,score,80,facebook/esm2_t33_650M_UR50D,PIN1_HUMAN_Tsuboyama_2023_1I6C_indels,False
GaussianProcessRegressor,0.9693168018289496,0.5028354083291795,0.7091088832677105,0.6061769504375315,-0.1145626275677555,,100.0,46,score,80,facebook/esm2_t33_650M_UR50D,PIN1_HUMAN_Tsuboyama_2023_1I6C_indels,True
GaussianProcessRegressor,0.2106514127545601,0.2162370806135757,0.4650129897256373,0.3810484511393817,0.520698493475083,0.6932330827067669,100.0,46,score,60,facebook/esm2_t33_650M_UR50D,PIN1_HUMAN_Tsuboyama_2023_1I6C_indels,False
GaussianProcessRegressor,1.0267034791405485,0.5107168124983026,0.7146445357646714,0.6128645289280384,-0.1320321979165299,,100.0,46,score,60,facebook/esm2_t33_650M_UR50D,PIN1_HUMAN_Tsuboyama_2023_1I6C_indels,True
GaussianProcessRegressor,0.2151997238336288,0.1204859967609792,0.3471109286106952,0.2795231085332073,0.7329360921871971,0.7804511278195487,100.0,46,score,20,facebook/esm2_t33_650M_UR50D,PIN1_HUMAN_Tsuboyama_2023_1I6C_indels,False
GaussianProcessRegressor,0.5027718800524658,0.4523908514788975,0.6726000680039347,0.5013151451821523,-0.0027494638600507,,100.0,46,score,20,facebook/esm2_t33_650M_UR50D,PIN1_HUMAN_Tsuboyama_2023_1I6C_indels,True
GaussianProcessRegressor,0.2423780821668813,0.3792036846607568,0.6157951645318083,0.4250417061986087,0.6563544226810608,0.7669172932330827,100.0,45,score,20,facebook/esm2_t33_650M_UR50D,PIN1_HUMAN_Tsuboyama_2023_1I6C_indels,False
GaussianProcessRegressor,0.7790403134516343,1.1492919876902072,1.0720503662096326,0.9222634014168068,-0.0415223390330758,,100.0,45,score,20,facebook/esm2_t33_650M_UR50D,PIN1_HUMAN_Tsuboyama_2023_1I6C_indels,True
GaussianProcessRegressor,0.1638702954558755,0.2637269213360755,0.5135434950771702,0.3134202251853067,0.761002875754859,0.8781954887218045,100.0,45,score,40,facebook/esm2_t33_650M_UR50D,PIN1_HUMAN_Tsuboyama_2023_1I6C_indels,False
GaussianProcessRegressor,0.6715352538745897,1.1978084547730092,1.094444358920548,0.9114816636663836,-0.0854893942452643,,100.0,45,score,40,facebook/esm2_t33_650M_UR50D,PIN1_HUMAN_Tsuboyama_2023_1I6C_indels,True
GaussianProcessRegressor,0.1748661423906046,0.1111867656977753,0.3334467959026977,0.2597173303241989,0.8992392694637974,0.924812030075188,100.0,45,score,60,facebook/esm2_t33_650M_UR50D,PIN1_HUMAN_Tsuboyama_2023_1I6C_indels,False
GaussianProcessRegressor,0.7881096941799092,1.1840943985126864,1.0881610168135445,0.9138018361377548,-0.0730613114718092,,100.0,45,score,60,facebook/esm2_t33_650M_UR50D,PIN1_HUMAN_Tsuboyama_2023_1I6C_indels,True
GaussianProcessRegressor,0.1709276987567766,0.1232381670364241,0.3510529405038848,0.262643478843629,0.8883179336802932,0.900751879699248,100.0,45,score,80,facebook/esm2_t33_650M_UR50D,PIN1_HUMAN_Tsuboyama_2023_1I6C_indels,False
GaussianProcessRegressor,0.7616380683835424,1.1302707924958637,1.063141943719588,0.904447311216788,-0.0242847702322765,0.0917293233082706,100.0,45,score,80,facebook/esm2_t33_650M_UR50D,PIN1_HUMAN_Tsuboyama_2023_1I6C_indels,True
GaussianProcessRegressor,0.0713252823386767,0.2049732998864934,0.4527397706039236,0.3088614119679922,0.7990014083519303,0.918796992481203,100.0,44,score,40,facebook/esm2_t33_650M_UR50D,PIN1_HUMAN_Tsuboyama_2023_1I6C_indels,False
GaussianProcessRegressor,0.8140157487767128,1.1270795839093888,1.0616400444168397,0.8798620363252839,-0.105223993400749,-0.1278195488721804,100.0,44,score,40,facebook/esm2_t33_650M_UR50D,PIN1_HUMAN_Tsuboyama_2023_1I6C_indels,True
GaussianProcessRegressor,0.1351461807263361,0.2621063088360132,0.511963190899515,0.3536859923068057,0.742976285363574,0.9142857142857144,100.0,44,score,60,facebook/esm2_t33_650M_UR50D,PIN1_HUMAN_Tsuboyama_2023_1I6C_indels,False
GaussianProcessRegressor,0.6733976415023799,1.192255626579908,1.0919045867565114,0.8634751660605942,-0.1691361848579942,-0.1142857142857142,100.0,44,score,60,facebook/esm2_t33_650M_UR50D,PIN1_HUMAN_Tsuboyama_2023_1I6C_indels,True
GaussianProcessRegressor,0.163794322188013,0.232059202544856,0.4817252355283622,0.3271143400025301,0.7724407378116092,0.9142857142857144,100.0,44,score,20,facebook/esm2_t33_650M_UR50D,PIN1_HUMAN_Tsuboyama_2023_1I6C_indels,False
GaussianProcessRegressor,0.5856771134876827,1.4781760869833107,1.2158026513309266,0.9965461626525488,-0.4495122626021499,-0.1533834586466165,100.0,44,score,20,facebook/esm2_t33_650M_UR50D,PIN1_HUMAN_Tsuboyama_2023_1I6C_indels,True
GaussianProcessRegressor,0.1630233307373745,0.1403510532378535,0.374634559588212,0.2786771754322702,0.8623705426377305,0.9428571428571428,100.0,44,score,80,facebook/esm2_t33_650M_UR50D,PIN1_HUMAN_Tsuboyama_2023_1I6C_indels,False
GaussianProcessRegressor,0.8068231004640648,1.0895354295094954,1.0438081382655988,0.8164778822074885,-0.0684078707000113,,100.0,44,score,80,facebook/esm2_t33_650M_UR50D,PIN1_HUMAN_Tsuboyama_2023_1I6C_indels,True
GaussianProcessRegressor,0.1709912194870051,0.1107246916061595,0.332753199242561,0.2858725605404427,0.9050319757642296,0.882706766917293,100.0,47,score,60,facebook/esm2_t33_650M_UR50D,PIN1_HUMAN_Tsuboyama_2023_1I6C_indels,False
GaussianProcessRegressor,0.8133499822222842,1.31135091265016,1.1451423110907046,0.958056056205184,-0.1247392379030312,,100.0,47,score,60,facebook/esm2_t33_650M_UR50D,PIN1_HUMAN_Tsuboyama_2023_1I6C_indels,True
GaussianProcessRegressor,0.1613454378700598,0.1275970540422908,0.3572072984168868,0.2582235604492058,0.890560633360779,0.9157894736842104,100.0,47,score,80,facebook/esm2_t33_650M_UR50D,PIN1_HUMAN_Tsuboyama_2023_1I6C_indels,False
GaussianProcessRegressor,0.7952612615250699,1.3224059821716792,1.1499591219568108,0.958056056205184,-0.1342211167416021,,100.0,47,score,80,facebook/esm2_t33_650M_UR50D,PIN1_HUMAN_Tsuboyama_2023_1I6C_indels,True
GaussianProcessRegressor,0.1483726832365101,0.1469469273697556,0.3833365719178847,0.2587310015232423,0.8739643420325713,0.9172932330827066,100.0,47,score,40,facebook/esm2_t33_650M_UR50D,PIN1_HUMAN_Tsuboyama_2023_1I6C_indels,False
GaussianProcessRegressor,0.86667251129694,1.321616950643778,1.1496160013864534,0.958056056205184,-0.1335443682749546,,100.0,47,score,40,facebook/esm2_t33_650M_UR50D,PIN1_HUMAN_Tsuboyama_2023_1I6C_indels,True
GaussianProcessRegressor,0.1447714257375713,0.2177263898484935,0.4666116049226525,0.320190097012228,0.813257144653467,0.8360902255639097,100.0,47,score,20,facebook/esm2_t33_650M_UR50D,PIN1_HUMAN_Tsuboyama_2023_1I6C_indels,False
GaussianProcessRegressor,0.8970466335546163,1.2980667386034763,1.1393273184662414,0.958056056205184,-0.1133454670600742,,100.0,47,score,20,facebook/esm2_t33_650M_UR50D,PIN1_HUMAN_Tsuboyama_2023_1I6C_indels,True
GaussianProcessRegressor,0.1564833262845187,0.2074306468608945,0.4554455476353836,0.3656045324231666,0.6085530063773578,0.8030075187969924,100.0,49,score,80,facebook/esm2_t33_650M_UR50D,MAFG_MOUSE_Tsuboyama_2023_1K1V_indels,False
GaussianProcessRegressor,0.358761608315281,0.7526504988637819,0.8675543204109941,0.6672055249820797,-0.4203435195686726,0.0932330827067669,100.0,49,score,80,facebook/esm2_t33_650M_UR50D,MAFG_MOUSE_Tsuboyama_2023_1K1V_indels,True
GaussianProcessRegressor,0.3729205888162978,0.3510594215279515,0.592502676388851,0.4330810288938996,0.3375079467781017,0.6977443609022556,100.0,49,score,20,facebook/esm2_t33_650M_UR50D,MAFG_MOUSE_Tsuboyama_2023_1K1V_indels,False
GaussianProcessRegressor,0.3071703606146247,0.6845722407753635,0.8273888087080725,0.6470443060600605,-0.2918715224792123,0.0365746797985827,100.0,49,score,20,facebook/esm2_t33_650M_UR50D,MAFG_MOUSE_Tsuboyama_2023_1K1V_indels,True
GaussianProcessRegressor,0.1556621905510277,0.3394562368480062,0.582628729851186,0.4457094299326038,0.3594045750157739,0.7488721804511278,100.0,49,score,60,facebook/esm2_t33_650M_UR50D,MAFG_MOUSE_Tsuboyama_2023_1K1V_indels,False
GaussianProcessRegressor,0.2537265324795369,0.893506682832925,0.9452548242843964,0.7221271666988748,-0.686156361510273,0.0827067669172932,100.0,49,score,60,facebook/esm2_t33_650M_UR50D,MAFG_MOUSE_Tsuboyama_2023_1K1V_indels,True
GaussianProcessRegressor,0.1783808509333284,0.3958348142054052,0.6291540464825807,0.4710710168361201,0.2530113060111446,0.77593984962406,100.0,49,score,40,facebook/esm2_t33_650M_UR50D,MAFG_MOUSE_Tsuboyama_2023_1K1V_indels,False
GaussianProcessRegressor,0.2774097233191753,0.7873982736732326,0.8873546493219228,0.6577360366813647,-0.4859168193200718,0.1596387352559626,100.0,49,score,40,facebook/esm2_t33_650M_UR50D,MAFG_MOUSE_Tsuboyama_2023_1K1V_indels,True
GaussianProcessRegressor,0.1421896239183586,0.1489940940340793,0.3859975311243316,0.2881315551303191,0.6806161964315269,0.8466165413533834,100.0,51,score,80,facebook/esm2_t33_650M_UR50D,MAFG_MOUSE_Tsuboyama_2023_1K1V_indels,False
GaussianProcessRegressor,0.3518968600049034,0.515775016012772,0.7181747809640575,0.5627562447626012,-0.1056155444797062,0.433826429081125,100.0,51,score,80,facebook/esm2_t33_650M_UR50D,MAFG_MOUSE_Tsuboyama_2023_1K1V_indels,True
GaussianProcessRegressor,0.1549930302484316,0.1985312575375768,0.445568465600492,0.3428141229452545,0.5744283116008602,0.6661654135338345,100.0,51,score,60,facebook/esm2_t33_650M_UR50D,MAFG_MOUSE_Tsuboyama_2023_1K1V_indels,False
GaussianProcessRegressor,0.436589701187524,0.5154063515600116,0.7179180674422476,0.5770877582516255,-0.1048252752014073,,100.0,51,score,60,facebook/esm2_t33_650M_UR50D,MAFG_MOUSE_Tsuboyama_2023_1K1V_indels,True
GaussianProcessRegressor,0.2521144908247986,0.6196690671289222,0.7871906167688498,0.6174120164110853,-0.3283228767986885,0.631578947368421,100.0,51,score,40,facebook/esm2_t33_650M_UR50D,MAFG_MOUSE_Tsuboyama_2023_1K1V_indels,False
GaussianProcessRegressor,0.5459265552236761,0.5197752219744595,0.7209543827278252,0.5780544495798448,-0.1141903876866374,,100.0,51,score,40,facebook/esm2_t33_650M_UR50D,MAFG_MOUSE_Tsuboyama_2023_1K1V_indels,True
GaussianProcessRegressor,0.48593802529244,0.281861843344133,0.53090662394072,0.4421537095727259,0.3958008322968859,0.6526315789473683,100.0,51,score,20,facebook/esm2_t33_650M_UR50D,MAFG_MOUSE_Tsuboyama_2023_1K1V_indels,False
GaussianProcessRegressor,0.5644339193133562,0.5162518055781,0.7185066496408367,0.5772780999072861,-0.1066375907954573,,100.0,51,score,20,facebook/esm2_t33_650M_UR50D,MAFG_MOUSE_Tsuboyama_2023_1K1V_indels,True
GaussianProcessRegressor,0.1379375559782072,0.1673576820031774,0.4090937325395947,0.3234643626496883,0.4582786143610322,0.5834586466165413,100.0,44,score,20,facebook/esm2_t33_650M_UR50D,MAFG_MOUSE_Tsuboyama_2023_1K1V_indels,False
GaussianProcessRegressor,0.2009253160208421,0.3149265677334738,0.5611831855405807,0.4888322763273094,-0.0193882623437784,,100.0,44,score,20,facebook/esm2_t33_650M_UR50D,MAFG_MOUSE_Tsuboyama_2023_1K1V_indels,True
GaussianProcessRegressor,0.169067235611261,0.1626136110780144,0.4032537799922209,0.3039051755654731,0.4736347345246708,0.724812030075188,100.0,44,score,40,facebook/esm2_t33_650M_UR50D,MAFG_MOUSE_Tsuboyama_2023_1K1V_indels,False
GaussianProcessRegressor,0.4690883812412619,0.3008361917587575,0.5484853614808307,0.479574267839049,0.026220985500921,0.0484862398684449,100.0,44,score,40,facebook/esm2_t33_650M_UR50D,MAFG_MOUSE_Tsuboyama_2023_1K1V_indels,True
GaussianProcessRegressor,0.1623266176865792,0.1933843621295957,0.4397548886932307,0.325236161460677,0.3740326505492375,0.675187969924812,100.0,44,score,60,facebook/esm2_t33_650M_UR50D,MAFG_MOUSE_Tsuboyama_2023_1K1V_indels,False
GaussianProcessRegressor,0.4527848653699114,0.3089401854048644,0.5558238798440244,0.4729866626040868,-1.0894712949571783e-05,,100.0,44,score,60,facebook/esm2_t33_650M_UR50D,MAFG_MOUSE_Tsuboyama_2023_1K1V_indels,True
GaussianProcessRegressor,0.1470040019159662,0.1768872484378834,0.4205796576605714,0.3136302773158875,0.4274322864736184,0.7007518796992479,100.0,44,score,80,facebook/esm2_t33_650M_UR50D,MAFG_MOUSE_Tsuboyama_2023_1K1V_indels,False
GaussianProcessRegressor,0.442605115062414,0.3094508984172979,0.5562831099514868,0.477888244874115,-0.0016640256445437,,100.0,44,score,80,facebook/esm2_t33_650M_UR50D,MAFG_MOUSE_Tsuboyama_2023_1K1V_indels,True
GaussianProcessRegressor,0.148014752253273,0.1919078273830238,0.4380728562499894,0.3335744763955334,0.5953955601388117,0.6736842105263157,100.0,43,score,80,facebook/esm2_t33_650M_UR50D,MAFG_MOUSE_Tsuboyama_2023_1K1V_indels,False
GaussianProcessRegressor,0.3773867963075931,0.4996183657563913,0.7068368735121218,0.6002283416352305,-0.0533588534550257,-0.1185273830317859,100.0,43,score,80,facebook/esm2_t33_650M_UR50D,MAFG_MOUSE_Tsuboyama_2023_1K1V_indels,True
GaussianProcessRegressor,0.2954284053040961,0.4192200488020606,0.6474720448035272,0.554928976561319,0.1161470830181353,0.5639097744360902,100.0,43,score,20,facebook/esm2_t33_650M_UR50D,MAFG_MOUSE_Tsuboyama_2023_1K1V_indels,False
GaussianProcessRegressor,0.5070743251631817,0.5076456724676942,0.7124925771316458,0.6051019173962662,-0.0702830403410472,,100.0,43,score,20,facebook/esm2_t33_650M_UR50D,MAFG_MOUSE_Tsuboyama_2023_1K1V_indels,True
GaussianProcessRegressor,0.1413871747668972,0.2552311072178982,0.5052040253381778,0.3943591948558392,0.4618893841941142,0.475187969924812,100.0,43,score,60,facebook/esm2_t33_650M_UR50D,MAFG_MOUSE_Tsuboyama_2023_1K1V_indels,False
GaussianProcessRegressor,0.3046935640750129,0.4152373320024559,0.6443891153662171,0.5740958960236797,0.1245439520870225,0.5112781954887218,100.0,43,score,60,facebook/esm2_t33_650M_UR50D,MAFG_MOUSE_Tsuboyama_2023_1K1V_indels,True
GaussianProcessRegressor,0.1391736615480416,0.2956717127873224,0.5437570347014579,0.4288448879652725,0.3766273665516199,0.5203007518796992,100.0,43,score,40,facebook/esm2_t33_650M_UR50D,MAFG_MOUSE_Tsuboyama_2023_1K1V_indels,False
GaussianProcessRegressor,0.3635228265392285,0.4743850507319463,0.6887561620282946,0.5373984709528442,-0.0001587759463084,,100.0,43,score,40,facebook/esm2_t33_650M_UR50D,MAFG_MOUSE_Tsuboyama_2023_1K1V_indels,True
GaussianProcessRegressor,0.2485736591460949,0.3751753659685474,0.6125156046735034,0.4998439669729205,0.4501804890017256,0.6812030075187969,100.0,50,score,20,facebook/esm2_t33_650M_UR50D,MAFG_MOUSE_Tsuboyama_2023_1K1V_indels,False
GaussianProcessRegressor,0.3647575913629343,0.7481217106996504,0.864940293141469,0.6679541997896752,-0.0963723913007603,,100.0,50,score,20,facebook/esm2_t33_650M_UR50D,MAFG_MOUSE_Tsuboyama_2023_1K1V_indels,True
GaussianProcessRegressor,0.2702399981269937,0.3633212372837949,0.6027613435546402,0.4510920174642324,0.4675527149737997,0.8390977443609022,100.0,50,score,40,facebook/esm2_t33_650M_UR50D,MAFG_MOUSE_Tsuboyama_2023_1K1V_indels,False
GaussianProcessRegressor,0.3222960942599651,0.8028330528844096,0.896009516067999,0.6768301854229112,-0.17655186504746,,100.0,50,score,40,facebook/esm2_t33_650M_UR50D,MAFG_MOUSE_Tsuboyama_2023_1K1V_indels,True
GaussianProcessRegressor,0.2122024661252103,0.2804200626371813,0.5295470353398094,0.3813485237257075,0.5890443891078763,0.8706766917293233,100.0,50,score,60,facebook/esm2_t33_650M_UR50D,MAFG_MOUSE_Tsuboyama_2023_1K1V_indels,False
GaussianProcessRegressor,0.2981065002317286,0.8045562250205599,0.896970582026278,0.6773248840519472,-0.179077173868891,,100.0,50,score,60,facebook/esm2_t33_650M_UR50D,MAFG_MOUSE_Tsuboyama_2023_1K1V_indels,True
GaussianProcessRegressor,0.1638151717472272,0.2389447172127254,0.4888197185187248,0.3570803716280882,0.6498265091729517,0.900751879699248,100.0,50,score,80,facebook/esm2_t33_650M_UR50D,MAFG_MOUSE_Tsuboyama_2023_1K1V_indels,False
GaussianProcessRegressor,0.3292966059083788,0.7777803049413372,0.8819185364540975,0.6709085815180295,-0.1398370621241309,,100.0,50,score,80,facebook/esm2_t33_650M_UR50D,MAFG_MOUSE_Tsuboyama_2023_1K1V_indels,True
GaussianProcessRegressor,0.2520195373176108,0.2749331374757289,0.5243406692940468,0.4121658996866194,0.5123700003533143,0.7022556390977444,100.0,48,score,60,facebook/esm2_t33_650M_UR50D,MAFG_MOUSE_Tsuboyama_2023_1K1V_indels,False
GaussianProcessRegressor,0.3722327610434995,0.5653765948238882,0.7519152843398572,0.5899914152787737,-0.0027695870547994,,100.0,48,score,60,facebook/esm2_t33_650M_UR50D,MAFG_MOUSE_Tsuboyama_2023_1K1V_indels,True
GaussianProcessRegressor,0.2753823623905749,0.2993110907031374,0.5470933107826648,0.4318701710356169,0.4691325011096388,0.6812030075187969,100.0,48,score,40,facebook/esm2_t33_650M_UR50D,MAFG_MOUSE_Tsuboyama_2023_1K1V_indels,False
GaussianProcessRegressor,0.3767996899963476,0.5686918356427095,0.754116592870565,0.587037403986993,-0.0086496017163757,,100.0,48,score,40,facebook/esm2_t33_650M_UR50D,MAFG_MOUSE_Tsuboyama_2023_1K1V_indels,True
GaussianProcessRegressor,0.3296791924819102,0.3008160479133644,0.5484669980166212,0.3878098256761071,0.4664632619970708,0.6481203007518795,100.0,48,score,20,facebook/esm2_t33_650M_UR50D,MAFG_MOUSE_Tsuboyama_2023_1K1V_indels,False
GaussianProcessRegressor,0.4441571098967565,0.5679263850121896,0.7536089072006711,0.5875310798483048,-0.007291974570674,,100.0,48,score,20,facebook/esm2_t33_650M_UR50D,MAFG_MOUSE_Tsuboyama_2023_1K1V_indels,True
GaussianProcessRegressor,0.1305687667817654,0.2571130527326603,0.5070631644407433,0.3967000296167137,0.5439762592304698,0.732330827067669,100.0,48,score,80,facebook/esm2_t33_650M_UR50D,MAFG_MOUSE_Tsuboyama_2023_1K1V_indels,False
GaussianProcessRegressor,0.3334169002514232,0.5638276659332564,0.7508845889570889,0.5968878634676502,-2.2358396492450083e-05,,100.0,48,score,80,facebook/esm2_t33_650M_UR50D,MAFG_MOUSE_Tsuboyama_2023_1K1V_indels,True
GaussianProcessRegressor,0.1548727695265558,0.1985051258778347,0.4455391406799572,0.3455782454712089,0.6408026537964573,0.813533834586466,100.0,42,score,40,facebook/esm2_t33_650M_UR50D,MAFG_MOUSE_Tsuboyama_2023_1K1V_indels,False
GaussianProcessRegressor,0.4032131228587447,0.5528877579129465,0.7435642258157305,0.6032064836333376,-0.0004568623229317,,100.0,42,score,40,facebook/esm2_t33_650M_UR50D,MAFG_MOUSE_Tsuboyama_2023_1K1V_indels,True
GaussianProcessRegressor,0.2971632958669473,0.2174728648631568,0.4663398598266685,0.3766362244731654,0.6064803083311712,0.7398496240601502,100.0,42,score,20,facebook/esm2_t33_650M_UR50D,MAFG_MOUSE_Tsuboyama_2023_1K1V_indels,False
GaussianProcessRegressor,0.5862163229559315,0.5607920820836737,0.7488605224497241,0.6161279002099405,-0.0147598293274464,,100.0,42,score,20,facebook/esm2_t33_650M_UR50D,MAFG_MOUSE_Tsuboyama_2023_1K1V_indels,True
GaussianProcessRegressor,0.1137739750087538,0.2295747956339461,0.47913964105879,0.4062571755160147,0.5845817231053079,0.7233082706766917,100.0,42,score,60,facebook/esm2_t33_650M_UR50D,MAFG_MOUSE_Tsuboyama_2023_1K1V_indels,False
GaussianProcessRegressor,0.4091416573265861,0.5526673506829733,0.743416001094255,0.6042291273109747,-5.8032863287538206e-05,,100.0,42,score,60,facebook/esm2_t33_650M_UR50D,MAFG_MOUSE_Tsuboyama_2023_1K1V_indels,True
GaussianProcessRegressor,0.1190647936245691,0.1848997950157662,0.4299997616461737,0.3333439948008249,0.6654216590652873,0.8090225563909773,100.0,42,score,80,facebook/esm2_t33_650M_UR50D,MAFG_MOUSE_Tsuboyama_2023_1K1V_indels,False
GaussianProcessRegressor,0.3847486897571194,0.5542230441147888,0.7444615800125544,0.6008107638159295,-0.0028730783173698,,100.0,42,score,80,facebook/esm2_t33_650M_UR50D,MAFG_MOUSE_Tsuboyama_2023_1K1V_indels,True
GaussianProcessRegressor,0.1315552035461452,0.0721709052126471,0.2686464316022961,0.1889229060116359,0.7064494345558014,0.8345864661654135,100.0,46,score,80,facebook/esm2_t33_650M_UR50D,MAFG_MOUSE_Tsuboyama_2023_1K1V_indels,False
GaussianProcessRegressor,0.4432136234590431,0.2631080752184782,0.5129406156841922,0.4406848319059577,-0.0701753570327161,,100.0,46,score,80,facebook/esm2_t33_650M_UR50D,MAFG_MOUSE_Tsuboyama_2023_1K1V_indels,True
GaussianProcessRegressor,0.1294764046853235,0.0971649495040008,0.3117129280347558,0.2345438412958125,0.6047877495201748,0.8090225563909773,100.0,46,score,60,facebook/esm2_t33_650M_UR50D,MAFG_MOUSE_Tsuboyama_2023_1K1V_indels,False
GaussianProcessRegressor,0.4746581653446368,0.2598764586254643,0.5097807946808749,0.4393909553395635,-0.0570309621358671,,100.0,46,score,60,facebook/esm2_t33_650M_UR50D,MAFG_MOUSE_Tsuboyama_2023_1K1V_indels,True
GaussianProcessRegressor,0.1619496787141386,0.1907662419972276,0.4367679498283129,0.3330493957166485,0.224070447212048,0.7097744360902255,100.0,46,score,40,facebook/esm2_t33_650M_UR50D,MAFG_MOUSE_Tsuboyama_2023_1K1V_indels,False
GaussianProcessRegressor,0.5285405966097656,0.248332020881853,0.4983292294074802,0.4340599319323431,-0.0100746960700985,,100.0,46,score,40,facebook/esm2_t33_650M_UR50D,MAFG_MOUSE_Tsuboyama_2023_1K1V_indels,True
GaussianProcessRegressor,0.237940176656227,0.2163380232183077,0.4651215144650995,0.3740738711739043,0.1200588539703444,0.6781954887218045,100.0,46,score,20,facebook/esm2_t33_650M_UR50D,MAFG_MOUSE_Tsuboyama_2023_1K1V_indels,False
GaussianProcessRegressor,0.5645320993431316,0.4381782089664418,0.6619503070219409,0.5374988371620517,-0.7822619881021609,-0.0030075187969924,100.0,46,score,20,facebook/esm2_t33_650M_UR50D,MAFG_MOUSE_Tsuboyama_2023_1K1V_indels,True
GaussianProcessRegressor,0.1223223994047567,0.2130690408224644,0.4615940216493974,0.3444995466768201,0.6069876947885628,0.8481203007518796,100.0,45,score,40,facebook/esm2_t33_650M_UR50D,MAFG_MOUSE_Tsuboyama_2023_1K1V_indels,False
GaussianProcessRegressor,0.3565706894464902,0.588513013747493,0.7671460185306921,0.6211543568248227,-0.0855300952546769,,100.0,45,score,40,facebook/esm2_t33_650M_UR50D,MAFG_MOUSE_Tsuboyama_2023_1K1V_indels,True
GaussianProcessRegressor,0.1219413540606855,0.3183962521093745,0.5642661181653339,0.4413335138168662,0.4127084604635153,0.6932330827067669,100.0,45,score,60,facebook/esm2_t33_650M_UR50D,MAFG_MOUSE_Tsuboyama_2023_1K1V_indels,False
GaussianProcessRegressor,0.2938630084029481,0.6263059402049556,0.7913949331433425,0.6212957074970732,-0.1552402938381949,,100.0,45,score,60,facebook/esm2_t33_650M_UR50D,MAFG_MOUSE_Tsuboyama_2023_1K1V_indels,True
GaussianProcessRegressor,0.1099420583195459,0.2387084770942407,0.4885780153611507,0.3574035884376821,0.5596949772985136,0.8601503759398496,100.0,45,score,80,facebook/esm2_t33_650M_UR50D,MAFG_MOUSE_Tsuboyama_2023_1K1V_indels,False
GaussianProcessRegressor,0.3307041831176419,0.6110153143773811,0.7816746857724005,0.6211543568248227,-0.1270362709476626,,100.0,45,score,80,facebook/esm2_t33_650M_UR50D,MAFG_MOUSE_Tsuboyama_2023_1K1V_indels,True
GaussianProcessRegressor,0.2740045713354681,0.357096348222628,0.5975753912458478,0.4896579800690716,0.3413249599480789,0.7127819548872181,100.0,45,score,20,facebook/esm2_t33_650M_UR50D,MAFG_MOUSE_Tsuboyama_2023_1K1V_indels,False
GaussianProcessRegressor,0.4594551738021254,0.5615292499698343,0.7493525538555496,0.6211543568248227,-0.0357577249253111,,100.0,45,score,20,facebook/esm2_t33_650M_UR50D,MAFG_MOUSE_Tsuboyama_2023_1K1V_indels,True
GaussianProcessRegressor,0.1971326162932735,1.0184779874096084,1.0091967040223666,0.7812992673077458,-0.6144548775088385,0.263157894736842,100.0,47,score,20,facebook/esm2_t33_650M_UR50D,MAFG_MOUSE_Tsuboyama_2023_1K1V_indels,False
GaussianProcessRegressor,0.4138527942243437,0.6344357036931181,0.7965147228351263,0.6810922711105305,-0.0056847854888097,,100.0,47,score,20,facebook/esm2_t33_650M_UR50D,MAFG_MOUSE_Tsuboyama_2023_1K1V_indels,True
GaussianProcessRegressor,0.1882188374032289,0.260137751373959,0.5100370098080718,0.3940870290391994,0.5876389409278777,0.806015037593985,100.0,47,score,60,facebook/esm2_t33_650M_UR50D,MAFG_MOUSE_Tsuboyama_2023_1K1V_indels,False
GaussianProcessRegressor,0.3451000402367443,0.622679722207734,0.7891005780049423,0.6057498130588753,0.0129503758829682,0.3488721804511278,100.0,47,score,60,facebook/esm2_t33_650M_UR50D,MAFG_MOUSE_Tsuboyama_2023_1K1V_indels,True
GaussianProcessRegressor,0.2297838053752513,0.3537683721168061,0.5947843072213709,0.4863039072960732,0.439219029833937,0.5654135338345864,100.0,47,score,40,facebook/esm2_t33_650M_UR50D,MAFG_MOUSE_Tsuboyama_2023_1K1V_indels,False
GaussianProcessRegressor,0.4473810460279754,0.645514320316817,0.8034390582469942,0.6235991507175764,-0.0232462123093071,,100.0,47,score,40,facebook/esm2_t33_650M_UR50D,MAFG_MOUSE_Tsuboyama_2023_1K1V_indels,True
GaussianProcessRegressor,0.1678030111142495,0.2204248351521058,0.4694942333534096,0.36827180328314,0.6505904353018894,0.813533834586466,100.0,47,score,80,facebook/esm2_t33_650M_UR50D,MAFG_MOUSE_Tsuboyama_2023_1K1V_indels,False
GaussianProcessRegressor,0.3367594515675638,0.6204011610160474,0.7876554837084849,0.5992983698642642,0.0165622695862157,0.4781954887218045,100.0,47,score,80,facebook/esm2_t33_650M_UR50D,MAFG_MOUSE_Tsuboyama_2023_1K1V_indels,True
GaussianProcessRegressor,0.1544650867324503,0.1112243578446789,0.3335031601719525,0.2512159859741024,0.6712136894141072,0.7187969924812029,100.0,43,score,40,facebook/esm2_t33_650M_UR50D,SQSTM_MOUSE_Tsuboyama_2023_2RRU_indels,False
GaussianProcessRegressor,0.3104741093936041,0.2656211823814328,0.5153844995548787,0.4006789934338185,0.21480680796008,0.3503759398496239,100.0,43,score,40,facebook/esm2_t33_650M_UR50D,SQSTM_MOUSE_Tsuboyama_2023_2RRU_indels,True
GaussianProcessRegressor,0.1076315999741928,0.0566578265931817,0.2380290456922888,0.1824536018451111,0.8325158433604867,0.7684210526315788,100.0,43,score,60,facebook/esm2_t33_650M_UR50D,SQSTM_MOUSE_Tsuboyama_2023_2RRU_indels,False
GaussianProcessRegressor,0.2776244464390221,0.2584846500838613,0.5084138570926852,0.3979674709417072,0.2359028535562454,0.3654135338345864,100.0,43,score,60,facebook/esm2_t33_650M_UR50D,SQSTM_MOUSE_Tsuboyama_2023_2RRU_indels,True
GaussianProcessRegressor,0.0647370685507897,0.0629494901638001,0.2508973697825469,0.2005535478881071,0.8139172837201601,0.7473684210526315,100.0,43,score,80,facebook/esm2_t33_650M_UR50D,SQSTM_MOUSE_Tsuboyama_2023_2RRU_indels,False
GaussianProcessRegressor,0.2039389253594418,0.2466537691615943,0.4966424963307049,0.3876015318108148,0.2708756937217532,0.4601503759398496,100.0,43,score,80,facebook/esm2_t33_650M_UR50D,SQSTM_MOUSE_Tsuboyama_2023_2RRU_indels,True
GaussianProcessRegressor,0.1009811525773872,0.1357348030513773,0.3684220447413229,0.2608326211028093,0.5987592468217595,0.5714285714285714,100.0,43,score,20,facebook/esm2_t33_650M_UR50D,SQSTM_MOUSE_Tsuboyama_2023_2RRU_indels,False
GaussianProcessRegressor,0.2780622868826883,0.2619950039082072,0.511854475323023,0.3953241591703093,0.225526023290617,0.4150375939849623,100.0,43,score,20,facebook/esm2_t33_650M_UR50D,SQSTM_MOUSE_Tsuboyama_2023_2RRU_indels,True
GaussianProcessRegressor,0.1345892160163264,0.2418646465905863,0.4917973633424505,0.3616930192105236,0.1196363773478015,0.5293233082706766,100.0,46,score,40,facebook/esm2_t33_650M_UR50D,SQSTM_MOUSE_Tsuboyama_2023_2RRU_indels,False
GaussianProcessRegressor,0.1840289667900892,0.30852178165269,0.5554473707316383,0.463012384196684,-0.1229890651304648,0.1007518796992481,100.0,46,score,40,facebook/esm2_t33_650M_UR50D,SQSTM_MOUSE_Tsuboyama_2023_2RRU_indels,True
GaussianProcessRegressor,0.1841183804390625,0.2536630313840733,0.5036497109937356,0.3904352678346634,0.0766914123657095,0.1473684210526315,100.0,46,score,20,facebook/esm2_t33_650M_UR50D,SQSTM_MOUSE_Tsuboyama_2023_2RRU_indels,False
GaussianProcessRegressor,0.2057665875036373,0.9394270999154573,0.9692404757930084,0.7527637167531906,-2.419422625660455,-0.3654135338345864,100.0,46,score,20,facebook/esm2_t33_650M_UR50D,SQSTM_MOUSE_Tsuboyama_2023_2RRU_indels,True
GaussianProcessRegressor,0.0760103572914317,0.0523366948683395,0.228772146181172,0.1787837419865897,0.809499557122428,0.9368421052631578,100.0,46,score,80,facebook/esm2_t33_650M_UR50D,SQSTM_MOUSE_Tsuboyama_2023_2RRU_indels,False
GaussianProcessRegressor,0.1548724807967802,0.2522428127757645,0.5022378050045263,0.3864703450372045,0.081860868987806,0.4240601503759398,100.0,46,score,80,facebook/esm2_t33_650M_UR50D,SQSTM_MOUSE_Tsuboyama_2023_2RRU_indels,True
GaussianProcessRegressor,0.1002569933372057,0.0808332145306578,0.2843118262237044,0.2351517770828595,0.7057750168204946,0.8947368421052632,100.0,46,score,60,facebook/esm2_t33_650M_UR50D,SQSTM_MOUSE_Tsuboyama_2023_2RRU_indels,False
GaussianProcessRegressor,0.1653082357529712,0.2665022726524717,0.5162385811351876,0.413737543816681,0.0299578317681027,0.2075187969924811,100.0,46,score,60,facebook/esm2_t33_650M_UR50D,SQSTM_MOUSE_Tsuboyama_2023_2RRU_indels,True
GaussianProcessRegressor,0.2102982046928559,0.0799851851674085,0.2828165220905747,0.2047020901630053,0.5838154650486336,0.7894736842105263,100.0,50,score,40,facebook/esm2_t33_650M_UR50D,SQSTM_MOUSE_Tsuboyama_2023_2RRU_indels,False
GaussianProcessRegressor,0.2389344914540932,0.2253817149007999,0.4747438413511015,0.4014143089320196,-0.1727219735280627,0.3112781954887217,100.0,50,score,40,facebook/esm2_t33_650M_UR50D,SQSTM_MOUSE_Tsuboyama_2023_2RRU_indels,True
GaussianProcessRegressor,0.1376187092238401,0.1820808887812619,0.4267093727365992,0.3304503656344932,0.0525839271065579,0.475187969924812,100.0,50,score,20,facebook/esm2_t33_650M_UR50D,SQSTM_MOUSE_Tsuboyama_2023_2RRU_indels,False
GaussianProcessRegressor,0.1407924552966458,0.1924057967908508,0.4386408517122531,0.3519655193198885,-0.0011393596420148,-0.0994643350024282,100.0,50,score,20,facebook/esm2_t33_650M_UR50D,SQSTM_MOUSE_Tsuboyama_2023_2RRU_indels,True
GaussianProcessRegressor,0.0898461278670598,0.0660680059192071,0.2570369738368531,0.2107343061499829,0.6562303098867701,0.7849624060150376,100.0,50,score,80,facebook/esm2_t33_650M_UR50D,SQSTM_MOUSE_Tsuboyama_2023_2RRU_indels,False
GaussianProcessRegressor,0.1874266281868488,0.2448288369232894,0.4948018158043576,0.4058390261829052,-0.2739106051244322,0.5819548872180451,100.0,50,score,80,facebook/esm2_t33_650M_UR50D,SQSTM_MOUSE_Tsuboyama_2023_2RRU_indels,True
GaussianProcessRegressor,0.115785327587569,0.0788493218761911,0.280801214164382,0.2276480475896372,0.5897256687274053,0.7684210526315788,100.0,50,score,60,facebook/esm2_t33_650M_UR50D,SQSTM_MOUSE_Tsuboyama_2023_2RRU_indels,False
GaussianProcessRegressor,0.2201314412328915,0.3465367101425282,0.5886736873196629,0.4850702059489276,-0.8031241567095981,0.362406015037594,100.0,50,score,60,facebook/esm2_t33_650M_UR50D,SQSTM_MOUSE_Tsuboyama_2023_2RRU_indels,True
GaussianProcessRegressor,0.0653384133272094,0.1881794346625941,0.4337965360195884,0.3607994200482095,0.4684728452826924,0.5954887218045113,100.0,49,score,40,facebook/esm2_t33_650M_UR50D,SQSTM_MOUSE_Tsuboyama_2023_2RRU_indels,False
GaussianProcessRegressor,0.208578477291524,0.4017238714580698,0.6338169068887874,0.4920983895497017,-0.1346996910740199,,100.0,49,score,40,facebook/esm2_t33_650M_UR50D,SQSTM_MOUSE_Tsuboyama_2023_2RRU_indels,True
GaussianProcessRegressor,0.0716673818827815,0.1067425553430492,0.3267147920481246,0.2691659394403494,0.6984975173802895,0.8105263157894737,100.0,49,score,80,facebook/esm2_t33_650M_UR50D,SQSTM_MOUSE_Tsuboyama_2023_2RRU_indels,False
GaussianProcessRegressor,0.2071809839090262,0.2665782502035679,0.5163121635247111,0.411202862510946,0.2470294158642909,0.5624060150375939,100.0,49,score,80,facebook/esm2_t33_650M_UR50D,SQSTM_MOUSE_Tsuboyama_2023_2RRU_indels,True
GaussianProcessRegressor,0.0546472925959719,0.1092492572479855,0.3305287540411357,0.2744526936135999,0.6914171468092747,0.7909774436090224,100.0,49,score,60,facebook/esm2_t33_650M_UR50D,SQSTM_MOUSE_Tsuboyama_2023_2RRU_indels,False
GaussianProcessRegressor,0.1929078971324182,0.3486498326801955,0.5904657760448064,0.465429864910363,0.0152119763275782,0.6300751879699248,100.0,49,score,60,facebook/esm2_t33_650M_UR50D,SQSTM_MOUSE_Tsuboyama_2023_2RRU_indels,True
GaussianProcessRegressor,0.1710314852184399,0.2355279061630646,0.4853121739283537,0.3672463267078886,0.3347334790124989,0.5203007518796992,100.0,49,score,20,facebook/esm2_t33_650M_UR50D,SQSTM_MOUSE_Tsuboyama_2023_2RRU_indels,False
GaussianProcessRegressor,0.2963797039394894,0.4498017617634856,0.6706726189158804,0.5389933174013224,-0.2704993563491764,,100.0,49,score,20,facebook/esm2_t33_650M_UR50D,SQSTM_MOUSE_Tsuboyama_2023_2RRU_indels,True
GaussianProcessRegressor,0.1310829518616478,0.0809831048701724,0.2845753061496595,0.2339782838440031,0.3525476151257506,0.5864661654135337,100.0,48,score,60,facebook/esm2_t33_650M_UR50D,SQSTM_MOUSE_Tsuboyama_2023_2RRU_indels,False
GaussianProcessRegressor,0.283758771350129,0.0889351192534988,0.2982199176002481,0.2404516899151736,0.288972000368909,0.3954887218045112,100.0,48,score,60,facebook/esm2_t33_650M_UR50D,SQSTM_MOUSE_Tsuboyama_2023_2RRU_indels,True
GaussianProcessRegressor,0.2789452230739976,0.1136591433873778,0.3371337173695,0.27573678028281,0.091305728930798,0.6781954887218045,100.0,48,score,20,facebook/esm2_t33_650M_UR50D,SQSTM_MOUSE_Tsuboyama_2023_2RRU_indels,False
GaussianProcessRegressor,0.5375514139215315,0.09248919345651,0.3041203601479355,0.2478431638609321,0.2605575079578234,0.4135338345864661,100.0,48,score,20,facebook/esm2_t33_650M_UR50D,SQSTM_MOUSE_Tsuboyama_2023_2RRU_indels,True
GaussianProcessRegressor,0.1654601533835984,0.0947887018478512,0.3078777384739781,0.2486154903873748,0.2421731524259006,0.6345864661654135,100.0,48,score,40,facebook/esm2_t33_650M_UR50D,SQSTM_MOUSE_Tsuboyama_2023_2RRU_indels,False
GaussianProcessRegressor,0.3552617816072085,0.6755704513620033,0.8219309285834202,0.5358183772646908,-4.4011228710743655,0.1654135338345864,100.0,48,score,40,facebook/esm2_t33_650M_UR50D,SQSTM_MOUSE_Tsuboyama_2023_2RRU_indels,True
GaussianProcessRegressor,0.0979659911004897,0.0622147043383835,0.2494287560374375,0.2179645771770038,0.502599230262793,0.6917293233082705,100.0,48,score,80,facebook/esm2_t33_650M_UR50D,SQSTM_MOUSE_Tsuboyama_2023_2RRU_indels,False
GaussianProcessRegressor,0.2442765728374035,0.0874513319344754,0.295721713667555,0.2363702409024167,0.3008347418615692,0.4270676691729323,100.0,48,score,80,facebook/esm2_t33_650M_UR50D,SQSTM_MOUSE_Tsuboyama_2023_2RRU_indels,True
GaussianProcessRegressor,0.1572719149588239,0.0672500918878428,0.2593262267643649,0.2044742917740244,0.7538035087707573,0.7533834586466165,100.0,42,score,40,facebook/esm2_t33_650M_UR50D,SQSTM_MOUSE_Tsuboyama_2023_2RRU_indels,False
GaussianProcessRegressor,0.3923348901135907,0.3070359343366,0.554108233413473,0.391164311962895,-0.1240307275866803,,100.0,42,score,40,facebook/esm2_t33_650M_UR50D,SQSTM_MOUSE_Tsuboyama_2023_2RRU_indels,True
GaussianProcessRegressor,0.0820453835895916,0.0466750679412849,0.2160441342441051,0.1634860668531862,0.8291268066340265,0.9097744360902256,100.0,42,score,80,facebook/esm2_t33_650M_UR50D,SQSTM_MOUSE_Tsuboyama_2023_2RRU_indels,False
GaussianProcessRegressor,0.1804242517230611,0.2100582220084118,0.4583210905123305,0.339198079430096,0.2309958877294381,0.5293233082706766,100.0,42,score,80,facebook/esm2_t33_650M_UR50D,SQSTM_MOUSE_Tsuboyama_2023_2RRU_indels,True
GaussianProcessRegressor,0.2570135412837245,0.1305633187094527,0.36133546561257,0.2847780281622901,0.5220195237335653,0.5744360902255639,100.0,42,score,20,facebook/esm2_t33_650M_UR50D,SQSTM_MOUSE_Tsuboyama_2023_2RRU_indels,False
GaussianProcessRegressor,0.3579385541311846,0.3527895110331235,0.593960866583922,0.4096335435621417,-0.2915304250243944,0.4466165413533834,100.0,42,score,20,facebook/esm2_t33_650M_UR50D,SQSTM_MOUSE_Tsuboyama_2023_2RRU_indels,True
GaussianProcessRegressor,0.0903933163155699,0.0527117453197783,0.2295903859480583,0.1763102459577126,0.8070270778820319,0.8526315789473683,100.0,42,score,60,facebook/esm2_t33_650M_UR50D,SQSTM_MOUSE_Tsuboyama_2023_2RRU_indels,False
GaussianProcessRegressor,0.1757038408275467,0.1894189061610626,0.4352228235755366,0.314817097121606,0.3065545524144458,0.4827067669172932,100.0,42,score,60,facebook/esm2_t33_650M_UR50D,SQSTM_MOUSE_Tsuboyama_2023_2RRU_indels,True
GaussianProcessRegressor,0.2169225710793256,0.1729037054191577,0.4158169133394621,0.3253098890396412,0.5803121087364567,0.6857142857142857,100.0,45,score,20,facebook/esm2_t33_650M_UR50D,SQSTM_MOUSE_Tsuboyama_2023_2RRU_indels,False
GaussianProcessRegressor,0.3251626911432042,0.3799738826258291,0.6164202159451205,0.5012634633043376,0.0776921920333463,0.3263157894736841,100.0,45,score,20,facebook/esm2_t33_650M_UR50D,SQSTM_MOUSE_Tsuboyama_2023_2RRU_indels,True
GaussianProcessRegressor,0.1484406501207101,0.1117825917038575,0.3343390370624668,0.2630137101527389,0.7286709380898693,0.7488721804511278,100.0,45,score,40,facebook/esm2_t33_650M_UR50D,SQSTM_MOUSE_Tsuboyama_2023_2RRU_indels,False
GaussianProcessRegressor,0.3244853457531817,0.3421537801364115,0.5849391251544143,0.445458761642742,0.1694926483779683,0.4676691729323308,100.0,45,score,40,facebook/esm2_t33_650M_UR50D,SQSTM_MOUSE_Tsuboyama_2023_2RRU_indels,True
GaussianProcessRegressor,0.0710618537147142,0.0966605742641947,0.3109028373369962,0.2400025652612233,0.7653764996943311,0.6736842105263157,100.0,45,score,80,facebook/esm2_t33_650M_UR50D,SQSTM_MOUSE_Tsuboyama_2023_2RRU_indels,False
GaussianProcessRegressor,0.1942456489710415,0.269706273451883,0.5193325268571988,0.3994288520577929,0.3453439480017779,0.4345864661654134,100.0,45,score,80,facebook/esm2_t33_650M_UR50D,SQSTM_MOUSE_Tsuboyama_2023_2RRU_indels,True
GaussianProcessRegressor,0.0892082102575407,0.0957938478491121,0.3095058123026321,0.2374384646902719,0.767480298340905,0.7503759398496239,100.0,45,score,60,facebook/esm2_t33_650M_UR50D,SQSTM_MOUSE_Tsuboyama_2023_2RRU_indels,False
GaussianProcessRegressor,0.2523093149421721,0.2766586151773359,0.5259834742435697,0.4085144486149721,0.3284685801140543,0.3819548872180451,100.0,45,score,60,facebook/esm2_t33_650M_UR50D,SQSTM_MOUSE_Tsuboyama_2023_2RRU_indels,True
GaussianProcessRegressor,0.2587551768284826,0.1521203850683134,0.3900261338273545,0.2826884866005401,-0.1703916022382692,0.4362029112083778,100.0,44,score,20,facebook/esm2_t33_650M_UR50D,SQSTM_MOUSE_Tsuboyama_2023_2RRU_indels,False
GaussianProcessRegressor,0.2587551772181429,0.1521203925717578,0.3900261434465103,0.2826885098830016,-0.1703916599686539,,100.0,44,score,20,facebook/esm2_t33_650M_UR50D,SQSTM_MOUSE_Tsuboyama_2023_2RRU_indels,True
GaussianProcessRegressor,0.0916445530465319,0.0652370745920504,0.255415494032861,0.1732295162530712,0.4980756574942979,0.7969924812030074,100.0,44,score,80,facebook/esm2_t33_650M_UR50D,SQSTM_MOUSE_Tsuboyama_2023_2RRU_indels,False
GaussianProcessRegressor,0.2090106189616654,0.0985486167278205,0.3139245398624015,0.2328365017461706,0.2417816101461847,0.4646616541353384,100.0,44,score,80,facebook/esm2_t33_650M_UR50D,SQSTM_MOUSE_Tsuboyama_2023_2RRU_indels,True
GaussianProcessRegressor,0.135740714079488,0.1006383927204204,0.3172355476935402,0.2392163062964084,0.2257031846859828,0.631578947368421,100.0,44,score,40,facebook/esm2_t33_650M_UR50D,SQSTM_MOUSE_Tsuboyama_2023_2RRU_indels,False
GaussianProcessRegressor,0.2227413205222067,0.101745888518217,0.3189763134124805,0.2255891841884286,0.217182276849251,0.524812030075188,100.0,44,score,40,facebook/esm2_t33_650M_UR50D,SQSTM_MOUSE_Tsuboyama_2023_2RRU_indels,True
GaussianProcessRegressor,0.0799375671082414,0.0673817638553462,0.2595799758366315,0.2077077233446629,0.481574737502249,0.8030075187969924,100.0,44,score,60,facebook/esm2_t33_650M_UR50D,SQSTM_MOUSE_Tsuboyama_2023_2RRU_indels,False
GaussianProcessRegressor,0.1514737629572736,0.0896779163466299,0.2994627127817919,0.2300637251947789,0.310031458629377,0.5624060150375939,100.0,44,score,60,facebook/esm2_t33_650M_UR50D,SQSTM_MOUSE_Tsuboyama_2023_2RRU_indels,True
GaussianProcessRegressor,0.2147435519006111,0.1135667722523035,0.3369966947201464,0.250811226646121,0.6643598842067325,0.631578947368421,100.0,51,score,20,facebook/esm2_t33_650M_UR50D,SQSTM_MOUSE_Tsuboyama_2023_2RRU_indels,False
GaussianProcessRegressor,0.4209684167696548,0.1967510035057558,0.4435662335049365,0.3720397982126,0.4185136348473266,0.5233082706766917,100.0,51,score,20,facebook/esm2_t33_650M_UR50D,SQSTM_MOUSE_Tsuboyama_2023_2RRU_indels,True
GaussianProcessRegressor,0.065687954216527,0.1019123508607756,0.3192371389120877,0.2641264239539985,0.6988038616816372,0.7578947368421052,100.0,51,score,60,facebook/esm2_t33_650M_UR50D,SQSTM_MOUSE_Tsuboyama_2023_2RRU_indels,False
GaussianProcessRegressor,0.2924663071258592,0.1820729886371248,0.4267001155813352,0.3086642532206696,0.4618936703314529,0.6375939849624059,100.0,51,score,60,facebook/esm2_t33_650M_UR50D,SQSTM_MOUSE_Tsuboyama_2023_2RRU_indels,True
GaussianProcessRegressor,0.1172109199477411,0.1009702384308669,0.3177581445547335,0.2698286061103607,0.7015882212156241,0.7037593984962407,100.0,51,score,40,facebook/esm2_t33_650M_UR50D,SQSTM_MOUSE_Tsuboyama_2023_2RRU_indels,False
GaussianProcessRegressor,0.3077556755054746,0.3488401540837735,0.5906269161524672,0.3977965240779307,-0.0309771721776137,,100.0,51,score,40,facebook/esm2_t33_650M_UR50D,SQSTM_MOUSE_Tsuboyama_2023_2RRU_indels,True
GaussianProcessRegressor,0.0637592730022687,0.0885509729364038,0.2975751551060738,0.247864110126546,0.738292651798262,0.7413533834586465,100.0,51,score,80,facebook/esm2_t33_650M_UR50D,SQSTM_MOUSE_Tsuboyama_2023_2RRU_indels,False
GaussianProcessRegressor,0.2174642461724645,0.1696446897591073,0.4118794602296979,0.3136356512966325,0.4986247985637825,0.675187969924812,100.0,51,score,80,facebook/esm2_t33_650M_UR50D,SQSTM_MOUSE_Tsuboyama_2023_2RRU_indels,True
GaussianProcessRegressor,0.153917257071354,0.1214843242332773,0.3485460145135464,0.2792367010027229,0.7230399320798752,0.7413533834586465,100.0,47,score,20,facebook/esm2_t33_650M_UR50D,SQSTM_MOUSE_Tsuboyama_2023_2RRU_indels,False
GaussianProcessRegressor,0.4463137756426213,0.3086861114872268,0.5555952766962898,0.4156934770659132,0.2962571348766422,0.5849624060150376,100.0,47,score,20,facebook/esm2_t33_650M_UR50D,SQSTM_MOUSE_Tsuboyama_2023_2RRU_indels,True
GaussianProcessRegressor,0.0797643508931638,0.1015417835675312,0.3186562153285752,0.2488408389231378,0.7685049536136734,0.7909774436090224,100.0,47,score,80,facebook/esm2_t33_650M_UR50D,SQSTM_MOUSE_Tsuboyama_2023_2RRU_indels,False
GaussianProcessRegressor,0.2181166286795682,0.1813584473556439,0.4258620050622548,0.3307795257535317,0.5865388541730173,0.5774436090225563,100.0,47,score,80,facebook/esm2_t33_650M_UR50D,SQSTM_MOUSE_Tsuboyama_2023_2RRU_indels,True
GaussianProcessRegressor,0.1544675615500516,0.135860271555989,0.3685922836359832,0.2783499148154617,0.690265634885211,0.7609022556390977,100.0,47,score,40,facebook/esm2_t33_650M_UR50D,SQSTM_MOUSE_Tsuboyama_2023_2RRU_indels,False
GaussianProcessRegressor,0.2966770117937646,0.226201516865544,0.4756064726909675,0.3824109434932291,0.4843055853492956,0.6105263157894737,100.0,47,score,40,facebook/esm2_t33_650M_UR50D,SQSTM_MOUSE_Tsuboyama_2023_2RRU_indels,True
GaussianProcessRegressor,0.0693239463223559,0.1117714289725021,0.3343223429154894,0.2711273931754697,0.745183399132956,0.7308270676691728,100.0,47,score,60,facebook/esm2_t33_650M_UR50D,SQSTM_MOUSE_Tsuboyama_2023_2RRU_indels,False
GaussianProcessRegressor,0.2275067675366734,0.1954583241893531,0.4421066886955603,0.3416401587187827,0.5543939427190028,0.5593984962406015,100.0,47,score,60,facebook/esm2_t33_650M_UR50D,SQSTM_MOUSE_Tsuboyama_2023_2RRU_indels,True
GaussianProcessRegressor,0.5143423405735381,1.126138297202273,1.0611966345603785,0.5533135283288442,0.2700212032800861,0.631578947368421,100.0,45,score,60,facebook/esm2_t33_650M_UR50D,RPC1_BP434_Tsuboyama_2023_1R69_indels,False
GaussianProcessRegressor,1.4301012610689254,1.5528515631535582,1.2461346488857286,1.065857268051072,-0.0065803803774444,,100.0,45,score,60,facebook/esm2_t33_650M_UR50D,RPC1_BP434_Tsuboyama_2023_1R69_indels,True
GaussianProcessRegressor,0.4539401752902305,1.9744403001747728,1.4051477858840231,0.7432328530627508,-0.2798601717902544,0.5984962406015037,100.0,45,score,80,facebook/esm2_t33_650M_UR50D,RPC1_BP434_Tsuboyama_2023_1R69_indels,False
GaussianProcessRegressor,1.5679716876062402,1.547309847975466,1.2439090995629327,1.075715006849953,-0.0029881620970446,,100.0,45,score,80,facebook/esm2_t33_650M_UR50D,RPC1_BP434_Tsuboyama_2023_1R69_indels,True
GaussianProcessRegressor,0.9512449060077208,0.9506794204017855,0.9750279074989524,0.5718814652837751,0.383756132710021,0.5684210526315789,100.0,45,score,40,facebook/esm2_t33_650M_UR50D,RPC1_BP434_Tsuboyama_2023_1R69_indels,False
GaussianProcessRegressor,1.4066140867069938,1.5903468961418077,1.261089567057712,1.0305992426154444,-0.0308853863659392,,100.0,45,score,40,facebook/esm2_t33_650M_UR50D,RPC1_BP434_Tsuboyama_2023_1R69_indels,True
GaussianProcessRegressor,0.9024827768058294,0.5306974077788018,0.7284898130919895,0.4704971666551605,0.6559944226076133,0.7924812030075187,100.0,45,score,20,facebook/esm2_t33_650M_UR50D,RPC1_BP434_Tsuboyama_2023_1R69_indels,False
GaussianProcessRegressor,0.8845959218461497,1.83023851346038,1.3528630800862222,1.0575445135134791,-0.1863865309309145,-0.2411118988333174,100.0,45,score,20,facebook/esm2_t33_650M_UR50D,RPC1_BP434_Tsuboyama_2023_1R69_indels,True
GaussianProcessRegressor,0.440434204378226,0.7867930649817888,0.8870135652749561,0.5275909743246097,0.2158803736638861,0.3187969924812029,100.0,42,score,40,facebook/esm2_t33_650M_UR50D,RPC1_BP434_Tsuboyama_2023_1R69_indels,False
GaussianProcessRegressor,1.456991778126714,0.9636644240998322,0.9816641096117512,0.833647840381311,0.0396100044983789,0.1142857142857142,100.0,42,score,40,facebook/esm2_t33_650M_UR50D,RPC1_BP434_Tsuboyama_2023_1R69_indels,True
GaussianProcessRegressor,0.6944005467045619,1.0042035100040556,1.0020995509449426,0.71413213718252,-0.0007913339297411,0.1533834586466165,100.0,42,score,20,facebook/esm2_t33_650M_UR50D,RPC1_BP434_Tsuboyama_2023_1R69_indels,False
GaussianProcessRegressor,1.1348511331333642,1.0055459470369632,1.0027691394518297,0.8076281882160441,-0.0021292095052556,,100.0,42,score,20,facebook/esm2_t33_650M_UR50D,RPC1_BP434_Tsuboyama_2023_1R69_indels,True
GaussianProcessRegressor,0.8326800378781763,0.6549358588097561,0.8092810752821026,0.4862583318226812,0.3472895431584486,0.4150375939849623,100.0,42,score,80,facebook/esm2_t33_650M_UR50D,RPC1_BP434_Tsuboyama_2023_1R69_indels,False
GaussianProcessRegressor,1.6023286619904389,1.127317572431609,1.0617521238177998,0.9442378883975936,-0.1234870679467261,,100.0,42,score,80,facebook/esm2_t33_650M_UR50D,RPC1_BP434_Tsuboyama_2023_1R69_indels,True
GaussianProcessRegressor,1.2146886774320067,0.7519335803462331,0.8671410383243507,0.6616824761657931,0.2506214095007159,0.3428571428571428,100.0,42,score,60,facebook/esm2_t33_650M_UR50D,RPC1_BP434_Tsuboyama_2023_1R69_indels,False
GaussianProcessRegressor,1.6604074106554745,1.0957196968199616,1.0467663047786555,0.9201479644310724,-0.0919965585353435,,100.0,42,score,60,facebook/esm2_t33_650M_UR50D,RPC1_BP434_Tsuboyama_2023_1R69_indels,True
GaussianProcessRegressor,0.4937623813249576,0.7570517207379487,0.8700871914572404,0.7218955066340785,0.6167662710145453,0.7263157894736841,100.0,51,score,20,facebook/esm2_t33_650M_UR50D,RPC1_BP434_Tsuboyama_2023_1R69_indels,False
GaussianProcessRegressor,1.3779047903968211,2.043150153929903,1.4293880347651935,1.2053153407737611,-0.0342807907556386,,100.0,51,score,20,facebook/esm2_t33_650M_UR50D,RPC1_BP434_Tsuboyama_2023_1R69_indels,True
GaussianProcessRegressor,0.1577338862755604,0.47463031706445,0.6889341892114588,0.526471679312623,0.7597332635069459,0.6932330827067669,100.0,51,score,60,facebook/esm2_t33_650M_UR50D,RPC1_BP434_Tsuboyama_2023_1R69_indels,False
GaussianProcessRegressor,1.1062501657849233,2.1313669197993126,1.4599201758313065,1.1783837273651891,-0.0789377662529218,,100.0,51,score,60,facebook/esm2_t33_650M_UR50D,RPC1_BP434_Tsuboyama_2023_1R69_indels,True
GaussianProcessRegressor,0.15835656289208,0.6002556451732394,0.7747616699174266,0.5985417392539328,0.6961393747047071,0.7593984962406014,100.0,51,score,40,facebook/esm2_t33_650M_UR50D,RPC1_BP434_Tsuboyama_2023_1R69_indels,False
GaussianProcessRegressor,1.1956746698054124,2.14947115543628,1.4661074842712862,1.173924934155902,-0.0881024686682643,,100.0,51,score,40,facebook/esm2_t33_650M_UR50D,RPC1_BP434_Tsuboyama_2023_1R69_indels,True
GaussianProcessRegressor,0.1530621495981468,0.3099762939526129,0.5567551472169907,0.412805326784713,0.8430842070965039,0.7413533834586465,100.0,51,score,80,facebook/esm2_t33_650M_UR50D,RPC1_BP434_Tsuboyama_2023_1R69_indels,False
GaussianProcessRegressor,1.2607389981666413,2.043000039108872,1.4293355236293792,1.2053730583548696,-0.034204799827854,,100.0,51,score,80,facebook/esm2_t33_650M_UR50D,RPC1_BP434_Tsuboyama_2023_1R69_indels,True
GaussianProcessRegressor,0.2633460699862763,1.168386680975332,1.0809193683967977,0.4949659268475931,0.4014036089072544,0.6661654135338345,100.0,49,score,60,facebook/esm2_t33_650M_UR50D,RPC1_BP434_Tsuboyama_2023_1R69_indels,False
GaussianProcessRegressor,1.5202018178359504,2.166734195060449,1.4719830824640785,1.163531214306722,-0.1100770752861854,,100.0,49,score,60,facebook/esm2_t33_650M_UR50D,RPC1_BP434_Tsuboyama_2023_1R69_indels,True
GaussianProcessRegressor,0.3602293900825407,1.186260909952646,1.089156053994397,0.5581277691028941,0.3922461534743886,0.6285714285714286,100.0,49,score,40,facebook/esm2_t33_650M_UR50D,RPC1_BP434_Tsuboyama_2023_1R69_indels,False
GaussianProcessRegressor,1.6915614620403254,2.038086405301913,1.4276156364028496,1.1618837221363727,-0.0441673007865017,,100.0,49,score,40,facebook/esm2_t33_650M_UR50D,RPC1_BP434_Tsuboyama_2023_1R69_indels,True
GaussianProcessRegressor,0.2412527314512488,1.1484752259746225,1.0716693641112554,0.4923288807457963,0.4116047908437695,0.6661654135338345,100.0,49,score,80,facebook/esm2_t33_650M_UR50D,RPC1_BP434_Tsuboyama_2023_1R69_indels,False
GaussianProcessRegressor,1.4504209161091708,2.236849337338524,1.4956100218100052,1.170561327420416,-0.1459989766669631,,100.0,49,score,80,facebook/esm2_t33_650M_UR50D,RPC1_BP434_Tsuboyama_2023_1R69_indels,True
GaussianProcessRegressor,0.7078670895879661,1.49730282512078,1.2236432589283448,0.6842166097754381,0.2328908895622764,0.5383458646616541,100.0,49,score,20,facebook/esm2_t33_650M_UR50D,RPC1_BP434_Tsuboyama_2023_1R69_indels,False
GaussianProcessRegressor,0.9576654806189258,2.5144294411014827,1.5856952548019694,1.1921820299580643,-0.2882108411611328,,100.0,49,score,20,facebook/esm2_t33_650M_UR50D,RPC1_BP434_Tsuboyama_2023_1R69_indels,True
GaussianProcessRegressor,0.5306760630632421,0.2288728347826173,0.4784065580472506,0.4152068000468402,0.8402977278359005,0.8571428571428572,100.0,43,score,20,facebook/esm2_t33_650M_UR50D,RPC1_BP434_Tsuboyama_2023_1R69_indels,False
GaussianProcessRegressor,1.29880736052116,1.4515081219828485,1.2047855087038724,0.980756030231704,-0.0128294402674626,,100.0,43,score,20,facebook/esm2_t33_650M_UR50D,RPC1_BP434_Tsuboyama_2023_1R69_indels,True
GaussianProcessRegressor,0.6035858686481437,0.5829945852733543,0.7635408209607095,0.4901200002893999,0.5931996035442437,0.7172932330827068,100.0,43,score,80,facebook/esm2_t33_650M_UR50D,RPC1_BP434_Tsuboyama_2023_1R69_indels,False
GaussianProcessRegressor,1.5901519604657983,1.4547679675144232,1.2061376237869472,0.9784499817770068,-0.0151040865302702,,100.0,43,score,80,facebook/esm2_t33_650M_UR50D,RPC1_BP434_Tsuboyama_2023_1R69_indels,True
GaussianProcessRegressor,0.4860313957867673,0.3494469715584025,0.5911403991932902,0.3475453007244128,0.7561638304006411,0.806015037593985,100.0,43,score,60,facebook/esm2_t33_650M_UR50D,RPC1_BP434_Tsuboyama_2023_1R69_indels,False
GaussianProcessRegressor,1.5705877021109285,1.4377590327739298,1.199065900096375,0.9942559424102736,-0.0032356377135829,,100.0,43,score,60,facebook/esm2_t33_650M_UR50D,RPC1_BP434_Tsuboyama_2023_1R69_indels,True
GaussianProcessRegressor,0.3041917316837739,0.1380682216236004,0.371575324293205,0.2435618538243738,0.903659127008724,0.813533834586466,100.0,43,score,40,facebook/esm2_t33_650M_UR50D,RPC1_BP434_Tsuboyama_2023_1R69_indels,False
GaussianProcessRegressor,1.560870954653259,1.4376818641894848,1.1990337210393562,0.9943697410950229,-0.0031817912259153,,100.0,43,score,40,facebook/esm2_t33_650M_UR50D,RPC1_BP434_Tsuboyama_2023_1R69_indels,True
GaussianProcessRegressor,0.8314753882074826,0.7931090925157543,0.8905667254707837,0.4703038115326308,0.3070000089486884,0.4496240601503759,100.0,47,score,80,facebook/esm2_t33_650M_UR50D,RPC1_BP434_Tsuboyama_2023_1R69_indels,False
GaussianProcessRegressor,1.3802533117828566,0.9892623506434368,0.9946166852830476,0.7423019867752372,0.1356059253227093,0.0025459225332367,100.0,47,score,80,facebook/esm2_t33_650M_UR50D,RPC1_BP434_Tsuboyama_2023_1R69_indels,True
GaussianProcessRegressor,0.5439740123558456,0.6109138938046009,0.7816098091788517,0.4545500510742953,0.4661978699591057,0.2812030075187969,100.0,47,score,20,facebook/esm2_t33_650M_UR50D,RPC1_BP434_Tsuboyama_2023_1R69_indels,False
GaussianProcessRegressor,1.5777661149792066,1.3630279795129734,1.1674878926622636,1.0859692965952956,-0.1909816524848564,,100.0,47,score,20,facebook/esm2_t33_650M_UR50D,RPC1_BP434_Tsuboyama_2023_1R69_indels,True
GaussianProcessRegressor,1.3279086428079183,0.8496449714250612,0.9217618843416456,0.5666564215714436,0.2576002933888148,0.2796992481203007,100.0,47,score,40,facebook/esm2_t33_650M_UR50D,RPC1_BP434_Tsuboyama_2023_1R69_indels,False
GaussianProcessRegressor,2.025915739774233,1.4264709656732288,1.1943495994361235,1.0594085462291185,-0.2464166352081847,0.1218076053940375,100.0,47,score,40,facebook/esm2_t33_650M_UR50D,RPC1_BP434_Tsuboyama_2023_1R69_indels,True
GaussianProcessRegressor,0.873971776812032,0.8130970978013746,0.901718968305189,0.5196108554912431,0.289534962065755,0.3819548872180451,100.0,47,score,60,facebook/esm2_t33_650M_UR50D,RPC1_BP434_Tsuboyama_2023_1R69_indels,False
GaussianProcessRegressor,1.4913272394084962,1.0689594517618883,1.033904952963225,0.830209702674426,0.06596848088652,0.1585135029334879,100.0,47,score,60,facebook/esm2_t33_650M_UR50D,RPC1_BP434_Tsuboyama_2023_1R69_indels,True
GaussianProcessRegressor,0.2837097958820525,0.4816586183414432,0.6940162954437332,0.4527211726833802,0.5877901703845421,0.6977443609022556,100.0,50,score,40,facebook/esm2_t33_650M_UR50D,RPC1_BP434_Tsuboyama_2023_1R69_indels,False
GaussianProcessRegressor,1.2992277060672566,1.4074843017690724,1.186374435736489,1.037231043237074,-0.2045437206469287,-0.1596667259894816,100.0,50,score,40,facebook/esm2_t33_650M_UR50D,RPC1_BP434_Tsuboyama_2023_1R69_indels,True
GaussianProcessRegressor,0.644450231072258,0.5697038375887937,0.7547872796946129,0.5575638625756005,0.5124399047765505,0.5834586466165413,100.0,50,score,20,facebook/esm2_t33_650M_UR50D,RPC1_BP434_Tsuboyama_2023_1R69_indels,False
GaussianProcessRegressor,1.491120246284239,1.174515725199205,1.0837507671043216,0.8745172651648911,-0.0051661249873726,,100.0,50,score,20,facebook/esm2_t33_650M_UR50D,RPC1_BP434_Tsuboyama_2023_1R69_indels,True
GaussianProcessRegressor,0.2440796243725918,0.4939576541158748,0.70282121063317,0.4361709183584558,0.5772644925539028,0.7413533834586465,100.0,50,score,60,facebook/esm2_t33_650M_UR50D,RPC1_BP434_Tsuboyama_2023_1R69_indels,False
GaussianProcessRegressor,1.4121729638359457,1.1688213916825647,1.081120433477494,0.9033751599244751,-0.0002928388895331,,100.0,50,score,60,facebook/esm2_t33_650M_UR50D,RPC1_BP434_Tsuboyama_2023_1R69_indels,True
GaussianProcessRegressor,0.1679322171444821,0.4185312458795562,0.6469399090174884,0.3904855077035014,0.6418154124453817,0.7338345864661654,100.0,50,score,80,facebook/esm2_t33_650M_UR50D,RPC1_BP434_Tsuboyama_2023_1R69_indels,False
GaussianProcessRegressor,1.3702533991920505,1.170167428900615,1.0817427739072791,0.9101521208346328,-0.0014447953814964,,100.0,50,score,80,facebook/esm2_t33_650M_UR50D,RPC1_BP434_Tsuboyama_2023_1R69_indels,True
GaussianProcessRegressor,0.5628229257339888,0.7657854579834626,0.8750916854727067,0.696548362283869,0.5849653068363148,0.7187969924812029,100.0,44,score,20,facebook/esm2_t33_650M_UR50D,RPC1_BP434_Tsuboyama_2023_1R69_indels,False
GaussianProcessRegressor,0.8781301059466445,2.1176251480379853,1.455206221824929,1.0625886872820391,-0.1476946896667614,,100.0,44,score,20,facebook/esm2_t33_650M_UR50D,RPC1_BP434_Tsuboyama_2023_1R69_indels,True
GaussianProcessRegressor,0.3004079045552281,0.5730627619243504,0.75700908972373,0.5662364915723932,0.6894157167921267,0.7593984962406014,100.0,44,score,40,facebook/esm2_t33_650M_UR50D,RPC1_BP434_Tsuboyama_2023_1R69_indels,False
GaussianProcessRegressor,0.823219679885501,2.0756442471794374,1.4407096331945024,1.118725349789988,-0.1249421940102835,-0.0842105263157894,100.0,44,score,40,facebook/esm2_t33_650M_UR50D,RPC1_BP434_Tsuboyama_2023_1R69_indels,True
GaussianProcessRegressor,0.8069537248550454,0.7479495360269715,0.8648407576120424,0.6407544373861523,0.5946318868416295,0.724812030075188,100.0,44,score,80,facebook/esm2_t33_650M_UR50D,RPC1_BP434_Tsuboyama_2023_1R69_indels,False
GaussianProcessRegressor,1.3989830155957752,1.9053442192905887,1.3803420660439891,1.1179097465193228,-0.0326442545759968,,100.0,44,score,80,facebook/esm2_t33_650M_UR50D,RPC1_BP434_Tsuboyama_2023_1R69_indels,True
GaussianProcessRegressor,0.4589251322230012,0.8344248473032725,0.9134685803591016,0.6679843220026904,0.5477646423573802,0.6842105263157895,100.0,44,score,60,facebook/esm2_t33_650M_UR50D,RPC1_BP434_Tsuboyama_2023_1R69_indels,False
GaussianProcessRegressor,1.0977930822846922,1.9873256880023245,1.4097253945369377,1.091571804561853,-0.0770759597711849,,100.0,44,score,60,facebook/esm2_t33_650M_UR50D,RPC1_BP434_Tsuboyama_2023_1R69_indels,True
GaussianProcessRegressor,0.4882944214203016,0.1205534347758842,0.3472080568994393,0.3008914068446385,0.919450642193484,0.8932330827067668,100.0,46,score,80,facebook/esm2_t33_650M_UR50D,RPC1_BP434_Tsuboyama_2023_1R69_indels,False
GaussianProcessRegressor,1.2097010261140702,1.6700052349789043,1.2922868238045702,1.006820239976672,-0.1158358902104021,,100.0,46,score,80,facebook/esm2_t33_650M_UR50D,RPC1_BP434_Tsuboyama_2023_1R69_indels,True
GaussianProcessRegressor,0.4211612818770625,0.2687563787464936,0.51841718600611,0.45085917237582,0.8204269023551258,0.7744360902255639,100.0,46,score,40,facebook/esm2_t33_650M_UR50D,RPC1_BP434_Tsuboyama_2023_1R69_indels,False
GaussianProcessRegressor,1.0187199410940806,1.9059196943224035,1.380550504082485,1.0233200268508846,-0.273465228874352,,100.0,46,score,40,facebook/esm2_t33_650M_UR50D,RPC1_BP434_Tsuboyama_2023_1R69_indels,True
GaussianProcessRegressor,0.6272745403633679,0.2539324069457742,0.5039170635588501,0.429311770122012,0.830331733444424,0.8992481203007519,100.0,46,score,60,facebook/esm2_t33_650M_UR50D,RPC1_BP434_Tsuboyama_2023_1R69_indels,False
GaussianProcessRegressor,1.2084773546137697,1.75582200547891,1.3250743396047295,1.0087179922530665,-0.1731754904105567,-0.4616541353383458,100.0,46,score,60,facebook/esm2_t33_650M_UR50D,RPC1_BP434_Tsuboyama_2023_1R69_indels,True
GaussianProcessRegressor,0.2876282098867305,2.006613051186529,1.4165496995116442,0.9764986479171048,-0.3407448152740768,0.5293233082706766,100.0,46,score,20,facebook/esm2_t33_650M_UR50D,RPC1_BP434_Tsuboyama_2023_1R69_indels,False
GaussianProcessRegressor,0.3048228519212393,2.292705251951662,1.5141681716215216,1.089538502343599,-0.5319010696597388,,100.0,46,score,20,facebook/esm2_t33_650M_UR50D,RPC1_BP434_Tsuboyama_2023_1R69_indels,True
GaussianProcessRegressor,0.8778212610280696,1.0553844508160952,1.0273190598913733,0.5182687191550853,0.1288694521461197,0.4406015037593984,100.0,48,score,60,facebook/esm2_t33_650M_UR50D,RPC1_BP434_Tsuboyama_2023_1R69_indels,False
GaussianProcessRegressor,1.8198395551546296,1.4500028584818354,1.204160644798623,1.0573396548216127,-0.1968546471593608,,100.0,48,score,60,facebook/esm2_t33_650M_UR50D,RPC1_BP434_Tsuboyama_2023_1R69_indels,True
GaussianProcessRegressor,0.6513634390870993,1.0353753961340717,1.0175339778769412,0.4466587101258457,0.1453852334367301,0.4270676691729323,100.0,48,score,80,facebook/esm2_t33_650M_UR50D,RPC1_BP434_Tsuboyama_2023_1R69_indels,False
GaussianProcessRegressor,1.681832559317274,1.3691664838359203,1.170113876439349,1.0025609751693385,-0.1301310610032784,,100.0,48,score,80,facebook/esm2_t33_650M_UR50D,RPC1_BP434_Tsuboyama_2023_1R69_indels,True
GaussianProcessRegressor,1.6930071497414332,1.6528533656500433,1.2856334491798365,0.882654647649826,-0.3642905737596007,0.3278195488721804,100.0,48,score,20,facebook/esm2_t33_650M_UR50D,RPC1_BP434_Tsuboyama_2023_1R69_indels,False
GaussianProcessRegressor,2.0662319667521234,1.444874382273622,1.2020292767955454,1.0541720803015353,-0.192621524068091,,100.0,48,score,20,facebook/esm2_t33_650M_UR50D,RPC1_BP434_Tsuboyama_2023_1R69_indels,True
GaussianProcessRegressor,0.9913073970458196,1.0831189324896735,1.040729999802866,0.5093462378596765,0.1059769846703432,0.4330827067669173,100.0,48,score,40,facebook/esm2_t33_650M_UR50D,RPC1_BP434_Tsuboyama_2023_1R69_indels,False
GaussianProcessRegressor,1.9851569828267503,1.4809538730215366,1.216944482308678,1.075773216030169,-0.2224020903036616,,100.0,48,score,40,facebook/esm2_t33_650M_UR50D,RPC1_BP434_Tsuboyama_2023_1R69_indels,True
GaussianProcessRegressor,0.039866232414841,0.0728613742672127,0.2699284613878513,0.1993438492639483,0.7325882737757975,0.9157894736842104,100.0,47,score,60,facebook/esm2_t33_650M_UR50D,VG08_BPP22_Tsuboyama_2023_2GP8_indels,False
GaussianProcessRegressor,0.2914296294066944,0.2684939788947203,0.5181640463161452,0.4116752518600343,0.0145884688679182,0.3258780842542986,100.0,47,score,60,facebook/esm2_t33_650M_UR50D,VG08_BPP22_Tsuboyama_2023_2GP8_indels,True
GaussianProcessRegressor,0.0414089885358205,0.0694298641512282,0.2634954727338371,0.192124135878182,0.7451824095974181,0.924812030075188,100.0,47,score,80,facebook/esm2_t33_650M_UR50D,VG08_BPP22_Tsuboyama_2023_2GP8_indels,False
GaussianProcessRegressor,0.308361903606171,0.2728259843266126,0.5223274684779775,0.4199492279543326,-0.0013106143185517,,100.0,47,score,80,facebook/esm2_t33_650M_UR50D,VG08_BPP22_Tsuboyama_2023_2GP8_indels,True
GaussianProcessRegressor,0.0436895156462414,0.0726505416102532,0.2695376441431758,0.187826746468856,0.7333620599596155,0.849624060150376,100.0,47,score,40,facebook/esm2_t33_650M_UR50D,VG08_BPP22_Tsuboyama_2023_2GP8_indels,False
GaussianProcessRegressor,0.2618811422825238,0.4645696656283088,0.6815934753416503,0.6049734896859568,-0.7050375111160943,0.1774436090225563,100.0,47,score,40,facebook/esm2_t33_650M_UR50D,VG08_BPP22_Tsuboyama_2023_2GP8_indels,True
GaussianProcessRegressor,0.0929900370235035,0.0736591487292455,0.2714021899860898,0.1957755487413824,0.7296603267232562,0.8842105263157894,100.0,47,score,20,facebook/esm2_t33_650M_UR50D,VG08_BPP22_Tsuboyama_2023_2GP8_indels,False
GaussianProcessRegressor,0.3305990300739722,0.2780360729350927,0.5272912600594596,0.4177309176490885,-0.020432389094102,,100.0,47,score,20,facebook/esm2_t33_650M_UR50D,VG08_BPP22_Tsuboyama_2023_2GP8_indels,True
GaussianProcessRegressor,0.0785019197730903,0.0451877162826818,0.2125740254186336,0.1501929671405642,0.8492714371345067,0.9518796992481202,100.0,44,score,40,facebook/esm2_t33_650M_UR50D,VG08_BPP22_Tsuboyama_2023_2GP8_indels,False
GaussianProcessRegressor,0.3489497349265101,0.3018394142973579,0.54939913933074,0.4774507048589463,-0.0068183319686638,,100.0,44,score,40,facebook/esm2_t33_650M_UR50D,VG08_BPP22_Tsuboyama_2023_2GP8_indels,True
GaussianProcessRegressor,0.1613063200080651,0.0681065015147921,0.260972223646104,0.1964918294514147,0.7728233259033841,0.9518796992481202,100.0,44,score,20,facebook/esm2_t33_650M_UR50D,VG08_BPP22_Tsuboyama_2023_2GP8_indels,False
GaussianProcessRegressor,0.4149105178651752,0.2998023080203358,0.5475420605034246,0.4726649969533064,-2.33414978245694e-05,,100.0,44,score,20,facebook/esm2_t33_650M_UR50D,VG08_BPP22_Tsuboyama_2023_2GP8_indels,True
GaussianProcessRegressor,0.0748609219527519,0.054157611676406,0.232717880010123,0.1680957468933604,0.8193513713960217,0.912781954887218,100.0,44,score,60,facebook/esm2_t33_650M_UR50D,VG08_BPP22_Tsuboyama_2023_2GP8_indels,False
GaussianProcessRegressor,0.2802231799057788,0.423705471717384,0.6509266254482021,0.566029565783308,-0.4133158761706041,0.0781954887218045,100.0,44,score,60,facebook/esm2_t33_650M_UR50D,VG08_BPP22_Tsuboyama_2023_2GP8_indels,True
GaussianProcessRegressor,0.0555765948932597,0.0384655414877158,0.1961263406269433,0.1566485452710573,0.8716939853296274,0.9308270676691728,100.0,44,score,80,facebook/esm2_t33_650M_UR50D,VG08_BPP22_Tsuboyama_2023_2GP8_indels,False
GaussianProcessRegressor,0.2850146276648974,0.4188955396280628,0.6472213992352717,0.5610143595116137,-0.3972718223669416,-0.1729323308270676,100.0,44,score,80,facebook/esm2_t33_650M_UR50D,VG08_BPP22_Tsuboyama_2023_2GP8_indels,True
GaussianProcessRegressor,0.0393758358654813,0.0836666444305939,0.2892518702283426,0.2160929537436769,0.7476093385157128,0.8796992481203006,100.0,51,score,80,facebook/esm2_t33_650M_UR50D,VG08_BPP22_Tsuboyama_2023_2GP8_indels,False
GaussianProcessRegressor,0.2995856698566955,0.2972331580449426,0.5451909372366186,0.4586712696878522,0.1033598408950298,0.3187969924812029,100.0,51,score,80,facebook/esm2_t33_650M_UR50D,VG08_BPP22_Tsuboyama_2023_2GP8_indels,True
GaussianProcessRegressor,0.0520556769322824,0.0763456210114208,0.2763071135736842,0.2132415849090292,0.7696941006820727,0.9097744360902256,100.0,51,score,40,facebook/esm2_t33_650M_UR50D,VG08_BPP22_Tsuboyama_2023_2GP8_indels,False
GaussianProcessRegressor,0.346221484797834,0.2754458880113909,0.5248293894318333,0.4079816748579883,0.1690838045262777,0.5097744360902255,100.0,51,score,40,facebook/esm2_t33_650M_UR50D,VG08_BPP22_Tsuboyama_2023_2GP8_indels,True
GaussianProcessRegressor,0.043098744141172,0.1186389714252023,0.3444400839408827,0.2623307594629679,0.642111038639037,0.8766917293233082,100.0,51,score,60,facebook/esm2_t33_650M_UR50D,VG08_BPP22_Tsuboyama_2023_2GP8_indels,False
GaussianProcessRegressor,0.323091101433248,0.3329752058535193,0.5770400383452775,0.4661700307759696,-0.0044604159182222,,100.0,51,score,60,facebook/esm2_t33_650M_UR50D,VG08_BPP22_Tsuboyama_2023_2GP8_indels,True
GaussianProcessRegressor,0.0720342390599262,0.1177725997967269,0.3431801273336306,0.2674707804851567,0.6447245545734968,0.8932330827067668,100.0,51,score,20,facebook/esm2_t33_650M_UR50D,VG08_BPP22_Tsuboyama_2023_2GP8_indels,False
GaussianProcessRegressor,0.4397933020051944,0.3334997810324701,0.5774943991351519,0.4744910027552681,-0.0060428610767999,,100.0,51,score,20,facebook/esm2_t33_650M_UR50D,VG08_BPP22_Tsuboyama_2023_2GP8_indels,True
GaussianProcessRegressor,0.0371816360737966,0.1576422309828418,0.3970418504173607,0.2970795728260059,0.4386817880738998,0.8436090225563909,100.0,48,score,20,facebook/esm2_t33_650M_UR50D,VG08_BPP22_Tsuboyama_2023_2GP8_indels,False
GaussianProcessRegressor,0.2735930739964387,0.4408133611405072,0.6639377690269678,0.530345609731805,-0.5696083855566305,0.118796992481203,100.0,48,score,20,facebook/esm2_t33_650M_UR50D,VG08_BPP22_Tsuboyama_2023_2GP8_indels,True
GaussianProcessRegressor,0.0694876140665611,0.0615451153189141,0.2480828799391731,0.1920147989328491,0.7808557144350572,0.8781954887218045,100.0,48,score,60,facebook/esm2_t33_650M_UR50D,VG08_BPP22_Tsuboyama_2023_2GP8_indels,False
GaussianProcessRegressor,0.3129882572429586,0.3821881951227386,0.6182137131467876,0.5064662384707576,-0.3608611916238933,-0.2180451127819548,100.0,48,score,60,facebook/esm2_t33_650M_UR50D,VG08_BPP22_Tsuboyama_2023_2GP8_indels,True
GaussianProcessRegressor,0.0843210914614933,0.0874492655842989,0.2957182199058741,0.232524859131789,0.6886185568042864,0.825563909774436,100.0,48,score,40,facebook/esm2_t33_650M_UR50D,VG08_BPP22_Tsuboyama_2023_2GP8_indels,False
GaussianProcessRegressor,0.3324930029815398,0.4084183762493095,0.6390761897061331,0.5244576683691478,-0.4542592504858429,-0.1114459095183135,100.0,48,score,40,facebook/esm2_t33_650M_UR50D,VG08_BPP22_Tsuboyama_2023_2GP8_indels,True
GaussianProcessRegressor,0.0502794507298952,0.0513818775562707,0.2266757101152895,0.1754651727741396,0.8170440531355401,0.8977443609022555,100.0,48,score,80,facebook/esm2_t33_650M_UR50D,VG08_BPP22_Tsuboyama_2023_2GP8_indels,False
GaussianProcessRegressor,0.2911243637129527,0.3291958000847584,0.5737558715035154,0.4765282068332074,-0.1721706596328931,0.0285714285714285,100.0,48,score,80,facebook/esm2_t33_650M_UR50D,VG08_BPP22_Tsuboyama_2023_2GP8_indels,True
GaussianProcessRegressor,0.0524992990226775,0.063004549187257,0.2510070699945663,0.2076312807517713,0.7945437019809498,0.8165413533834586,100.0,45,score,80,facebook/esm2_t33_650M_UR50D,VG08_BPP22_Tsuboyama_2023_2GP8_indels,False
GaussianProcessRegressor,0.2896914325428923,0.3385398526321691,0.5818417762864481,0.4993003138577111,-0.1039702013737777,0.0917293233082706,100.0,45,score,80,facebook/esm2_t33_650M_UR50D,VG08_BPP22_Tsuboyama_2023_2GP8_indels,True
GaussianProcessRegressor,0.0709278314334697,0.0814372198055361,0.2853720725746234,0.230912642425198,0.7344352127259852,0.8451127819548873,100.0,45,score,40,facebook/esm2_t33_650M_UR50D,VG08_BPP22_Tsuboyama_2023_2GP8_indels,False
GaussianProcessRegressor,0.3021980690521653,0.3191803881466118,0.5649605191043103,0.5047394339069657,-0.0408394599250578,,100.0,45,score,40,facebook/esm2_t33_650M_UR50D,VG08_BPP22_Tsuboyama_2023_2GP8_indels,True
GaussianProcessRegressor,0.0457479182421233,0.0662635549529965,0.2574170836463589,0.2066423621672534,0.7839161636763508,0.8676691729323308,100.0,45,score,60,facebook/esm2_t33_650M_UR50D,VG08_BPP22_Tsuboyama_2023_2GP8_indels,False
GaussianProcessRegressor,0.2791167569967535,0.3817221395388138,0.6178366608892789,0.529619300396746,-0.2447865856235382,-0.0806563873555113,100.0,45,score,60,facebook/esm2_t33_650M_UR50D,VG08_BPP22_Tsuboyama_2023_2GP8_indels,True
GaussianProcessRegressor,0.0323487963902303,0.1325001355030287,0.3640056805917028,0.2686244101025366,0.5679202902227769,0.7112781954887217,100.0,45,score,20,facebook/esm2_t33_650M_UR50D,VG08_BPP22_Tsuboyama_2023_2GP8_indels,False
GaussianProcessRegressor,0.3878518002813947,0.3342307516081891,0.5781269338200644,0.5185532904982728,-0.0899183280472071,,100.0,45,score,20,facebook/esm2_t33_650M_UR50D,VG08_BPP22_Tsuboyama_2023_2GP8_indels,True
GaussianProcessRegressor,0.0882103073651444,0.0502900945096616,0.2242545306335228,0.1702731623230876,0.8424482599967746,0.9233082706766916,100.0,46,score,20,facebook/esm2_t33_650M_UR50D,VG08_BPP22_Tsuboyama_2023_2GP8_indels,False
GaussianProcessRegressor,0.4565895175862453,0.4028642599114108,0.6347158891278922,0.5281866896735063,-0.2621166405237185,,100.0,46,score,20,facebook/esm2_t33_650M_UR50D,VG08_BPP22_Tsuboyama_2023_2GP8_indels,True
GaussianProcessRegressor,0.1025993044980568,0.0453183275745129,0.2128810174123399,0.1595323925066799,0.858024101306293,0.8766917293233082,100.0,46,score,40,facebook/esm2_t33_650M_UR50D,VG08_BPP22_Tsuboyama_2023_2GP8_indels,False
GaussianProcessRegressor,0.380296150130288,0.3399436873131556,0.5830468997543471,0.5112413516627972,-0.0649954024049501,,100.0,46,score,40,facebook/esm2_t33_650M_UR50D,VG08_BPP22_Tsuboyama_2023_2GP8_indels,True
GaussianProcessRegressor,0.0609522711647345,0.0273846576727428,0.165483103889016,0.1349497024960141,0.914207747911382,0.9338345864661652,100.0,46,score,60,facebook/esm2_t33_650M_UR50D,VG08_BPP22_Tsuboyama_2023_2GP8_indels,False
GaussianProcessRegressor,0.318123184799068,0.3342627045449068,0.5781545680394705,0.50911186465634,-0.0471976883860594,,100.0,46,score,60,facebook/esm2_t33_650M_UR50D,VG08_BPP22_Tsuboyama_2023_2GP8_indels,True
GaussianProcessRegressor,0.0586830750887608,0.0350359655704057,0.1871789666880489,0.1480364855229528,0.8902372844566829,0.8917293233082706,100.0,46,score,80,facebook/esm2_t33_650M_UR50D,VG08_BPP22_Tsuboyama_2023_2GP8_indels,False
GaussianProcessRegressor,0.2975287931888183,0.338102745972812,0.5814660316586103,0.5105874525612613,-0.0592279940466442,,100.0,46,score,80,facebook/esm2_t33_650M_UR50D,VG08_BPP22_Tsuboyama_2023_2GP8_indels,True
GaussianProcessRegressor,0.0553637490101883,0.0670032520998964,0.2588498640136719,0.2275757889050044,0.7837606280394698,0.8556390977443609,100.0,50,score,20,facebook/esm2_t33_650M_UR50D,VG08_BPP22_Tsuboyama_2023_2GP8_indels,False
GaussianProcessRegressor,0.2550782323947387,0.3269927077933072,0.5718327620846039,0.5112066440831176,-0.0553024749228128,,100.0,50,score,20,facebook/esm2_t33_650M_UR50D,VG08_BPP22_Tsuboyama_2023_2GP8_indels,True
GaussianProcessRegressor,0.0560987246705927,0.0536018875312606,0.2315208144665629,0.1814873595460549,0.8270108072011525,0.8345864661654135,100.0,50,score,80,facebook/esm2_t33_650M_UR50D,VG08_BPP22_Tsuboyama_2023_2GP8_indels,False
GaussianProcessRegressor,0.2875634947257947,0.3198017302052351,0.5655101503998272,0.4781831163946749,-0.0320950569439273,0.1428571428571428,100.0,50,score,80,facebook/esm2_t33_650M_UR50D,VG08_BPP22_Tsuboyama_2023_2GP8_indels,True
GaussianProcessRegressor,0.0695513334719828,0.0749277975670091,0.273729424006644,0.2056298104647706,0.7581857688919427,0.8180451127819548,100.0,50,score,60,facebook/esm2_t33_650M_UR50D,VG08_BPP22_Tsuboyama_2023_2GP8_indels,False
GaussianProcessRegressor,0.3079197398730113,0.3165923016583654,0.5626653549476505,0.503831625782871,-0.0217372789021599,,100.0,50,score,60,facebook/esm2_t33_650M_UR50D,VG08_BPP22_Tsuboyama_2023_2GP8_indels,True
GaussianProcessRegressor,0.097502733654993,0.0696729247277698,0.2639562932149371,0.2002544104365606,0.7751448024743037,0.7819548872180451,100.0,50,score,40,facebook/esm2_t33_650M_UR50D,VG08_BPP22_Tsuboyama_2023_2GP8_indels,False
GaussianProcessRegressor,0.3146404517850315,0.3131301803845495,0.5595803609711026,0.5013459468853108,-0.0105639864657725,,100.0,50,score,40,facebook/esm2_t33_650M_UR50D,VG08_BPP22_Tsuboyama_2023_2GP8_indels,True
GaussianProcessRegressor,0.0590312038439021,0.0574835062437768,0.239757181839829,0.1691597032731661,0.8134536372933376,0.8586466165413533,100.0,42,score,80,facebook/esm2_t33_650M_UR50D,VG08_BPP22_Tsuboyama_2023_2GP8_indels,False
GaussianProcessRegressor,0.2954988705618216,0.3091737774574961,0.5560339714958935,0.5183407007924282,-0.0033355200078604,,100.0,42,score,80,facebook/esm2_t33_650M_UR50D,VG08_BPP22_Tsuboyama_2023_2GP8_indels,True
GaussianProcessRegressor,0.0563914180285822,0.0558048798523615,0.2362305650257001,0.1566332664438401,0.8189011415971629,0.8812030075187969,100.0,42,score,60,facebook/esm2_t33_650M_UR50D,VG08_BPP22_Tsuboyama_2023_2GP8_indels,False
GaussianProcessRegressor,0.337528919923941,0.3083354519754822,0.5552796160273509,0.5183407007924281,-0.0006149731996891,,100.0,42,score,60,facebook/esm2_t33_650M_UR50D,VG08_BPP22_Tsuboyama_2023_2GP8_indels,True
GaussianProcessRegressor,0.0617134791308128,0.0938267583801836,0.3063115381114195,0.1723601530642037,0.6955119538785097,0.8270676691729323,100.0,42,score,40,facebook/esm2_t33_650M_UR50D,VG08_BPP22_Tsuboyama_2023_2GP8_indels,False
GaussianProcessRegressor,0.3276758259173472,0.3133470936978396,0.5597741452566737,0.5183407007924281,-0.0168788303577751,,100.0,42,score,40,facebook/esm2_t33_650M_UR50D,VG08_BPP22_Tsuboyama_2023_2GP8_indels,True
GaussianProcessRegressor,0.1118283556210751,0.1037731491197086,0.3221384005667573,0.2417271449352757,0.6632337729573783,0.8481203007518796,100.0,42,score,20,facebook/esm2_t33_650M_UR50D,VG08_BPP22_Tsuboyama_2023_2GP8_indels,False
GaussianProcessRegressor,0.3547247670498721,0.3275270566595434,0.5722997961379538,0.5183407007924281,-0.0628958652721582,,100.0,42,score,20,facebook/esm2_t33_650M_UR50D,VG08_BPP22_Tsuboyama_2023_2GP8_indels,True
GaussianProcessRegressor,0.058654720946975,0.0628612490947828,0.2507214571886156,0.1657789745162095,0.731352379376419,0.9278195488721804,100.0,49,score,60,facebook/esm2_t33_650M_UR50D,VG08_BPP22_Tsuboyama_2023_2GP8_indels,False
GaussianProcessRegressor,0.2794511941960684,0.2391877240534394,0.4890682202448237,0.3610374852487156,-0.0222070651577175,0.3969924812030075,100.0,49,score,60,facebook/esm2_t33_650M_UR50D,VG08_BPP22_Tsuboyama_2023_2GP8_indels,True
GaussianProcessRegressor,0.1005233049727176,0.0855363308922167,0.2924659482610185,0.1902983020871391,0.6344467839572012,0.7984962406015037,100.0,49,score,20,facebook/esm2_t33_650M_UR50D,VG08_BPP22_Tsuboyama_2023_2GP8_indels,False
GaussianProcessRegressor,0.2929772530170111,0.2346211920251215,0.4843771175696902,0.3843490083529907,-0.0026912588131886,0.3338345864661654,100.0,49,score,20,facebook/esm2_t33_650M_UR50D,VG08_BPP22_Tsuboyama_2023_2GP8_indels,True
GaussianProcessRegressor,0.039794774119731,0.0629800988440025,0.2509583607772463,0.1733673581307307,0.7308444559291543,0.932330827067669,100.0,49,score,80,facebook/esm2_t33_650M_UR50D,VG08_BPP22_Tsuboyama_2023_2GP8_indels,False
GaussianProcessRegressor,0.2986078920085446,0.2523418745527652,0.5023364157143748,0.4153572022159554,-0.0784234350812616,0.0736842105263157,100.0,49,score,80,facebook/esm2_t33_650M_UR50D,VG08_BPP22_Tsuboyama_2023_2GP8_indels,True
GaussianProcessRegressor,0.0408289097966225,0.0914876324687932,0.302469225655757,0.1897810884925271,0.6090129430586542,0.8511278195488721,100.0,49,score,40,facebook/esm2_t33_650M_UR50D,VG08_BPP22_Tsuboyama_2023_2GP8_indels,False
GaussianProcessRegressor,0.2650040605697549,0.270307818246667,0.5199113561432055,0.3987879597471853,-0.1552037742429364,0.1383458646616541,100.0,49,score,40,facebook/esm2_t33_650M_UR50D,VG08_BPP22_Tsuboyama_2023_2GP8_indels,True
GaussianProcessRegressor,0.0957250005270229,0.0310823796259506,0.1763019558199814,0.1392840398549709,0.8952521700111472,0.9082706766917292,100.0,43,score,20,facebook/esm2_t33_650M_UR50D,VG08_BPP22_Tsuboyama_2023_2GP8_indels,False
GaussianProcessRegressor,0.3020263328529978,1.602023654906351,1.2657107311334417,0.9574590804304396,-4.398830574160661,-0.2992481203007519,100.0,43,score,20,facebook/esm2_t33_650M_UR50D,VG08_BPP22_Tsuboyama_2023_2GP8_indels,True
GaussianProcessRegressor,0.0674403444896756,0.0181210113872255,0.1346143060273519,0.1013744529574967,0.9389320688165582,0.9398496240601504,100.0,43,score,40,facebook/esm2_t33_650M_UR50D,VG08_BPP22_Tsuboyama_2023_2GP8_indels,False
GaussianProcessRegressor,0.2558826951693165,0.3430540716214888,0.5857081795753657,0.5284844347468943,-0.1560945462872469,,100.0,43,score,40,facebook/esm2_t33_650M_UR50D,VG08_BPP22_Tsuboyama_2023_2GP8_indels,True
GaussianProcessRegressor,0.0462737880539216,0.0202376716543134,0.142259170721305,0.1105146366119053,0.9317989093715856,0.9353383458646616,100.0,43,score,60,facebook/esm2_t33_650M_UR50D,VG08_BPP22_Tsuboyama_2023_2GP8_indels,False
GaussianProcessRegressor,0.2314256200988388,0.3453188449343464,0.5876383623746381,0.5300440718201818,-0.1637268477002453,,100.0,43,score,60,facebook/esm2_t33_650M_UR50D,VG08_BPP22_Tsuboyama_2023_2GP8_indels,True
GaussianProcessRegressor,0.0590858833134691,0.0142645789057906,0.1194344125693706,0.1010423129626202,0.951928272414547,0.924812030075188,100.0,43,score,80,facebook/esm2_t33_650M_UR50D,VG08_BPP22_Tsuboyama_2023_2GP8_indels,False
GaussianProcessRegressor,0.2722579597814056,0.3557722145463475,0.596466440419197,0.5301215187271677,-0.198954774136558,0.2015037593984962,100.0,43,score,80,facebook/esm2_t33_650M_UR50D,VG08_BPP22_Tsuboyama_2023_2GP8_indels,True
GaussianProcessRegressor,0.2700010802529677,0.2189736228466882,0.4679461751598021,0.3730900816644567,0.8548077970756067,0.8345864661654135,100.0,42,score,20,facebook/esm2_t33_650M_UR50D,RD23A_HUMAN_Tsuboyama_2023_1IFY_indels,False
GaussianProcessRegressor,1.0444670386514918,1.5084175408226168,1.2281765104506015,1.0946252655921176,-0.0001682523888701,,100.0,42,score,20,facebook/esm2_t33_650M_UR50D,RD23A_HUMAN_Tsuboyama_2023_1IFY_indels,True
GaussianProcessRegressor,0.2367938521303062,0.1272537672611987,0.3567264599958891,0.2827777804295238,0.9156233771041116,0.9488721804511278,100.0,42,score,40,facebook/esm2_t33_650M_UR50D,RD23A_HUMAN_Tsuboyama_2023_1IFY_indels,False
GaussianProcessRegressor,1.126191026134847,1.508364898105852,1.2281550790131726,1.0886030843409198,-0.0001333472166595,,100.0,42,score,40,facebook/esm2_t33_650M_UR50D,RD23A_HUMAN_Tsuboyama_2023_1IFY_indels,True
GaussianProcessRegressor,0.1475105873533687,0.1279565832952555,0.3577101945643366,0.2810873741741203,0.9151573693406708,0.912781954887218,100.0,42,score,80,facebook/esm2_t33_650M_UR50D,RD23A_HUMAN_Tsuboyama_2023_1IFY_indels,False
GaussianProcessRegressor,0.9361179690358372,1.509536600360462,1.2286320036367528,1.0988496402922818,-0.0009102537194005,,100.0,42,score,80,facebook/esm2_t33_650M_UR50D,RD23A_HUMAN_Tsuboyama_2023_1IFY_indels,True
GaussianProcessRegressor,0.1335387441351798,0.1389459964539889,0.3727546062143149,0.2748461733376105,0.9078707515068876,0.9293233082706768,100.0,42,score,60,facebook/esm2_t33_650M_UR50D,RD23A_HUMAN_Tsuboyama_2023_1IFY_indels,False
GaussianProcessRegressor,0.9556993128807568,1.5092672645269327,1.228522390730805,1.0980830670072188,-0.0007316684519687,,100.0,42,score,60,facebook/esm2_t33_650M_UR50D,RD23A_HUMAN_Tsuboyama_2023_1IFY_indels,True
GaussianProcessRegressor,0.2498408042383047,0.5158963938746641,0.7182592803957802,0.5887563399244622,0.5254404934039786,0.6842105263157895,100.0,50,score,20,facebook/esm2_t33_650M_UR50D,RD23A_HUMAN_Tsuboyama_2023_1IFY_indels,False
GaussianProcessRegressor,0.873568564068092,1.1300336673361788,1.0630304169383766,0.8202066520515225,-0.0394882111508514,,100.0,50,score,20,facebook/esm2_t33_650M_UR50D,RD23A_HUMAN_Tsuboyama_2023_1IFY_indels,True
GaussianProcessRegressor,0.1650401761732691,0.3720199958543954,0.6099344193062033,0.4951670574418069,0.6577886029585096,0.8210526315789473,100.0,50,score,40,facebook/esm2_t33_650M_UR50D,RD23A_HUMAN_Tsuboyama_2023_1IFY_indels,False
GaussianProcessRegressor,0.9061205213719534,1.0981726335821618,1.047937323308108,0.8055989530659051,-0.0101800852607158,,100.0,50,score,40,facebook/esm2_t33_650M_UR50D,RD23A_HUMAN_Tsuboyama_2023_1IFY_indels,True
GaussianProcessRegressor,0.1712409031469704,0.2076415236101139,0.4556769948221151,0.3520574991998115,0.8089960306696746,0.8932330827067668,100.0,50,score,80,facebook/esm2_t33_650M_UR50D,RD23A_HUMAN_Tsuboyama_2023_1IFY_indels,False
GaussianProcessRegressor,1.016602905694986,1.087407540733675,1.0427883489633334,0.8019240889916486,-0.0002775598480662,,100.0,50,score,80,facebook/esm2_t33_650M_UR50D,RD23A_HUMAN_Tsuboyama_2023_1IFY_indels,True
GaussianProcessRegressor,0.1820092575631922,0.2340279918920952,0.4837643970902522,0.3855771970198989,0.7847238133846072,0.8586466165413533,100.0,50,score,60,facebook/esm2_t33_650M_UR50D,RD23A_HUMAN_Tsuboyama_2023_1IFY_indels,False
GaussianProcessRegressor,0.9002422052342125,1.088653967937511,1.043385819310149,0.7990137246688224,-0.0014241154082199,,100.0,50,score,60,facebook/esm2_t33_650M_UR50D,RD23A_HUMAN_Tsuboyama_2023_1IFY_indels,True
GaussianProcessRegressor,0.1082689885981764,0.3575218092753143,0.5979312747091545,0.4459765089672818,0.6289973933769912,0.875187969924812,100.0,44,score,20,facebook/esm2_t33_650M_UR50D,RD23A_HUMAN_Tsuboyama_2023_1IFY_indels,False
GaussianProcessRegressor,1.6207465428245182,0.98236620320893,0.9911438862289016,0.8363578293752644,-0.0194075231035872,,100.0,44,score,20,facebook/esm2_t33_650M_UR50D,RD23A_HUMAN_Tsuboyama_2023_1IFY_indels,True
GaussianProcessRegressor,0.2500923235724885,0.1098295681388555,0.3314054437375094,0.277845556954548,0.8860291735869548,0.9443609022556392,100.0,44,score,60,facebook/esm2_t33_650M_UR50D,RD23A_HUMAN_Tsuboyama_2023_1IFY_indels,False
GaussianProcessRegressor,1.0390166801647924,1.157857456941766,1.0760378510729842,0.9155969717448617,-0.2015158893215622,-0.1458646616541353,100.0,44,score,60,facebook/esm2_t33_650M_UR50D,RD23A_HUMAN_Tsuboyama_2023_1IFY_indels,True
GaussianProcessRegressor,0.1548126792832879,0.042160878805601,0.2053311442660393,0.1619405228769616,0.956249393663284,0.9654135338345864,100.0,44,score,80,facebook/esm2_t33_650M_UR50D,RD23A_HUMAN_Tsuboyama_2023_1IFY_indels,False
GaussianProcessRegressor,1.0124498933057269,1.08568457080569,1.041961885486072,0.8939839240124261,-0.1266216361898031,-0.0586466165413533,100.0,44,score,80,facebook/esm2_t33_650M_UR50D,RD23A_HUMAN_Tsuboyama_2023_1IFY_indels,True
GaussianProcessRegressor,0.2007603990216696,0.1886623919259956,0.4343528426590479,0.2987449954584678,0.8042238617046825,0.9157894736842104,100.0,44,score,40,facebook/esm2_t33_650M_UR50D,RD23A_HUMAN_Tsuboyama_2023_1IFY_indels,False
GaussianProcessRegressor,1.2933710415262136,1.125325120603083,1.0608134240303917,0.9084817125220426,-0.1677568814287222,-0.1789473684210526,100.0,44,score,40,facebook/esm2_t33_650M_UR50D,RD23A_HUMAN_Tsuboyama_2023_1IFY_indels,True
GaussianProcessRegressor,0.1310073227038209,0.1103887430016892,0.3322480142930717,0.2426735704341056,0.890802840888684,0.9443609022556392,100.0,51,score,80,facebook/esm2_t33_650M_UR50D,RD23A_HUMAN_Tsuboyama_2023_1IFY_indels,False
GaussianProcessRegressor,1.0400439912325647,1.1885841033401503,1.0902220431362366,0.8984609799380532,-0.1757540118708398,,100.0,51,score,80,facebook/esm2_t33_650M_UR50D,RD23A_HUMAN_Tsuboyama_2023_1IFY_indels,True
GaussianProcessRegressor,0.1654343197466929,0.2418586074245228,0.491791223411442,0.4140231645665765,0.7607521191089858,0.924812030075188,100.0,51,score,20,facebook/esm2_t33_650M_UR50D,RD23A_HUMAN_Tsuboyama_2023_1IFY_indels,False
GaussianProcessRegressor,1.1711114701219814,1.5351937775796756,1.239029369135242,1.0710871928034833,-0.5186222312043607,,100.0,51,score,20,facebook/esm2_t33_650M_UR50D,RD23A_HUMAN_Tsuboyama_2023_1IFY_indels,True
GaussianProcessRegressor,0.1436044840209161,0.1876281922070844,0.4331607002107698,0.3121025138935479,0.8143971477427544,0.8962406015037594,100.0,51,score,60,facebook/esm2_t33_650M_UR50D,RD23A_HUMAN_Tsuboyama_2023_1IFY_indels,False
GaussianProcessRegressor,1.0153198609818308,1.2289255951014308,1.1085691656822458,0.9176439710754052,-0.2156600401021513,,100.0,51,score,60,facebook/esm2_t33_650M_UR50D,RD23A_HUMAN_Tsuboyama_2023_1IFY_indels,True
GaussianProcessRegressor,0.2079097913537803,0.2094056421752411,0.4576086124356065,0.30629318582185,0.792854772999207,0.9157894736842104,100.0,51,score,40,facebook/esm2_t33_650M_UR50D,RD23A_HUMAN_Tsuboyama_2023_1IFY_indels,False
GaussianProcessRegressor,1.0720960671641733,1.2860359232575032,1.1340352389840025,0.9496125191016164,-0.2721538946472899,,100.0,51,score,40,facebook/esm2_t33_650M_UR50D,RD23A_HUMAN_Tsuboyama_2023_1IFY_indels,True
GaussianProcessRegressor,0.4569800567021428,0.3710824123766651,0.6091653407545977,0.4963043127191309,0.7634601726241479,0.8917293233082706,100.0,48,score,20,facebook/esm2_t33_650M_UR50D,RD23A_HUMAN_Tsuboyama_2023_1IFY_indels,False
GaussianProcessRegressor,1.1515829148362997,1.5794616834780109,1.2567663599404668,1.1172197340147882,-0.0067995181012112,,100.0,48,score,20,facebook/esm2_t33_650M_UR50D,RD23A_HUMAN_Tsuboyama_2023_1IFY_indels,True
GaussianProcessRegressor,0.1736398838716525,0.211522444252077,0.4599156925481855,0.3614768847687782,0.865168812154001,0.924812030075188,100.0,48,score,60,facebook/esm2_t33_650M_UR50D,RD23A_HUMAN_Tsuboyama_2023_1IFY_indels,False
GaussianProcessRegressor,0.9767355569631228,1.5691077828987054,1.2526403246338134,1.1293174698284496,-0.0001996099028953,,100.0,48,score,60,facebook/esm2_t33_650M_UR50D,RD23A_HUMAN_Tsuboyama_2023_1IFY_indels,True
GaussianProcessRegressor,0.1321288309048933,0.1237580343438527,0.3517926013205121,0.2846607899382543,0.9211126609515636,0.9413533834586464,100.0,48,score,80,facebook/esm2_t33_650M_UR50D,RD23A_HUMAN_Tsuboyama_2023_1IFY_indels,False
GaussianProcessRegressor,0.9437471730232871,1.6568144431768448,1.2871730432140214,1.1691007410395275,-0.05610664723466,-0.1789473684210526,100.0,48,score,80,facebook/esm2_t33_650M_UR50D,RD23A_HUMAN_Tsuboyama_2023_1IFY_indels,True
GaussianProcessRegressor,0.2334808143303487,0.1985613084421454,0.4456021863076363,0.3326398451652204,0.8734306556820749,0.8947368421052632,100.0,48,score,40,facebook/esm2_t33_650M_UR50D,RD23A_HUMAN_Tsuboyama_2023_1IFY_indels,False
GaussianProcessRegressor,0.9998802593400564,1.5695748569152022,1.252826746567618,1.1247546304197338,-0.0004973378564414,,100.0,48,score,40,facebook/esm2_t33_650M_UR50D,RD23A_HUMAN_Tsuboyama_2023_1IFY_indels,True
GaussianProcessRegressor,0.13501905184662,0.2599407976081463,0.5098438953328227,0.3992307411099799,0.7184632578414955,0.8977443609022555,100.0,46,score,60,facebook/esm2_t33_650M_UR50D,RD23A_HUMAN_Tsuboyama_2023_1IFY_indels,False
GaussianProcessRegressor,0.9184973381051944,0.9378808230316166,0.9684424727528304,0.8603144317137217,-0.0158001894235291,,100.0,46,score,60,facebook/esm2_t33_650M_UR50D,RD23A_HUMAN_Tsuboyama_2023_1IFY_indels,True
GaussianProcessRegressor,0.1572966756307838,0.2642052567044702,0.5140090044974603,0.4195896816573402,0.7138445064485066,0.8796992481203006,100.0,46,score,20,facebook/esm2_t33_650M_UR50D,RD23A_HUMAN_Tsuboyama_2023_1IFY_indels,False
GaussianProcessRegressor,0.8423233339813521,0.9610886714854902,0.9803513000376396,0.8676774756991719,-0.040936151559267,,100.0,46,score,20,facebook/esm2_t33_650M_UR50D,RD23A_HUMAN_Tsuboyama_2023_1IFY_indels,True
GaussianProcessRegressor,0.1394645173904737,0.1617719773720891,0.4022088728162136,0.2989884948754192,0.8247879674873708,0.9338345864661652,100.0,46,score,80,facebook/esm2_t33_650M_UR50D,RD23A_HUMAN_Tsuboyama_2023_1IFY_indels,False
GaussianProcessRegressor,1.0810444422187369,0.9474377706512754,0.9733641511023896,0.863774978714493,-0.0261511305708064,,100.0,46,score,80,facebook/esm2_t33_650M_UR50D,RD23A_HUMAN_Tsuboyama_2023_1IFY_indels,True
GaussianProcessRegressor,0.1864317453739891,0.313783665704555,0.5601639632326905,0.4563906373023844,0.6601471111965029,0.8691729323308269,100.0,46,score,40,facebook/esm2_t33_650M_UR50D,RD23A_HUMAN_Tsuboyama_2023_1IFY_indels,False
GaussianProcessRegressor,0.7943818052272327,1.1187485666054493,1.057709112471595,0.9194391934475944,-0.2116944690282973,-0.4706766917293232,100.0,46,score,40,facebook/esm2_t33_650M_UR50D,RD23A_HUMAN_Tsuboyama_2023_1IFY_indels,True
GaussianProcessRegressor,0.4168440189607557,0.1413080538221379,0.3759096351812998,0.2796665731998349,0.8504688367086154,0.8601503759398496,100.0,45,score,20,facebook/esm2_t33_650M_UR50D,RD23A_HUMAN_Tsuboyama_2023_1IFY_indels,False
GaussianProcessRegressor,1.8429704871783488,1.1254913938959956,1.0608917917940526,0.9449211498212868,-0.1909868747859313,,100.0,45,score,20,facebook/esm2_t33_650M_UR50D,RD23A_HUMAN_Tsuboyama_2023_1IFY_indels,True
GaussianProcessRegressor,0.1348932379779057,0.087752773160796,0.2962309456501734,0.2167215396404134,0.9071406484070964,0.918796992481203,100.0,45,score,80,facebook/esm2_t33_650M_UR50D,RD23A_HUMAN_Tsuboyama_2023_1IFY_indels,False
GaussianProcessRegressor,1.04733087023711,0.9458617751946812,0.9725542530854928,0.8188474504509303,-0.000904107955076,,100.0,45,score,80,facebook/esm2_t33_650M_UR50D,RD23A_HUMAN_Tsuboyama_2023_1IFY_indels,True
GaussianProcessRegressor,0.2983613807647475,0.0904918591664823,0.3008186483023989,0.2135969695382518,0.9042421673530656,0.9263157894736842,100.0,45,score,40,facebook/esm2_t33_650M_UR50D,RD23A_HUMAN_Tsuboyama_2023_1IFY_indels,False
GaussianProcessRegressor,1.274142412482392,1.0094286232553027,1.0047032513410628,0.8765128680870516,-0.0681700880614577,,100.0,45,score,40,facebook/esm2_t33_650M_UR50D,RD23A_HUMAN_Tsuboyama_2023_1IFY_indels,True
GaussianProcessRegressor,0.209600341488582,0.1202429427938415,0.3467606419330797,0.2260259107808454,0.872759785254889,0.9293233082706768,100.0,45,score,60,facebook/esm2_t33_650M_UR50D,RD23A_HUMAN_Tsuboyama_2023_1IFY_indels,False
GaussianProcessRegressor,1.1416278706604812,0.947883268677109,0.9735929686871764,0.827133168478903,-0.0030432377770313,,100.0,45,score,60,facebook/esm2_t33_650M_UR50D,RD23A_HUMAN_Tsuboyama_2023_1IFY_indels,True
GaussianProcessRegressor,0.2566493596495075,0.1850307960036027,0.4301520614894258,0.3504677551194041,0.8636148019250202,0.9368421052631578,100.0,47,score,40,facebook/esm2_t33_650M_UR50D,RD23A_HUMAN_Tsuboyama_2023_1IFY_indels,False
GaussianProcessRegressor,0.8710833196233384,1.3854669942938913,1.1770586197356063,0.9786420602970828,-0.0212202213054308,,100.0,47,score,40,facebook/esm2_t33_650M_UR50D,RD23A_HUMAN_Tsuboyama_2023_1IFY_indels,True
GaussianProcessRegressor,0.1758119934772877,0.1237852251300354,0.3518312452441304,0.2650181041112714,0.9087585806646634,0.9203007518796992,100.0,47,score,60,facebook/esm2_t33_650M_UR50D,RD23A_HUMAN_Tsuboyama_2023_1IFY_indels,False
GaussianProcessRegressor,0.992780017069079,1.36043408062871,1.166376474655036,0.9941015638448084,-0.0027685961578358,,100.0,47,score,60,facebook/esm2_t33_650M_UR50D,RD23A_HUMAN_Tsuboyama_2023_1IFY_indels,True
GaussianProcessRegressor,0.1186306706562214,0.1252060660142711,0.3538446919402226,0.2517563005324601,0.9077112865405774,0.9308270676691728,100.0,47,score,80,facebook/esm2_t33_650M_UR50D,RD23A_HUMAN_Tsuboyama_2023_1IFY_indels,False
GaussianProcessRegressor,1.0448399130712165,1.3584196747931934,1.1655126231805442,0.9921462193367748,-0.0012837885214087,,100.0,47,score,80,facebook/esm2_t33_650M_UR50D,RD23A_HUMAN_Tsuboyama_2023_1IFY_indels,True
GaussianProcessRegressor,1.089992880529954,0.2353645402844923,0.4851438346351444,0.3952642299235366,0.8265140714959578,0.9052631578947368,100.0,47,score,20,facebook/esm2_t33_650M_UR50D,RD23A_HUMAN_Tsuboyama_2023_1IFY_indels,False
GaussianProcessRegressor,1.2721057409126633,1.3618610829129136,1.166988038890251,0.9807734941968086,-0.0038204318164836,,100.0,47,score,20,facebook/esm2_t33_650M_UR50D,RD23A_HUMAN_Tsuboyama_2023_1IFY_indels,True
GaussianProcessRegressor,0.1173600077906243,0.372107053181757,0.6100057812691262,0.4631452434268382,0.6678569581668606,0.7082706766917292,100.0,49,score,60,facebook/esm2_t33_650M_UR50D,RD23A_HUMAN_Tsuboyama_2023_1IFY_indels,False
GaussianProcessRegressor,1.0858681772046428,1.133828560845879,1.064813862065046,0.8933534474000433,-0.0120562453641333,,100.0,49,score,60,facebook/esm2_t33_650M_UR50D,RD23A_HUMAN_Tsuboyama_2023_1IFY_indels,True
GaussianProcessRegressor,0.1490509485435112,0.1276654014292919,0.3573029546887233,0.2756497470288638,0.886045764505136,0.9338345864661652,100.0,49,score,80,facebook/esm2_t33_650M_UR50D,RD23A_HUMAN_Tsuboyama_2023_1IFY_indels,False
GaussianProcessRegressor,1.0879337261454731,1.131026608834666,1.0634973478268137,0.8933534474000435,-0.0095552208441278,,100.0,49,score,80,facebook/esm2_t33_650M_UR50D,RD23A_HUMAN_Tsuboyama_2023_1IFY_indels,True
GaussianProcessRegressor,0.1374629589519989,0.4752656804131488,0.689395155490049,0.4952919110145359,0.5757774881675932,0.6631578947368421,100.0,49,score,40,facebook/esm2_t33_650M_UR50D,RD23A_HUMAN_Tsuboyama_2023_1IFY_indels,False
GaussianProcessRegressor,1.0929054156629292,1.1494658723499849,1.0721314622517075,0.8983422451989972,-0.0260141216383282,,100.0,49,score,40,facebook/esm2_t33_650M_UR50D,RD23A_HUMAN_Tsuboyama_2023_1IFY_indels,True
GaussianProcessRegressor,0.306422697516277,0.6077063258337481,0.779555210253737,0.5870665292982461,0.4575608662137617,0.6180451127819548,100.0,49,score,20,facebook/esm2_t33_650M_UR50D,RD23A_HUMAN_Tsuboyama_2023_1IFY_indels,False
GaussianProcessRegressor,1.3931370749128746,1.131022663003756,1.0634954927049556,0.91208034080195,-0.0095516987924229,,100.0,49,score,20,facebook/esm2_t33_650M_UR50D,RD23A_HUMAN_Tsuboyama_2023_1IFY_indels,True
GaussianProcessRegressor,0.1680546243251844,0.2530025654904231,0.5029936038265528,0.4359459983003217,0.802712606499724,0.8556390977443609,100.0,43,score,60,facebook/esm2_t33_650M_UR50D,RD23A_HUMAN_Tsuboyama_2023_1IFY_indels,False
GaussianProcessRegressor,0.9452095220940414,1.330713475073312,1.1535655486678302,0.9824217559011796,-0.0376692919457604,-0.0766917293233082,100.0,43,score,60,facebook/esm2_t33_650M_UR50D,RD23A_HUMAN_Tsuboyama_2023_1IFY_indels,True
GaussianProcessRegressor,0.1338230688118999,0.1784119167044949,0.4223883482110922,0.3242987859306314,0.8608772130520135,0.813533834586466,100.0,43,score,80,facebook/esm2_t33_650M_UR50D,RD23A_HUMAN_Tsuboyama_2023_1IFY_indels,False
GaussianProcessRegressor,0.9782151392436462,1.2851730891593571,1.1336547486599953,0.9695540559270706,-0.0021576202813047,,100.0,43,score,80,facebook/esm2_t33_650M_UR50D,RD23A_HUMAN_Tsuboyama_2023_1IFY_indels,True
GaussianProcessRegressor,0.3577467851195045,0.3114808000818597,0.5581046497583224,0.4245123397338021,0.7571122053469581,0.7654135338345864,100.0,43,score,20,facebook/esm2_t33_650M_UR50D,RD23A_HUMAN_Tsuboyama_2023_1IFY_indels,False
GaussianProcessRegressor,1.0470279338312944,1.2910659681245744,1.1362508385583592,1.0132520382860606,-0.0067527939666258,,100.0,43,score,20,facebook/esm2_t33_650M_UR50D,RD23A_HUMAN_Tsuboyama_2023_1IFY_indels,True
GaussianProcessRegressor,0.2216270207226272,0.1870004020638857,0.4324354310921871,0.3319144926669546,0.8541800481936846,0.8225563909774435,100.0,43,score,40,facebook/esm2_t33_650M_UR50D,RD23A_HUMAN_Tsuboyama_2023_1IFY_indels,False
GaussianProcessRegressor,0.8850084174190471,1.3009855045356886,1.1406075155528692,0.9444442355311096,-0.0144878913538255,-0.2586072710063133,100.0,43,score,40,facebook/esm2_t33_650M_UR50D,RD23A_HUMAN_Tsuboyama_2023_1IFY_indels,True
GaussianProcessRegressor,0.2914228465347954,0.2517968856889221,0.5017936684424408,0.4051608770175161,0.8025922099959177,0.9022556390977444,100.0,42,score,20,facebook/esm2_t33_650M_UR50D,PKN1_HUMAN_Tsuboyama_2023_1URF_indels,False
GaussianProcessRegressor,1.2946675708587645,1.4553937017389753,1.206396991764724,1.047382267482994,-0.1410230649202648,,100.0,42,score,20,facebook/esm2_t33_650M_UR50D,PKN1_HUMAN_Tsuboyama_2023_1URF_indels,True
GaussianProcessRegressor,0.1898872827295985,0.3751496345179945,0.6124945995827183,0.495119952097353,0.705884129311554,0.8120300751879698,100.0,42,score,40,facebook/esm2_t33_650M_UR50D,PKN1_HUMAN_Tsuboyama_2023_1URF_indels,False
GaussianProcessRegressor,1.2985685879588489,1.2972986821343917,1.138990202826342,0.9938000393816316,-0.0170771775618734,,100.0,42,score,40,facebook/esm2_t33_650M_UR50D,PKN1_HUMAN_Tsuboyama_2023_1URF_indels,True
GaussianProcessRegressor,0.2007668151584647,0.1624636770730059,0.4030678318509255,0.3236078917519487,0.8726291019876184,0.8917293233082706,100.0,42,score,60,facebook/esm2_t33_650M_UR50D,PKN1_HUMAN_Tsuboyama_2023_1URF_indels,False
GaussianProcessRegressor,1.3406202828083331,1.3408923183032038,1.1579690489400845,1.0136957993010334,-0.0512544206631204,,100.0,42,score,60,facebook/esm2_t33_650M_UR50D,PKN1_HUMAN_Tsuboyama_2023_1URF_indels,True
GaussianProcessRegressor,0.1644644788344052,0.1572435214215232,0.3965394323664712,0.3228497736594172,0.8767216839423836,0.8902255639097743,100.0,42,score,80,facebook/esm2_t33_650M_UR50D,PKN1_HUMAN_Tsuboyama_2023_1URF_indels,False
GaussianProcessRegressor,1.360239364822888,1.3670461851922984,1.1692075030516604,1.023066152872524,-0.0717589517200121,,100.0,42,score,80,facebook/esm2_t33_650M_UR50D,PKN1_HUMAN_Tsuboyama_2023_1URF_indels,True
GaussianProcessRegressor,0.1812784530787594,0.1322820524748093,0.3637059973038791,0.2877590305052117,0.9095194949486268,0.7999999999999999,100.0,49,score,60,facebook/esm2_t33_650M_UR50D,PKN1_HUMAN_Tsuboyama_2023_1URF_indels,False
GaussianProcessRegressor,1.2025722616078047,1.4619956984718252,1.2091301412469315,1.1426490844708126,-4.286738477521368e-07,,100.0,49,score,60,facebook/esm2_t33_650M_UR50D,PKN1_HUMAN_Tsuboyama_2023_1URF_indels,True
GaussianProcessRegressor,0.1731332516147189,0.1310546999612098,0.3620147786502781,0.3008761078935701,0.9103590001817928,0.7999999999999999,100.0,49,score,80,facebook/esm2_t33_650M_UR50D,PKN1_HUMAN_Tsuboyama_2023_1URF_indels,False
GaussianProcessRegressor,1.1819155177512155,1.46338730225806,1.2097054609524005,1.138838658363557,-0.0009522812574316,,100.0,49,score,80,facebook/esm2_t33_650M_UR50D,PKN1_HUMAN_Tsuboyama_2023_1URF_indels,True
GaussianProcessRegressor,0.2579817759578618,0.200743422032263,0.4480439956435785,0.3633268511622434,0.8626921349388725,0.7669172932330827,100.0,49,score,20,facebook/esm2_t33_650M_UR50D,PKN1_HUMAN_Tsuboyama_2023_1URF_indels,False
GaussianProcessRegressor,1.351508371611978,1.4620349073375871,1.2091463548047388,1.141938764504085,-2.7247413882935945e-05,,100.0,49,score,20,facebook/esm2_t33_650M_UR50D,PKN1_HUMAN_Tsuboyama_2023_1URF_indels,True
GaussianProcessRegressor,0.3434247878417874,0.1158302442243702,0.3403384260179421,0.2678113933922187,0.920772479700973,0.8285714285714285,100.0,49,score,40,facebook/esm2_t33_650M_UR50D,PKN1_HUMAN_Tsuboyama_2023_1URF_indels,False
GaussianProcessRegressor,1.2375966076600735,1.467426389039257,1.2113737610825392,1.1352001717444116,-0.0037150038269095,,100.0,49,score,40,facebook/esm2_t33_650M_UR50D,PKN1_HUMAN_Tsuboyama_2023_1URF_indels,True
GaussianProcessRegressor,0.1757263586434026,0.0872574243593598,0.2953936769116086,0.2369301172711515,0.9381883887648256,0.8616541353383457,100.0,44,score,40,facebook/esm2_t33_650M_UR50D,PKN1_HUMAN_Tsuboyama_2023_1URF_indels,False
GaussianProcessRegressor,1.559659716465435,1.4116886384233065,1.1881450409875498,1.1369418132420064,-1.5184312214255868e-05,,100.0,44,score,40,facebook/esm2_t33_650M_UR50D,PKN1_HUMAN_Tsuboyama_2023_1URF_indels,True
GaussianProcessRegressor,0.2746761466042546,0.3337437551800569,0.5777055955935142,0.4661054591976082,0.7635818453407728,0.7578947368421052,100.0,44,score,20,facebook/esm2_t33_650M_UR50D,PKN1_HUMAN_Tsuboyama_2023_1URF_indels,False
GaussianProcessRegressor,1.737633936054842,1.411755901003792,1.188173346361461,1.1364629998678255,-6.28319308115799e-05,,100.0,44,score,20,facebook/esm2_t33_650M_UR50D,PKN1_HUMAN_Tsuboyama_2023_1URF_indels,True
GaussianProcessRegressor,0.1368241381893124,0.1203087197272239,0.3468554738320039,0.2621767438362637,0.9147754375449536,0.8030075187969924,100.0,44,score,80,facebook/esm2_t33_650M_UR50D,PKN1_HUMAN_Tsuboyama_2023_1URF_indels,False
GaussianProcessRegressor,1.3160831891082985,1.645007802566242,1.2825785755914691,1.2466735461937015,-0.1652943404826317,0.0451127819548872,100.0,44,score,80,facebook/esm2_t33_650M_UR50D,PKN1_HUMAN_Tsuboyama_2023_1URF_indels,True
GaussianProcessRegressor,0.0958487172713168,0.0880408953689578,0.2967168606078156,0.2219855139288599,0.9376333918025056,0.8842105263157894,100.0,44,score,60,facebook/esm2_t33_650M_UR50D,PKN1_HUMAN_Tsuboyama_2023_1URF_indels,False
GaussianProcessRegressor,1.2805536696843107,1.7219782359498983,1.31224168351333,1.2568479150390288,-0.2198188298294587,-0.0345864661654135,100.0,44,score,60,facebook/esm2_t33_650M_UR50D,PKN1_HUMAN_Tsuboyama_2023_1URF_indels,True
GaussianProcessRegressor,0.207907342204916,0.0850597706914166,0.2916500826185664,0.228532916695218,0.9380601157836966,0.9398496240601504,100.0,47,score,40,facebook/esm2_t33_650M_UR50D,PKN1_HUMAN_Tsuboyama_2023_1URF_indels,False
GaussianProcessRegressor,1.4538389488463532,1.4835688933609237,1.2180184289906797,1.1320344144444854,-0.0803236916197998,,100.0,47,score,40,facebook/esm2_t33_650M_UR50D,PKN1_HUMAN_Tsuboyama_2023_1URF_indels,True
GaussianProcessRegressor,0.1220310731654538,0.1423646021873371,0.3773123403592004,0.2598140605546554,0.8963311691966085,0.9022556390977444,100.0,47,score,80,facebook/esm2_t33_650M_UR50D,PKN1_HUMAN_Tsuboyama_2023_1URF_indels,False
GaussianProcessRegressor,1.296016346678193,1.4933498166478878,1.2220269295919333,1.1363580615756894,-0.0874460862723904,,100.0,47,score,80,facebook/esm2_t33_650M_UR50D,PKN1_HUMAN_Tsuboyama_2023_1URF_indels,True
GaussianProcessRegressor,0.1972951756133902,0.1112818256177059,0.3335893068095948,0.2509742910136371,0.9189654129312728,0.9142857142857144,100.0,47,score,20,facebook/esm2_t33_650M_UR50D,PKN1_HUMAN_Tsuboyama_2023_1URF_indels,False
GaussianProcessRegressor,1.648359988213332,1.4097525552376151,1.1873300110911098,1.089704034799545,-0.0265711902967438,,100.0,47,score,20,facebook/esm2_t33_650M_UR50D,PKN1_HUMAN_Tsuboyama_2023_1URF_indels,True
GaussianProcessRegressor,0.1384024348315539,0.0988981319734911,0.3144807338669432,0.242176363590279,0.9279831253499384,0.924812030075188,100.0,47,score,60,facebook/esm2_t33_650M_UR50D,PKN1_HUMAN_Tsuboyama_2023_1URF_indels,False
GaussianProcessRegressor,1.3853788082618697,1.5070470493104875,1.227618446142973,1.142126940137971,-0.097420307908645,,100.0,47,score,60,facebook/esm2_t33_650M_UR50D,PKN1_HUMAN_Tsuboyama_2023_1URF_indels,True
GaussianProcessRegressor,0.1431034504847624,0.3861200090363341,0.6213855558639371,0.458228153255429,0.5998442079414129,0.78796992481203,100.0,46,score,60,facebook/esm2_t33_650M_UR50D,PKN1_HUMAN_Tsuboyama_2023_1URF_indels,False
GaussianProcessRegressor,1.507824453011941,0.9749319814643616,0.9873864397814878,0.8674139999075736,-0.0103715687249155,,100.0,46,score,60,facebook/esm2_t33_650M_UR50D,PKN1_HUMAN_Tsuboyama_2023_1URF_indels,True
GaussianProcessRegressor,0.1857178705754408,0.5777898670311553,0.7601249022569615,0.5575406109447691,0.4012069914161814,0.7233082706766917,100.0,46,score,40,facebook/esm2_t33_650M_UR50D,PKN1_HUMAN_Tsuboyama_2023_1URF_indels,False
GaussianProcessRegressor,1.4259816000155836,1.7186203723997724,1.3109616212535635,1.1443500634267127,-0.7810936503447052,-0.1593984962406014,100.0,46,score,40,facebook/esm2_t33_650M_UR50D,PKN1_HUMAN_Tsuboyama_2023_1URF_indels,True
GaussianProcessRegressor,0.1242880566491554,0.3598602913049392,0.5998835647898175,0.4655885370027982,0.6270584882224757,0.7849624060150376,100.0,46,score,80,facebook/esm2_t33_650M_UR50D,PKN1_HUMAN_Tsuboyama_2023_1URF_indels,False
GaussianProcessRegressor,1.4592865747100887,1.040282230464998,1.0199422682019792,0.929105799802444,-0.0780973535536806,0.0360902255639097,100.0,46,score,80,facebook/esm2_t33_650M_UR50D,PKN1_HUMAN_Tsuboyama_2023_1URF_indels,True
GaussianProcessRegressor,0.306425861817118,0.3750750334857552,0.6124336972160784,0.4248721558384837,0.6112906775267115,0.8571428571428572,100.0,46,score,20,facebook/esm2_t33_650M_UR50D,PKN1_HUMAN_Tsuboyama_2023_1URF_indels,False
GaussianProcessRegressor,1.4664155979295288,1.0018241995352548,1.000911684183602,0.8674139999075736,-0.0382413412581432,,100.0,46,score,20,facebook/esm2_t33_650M_UR50D,PKN1_HUMAN_Tsuboyama_2023_1URF_indels,True
GaussianProcessRegressor,0.1575135734978849,0.3590826136168603,0.599235023690088,0.4118464798608726,0.6584835073455748,0.8300751879699247,100.0,50,score,40,facebook/esm2_t33_650M_UR50D,PKN1_HUMAN_Tsuboyama_2023_1URF_indels,False
GaussianProcessRegressor,1.465537869331453,1.274395956946376,1.1288914726165558,1.017091622735122,-0.2120532182983714,,100.0,50,score,40,facebook/esm2_t33_650M_UR50D,PKN1_HUMAN_Tsuboyama_2023_1URF_indels,True
GaussianProcessRegressor,0.1281215188959771,0.2470124516337561,0.4970034724564368,0.3493985272657613,0.7650712595794411,0.8917293233082706,100.0,50,score,80,facebook/esm2_t33_650M_UR50D,PKN1_HUMAN_Tsuboyama_2023_1URF_indels,False
GaussianProcessRegressor,1.3403939231706126,1.2533561882304172,1.119533915623112,1.0079592082236908,-0.1920427033203298,,100.0,50,score,80,facebook/esm2_t33_650M_UR50D,PKN1_HUMAN_Tsuboyama_2023_1URF_indels,True
GaussianProcessRegressor,0.310320381145576,0.3492378307771142,0.590963476686262,0.4449969596153786,0.6678466889056878,0.8571428571428572,100.0,50,score,20,facebook/esm2_t33_650M_UR50D,PKN1_HUMAN_Tsuboyama_2023_1URF_indels,False
GaussianProcessRegressor,1.6998103800873832,1.5259032207105503,1.2352745527657203,1.1188469893927422,-0.4512568871496309,,100.0,50,score,20,facebook/esm2_t33_650M_UR50D,PKN1_HUMAN_Tsuboyama_2023_1URF_indels,True
GaussianProcessRegressor,0.1148079237267322,0.3118143674101778,0.5584034092035773,0.3989506307831787,0.7034394173403049,0.8511278195488721,100.0,50,score,60,facebook/esm2_t33_650M_UR50D,PKN1_HUMAN_Tsuboyama_2023_1URF_indels,False
GaussianProcessRegressor,1.4391723330572457,1.2021589553503609,1.0964300959707194,0.9835093295991694,-0.1433500104865166,,100.0,50,score,60,facebook/esm2_t33_650M_UR50D,PKN1_HUMAN_Tsuboyama_2023_1URF_indels,True
GaussianProcessRegressor,0.2169645418625698,0.1409707379479748,0.3754607009368288,0.3320991993462893,0.8964441316870249,0.8962406015037594,100.0,48,score,40,facebook/esm2_t33_650M_UR50D,PKN1_HUMAN_Tsuboyama_2023_1URF_indels,False
GaussianProcessRegressor,1.5918258108097991,1.3759281882510743,1.1729996539859142,1.11235715646517,-0.0107447853697328,,100.0,48,score,40,facebook/esm2_t33_650M_UR50D,PKN1_HUMAN_Tsuboyama_2023_1URF_indels,True
GaussianProcessRegressor,0.1543484929132849,0.2810139151048524,0.5301074561868117,0.3946641967761118,0.7935696413999674,0.837593984962406,100.0,48,score,80,facebook/esm2_t33_650M_UR50D,PKN1_HUMAN_Tsuboyama_2023_1URF_indels,False
GaussianProcessRegressor,1.369756905442937,1.3915025853100682,1.179619678248065,1.117641505917804,-0.0221856009203356,,100.0,48,score,80,facebook/esm2_t33_650M_UR50D,PKN1_HUMAN_Tsuboyama_2023_1URF_indels,True
GaussianProcessRegressor,0.2236603334568163,0.1726700003383419,0.4155357991056149,0.3433680202413185,0.8731581314184673,0.882706766917293,100.0,48,score,20,facebook/esm2_t33_650M_UR50D,PKN1_HUMAN_Tsuboyama_2023_1URF_indels,False
GaussianProcessRegressor,1.6607887776331558,1.3806612537469487,1.1750154270250874,1.1141769941467063,-0.0142216537918045,,100.0,48,score,20,facebook/esm2_t33_650M_UR50D,PKN1_HUMAN_Tsuboyama_2023_1URF_indels,True
GaussianProcessRegressor,0.2196080080996306,0.3830069167050884,0.618875526018834,0.4103615751079592,0.7186464765197709,0.8150375939849623,100.0,48,score,60,facebook/esm2_t33_650M_UR50D,PKN1_HUMAN_Tsuboyama_2023_1URF_indels,False
GaussianProcessRegressor,1.4505619943482764,1.3896035939919271,1.178814486673763,1.1170862745832866,-0.020790618545047,,100.0,48,score,60,facebook/esm2_t33_650M_UR50D,PKN1_HUMAN_Tsuboyama_2023_1URF_indels,True
GaussianProcessRegressor,0.1479219293291609,0.1239876178631711,0.3521187553413921,0.2740339738090006,0.8782441083983514,0.9488721804511278,100.0,45,score,80,facebook/esm2_t33_650M_UR50D,PKN1_HUMAN_Tsuboyama_2023_1URF_indels,False
GaussianProcessRegressor,1.4408349471780144,1.0244479494981464,1.012150161536393,0.8120351601935447,-0.0060083066381542,,100.0,45,score,80,facebook/esm2_t33_650M_UR50D,PKN1_HUMAN_Tsuboyama_2023_1URF_indels,True
GaussianProcessRegressor,0.2873579254202252,0.1855728016590004,0.4307816171321618,0.3109229648522197,0.817767432648459,0.8842105263157894,100.0,45,score,40,facebook/esm2_t33_650M_UR50D,PKN1_HUMAN_Tsuboyama_2023_1URF_indels,False
GaussianProcessRegressor,1.3506991829255606,1.0450590620809144,1.0222813028129365,0.8719107436397755,-0.0262484276491596,0.0150375939849624,100.0,45,score,40,facebook/esm2_t33_650M_UR50D,PKN1_HUMAN_Tsuboyama_2023_1URF_indels,True
GaussianProcessRegressor,0.1779046761115453,0.1516517231178917,0.3894248619668391,0.2967095687054636,0.8510779456903345,0.9233082706766916,100.0,45,score,60,facebook/esm2_t33_650M_UR50D,PKN1_HUMAN_Tsuboyama_2023_1URF_indels,False
GaussianProcessRegressor,1.513549403369948,1.094028239117071,1.045958048449875,0.8241782902713662,-0.0743361795859378,0.0796992481203007,100.0,45,score,60,facebook/esm2_t33_650M_UR50D,PKN1_HUMAN_Tsuboyama_2023_1URF_indels,True
GaussianProcessRegressor,0.3499103381129435,0.2823594596950448,0.5313750649918048,0.4205458497596749,0.7227228947549471,0.900751879699248,100.0,45,score,20,facebook/esm2_t33_650M_UR50D,PKN1_HUMAN_Tsuboyama_2023_1URF_indels,False
GaussianProcessRegressor,1.438531238618474,1.0504871711775836,1.0249327642228945,0.8142688117518396,-0.0315788330087121,,100.0,45,score,20,facebook/esm2_t33_650M_UR50D,PKN1_HUMAN_Tsuboyama_2023_1URF_indels,True
GaussianProcessRegressor,0.3093420451200129,0.1499314136536459,0.3872097799044413,0.3244730419168703,0.8768658980708798,0.8691729323308269,100.0,43,score,40,facebook/esm2_t33_650M_UR50D,PKN1_HUMAN_Tsuboyama_2023_1URF_indels,False
GaussianProcessRegressor,1.3752635452578914,1.2111191664961152,1.1005085944671742,0.9932484590203232,0.0053447288895264,0.2135338345864661,100.0,43,score,40,facebook/esm2_t33_650M_UR50D,PKN1_HUMAN_Tsuboyama_2023_1URF_indels,True
GaussianProcessRegressor,0.2231496759130994,0.1139135918521061,0.3375108766426737,0.2672465767065097,0.9064462377268572,0.8872180451127819,100.0,43,score,80,facebook/esm2_t33_650M_UR50D,PKN1_HUMAN_Tsuboyama_2023_1URF_indels,False
GaussianProcessRegressor,1.3256716738943353,1.4895671028814836,1.2204782271230747,1.1040478140293395,-0.223336077522622,,100.0,43,score,80,facebook/esm2_t33_650M_UR50D,PKN1_HUMAN_Tsuboyama_2023_1URF_indels,True
GaussianProcessRegressor,0.4580027784408714,0.1771228350121608,0.4208596381362328,0.340918713796989,0.8545344121763252,0.8812030075187969,100.0,43,score,20,facebook/esm2_t33_650M_UR50D,PKN1_HUMAN_Tsuboyama_2023_1URF_indels,False
GaussianProcessRegressor,1.5386452368888064,1.4620737279884437,1.2091624076146443,1.0959288460856431,-0.2007566063900705,,100.0,43,score,20,facebook/esm2_t33_650M_UR50D,PKN1_HUMAN_Tsuboyama_2023_1URF_indels,True
GaussianProcessRegressor,0.2718393517705179,0.1154404343786001,0.3397652636432985,0.2631234813805567,0.9051922884796276,0.8676691729323308,100.0,43,score,60,facebook/esm2_t33_650M_UR50D,PKN1_HUMAN_Tsuboyama_2023_1URF_indels,False
GaussianProcessRegressor,1.229069982883122,1.4332875646655228,1.1971998850089831,1.0684953995249162,-0.1771154075086869,0.0138280827766603,100.0,43,score,60,facebook/esm2_t33_650M_UR50D,PKN1_HUMAN_Tsuboyama_2023_1URF_indels,True
GaussianProcessRegressor,0.1961639401477193,0.1616468391828815,0.4020532790351068,0.3175974200610257,0.8857781426809678,0.9022556390977444,100.0,51,score,40,facebook/esm2_t33_650M_UR50D,PKN1_HUMAN_Tsuboyama_2023_1URF_indels,False
GaussianProcessRegressor,1.3112280109173038,1.4526727529301764,1.2052687471805517,1.140164525432109,-0.0264783447371494,0.1353383458646616,100.0,51,score,40,facebook/esm2_t33_650M_UR50D,PKN1_HUMAN_Tsuboyama_2023_1URF_indels,True
GaussianProcessRegressor,0.4414454144280206,0.2696550770213306,0.5192832339112544,0.3941766149314608,0.8094580513384708,0.9052631578947368,100.0,51,score,20,facebook/esm2_t33_650M_UR50D,PKN1_HUMAN_Tsuboyama_2023_1URF_indels,False
GaussianProcessRegressor,1.3732537428732212,1.4153231617973705,1.1896735526174274,1.1457061427762083,-8.661514403951465e-05,,100.0,51,score,20,facebook/esm2_t33_650M_UR50D,PKN1_HUMAN_Tsuboyama_2023_1URF_indels,True
GaussianProcessRegressor,0.1320942028689093,0.1453319163420597,0.3812242336762705,0.3066103378138474,0.8973064892809718,0.9428571428571428,100.0,51,score,60,facebook/esm2_t33_650M_UR50D,PKN1_HUMAN_Tsuboyama_2023_1URF_indels,False
GaussianProcessRegressor,1.2371344636310322,1.4276018111769564,1.1948229204266867,1.1457061427762083,-0.0087628759642017,,100.0,51,score,60,facebook/esm2_t33_650M_UR50D,PKN1_HUMAN_Tsuboyama_2023_1URF_indels,True
GaussianProcessRegressor,0.107728647529794,0.1450545174367806,0.3808602334673188,0.3053574285711669,0.8975025031241091,0.938345864661654,100.0,51,score,80,facebook/esm2_t33_650M_UR50D,PKN1_HUMAN_Tsuboyama_2023_1URF_indels,False
GaussianProcessRegressor,1.2630160615698227,1.4186431185419672,1.1910680578967632,1.1457061427762083,-0.0024325417795592,,100.0,51,score,80,facebook/esm2_t33_650M_UR50D,PKN1_HUMAN_Tsuboyama_2023_1URF_indels,True
