Model,CV MSE,Test MSE,Test RMSE,Test MAE,Test R2,Test Spearman Correlation,Top 20 Accuracy,Seed,Label,Train Size,Foundation,Dataset,Representation
GaussianProcessRegressor,0.5425774625817622,0.3915873449045565,0.6257694023396769,0.4861024848770419,0.105848062636251,0.3979073088920861,0.0,42,score,100,facebook/esm2_t12_35M_UR50D,EC_all_40,esm
GaussianProcessRegressor,0.7927186620641955,0.6017880409785231,0.7757499861286,0.6411532594054402,-0.3741249550708359,-0.068959178892589,0.0,42,score,20,facebook/esm2_t12_35M_UR50D,EC_all_40,esm
GaussianProcessRegressor,0.4591030761431841,0.3578064532176733,0.5981692513141019,0.4633139946085712,0.1829834709704086,0.4425644424771579,10.0,42,score,200,facebook/esm2_t12_35M_UR50D,EC_all_40,esm
GaussianProcessRegressor,0.4071699107581367,0.3753163475890613,0.6126306779692487,0.4860680910037842,0.1430013158294469,0.4096900770168056,10.0,42,score,350,facebook/esm2_t12_35M_UR50D,EC_all_40,esm
GaussianProcessRegressor,0.7147267694101418,0.4007892103560336,0.6330791501510957,0.5028102635672372,0.0848364903067002,0.3470400141477013,15.0,42,score,50,facebook/esm2_t12_35M_UR50D,EC_all_40,esm
GaussianProcessRegressor,0.3458627314584788,0.3653730077082787,0.6044609232268688,0.48296954567297,0.1657059735104429,0.4247899714522896,20.0,42,score,500,facebook/esm2_t12_35M_UR50D,EC_all_40,esm
GaussianProcessRegressor,0.7043127450470582,0.4481042521371715,0.6694058949076946,0.5341710946994567,-0.023202844532792,0.2973453714439881,0.0,42,score,75,facebook/esm2_t12_35M_UR50D,EC_all_40,esm
GaussianProcessRegressor,0.4072482474953681,0.4035600052521816,0.6352637288970476,0.5111948848891703,0.145092196156347,0.4328405372551823,30.0,43,score,100,facebook/esm2_t12_35M_UR50D,EC_all_40,esm
GaussianProcessRegressor,0.3441227397347142,0.5103047071695584,0.7143561486888445,0.5850585525472238,-0.0810374437991887,0.2521323768038578,0.0,43,score,20,facebook/esm2_t12_35M_UR50D,EC_all_40,esm
GaussianProcessRegressor,0.4578776518766057,0.3926693872402789,0.6266333754599087,0.5006810343688085,0.1681630510623923,0.4306620628071437,35.0,43,score,200,facebook/esm2_t12_35M_UR50D,EC_all_40,esm
GaussianProcessRegressor,0.3796097377935629,0.370505550662107,0.6086916712606696,0.4848344217541217,0.2151152678509563,0.4829754160097221,35.0,43,score,350,facebook/esm2_t12_35M_UR50D,EC_all_40,esm
GaussianProcessRegressor,0.3710975800035439,0.3968631021500291,0.6299707153114572,0.5042711704107301,0.1592790200464828,0.4402124759622676,20.0,43,score,50,facebook/esm2_t12_35M_UR50D,EC_all_40,esm
GaussianProcessRegressor,0.3660609520508427,0.3558628161413679,0.5965423841952623,0.4784085077344281,0.2461346648389415,0.4951813176263397,30.0,43,score,500,facebook/esm2_t12_35M_UR50D,EC_all_40,esm
GaussianProcessRegressor,0.386853679185261,0.4260523687034976,0.652726871442794,0.5184224989610177,0.097444022920246,0.348772063913554,10.0,43,score,75,facebook/esm2_t12_35M_UR50D,EC_all_40,esm
GaussianProcessRegressor,0.7673516264384704,0.4455768598880801,0.6675154379398878,0.5447438615071585,0.0577197556179431,0.2304635695841015,5.0,44,score,100,facebook/esm2_t12_35M_UR50D,EC_all_40,esm
GaussianProcessRegressor,0.809900925,0.5427347945787643,0.7367053648364211,0.5712207578965884,-0.1477442410244975,0.0638720563594869,0.0,44,score,20,facebook/esm2_t12_35M_UR50D,EC_all_40,esm
GaussianProcessRegressor,0.538539731879608,0.3667871921401519,0.6056295832769003,0.4729339971004116,0.2243396007305169,0.4486226537208537,15.0,44,score,200,facebook/esm2_t12_35M_UR50D,EC_all_40,esm
GaussianProcessRegressor,0.3978782883251566,0.3402196515896114,0.5832835087584866,0.4635113404050348,0.280523103188166,0.4937815274129936,10.0,44,score,350,facebook/esm2_t12_35M_UR50D,EC_all_40,esm
GaussianProcessRegressor,0.7547774934331721,0.4774022906844321,0.6909430444576689,0.5477183642451374,-0.0095828298796143,0.1523263406047026,5.0,44,score,50,facebook/esm2_t12_35M_UR50D,EC_all_40,esm
GaussianProcessRegressor,0.4163041938276982,0.3463106741687785,0.5884816685069965,0.4623028949022252,0.2676421599410776,0.4919861906906245,20.0,44,score,500,facebook/esm2_t12_35M_UR50D,EC_all_40,esm
GaussianProcessRegressor,0.7396306496717733,0.4216058448127033,0.6493118240204034,0.5185355073620641,0.1084122757568605,0.3254269830856581,15.0,44,score,75,facebook/esm2_t12_35M_UR50D,EC_all_40,esm
GaussianProcessRegressor,0.4927034501359457,0.5414072696499886,0.7358038255200829,0.5713036298702145,0.0343109448976614,0.2545593261184339,0.0,45,score,100,facebook/esm2_t12_35M_UR50D,EC_all_40,esm
GaussianProcessRegressor,0.5077243935795862,0.9846142161406692,0.9922772879294725,0.7600045913058145,-0.7562216566465945,0.2291146330793194,0.0,45,score,20,facebook/esm2_t12_35M_UR50D,EC_all_40,esm
GaussianProcessRegressor,0.3891104048602465,0.5443842521757237,0.7378239981023413,0.5708649957484995,0.0290010061445451,0.2502781099704513,0.0,45,score,200,facebook/esm2_t12_35M_UR50D,EC_all_40,esm
GaussianProcessRegressor,0.4459336099067793,0.4471995825724023,0.6687298277872779,0.5227373304760716,0.2023458742700455,0.4363484443032028,35.0,45,score,350,facebook/esm2_t12_35M_UR50D,EC_all_40,esm
GaussianProcessRegressor,0.4456208471331616,0.5676137762393724,0.7534014708237384,0.584542153757556,-0.0124326767795945,0.2336769585751368,0.0,45,score,50,facebook/esm2_t12_35M_UR50D,EC_all_40,esm
GaussianProcessRegressor,0.4178455902705502,0.4045235354471042,0.6360216469956853,0.4987772402820306,0.2784656346319165,0.4777826658542725,45.0,45,score,500,facebook/esm2_t12_35M_UR50D,EC_all_40,esm
GaussianProcessRegressor,0.4088226624866981,0.5780473315053046,0.7602942400842615,0.5887865796977183,-0.0310426413865159,0.1814353189048038,0.0,45,score,75,facebook/esm2_t12_35M_UR50D,EC_all_40,esm
GaussianProcessRegressor,0.5525665792448622,0.4129927579286903,0.6426451259666491,0.477775420217521,0.1014938009331231,0.3974517550980632,0.0,46,score,100,facebook/esm2_t12_35M_UR50D,EC_all_40,esm
GaussianProcessRegressor,0.771203811111111,0.7170680660000003,0.84679871634291,0.6616300000000002,-0.5600518170954067,,10.0,46,score,20,facebook/esm2_t12_35M_UR50D,EC_all_40,esm
GaussianProcessRegressor,0.4821458748395176,0.4064548482543367,0.6375381151384886,0.4773218955097156,0.1157176638425067,0.4360812664827298,15.0,46,score,200,facebook/esm2_t12_35M_UR50D,EC_all_40,esm
GaussianProcessRegressor,0.4224036670400345,0.3991106699177478,0.6317520636434422,0.4793717510358236,0.1316956432036296,0.428419749205796,25.0,46,score,350,facebook/esm2_t12_35M_UR50D,EC_all_40,esm
GaussianProcessRegressor,0.5912315422788694,0.438281010585657,0.6620279530243848,0.5087768664738642,0.0464767301984898,0.3227898853157306,20.0,46,score,50,facebook/esm2_t12_35M_UR50D,EC_all_40,esm
GaussianProcessRegressor,0.3862272837051311,0.4150669429400374,0.6442568920392218,0.4929367343018793,0.0969812082667188,0.4424508580138512,20.0,46,score,500,facebook/esm2_t12_35M_UR50D,EC_all_40,esm
GaussianProcessRegressor,0.5517966669390997,0.4429920616275476,0.6655764881871562,0.5065287116286764,0.0362273771916991,0.3493219027453983,15.0,46,score,75,facebook/esm2_t12_35M_UR50D,EC_all_40,esm
GaussianProcessRegressor,0.4403943173753361,0.5365598544591265,0.7325024603775242,0.5819013068725986,0.041799031030711,0.3036632782676892,5.0,47,score,100,facebook/esm2_t12_35M_UR50D,EC_all_40,esm
GaussianProcessRegressor,0.6848561475922783,0.5902037214032885,0.7682471746796655,0.6258928311410671,-0.0539994243661627,0.3200084854552906,10.0,47,score,20,facebook/esm2_t12_35M_UR50D,EC_all_40,esm
GaussianProcessRegressor,0.4051361792660256,0.5003646804529929,0.7073646022052509,0.566208504370435,0.1064372079581486,0.346166100138312,10.0,47,score,200,facebook/esm2_t12_35M_UR50D,EC_all_40,esm
GaussianProcessRegressor,0.3750916481296621,0.4550962336936144,0.6746082075498447,0.5427014197776401,0.1872786447299996,0.4192142680854402,15.0,47,score,350,facebook/esm2_t12_35M_UR50D,EC_all_40,esm
GaussianProcessRegressor,0.4817367518701116,0.5140667561863679,0.7169844881072169,0.577686396376276,0.0819677249442816,0.3636846061810671,0.0,47,score,50,facebook/esm2_t12_35M_UR50D,EC_all_40,esm
GaussianProcessRegressor,0.3652094133918718,0.4266885283321127,0.6532139988794734,0.5183685111706231,0.2380097804595338,0.4631396109553647,30.0,47,score,500,facebook/esm2_t12_35M_UR50D,EC_all_40,esm
GaussianProcessRegressor,0.523014294680342,0.5552109321869028,0.7451247762535499,0.5970430162154363,0.0084915060592576,0.2431016728635576,5.0,47,score,75,facebook/esm2_t12_35M_UR50D,EC_all_40,esm
GaussianProcessRegressor,0.4752986494498052,0.4979218200065779,0.7056357559014268,0.5753979412064911,0.2690308174335821,0.5154204813476609,85.0,48,score,100,facebook/esm2_t12_35M_UR50D,EC_all_40,esm
GaussianProcessRegressor,0.6698844842488103,0.6897813179575804,0.8305307447395192,0.6689441422813097,-0.0126266130100061,0.0653629395039221,60.0,48,score,20,facebook/esm2_t12_35M_UR50D,EC_all_40,esm
GaussianProcessRegressor,0.4010041650313403,0.4511317449584915,0.6716634164211205,0.5429187743264089,0.3377205223950341,0.5477670041721264,85.0,48,score,200,facebook/esm2_t12_35M_UR50D,EC_all_40,esm
GaussianProcessRegressor,0.411022201910191,0.4359064381796223,0.6602321093218826,0.5271282969836195,0.3600718827960022,0.5536374239188044,80.0,48,score,350,facebook/esm2_t12_35M_UR50D,EC_all_40,esm
GaussianProcessRegressor,0.4931773445963922,0.535904503395451,0.7320549865928454,0.5995286640524864,0.2132707163235789,0.31373373414472,85.0,48,score,50,facebook/esm2_t12_35M_UR50D,EC_all_40,esm
GaussianProcessRegressor,0.4010516466622671,0.4231657392400516,0.6505119055329054,0.517047993267071,0.3787757393352874,0.5588051010473675,75.0,48,score,500,facebook/esm2_t12_35M_UR50D,EC_all_40,esm
GaussianProcessRegressor,0.5340236442843066,0.4912992929410971,0.700927451981371,0.5689773383949466,0.2787529525179907,0.4759468334644944,85.0,48,score,75,facebook/esm2_t12_35M_UR50D,EC_all_40,esm
GaussianProcessRegressor,0.5025808111868432,0.6187916446921091,0.7866331067862,0.6295333720753404,0.1297167862885349,0.3649152881882881,45.0,49,score,100,facebook/esm2_t12_35M_UR50D,EC_all_40,esm
GaussianProcessRegressor,0.2430400822785784,0.7827527439412338,0.8847331484358625,0.7010111553525654,-0.1008819840765562,0.1839739144668229,45.0,49,score,20,facebook/esm2_t12_35M_UR50D,EC_all_40,esm
GaussianProcessRegressor,0.3587611449689235,0.622387474917707,0.7889153788066924,0.6192504116638051,0.1246595255586309,0.3810953052797279,35.0,49,score,200,facebook/esm2_t12_35M_UR50D,EC_all_40,esm
GaussianProcessRegressor,0.3810513283761555,0.5818625036753392,0.7627991240656606,0.5894487421377362,0.1816548041970825,0.4482480231482989,20.0,49,score,350,facebook/esm2_t12_35M_UR50D,EC_all_40,esm
GaussianProcessRegressor,0.6117353823923949,0.6338378416139279,0.7961393355524696,0.6312125542190156,0.1085554588472581,0.2319494158861344,45.0,49,score,50,facebook/esm2_t12_35M_UR50D,EC_all_40,esm
GaussianProcessRegressor,0.3587305664952359,0.5442503282665047,0.7377332365201561,0.5772210891038817,0.2345534578396456,0.4797765263420508,35.0,49,score,500,facebook/esm2_t12_35M_UR50D,EC_all_40,esm
GaussianProcessRegressor,0.5845539042130661,0.6612350472341568,0.8131636042237483,0.6384090062571182,0.0700233804677086,0.2322576926633013,30.0,49,score,75,facebook/esm2_t12_35M_UR50D,EC_all_40,esm
GaussianProcessRegressor,0.4830950343687339,0.4591568904636799,0.6776111646539481,0.5403718038593812,-0.0662600378202937,0.153397606728572,20.0,50,score,100,facebook/esm2_t12_35M_UR50D,EC_all_40,esm
GaussianProcessRegressor,0.7426449987654321,0.4456444969885051,0.6675660993403614,0.5447210341915635,-0.0348813838631836,0.0108459309677398,0.0,50,score,20,facebook/esm2_t12_35M_UR50D,EC_all_40,esm
GaussianProcessRegressor,0.528430438596769,0.4505588639613468,0.6712368166015232,0.5468384926808233,-0.0462935900679806,0.1823541653257924,20.0,50,score,200,facebook/esm2_t12_35M_UR50D,EC_all_40,esm
GaussianProcessRegressor,0.4340270898893803,0.4258050930900509,0.6525374265818406,0.5228850372213524,0.0111899350921642,0.2575043525051321,30.0,50,score,350,facebook/esm2_t12_35M_UR50D,EC_all_40,esm
GaussianProcessRegressor,0.6185583439020259,0.4416799971980567,0.6645900971260832,0.5417649959073042,-0.0256749714488271,0.0642423810480578,10.0,50,score,50,facebook/esm2_t12_35M_UR50D,EC_all_40,esm
GaussianProcessRegressor,0.392147509690285,0.419548640792041,0.6477257450434104,0.5156671336729567,0.0257187491042117,0.2967219098034205,20.0,50,score,500,facebook/esm2_t12_35M_UR50D,EC_all_40,esm
GaussianProcessRegressor,0.5778280228524759,0.457039674334976,0.6760470947611387,0.5446123301598514,-0.061343411289467,0.1218200877426844,15.0,50,score,75,facebook/esm2_t12_35M_UR50D,EC_all_40,esm
GaussianProcessRegressor,0.61468346477616,0.4451279507813289,0.6671790994787898,0.5490665417791354,0.0310379124496803,0.3417316804278279,30.0,51,score,100,facebook/esm2_t12_35M_UR50D,EC_all_40,esm
GaussianProcessRegressor,0.6047127153681082,0.5069819133386689,0.7120266240378016,0.5825720302070956,-0.103606844361519,-0.0242752171884889,0.0,51,score,20,facebook/esm2_t12_35M_UR50D,EC_all_40,esm
GaussianProcessRegressor,0.5342217274521064,0.4214416342862008,0.6491853620393799,0.5362285954678406,0.0825986887101037,0.3275533277238509,25.0,51,score,200,facebook/esm2_t12_35M_UR50D,EC_all_40,esm
GaussianProcessRegressor,0.413836757664983,0.3868449018870079,0.6219685698546253,0.5174228625809759,0.1579094437168366,0.3659662211762323,30.0,51,score,350,facebook/esm2_t12_35M_UR50D,EC_all_40,esm
GaussianProcessRegressor,0.7172126908985081,0.4593074985892592,0.6777222872159799,0.5552224298435229,0.0001716318209868,0.2019035779697182,15.0,51,score,50,facebook/esm2_t12_35M_UR50D,EC_all_40,esm
GaussianProcessRegressor,0.3732872629908546,0.3661916697542735,0.6051377279217298,0.5015063956061624,0.2028677503944301,0.4051676224857047,40.0,51,score,500,facebook/esm2_t12_35M_UR50D,EC_all_40,esm
GaussianProcessRegressor,0.6301607868675723,0.5035559620766678,0.7096167712763473,0.5819874289993973,-0.0961491754354326,0.2691126612056446,15.0,51,score,75,facebook/esm2_t12_35M_UR50D,EC_all_40,esm
GaussianProcessRegressor,0.5776168251410577,0.3922758510331978,0.6263192884090333,0.4914672881041815,0.1042759252911039,0.3574484838438928,10.0,42,score,100,facebook/esm2_t30_150M_UR50D,EC_all_40,esm
GaussianProcessRegressor,0.7220241319519444,0.5141564039512934,0.7170470026095175,0.5740063241886891,-0.1740265631236894,0.0912908628967498,0.0,42,score,20,facebook/esm2_t30_150M_UR50D,EC_all_40,esm
GaussianProcessRegressor,0.4339369573807968,0.3804438027488543,0.6168012668184577,0.4879530119771055,0.1312932664643887,0.4071843396492688,20.0,42,score,200,facebook/esm2_t30_150M_UR50D,EC_all_40,esm
GaussianProcessRegressor,0.3741008873079655,0.3992640171363908,0.6318734186024847,0.5004577413489691,0.0883191219339558,0.3968061313214313,25.0,42,score,350,facebook/esm2_t30_150M_UR50D,EC_all_40,esm
GaussianProcessRegressor,0.6276664175882432,0.4482360132431335,0.6695043041259209,0.5298264435653066,-0.0235037083112013,0.2890639877395657,20.0,42,score,50,facebook/esm2_t30_150M_UR50D,EC_all_40,esm
GaussianProcessRegressor,0.3264536269640627,0.4011821344322681,0.6333894018944966,0.49994200637117,0.083939286072259,0.3907075049197654,20.0,42,score,500,facebook/esm2_t30_150M_UR50D,EC_all_40,esm
GaussianProcessRegressor,0.7826718423627603,0.5092524441845996,0.7136192571565033,0.5825976765982466,-0.1628288439348533,0.0569277205746423,10.0,42,score,75,facebook/esm2_t30_150M_UR50D,EC_all_40,esm
GaussianProcessRegressor,0.4344896566741212,0.4043510779731917,0.635886057382289,0.508997310009077,0.1434163753767909,0.4299306221105832,30.0,43,score,100,facebook/esm2_t30_150M_UR50D,EC_all_40,esm
GaussianProcessRegressor,0.3399551245871713,0.5106304363744951,0.7145841002810622,0.584819666865165,-0.0817274736227986,0.2020677079041123,5.0,43,score,20,facebook/esm2_t30_150M_UR50D,EC_all_40,esm
GaussianProcessRegressor,0.4166796775558271,0.3952256367197627,0.6286697358070951,0.5043142333895527,0.1627478523307528,0.4132900221075246,35.0,43,score,200,facebook/esm2_t30_150M_UR50D,EC_all_40,esm
GaussianProcessRegressor,0.3572363671914605,0.4014341150649756,0.6335882851386818,0.4998773659799537,0.1495957150568917,0.3974950138440128,35.0,43,score,350,facebook/esm2_t30_150M_UR50D,EC_all_40,esm
GaussianProcessRegressor,0.3697335463847749,0.4025345901713718,0.6344561373108245,0.5039242170844818,0.1472644514426843,0.4123748928373744,30.0,43,score,50,facebook/esm2_t30_150M_UR50D,EC_all_40,esm
GaussianProcessRegressor,0.3428709449131644,0.3809765509764404,0.6172329794951339,0.4886079574975214,0.1929333376143883,0.4426514760342862,25.0,43,score,500,facebook/esm2_t30_150M_UR50D,EC_all_40,esm
GaussianProcessRegressor,0.4638896460849248,0.4206720347114432,0.6485923486377582,0.5259286123520873,0.1088418062913169,0.43948852687812,30.0,43,score,75,facebook/esm2_t30_150M_UR50D,EC_all_40,esm
GaussianProcessRegressor,0.7341457129238977,0.4167505191141322,0.6455621729269244,0.5213736063487496,0.1186800385104137,0.3168852167808856,5.0,44,score,100,facebook/esm2_t30_150M_UR50D,EC_all_40,esm
GaussianProcessRegressor,0.8099009192816748,0.5427341858532579,0.7367049516958997,0.5712203619678125,-0.1477429537269052,0.2265243378955842,5.0,44,score,20,facebook/esm2_t30_150M_UR50D,EC_all_40,esm
GaussianProcessRegressor,0.5112470437578641,0.381279138326572,0.6174780468377576,0.4857612270509539,0.1936928687670538,0.4240496577640893,15.0,44,score,200,facebook/esm2_t30_150M_UR50D,EC_all_40,esm
GaussianProcessRegressor,0.4070585064238242,0.3515919582412295,0.5929519021313866,0.4779305505547871,0.2564736049858446,0.4753728778973398,15.0,44,score,350,facebook/esm2_t30_150M_UR50D,EC_all_40,esm
GaussianProcessRegressor,0.7780071384017397,0.4838177112349014,0.6955700620605386,0.5522620587575436,-0.0231497912465676,0.0620948019128626,0.0,44,score,50,facebook/esm2_t30_150M_UR50D,EC_all_40,esm
GaussianProcessRegressor,0.414627236348883,0.3540589322975552,0.595028513852534,0.4722482721785253,0.2512565905357165,0.4730451216996649,20.0,44,score,500,facebook/esm2_t30_150M_UR50D,EC_all_40,esm
GaussianProcessRegressor,0.7549604138073214,0.4472904222374861,0.6687977438938368,0.5434029848818377,0.0540960127921426,0.259073827734489,5.0,44,score,75,facebook/esm2_t30_150M_UR50D,EC_all_40,esm
GaussianProcessRegressor,0.5180028472895917,0.5330681845479432,0.7301151858083376,0.5694958401603676,0.0491850769310534,0.3142866844665345,0.0,45,score,100,facebook/esm2_t30_150M_UR50D,EC_all_40,esm
GaussianProcessRegressor,0.6983622209660197,0.7668775339989224,0.8757154412244439,0.7033684000011149,-0.367852414810379,0.1213991741464329,0.0,45,score,20,facebook/esm2_t30_150M_UR50D,EC_all_40,esm
GaussianProcessRegressor,0.4016157980579763,0.5367848601320199,0.7326560312534252,0.5716820920182781,0.0425557737537444,0.3311828206326599,0.0,45,score,200,facebook/esm2_t30_150M_UR50D,EC_all_40,esm
GaussianProcessRegressor,0.4342430442358448,0.4325699633749005,0.6577005119162525,0.5290490944238898,0.2284402101449143,0.3617601718649325,80.0,45,score,350,facebook/esm2_t30_150M_UR50D,EC_all_40,esm
GaussianProcessRegressor,0.5034947870331588,0.750912643461464,0.8665521585348824,0.6954415266475842,-0.3393764025324177,0.0541940516061991,0.0,45,score,50,facebook/esm2_t30_150M_UR50D,EC_all_40,esm
GaussianProcessRegressor,0.412798358582479,0.3937687829235751,0.6275099863138236,0.5039284606915574,0.2976485074607584,0.4416284508462338,70.0,45,score,500,facebook/esm2_t30_150M_UR50D,EC_all_40,esm
GaussianProcessRegressor,0.4245452746644241,0.6112089026425268,0.781798505142167,0.5996267313112176,-0.0901917664396683,0.1819939367121581,0.0,45,score,75,facebook/esm2_t30_150M_UR50D,EC_all_40,esm
GaussianProcessRegressor,0.5564315824254186,0.5124236818577069,0.7158377482765957,0.5346051933476442,-0.1148279137071961,0.229300637195998,5.0,46,score,100,facebook/esm2_t30_150M_UR50D,EC_all_40,esm
GaussianProcessRegressor,0.7332448108931849,0.5817445013339352,0.762721771902399,0.6116066485487207,-0.265642146712564,0.235712438165514,25.0,46,score,20,facebook/esm2_t30_150M_UR50D,EC_all_40,esm
GaussianProcessRegressor,0.469372352317556,0.4379247736425763,0.6617588485563123,0.4991103499388738,0.0472517585629094,0.4055939029425646,25.0,46,score,200,facebook/esm2_t30_150M_UR50D,EC_all_40,esm
GaussianProcessRegressor,0.4262454370533153,0.4390874167030486,0.6626367154806988,0.5122067878697035,0.0447223146995939,0.3650596846478605,30.0,46,score,350,facebook/esm2_t30_150M_UR50D,EC_all_40,esm
GaussianProcessRegressor,0.5026807693781699,0.5529157929180903,0.7435830773478443,0.5845940173835896,-0.2029224676735417,0.2188316400376738,15.0,46,score,50,facebook/esm2_t30_150M_UR50D,EC_all_40,esm
GaussianProcessRegressor,0.3810086234130585,0.4470343988814144,0.6686063108297845,0.5176806851646718,0.0274328765337834,0.3856406034424354,30.0,46,score,500,facebook/esm2_t30_150M_UR50D,EC_all_40,esm
GaussianProcessRegressor,0.5876289360892588,0.541808433268852,0.7360763773338008,0.5660711345629877,-0.1787573187489954,0.2539582002141363,10.0,46,score,75,facebook/esm2_t30_150M_UR50D,EC_all_40,esm
GaussianProcessRegressor,0.473740766307867,0.5039611708691543,0.7099022262742626,0.5787795392258327,0.1000145123855764,0.3291372010597976,30.0,47,score,100,facebook/esm2_t30_150M_UR50D,EC_all_40,esm
GaussianProcessRegressor,0.6369234049926853,0.7385361569639249,0.8593812640289087,0.6908147266827389,-0.3188949104942693,0.2622625283414914,20.0,47,score,20,facebook/esm2_t30_150M_UR50D,EC_all_40,esm
GaussianProcessRegressor,0.4088694511051417,0.5093494726498851,0.7136872372754645,0.5777727528393243,0.0903919587329186,0.2956270768495255,30.0,47,score,200,facebook/esm2_t30_150M_UR50D,EC_all_40,esm
GaussianProcessRegressor,0.363224055359833,0.4519637867151748,0.6722825200131078,0.5456560510358031,0.1928726408238957,0.3821376112137409,40.0,47,score,350,facebook/esm2_t30_150M_UR50D,EC_all_40,esm
GaussianProcessRegressor,0.4761367845908878,0.5365585684678126,0.7325015825701762,0.5988115498550342,0.0418013275836728,0.3165283088191434,10.0,47,score,50,facebook/esm2_t30_150M_UR50D,EC_all_40,esm
GaussianProcessRegressor,0.3499389447126343,0.4226353305902836,0.6501040921193187,0.5277562244259719,0.2452480745125985,0.4155524940457425,35.0,47,score,500,facebook/esm2_t30_150M_UR50D,EC_all_40,esm
GaussianProcessRegressor,0.5353262260244157,0.5133263807964646,0.7164679900710601,0.5854987645552906,0.0832899043993985,0.2697395288684785,35.0,47,score,75,facebook/esm2_t30_150M_UR50D,EC_all_40,esm
GaussianProcessRegressor,0.4476717872732102,0.5097953031687271,0.7139995120227514,0.5984873224307,0.2516000684032671,0.3751721589209897,85.0,48,score,100,facebook/esm2_t30_150M_UR50D,EC_all_40,esm
GaussianProcessRegressor,0.6934262246070257,0.6252188417064317,0.7907078105763417,0.6479749821024843,0.0821536890244427,0.0648611314251493,85.0,48,score,20,facebook/esm2_t30_150M_UR50D,EC_all_40,esm
GaussianProcessRegressor,0.3808652676088413,0.4460927877673001,0.6679017800300431,0.5500921624969951,0.3451179134533005,0.4632351305277013,85.0,48,score,200,facebook/esm2_t30_150M_UR50D,EC_all_40,esm
GaussianProcessRegressor,0.4228850879885247,0.4128464018770384,0.6425312458371487,0.5221745579169186,0.393924940060753,0.5412337501730584,85.0,48,score,350,facebook/esm2_t30_150M_UR50D,EC_all_40,esm
GaussianProcessRegressor,0.4998569160118778,0.5357560017104923,0.7319535516072672,0.6126755589980749,0.2134887227472832,0.2701872238302614,85.0,48,score,50,facebook/esm2_t30_150M_UR50D,EC_all_40,esm
GaussianProcessRegressor,0.4047715159468039,0.4000407567212931,0.632487752230265,0.5124445385919284,0.4127241402476562,0.5381765580506923,85.0,48,score,500,facebook/esm2_t30_150M_UR50D,EC_all_40,esm
GaussianProcessRegressor,0.4639906361251702,0.4911693905000343,0.7008347811717355,0.5905258398457377,0.2789436545064189,0.3847215921130265,85.0,48,score,75,facebook/esm2_t30_150M_UR50D,EC_all_40,esm
GaussianProcessRegressor,0.5145243084599602,0.5735479903551707,0.757329512402079,0.6092346900834557,0.1933485325057824,0.3175621025060612,55.00000000000001,49,score,100,facebook/esm2_t30_150M_UR50D,EC_all_40,esm
GaussianProcessRegressor,0.4613260805330648,0.6721896576962382,0.8198717324656573,0.6488535851152407,0.0546165570568316,0.2825297120179373,50.0,49,score,20,facebook/esm2_t30_150M_UR50D,EC_all_40,esm
GaussianProcessRegressor,0.3620114325147983,0.5425090683663553,0.736552149115292,0.6096740102448146,0.2370024069726983,0.4113395139747097,60.0,49,score,200,facebook/esm2_t30_150M_UR50D,EC_all_40,esm
GaussianProcessRegressor,0.3927481703687509,0.4952729347407105,0.7037563035175675,0.5654976463320195,0.3034364232165418,0.4772817893200995,65.0,49,score,350,facebook/esm2_t30_150M_UR50D,EC_all_40,esm
GaussianProcessRegressor,0.673605878798551,0.5748305938059503,0.7581758330400344,0.6034228569554221,0.1915446486579045,0.2780177788695055,50.0,49,score,50,facebook/esm2_t30_150M_UR50D,EC_all_40,esm
GaussianProcessRegressor,0.3561897267356215,0.4775885995597956,0.6910778534722377,0.5578591184072541,0.3283080907408425,0.5079373698452976,60.0,49,score,500,facebook/esm2_t30_150M_UR50D,EC_all_40,esm
GaussianProcessRegressor,0.5907202510103085,0.5835061336089533,0.7638757317842696,0.6045308852124972,0.1793431641595223,0.3072988867358835,55.00000000000001,49,score,75,facebook/esm2_t30_150M_UR50D,EC_all_40,esm
GaussianProcessRegressor,0.4787097854497855,0.5131982364182467,0.7163785566432365,0.5656602939334877,-0.191755546606378,0.1354260340219465,25.0,50,score,100,facebook/esm2_t30_150M_UR50D,EC_all_40,esm
GaussianProcessRegressor,0.722388566391243,0.442931882522676,0.6655312783954456,0.5381958688009872,-0.0285821156544325,0.1190531103064411,20.0,50,score,20,facebook/esm2_t30_150M_UR50D,EC_all_40,esm
GaussianProcessRegressor,0.523285559664116,0.4248557975859638,0.651809632934313,0.529375761285904,0.0133944013238881,0.2123154614174318,20.0,50,score,200,facebook/esm2_t30_150M_UR50D,EC_all_40,esm
GaussianProcessRegressor,0.4123568685886191,0.4054960905009483,0.6367857492916659,0.5124975774672218,0.0583517621680489,0.2681462151395685,25.0,50,score,350,facebook/esm2_t30_150M_UR50D,EC_all_40,esm
GaussianProcessRegressor,0.4446566579320471,0.9824093032799808,0.991165628580804,0.7631699063052072,-1.2813635221993471,0.1367622748693629,30.0,50,score,50,facebook/esm2_t30_150M_UR50D,EC_all_40,esm
GaussianProcessRegressor,0.3701223179280813,0.408805560823289,0.6393790431530337,0.5102182519067323,0.0506664676111043,0.3028476154468136,15.0,50,score,500,facebook/esm2_t30_150M_UR50D,EC_all_40,esm
GaussianProcessRegressor,0.5325794524811953,0.4619695479820879,0.6796834174688153,0.5473510890650126,-0.0727916272927386,0.1103654080805049,15.0,50,score,75,facebook/esm2_t30_150M_UR50D,EC_all_40,esm
GaussianProcessRegressor,0.5886312603857251,0.4575365946241028,0.6764145139070441,0.554752633053336,0.0040265656662266,0.3074895431556014,25.0,51,score,100,facebook/esm2_t30_150M_UR50D,EC_all_40,esm
GaussianProcessRegressor,0.60471271533046,0.5069818748000097,0.7120265969751479,0.5825720000000076,-0.1036067604699104,-0.059257262502458,0.0,51,score,20,facebook/esm2_t30_150M_UR50D,EC_all_40,esm
GaussianProcessRegressor,0.518525841570824,0.4409809845738453,0.6640639913245149,0.5483570229039838,0.0400650989616725,0.2967780417977178,15.0,51,score,200,facebook/esm2_t30_150M_UR50D,EC_all_40,esm
GaussianProcessRegressor,0.4221847602179847,0.3950432847300595,0.6285246890377971,0.5186490743077806,0.1400630646247214,0.3517467193288179,25.0,51,score,350,facebook/esm2_t30_150M_UR50D,EC_all_40,esm
GaussianProcessRegressor,0.636849195401364,0.499770091291297,0.7069441924871418,0.5800657812781822,-0.0879080275745771,0.1007547580512594,10.0,51,score,50,facebook/esm2_t30_150M_UR50D,EC_all_40,esm
GaussianProcessRegressor,0.3775019470506207,0.3862345430365533,0.6214777092032774,0.5084921256436021,0.1592380832346498,0.3693844329863841,35.0,51,score,500,facebook/esm2_t30_150M_UR50D,EC_all_40,esm
GaussianProcessRegressor,0.5486338695341255,0.5418234869185223,0.7360866028658057,0.6046140814185094,-0.1794505738110265,0.2133497139770654,10.0,51,score,75,facebook/esm2_t30_150M_UR50D,EC_all_40,esm
GaussianProcessRegressor,0.5204414173992931,0.394602928661932,0.6281742820761862,0.4851948098922592,0.0989622679495071,0.3483691126593706,5.0,42,score,100,facebook/esm2_t33_650M_UR50D,EC_all_40,esm
GaussianProcessRegressor,0.424053378686083,0.5692282553722438,0.7544721700448889,0.6081926277399011,-0.2997778247081348,0.0715663589019417,0.0,42,score,20,facebook/esm2_t33_650M_UR50D,EC_all_40,esm
GaussianProcessRegressor,0.4362499777083802,0.369245330156121,0.6076556016002165,0.4694949914458376,0.1568638986479898,0.4125565491086876,20.0,42,score,200,facebook/esm2_t33_650M_UR50D,EC_all_40,esm
GaussianProcessRegressor,0.3814938277079563,0.3851290210911455,0.6205876417486458,0.4892144132916706,0.1205950222227293,0.3820418018372489,20.0,42,score,350,facebook/esm2_t33_650M_UR50D,EC_all_40,esm
GaussianProcessRegressor,0.5146918318378877,0.4678647167691029,0.6840063718775601,0.5364700422713702,-0.0683239598184657,0.251333297099351,10.0,42,score,50,facebook/esm2_t33_650M_UR50D,EC_all_40,esm
GaussianProcessRegressor,0.3075626656592819,0.4270112522699022,0.6534609799137988,0.5094018430173366,0.0249609864529336,0.3471513567696763,30.0,42,score,500,facebook/esm2_t33_650M_UR50D,EC_all_40,esm
GaussianProcessRegressor,0.6480618281732452,0.4404325032154642,0.6636508895612694,0.5161642824074306,-0.0056851457343674,0.2657334814510084,5.0,42,score,75,facebook/esm2_t33_650M_UR50D,EC_all_40,esm
GaussianProcessRegressor,0.3945706830184226,0.3933454178996438,0.6271725583120197,0.506568944682489,0.1667309371789377,0.4620588821755919,35.0,43,score,100,facebook/esm2_t33_650M_UR50D,EC_all_40,esm
GaussianProcessRegressor,0.3357912455579224,0.5041859413069307,0.7100605194678343,0.580635377921159,-0.068075354846435,0.2385123853211171,0.0,43,score,20,facebook/esm2_t33_650M_UR50D,EC_all_40,esm
GaussianProcessRegressor,0.4041682537218944,0.4158040542356873,0.6448287014670542,0.5181221959517216,0.119154211989403,0.3792942855559327,35.0,43,score,200,facebook/esm2_t33_650M_UR50D,EC_all_40,esm
GaussianProcessRegressor,0.3714285557664432,0.3933878962596021,0.6272064223679491,0.5018552424176547,0.1666409503592573,0.4387363401779542,30.0,43,score,350,facebook/esm2_t33_650M_UR50D,EC_all_40,esm
GaussianProcessRegressor,0.4005761813748326,0.4741763375320535,0.6886046307802857,0.5637157685534059,-0.004502542566966,0.0810528404974552,0.0,43,score,50,facebook/esm2_t33_650M_UR50D,EC_all_40,esm
GaussianProcessRegressor,0.3657864176541153,0.3703513650097824,0.6085650047528056,0.4866951648187543,0.215441897139532,0.4856722043858008,25.0,43,score,500,facebook/esm2_t33_650M_UR50D,EC_all_40,esm
GaussianProcessRegressor,0.4148303979734328,0.4076040299131175,0.6384387440570297,0.5178359000720691,0.1365252712961646,0.4383915819374835,35.0,43,score,75,facebook/esm2_t33_650M_UR50D,EC_all_40,esm
GaussianProcessRegressor,0.695080934434847,0.406189218431158,0.6373297564300274,0.518792363692502,0.1410144680654965,0.3526499246708913,10.0,44,score,100,facebook/esm2_t33_650M_UR50D,EC_all_40,esm
GaussianProcessRegressor,0.7560323320602158,0.6678201836720772,0.8172026576511344,0.6435825182632313,-0.4122676075051468,0.161105714410092,20.0,44,score,20,facebook/esm2_t33_650M_UR50D,EC_all_40,esm
GaussianProcessRegressor,0.4891689410887546,0.3877543881014257,0.6226992758157228,0.4915839239454703,0.1799993840070585,0.4024474039784703,15.0,44,score,200,facebook/esm2_t33_650M_UR50D,EC_all_40,esm
GaussianProcessRegressor,0.392982433242551,0.3683750430819025,0.6069390769112684,0.4824766275616124,0.220981705139146,0.4458794326191285,15.0,44,score,350,facebook/esm2_t33_650M_UR50D,EC_all_40,esm
GaussianProcessRegressor,0.7471943118655241,0.7230213706042287,0.8503066332825051,0.6620621561382436,-0.5290038938681154,0.2135503055392799,10.0,44,score,50,facebook/esm2_t33_650M_UR50D,EC_all_40,esm
GaussianProcessRegressor,0.39532101743907,0.3676314165465376,0.6063261635015741,0.4832879157627233,0.222554283647035,0.4554185548467452,15.0,44,score,500,facebook/esm2_t33_650M_UR50D,EC_all_40,esm
GaussianProcessRegressor,0.6493388067193975,0.7165790780623827,0.8465099397304102,0.6683572696800195,-0.5153801051636571,0.2599020197969789,20.0,44,score,75,facebook/esm2_t33_650M_UR50D,EC_all_40,esm
GaussianProcessRegressor,0.517211587415206,0.523041517754285,0.723216093401056,0.5653422432897803,0.0670692889181837,0.3705187325444852,0.0,45,score,100,facebook/esm2_t33_650M_UR50D,EC_all_40,esm
GaussianProcessRegressor,0.6983622209876542,0.7668775339999695,0.8757154412250417,0.7033683999999867,-0.3678524148122466,0.1987479573274853,0.0,45,score,20,facebook/esm2_t33_650M_UR50D,EC_all_40,esm
GaussianProcessRegressor,0.411369383168269,0.5352741489120767,0.7316243222529419,0.5755641057918904,0.0452503760841905,0.3566333711167677,0.0,45,score,200,facebook/esm2_t33_650M_UR50D,EC_all_40,esm
GaussianProcessRegressor,0.4414503930232456,0.4084843766067118,0.6391278249354442,0.5160577519067261,0.2714008219276012,0.4079679710263325,85.0,45,score,350,facebook/esm2_t33_650M_UR50D,EC_all_40,esm
GaussianProcessRegressor,0.5034948410864198,0.7509051971246439,0.8665478619930026,0.6954364027053798,-0.3393631207640137,-0.068404586491179,0.0,45,score,50,facebook/esm2_t33_650M_UR50D,EC_all_40,esm
GaussianProcessRegressor,0.4111360257694921,0.3812443467839765,0.617449873903928,0.4999005277279162,0.3199879025508125,0.4664350184639864,80.0,45,score,500,facebook/esm2_t33_650M_UR50D,EC_all_40,esm
GaussianProcessRegressor,0.4785450323250825,0.5864390280641738,0.7657930713085447,0.5948924045643981,-0.0460106146201941,0.2949319097703874,0.0,45,score,75,facebook/esm2_t33_650M_UR50D,EC_all_40,esm
GaussianProcessRegressor,0.5471161254085988,0.4607908687620721,0.6788157841138287,0.5029871935849994,-0.0024956711895205,0.3034379862780068,5.0,46,score,100,facebook/esm2_t33_650M_UR50D,EC_all_40,esm
GaussianProcessRegressor,0.771203811111111,0.7170680660000003,0.84679871634291,0.6616300000000002,-0.5600518170954067,,10.0,46,score,20,facebook/esm2_t33_650M_UR50D,EC_all_40,esm
GaussianProcessRegressor,0.482381955135216,0.4691576348818096,0.6849508266159037,0.513609596946514,-0.0206983904392001,0.3215985131125785,30.0,46,score,200,facebook/esm2_t33_650M_UR50D,EC_all_40,esm
GaussianProcessRegressor,0.4292067444227607,0.4488229034927538,0.6699424628225575,0.5109035375659329,0.0235418095610651,0.3450774772047124,40.0,46,score,350,facebook/esm2_t33_650M_UR50D,EC_all_40,esm
GaussianProcessRegressor,0.5013378038446122,0.5779688409172838,0.7602426197716646,0.5873989074269553,-0.2574278276360091,0.1758889867228528,10.0,46,score,50,facebook/esm2_t33_650M_UR50D,EC_all_40,esm
GaussianProcessRegressor,0.383824688823878,0.4456897790990987,0.6676000143042978,0.5066937565391428,0.030358228580773,0.3919999187280318,40.0,46,score,500,facebook/esm2_t33_650M_UR50D,EC_all_40,esm
GaussianProcessRegressor,0.538418587153943,0.4962637096343849,0.704459870847435,0.531455472965775,-0.0796703112053369,0.2638879826014327,10.0,46,score,75,facebook/esm2_t33_650M_UR50D,EC_all_40,esm
GaussianProcessRegressor,0.4138567770285195,0.478671568640403,0.691860946029188,0.5536767485461133,0.1451772675918239,0.3977864949005024,45.0,47,score,100,facebook/esm2_t33_650M_UR50D,EC_all_40,esm
GaussianProcessRegressor,0.568905278233673,0.8619515461183057,0.9284134564504684,0.7446046244982497,-0.5392929602004986,0.2242364354810624,15.0,47,score,20,facebook/esm2_t33_650M_UR50D,EC_all_40,esm
GaussianProcessRegressor,0.4043020141299597,0.4629429787566085,0.680399131948747,0.5436124138112205,0.1732657463364083,0.3927232845640045,35.0,47,score,200,facebook/esm2_t33_650M_UR50D,EC_all_40,esm
GaussianProcessRegressor,0.370706760173384,0.4259563960348669,0.6526533505888612,0.5236443558576296,0.2393172392095773,0.4337237133162818,50.0,47,score,350,facebook/esm2_t33_650M_UR50D,EC_all_40,esm
GaussianProcessRegressor,0.4117230887020269,0.5163801916131727,0.7185959863603281,0.5854289865783917,0.0778363385776164,0.3364206449783983,10.0,47,score,50,facebook/esm2_t33_650M_UR50D,EC_all_40,esm
GaussianProcessRegressor,0.3618534944845463,0.4014050574417354,0.6335653537258294,0.5082476190173045,0.2831615861802353,0.489416913744614,40.0,47,score,500,facebook/esm2_t33_650M_UR50D,EC_all_40,esm
GaussianProcessRegressor,0.4655585979032426,0.5062314779499489,0.7114994574488086,0.5738676178820729,0.0959601456143832,0.2790022932308034,45.0,47,score,75,facebook/esm2_t33_650M_UR50D,EC_all_40,esm
GaussianProcessRegressor,0.4093541613389393,0.4609463536089859,0.6789303009948708,0.5636176982639045,0.3233122836430823,0.4747569302423913,85.0,48,score,100,facebook/esm2_t33_650M_UR50D,EC_all_40,esm
GaussianProcessRegressor,0.723495493209371,0.5667305121471808,0.7528150583956068,0.6117244036212398,0.1680169003354794,0.1690385344224173,85.0,48,score,20,facebook/esm2_t33_650M_UR50D,EC_all_40,esm
GaussianProcessRegressor,0.3651422750546226,0.4300385941838716,0.6557732795592327,0.5416438557290354,0.3686861128953067,0.5201239535868165,85.0,48,score,200,facebook/esm2_t33_650M_UR50D,EC_all_40,esm
GaussianProcessRegressor,0.4307497799372714,0.400301263035514,0.6326936565475538,0.5110964611475687,0.4123417065403787,0.5781570565859183,85.0,48,score,350,facebook/esm2_t33_650M_UR50D,EC_all_40,esm
GaussianProcessRegressor,0.4562745885528481,0.4831388824338227,0.6950819249799427,0.5718843379617863,0.2907327621150675,0.3845948074132503,85.0,48,score,50,facebook/esm2_t33_650M_UR50D,EC_all_40,esm
GaussianProcessRegressor,0.4001227380703636,0.3905329507945123,0.6249263562968939,0.5031639252873888,0.4266819803081848,0.5765318112034098,80.0,48,score,500,facebook/esm2_t33_650M_UR50D,EC_all_40,esm
GaussianProcessRegressor,0.4343200397054697,0.4404055127577126,0.6636305544184299,0.5453926705468595,0.3534670610458555,0.5206148120778815,85.0,48,score,75,facebook/esm2_t33_650M_UR50D,EC_all_40,esm
GaussianProcessRegressor,0.4960253080174259,0.5385276934558135,0.7338444613511869,0.5960602375581078,0.2426019068719906,0.4494423315597778,65.0,49,score,100,facebook/esm2_t33_650M_UR50D,EC_all_40,esm
GaussianProcessRegressor,0.2953438640478342,0.6457016186973591,0.8035556102083782,0.6407140932247437,0.0918699619833463,0.2639295301529791,55.00000000000001,49,score,20,facebook/esm2_t33_650M_UR50D,EC_all_40,esm
GaussianProcessRegressor,0.3674439736126728,0.5306409501821343,0.7284510623110755,0.5873756802345219,0.2536940092634991,0.4484284755047776,65.0,49,score,200,facebook/esm2_t33_650M_UR50D,EC_all_40,esm
GaussianProcessRegressor,0.3748026436226653,0.5122959752839169,0.7157485419362842,0.5668910979486632,0.2794948161212268,0.4317746629366547,70.0,49,score,350,facebook/esm2_t33_650M_UR50D,EC_all_40,esm
GaussianProcessRegressor,0.6397377509783267,0.5649316435135456,0.7516193474848459,0.5930975598784107,0.2054667666223939,0.3246117009379377,60.0,49,score,50,facebook/esm2_t33_650M_UR50D,EC_all_40,esm
GaussianProcessRegressor,0.3592016857327363,0.4772078601139611,0.6908023307097054,0.5553856919686013,0.3288435717082244,0.4887745108347254,65.0,49,score,500,facebook/esm2_t33_650M_UR50D,EC_all_40,esm
GaussianProcessRegressor,0.5435321641794183,0.5554009071786021,0.7452522439943419,0.5844004186637786,0.2188710197627839,0.3864980718814307,65.0,49,score,75,facebook/esm2_t33_650M_UR50D,EC_all_40,esm
GaussianProcessRegressor,0.4704103416608639,0.4647293937474547,0.6817106378423728,0.5421077274267917,-0.0792005766328796,0.139898544351942,15.0,50,score,100,facebook/esm2_t33_650M_UR50D,EC_all_40,esm
GaussianProcessRegressor,0.7426449987654283,0.4456459984866519,0.6675672239457626,0.5447218936874626,-0.0348848706614959,0.0730506287301241,5.0,50,score,20,facebook/esm2_t33_650M_UR50D,EC_all_40,esm
GaussianProcessRegressor,0.4998791386145272,0.4210001356046122,0.6488452323972275,0.5242394678547858,0.022348069177825,0.2360643827532563,20.0,50,score,200,facebook/esm2_t33_650M_UR50D,EC_all_40,esm
GaussianProcessRegressor,0.3993259019780902,0.4114970025560557,0.6414803212539382,0.5109631135424301,0.0444163669954456,0.2516046587798384,20.0,50,score,350,facebook/esm2_t33_650M_UR50D,EC_all_40,esm
GaussianProcessRegressor,0.6125095049891941,0.4216156448240249,0.6493193704364786,0.5181356552355441,0.0209187257503378,0.1637213625099366,15.0,50,score,50,facebook/esm2_t33_650M_UR50D,EC_all_40,esm
GaussianProcessRegressor,0.3660870735635251,0.3967736815615793,0.6298997392931508,0.501408082650055,0.0786070524157541,0.3074096758569568,20.0,50,score,500,facebook/esm2_t33_650M_UR50D,EC_all_40,esm
GaussianProcessRegressor,0.5129149193635986,0.4532098589689511,0.6732086296007732,0.5379755859834761,-0.0524497647781434,0.1320436818794441,15.0,50,score,75,facebook/esm2_t33_650M_UR50D,EC_all_40,esm
GaussianProcessRegressor,0.5622543474559127,0.4461381671380018,0.6679357507560153,0.546942226841074,0.0288388563173457,0.3799942378614203,30.0,51,score,100,facebook/esm2_t33_650M_UR50D,EC_all_40,esm
GaussianProcessRegressor,0.6047126989399247,0.5069818751660466,0.7120265972321868,0.5825720002779312,-0.1036067612667062,-0.0862454556259353,0.0,51,score,20,facebook/esm2_t33_650M_UR50D,EC_all_40,esm
GaussianProcessRegressor,0.5013037701903055,0.4306330945975866,0.6562264049835137,0.5345556644642994,0.0625905617090396,0.3176131927479042,30.0,51,score,200,facebook/esm2_t33_650M_UR50D,EC_all_40,esm
GaussianProcessRegressor,0.4063180271724409,0.3895932639098067,0.624174065393466,0.5093992725633761,0.1519267625612708,0.3610374468777059,35.0,51,score,350,facebook/esm2_t33_650M_UR50D,EC_all_40,esm
GaussianProcessRegressor,0.6350148740855085,0.4742261353572913,0.6886407883340133,0.566113757701956,-0.0323035102157771,0.2271361174886522,10.0,51,score,50,facebook/esm2_t33_650M_UR50D,EC_all_40,esm
GaussianProcessRegressor,0.3686440102756739,0.366786832393764,0.6056292862748333,0.4976641388563824,0.2015721902468806,0.4040099727210923,30.0,51,score,500,facebook/esm2_t33_650M_UR50D,EC_all_40,esm
GaussianProcessRegressor,0.5326392663754486,0.5203286679324045,0.7213381093027073,0.5940016204520161,-0.1326602865694672,0.2861682849380181,20.0,51,score,75,facebook/esm2_t33_650M_UR50D,EC_all_40,esm
GaussianProcessRegressor,0.6009050870589809,0.3879434214459701,0.622851042742942,0.4817835764129669,0.1141686104335614,0.3811350655667473,10.0,42,score,100,facebook/esm2_t6_8M_UR50D,EC_all_40,esm
GaussianProcessRegressor,0.7927186648148147,0.6017919764570439,0.7757525226881598,0.6411561745645598,-0.3741339413564999,0.0057681375394918,0.0,42,score,20,facebook/esm2_t6_8M_UR50D,EC_all_40,esm
GaussianProcessRegressor,0.5036945932036263,0.3573331103525038,0.5977734607294839,0.4669949546245439,0.1840643037537861,0.4492034504565714,15.0,42,score,200,facebook/esm2_t6_8M_UR50D,EC_all_40,esm
GaussianProcessRegressor,0.4066771645278758,0.3775699988565691,0.614467247993389,0.4847309170618046,0.1378553205024645,0.4050016303804302,30.0,42,score,350,facebook/esm2_t6_8M_UR50D,EC_all_40,esm
GaussianProcessRegressor,0.7495900167488804,0.425249674573,0.6521117040607384,0.51198786672791,0.0289833792370666,0.3288713767915443,20.0,42,score,50,facebook/esm2_t6_8M_UR50D,EC_all_40,esm
GaussianProcessRegressor,0.3388495484675492,0.3678466332211462,0.6065036135268662,0.4805073481857395,0.1600576882085213,0.4246982266688676,20.0,42,score,500,facebook/esm2_t6_8M_UR50D,EC_all_40,esm
GaussianProcessRegressor,0.7558017388812284,0.39608671160608,0.6293542020246469,0.4997004370686835,0.0955741926927324,0.343267766463678,15.0,42,score,75,facebook/esm2_t6_8M_UR50D,EC_all_40,esm
GaussianProcessRegressor,0.4172398614411068,0.3955766678347238,0.6289488594748573,0.4922311419281692,0.162004222546665,0.4205947764186747,30.0,43,score,100,facebook/esm2_t6_8M_UR50D,EC_all_40,esm
GaussianProcessRegressor,0.3433182760848835,0.5092001586116959,0.7135826221340427,0.5845589162535949,-0.0786975509219176,0.2656135333411743,0.0,43,score,20,facebook/esm2_t6_8M_UR50D,EC_all_40,esm
GaussianProcessRegressor,0.458956731611026,0.3774391008033263,0.6143607253099163,0.4966937896634928,0.2004271271855663,0.4656803084068064,30.0,43,score,200,facebook/esm2_t6_8M_UR50D,EC_all_40,esm
GaussianProcessRegressor,0.3781569710537666,0.3661019778694995,0.6050636147294758,0.4867343152782888,0.2244438650761478,0.486406142286499,30.0,43,score,350,facebook/esm2_t6_8M_UR50D,EC_all_40,esm
GaussianProcessRegressor,0.3175214771320339,0.4177240042128505,0.6463157155855415,0.5078172673539425,0.1150869600390007,0.3911572538120265,30.0,43,score,50,facebook/esm2_t6_8M_UR50D,EC_all_40,esm
GaussianProcessRegressor,0.3534523204884641,0.3570185392785979,0.5975102838266451,0.4815966997065361,0.2436863629352798,0.4899265758196067,35.0,43,score,500,facebook/esm2_t6_8M_UR50D,EC_all_40,esm
GaussianProcessRegressor,0.4047120091846244,0.3933553423716802,0.627180470336633,0.4911636220057708,0.1667099130227216,0.4051974959372464,25.0,43,score,75,facebook/esm2_t6_8M_UR50D,EC_all_40,esm
GaussianProcessRegressor,0.7646899401737601,0.4406255337718847,0.6637963044277098,0.5418058645500577,0.0681905345178075,0.2124793186687006,5.0,44,score,100,facebook/esm2_t6_8M_UR50D,EC_all_40,esm
GaussianProcessRegressor,0.809900925,0.5427347683502477,0.7367053470351954,0.5712207410876609,-0.1477441855579433,0.0632924990832628,0.0,44,score,20,facebook/esm2_t6_8M_UR50D,EC_all_40,esm
GaussianProcessRegressor,0.5095105258748196,0.3489653073949004,0.5907328562005845,0.468756072636072,0.2620282947020182,0.4878914838698054,5.0,44,score,200,facebook/esm2_t6_8M_UR50D,EC_all_40,esm
GaussianProcessRegressor,0.3898707297360716,0.3400928218087283,0.5831747780972085,0.4667981103391982,0.2807913154937947,0.4995540880480535,15.0,44,score,350,facebook/esm2_t6_8M_UR50D,EC_all_40,esm
GaussianProcessRegressor,0.7621622884868618,0.4788408492785685,0.691983272397945,0.5484644818758045,-0.0126250106247751,0.0141029441603268,5.0,44,score,50,facebook/esm2_t6_8M_UR50D,EC_all_40,esm
GaussianProcessRegressor,0.4116772948831329,0.3363775419674512,0.5799806393039781,0.4622550104366996,0.2886481750211627,0.4974977048801919,15.0,44,score,500,facebook/esm2_t6_8M_UR50D,EC_all_40,esm
GaussianProcessRegressor,0.7114098907811904,0.4226372450473301,0.6501055645411213,0.5180493405950415,0.1062311300272912,0.3169241696175544,0.0,44,score,75,facebook/esm2_t6_8M_UR50D,EC_all_40,esm
GaussianProcessRegressor,0.5392778047161445,0.5540323973185357,0.744333525590871,0.5757731193132206,0.0117919498781311,0.2826793351404785,0.0,45,score,100,facebook/esm2_t6_8M_UR50D,EC_all_40,esm
GaussianProcessRegressor,0.6983622209876543,0.7668775339345507,0.8757154411876901,0.7033683999640363,-0.3678524146955613,0.089447648138376,0.0,45,score,20,facebook/esm2_t6_8M_UR50D,EC_all_40,esm
GaussianProcessRegressor,0.3940439661924276,0.541774721958294,0.7360534776483935,0.569200255604376,0.0336555331728947,0.2815430868354638,0.0,45,score,200,facebook/esm2_t6_8M_UR50D,EC_all_40,esm
GaussianProcessRegressor,0.4423595969794741,0.4294319166637957,0.6553105497882632,0.5228483626403809,0.2340374334058301,0.4495111794637533,40.0,45,score,350,facebook/esm2_t6_8M_UR50D,EC_all_40,esm
GaussianProcessRegressor,0.4843286477952294,0.5591353095502462,0.7477535085509437,0.571062888945606,0.0026900652756277,0.2424351831717799,0.0,45,score,50,facebook/esm2_t6_8M_UR50D,EC_all_40,esm
GaussianProcessRegressor,0.4070399582396689,0.4007333530766521,0.6330350330563483,0.5044496094893977,0.2852260492719963,0.4681991176557024,55.00000000000001,45,score,500,facebook/esm2_t6_8M_UR50D,EC_all_40,esm
GaussianProcessRegressor,0.4937065409186137,0.6265826075711899,0.7915697111254257,0.6104329119451297,-0.117613301794339,0.1882631312813961,0.0,45,score,75,facebook/esm2_t6_8M_UR50D,EC_all_40,esm
GaussianProcessRegressor,0.5184804973492387,0.4714160747985366,0.686597461980844,0.5136207006159843,-0.0256118477007187,0.2957846803935252,10.0,46,score,100,facebook/esm2_t6_8M_UR50D,EC_all_40,esm
GaussianProcessRegressor,0.7605387828496977,0.7312943245805481,0.8551574852508443,0.6761628025845503,-0.5910024361528905,0.2379073289620348,20.0,46,score,20,facebook/esm2_t6_8M_UR50D,EC_all_40,esm
GaussianProcessRegressor,0.4721353588624789,0.4408489390551495,0.6639645615958352,0.5059153194462651,0.0408899502748626,0.3659615452422741,25.0,46,score,200,facebook/esm2_t6_8M_UR50D,EC_all_40,esm
GaussianProcessRegressor,0.4055373432132677,0.4358394932818513,0.660181409373099,0.5074291166903935,0.0517884902487162,0.3620022134851477,40.0,46,score,350,facebook/esm2_t6_8M_UR50D,EC_all_40,esm
GaussianProcessRegressor,0.5549802622883752,0.4691831106183219,0.6849694231265524,0.528915859772271,-0.0207538153994268,0.3014768560572597,30.0,46,score,50,facebook/esm2_t6_8M_UR50D,EC_all_40,esm
GaussianProcessRegressor,0.3728283970812907,0.4541122770861227,0.6738785328871388,0.5183121059341521,0.0120342591946658,0.3736729551318268,35.0,46,score,500,facebook/esm2_t6_8M_UR50D,EC_all_40,esm
GaussianProcessRegressor,0.5081584490261835,0.5103711412562578,0.7144026464510457,0.5449627125916648,-0.1103624105746765,0.2933755250758249,20.0,46,score,75,facebook/esm2_t6_8M_UR50D,EC_all_40,esm
GaussianProcessRegressor,0.4765584657087613,0.493692985492329,0.7026328952535094,0.5667764958653128,0.1183516747652484,0.393627669411626,25.0,47,score,100,facebook/esm2_t6_8M_UR50D,EC_all_40,esm
GaussianProcessRegressor,0.6876507718877749,0.6332768635000158,0.795786946047757,0.65091360000002,-0.1309204354157884,0.0039459717817566,0.0,47,score,20,facebook/esm2_t6_8M_UR50D,EC_all_40,esm
GaussianProcessRegressor,0.4086552671903666,0.4703849686449667,0.6858461698113993,0.5515497454108068,0.1599756690732243,0.3850526793996962,25.0,47,score,200,facebook/esm2_t6_8M_UR50D,EC_all_40,esm
GaussianProcessRegressor,0.3726557384260147,0.4255862201339487,0.6523696959040547,0.5213147432235209,0.2399783078750785,0.4504442666315603,30.0,47,score,350,facebook/esm2_t6_8M_UR50D,EC_all_40,esm
GaussianProcessRegressor,0.4481062019197429,0.5641270244273375,0.7510838997258146,0.6063152342193351,-0.0074310571985103,0.2695480375043007,0.0,47,score,50,facebook/esm2_t6_8M_UR50D,EC_all_40,esm
GaussianProcessRegressor,0.3648670217638558,0.4015778802479832,0.6337017281402847,0.5045175375607596,0.2828529552250298,0.4968508323168313,30.0,47,score,500,facebook/esm2_t6_8M_UR50D,EC_all_40,esm
GaussianProcessRegressor,0.5332270377655712,0.5159255404183648,0.7182795698183019,0.5898841302205742,0.0786482651721753,0.3070134886055005,30.0,47,score,75,facebook/esm2_t6_8M_UR50D,EC_all_40,esm
GaussianProcessRegressor,0.4920350624670354,0.4995858920486257,0.7068139019916245,0.5800784674047127,0.2665878929995992,0.5238497429024714,85.0,48,score,100,facebook/esm2_t6_8M_UR50D,EC_all_40,esm
GaussianProcessRegressor,0.6467218173787322,0.6343248742474296,0.796445148298004,0.6520440410517657,0.0687856683925522,0.1003522029511068,85.0,48,score,20,facebook/esm2_t6_8M_UR50D,EC_all_40,esm
GaussianProcessRegressor,0.3977849553354359,0.4381702522458436,0.6619442969358098,0.5400406685292181,0.3567485130399905,0.5743447271077647,85.0,48,score,200,facebook/esm2_t6_8M_UR50D,EC_all_40,esm
GaussianProcessRegressor,0.4096321243546384,0.416473675247434,0.6453477165431315,0.5167187823423858,0.3885999574149474,0.5654323870321027,80.0,48,score,350,facebook/esm2_t6_8M_UR50D,EC_all_40,esm
GaussianProcessRegressor,0.5074290373757757,0.5514081967177256,0.7425686478149516,0.6160198887824638,0.1905106733224633,0.2846818846321632,85.0,48,score,50,facebook/esm2_t6_8M_UR50D,EC_all_40,esm
GaussianProcessRegressor,0.3911893974777015,0.405073181281893,0.636453597115998,0.5143728675083388,0.4053363393528483,0.5674371700973122,80.0,48,score,500,facebook/esm2_t6_8M_UR50D,EC_all_40,esm
GaussianProcessRegressor,0.5480295407666398,0.5096761798534079,0.7139160874034202,0.583305643461798,0.2517749462032045,0.5064689532738863,80.0,48,score,75,facebook/esm2_t6_8M_UR50D,EC_all_40,esm
GaussianProcessRegressor,0.54733692420238,0.557547142310981,0.7466907943124658,0.601996142954882,0.2158525038787878,0.38580387291453,70.0,49,score,100,facebook/esm2_t6_8M_UR50D,EC_all_40,esm
GaussianProcessRegressor,0.3063582675414755,0.7705727216471403,0.8778227165248916,0.6811152216178941,-0.0837517124639599,0.2426805208956756,55.00000000000001,49,score,20,facebook/esm2_t6_8M_UR50D,EC_all_40,esm
GaussianProcessRegressor,0.3761821194021165,0.5239700152009962,0.7238577313263955,0.5822453753834511,0.2630761700984824,0.4345035366510462,65.0,49,score,200,facebook/esm2_t6_8M_UR50D,EC_all_40,esm
GaussianProcessRegressor,0.3666540645063307,0.4792326565893153,0.6922663191209835,0.5500387909855149,0.3259958500254928,0.5027315258391029,65.0,49,score,350,facebook/esm2_t6_8M_UR50D,EC_all_40,esm
GaussianProcessRegressor,0.6110228389845713,0.7165865653442671,0.8465143621606589,0.6730427509576666,-0.0078243045776247,0.1685543134257281,50.0,49,score,50,facebook/esm2_t6_8M_UR50D,EC_all_40,esm
GaussianProcessRegressor,0.3530910728996576,0.4833792116890908,0.6952547818527327,0.5578618897158816,0.3201640367988293,0.4855879277371633,75.0,49,score,500,facebook/esm2_t6_8M_UR50D,EC_all_40,esm
GaussianProcessRegressor,0.6250275076110455,0.5927802724849098,0.7699222509350602,0.6105769437398221,0.1662997957582088,0.3516236612370574,60.0,49,score,75,facebook/esm2_t6_8M_UR50D,EC_all_40,esm
GaussianProcessRegressor,0.4799614229931441,0.4426288891603842,0.6653036067543782,0.532861169957393,-0.0278785005706856,0.1867721773496389,20.0,50,score,100,facebook/esm2_t6_8M_UR50D,EC_all_40,esm
GaussianProcessRegressor,0.7426449364504205,0.4456067827042162,0.667537851139706,0.5446836598166963,-0.0347938032670356,0.0503247119850904,0.0,50,score,20,facebook/esm2_t6_8M_UR50D,EC_all_40,esm
GaussianProcessRegressor,0.507505474826578,0.4227196728198738,0.6501689571333545,0.5287455439858733,0.0183549377357012,0.2548449792134524,30.0,50,score,200,facebook/esm2_t6_8M_UR50D,EC_all_40,esm
GaussianProcessRegressor,0.4162460737690084,0.4002286795544947,0.6326362932637478,0.5071303344460962,0.0705838116300724,0.3083460864001424,30.0,50,score,350,facebook/esm2_t6_8M_UR50D,EC_all_40,esm
GaussianProcessRegressor,0.6185585456224139,0.4401104448772063,0.6634082038060777,0.5411392226139209,-0.0220301368579733,-0.0750178149627714,10.0,50,score,50,facebook/esm2_t6_8M_UR50D,EC_all_40,esm
GaussianProcessRegressor,0.3711663902184812,0.404234874189328,0.6357946792710112,0.5055189267730649,0.0612805749117056,0.3199135079326634,25.0,50,score,500,facebook/esm2_t6_8M_UR50D,EC_all_40,esm
GaussianProcessRegressor,0.5665307763335583,0.4386048466571758,0.6622724867131171,0.5322181220610144,-0.0185338173027758,0.1716737937560861,15.0,50,score,75,facebook/esm2_t6_8M_UR50D,EC_all_40,esm
GaussianProcessRegressor,0.6133532932700855,0.4734206092463032,0.6880556730718113,0.5693801662429835,-0.030550027288656,0.274673749471412,20.0,51,score,100,facebook/esm2_t6_8M_UR50D,EC_all_40,esm
GaussianProcessRegressor,0.5899448857526279,0.5072580892897472,0.7122205341674356,0.5826882237011457,-0.1042080288650271,-0.0480451312356846,0.0,51,score,20,facebook/esm2_t6_8M_UR50D,EC_all_40,esm
GaussianProcessRegressor,0.5345732002652019,0.4314153574960889,0.6568221658075258,0.5466352614250857,0.0608877185381815,0.3197512196545266,30.0,51,score,200,facebook/esm2_t6_8M_UR50D,EC_all_40,esm
GaussianProcessRegressor,0.415582713802232,0.3969837757054925,0.6300664851469983,0.5201266361933228,0.135838970893632,0.3377675342409177,30.0,51,score,350,facebook/esm2_t6_8M_UR50D,EC_all_40,esm
GaussianProcessRegressor,0.6447111602418547,0.4969417815722525,0.7049409773677883,0.583158456051977,-0.0817513149152311,0.1534782384445213,10.0,51,score,50,facebook/esm2_t6_8M_UR50D,EC_all_40,esm
GaussianProcessRegressor,0.3710696432285551,0.3826895375332258,0.6186190568784846,0.5140126532259216,0.1669549114564056,0.372683854853871,40.0,51,score,500,facebook/esm2_t6_8M_UR50D,EC_all_40,esm
GaussianProcessRegressor,0.563327462212633,0.5721569357267782,0.7564105602956493,0.6275302935405958,-0.2454809406488243,0.1695747078136473,10.0,51,score,75,facebook/esm2_t6_8M_UR50D,EC_all_40,esm
GaussianProcessRegressor,0.4439586061195745,0.5033333662683829,0.7094599116711126,0.5745054302819674,0.0570673425227663,0.3018442620719272,35.0,42,score,100,facebook/esm2_t12_35M_UR50D,PA_all_40,esm
GaussianProcessRegressor,0.5642905196529702,0.5974203423859381,0.7729297137424193,0.6217275761489931,-0.1191929421515027,0.1035590331142052,10.0,42,score,20,facebook/esm2_t12_35M_UR50D,PA_all_40,esm
GaussianProcessRegressor,0.4009790875200335,0.4793162221391992,0.6923266729941865,0.5665088781188147,0.1020604843576541,0.3300842166472828,35.0,42,score,200,facebook/esm2_t12_35M_UR50D,PA_all_40,esm
GaussianProcessRegressor,0.3847902381872544,0.458506912495483,0.6771313849582539,0.5523168618854425,0.1410441459974297,0.4007254471351757,30.0,42,score,350,facebook/esm2_t12_35M_UR50D,PA_all_40,esm
GaussianProcessRegressor,0.4749610866053892,0.9095472849207512,0.9537018847211908,0.7777766485332809,-0.7039240708994099,0.1419189960747665,5.0,42,score,50,facebook/esm2_t12_35M_UR50D,PA_all_40,esm
GaussianProcessRegressor,0.3466671161525129,0.4178696119319314,0.6464283501919849,0.5318864468253908,0.2171730903135494,0.4345120348791535,25.0,42,score,500,facebook/esm2_t12_35M_UR50D,PA_all_40,esm
GaussianProcessRegressor,0.6095590495831419,0.6025095508419182,0.7762148870267294,0.6246395733302069,-0.1287269432240525,0.0270700389151577,0.0,42,score,75,facebook/esm2_t12_35M_UR50D,PA_all_40,esm
GaussianProcessRegressor,0.5229283978291169,0.5825879037463326,0.7632744616101947,0.6167753970506069,0.0837883350264594,0.2855139412158284,60.0,43,score,100,facebook/esm2_t12_35M_UR50D,PA_all_40,esm
GaussianProcessRegressor,0.728318991899348,0.6359378358471119,0.7974571059606353,0.6392087996152884,-0.0001128750775585,0.0453783716006847,50.0,43,score,20,facebook/esm2_t12_35M_UR50D,PA_all_40,esm
GaussianProcessRegressor,0.3869076835249586,0.5705639504062533,0.7553568364728377,0.6121139167746755,0.1026979042750426,0.2494981545607262,40.0,43,score,200,facebook/esm2_t12_35M_UR50D,PA_all_40,esm
GaussianProcessRegressor,0.3170348796395812,0.542261505041884,0.7363840744081067,0.5872013020071918,0.1472079780739696,0.3449451418690314,30.0,43,score,350,facebook/esm2_t12_35M_UR50D,PA_all_40,esm
GaussianProcessRegressor,0.5430659695802469,0.6723363661488452,0.819961197953199,0.6595207974756049,-0.0573553235319317,0.0470916640861101,0.0,43,score,50,facebook/esm2_t12_35M_UR50D,PA_all_40,esm
GaussianProcessRegressor,0.3226740990885748,0.5589736455948828,0.7476454009722008,0.5931014455975137,0.1209254925934578,0.3358792718976048,10.0,43,score,500,facebook/esm2_t12_35M_UR50D,PA_all_40,esm
GaussianProcessRegressor,0.5101832591942154,0.6630520379236543,0.8142800733922293,0.6576383969532479,-0.0427542482836087,0.1674278022344946,50.0,43,score,75,facebook/esm2_t12_35M_UR50D,PA_all_40,esm
GaussianProcessRegressor,0.4168958871916941,0.5970262005339735,0.7726747055093582,0.6337159922019382,-0.208645651758583,0.1049723495671175,0.0,44,score,100,facebook/esm2_t12_35M_UR50D,PA_all_40,esm
GaussianProcessRegressor,0.4407843591082396,0.5686886825953688,0.7541145023107358,0.6086952258969827,-0.1512779553199803,0.0139319944997165,0.0,44,score,20,facebook/esm2_t12_35M_UR50D,PA_all_40,esm
GaussianProcessRegressor,0.5015705778994782,0.4731993045389456,0.687894835377433,0.5564568935778609,0.0420348699359353,0.2533198962119089,5.0,44,score,200,facebook/esm2_t12_35M_UR50D,PA_all_40,esm
GaussianProcessRegressor,0.3990862341090105,0.4471021402159656,0.668656967522186,0.5402130383171486,0.0948670976572447,0.3141572161958064,15.0,44,score,350,facebook/esm2_t12_35M_UR50D,PA_all_40,esm
GaussianProcessRegressor,0.3716566236806647,0.6396193887586682,0.7997620825962357,0.640991627519074,-0.2948731434436531,0.0101638884635705,0.0,44,score,50,facebook/esm2_t12_35M_UR50D,PA_all_40,esm
GaussianProcessRegressor,0.3861198645703091,0.4379558179016579,0.6617823040106602,0.5337665937159243,0.1133833079757925,0.3480012222558995,10.0,44,score,500,facebook/esm2_t12_35M_UR50D,PA_all_40,esm
GaussianProcessRegressor,0.4995226916581581,0.5866604617949622,0.7659376357086537,0.6200823996895983,-0.1876608021105006,0.0318913517925214,0.0,44,score,75,facebook/esm2_t12_35M_UR50D,PA_all_40,esm
GaussianProcessRegressor,0.8231500795758306,0.5710441567752256,0.7556746368479133,0.593252017614779,0.1159853658510406,0.3312517697310874,0.0,45,score,100,facebook/esm2_t12_35M_UR50D,PA_all_40,esm
GaussianProcessRegressor,1.090555542929136,0.7184672366635628,0.8476244667678976,0.6736286399215948,-0.1122354441972783,0.1277479795159095,30.0,45,score,20,facebook/esm2_t12_35M_UR50D,PA_all_40,esm
GaussianProcessRegressor,0.7185191856895132,0.5752542499089783,0.7584551733022713,0.5942709537640753,0.1094678594599676,0.3359217563576607,10.0,45,score,200,facebook/esm2_t12_35M_UR50D,PA_all_40,esm
GaussianProcessRegressor,0.5911492744580975,0.5117166456264927,0.7153437255099765,0.5629966769546061,0.2078283300786904,0.4616895524381249,25.0,45,score,350,facebook/esm2_t12_35M_UR50D,PA_all_40,esm
GaussianProcessRegressor,1.0859917413834022,0.680164009627967,0.8247205645720052,0.6479759799350271,-0.0529394811218255,0.2446279286205332,0.0,45,score,50,facebook/esm2_t12_35M_UR50D,PA_all_40,esm
GaussianProcessRegressor,0.4988620469144279,0.4820293012147965,0.6942833004003456,0.5436629060419302,0.2537863292939593,0.5161046666951785,30.0,45,score,500,facebook/esm2_t12_35M_UR50D,PA_all_40,esm
GaussianProcessRegressor,0.99090857416681,0.645992241317994,0.8037364252775869,0.6433824419470501,-3.92931024701948e-05,0.0572487224463508,5.0,45,score,75,facebook/esm2_t12_35M_UR50D,PA_all_40,esm
GaussianProcessRegressor,0.5736017449086905,0.4308078674647936,0.6563595565425963,0.5298270764898357,0.0941567121401337,0.3209992213929978,10.0,46,score,100,facebook/esm2_t12_35M_UR50D,PA_all_40,esm
GaussianProcessRegressor,0.5077116540123457,0.5118565526980131,0.7154415089285868,0.5816037999941667,-0.0762612701043032,-0.0232376080531111,0.0,46,score,20,facebook/esm2_t12_35M_UR50D,PA_all_40,esm
GaussianProcessRegressor,0.4877072691748441,0.4458959348408747,0.6677543970958744,0.5346590534479754,0.0624316077685953,0.3139612533174736,5.0,46,score,200,facebook/esm2_t12_35M_UR50D,PA_all_40,esm
GaussianProcessRegressor,0.4114902534566774,0.4181288801897048,0.6466288581479369,0.5030240450088685,0.1208163355764176,0.379717613695516,25.0,46,score,350,facebook/esm2_t12_35M_UR50D,PA_all_40,esm
GaussianProcessRegressor,0.6269200717928789,0.488052454411588,0.6986075109899607,0.5765645358193069,-0.0262092996442306,0.0412768409146345,0.0,46,score,50,facebook/esm2_t12_35M_UR50D,PA_all_40,esm
GaussianProcessRegressor,0.4134650844537971,0.3763583136828076,0.6134804916888618,0.4816954266633984,0.2086457141879144,0.4541784236482789,35.0,46,score,500,facebook/esm2_t12_35M_UR50D,PA_all_40,esm
GaussianProcessRegressor,0.6420810879452635,0.4447468617234362,0.6668934410559428,0.5432016679434207,0.064847720029537,0.2885311423181344,10.0,46,score,75,facebook/esm2_t12_35M_UR50D,PA_all_40,esm
GaussianProcessRegressor,0.4787661518780404,0.6192455042903421,0.7869215362984686,0.6373726608369417,-0.0773327700652701,0.188606051368258,40.0,47,score,100,facebook/esm2_t12_35M_UR50D,PA_all_40,esm
GaussianProcessRegressor,0.4454665925925926,0.5752468311995846,0.7584502826155348,0.6130615999995129,-0.0007860498522846,0.0344371044590567,5.0,47,score,20,facebook/esm2_t12_35M_UR50D,PA_all_40,esm
GaussianProcessRegressor,0.5004059800080413,0.4964127436975684,0.7045656418656592,0.5575548664550907,0.136365605308209,0.3902849568690021,20.0,47,score,200,facebook/esm2_t12_35M_UR50D,PA_all_40,esm
GaussianProcessRegressor,0.4234124287403259,0.4713240079043959,0.6865304129493434,0.5434363416157207,0.1800137497714773,0.414658773806523,35.0,47,score,350,facebook/esm2_t12_35M_UR50D,PA_all_40,esm
GaussianProcessRegressor,0.5515394623099171,0.6415056381340605,0.8009404710301886,0.6446971198689776,-0.1160598524416856,0.1323337609462029,0.0,47,score,50,facebook/esm2_t12_35M_UR50D,PA_all_40,esm
GaussianProcessRegressor,0.3972576413808646,0.4650180632666938,0.6819223293504135,0.5412916915775436,0.1909845210687178,0.3990162139061088,25.0,47,score,500,facebook/esm2_t12_35M_UR50D,PA_all_40,esm
GaussianProcessRegressor,0.5147763276836462,0.6465025382592995,0.8040538155243712,0.647086116200057,-0.1247532126943893,0.1518633040550104,0.0,47,score,75,facebook/esm2_t12_35M_UR50D,PA_all_40,esm
GaussianProcessRegressor,0.4455850705145486,0.6502944284767546,0.8064083509468106,0.6577491591201731,-0.2031479711810475,0.0271604162632374,0.0,48,score,100,facebook/esm2_t12_35M_UR50D,PA_all_40,esm
GaussianProcessRegressor,0.7023779530864197,0.7260586564017774,0.8520907559654531,0.6971132000055902,-0.3433238255699771,-0.0037547055686805,0.0,48,score,20,facebook/esm2_t12_35M_UR50D,PA_all_40,esm
GaussianProcessRegressor,0.4405864582785302,0.5171634229910326,0.71914075325421,0.5751156338223063,0.0431655325754511,0.4154770950786523,10.0,48,score,200,facebook/esm2_t12_35M_UR50D,PA_all_40,esm
GaussianProcessRegressor,0.3769119572090302,0.4304803165459215,0.6561099881467447,0.5282040307919091,0.2035430463416394,0.5309915991753119,20.0,48,score,350,facebook/esm2_t12_35M_UR50D,PA_all_40,esm
GaussianProcessRegressor,0.5442175703958889,0.6632282701209459,0.814388279705047,0.6669322540389917,-0.2270776323504297,0.0549563908588859,0.0,48,score,50,facebook/esm2_t12_35M_UR50D,PA_all_40,esm
GaussianProcessRegressor,0.3953853532911645,0.4045990187740268,0.6360809844461842,0.5030914254835027,0.2514275576371267,0.5471017444656938,15.0,48,score,500,facebook/esm2_t12_35M_UR50D,PA_all_40,esm
GaussianProcessRegressor,0.450671929801537,0.6329463573691555,0.7955792590114171,0.6495123286142398,-0.1710512844450047,0.0617756743145788,0.0,48,score,75,facebook/esm2_t12_35M_UR50D,PA_all_40,esm
GaussianProcessRegressor,0.4059840441202648,0.7795039414709322,0.8828952041272691,0.6862586632603641,-0.223410801593364,0.050593536615827,0.0,49,score,100,facebook/esm2_t12_35M_UR50D,PA_all_40,esm
GaussianProcessRegressor,0.4030894302469135,0.7336448460000001,0.856530703477698,0.6703900000000002,-0.1514361652052915,,10.0,49,score,20,facebook/esm2_t12_35M_UR50D,PA_all_40,esm
GaussianProcessRegressor,0.3394865226311771,0.6840639841971561,0.8270816067336741,0.6458319693781439,-0.0736203150795751,0.2003699015556779,0.0,49,score,200,facebook/esm2_t12_35M_UR50D,PA_all_40,esm
GaussianProcessRegressor,0.3592152583465859,0.5708432885990273,0.7555417186357265,0.6021747653714592,0.1040765695535991,0.3129446579268971,25.0,49,score,350,facebook/esm2_t12_35M_UR50D,PA_all_40,esm
GaussianProcessRegressor,0.4595888162962963,0.7485158621233113,0.8651681120587555,0.6761430156008227,-0.1747758313545055,0.0513306940185755,0.0,49,score,50,facebook/esm2_t12_35M_UR50D,PA_all_40,esm
GaussianProcessRegressor,0.3709048419291709,0.5736502715071551,0.7573970369014887,0.5946390637048093,0.0996710841840045,0.3533358701892286,20.0,49,score,500,facebook/esm2_t12_35M_UR50D,PA_all_40,esm
GaussianProcessRegressor,0.5034849048669414,0.7676498223342516,0.8761562773468279,0.6883655333975555,-0.2048060754032392,0.0281153142277812,0.0,49,score,75,facebook/esm2_t12_35M_UR50D,PA_all_40,esm
GaussianProcessRegressor,0.5256196850656762,0.4726298961023989,0.6874808332618437,0.556103189294419,0.2262947677721216,0.4616631856481501,35.0,50,score,100,facebook/esm2_t12_35M_UR50D,PA_all_40,esm
GaussianProcessRegressor,0.3490176726170997,0.6745420935486539,0.8213051159883603,0.6615014546621976,-0.1042398109819686,0.1067950513481206,0.0,50,score,20,facebook/esm2_t12_35M_UR50D,PA_all_40,esm
GaussianProcessRegressor,0.3850755441409071,0.4589619076618825,0.6774672742368317,0.5405796183045398,0.248669556708805,0.4922150225991484,25.0,50,score,200,facebook/esm2_t12_35M_UR50D,PA_all_40,esm
GaussianProcessRegressor,0.3044858833928609,0.4305540578050847,0.656166181546325,0.521813780440585,0.2951738135317513,0.5183594017428997,30.0,50,score,350,facebook/esm2_t12_35M_UR50D,PA_all_40,esm
GaussianProcessRegressor,0.5065078098834979,0.5802348827352385,0.7617315030476542,0.6111311334837083,0.0501431069097689,0.2454684075880301,0.0,50,score,50,facebook/esm2_t12_35M_UR50D,PA_all_40,esm
GaussianProcessRegressor,0.2863226288663213,0.4488766339293566,0.6699825624069307,0.52779756433023,0.2651793651649654,0.5051612306106336,25.0,50,score,500,facebook/esm2_t12_35M_UR50D,PA_all_40,esm
GaussianProcessRegressor,0.4474590628403663,0.5004612639661554,0.7074328688760195,0.576516061103046,0.1807342242816991,0.4258673752497294,15.0,50,score,75,facebook/esm2_t12_35M_UR50D,PA_all_40,esm
GaussianProcessRegressor,0.8468273423201611,0.4528077444094663,0.6729099080928043,0.5512407267887616,0.0529989755334963,0.2727023742274369,15.0,51,score,100,facebook/esm2_t12_35M_UR50D,PA_all_40,esm
GaussianProcessRegressor,0.5512332101851851,0.4908315234998401,0.700593693591257,0.5797709999996467,-0.0265238643411462,-0.027829959316816,0.0,51,score,20,facebook/esm2_t12_35M_UR50D,PA_all_40,esm
GaussianProcessRegressor,0.5751477877969383,0.4506635113637036,0.6713147632546923,0.5485533618561463,0.0574834193534234,0.1957719206965997,20.0,51,score,200,facebook/esm2_t12_35M_UR50D,PA_all_40,esm
GaussianProcessRegressor,0.5006425851271111,0.4027696554944796,0.6346413597414524,0.5124453200276812,0.15764851399631,0.3876668060572836,15.0,51,score,350,facebook/esm2_t12_35M_UR50D,PA_all_40,esm
GaussianProcessRegressor,1.0649811568825551,0.4810273526797392,0.6935613546613877,0.5670736565658324,-0.0060194451360624,0.0375598296506773,5.0,51,score,50,facebook/esm2_t12_35M_UR50D,PA_all_40,esm
GaussianProcessRegressor,0.4496888798811657,0.3671038473318241,0.6058909533338686,0.4908828557975752,0.2322398991602481,0.4616429255353574,35.0,51,score,500,facebook/esm2_t12_35M_UR50D,PA_all_40,esm
GaussianProcessRegressor,0.9762598609676422,0.4687696424341021,0.6846675415368412,0.5625699598787502,0.0196163005055468,0.1230518828914077,15.0,51,score,75,facebook/esm2_t12_35M_UR50D,PA_all_40,esm
GaussianProcessRegressor,0.4099335647397852,0.5528590667751546,0.7435449325865617,0.6115431214308912,-0.0357129170862722,0.185413272283245,40.0,42,score,100,facebook/esm2_t30_150M_UR50D,PA_all_40,esm
GaussianProcessRegressor,0.5642905251516956,0.5974206409739662,0.7729299068958104,0.6217278892196798,-0.119193501519154,0.0316130733136075,10.0,42,score,20,facebook/esm2_t30_150M_UR50D,PA_all_40,esm
GaussianProcessRegressor,0.3817877823115928,0.4986735209389379,0.706168195927102,0.5856455564594162,0.0657969850110085,0.2929344033199764,50.0,42,score,200,facebook/esm2_t30_150M_UR50D,PA_all_40,esm
GaussianProcessRegressor,0.3718271676374335,0.4363623112147909,0.660577256053212,0.5505204263719173,0.182529310967087,0.4042247095271504,50.0,42,score,350,facebook/esm2_t30_150M_UR50D,PA_all_40,esm
GaussianProcessRegressor,0.5066378835774694,0.6379186081778002,0.7986980707237249,0.6474050299262156,-0.1950614220606574,0.1044795343077308,5.0,42,score,50,facebook/esm2_t30_150M_UR50D,PA_all_40,esm
GaussianProcessRegressor,0.3297492228450547,0.4279393646780162,0.6541707458133665,0.5452821543350262,0.1983086570108276,0.4236964603401444,35.0,42,score,500,facebook/esm2_t30_150M_UR50D,PA_all_40,esm
GaussianProcessRegressor,0.542079601188392,0.5239305509862222,0.7238304711645001,0.5930146226457985,0.0184810706319696,0.2250645206521325,35.0,42,score,75,facebook/esm2_t30_150M_UR50D,PA_all_40,esm
GaussianProcessRegressor,0.4521517602915003,0.543897424248872,0.7374940164156398,0.5981404492301959,0.1446352362598018,0.306775221259206,55.00000000000001,43,score,100,facebook/esm2_t30_150M_UR50D,PA_all_40,esm
GaussianProcessRegressor,0.728318991973403,0.6359378347062336,0.7974571052453125,0.6392087993078835,-0.0001128732833466,0.023263826497274,45.0,43,score,20,facebook/esm2_t30_150M_UR50D,PA_all_40,esm
GaussianProcessRegressor,0.3741045428789499,0.5561156948689913,0.7457316507088801,0.6035791014583095,0.1254200723403823,0.260908850580465,60.0,43,score,200,facebook/esm2_t30_150M_UR50D,PA_all_40,esm
GaussianProcessRegressor,0.3106563686824645,0.5499191339770312,0.7415653268438535,0.5969692611947175,0.1351651448614977,0.3088447899213557,45.0,43,score,350,facebook/esm2_t30_150M_UR50D,PA_all_40,esm
GaussianProcessRegressor,0.5430659695429012,0.672335967430014,0.8199609548204195,0.6595198549097886,-0.0573546964834781,0.1953590201170832,45.0,43,score,50,facebook/esm2_t30_150M_UR50D,PA_all_40,esm
GaussianProcessRegressor,0.3189913733499804,0.5360726363731896,0.7321698138910054,0.5826695643697654,0.156940953356814,0.3369971088541799,35.0,43,score,500,facebook/esm2_t30_150M_UR50D,PA_all_40,esm
GaussianProcessRegressor,0.472871631366624,0.5914018325200705,0.7690265486444994,0.6248109812427349,0.0699270373496359,0.2804219196777082,55.00000000000001,43,score,75,facebook/esm2_t30_150M_UR50D,PA_all_40,esm
GaussianProcessRegressor,0.4047032040166848,0.586678267818746,0.7659492592977332,0.6165688994576428,-0.1876968493948612,0.2095759738406144,0.0,44,score,100,facebook/esm2_t30_150M_UR50D,PA_all_40,esm
GaussianProcessRegressor,0.4032441097908781,0.6531439049840421,0.8081731899686119,0.639381906960926,-0.3222527587994224,0.2018046932318978,0.0,44,score,20,facebook/esm2_t30_150M_UR50D,PA_all_40,esm
GaussianProcessRegressor,0.5090828480905907,0.4740828029897533,0.6885367114321163,0.5515323217562441,0.0402462774755891,0.2740999704023072,5.0,44,score,200,facebook/esm2_t30_150M_UR50D,PA_all_40,esm
GaussianProcessRegressor,0.4088450526162711,0.4469002370448752,0.668505973828862,0.5347489711982335,0.0952758391657353,0.3229393333981847,20.0,44,score,350,facebook/esm2_t30_150M_UR50D,PA_all_40,esm
GaussianProcessRegressor,0.3840151163280859,0.6411533165338674,0.8007204983849654,0.6389793561656649,-0.297978493148487,0.0657387679732147,0.0,44,score,50,facebook/esm2_t30_150M_UR50D,PA_all_40,esm
GaussianProcessRegressor,0.3799405281733833,0.4280384566760526,0.6542464800639378,0.51627047228841,0.1334604428009079,0.3714768767060182,10.0,44,score,500,facebook/esm2_t30_150M_UR50D,PA_all_40,esm
GaussianProcessRegressor,0.484190268671845,0.5952972502761231,0.7715550857042698,0.6138801284447525,-0.20514549010841,0.1674965265312483,0.0,44,score,75,facebook/esm2_t30_150M_UR50D,PA_all_40,esm
GaussianProcessRegressor,0.7708180982892195,0.575642502112652,0.7587110794713967,0.5966851109580454,0.1088668190225233,0.3510662818696308,15.0,45,score,100,facebook/esm2_t30_150M_UR50D,PA_all_40,esm
GaussianProcessRegressor,1.2871311342964025,0.6184760825720239,0.7864325035068324,0.6274722192908192,0.0425575651586646,0.1623672141352793,45.0,45,score,20,facebook/esm2_t30_150M_UR50D,PA_all_40,esm
GaussianProcessRegressor,0.7117125592615724,0.5491452484384338,0.7410433512544552,0.5872953714245261,0.1498863439311485,0.3622129353994436,25.0,45,score,200,facebook/esm2_t30_150M_UR50D,PA_all_40,esm
GaussianProcessRegressor,0.5990033613002094,0.4798684566403612,0.6927253832799555,0.5473647380119392,0.2571314615455691,0.5020833736448324,35.0,45,score,350,facebook/esm2_t30_150M_UR50D,PA_all_40,esm
GaussianProcessRegressor,1.130055622613908,0.6224936004403094,0.7889826363363831,0.6305942755300694,0.0363381781876542,0.3284021016034589,25.0,45,score,50,facebook/esm2_t30_150M_UR50D,PA_all_40,esm
GaussianProcessRegressor,0.4906150617759955,0.4654035148699546,0.6822048921474798,0.5400551086672742,0.2795241610512665,0.5419023725956339,40.0,45,score,500,facebook/esm2_t30_150M_UR50D,PA_all_40,esm
GaussianProcessRegressor,0.9602067078221664,0.543022212027272,0.7369004084862975,0.5909342994999883,0.1593652147481816,0.3495650689588643,45.0,45,score,75,facebook/esm2_t30_150M_UR50D,PA_all_40,esm
GaussianProcessRegressor,0.6113354100689918,0.4451728652063074,0.667212758575784,0.5405697048342499,0.0639519787381009,0.2607672080452163,10.0,46,score,100,facebook/esm2_t30_150M_UR50D,PA_all_40,esm
GaussianProcessRegressor,0.5077116540123457,0.511856552699998,0.7154415089299739,0.5816037999999953,-0.0762612701084766,0.013029994267053,20.0,46,score,20,facebook/esm2_t30_150M_UR50D,PA_all_40,esm
GaussianProcessRegressor,0.5135514885139345,0.4440582042380632,0.6663769235485749,0.5394957181108428,0.0662957338841367,0.2886812173789393,15.0,46,score,200,facebook/esm2_t30_150M_UR50D,PA_all_40,esm
GaussianProcessRegressor,0.4066859168655804,0.4184960767646405,0.6469127273169392,0.509395740847508,0.1200442453295795,0.3494984514278304,15.0,46,score,350,facebook/esm2_t30_150M_UR50D,PA_all_40,esm
GaussianProcessRegressor,0.6269200715145891,0.4880524579661807,0.6986075135340163,0.5765645448919587,-0.0262093071183371,0.0250791998514859,20.0,46,score,50,facebook/esm2_t30_150M_UR50D,PA_all_40,esm
GaussianProcessRegressor,0.4017425500622044,0.379332586801564,0.6158998188029966,0.4801717065905023,0.2023918234297388,0.4389358880165678,20.0,46,score,500,facebook/esm2_t30_150M_UR50D,PA_all_40,esm
GaussianProcessRegressor,0.6835315269562021,0.4518594872474856,0.6722049443789339,0.5491054053454095,0.0498922733522606,0.2436137006312503,5.0,46,score,75,facebook/esm2_t30_150M_UR50D,PA_all_40,esm
GaussianProcessRegressor,0.4665844407856136,0.6105998878899177,0.7814089120875943,0.6340730131435597,-0.0622915532925056,0.2355818899455117,45.0,47,score,100,facebook/esm2_t30_150M_UR50D,PA_all_40,esm
GaussianProcessRegressor,0.4454665925925763,0.5752468299915606,0.7584502818191583,0.6130615985689987,-0.000786047750624,0.0852866241652408,5.0,47,score,20,facebook/esm2_t30_150M_UR50D,PA_all_40,esm
GaussianProcessRegressor,0.5196821663686216,0.5311917805222454,0.7288290475291482,0.5942906288222581,0.0758587533037356,0.3709218717188736,40.0,47,score,200,facebook/esm2_t30_150M_UR50D,PA_all_40,esm
GaussianProcessRegressor,0.4231224621649162,0.4692747196308526,0.6850362907400254,0.5540646157597867,0.183579000382265,0.4093832882381489,45.0,47,score,350,facebook/esm2_t30_150M_UR50D,PA_all_40,esm
GaussianProcessRegressor,0.5515394621738008,0.6415056382927037,0.8009404711292243,0.6446971199856724,-0.116059852717685,0.068542174709468,0.0,47,score,50,facebook/esm2_t30_150M_UR50D,PA_all_40,esm
GaussianProcessRegressor,0.3971210862672613,0.4692272872058842,0.6850016694913117,0.5500564820157142,0.1836615209745471,0.3956660750667123,40.0,47,score,500,facebook/esm2_t30_150M_UR50D,PA_all_40,esm
GaussianProcessRegressor,0.5147763276818433,0.6465032843050269,0.8040542794519702,0.6470868799910556,-0.1247545106279304,0.0838224500088593,0.0,47,score,75,facebook/esm2_t30_150M_UR50D,PA_all_40,esm
GaussianProcessRegressor,0.4572444803820833,0.6283102815773748,0.7926602560854018,0.6321421867885378,-0.1624738079376508,0.1977564823957978,0.0,48,score,100,facebook/esm2_t30_150M_UR50D,PA_all_40,esm
GaussianProcessRegressor,0.7023779530864197,0.7260586564000034,0.8520907559644122,0.6971132000000102,-0.343323825566695,0.0262249623585518,0.0,48,score,20,facebook/esm2_t30_150M_UR50D,PA_all_40,esm
GaussianProcessRegressor,0.4388353887236282,0.5021986302470302,0.70865974222262,0.571495555392444,0.0708527758311958,0.4145170331115853,40.0,48,score,200,facebook/esm2_t30_150M_UR50D,PA_all_40,esm
GaussianProcessRegressor,0.3692586094504398,0.4478155396133372,0.6691902118331807,0.5349239054176181,0.1714701305204365,0.515778978295407,30.0,48,score,350,facebook/esm2_t30_150M_UR50D,PA_all_40,esm
GaussianProcessRegressor,0.5597483285140122,0.6376629292710447,0.7985379948825508,0.6519858251075465,-0.1797776915402955,0.0853460610158752,0.0,48,score,50,facebook/esm2_t30_150M_UR50D,PA_all_40,esm
GaussianProcessRegressor,0.3844843746578045,0.4069747720489681,0.6379457438128795,0.5047253606433373,0.247032036765961,0.526638562555772,35.0,48,score,500,facebook/esm2_t30_150M_UR50D,PA_all_40,esm
GaussianProcessRegressor,0.4405742719664559,0.607652054076329,0.7795204000385937,0.6263379865640282,-0.1242528061611174,0.1815983532198294,0.0,48,score,75,facebook/esm2_t30_150M_UR50D,PA_all_40,esm
GaussianProcessRegressor,0.4139375590254852,0.7737253175248039,0.8796165741530817,0.6871436072097302,-0.2143414042780675,-0.0263207840585995,0.0,49,score,100,facebook/esm2_t30_150M_UR50D,PA_all_40,esm
GaussianProcessRegressor,0.4030894302469135,0.7336448460000001,0.856530703477698,0.6703900000000002,-0.1514361652052915,,10.0,49,score,20,facebook/esm2_t30_150M_UR50D,PA_all_40,esm
GaussianProcessRegressor,0.3292000987383735,0.6827899307245354,0.8263110375182794,0.6641722070765846,-0.0716207218802511,0.1472442323149039,10.0,49,score,200,facebook/esm2_t30_150M_UR50D,PA_all_40,esm
GaussianProcessRegressor,0.3596199797666758,0.5861046829140939,0.7655747402534215,0.6286013330234167,0.0801242151662746,0.2641039773976114,35.0,49,score,350,facebook/esm2_t30_150M_UR50D,PA_all_40,esm
GaussianProcessRegressor,0.4595888160039399,0.7485159305854165,0.8651681516245362,0.6761430091281055,-0.1747759388039673,0.0547233233151506,5.0,49,score,50,facebook/esm2_t30_150M_UR50D,PA_all_40,esm
GaussianProcessRegressor,0.3605103917464115,0.5879076589956437,0.7667513671299476,0.6241978139224766,0.0772944919335477,0.3070958348608436,30.0,49,score,500,facebook/esm2_t30_150M_UR50D,PA_all_40,esm
GaussianProcessRegressor,0.4974732081867198,0.7677244444440768,0.876198861243312,0.6871650823605332,-0.2049231928292598,-0.0176788372233212,0.0,49,score,75,facebook/esm2_t30_150M_UR50D,PA_all_40,esm
GaussianProcessRegressor,0.4777145383717912,0.4764288746276253,0.6902382738066799,0.5633150252524651,0.2200757588047919,0.3785208301178661,55.00000000000001,50,score,100,facebook/esm2_t30_150M_UR50D,PA_all_40,esm
GaussianProcessRegressor,0.4485089409780293,0.6048683311417928,0.7777328147518227,0.6305986350648394,0.0098176258575983,0.1450435524949691,5.0,50,score,20,facebook/esm2_t30_150M_UR50D,PA_all_40,esm
GaussianProcessRegressor,0.3829042089100186,0.4411863637212617,0.6642186113933135,0.5365759625574319,0.2777685017098956,0.4518673570036984,55.00000000000001,50,score,200,facebook/esm2_t30_150M_UR50D,PA_all_40,esm
GaussianProcessRegressor,0.2999864213333468,0.4212414933365307,0.6490311959655951,0.5199706256427981,0.3104186804227332,0.4941650836572364,60.0,50,score,350,facebook/esm2_t30_150M_UR50D,PA_all_40,esm
GaussianProcessRegressor,0.5456396024874126,0.6132386591065221,0.7830955619249301,0.6319481705184142,-0.0038847797565635,0.0696131422579848,5.0,50,score,50,facebook/esm2_t30_150M_UR50D,PA_all_40,esm
GaussianProcessRegressor,0.2901907536726936,0.4291919413450587,0.6551274237467538,0.5244899669219112,0.2974036272627843,0.4788542543395783,60.0,50,score,500,facebook/esm2_t30_150M_UR50D,PA_all_40,esm
GaussianProcessRegressor,0.4573638595643469,0.4528699487956757,0.6729561269471256,0.5512134322541271,0.2586422234575034,0.4231970079572766,60.0,50,score,75,facebook/esm2_t30_150M_UR50D,PA_all_40,esm
GaussianProcessRegressor,0.8294591825647359,0.4694257816677836,0.6851465402873925,0.5622379760041666,0.018244052494861,0.2006132338446865,15.0,51,score,100,facebook/esm2_t30_150M_UR50D,PA_all_40,esm
GaussianProcessRegressor,0.5512332101851851,0.4908315234999771,0.7005936935913548,0.5797709999999495,-0.0265238643414327,0.0498528798785484,0.0,51,score,20,facebook/esm2_t30_150M_UR50D,PA_all_40,esm
GaussianProcessRegressor,0.5733253388228425,0.4724656810725519,0.6873613904435948,0.5686383983694256,0.0118864142120945,0.1554118172157382,20.0,51,score,200,facebook/esm2_t30_150M_UR50D,PA_all_40,esm
GaussianProcessRegressor,0.4961533701610853,0.4345067198602724,0.65917123713059,0.5434018185201878,0.0912736941328341,0.3182130222921927,20.0,51,score,350,facebook/esm2_t30_150M_UR50D,PA_all_40,esm
GaussianProcessRegressor,1.0649811764596016,0.4810273343980836,0.6935613414818358,0.567073396501374,-0.0060194069018519,0.0639222275068571,20.0,51,score,50,facebook/esm2_t30_150M_UR50D,PA_all_40,esm
GaussianProcessRegressor,0.4568819912133263,0.3948801389234538,0.6283948909113232,0.5200934099627861,0.1741486299231054,0.406226069308793,40.0,51,score,500,facebook/esm2_t30_150M_UR50D,PA_all_40,esm
GaussianProcessRegressor,0.9467240269882016,0.4935574812262014,0.7025364625599169,0.5800655359854363,-0.0322249257549327,0.0827590412086468,10.0,51,score,75,facebook/esm2_t30_150M_UR50D,PA_all_40,esm
GaussianProcessRegressor,0.4088187615340163,0.4791549367579907,0.6922101825009443,0.5754756456013609,0.1023626325228804,0.2433028166456096,65.0,42,score,100,facebook/esm2_t33_650M_UR50D,PA_all_40,esm
GaussianProcessRegressor,0.5642905253086419,0.5974206839999999,0.7729299347288859,0.6217279999999998,-0.1191935821230938,,0.0,42,score,20,facebook/esm2_t33_650M_UR50D,PA_all_40,esm
GaussianProcessRegressor,0.3604753919931816,0.5108216353407035,0.714717871149661,0.5891299432809083,0.0430389988255935,0.2607558157917172,45.0,42,score,200,facebook/esm2_t33_650M_UR50D,PA_all_40,esm
GaussianProcessRegressor,0.379833918288313,0.4320656459461067,0.6573170056723824,0.5407832918872744,0.1905785806392473,0.3782626632216684,55.00000000000001,42,score,350,facebook/esm2_t33_650M_UR50D,PA_all_40,esm
GaussianProcessRegressor,0.5575818053329715,0.6839829180004293,0.827032597906775,0.666390000000287,-0.2813571953727449,0.1151677261391608,5.0,42,score,50,facebook/esm2_t33_650M_UR50D,PA_all_40,esm
GaussianProcessRegressor,0.3348927433702857,0.4205795874550538,0.6485210771093364,0.5324449552753233,0.2120962871588914,0.4168891457828201,30.0,42,score,500,facebook/esm2_t33_650M_UR50D,PA_all_40,esm
GaussianProcessRegressor,0.5725139834074715,0.4825081904326073,0.6946280950498671,0.578328807592478,0.0960807275062446,0.2359245604522804,65.0,42,score,75,facebook/esm2_t33_650M_UR50D,PA_all_40,esm
GaussianProcessRegressor,0.4426052602256393,0.554257362465203,0.7444846287635514,0.6091057628548912,0.1283425941002753,0.2364799496432575,70.0,43,score,100,facebook/esm2_t33_650M_UR50D,PA_all_40,esm
GaussianProcessRegressor,0.6015799119674035,0.9153680220813868,0.9567486723698062,0.7591859658490759,-0.4395610588233114,0.1553359258200046,65.0,43,score,20,facebook/esm2_t33_650M_UR50D,PA_all_40,esm
GaussianProcessRegressor,0.3693929787629172,0.5592262487649549,0.747814314362165,0.614455615412438,0.1205282341376245,0.2129453951051934,70.0,43,score,200,facebook/esm2_t33_650M_UR50D,PA_all_40,esm
GaussianProcessRegressor,0.2916233399513948,0.6039978044622791,0.7771729565947847,0.6330950570146936,0.050117878335315,0.2416553359445282,15.0,43,score,350,facebook/esm2_t33_650M_UR50D,PA_all_40,esm
GaussianProcessRegressor,0.520056691838483,0.6235926025518433,0.7896787970762817,0.6392669295488734,0.019301957738589,0.2326336934770539,70.0,43,score,50,facebook/esm2_t33_650M_UR50D,PA_all_40,esm
GaussianProcessRegressor,0.3078787960254912,0.5630600570457718,0.7503732784726358,0.6076672683444683,0.1144989639698628,0.2683627937058843,30.0,43,score,500,facebook/esm2_t33_650M_UR50D,PA_all_40,esm
GaussianProcessRegressor,0.4987946880287727,0.6313762191976765,0.7945918569917996,0.6473239111014903,0.0070609889152821,0.1987496148870488,70.0,43,score,75,facebook/esm2_t33_650M_UR50D,PA_all_40,esm
GaussianProcessRegressor,0.391188979945703,0.6242271696290589,0.7900804830073066,0.6440912579285232,-0.2637124695816373,0.1648576695451721,0.0,44,score,100,facebook/esm2_t33_650M_UR50D,PA_all_40,esm
GaussianProcessRegressor,0.4260431141994397,0.6129051140691976,0.7828825672278044,0.6196469606096573,-0.2407916108167183,0.1222633900849242,0.0,44,score,20,facebook/esm2_t33_650M_UR50D,PA_all_40,esm
GaussianProcessRegressor,0.4915817529829318,0.4911490417850815,0.7008202635377216,0.5666152535647927,0.0056966458289402,0.2563479392152064,5.0,44,score,200,facebook/esm2_t33_650M_UR50D,PA_all_40,esm
GaussianProcessRegressor,0.4010471756621359,0.4477160928134985,0.6691159038712938,0.5382778696645121,0.0936241854756179,0.3213963739013025,20.0,44,score,350,facebook/esm2_t33_650M_UR50D,PA_all_40,esm
GaussianProcessRegressor,0.3742446919647447,0.6607410059477296,0.8128597701619447,0.6513397768409651,-0.3376326584378628,0.0684615811678683,0.0,44,score,50,facebook/esm2_t33_650M_UR50D,PA_all_40,esm
GaussianProcessRegressor,0.3819186713228995,0.435781466489473,0.6601374602985904,0.5277447821099243,0.117785158978951,0.3562250402772114,15.0,44,score,500,facebook/esm2_t33_650M_UR50D,PA_all_40,esm
GaussianProcessRegressor,0.4866173251959155,0.6139508878913992,0.7835501821143297,0.6332884309567761,-0.2429087205546098,0.1561500946973203,0.0,44,score,75,facebook/esm2_t33_650M_UR50D,PA_all_40,esm
GaussianProcessRegressor,0.8415960364937101,0.5528792139650484,0.7435584805279598,0.5908114214656073,0.1441059149927357,0.3514008505126464,25.0,45,score,100,facebook/esm2_t33_650M_UR50D,PA_all_40,esm
GaussianProcessRegressor,1.3058937209345527,0.6384760724400705,0.7990469776177559,0.6373004273886071,0.0115962401605638,0.1976024738088481,55.00000000000001,45,score,20,facebook/esm2_t33_650M_UR50D,PA_all_40,esm
GaussianProcessRegressor,0.7422154629104736,0.5502185388671258,0.7417671729506004,0.5875235555684721,0.1482248184004194,0.3437048112850993,30.0,45,score,200,facebook/esm2_t33_650M_UR50D,PA_all_40,esm
GaussianProcessRegressor,0.5952252374910635,0.520144680312754,0.7212105658632255,0.5776896786172783,0.194781167418198,0.4175522793254332,30.0,45,score,350,facebook/esm2_t33_650M_UR50D,PA_all_40,esm
GaussianProcessRegressor,1.1782961569633574,0.6281766411668006,0.7925759529324622,0.623546242906903,0.0275404501852289,0.3025126258340782,30.0,45,score,50,facebook/esm2_t33_650M_UR50D,PA_all_40,esm
GaussianProcessRegressor,0.4855363357189992,0.476348632999077,0.6901801453237242,0.5478409347980416,0.2625803844906708,0.5100900666044977,40.0,45,score,500,facebook/esm2_t33_650M_UR50D,PA_all_40,esm
GaussianProcessRegressor,0.9909089510337132,0.6459923078131441,0.8037364666438521,0.6433824799289494,-3.939604142000341e-05,0.1555646221619981,40.0,45,score,75,facebook/esm2_t33_650M_UR50D,PA_all_40,esm
GaussianProcessRegressor,0.5980584198777017,0.447077110972552,0.6686382512035577,0.547692941612711,0.0599479937228338,0.2862090849293227,20.0,46,score,100,facebook/esm2_t33_650M_UR50D,PA_all_40,esm
GaussianProcessRegressor,0.5077116540123457,0.5118565527,0.7154415089299754,0.5816038,-0.0762612701084808,,20.0,46,score,20,facebook/esm2_t33_650M_UR50D,PA_all_40,esm
GaussianProcessRegressor,0.4942566198532837,0.4544671598759155,0.6741417950816546,0.5502791293500315,0.0444092194765275,0.264786434281658,20.0,46,score,200,facebook/esm2_t33_650M_UR50D,PA_all_40,esm
GaussianProcessRegressor,0.403618417427468,0.438033226716445,0.6618407865313568,0.5227367243346989,0.0789642245493181,0.320740948216355,15.0,46,score,350,facebook/esm2_t33_650M_UR50D,PA_all_40,esm
GaussianProcessRegressor,0.6269200702169195,0.4880524323166421,0.6986074951763988,0.5765644846303731,-0.0262092531860296,0.1756701490134006,5.0,46,score,50,facebook/esm2_t33_650M_UR50D,PA_all_40,esm
GaussianProcessRegressor,0.4080685894639406,0.3925747062997313,0.6265578235883191,0.4951573410541888,0.1745481233249968,0.4250709213829967,25.0,46,score,500,facebook/esm2_t33_650M_UR50D,PA_all_40,esm
GaussianProcessRegressor,0.6678441884000429,0.4554687432953044,0.6748842443673615,0.5572321596401654,0.0423032281838793,0.2580389634998327,15.0,46,score,75,facebook/esm2_t33_650M_UR50D,PA_all_40,esm
GaussianProcessRegressor,0.4806451804135564,0.6070713628744877,0.7791478440414809,0.6318036006161524,-0.0561527995950135,0.222825069434067,50.0,47,score,100,facebook/esm2_t33_650M_UR50D,PA_all_40,esm
GaussianProcessRegressor,0.4454665925925926,0.5752468311964413,0.7584502826134626,0.6130615999958228,-0.0007860498468159,-0.0118105860896975,0.0,47,score,20,facebook/esm2_t33_650M_UR50D,PA_all_40,esm
GaussianProcessRegressor,0.4968668740816436,0.5256749071116635,0.72503441788074,0.5874196910058802,0.0854567374188287,0.3088002346880747,45.0,47,score,200,facebook/esm2_t33_650M_UR50D,PA_all_40,esm
GaussianProcessRegressor,0.3867261960229766,0.4865889413822531,0.6975592744579152,0.5580109949245647,0.1534565717950162,0.3501364432147337,45.0,47,score,350,facebook/esm2_t33_650M_UR50D,PA_all_40,esm
GaussianProcessRegressor,0.5515280093762615,0.6376398189999042,0.7985235243872932,0.6432023166018801,-0.109334291081099,0.2916748807607698,30.0,47,score,50,facebook/esm2_t33_650M_UR50D,PA_all_40,esm
GaussianProcessRegressor,0.3777919177571127,0.4798249402097495,0.692693972985004,0.5531977980421257,0.1652242472474995,0.3480817925444823,50.0,47,score,500,facebook/esm2_t33_650M_UR50D,PA_all_40,esm
GaussianProcessRegressor,0.5147763276818434,0.6465032843200001,0.8040542794612813,0.64708688,-0.12475451065398,,5.0,47,score,75,facebook/esm2_t33_650M_UR50D,PA_all_40,esm
GaussianProcessRegressor,0.4389348045801374,0.6216545391622034,0.7884507208203968,0.6396935894849414,-0.1501596274174907,0.1987610219184735,0.0,48,score,100,facebook/esm2_t33_650M_UR50D,PA_all_40,esm
GaussianProcessRegressor,0.7023779530864197,0.7260586564000001,0.8520907559644102,0.6971132,-0.3433238255666888,,0.0,48,score,20,facebook/esm2_t33_650M_UR50D,PA_all_40,esm
GaussianProcessRegressor,0.4421946073495034,0.4673492544012066,0.6836294715715573,0.5557451225620375,0.1353296558562062,0.4756294346773532,65.0,48,score,200,facebook/esm2_t33_650M_UR50D,PA_all_40,esm
GaussianProcessRegressor,0.3788129819074328,0.4145902314273788,0.6438868156961896,0.5169201231012908,0.2329422274434227,0.558191545706655,50.0,48,score,350,facebook/esm2_t33_650M_UR50D,PA_all_40,esm
GaussianProcessRegressor,0.4508048793966138,0.7382941461511983,0.8592404472271997,0.6953899677278721,-0.3659614248231411,0.3158402137597387,15.0,48,score,50,facebook/esm2_t33_650M_UR50D,PA_all_40,esm
GaussianProcessRegressor,0.4019314631267147,0.3845002083358262,0.6200808079079905,0.4944308108301358,0.2886135490018643,0.5708871980455226,50.0,48,score,500,facebook/esm2_t33_650M_UR50D,PA_all_40,esm
GaussianProcessRegressor,0.4279987814588897,0.6185840218592755,0.7865011264195847,0.6413677758007198,-0.1444786827534752,0.2122200935541475,0.0,48,score,75,facebook/esm2_t33_650M_UR50D,PA_all_40,esm
GaussianProcessRegressor,0.4194589255470379,0.8340900692888986,0.9132853164750316,0.7223885349610809,-0.3090822842335148,0.0274165531693155,0.0,49,score,100,facebook/esm2_t33_650M_UR50D,PA_all_40,esm
GaussianProcessRegressor,0.4030894302469135,0.7336448460000001,0.856530703477698,0.6703900000000002,-0.1514361652052915,,10.0,49,score,20,facebook/esm2_t33_650M_UR50D,PA_all_40,esm
GaussianProcessRegressor,0.3367184431665591,0.6995176219608802,0.8363717008369426,0.6751223995599539,-0.0978743904706183,0.1648664158314099,5.0,49,score,200,facebook/esm2_t33_650M_UR50D,PA_all_40,esm
GaussianProcessRegressor,0.3519020308944249,0.5193239540443062,0.7206413491080749,0.5957019615698884,0.1849348013493371,0.3753815559292246,40.0,49,score,350,facebook/esm2_t33_650M_UR50D,PA_all_40,esm
GaussianProcessRegressor,0.4595888162962963,0.748516022323884,0.8651682046422441,0.6761431161070283,-0.1747760827850637,0.0094303490905344,0.0,49,score,50,facebook/esm2_t33_650M_UR50D,PA_all_40,esm
GaussianProcessRegressor,0.3636984138007976,0.5278352532904315,0.7265227135406239,0.5894752636917759,0.1715765424883827,0.4194401834871419,35.0,49,score,500,facebook/esm2_t33_650M_UR50D,PA_all_40,esm
GaussianProcessRegressor,0.4843755357603871,0.7807590760183208,0.8836057243014674,0.6982462716171317,-0.2253807020403464,0.0400958928126529,0.0,49,score,75,facebook/esm2_t33_650M_UR50D,PA_all_40,esm
GaussianProcessRegressor,0.4804334138816452,0.4790086781657713,0.6921045283523085,0.5641092330301025,0.2158525653249805,0.3572494667108395,60.0,50,score,100,facebook/esm2_t33_650M_UR50D,PA_all_40,esm
GaussianProcessRegressor,0.4042959167523393,0.5778195722680118,0.7601444417135548,0.6170891951142332,0.0540970217199804,0.2260668151041676,0.0,50,score,20,facebook/esm2_t33_650M_UR50D,PA_all_40,esm
GaussianProcessRegressor,0.3917116461243756,0.4374689052103802,0.6614143218969334,0.534226555265082,0.2838540606730043,0.4513837914183615,60.0,50,score,200,facebook/esm2_t33_650M_UR50D,PA_all_40,esm
GaussianProcessRegressor,0.3057396024869826,0.4080664931931618,0.6388008243522874,0.5081445904331755,0.3319864369899543,0.4941670524942769,60.0,50,score,350,facebook/esm2_t33_650M_UR50D,PA_all_40,esm
GaussianProcessRegressor,0.5002215760943535,0.5608029457025895,0.7488677758473717,0.6038567382464529,0.0819536027723197,0.2317771148077179,40.0,50,score,50,facebook/esm2_t33_650M_UR50D,PA_all_40,esm
GaussianProcessRegressor,0.2944829109724519,0.4174075210744271,0.646070832861558,0.5139525616035981,0.3166949748845703,0.4843251242508257,60.0,50,score,500,facebook/esm2_t33_650M_UR50D,PA_all_40,esm
GaussianProcessRegressor,0.4475269461637149,0.4744429327342289,0.688798179973081,0.561747978181962,0.2233267880911162,0.3662307730654715,60.0,50,score,75,facebook/esm2_t33_650M_UR50D,PA_all_40,esm
GaussianProcessRegressor,0.8490491396508213,0.4656041620924512,0.6823519341897195,0.561323617341724,0.0262365784568028,0.165226470595978,10.0,51,score,100,facebook/esm2_t33_650M_UR50D,PA_all_40,esm
GaussianProcessRegressor,0.5512332101851851,0.4908315234975842,0.700593693589647,0.5797709999982434,-0.0265238643364282,-0.0948925945115094,0.0,51,score,20,facebook/esm2_t33_650M_UR50D,PA_all_40,esm
GaussianProcessRegressor,0.5749868703400012,0.4613237497075089,0.6792081784751336,0.5581017631657883,0.0351886225941353,0.1719108818376293,15.0,51,score,200,facebook/esm2_t33_650M_UR50D,PA_all_40,esm
GaussianProcessRegressor,0.4829928823404207,0.4538135551836959,0.6736568526955663,0.5545020337171739,0.0508954253063305,0.28825166001148,20.0,51,score,350,facebook/esm2_t33_650M_UR50D,PA_all_40,esm
GaussianProcessRegressor,1.0649811786644343,0.4810279117454646,0.6935617577011183,0.5670744799865189,-0.006020614364772,0.0145024898291519,15.0,51,score,50,facebook/esm2_t33_650M_UR50D,PA_all_40,esm
GaussianProcessRegressor,0.4539989114976329,0.409190571939758,0.6396800543551112,0.5221348697568428,0.1442198248301771,0.3941933609162406,35.0,51,score,500,facebook/esm2_t33_650M_UR50D,PA_all_40,esm
GaussianProcessRegressor,0.9919000470810516,0.4813405269251524,0.6937870904860888,0.5679462548569779,-0.0066744169975299,0.034475296270164,15.0,51,score,75,facebook/esm2_t33_650M_UR50D,PA_all_40,esm
GaussianProcessRegressor,0.4226731722754469,0.5186621113332911,0.7201819987567664,0.584630363260105,0.0283508391305831,0.2810182895584615,30.0,42,score,100,facebook/esm2_t6_8M_UR50D,PA_all_40,esm
GaussianProcessRegressor,0.5396267738952933,0.6130150224352185,0.7829527587506276,0.6409603067755204,-0.1484076417657829,0.1084620082794461,10.0,42,score,20,facebook/esm2_t6_8M_UR50D,PA_all_40,esm
GaussianProcessRegressor,0.392369123462403,0.4661505625652715,0.6827521970417023,0.5683916754004256,0.1267247152659321,0.3436469376115094,45.0,42,score,200,facebook/esm2_t6_8M_UR50D,PA_all_40,esm
GaussianProcessRegressor,0.3754778728578729,0.4539629223627366,0.67376770653003,0.5589029851590901,0.1495567481386044,0.3940805796387937,45.0,42,score,350,facebook/esm2_t6_8M_UR50D,PA_all_40,esm
GaussianProcessRegressor,0.467492940386466,0.6487649616317719,0.805459472370753,0.6637936622464956,-0.2153807205051749,0.150663478628702,0.0,42,score,50,facebook/esm2_t6_8M_UR50D,PA_all_40,esm
GaussianProcessRegressor,0.3386229499923074,0.4394506339843638,0.6629107285180741,0.5488749711931161,0.1767437211544139,0.4058922528571369,35.0,42,score,500,facebook/esm2_t6_8M_UR50D,PA_all_40,esm
GaussianProcessRegressor,0.5448179572714836,0.5061642423142164,0.7114522066268516,0.5860042107057314,0.051764047228285,0.2828885195701618,40.0,42,score,75,facebook/esm2_t6_8M_UR50D,PA_all_40,esm
GaussianProcessRegressor,0.4969018598821075,0.5403225958352486,0.7350663887263847,0.5975590474520941,0.1502572196064844,0.339631934789972,65.0,43,score,100,facebook/esm2_t6_8M_UR50D,PA_all_40,esm
GaussianProcessRegressor,0.7283189894122222,0.6359378153943723,0.7974570931369113,0.6392087948520911,-0.0001128429123891,0.0249668256521548,35.0,43,score,20,facebook/esm2_t6_8M_UR50D,PA_all_40,esm
GaussianProcessRegressor,0.3861777038074954,0.5562093061480323,0.7457944127894981,0.6056326422761404,0.1252728537914234,0.2976484604354322,55.00000000000001,43,score,200,facebook/esm2_t6_8M_UR50D,PA_all_40,esm
GaussianProcessRegressor,0.3080483923110523,0.5307652436524946,0.7285363708508276,0.5826519765744974,0.1652876682302724,0.3657574239081142,40.0,43,score,350,facebook/esm2_t6_8M_UR50D,PA_all_40,esm
GaussianProcessRegressor,0.5430659695802469,0.672334942694136,0.8199603299514776,0.65951763610994,-0.0573530849241599,-0.0069130790627335,0.0,43,score,50,facebook/esm2_t6_8M_UR50D,PA_all_40,esm
GaussianProcessRegressor,0.3192990636639464,0.5434113004679447,0.7371643646215847,0.5850306699613527,0.1453997428275532,0.3619164980925498,25.0,43,score,500,facebook/esm2_t6_8M_UR50D,PA_all_40,esm
GaussianProcessRegressor,0.5329247457445154,0.6134574867824872,0.7832352691129832,0.6337082899128832,0.0352410310252609,0.2833498668774805,65.0,43,score,75,facebook/esm2_t6_8M_UR50D,PA_all_40,esm
GaussianProcessRegressor,0.3745832707261259,0.5888364691922281,0.7673568069628549,0.621907216553516,-0.1920660055614509,0.1081306015414982,0.0,44,score,100,facebook/esm2_t6_8M_UR50D,PA_all_40,esm
GaussianProcessRegressor,0.4372694648595305,0.5138035555115185,0.7168009176274249,0.5738825240186655,-0.0401661311876688,0.1969958468273272,5.0,44,score,20,facebook/esm2_t6_8M_UR50D,PA_all_40,esm
GaussianProcessRegressor,0.5168687988769538,0.4692717029418141,0.685034088890337,0.5497722575820829,0.0499860764122462,0.2538603282822254,5.0,44,score,200,facebook/esm2_t6_8M_UR50D,PA_all_40,esm
GaussianProcessRegressor,0.4177964829443437,0.4278619468922428,0.6541115706760146,0.5153262417381211,0.1338177768383484,0.3521557097441893,25.0,44,score,350,facebook/esm2_t6_8M_UR50D,PA_all_40,esm
GaussianProcessRegressor,0.3780646864794814,0.6219612922040479,0.7886452258170641,0.632196621451583,-0.2591253293611446,0.0984946093527987,0.0,44,score,50,facebook/esm2_t6_8M_UR50D,PA_all_40,esm
GaussianProcessRegressor,0.4011234011435281,0.4212984271985272,0.6490750551350184,0.5144592466226793,0.1471052498687548,0.3776858898110747,30.0,44,score,500,facebook/esm2_t6_8M_UR50D,PA_all_40,esm
GaussianProcessRegressor,0.4589529516934165,0.597686065365327,0.7731015879981925,0.6187831174110405,-0.2099815106512925,0.1036069084609117,5.0,44,score,75,facebook/esm2_t6_8M_UR50D,PA_all_40,esm
GaussianProcessRegressor,0.8352649890969686,0.5622670150798956,0.7498446606330511,0.5925105824577592,0.1295729695636636,0.3655908445308285,20.0,45,score,100,facebook/esm2_t6_8M_UR50D,PA_all_40,esm
GaussianProcessRegressor,1.148494015197265,0.6506836579014637,0.806649650034923,0.6408531432455875,-0.0073019204588145,0.2128188400973291,45.0,45,score,20,facebook/esm2_t6_8M_UR50D,PA_all_40,esm
GaussianProcessRegressor,0.703400930984221,0.5837086510724879,0.7640082794528394,0.6031903461276702,0.0963798797252405,0.3367864388589007,15.0,45,score,200,facebook/esm2_t6_8M_UR50D,PA_all_40,esm
GaussianProcessRegressor,0.5868410489762562,0.501302859934785,0.7080274429249088,0.5618407383640149,0.2239495684087488,0.4831145273313936,45.0,45,score,350,facebook/esm2_t6_8M_UR50D,PA_all_40,esm
GaussianProcessRegressor,0.896945658000627,0.7446818550905536,0.862949509004179,0.6806445960229578,-0.1528174307969811,0.2845204491146757,5.0,45,score,50,facebook/esm2_t6_8M_UR50D,PA_all_40,esm
GaussianProcessRegressor,0.494376415968549,0.4815002004853602,0.6939021548355072,0.5500676392417904,0.2546054126909454,0.5085039029359454,30.0,45,score,500,facebook/esm2_t6_8M_UR50D,PA_all_40,esm
GaussianProcessRegressor,0.9530582703505908,0.5869920208357057,0.7661540451082313,0.6118123027117006,0.0912970032338709,0.3094330632023824,20.0,45,score,75,facebook/esm2_t6_8M_UR50D,PA_all_40,esm
GaussianProcessRegressor,0.5569069100602623,0.4245919932666115,0.6516072385007794,0.5218776294632869,0.107226593973396,0.3243511538790767,20.0,46,score,100,facebook/esm2_t6_8M_UR50D,PA_all_40,esm
GaussianProcessRegressor,0.5077116540123457,0.5118565519496819,0.7154415084056012,0.5816037931164821,-0.0762612685308157,0.0258038752532766,5.0,46,score,20,facebook/esm2_t6_8M_UR50D,PA_all_40,esm
GaussianProcessRegressor,0.4771075704970073,0.4433185275230505,0.6658216934908704,0.5309278541283883,0.0678510239289159,0.3011956045133055,20.0,46,score,200,facebook/esm2_t6_8M_UR50D,PA_all_40,esm
GaussianProcessRegressor,0.3885438483996433,0.4197689295834146,0.6478957706170141,0.5031790155660589,0.1173678662070134,0.3600493765266745,35.0,46,score,350,facebook/esm2_t6_8M_UR50D,PA_all_40,esm
GaussianProcessRegressor,0.6446684329622575,0.4627830873485868,0.6802816235564406,0.5616749537439929,0.0269236356412594,0.2306021688474595,10.0,46,score,50,facebook/esm2_t6_8M_UR50D,PA_all_40,esm
GaussianProcessRegressor,0.4076544271124543,0.3712995547368423,0.6093435441004051,0.4757096399617556,0.2192825738698658,0.4580384502602186,35.0,46,score,500,facebook/esm2_t6_8M_UR50D,PA_all_40,esm
GaussianProcessRegressor,0.6244197586907452,0.4401192128949472,0.6634148120858828,0.5402691198121874,0.0745781008940459,0.288219274335777,20.0,46,score,75,facebook/esm2_t6_8M_UR50D,PA_all_40,esm
GaussianProcessRegressor,0.4705059101879731,0.613297814237794,0.7831333310731922,0.6383205515432414,-0.0669852724162651,0.2085598149757017,50.0,47,score,100,facebook/esm2_t6_8M_UR50D,PA_all_40,esm
GaussianProcessRegressor,0.4454665840944296,0.5752465380416544,0.7584500893543716,0.6130610984971717,-0.0007855398305842,0.0156713220937609,0.0,47,score,20,facebook/esm2_t6_8M_UR50D,PA_all_40,esm
GaussianProcessRegressor,0.4684359752274646,0.4956043958070938,0.7039917583374778,0.5743591111393577,0.1377719290780028,0.3965687058843898,40.0,47,score,200,facebook/esm2_t6_8M_UR50D,PA_all_40,esm
GaussianProcessRegressor,0.4021892536661616,0.4608188809639009,0.6788364169399731,0.5492427572081015,0.1982900512194153,0.4234833716760977,35.0,47,score,350,facebook/esm2_t6_8M_UR50D,PA_all_40,esm
GaussianProcessRegressor,0.5515393968724692,0.6415056220319759,0.8009404609782027,0.644697124969522,-0.1160598244280732,0.1699957123399145,30.0,47,score,50,facebook/esm2_t6_8M_UR50D,PA_all_40,esm
GaussianProcessRegressor,0.3995673904440293,0.4499343809841672,0.6707714819401368,0.539418589658458,0.2172263671598601,0.429990773776689,45.0,47,score,500,facebook/esm2_t6_8M_UR50D,PA_all_40,esm
GaussianProcessRegressor,0.5147773795878362,0.6465021139447692,0.8040535516647938,0.6470856815148941,-0.1247524744929085,0.0991537119377723,0.0,47,score,75,facebook/esm2_t6_8M_UR50D,PA_all_40,esm
GaussianProcessRegressor,0.4312637770123001,0.6416511948573105,0.8010313320072509,0.6540010640534607,-0.187156616283487,0.1983234991819309,0.0,48,score,100,facebook/esm2_t6_8M_UR50D,PA_all_40,esm
GaussianProcessRegressor,0.7023779530864197,0.7260529128162091,0.852087385668987,0.6971093729634913,-0.3433131990244906,0.0148157674022864,0.0,48,score,20,facebook/esm2_t6_8M_UR50D,PA_all_40,esm
GaussianProcessRegressor,0.4198451849512935,0.4876962845577394,0.698352550333812,0.5551826160076069,0.0976844185907802,0.4811306262529053,20.0,48,score,200,facebook/esm2_t6_8M_UR50D,PA_all_40,esm
GaussianProcessRegressor,0.3659404054178825,0.4309707872025521,0.6564836534161016,0.518539169110034,0.2026355977312749,0.5652968592310833,5.0,48,score,350,facebook/esm2_t6_8M_UR50D,PA_all_40,esm
GaussianProcessRegressor,0.5569272339289026,0.5730676158838159,0.75701229572829,0.6132010522674842,-0.0602661028716153,0.3679040264827072,0.0,48,score,50,facebook/esm2_t6_8M_UR50D,PA_all_40,esm
GaussianProcessRegressor,0.3870520834956331,0.3940159907762436,0.6277069306421935,0.4976562347795756,0.271007840208993,0.5662901112531458,20.0,48,score,500,facebook/esm2_t6_8M_UR50D,PA_all_40,esm
GaussianProcessRegressor,0.4441685193880132,0.539247856635266,0.7343349757673714,0.5891324764592967,0.002305822926729,0.3586281986381969,0.0,48,score,75,facebook/esm2_t6_8M_UR50D,PA_all_40,esm
GaussianProcessRegressor,0.3764172693248063,0.7565949465991985,0.8698246642853941,0.6872476113613584,-0.1874557405748929,0.0917145254405247,0.0,49,score,100,facebook/esm2_t6_8M_UR50D,PA_all_40,esm
GaussianProcessRegressor,0.4030894301587729,0.7336445572891421,0.85653053494265,0.6703898326963751,-0.1514357120812424,0.0421099048505518,0.0,49,score,20,facebook/esm2_t6_8M_UR50D,PA_all_40,esm
GaussianProcessRegressor,0.3168486122228162,0.6679035985160501,0.8172536928739143,0.6515295141311238,-0.0482570175407943,0.2196312016405512,0.0,49,score,200,facebook/esm2_t6_8M_UR50D,PA_all_40,esm
GaussianProcessRegressor,0.3165483839352268,0.5616787776481872,0.7494523184620802,0.6139956893144289,0.1184600268936882,0.3263496931452453,35.0,49,score,350,facebook/esm2_t6_8M_UR50D,PA_all_40,esm
GaussianProcessRegressor,0.4595888162962982,0.7485044310383566,0.8651615057539006,0.6761351410251977,-0.1747578905692657,0.1122342659497403,10.0,49,score,50,facebook/esm2_t6_8M_UR50D,PA_all_40,esm
GaussianProcessRegressor,0.3485205468385314,0.5620141915750465,0.7496760577576468,0.5929514891343824,0.1179336036143521,0.3664363677276367,20.0,49,score,500,facebook/esm2_t6_8M_UR50D,PA_all_40,esm
GaussianProcessRegressor,0.4959748517200238,0.719616165315954,0.8483019305152818,0.6712931111413432,-0.1294185222302224,0.1024031114403126,0.0,49,score,75,facebook/esm2_t6_8M_UR50D,PA_all_40,esm
GaussianProcessRegressor,0.5429649755998347,0.4535891650722012,0.6734902858038869,0.5455090937573427,0.2574648510550377,0.4806343711467719,60.0,50,score,100,facebook/esm2_t6_8M_UR50D,PA_all_40,esm
GaussianProcessRegressor,0.3566049640640558,0.6837831437051768,0.8269118113228138,0.6647260716441517,-0.1193676074170737,0.1236322575968132,0.0,50,score,20,facebook/esm2_t6_8M_UR50D,PA_all_40,esm
GaussianProcessRegressor,0.3870686657073114,0.4334954385166243,0.6584037048169036,0.5286146244654693,0.2903587104981522,0.5171188903460766,50.0,50,score,200,facebook/esm2_t6_8M_UR50D,PA_all_40,esm
GaussianProcessRegressor,0.2951588517134974,0.4205679023744056,0.6485120680252647,0.5194492358053617,0.3115213632112649,0.5125414882879352,65.0,50,score,350,facebook/esm2_t6_8M_UR50D,PA_all_40,esm
GaussianProcessRegressor,0.545639144857242,0.6131948774505029,0.7830676072029177,0.6319293604929783,-0.0038131082507684,0.1482913713488185,0.0,50,score,50,facebook/esm2_t6_8M_UR50D,PA_all_40,esm
GaussianProcessRegressor,0.2868813274711603,0.4545168337789096,0.6741786364005534,0.5365958577605011,0.2559462375731709,0.4841592617352594,60.0,50,score,500,facebook/esm2_t6_8M_UR50D,PA_all_40,esm
GaussianProcessRegressor,0.4886208426104036,0.4966964327025227,0.7047669350235741,0.5672557834001791,0.1868973334526362,0.4290277428632127,35.0,50,score,75,facebook/esm2_t6_8M_UR50D,PA_all_40,esm
GaussianProcessRegressor,0.8664524504115244,0.4558185524757226,0.67514335698111,0.5625456234937808,0.0467021788059242,0.2199817511067487,20.0,51,score,100,facebook/esm2_t6_8M_UR50D,PA_all_40,esm
GaussianProcessRegressor,0.5512332101851851,0.4908315234977666,0.7005936935897772,0.5797709999968609,-0.0265238643368097,-0.0047431325733767,0.0,51,score,20,facebook/esm2_t6_8M_UR50D,PA_all_40,esm
GaussianProcessRegressor,0.5697775211936881,0.4355699771382773,0.6599772550158659,0.5463277792869271,0.0890500004262362,0.2509295717497556,15.0,51,score,200,facebook/esm2_t6_8M_UR50D,PA_all_40,esm
GaussianProcessRegressor,0.514548421726394,0.3791183508079755,0.6157258731026134,0.499778532435185,0.2071127955697163,0.4393349572736447,25.0,51,score,350,facebook/esm2_t6_8M_UR50D,PA_all_40,esm
GaussianProcessRegressor,1.0649811786666636,0.4810278877556318,0.6935617404064557,0.5670744162220968,-0.0060205641924935,0.0327771405786275,10.0,51,score,50,facebook/esm2_t6_8M_UR50D,PA_all_40,esm
GaussianProcessRegressor,0.4586473670630494,0.3702285709765608,0.608464108207346,0.4943356243357922,0.2257048596666115,0.4648915599609667,40.0,51,score,500,facebook/esm2_t6_8M_UR50D,PA_all_40,esm
GaussianProcessRegressor,0.9673953285016074,0.4745912324487983,0.6889058226265753,0.5740541234095065,0.0074410411907328,0.0865600769539892,20.0,51,score,75,facebook/esm2_t6_8M_UR50D,PA_all_40,esm
GaussianProcessRegressor,0.4657037400828271,0.5674495391726307,0.7532924658939785,0.62567956725459,-0.1374556704459342,0.2149233240367109,5.0,42,score,100,facebook/esm2_t12_35M_UR50D,SA_all_40,esm
GaussianProcessRegressor,0.4543122562723837,0.6816165879101471,0.8256007436467988,0.6977780621213279,-0.366304137137629,0.0559756782425622,0.0,42,score,20,facebook/esm2_t12_35M_UR50D,SA_all_40,esm
GaussianProcessRegressor,0.425649837664789,0.5063545937328414,0.7115859707251412,0.5899067748403516,-0.0149905218665604,0.2512615704375726,5.0,42,score,200,facebook/esm2_t12_35M_UR50D,SA_all_40,esm
GaussianProcessRegressor,0.4273372126236137,0.4842848734597809,0.6959057935236499,0.5684088022077879,0.0292483517896769,0.2627185547306013,10.0,42,score,350,facebook/esm2_t12_35M_UR50D,SA_all_40,esm
GaussianProcessRegressor,0.4354786285917406,0.6130714956402344,0.7829888221681294,0.6643740648880422,-0.2289051289415316,0.040227201301988,0.0,42,score,50,facebook/esm2_t12_35M_UR50D,SA_all_40,esm
GaussianProcessRegressor,0.4101294280380118,0.456498677594588,0.6756468586433212,0.5551051052277478,0.0849459316891468,0.2942376018365231,20.0,42,score,500,facebook/esm2_t12_35M_UR50D,SA_all_40,esm
GaussianProcessRegressor,0.4885279473403758,0.6327314692527772,0.7954441961902653,0.6703030348263509,-0.2683136523831222,0.096524242772613,5.0,42,score,75,facebook/esm2_t12_35M_UR50D,SA_all_40,esm
GaussianProcessRegressor,0.4924104451988016,0.5209175114974657,0.7217461544736249,0.5815221896464378,-0.0002312962347783,0.175854263770168,5.0,43,score,100,facebook/esm2_t12_35M_UR50D,SA_all_40,esm
GaussianProcessRegressor,0.4713372676630061,0.6114100945519435,0.7819271670379176,0.6518899967076323,-0.1739891593329439,0.0176395149485745,5.0,43,score,20,facebook/esm2_t12_35M_UR50D,SA_all_40,esm
GaussianProcessRegressor,0.4333748641136326,0.490534655881786,0.7003817929399551,0.5610571126916677,0.0581078503383988,0.3313140780863698,5.0,43,score,200,facebook/esm2_t12_35M_UR50D,SA_all_40,esm
GaussianProcessRegressor,0.3840668506654957,0.4635060461057152,0.6808127834476342,0.5493797761971787,0.1100063962598577,0.3749431267761848,0.0,43,score,350,facebook/esm2_t12_35M_UR50D,SA_all_40,esm
GaussianProcessRegressor,0.6792918467505924,0.5253496532117758,0.7248100807879094,0.5906904556864928,-0.0087416011374812,0.2051198001235745,0.0,43,score,50,facebook/esm2_t12_35M_UR50D,SA_all_40,esm
GaussianProcessRegressor,0.3596919602772831,0.4360311981318502,0.6603265844503386,0.5376098928199361,0.1627617792066761,0.4220696686340224,15.0,43,score,500,facebook/esm2_t12_35M_UR50D,SA_all_40,esm
GaussianProcessRegressor,0.5084381151495176,0.5390888884125704,0.734226728206329,0.5900927149215504,-0.0351227703837606,0.1360681604186542,5.0,43,score,75,facebook/esm2_t12_35M_UR50D,SA_all_40,esm
GaussianProcessRegressor,0.5782144662518405,0.5263734421314306,0.7255159833741986,0.5839491874840864,-0.0048966708960405,0.1131601081081852,10.0,44,score,100,facebook/esm2_t12_35M_UR50D,SA_all_40,esm
GaussianProcessRegressor,0.9069181654320988,0.525646189599183,0.7250146133694017,0.5764943999978454,-0.0035082770485146,0.018773684639943,30.0,44,score,20,facebook/esm2_t12_35M_UR50D,SA_all_40,esm
GaussianProcessRegressor,0.4450757560171278,0.5277708725107946,0.7264784047105561,0.5837233817960519,-0.007564497620629,0.254305489631042,15.0,44,score,200,facebook/esm2_t12_35M_UR50D,SA_all_40,esm
GaussianProcessRegressor,0.4308578026604426,0.5527492131003134,0.7434710573386926,0.5950520108565588,-0.0552505115678287,0.298080609233268,15.0,44,score,350,facebook/esm2_t12_35M_UR50D,SA_all_40,esm
GaussianProcessRegressor,0.6347563695912424,0.5240875005571134,0.7239388790202619,0.5902570592044003,-0.000532592289429,0.0732689492115032,5.0,44,score,50,facebook/esm2_t12_35M_UR50D,SA_all_40,esm
GaussianProcessRegressor,0.3778650989290533,0.5235877244312326,0.7235936182908419,0.5779937918169087,0.0004215275899046,0.3085773499342356,15.0,44,score,500,facebook/esm2_t12_35M_UR50D,SA_all_40,esm
GaussianProcessRegressor,0.7986424884475225,0.541441749663305,0.7358272553142517,0.6093201738093681,-0.0336634947188836,0.0392674603324598,0.0,44,score,75,facebook/esm2_t12_35M_UR50D,SA_all_40,esm
GaussianProcessRegressor,0.5542779326031997,0.6111720155342442,0.7817749135999723,0.6207734310776452,-0.0490679248448886,0.3234337679316972,5.0,45,score,100,facebook/esm2_t12_35M_UR50D,SA_all_40,esm
GaussianProcessRegressor,0.3611579922012085,0.6606925741717408,0.8128299786374398,0.6541961952872348,-0.1340692474947595,0.1184306704835321,10.0,45,score,20,facebook/esm2_t12_35M_UR50D,SA_all_40,esm
GaussianProcessRegressor,0.4063808572146667,0.5733258756971111,0.7571828548620941,0.6042753253505204,0.0158944267896588,0.3535435658588667,10.0,45,score,200,facebook/esm2_t12_35M_UR50D,SA_all_40,esm
GaussianProcessRegressor,0.4250559714605743,0.5420974927087612,0.7362727026779963,0.5784881113371227,0.0694974945106383,0.3570487215127342,5.0,45,score,350,facebook/esm2_t12_35M_UR50D,SA_all_40,esm
GaussianProcessRegressor,0.7374663340986143,0.7491676416293341,0.8655447080476746,0.7047265522107328,-0.2859354211072988,0.2316060742305324,15.0,45,score,50,facebook/esm2_t12_35M_UR50D,SA_all_40,esm
GaussianProcessRegressor,0.3938826990195271,0.5385600644523452,0.733866516781046,0.5683215487957994,0.0755694389484119,0.3759694752952963,10.0,45,score,500,facebook/esm2_t12_35M_UR50D,SA_all_40,esm
GaussianProcessRegressor,0.5832309099511732,0.6389323635886849,0.7993324487274897,0.6367713143924851,-0.0967181607624922,0.2441803472087617,5.0,45,score,75,facebook/esm2_t12_35M_UR50D,SA_all_40,esm
GaussianProcessRegressor,0.3599698355092123,0.5489017787819548,0.7408790581342914,0.620345528408549,0.0352159178690802,0.1885664744289654,10.0,46,score,100,facebook/esm2_t12_35M_UR50D,SA_all_40,esm
GaussianProcessRegressor,0.4848427108024691,0.6528658403,0.8080011387987025,0.685697,-0.1475178161859771,0.0460770776540813,5.0,46,score,20,facebook/esm2_t12_35M_UR50D,SA_all_40,esm
GaussianProcessRegressor,0.3941803564749604,0.5211887344642656,0.7219340236228416,0.6053957220556251,0.0839260971008301,0.2775493335288735,10.0,46,score,200,facebook/esm2_t12_35M_UR50D,SA_all_40,esm
GaussianProcessRegressor,0.3755533492298128,0.4995319841513748,0.7067757665280939,0.5903552390905212,0.1219913553678484,0.3281900065219036,15.0,46,score,350,facebook/esm2_t12_35M_UR50D,SA_all_40,esm
GaussianProcessRegressor,0.4681886405638157,0.5707668742390282,0.7554911476907114,0.6348495636178585,-0.0032155408484861,0.1852283020405072,10.0,46,score,50,facebook/esm2_t12_35M_UR50D,SA_all_40,esm
GaussianProcessRegressor,0.3562492416412895,0.4816949328167427,0.6940424575029561,0.5802473398105806,0.1533428719142014,0.3751060829991659,10.0,46,score,500,facebook/esm2_t12_35M_UR50D,SA_all_40,esm
GaussianProcessRegressor,0.4287300622680329,0.5589152968449161,0.7476063782799851,0.6274260232207194,0.0176155325055757,0.1820102779267513,10.0,46,score,75,facebook/esm2_t12_35M_UR50D,SA_all_40,esm
GaussianProcessRegressor,0.4320069969595684,0.714099087966511,0.8450438378963017,0.7037383067868721,-0.3572428033667814,0.1627615734970618,15.0,47,score,100,facebook/esm2_t12_35M_UR50D,SA_all_40,esm
GaussianProcessRegressor,0.4959215766140263,0.7135661811999999,0.8447284659581444,0.7069559999999999,-0.3562299413061782,,20.0,47,score,20,facebook/esm2_t12_35M_UR50D,SA_all_40,esm
GaussianProcessRegressor,0.4249271844061694,0.5910934498997609,0.7688260205662663,0.6384003005477228,-0.1234537958565729,0.2582769418241084,10.0,47,score,200,facebook/esm2_t12_35M_UR50D,SA_all_40,esm
GaussianProcessRegressor,0.3706448956098013,0.5691529799031979,0.7544222822154698,0.6216663525067248,-0.08175293738031,0.240561488189171,15.0,47,score,350,facebook/esm2_t12_35M_UR50D,SA_all_40,esm
GaussianProcessRegressor,0.4704395855503738,0.7077704792877199,0.8412909599465097,0.7024558681311492,-0.3452144186098795,0.1241293599349567,0.0,47,score,50,facebook/esm2_t12_35M_UR50D,SA_all_40,esm
GaussianProcessRegressor,0.3708130649519326,0.5222340958985119,0.7226576616202943,0.5871982135679052,0.0074228068972785,0.2683905173432496,25.0,47,score,500,facebook/esm2_t12_35M_UR50D,SA_all_40,esm
GaussianProcessRegressor,0.4546311465412382,0.6694167328539457,0.818178912496494,0.685653859129433,-0.2723178875729493,0.161403865486208,20.0,47,score,75,facebook/esm2_t12_35M_UR50D,SA_all_40,esm
GaussianProcessRegressor,0.6479908574956131,0.5575176282004278,0.7466710307762233,0.6099843421684882,-0.0082530569507708,0.2895710447245693,5.0,48,score,100,facebook/esm2_t12_35M_UR50D,SA_all_40,esm
GaussianProcessRegressor,0.3867125398496517,0.9252627288196008,0.9619057795956946,0.7852207220992393,-0.6733084796371629,0.1283896238417695,5.0,48,score,20,facebook/esm2_t12_35M_UR50D,SA_all_40,esm
GaussianProcessRegressor,0.621288267795502,0.4986580894243121,0.7061572696108935,0.5808237096809329,0.0981925635998969,0.3684920088463952,15.0,48,score,200,facebook/esm2_t12_35M_UR50D,SA_all_40,esm
GaussianProcessRegressor,0.3852463364342126,0.5010863062598224,0.7078744989472515,0.5839035318486083,0.0938012099932942,0.3658003520406008,20.0,48,score,350,facebook/esm2_t12_35M_UR50D,SA_all_40,esm
GaussianProcessRegressor,0.6360266812209094,0.726994848712448,0.8526399291098489,0.6955542644487581,-0.3147472681137844,0.220843446823877,5.0,48,score,50,facebook/esm2_t12_35M_UR50D,SA_all_40,esm
GaussianProcessRegressor,0.3645963601946313,0.4873910644181357,0.6981339874394712,0.5756873858279022,0.1185686231729122,0.4119454617125071,25.0,48,score,500,facebook/esm2_t12_35M_UR50D,SA_all_40,esm
GaussianProcessRegressor,0.494759151541347,0.681304656207209,0.8254118100725292,0.6655601310979798,-0.2321179951798078,0.2547603970345247,5.0,48,score,75,facebook/esm2_t12_35M_UR50D,SA_all_40,esm
GaussianProcessRegressor,0.6104888685641713,0.6462049713188751,0.803868752545386,0.6766180565675829,-0.1201726171003549,0.2596656772022401,5.0,49,score,100,facebook/esm2_t12_35M_UR50D,SA_all_40,esm
GaussianProcessRegressor,0.3616947192375631,0.665954739657655,0.81606049999841,0.691464464345693,-0.1544081161588415,0.0285188991080119,0.0,49,score,20,facebook/esm2_t12_35M_UR50D,SA_all_40,esm
GaussianProcessRegressor,0.406185287234916,0.5600123741194487,0.7483397451154447,0.6149867278376544,0.0292390888828143,0.4034720152732831,5.0,49,score,200,facebook/esm2_t12_35M_UR50D,SA_all_40,esm
GaussianProcessRegressor,0.3653541833018129,0.5363743657160951,0.7323758363819052,0.6007646175256439,0.0702147094853348,0.4000873362511563,10.0,49,score,350,facebook/esm2_t12_35M_UR50D,SA_all_40,esm
GaussianProcessRegressor,0.4245768544392788,0.7728408342927606,0.8791136640348395,0.7386215004878477,-0.339691240977082,0.1837845607501592,0.0,49,score,50,facebook/esm2_t12_35M_UR50D,SA_all_40,esm
GaussianProcessRegressor,0.3591758088315722,0.5172593013837671,0.7192074119360611,0.586386529469985,0.1033499724275005,0.4338586894309307,10.0,49,score,500,facebook/esm2_t12_35M_UR50D,SA_all_40,esm
GaussianProcessRegressor,0.5304941277228356,0.6714832451612021,0.8194408124820255,0.6843320085887062,-0.1639915776817739,0.2757340071328124,5.0,49,score,75,facebook/esm2_t12_35M_UR50D,SA_all_40,esm
GaussianProcessRegressor,0.5336915959833326,0.5123598721321468,0.7157931769248341,0.5849600956379601,-0.0682060582869257,0.2302028597768016,15.0,50,score,100,facebook/esm2_t12_35M_UR50D,SA_all_40,esm
GaussianProcessRegressor,0.3388570415472839,0.7669367415362953,0.8757492458097211,0.7316018221134168,-0.5989668945436195,0.1566635248612471,0.0,50,score,20,facebook/esm2_t12_35M_UR50D,SA_all_40,esm
GaussianProcessRegressor,0.4038244719623981,0.4521416738924694,0.6724148079068971,0.5474990400062631,0.0573413307212358,0.3419665113477655,20.0,50,score,200,facebook/esm2_t12_35M_UR50D,SA_all_40,esm
GaussianProcessRegressor,0.4180273432892989,0.4394984912368384,0.6629468238379594,0.5321563257309253,0.0837007804817546,0.3930735721991127,15.0,50,score,350,facebook/esm2_t12_35M_UR50D,SA_all_40,esm
GaussianProcessRegressor,0.4990627007771951,0.680540813283942,0.8249489761700065,0.6833332135023013,-0.4188422224329131,0.1497597011787795,5.0,50,score,50,facebook/esm2_t12_35M_UR50D,SA_all_40,esm
GaussianProcessRegressor,0.3510027587824756,0.4309612533494157,0.6564763920731771,0.5231462177224814,0.1014998504878254,0.4092999552531975,15.0,50,score,500,facebook/esm2_t12_35M_UR50D,SA_all_40,esm
GaussianProcessRegressor,0.4431457029665285,0.5604698337334127,0.7486453324060818,0.606818447319073,-0.1685092928719498,0.1746441632982006,5.0,50,score,75,facebook/esm2_t12_35M_UR50D,SA_all_40,esm
GaussianProcessRegressor,0.659089740619531,0.4949330139303732,0.703514757436099,0.5891507715648723,-0.0907920701862607,0.1623609200750065,10.0,51,score,100,facebook/esm2_t12_35M_UR50D,SA_all_40,esm
GaussianProcessRegressor,0.390211835457287,1.1258251764724576,1.0610490923950964,0.8516728826937305,-1.4812270354730557,-0.0812348137000252,0.0,51,score,20,facebook/esm2_t12_35M_UR50D,SA_all_40,esm
GaussianProcessRegressor,0.4872447505641557,0.4266582185390358,0.6531907979595517,0.5452095105351682,0.0596800206024477,0.3244488714473301,15.0,51,score,200,facebook/esm2_t12_35M_UR50D,SA_all_40,esm
GaussianProcessRegressor,0.4749249631262405,0.4062985033256893,0.6374154872025697,0.5234993783757789,0.1045511754474407,0.3383341195351542,15.0,51,score,350,facebook/esm2_t12_35M_UR50D,SA_all_40,esm
GaussianProcessRegressor,0.6942565172392745,0.528636836032142,0.7270741613014053,0.6119016552705059,-0.1650725502690659,0.254606575808781,15.0,51,score,50,facebook/esm2_t12_35M_UR50D,SA_all_40,esm
GaussianProcessRegressor,0.442152699054571,0.3914410867177785,0.6256525287392184,0.5112323743815775,0.1372957121084014,0.3761163970942924,15.0,51,score,500,facebook/esm2_t12_35M_UR50D,SA_all_40,esm
GaussianProcessRegressor,0.6582957368965277,0.4846528857407498,0.6961701557383437,0.5824967375300414,-0.0681355045619742,0.2260738799521492,10.0,51,score,75,facebook/esm2_t12_35M_UR50D,SA_all_40,esm
GaussianProcessRegressor,0.4479528142585066,0.55109183477249,0.7423555985998153,0.6150886939724135,-0.1046665635016461,0.2503004195155698,0.0,42,score,100,facebook/esm2_t30_150M_UR50D,SA_all_40,esm
GaussianProcessRegressor,0.3599425409986639,0.8028920994226703,0.896042465189385,0.7352524709485936,-0.6094015559094939,0.023927217662148,0.0,42,score,20,facebook/esm2_t30_150M_UR50D,SA_all_40,esm
GaussianProcessRegressor,0.4231878071186589,0.4847474373206073,0.6962380608100992,0.5755834518182271,0.028321140028773,0.3119028614609916,5.0,42,score,200,facebook/esm2_t30_150M_UR50D,SA_all_40,esm
GaussianProcessRegressor,0.4256163971723077,0.4661642075819216,0.6827621896252909,0.5534650800598799,0.0655713245514131,0.3100107141246054,5.0,42,score,350,facebook/esm2_t30_150M_UR50D,SA_all_40,esm
GaussianProcessRegressor,0.435478378541901,0.6130716564324745,0.7829889248466255,0.6643738703641741,-0.2289054512504464,0.0682456708001638,0.0,42,score,50,facebook/esm2_t30_150M_UR50D,SA_all_40,esm
GaussianProcessRegressor,0.4085201591883595,0.4339811402966881,0.6587724495580307,0.5318096848722857,0.1300824569937909,0.3712410744147044,15.0,42,score,500,facebook/esm2_t30_150M_UR50D,SA_all_40,esm
GaussianProcessRegressor,0.4855786018275866,0.5697415151026834,0.7548122383100869,0.6310038409724745,-0.1420499485943758,0.2103932334844087,5.0,42,score,75,facebook/esm2_t30_150M_UR50D,SA_all_40,esm
GaussianProcessRegressor,0.4998970283182993,0.5517749181629985,0.7428155344114705,0.6076833811138411,-0.0594816442961905,0.0191060256889324,0.0,43,score,100,facebook/esm2_t30_150M_UR50D,SA_all_40,esm
GaussianProcessRegressor,0.4713372836199975,0.6114100682404705,0.781927150213158,0.6518899633082851,-0.1739891088113965,-0.0431939490755907,5.0,43,score,20,facebook/esm2_t30_150M_UR50D,SA_all_40,esm
GaussianProcessRegressor,0.4183691903702656,0.4947460287960318,0.703381851341099,0.5655491708460393,0.0500214510602577,0.3079848456013734,0.0,43,score,200,facebook/esm2_t30_150M_UR50D,SA_all_40,esm
GaussianProcessRegressor,0.3804295295410274,0.4827348447622007,0.69479122386671,0.5647242891747337,0.0730845309343384,0.3329913095894042,5.0,43,score,350,facebook/esm2_t30_150M_UR50D,SA_all_40,esm
GaussianProcessRegressor,0.699768026074074,0.6034820555988061,0.7768410748658995,0.6477951199981438,-0.1587662641457563,-9.11712783125834e-05,5.0,43,score,50,facebook/esm2_t30_150M_UR50D,SA_all_40,esm
GaussianProcessRegressor,0.3518534249217716,0.4490937493664755,0.6701445734813314,0.5491470986067055,0.137679933683796,0.4089681250041594,5.0,43,score,500,facebook/esm2_t30_150M_UR50D,SA_all_40,esm
GaussianProcessRegressor,0.5165660150192706,0.5458035672841356,0.7387851969849799,0.6017201253406975,-0.0480158519240585,0.0561348013563722,0.0,43,score,75,facebook/esm2_t30_150M_UR50D,SA_all_40,esm
GaussianProcessRegressor,0.5194287217844967,0.5290752803248097,0.7273756115823582,0.5956825382333809,-0.0100547354724607,0.0856558994904502,5.0,44,score,100,facebook/esm2_t30_150M_UR50D,SA_all_40,esm
GaussianProcessRegressor,0.9069181620180288,0.5256461667357505,0.7250145976018348,0.576494390100994,-0.0035082334000602,-0.0432004063722232,15.0,44,score,20,facebook/esm2_t30_150M_UR50D,SA_all_40,esm
GaussianProcessRegressor,0.41764525602192,0.5424085872613665,0.73648393550801,0.6026939398653824,-0.035509279110389,0.2518500277160413,10.0,44,score,200,facebook/esm2_t30_150M_UR50D,SA_all_40,esm
GaussianProcessRegressor,0.405715347038477,0.563770138018098,0.750846281217466,0.6099987396954627,-0.0762904992906738,0.2769600060865499,15.0,44,score,350,facebook/esm2_t30_150M_UR50D,SA_all_40,esm
GaussianProcessRegressor,0.5814912769482341,0.5282005141993422,0.7267740461789636,0.5950884561887199,-0.0083847242277153,0.1041408995568179,15.0,44,score,50,facebook/esm2_t30_150M_UR50D,SA_all_40,esm
GaussianProcessRegressor,0.3843382574537978,0.5398780083169521,0.7347639133197493,0.596489499039506,-0.0306781646332139,0.2805676799021294,20.0,44,score,500,facebook/esm2_t30_150M_UR50D,SA_all_40,esm
GaussianProcessRegressor,0.7562414285991708,0.5451734346531313,0.7383586084370732,0.6116550359098314,-0.0407876342041975,-0.0230509614888223,0.0,44,score,75,facebook/esm2_t30_150M_UR50D,SA_all_40,esm
GaussianProcessRegressor,0.5225041436753382,0.5899983040060504,0.7681134707880408,0.6097058792111671,-0.0127235552573352,0.34757816582305,5.0,45,score,100,facebook/esm2_t30_150M_UR50D,SA_all_40,esm
GaussianProcessRegressor,0.3611579922797578,0.6606926240659211,0.8128300093290854,0.6541962655520069,-0.1340693331373985,0.0148925440253718,0.0,45,score,20,facebook/esm2_t30_150M_UR50D,SA_all_40,esm
GaussianProcessRegressor,0.3991851303857881,0.5617704339766502,0.7495134648401256,0.5958612806826575,0.0357291753681804,0.3796482946936166,5.0,45,score,200,facebook/esm2_t30_150M_UR50D,SA_all_40,esm
GaussianProcessRegressor,0.4157277250622486,0.5246362720864725,0.7243177977148376,0.5692696011446112,0.0994694271546271,0.4049924944401348,10.0,45,score,350,facebook/esm2_t30_150M_UR50D,SA_all_40,esm
GaussianProcessRegressor,0.7525693619077003,0.747834935255263,0.8647744996559872,0.7036627677939384,-0.2836478498920947,0.2090913883872758,15.0,45,score,50,facebook/esm2_t30_150M_UR50D,SA_all_40,esm
GaussianProcessRegressor,0.3918997830126371,0.5076910571186442,0.7125244256294967,0.5510307041293364,0.1285556435560947,0.4383730475787004,5.0,45,score,500,facebook/esm2_t30_150M_UR50D,SA_all_40,esm
GaussianProcessRegressor,0.578270804588702,0.6341675684473241,0.796346387225637,0.6384330910188512,-0.0885394588189993,0.2608766494346463,0.0,45,score,75,facebook/esm2_t30_150M_UR50D,SA_all_40,esm
GaussianProcessRegressor,0.3491739080021248,0.5469071422806834,0.7395317047163585,0.6198231042838633,0.0387218156825913,0.1951410149123691,10.0,46,score,100,facebook/esm2_t30_150M_UR50D,SA_all_40,esm
GaussianProcessRegressor,0.4848427108024691,0.6528658403,0.8080011387987025,0.685697,-0.1475178161859771,,15.0,46,score,20,facebook/esm2_t30_150M_UR50D,SA_all_40,esm
GaussianProcessRegressor,0.3690977554984676,0.5495552335418361,0.7413199265781516,0.6174228122762159,0.0340673649310208,0.2182646116405432,10.0,46,score,200,facebook/esm2_t30_150M_UR50D,SA_all_40,esm
GaussianProcessRegressor,0.3653475936516009,0.520231838877844,0.721270988518077,0.6060735778314902,0.0856079966058555,0.2544376459822046,25.0,46,score,350,facebook/esm2_t30_150M_UR50D,SA_all_40,esm
GaussianProcessRegressor,0.4545240907714976,0.5947949836638946,0.771229527225128,0.6545915848395039,-0.0454488481411918,0.0778270959383196,10.0,46,score,50,facebook/esm2_t30_150M_UR50D,SA_all_40,esm
GaussianProcessRegressor,0.3496414613002165,0.4873306131139938,0.6980906911813062,0.5849083559793681,0.1434372478974017,0.3498694229089933,10.0,46,score,500,facebook/esm2_t30_150M_UR50D,SA_all_40,esm
GaussianProcessRegressor,0.390766149498761,0.5718066800303454,0.756178999992955,0.6334974381251608,-0.005043168512941,0.1378618376062378,10.0,46,score,75,facebook/esm2_t30_150M_UR50D,SA_all_40,esm
GaussianProcessRegressor,0.4577736545692004,0.6750697376310625,0.8216262761323194,0.6915477690756493,-0.283062194883281,0.2022619078083092,10.0,47,score,100,facebook/esm2_t30_150M_UR50D,SA_all_40,esm
GaussianProcessRegressor,0.4959215828610255,0.7135661811999999,0.8447284659581444,0.7069559999999999,-0.3562299413061782,,20.0,47,score,20,facebook/esm2_t30_150M_UR50D,SA_all_40,esm
GaussianProcessRegressor,0.4136432981314994,0.6062636425595451,0.7786293357943465,0.6499679892226718,-0.1522868179961354,0.2580265546935969,5.0,47,score,200,facebook/esm2_t30_150M_UR50D,SA_all_40,esm
GaussianProcessRegressor,0.3680880576631284,0.5815595751600875,0.7626005344609244,0.6350672130574586,-0.1053333653775623,0.1971726873533098,15.0,47,score,350,facebook/esm2_t30_150M_UR50D,SA_all_40,esm
GaussianProcessRegressor,0.4657670317613167,0.7397627783076135,0.8600946333442696,0.7178639316622283,-0.406020150390824,0.1293980525076649,5.0,47,score,50,facebook/esm2_t30_150M_UR50D,SA_all_40,esm
GaussianProcessRegressor,0.3814543651698717,0.529621103606286,0.7277507152908103,0.5961671243832795,-0.0066172097036971,0.2656219510715945,25.0,47,score,500,facebook/esm2_t30_150M_UR50D,SA_all_40,esm
GaussianProcessRegressor,0.4847862760943872,0.6606894999151263,0.8128280875530361,0.6814644462430004,-0.2557305899568043,0.1913104116368792,10.0,47,score,75,facebook/esm2_t30_150M_UR50D,SA_all_40,esm
GaussianProcessRegressor,0.5780367875924785,0.4975846055803992,0.7053967717394227,0.5767327748060399,0.1001339252940664,0.3904552330542096,25.0,48,score,100,facebook/esm2_t30_150M_UR50D,SA_all_40,esm
GaussianProcessRegressor,0.4636562777777284,0.8244971937093144,0.9080182782903186,0.7618599982900651,-0.4910771856453206,0.0872765134553601,5.0,48,score,20,facebook/esm2_t30_150M_UR50D,SA_all_40,esm
GaussianProcessRegressor,0.5794032813359786,0.4783473986476093,0.6916266324019119,0.5673498739800702,0.1349238076513055,0.416199012248615,35.0,48,score,200,facebook/esm2_t30_150M_UR50D,SA_all_40,esm
GaussianProcessRegressor,0.3735037401070881,0.4788497591612414,0.6919897103001181,0.5662163880657145,0.1340153044974307,0.400760485532234,25.0,48,score,350,facebook/esm2_t30_150M_UR50D,SA_all_40,esm
GaussianProcessRegressor,0.5779331514818671,0.6174099499982462,0.7857543827419903,0.6460315147477724,-0.1165664330415814,0.3726303597557731,15.0,48,score,50,facebook/esm2_t30_150M_UR50D,SA_all_40,esm
GaussianProcessRegressor,0.3460703087050293,0.4630118459512218,0.6804497380051093,0.5554256920983542,0.1626576713070099,0.4373703410648474,40.0,48,score,500,facebook/esm2_t30_150M_UR50D,SA_all_40,esm
GaussianProcessRegressor,0.4500551443831685,0.5770037899608129,0.7596076552805487,0.6216353944359653,-0.0434931662663502,0.3756191634103402,20.0,48,score,75,facebook/esm2_t30_150M_UR50D,SA_all_40,esm
GaussianProcessRegressor,0.599030884487371,0.6059930469995936,0.7784555523596666,0.6528440863672438,-0.0504667211345011,0.3111462960343956,5.0,49,score,100,facebook/esm2_t30_150M_UR50D,SA_all_40,esm
GaussianProcessRegressor,0.3616948037036983,0.6659546043917632,0.8160604171210384,0.6914643999878902,-0.1544078816803795,0.0688587258880814,0.0,49,score,20,facebook/esm2_t30_150M_UR50D,SA_all_40,esm
GaussianProcessRegressor,0.4132292887931198,0.5639080958871393,0.7509381438488388,0.619325561726049,0.0224859980808319,0.4064206384241154,15.0,49,score,200,facebook/esm2_t30_150M_UR50D,SA_all_40,esm
GaussianProcessRegressor,0.3831126984038861,0.5141979579488994,0.7170759778077211,0.5901964375605014,0.1086566989917975,0.4648371434099452,20.0,49,score,350,facebook/esm2_t30_150M_UR50D,SA_all_40,esm
GaussianProcessRegressor,0.4227706152814211,0.7734885303744566,0.8794819670547297,0.7389321942341214,-0.3408139983793321,0.1332993651326204,0.0,49,score,50,facebook/esm2_t30_150M_UR50D,SA_all_40,esm
GaussianProcessRegressor,0.3696274738193879,0.4997781828781417,0.7069499153958092,0.5762761619242879,0.1336528502068559,0.4664699640076214,10.0,49,score,500,facebook/esm2_t30_150M_UR50D,SA_all_40,esm
GaussianProcessRegressor,0.524280848080974,0.5419251769314588,0.736155674386511,0.610521859871792,0.0605925818290686,0.3280008326361169,15.0,49,score,75,facebook/esm2_t30_150M_UR50D,SA_all_40,esm
GaussianProcessRegressor,0.4913721412699773,0.4994190565347268,0.7066958727307856,0.5826938740253249,-0.0412260811805751,0.2454438160948922,30.0,50,score,100,facebook/esm2_t30_150M_UR50D,SA_all_40,esm
GaussianProcessRegressor,0.3386789876695154,0.7628180331346259,0.8733945460870625,0.7290902407006001,-0.5903799042145921,0.2027054633468862,0.0,50,score,20,facebook/esm2_t30_150M_UR50D,SA_all_40,esm
GaussianProcessRegressor,0.3956540580856486,0.4061726444419447,0.6373167536178103,0.5190839981329427,0.1531809903500751,0.4569673144769793,15.0,50,score,200,facebook/esm2_t30_150M_UR50D,SA_all_40,esm
GaussianProcessRegressor,0.4176883932258574,0.40346550287763,0.6351893441153039,0.511695648767463,0.1588250409030728,0.4611748623843824,10.0,50,score,350,facebook/esm2_t30_150M_UR50D,SA_all_40,esm
GaussianProcessRegressor,0.5145348441938001,0.6516643780959225,0.8072573183910583,0.6700304988815285,-0.3586384775900375,0.2248197723490468,15.0,50,score,50,facebook/esm2_t30_150M_UR50D,SA_all_40,esm
GaussianProcessRegressor,0.351899541358281,0.3900452149449473,0.6245359997189492,0.5002274539028744,0.1868046576790508,0.4763450846455498,10.0,50,score,500,facebook/esm2_t30_150M_UR50D,SA_all_40,esm
GaussianProcessRegressor,0.4329748398422057,0.5432339443837744,0.7370440586449187,0.6030492520941375,-0.1325746258055598,0.201002899878991,15.0,50,score,75,facebook/esm2_t30_150M_UR50D,SA_all_40,esm
GaussianProcessRegressor,0.6369679608082212,0.4838890973976332,0.695621375029285,0.5735277673377657,-0.0664521772337847,0.1482457732803316,10.0,51,score,100,facebook/esm2_t30_150M_UR50D,SA_all_40,esm
GaussianProcessRegressor,0.3855544367207068,0.7099001940654663,0.8425557513099453,0.6761064108410332,-0.5645622347173509,0.0789692935067634,10.0,51,score,20,facebook/esm2_t30_150M_UR50D,SA_all_40,esm
GaussianProcessRegressor,0.4809959293991925,0.4394949512080571,0.6629441539134779,0.5535106398593833,0.0313889068388401,0.2383307748976534,10.0,51,score,200,facebook/esm2_t30_150M_UR50D,SA_all_40,esm
GaussianProcessRegressor,0.4624265260702449,0.424376670765627,0.6514419934005076,0.529601466874058,0.0647083661541459,0.2607140164552491,20.0,51,score,350,facebook/esm2_t30_150M_UR50D,SA_all_40,esm
GaussianProcessRegressor,0.6792676480566565,0.5033422590737515,0.709466178949886,0.5918688202115446,-0.1093253618852863,0.2667979774718824,10.0,51,score,50,facebook/esm2_t30_150M_UR50D,SA_all_40,esm
GaussianProcessRegressor,0.4412598967972775,0.3914673818673564,0.6256735425662143,0.5079544152033396,0.1372377597394206,0.3800578058767793,30.0,51,score,500,facebook/esm2_t30_150M_UR50D,SA_all_40,esm
GaussianProcessRegressor,0.6533021269070901,0.4799312421732178,0.6927706995631512,0.5750320001712371,-0.0577293865283239,0.2031593937636854,10.0,51,score,75,facebook/esm2_t30_150M_UR50D,SA_all_40,esm
GaussianProcessRegressor,0.4801637450976349,0.5558790354724965,0.7455729578468472,0.6198158906344116,-0.1142625331974265,0.3124608639021464,10.0,42,score,100,facebook/esm2_t33_650M_UR50D,SA_all_40,esm
GaussianProcessRegressor,0.4543122580246433,0.6816221695924589,0.8256041240161406,0.6977823999941427,-0.3663153256500129,-0.0300162403326755,0.0,42,score,20,facebook/esm2_t33_650M_UR50D,SA_all_40,esm
GaussianProcessRegressor,0.4183554204827483,0.4778921186323714,0.6912974169142913,0.569029146022699,0.0420626634178258,0.3127883860302865,5.0,42,score,200,facebook/esm2_t33_650M_UR50D,SA_all_40,esm
GaussianProcessRegressor,0.423344556288996,0.4688184646576059,0.684703194572368,0.5504601843159396,0.0602508518870766,0.2994036740025499,5.0,42,score,350,facebook/esm2_t33_650M_UR50D,SA_all_40,esm
GaussianProcessRegressor,0.4354786150530447,0.613071512608828,0.782988833003912,0.6643740799691414,-0.2289051629551692,0.0113769923328073,0.0,42,score,50,facebook/esm2_t33_650M_UR50D,SA_all_40,esm
GaussianProcessRegressor,0.415842034024681,0.4463216827017639,0.6680731117937346,0.5457042372723294,0.1053457729963058,0.3363213383069839,20.0,42,score,500,facebook/esm2_t33_650M_UR50D,SA_all_40,esm
GaussianProcessRegressor,0.4886173346657187,0.6391812283729567,0.7994881039596253,0.673096695681103,-0.2812422294244483,0.1519392486482302,0.0,42,score,75,facebook/esm2_t33_650M_UR50D,SA_all_40,esm
GaussianProcessRegressor,0.4941310253588377,0.5268991421126346,0.7258781868279516,0.5934826190067986,-0.0117168270755612,0.1629971533576626,5.0,43,score,100,facebook/esm2_t33_650M_UR50D,SA_all_40,esm
GaussianProcessRegressor,0.4713372836419753,0.6114100935000001,0.7819271663652568,0.6518900000000001,-0.1739891573130718,-0.0020165023094575,5.0,43,score,20,facebook/esm2_t33_650M_UR50D,SA_all_40,esm
GaussianProcessRegressor,0.4307503136392562,0.5081145867523388,0.7128215672609372,0.5707263070391964,0.0243520317025026,0.2978627369161415,0.0,43,score,200,facebook/esm2_t33_650M_UR50D,SA_all_40,esm
GaussianProcessRegressor,0.3754260993098171,0.4744472165586471,0.688801289602921,0.5574833019124019,0.088997885578383,0.3478860836720433,5.0,43,score,350,facebook/esm2_t33_650M_UR50D,SA_all_40,esm
GaussianProcessRegressor,0.6976542350128792,0.5285978471215667,0.727047348610506,0.597499185714646,-0.0149785678992098,0.1868422354767758,0.0,43,score,50,facebook/esm2_t33_650M_UR50D,SA_all_40,esm
GaussianProcessRegressor,0.3471980643781398,0.4477906235768255,0.6691715950164244,0.5448044822927535,0.1401821094966071,0.415627213719181,5.0,43,score,500,facebook/esm2_t33_650M_UR50D,SA_all_40,esm
GaussianProcessRegressor,0.5190448306550922,0.5495597363315453,0.7413229635803449,0.6039566036229317,-0.0552281988930964,0.1055980786798492,5.0,43,score,75,facebook/esm2_t33_650M_UR50D,SA_all_40,esm
GaussianProcessRegressor,0.5305461302122253,0.5381499055286683,0.7335870129225764,0.6038835356034938,-0.0273790530141306,-0.0419399945128246,5.0,44,score,100,facebook/esm2_t33_650M_UR50D,SA_all_40,esm
GaussianProcessRegressor,0.9069181654320988,0.5256461896000001,0.7250146133699652,0.5764944000000001,-0.0035082770500745,,30.0,44,score,20,facebook/esm2_t33_650M_UR50D,SA_all_40,esm
GaussianProcessRegressor,0.4399370806456382,0.5235275413789521,0.7235520308719698,0.5918738546900033,0.0005364227271595,0.2435995047132178,15.0,44,score,200,facebook/esm2_t33_650M_UR50D,SA_all_40,esm
GaussianProcessRegressor,0.4196138555321654,0.5398199675094439,0.7347244160291966,0.5992873028850418,-0.0305673592437836,0.3014386499436787,15.0,44,score,350,facebook/esm2_t33_650M_UR50D,SA_all_40,esm
GaussianProcessRegressor,0.6121262091219892,0.5291902203236154,0.7274546173635957,0.5935755429221841,-0.0102741667980323,0.0038479420774415,5.0,44,score,50,facebook/esm2_t33_650M_UR50D,SA_all_40,esm
GaussianProcessRegressor,0.3796495039410956,0.5116330255921819,0.71528527567131,0.575027447251998,0.0232441780190026,0.3169585965446522,10.0,44,score,500,facebook/esm2_t33_650M_UR50D,SA_all_40,esm
GaussianProcessRegressor,0.6303932704243764,0.544728207691182,0.738057049076277,0.6108824839572877,-0.039937653836563,-0.0380501747771092,5.0,44,score,75,facebook/esm2_t33_650M_UR50D,SA_all_40,esm
GaussianProcessRegressor,0.5512627593357167,0.6026705311977192,0.7763185758422371,0.6104316380837262,-0.0344752499443148,0.3987397834154306,10.0,45,score,100,facebook/esm2_t33_650M_UR50D,SA_all_40,esm
GaussianProcessRegressor,0.3611579922839506,0.6606925766999999,0.81282998019266,0.6541962,-0.1340692518344797,,35.0,45,score,20,facebook/esm2_t33_650M_UR50D,SA_all_40,esm
GaussianProcessRegressor,0.409369673373444,0.5777238606426163,0.7600814828968117,0.6040850050744331,0.0083453492419128,0.3850996654100767,10.0,45,score,200,facebook/esm2_t33_650M_UR50D,SA_all_40,esm
GaussianProcessRegressor,0.4156153578707521,0.5269438320903521,0.7259089695618536,0.5681378736421727,0.0955085337838647,0.3938033542691273,5.0,45,score,350,facebook/esm2_t33_650M_UR50D,SA_all_40,esm
GaussianProcessRegressor,0.7478020362531417,0.7499714294976583,0.8660089084401258,0.704627816511577,-0.2873151113575161,0.3359951253591226,10.0,45,score,50,facebook/esm2_t33_650M_UR50D,SA_all_40,esm
GaussianProcessRegressor,0.3876268387731497,0.511426134096409,0.7151406393824987,0.5521690477238156,0.1221444379468612,0.4280407029619538,5.0,45,score,500,facebook/esm2_t33_650M_UR50D,SA_all_40,esm
GaussianProcessRegressor,0.6146373617936481,0.6358496445918256,0.7974018087462716,0.6377150547574001,-0.0914267181919612,0.3688374025123243,5.0,45,score,75,facebook/esm2_t33_650M_UR50D,SA_all_40,esm
GaussianProcessRegressor,0.3634486020716293,0.5479733487810001,0.7402522197069051,0.6172413188179101,0.0368477844815033,0.1839774057944173,10.0,46,score,100,facebook/esm2_t33_650M_UR50D,SA_all_40,esm
GaussianProcessRegressor,0.4848427108024691,0.6528658403,0.8080011387987025,0.685697,-0.1475178161859771,,15.0,46,score,20,facebook/esm2_t33_650M_UR50D,SA_all_40,esm
GaussianProcessRegressor,0.3710619650073291,0.5365218705596586,0.7324765324293049,0.6082277595824647,0.0569756185164663,0.2550036202290631,10.0,46,score,200,facebook/esm2_t33_650M_UR50D,SA_all_40,esm
GaussianProcessRegressor,0.3720401044373062,0.4987761786720164,0.7062408786469504,0.593213519902467,0.1233198063291304,0.3292131396717056,10.0,46,score,350,facebook/esm2_t33_650M_UR50D,SA_all_40,esm
GaussianProcessRegressor,0.454524090851208,0.5947983021599034,0.7712316786542831,0.6545929267837178,-0.0454546809372395,0.0964469837771046,5.0,46,score,50,facebook/esm2_t33_650M_UR50D,SA_all_40,esm
GaussianProcessRegressor,0.3544153287234752,0.4579444904387015,0.6767159599408762,0.567526469584753,0.1950881342464704,0.421444131985385,10.0,46,score,500,facebook/esm2_t33_650M_UR50D,SA_all_40,esm
GaussianProcessRegressor,0.3779809017267129,0.5574220465159774,0.7466070228145308,0.6166248567836238,0.0202401626373888,0.1735519258253252,5.0,46,score,75,facebook/esm2_t33_650M_UR50D,SA_all_40,esm
GaussianProcessRegressor,0.4848166823663414,0.6476590106006977,0.8047726452860446,0.6702396566613791,-0.2309643661310358,0.1698572518972333,5.0,47,score,100,facebook/esm2_t33_650M_UR50D,SA_all_40,esm
GaussianProcessRegressor,0.4959215646991566,0.7135661812012062,0.8447284659588584,0.7069560000006084,-0.3562299413084708,0.1216350368104979,0.0,47,score,20,facebook/esm2_t33_650M_UR50D,SA_all_40,esm
GaussianProcessRegressor,0.4234259967463036,0.5686997860967756,0.7541218642214106,0.6255236836407708,-0.0808915806825321,0.2516967776368422,5.0,47,score,200,facebook/esm2_t33_650M_UR50D,SA_all_40,esm
GaussianProcessRegressor,0.3618050014040749,0.5658475895848563,0.7522284158318245,0.6194246694550786,-0.0754705918382332,0.2231580702131395,5.0,47,score,350,facebook/esm2_t33_650M_UR50D,SA_all_40,esm
GaussianProcessRegressor,0.4334450287167116,0.8907600484293412,0.943800852102466,0.7830684737555471,-0.6930110759559829,0.1264786297903594,15.0,47,score,50,facebook/esm2_t33_650M_UR50D,SA_all_40,esm
GaussianProcessRegressor,0.3675295865861819,0.5299277542156555,0.7279613686286214,0.5918375168767979,-0.0072000410498342,0.2749539730508575,10.0,47,score,500,facebook/esm2_t33_650M_UR50D,SA_all_40,esm
GaussianProcessRegressor,0.4617393960966245,0.651899086836471,0.8074026794830885,0.6743026284341156,-0.2390232098597364,0.1257805706359,20.0,47,score,75,facebook/esm2_t33_650M_UR50D,SA_all_40,esm
GaussianProcessRegressor,0.6091433378205802,0.5168456557165434,0.7189197839234523,0.5876435694146446,0.0653009232551281,0.3877885465718416,15.0,48,score,100,facebook/esm2_t33_650M_UR50D,SA_all_40,esm
GaussianProcessRegressor,0.4168543025172534,0.9258176910419638,0.9621942065102884,0.7916678718709752,-0.6743121113232058,0.1441392711840715,20.0,48,score,20,facebook/esm2_t33_650M_UR50D,SA_all_40,esm
GaussianProcessRegressor,0.5825819748506122,0.4850475752423654,0.6964535700550076,0.5722270279358991,0.1228067494775965,0.4206289877237003,30.0,48,score,200,facebook/esm2_t33_650M_UR50D,SA_all_40,esm
GaussianProcessRegressor,0.3853156062568393,0.4923797505392364,0.7016977629572695,0.5771385937927546,0.1095467415724986,0.3793794540190737,20.0,48,score,350,facebook/esm2_t33_650M_UR50D,SA_all_40,esm
GaussianProcessRegressor,0.60180061405015,0.6931482943813891,0.8325552800753768,0.6789191509865766,-0.253536841491593,0.2997126455444461,25.0,48,score,50,facebook/esm2_t33_650M_UR50D,SA_all_40,esm
GaussianProcessRegressor,0.3742167201282643,0.477279567570139,0.6908542303338231,0.5681788505292787,0.1368549464955456,0.412028007839372,20.0,48,score,500,facebook/esm2_t33_650M_UR50D,SA_all_40,esm
GaussianProcessRegressor,0.4486930009762758,0.6460292097357158,0.803759422797466,0.6503654037668747,-0.1683234621620999,0.3174716356049194,10.0,48,score,75,facebook/esm2_t33_650M_UR50D,SA_all_40,esm
GaussianProcessRegressor,0.58797838428155,0.5620424621215881,0.7496949126955499,0.6283250494936831,0.0257200057880815,0.4229151324178677,10.0,49,score,100,facebook/esm2_t33_650M_UR50D,SA_all_40,esm
GaussianProcessRegressor,0.3282219723161234,1.5035655399690264,1.2261996329998743,0.9988372626733764,-1.606375717679065,-0.0768911853049252,5.0,49,score,20,facebook/esm2_t33_650M_UR50D,SA_all_40,esm
GaussianProcessRegressor,0.3876888491776755,0.5915926892941732,0.7691506284819465,0.6174917106544197,-0.0255042292100897,0.3027566982357957,15.0,49,score,200,facebook/esm2_t33_650M_UR50D,SA_all_40,esm
GaussianProcessRegressor,0.3808669683417178,0.5170988234510477,0.7190958374591302,0.5914391650872783,0.1036281550380646,0.4274092785588426,25.0,49,score,350,facebook/esm2_t33_650M_UR50D,SA_all_40,esm
GaussianProcessRegressor,0.4240647414320988,0.7904291632799998,0.8890608321594197,0.74686296,-0.3701799641941858,,20.0,49,score,50,facebook/esm2_t33_650M_UR50D,SA_all_40,esm
GaussianProcessRegressor,0.3648980799105942,0.5149682455993905,0.7176128800400606,0.5857271080391747,0.1073214336012983,0.4441371423945167,15.0,49,score,500,facebook/esm2_t33_650M_UR50D,SA_all_40,esm
GaussianProcessRegressor,0.5247962417554072,0.6782278943696239,0.8235459272983043,0.694897921338706,-0.1756831797129407,0.2896077481980867,25.0,49,score,75,facebook/esm2_t33_650M_UR50D,SA_all_40,esm
GaussianProcessRegressor,0.4536903061496195,0.4573933383759645,0.676308611786043,0.5509629805632525,0.0463922690899749,0.27993648901779,25.0,50,score,100,facebook/esm2_t33_650M_UR50D,SA_all_40,esm
GaussianProcessRegressor,0.3366317965195636,0.7509462476957021,0.8665715479380235,0.7231142984497617,-0.565628720879785,0.2139452154389035,0.0,50,score,20,facebook/esm2_t33_650M_UR50D,SA_all_40,esm
GaussianProcessRegressor,0.3835196899638761,0.4135882449308499,0.6431082684360775,0.5278334091256507,0.137720393611459,0.379655998688509,25.0,50,score,200,facebook/esm2_t33_650M_UR50D,SA_all_40,esm
GaussianProcessRegressor,0.4178841099836662,0.4048189233042003,0.6362538198739559,0.517462701102995,0.1560033290991109,0.4016774362269295,25.0,50,score,350,facebook/esm2_t33_650M_UR50D,SA_all_40,esm
GaussianProcessRegressor,0.5188444123247848,0.683873243497774,0.826966289214847,0.6931827346874956,-0.425789921378227,0.1725293248637531,5.0,50,score,50,facebook/esm2_t33_650M_UR50D,SA_all_40,esm
GaussianProcessRegressor,0.3444592829940888,0.3936299079987578,0.6273993210059745,0.5095524954033088,0.1793310223585397,0.4262933202198257,25.0,50,score,500,facebook/esm2_t33_650M_UR50D,SA_all_40,esm
GaussianProcessRegressor,0.4160539033580385,0.5182265365932349,0.7198795292222407,0.58482922161377,-0.0804373177202455,0.2229825596648499,10.0,50,score,75,facebook/esm2_t33_650M_UR50D,SA_all_40,esm
GaussianProcessRegressor,0.5972007566251494,0.4975576322739262,0.7053776522359679,0.5840655004183527,-0.0965765153451683,0.1058267249770081,15.0,51,score,100,facebook/esm2_t33_650M_UR50D,SA_all_40,esm
GaussianProcessRegressor,0.3999100637079705,0.7069852237695791,0.8408241336745628,0.6961836658542582,-0.5581378774930625,0.0064934860940621,0.0,51,score,20,facebook/esm2_t33_650M_UR50D,SA_all_40,esm
GaussianProcessRegressor,0.4621954571782825,0.4546541686385836,0.674280482172355,0.5651833539283516,-0.0020207742655482,0.2623148086414848,15.0,51,score,200,facebook/esm2_t33_650M_UR50D,SA_all_40,esm
GaussianProcessRegressor,0.4725358354666739,0.4136528154495033,0.6431584683804632,0.5277989346152617,0.0883428702413962,0.3165188065290685,20.0,51,score,350,facebook/esm2_t33_650M_UR50D,SA_all_40,esm
GaussianProcessRegressor,0.670431958936616,0.5017907978293153,0.7083719346708446,0.5867620069107696,-0.1059060676070704,0.2392988654840202,15.0,51,score,50,facebook/esm2_t33_650M_UR50D,SA_all_40,esm
GaussianProcessRegressor,0.4425671441250662,0.3878863272174869,0.6228052080847485,0.5075411212075299,0.1451301126539322,0.3919456048825255,25.0,51,score,500,facebook/esm2_t33_650M_UR50D,SA_all_40,esm
GaussianProcessRegressor,0.6110247357667153,0.4725944058463837,0.6874550209623781,0.5710473665925181,-0.0415595965561175,0.1946655296357662,15.0,51,score,75,facebook/esm2_t33_650M_UR50D,SA_all_40,esm
GaussianProcessRegressor,0.4503496799012756,0.5615877300468859,0.7493915732425112,0.6239923195340961,-0.1257056423485076,0.2239712128579545,0.0,42,score,100,facebook/esm2_t6_8M_UR50D,SA_all_40,esm
GaussianProcessRegressor,0.4543122293938598,0.6816131342767624,0.8255986520560474,0.6977753613601152,-0.3662972143108296,0.032511230956299,0.0,42,score,20,facebook/esm2_t6_8M_UR50D,SA_all_40,esm
GaussianProcessRegressor,0.4141838903614819,0.495722282975917,0.7040754810216849,0.5830305619715246,0.0063220025528624,0.3132608706719665,5.0,42,score,200,facebook/esm2_t6_8M_UR50D,SA_all_40,esm
GaussianProcessRegressor,0.4148948104235042,0.4817526641524529,0.6940840468937842,0.5694556069274782,0.0343241790422215,0.2986935065380737,5.0,42,score,350,facebook/esm2_t6_8M_UR50D,SA_all_40,esm
GaussianProcessRegressor,0.4303660387199513,0.6077953711501768,0.7796123210610366,0.659250123772433,-0.218329108864143,0.034059612389589,0.0,42,score,50,facebook/esm2_t6_8M_UR50D,SA_all_40,esm
GaussianProcessRegressor,0.4098672143811719,0.4422773129839081,0.6650393319074506,0.5445181972347194,0.113452733970602,0.3542155897257789,15.0,42,score,500,facebook/esm2_t6_8M_UR50D,SA_all_40,esm
GaussianProcessRegressor,0.4987386089199071,0.6349193625836888,0.7968182745040985,0.6731944201792842,-0.2726992963986316,0.0566528292067012,0.0,42,score,75,facebook/esm2_t6_8M_UR50D,SA_all_40,esm
GaussianProcessRegressor,0.5190405183028958,0.5413547528414783,0.7357681379629579,0.6037518964867049,-0.0394735331529052,0.1073191938915194,0.0,43,score,100,facebook/esm2_t6_8M_UR50D,SA_all_40,esm
GaussianProcessRegressor,0.4542608224284765,0.6043656352014973,0.7774095672176266,0.6460244258726882,-0.160462855164142,-0.0350112293648317,0.0,43,score,20,facebook/esm2_t6_8M_UR50D,SA_all_40,esm
GaussianProcessRegressor,0.424305099474616,0.5074247175929728,0.7123375025877641,0.5813648239196948,0.0256766727603957,0.2868636742503491,5.0,43,score,200,facebook/esm2_t6_8M_UR50D,SA_all_40,esm
GaussianProcessRegressor,0.3870233090100402,0.4826791532227164,0.6947511448156933,0.5676041969697161,0.0731914661390459,0.3188899952101729,5.0,43,score,350,facebook/esm2_t6_8M_UR50D,SA_all_40,esm
GaussianProcessRegressor,0.6702398999934058,0.525006995632592,0.7245736647385081,0.5956059365879233,-0.0080836527540484,0.1579256562288013,5.0,43,score,50,facebook/esm2_t6_8M_UR50D,SA_all_40,esm
GaussianProcessRegressor,0.3631608770929536,0.4532898605023265,0.6732680450625341,0.5557787860001489,0.1296228390614783,0.3846727307370213,15.0,43,score,500,facebook/esm2_t6_8M_UR50D,SA_all_40,esm
GaussianProcessRegressor,0.5626379716131722,0.5399308041766728,0.7347998395322857,0.605848539777872,-0.036739361259402,0.1421999244378916,5.0,43,score,75,facebook/esm2_t6_8M_UR50D,SA_all_40,esm
GaussianProcessRegressor,0.5714899613410279,0.5254651517373382,0.7248897514362707,0.5961429845822473,-0.0031626586526904,0.1409644719601074,0.0,44,score,100,facebook/esm2_t6_8M_UR50D,SA_all_40,esm
GaussianProcessRegressor,0.9069181654320988,0.5256461875791322,0.7250146119762912,0.5764943946707825,-0.0035082731920466,0.0434753166855841,0.0,44,score,20,facebook/esm2_t6_8M_UR50D,SA_all_40,esm
GaussianProcessRegressor,0.4476591280771259,0.5051790946156116,0.7107595195392121,0.5775528958503819,0.0355653424878761,0.3463458590395836,10.0,44,score,200,facebook/esm2_t6_8M_UR50D,SA_all_40,esm
GaussianProcessRegressor,0.4280532577259808,0.5456648376752122,0.7386913006630119,0.5984792578003297,-0.0417257690366803,0.3082217260127706,15.0,44,score,350,facebook/esm2_t6_8M_UR50D,SA_all_40,esm
GaussianProcessRegressor,0.6909351594178804,0.520386236946285,0.7213780125192929,0.5892075644850301,0.0065334699069635,0.1619614591751778,0.0,44,score,50,facebook/esm2_t6_8M_UR50D,SA_all_40,esm
GaussianProcessRegressor,0.3791460993275001,0.5081688190806116,0.7128596068515958,0.5715902746872359,0.0298576757985967,0.3163202504050018,10.0,44,score,500,facebook/esm2_t6_8M_UR50D,SA_all_40,esm
GaussianProcessRegressor,0.7685756533098975,0.5379153911634852,0.7334271546401082,0.6075308071341173,-0.0269313429171025,0.1200217047865405,0.0,44,score,75,facebook/esm2_t6_8M_UR50D,SA_all_40,esm
GaussianProcessRegressor,0.5760224056714821,0.6334558182124345,0.7958993769393431,0.636496544366219,-0.0873177498353658,0.3561207703960516,5.0,45,score,100,facebook/esm2_t6_8M_UR50D,SA_all_40,esm
GaussianProcessRegressor,0.3611579922839506,0.6606925767177872,0.8128299802036015,0.6541962000240137,-0.1340692518650115,0.036911079182614,0.0,45,score,20,facebook/esm2_t6_8M_UR50D,SA_all_40,esm
GaussianProcessRegressor,0.4250390431505096,0.5733636878830379,0.7572078234428365,0.6094452209259803,0.01582952271942,0.4012935094978083,10.0,45,score,200,facebook/esm2_t6_8M_UR50D,SA_all_40,esm
GaussianProcessRegressor,0.4267351396999686,0.5426893703239827,0.7366745348686777,0.586330335762948,0.0684815451448616,0.3914148896211999,5.0,45,score,350,facebook/esm2_t6_8M_UR50D,SA_all_40,esm
GaussianProcessRegressor,0.73886021695879,0.7572612837116934,0.8702076095459597,0.7086307604546194,-0.2998280406775122,0.1991706129210546,10.0,45,score,50,facebook/esm2_t6_8M_UR50D,SA_all_40,esm
GaussianProcessRegressor,0.4091919907234893,0.5339078579968916,0.7306899876123194,0.5713147390954837,0.0835548840409959,0.4144059144218015,5.0,45,score,500,facebook/esm2_t6_8M_UR50D,SA_all_40,esm
GaussianProcessRegressor,0.6072520430467379,0.6681530830207789,0.817406314522208,0.6574047688102248,-0.146875103027438,0.2564865624913094,10.0,45,score,75,facebook/esm2_t6_8M_UR50D,SA_all_40,esm
GaussianProcessRegressor,0.3613700045881626,0.5410132755999963,0.735536046431442,0.61509604785638,0.0490812442279806,0.2402896824166442,10.0,46,score,100,facebook/esm2_t6_8M_UR50D,SA_all_40,esm
GaussianProcessRegressor,0.4848427101510688,0.652865526458353,0.8080009445900129,0.6856967330305893,-0.147517264558278,0.1541679131817229,5.0,46,score,20,facebook/esm2_t6_8M_UR50D,SA_all_40,esm
GaussianProcessRegressor,0.383873725902442,0.5313038238644928,0.7289059087869248,0.6073798747409687,0.0661471836050021,0.2817307528013326,5.0,46,score,200,facebook/esm2_t6_8M_UR50D,SA_all_40,esm
GaussianProcessRegressor,0.3695743340605761,0.5146650439087053,0.7174015917940978,0.5958888028272363,0.0953925434634546,0.3014819862651142,10.0,46,score,350,facebook/esm2_t6_8M_UR50D,SA_all_40,esm
GaussianProcessRegressor,0.4569278971791278,0.5650186877927594,0.7516772497506888,0.6309037580685654,0.0068878310093846,0.1850876008235299,10.0,46,score,50,facebook/esm2_t6_8M_UR50D,SA_all_40,esm
GaussianProcessRegressor,0.3570686909538719,0.4972631477438879,0.7051688788821355,0.5893055460965508,0.125979204078705,0.3431033270827491,5.0,46,score,500,facebook/esm2_t6_8M_UR50D,SA_all_40,esm
GaussianProcessRegressor,0.4041042349404445,0.5552744523488532,0.745167398876825,0.6208943356196817,0.0240149084068713,0.2161596157885967,10.0,46,score,75,facebook/esm2_t6_8M_UR50D,SA_all_40,esm
GaussianProcessRegressor,0.4647188184175239,0.6511894424142584,0.8069630985455645,0.6788111125833195,-0.2376744337567724,0.2145831632216109,25.0,47,score,100,facebook/esm2_t6_8M_UR50D,SA_all_40,esm
GaussianProcessRegressor,0.5387244921264023,0.6834702329938738,0.826722585269009,0.6912825420347495,-0.2990284831309791,0.1128016348939797,0.0,47,score,20,facebook/esm2_t6_8M_UR50D,SA_all_40,esm
GaussianProcessRegressor,0.4272365883119194,0.5763326990930233,0.7591657915719222,0.6351183919528659,-0.0953989738545113,0.2942094395738399,15.0,47,score,200,facebook/esm2_t6_8M_UR50D,SA_all_40,esm
GaussianProcessRegressor,0.3617285875797203,0.6089398122279202,0.780345956757591,0.6514399112780564,-0.1573732437936161,0.1966061354568506,10.0,47,score,350,facebook/esm2_t6_8M_UR50D,SA_all_40,esm
GaussianProcessRegressor,0.4664322782630629,0.7134166150418421,0.8446399321852135,0.7032405577951102,-0.3559456704042714,0.2015287032311202,0.0,47,score,50,facebook/esm2_t6_8M_UR50D,SA_all_40,esm
GaussianProcessRegressor,0.3788859883150085,0.5329567829388705,0.7300388913878976,0.6056046665912975,-0.0129571236523082,0.2698066570200349,5.0,47,score,500,facebook/esm2_t6_8M_UR50D,SA_all_40,esm
GaussianProcessRegressor,0.4792960356340526,0.6457511745632308,0.8035864449847514,0.6752589318793101,-0.2273382632897209,0.2076386293443252,30.0,47,score,75,facebook/esm2_t6_8M_UR50D,SA_all_40,esm
GaussianProcessRegressor,0.6013937719693385,0.5245877426074265,0.7242842968112911,0.5940424988705492,0.0512996031531832,0.3296858693088826,15.0,48,score,100,facebook/esm2_t6_8M_UR50D,SA_all_40,esm
GaussianProcessRegressor,0.4264473007944516,0.8210130139323218,0.9060976845419714,0.7555241462815284,-0.4847761563443138,0.1461882302807557,30.0,48,score,20,facebook/esm2_t6_8M_UR50D,SA_all_40,esm
GaussianProcessRegressor,0.5915769016011699,0.4854849375119905,0.6967674917158453,0.5760621143696008,0.1220157935991829,0.4101869266852116,20.0,48,score,200,facebook/esm2_t6_8M_UR50D,SA_all_40,esm
GaussianProcessRegressor,0.4118099131730864,0.484528681447976,0.6960809446091568,0.5757678248219483,0.1237451525485714,0.3983219893900998,10.0,48,score,350,facebook/esm2_t6_8M_UR50D,SA_all_40,esm
GaussianProcessRegressor,0.6023314647575995,0.6586202440983718,0.8115542151319108,0.6481863684305742,-0.1910939509218854,0.1596600559082011,5.0,48,score,50,facebook/esm2_t6_8M_UR50D,SA_all_40,esm
GaussianProcessRegressor,0.369702103390658,0.4675011796286394,0.6837405791882177,0.5655459775794058,0.1545388528607865,0.4216262160056108,15.0,48,score,500,facebook/esm2_t6_8M_UR50D,SA_all_40,esm
GaussianProcessRegressor,0.4858404358406547,0.6184898564398187,0.7864412606417714,0.6475774124756534,-0.1185194098011701,0.3234275859604665,20.0,48,score,75,facebook/esm2_t6_8M_UR50D,SA_all_40,esm
GaussianProcessRegressor,0.5424933130964796,0.5674727467336754,0.7533078698206168,0.6242219022056954,0.0163068065780743,0.3617112023386813,5.0,49,score,100,facebook/esm2_t6_8M_UR50D,SA_all_40,esm
GaussianProcessRegressor,0.3616948030641974,0.6659546297506893,0.8160604326584455,0.6914644274621666,-0.1544079256391477,0.1040310678659924,0.0,49,score,20,facebook/esm2_t6_8M_UR50D,SA_all_40,esm
GaussianProcessRegressor,0.3822403597569648,0.5596825288462548,0.7481193279459198,0.613248202467528,0.0298108635662521,0.408026904799038,10.0,49,score,200,facebook/esm2_t6_8M_UR50D,SA_all_40,esm
GaussianProcessRegressor,0.3857213788353635,0.5306610273713973,0.7284648429206432,0.6019960264840858,0.080118571959339,0.4410758678755468,20.0,49,score,350,facebook/esm2_t6_8M_UR50D,SA_all_40,esm
GaussianProcessRegressor,0.4216540376899328,0.7660836732830028,0.8752620597758153,0.7350527540998409,-0.3279779501971913,0.3190819750849119,10.0,49,score,50,facebook/esm2_t6_8M_UR50D,SA_all_40,esm
GaussianProcessRegressor,0.3726329307036012,0.5030067010402215,0.70922965324373,0.5793041254062218,0.1280563323843578,0.4723778704131762,20.0,49,score,500,facebook/esm2_t6_8M_UR50D,SA_all_40,esm
GaussianProcessRegressor,0.5202206718517518,0.6448603923692064,0.8030319995922992,0.6726984637181818,-0.1178418388058544,0.3893304751116307,5.0,49,score,75,facebook/esm2_t6_8M_UR50D,SA_all_40,esm
GaussianProcessRegressor,0.4662606483492899,0.5425978383316876,0.7366124071258151,0.5913581447907851,-0.1312484244859202,0.2160449556785645,30.0,50,score,100,facebook/esm2_t6_8M_UR50D,SA_all_40,esm
GaussianProcessRegressor,0.3384074450725211,0.7512417889535927,0.8667420544507995,0.7244673061225367,-0.5662448873270887,0.1093218619847561,5.0,50,score,20,facebook/esm2_t6_8M_UR50D,SA_all_40,esm
GaussianProcessRegressor,0.3693485846125287,0.4432459755371549,0.6657672082170726,0.5343681595569869,0.0758877458343012,0.3871150082349243,10.0,50,score,200,facebook/esm2_t6_8M_UR50D,SA_all_40,esm
GaussianProcessRegressor,0.4132340099343491,0.4478332245179729,0.6692034253632994,0.5339520361275759,0.0663239071757647,0.4027916056693806,20.0,50,score,350,facebook/esm2_t6_8M_UR50D,SA_all_40,esm
GaussianProcessRegressor,0.515110534395119,0.685559526776947,0.8279852213517744,0.6901914828398452,-0.4293056104725048,0.115293151356334,5.0,50,score,50,facebook/esm2_t6_8M_UR50D,SA_all_40,esm
GaussianProcessRegressor,0.3567786952439744,0.4249288469243015,0.6518656663180701,0.5175308600558974,0.1140766611239518,0.4362461734717324,15.0,50,score,500,facebook/esm2_t6_8M_UR50D,SA_all_40,esm
GaussianProcessRegressor,0.4190765366781482,0.5631641419643482,0.750442630694944,0.6039713493109582,-0.1741265875347823,0.2048908719895009,15.0,50,score,75,facebook/esm2_t6_8M_UR50D,SA_all_40,esm
GaussianProcessRegressor,0.6351005987363529,0.496334142276841,0.7045098596022918,0.5834143080329572,-0.0938800429959616,0.1327661670970651,10.0,51,score,100,facebook/esm2_t6_8M_UR50D,SA_all_40,esm
GaussianProcessRegressor,0.2833939154774075,1.2269841212821777,1.107693153035703,0.8492796584380481,-1.704173114479972,0.0105878725874986,0.0,51,score,20,facebook/esm2_t6_8M_UR50D,SA_all_40,esm
GaussianProcessRegressor,0.4661971542083917,0.4554085165278724,0.6748396228200242,0.5658703987281751,-0.0036832956020493,0.2292181817103194,10.0,51,score,200,facebook/esm2_t6_8M_UR50D,SA_all_40,esm
GaussianProcessRegressor,0.4647728334777269,0.4288056806918882,0.6548325592790024,0.5439743041092608,0.0549471888425399,0.2954231993953691,20.0,51,score,350,facebook/esm2_t6_8M_UR50D,SA_all_40,esm
GaussianProcessRegressor,0.6742779061105646,0.5016837438723468,0.7082963672590358,0.5911003257329024,-0.1056701294011785,0.2301814227207897,10.0,51,score,50,facebook/esm2_t6_8M_UR50D,SA_all_40,esm
GaussianProcessRegressor,0.4393070958206948,0.3957512467208323,0.6290876303988437,0.5157583357732556,0.1277964703519675,0.3725133062500824,15.0,51,score,500,facebook/esm2_t6_8M_UR50D,SA_all_40,esm
GaussianProcessRegressor,0.6223408254267138,0.4739676404009291,0.6884530778498481,0.5691545641631756,-0.0445860937192561,0.1991070689384196,0.0,51,score,75,facebook/esm2_t6_8M_UR50D,SA_all_40,esm
GaussianProcessRegressor,0.1833057966704858,0.4221871643372809,0.6497593126206664,0.4863151455514054,0.1257585509381062,0.3760585983312527,10.0,42,score,100,facebook/esm2_t12_35M_UR50D,hemopi2_all,esm
GaussianProcessRegressor,0.1681334342159645,0.4843930787319364,0.6959835333770019,0.5455748974336352,-0.003053960039034,0.133478363014615,5.0,42,score,20,facebook/esm2_t12_35M_UR50D,hemopi2_all,esm
GaussianProcessRegressor,0.2142287717405702,0.3860909792433025,0.6213621965032171,0.468203826654002,0.2005045020891829,0.472293104053628,15.0,42,score,200,facebook/esm2_t12_35M_UR50D,hemopi2_all,esm
GaussianProcessRegressor,0.2246530462651957,0.3594279066740085,0.5995230660066454,0.462473394033545,0.2557168940528571,0.475569562981656,20.0,42,score,350,facebook/esm2_t12_35M_UR50D,hemopi2_all,esm
GaussianProcessRegressor,0.2333452628789225,0.4620497158918621,0.6797423893592793,0.5252387469921808,0.0432134198252601,0.177874461114783,10.0,42,score,50,facebook/esm2_t12_35M_UR50D,hemopi2_all,esm
GaussianProcessRegressor,0.2244240069860805,0.3500250456839715,0.5916291453976651,0.4618849737084312,0.2751878100627296,0.501085082911193,10.0,42,score,500,facebook/esm2_t12_35M_UR50D,hemopi2_all,esm
GaussianProcessRegressor,0.2145412219390874,0.427350781337433,0.6537207212085547,0.4898605487686954,0.1150660230975223,0.3822944333215307,5.0,42,score,75,facebook/esm2_t12_35M_UR50D,hemopi2_all,esm
GaussianProcessRegressor,0.2791012361800442,0.388041516223149,0.6229297843442301,0.4780252995068763,0.03434805651807,0.2633008432923265,10.0,43,score,100,facebook/esm2_t12_35M_UR50D,hemopi2_all,esm
GaussianProcessRegressor,0.301493229912012,0.4467519795611117,0.6683950774512868,0.5022883225645436,-0.1117545398660386,-0.0159801556065561,5.0,43,score,20,facebook/esm2_t12_35M_UR50D,hemopi2_all,esm
GaussianProcessRegressor,0.2802509124605399,0.3647794413565932,0.6039697354641151,0.4652700737609678,0.0922363670858341,0.3174181939266079,15.0,43,score,200,facebook/esm2_t12_35M_UR50D,hemopi2_all,esm
GaussianProcessRegressor,0.2479649976504655,0.3222561030430258,0.5676760546676474,0.4371677167855021,0.1980568594019766,0.4092789260898184,30.0,43,score,350,facebook/esm2_t12_35M_UR50D,hemopi2_all,esm
GaussianProcessRegressor,0.2963104751936375,0.4393301904127074,0.6628198778044511,0.5355421384653145,-0.0932852142510232,0.1535754515661211,0.0,43,score,50,facebook/esm2_t12_35M_UR50D,hemopi2_all,esm
GaussianProcessRegressor,0.2494518923731881,0.3125519753192819,0.5590634805809461,0.4082616931303966,0.2222058470861742,0.5152163899521006,25.0,43,score,500,facebook/esm2_t12_35M_UR50D,hemopi2_all,esm
GaussianProcessRegressor,0.2712134605098855,0.3630161474505786,0.6025082135959464,0.4758518081152801,0.0966243722762212,0.268245817401036,20.0,43,score,75,facebook/esm2_t12_35M_UR50D,hemopi2_all,esm
GaussianProcessRegressor,0.2578780282805932,0.4870780985359971,0.6979098068776488,0.5366660970602734,0.0415515220158039,0.3006253941228627,0.0,44,score,100,facebook/esm2_t12_35M_UR50D,hemopi2_all,esm
GaussianProcessRegressor,0.229978033388715,0.5160205283148582,0.7183456885893158,0.5614294761560279,-0.0153999768384682,-0.0022543093033543,0.0,44,score,20,facebook/esm2_t12_35M_UR50D,hemopi2_all,esm
GaussianProcessRegressor,0.2520068790795265,0.4692046323030467,0.6849851329065813,0.5310664103781029,0.0767220553630494,0.3469925007863048,15.0,44,score,200,facebook/esm2_t12_35M_UR50D,hemopi2_all,esm
GaussianProcessRegressor,0.2240504029510183,0.4533856680054241,0.6733391923877773,0.521292389749596,0.1078498402088757,0.4015592547072349,15.0,44,score,350,facebook/esm2_t12_35M_UR50D,hemopi2_all,esm
GaussianProcessRegressor,0.3001186166900655,0.4746851357147901,0.6889739731766289,0.5439299124342275,0.0659377885907168,0.297334398177752,0.0,44,score,50,facebook/esm2_t12_35M_UR50D,hemopi2_all,esm
GaussianProcessRegressor,0.2527496664962163,0.4092597887710765,0.6397341547635834,0.4996817929724419,0.1946785888612837,0.483837993694353,20.0,44,score,500,facebook/esm2_t12_35M_UR50D,hemopi2_all,esm
GaussianProcessRegressor,0.2816282568865099,0.5113235456973946,0.7150689097544338,0.5636979419147076,-0.0061574839931579,0.1814257172749081,0.0,44,score,75,facebook/esm2_t12_35M_UR50D,hemopi2_all,esm
GaussianProcessRegressor,0.302568717776969,0.4530931126278613,0.6731219151296898,0.5250832330497445,0.0172873302480671,0.1250701633097695,15.0,45,score,100,facebook/esm2_t12_35M_UR50D,hemopi2_all,esm
GaussianProcessRegressor,0.3298292429767893,0.4615355351242215,0.6793640667007798,0.5308836366192385,-0.0010234216025928,-0.0427898588168263,5.0,45,score,20,facebook/esm2_t12_35M_UR50D,hemopi2_all,esm
GaussianProcessRegressor,0.3223002254056856,0.4167450018998286,0.6455578997269174,0.5053824174356627,0.0961226688097494,0.3011151162003816,20.0,45,score,200,facebook/esm2_t12_35M_UR50D,hemopi2_all,esm
GaussianProcessRegressor,0.2750775843014083,0.37917349289117,0.6157706495856797,0.4889110870958798,0.1776114332501676,0.4252340417836138,25.0,45,score,350,facebook/esm2_t12_35M_UR50D,hemopi2_all,esm
GaussianProcessRegressor,0.2615762166257601,0.4623480411595795,0.6799617938969656,0.540323763937598,-0.0027856641813099,-0.0501173085494233,5.0,45,score,50,facebook/esm2_t12_35M_UR50D,hemopi2_all,esm
GaussianProcessRegressor,0.2440206874873095,0.3665689262956463,0.6054493589852469,0.4791214315988197,0.2049494504147029,0.469231103390308,25.0,45,score,500,facebook/esm2_t12_35M_UR50D,hemopi2_all,esm
GaussianProcessRegressor,0.315041510082766,0.4654372758070705,0.682229635685134,0.5465684092966925,-0.0094858985113326,-0.0206955910493037,0.0,45,score,75,facebook/esm2_t12_35M_UR50D,hemopi2_all,esm
GaussianProcessRegressor,0.3745985828660373,0.4506495118524952,0.6713043362384122,0.4944390238994871,0.0555070552584582,0.3001201310106246,15.0,46,score,100,facebook/esm2_t12_35M_UR50D,hemopi2_all,esm
GaussianProcessRegressor,0.1521645216099066,0.5344964509926027,0.7310926418673647,0.5349756389994367,-0.1202233968404802,-0.0230111768453098,0.0,46,score,20,facebook/esm2_t12_35M_UR50D,hemopi2_all,esm
GaussianProcessRegressor,0.3815584922792294,0.4316272191038343,0.6569834237664101,0.4844524803880271,0.0953748922834301,0.3831498424312655,25.0,46,score,200,facebook/esm2_t12_35M_UR50D,hemopi2_all,esm
GaussianProcessRegressor,0.270745531440041,0.3819341161255409,0.6180081845133937,0.4634917932876756,0.1995240901209627,0.4740160256997385,20.0,46,score,350,facebook/esm2_t12_35M_UR50D,hemopi2_all,esm
GaussianProcessRegressor,0.2718222212488524,0.5345006875786773,0.731095539296115,0.5429380712700557,-0.1202322760815579,0.0423326181374629,15.0,46,score,50,facebook/esm2_t12_35M_UR50D,hemopi2_all,esm
GaussianProcessRegressor,0.2402472503995243,0.3643011607705067,0.6035736581151523,0.4510474359156357,0.2364800869427757,0.5082050579936297,40.0,46,score,500,facebook/esm2_t12_35M_UR50D,hemopi2_all,esm
GaussianProcessRegressor,0.393084871299072,0.4521866339555426,0.6724482388671582,0.5023949805717657,0.0522854807457806,0.2717590632758734,15.0,46,score,75,facebook/esm2_t12_35M_UR50D,hemopi2_all,esm
GaussianProcessRegressor,0.2298403979368504,0.379432038956714,0.6159805507941903,0.4389824457816213,0.1235576884638078,0.3831262825962711,15.0,47,score,100,facebook/esm2_t12_35M_UR50D,hemopi2_all,esm
GaussianProcessRegressor,0.1932080386354838,0.5138256480864538,0.7168163279993375,0.5368037273024521,-0.1868753623803725,0.0547774291871511,0.0,47,score,20,facebook/esm2_t12_35M_UR50D,hemopi2_all,esm
GaussianProcessRegressor,0.2351190239496333,0.3864967828889945,0.6216886543029353,0.45706250417555,0.1072389808516508,0.3996169550308254,35.0,47,score,200,facebook/esm2_t12_35M_UR50D,hemopi2_all,esm
GaussianProcessRegressor,0.2421098047982506,0.3402506911805413,0.5833101157879411,0.4192275898612528,0.2140618828604488,0.4290185516336948,20.0,47,score,350,facebook/esm2_t12_35M_UR50D,hemopi2_all,esm
GaussianProcessRegressor,0.2267089205298447,0.4175971978198703,0.6462176087200583,0.4747169480802062,0.0354007680673553,0.1887808376921605,5.0,47,score,50,facebook/esm2_t12_35M_UR50D,hemopi2_all,esm
GaussianProcessRegressor,0.2693588597339607,0.3242894100621484,0.5694641429116923,0.414145843037265,0.2509305198815811,0.4618016939605462,55.00000000000001,47,score,500,facebook/esm2_t12_35M_UR50D,hemopi2_all,esm
GaussianProcessRegressor,0.2165258447462118,0.4212997846617718,0.6490761008246813,0.4668079971940305,0.0268482383987951,0.1609268730069646,0.0,47,score,75,facebook/esm2_t12_35M_UR50D,hemopi2_all,esm
GaussianProcessRegressor,0.346935253541066,0.4496927989205569,0.6705913799927322,0.5321813858528632,0.0193671605579437,0.2338595477683207,0.0,48,score,100,facebook/esm2_t12_35M_UR50D,hemopi2_all,esm
GaussianProcessRegressor,0.2766942918835868,0.4624068032019811,0.6800050023359984,0.5471211040577811,-0.0083579223188536,0.0581608966314871,0.0,48,score,20,facebook/esm2_t12_35M_UR50D,hemopi2_all,esm
GaussianProcessRegressor,0.2542843371458599,0.4542846455512728,0.674006413583189,0.5058707860609728,0.0093538456670446,0.3130415570873882,0.0,48,score,200,facebook/esm2_t12_35M_UR50D,hemopi2_all,esm
GaussianProcessRegressor,0.2320789229516103,0.3953135643757066,0.6287396634344827,0.4714733947443154,0.1379504763379743,0.4683782751211439,5.0,48,score,350,facebook/esm2_t12_35M_UR50D,hemopi2_all,esm
GaussianProcessRegressor,0.2711709298401654,0.4795379281350076,0.6924867710902552,0.5564050823525022,-0.0457152999024743,0.1433814730066336,0.0,48,score,50,facebook/esm2_t12_35M_UR50D,hemopi2_all,esm
GaussianProcessRegressor,0.240355727527248,0.3686984046154312,0.6072054056210561,0.4540760903227954,0.1959894303763145,0.5303332349638459,10.0,48,score,500,facebook/esm2_t12_35M_UR50D,hemopi2_all,esm
GaussianProcessRegressor,0.4080517220057241,0.476999127983009,0.6906512346930316,0.566548829256018,-0.0401790075539945,0.0665360657464213,5.0,48,score,75,facebook/esm2_t12_35M_UR50D,hemopi2_all,esm
GaussianProcessRegressor,0.4246134688747164,0.4173078942664162,0.6459937261819314,0.494846362126799,0.1303252717563644,0.3493960166482597,30.0,49,score,100,facebook/esm2_t12_35M_UR50D,hemopi2_all,esm
GaussianProcessRegressor,0.7524860647067901,0.5114701394233011,0.7151714056247642,0.5936161976443093,-0.0659099926437483,,0.0,49,score,20,facebook/esm2_t12_35M_UR50D,hemopi2_all,esm
GaussianProcessRegressor,0.3960837495769146,0.351993914911528,0.5932907507382261,0.4619729630218365,0.2664403992830667,0.4988252076259974,45.0,49,score,200,facebook/esm2_t12_35M_UR50D,hemopi2_all,esm
GaussianProcessRegressor,0.3702042589139854,0.3543551542478158,0.5952773758911183,0.4584190185511149,0.2615195477815294,0.4971021864011191,35.0,49,score,350,facebook/esm2_t12_35M_UR50D,hemopi2_all,esm
GaussianProcessRegressor,0.4324884743376926,0.4679254018598628,0.6840507304724284,0.5570402139402079,0.0248377701645607,0.3062950387418683,5.0,49,score,50,facebook/esm2_t12_35M_UR50D,hemopi2_all,esm
GaussianProcessRegressor,0.3180203651909943,0.3199300430948097,0.5656235878168535,0.4328281846696427,0.3332618982093268,0.5724048302222539,50.0,49,score,500,facebook/esm2_t12_35M_UR50D,hemopi2_all,esm
GaussianProcessRegressor,0.5149093620513641,0.457404778720234,0.6763170696649864,0.5375083267782069,0.0467628767719836,0.2081526889216368,35.0,49,score,75,facebook/esm2_t12_35M_UR50D,hemopi2_all,esm
GaussianProcessRegressor,0.2833775449648908,0.475761186239484,0.689754439086465,0.5183166260346275,0.0240095734098317,0.1508647351308979,20.0,50,score,100,facebook/esm2_t12_35M_UR50D,hemopi2_all,esm
GaussianProcessRegressor,0.232064371367055,0.5592999038080885,0.7478635596203952,0.5397258565802194,-0.1473641976222939,,0.0,50,score,20,facebook/esm2_t12_35M_UR50D,hemopi2_all,esm
GaussianProcessRegressor,0.2543034398529125,0.4284486054389392,0.6545598562690346,0.4952163176897384,0.1210679868621675,0.3301731758776531,15.0,50,score,200,facebook/esm2_t12_35M_UR50D,hemopi2_all,esm
GaussianProcessRegressor,0.1968531054386451,0.4010930191195856,0.6333190500210661,0.4664692959798723,0.1771860375431885,0.4651439214045542,30.0,50,score,350,facebook/esm2_t12_35M_UR50D,hemopi2_all,esm
GaussianProcessRegressor,0.291626932649366,0.5115769122878921,0.7152460501728704,0.5305390428604535,-0.0494638556038304,0.0555520057888614,0.0,50,score,50,facebook/esm2_t12_35M_UR50D,hemopi2_all,esm
GaussianProcessRegressor,0.2060492990169474,0.3681616607008279,0.6067632657806733,0.4504420925052259,0.2447423903540679,0.5301770701242474,40.0,50,score,500,facebook/esm2_t12_35M_UR50D,hemopi2_all,esm
GaussianProcessRegressor,0.2141961325381016,0.5080892220861772,0.7128037753029772,0.5315512541548221,-0.0423091058128866,0.0306558252574916,20.0,50,score,75,facebook/esm2_t12_35M_UR50D,hemopi2_all,esm
GaussianProcessRegressor,0.3795626911617198,0.3813167469694465,0.6175084995119068,0.4641473538023447,0.0947132761271427,0.2602229277042245,40.0,51,score,100,facebook/esm2_t12_35M_UR50D,hemopi2_all,esm
GaussianProcessRegressor,0.292670446714811,0.4215796369969195,0.6492916424819586,0.4842747765245659,-0.0008751293030144,-0.0434691024855407,0.0,51,score,20,facebook/esm2_t12_35M_UR50D,hemopi2_all,esm
GaussianProcessRegressor,0.2813616831990184,0.3991048110335474,0.6317474266141078,0.4544633916504091,0.0524825103173194,0.2822854652108116,30.0,51,score,200,facebook/esm2_t12_35M_UR50D,hemopi2_all,esm
GaussianProcessRegressor,0.2518953950048083,0.3687493357460758,0.607247343136284,0.4439212290613817,0.1245496539531602,0.3423828010843642,40.0,51,score,350,facebook/esm2_t12_35M_UR50D,hemopi2_all,esm
GaussianProcessRegressor,0.4356762827195849,0.4250158190013473,0.6519323730275612,0.4946952861092713,-0.0090329927436896,0.129827047375808,0.0,51,score,50,facebook/esm2_t12_35M_UR50D,hemopi2_all,esm
GaussianProcessRegressor,0.2574607668720509,0.3359082248551983,0.5795759008578586,0.4361736644811508,0.2025179622507495,0.3687782728532703,35.0,51,score,500,facebook/esm2_t12_35M_UR50D,hemopi2_all,esm
GaussianProcessRegressor,0.3467917474875766,0.4054044134003008,0.6367137609635124,0.4618854358765846,0.0375265808082572,0.2122333126121924,0.0,51,score,75,facebook/esm2_t12_35M_UR50D,hemopi2_all,esm
GaussianProcessRegressor,0.1747122987370907,0.4186623014464508,0.6470411899148699,0.4894589354134877,0.1330576388823384,0.3964504739886952,5.0,42,score,100,facebook/esm2_t30_150M_UR50D,hemopi2_all,esm
GaussianProcessRegressor,0.1681334342350154,0.4843930793463887,0.6959835338184293,0.5455748979215356,-0.0030539613114071,0.2237972253152542,10.0,42,score,20,facebook/esm2_t30_150M_UR50D,hemopi2_all,esm
GaussianProcessRegressor,0.1967027365389677,0.4032887864456053,0.6350502235615741,0.4756434133500195,0.1648922496114715,0.4516072881623433,10.0,42,score,200,facebook/esm2_t30_150M_UR50D,hemopi2_all,esm
GaussianProcessRegressor,0.2113444255593909,0.3628182292299743,0.6023439459561076,0.4658015722290384,0.248696404671643,0.5034920126600508,15.0,42,score,350,facebook/esm2_t30_150M_UR50D,hemopi2_all,esm
GaussianProcessRegressor,0.2504485750213894,0.4862418096795435,0.6973104112800436,0.5492010827006399,-0.0068822081694541,0.1622612072064938,0.0,42,score,50,facebook/esm2_t30_150M_UR50D,hemopi2_all,esm
GaussianProcessRegressor,0.2287695364051828,0.3603719298044058,0.6003098614918847,0.4553960515770743,0.2537620640173159,0.4943900443278954,10.0,42,score,500,facebook/esm2_t30_150M_UR50D,hemopi2_all,esm
GaussianProcessRegressor,0.210282840268786,0.4346360333749818,0.659269317786731,0.4982554255787565,0.0999801326771313,0.3210005964740448,5.0,42,score,75,facebook/esm2_t30_150M_UR50D,hemopi2_all,esm
GaussianProcessRegressor,0.285675978261782,0.4017201756639827,0.6338139913760051,0.4889316910430532,0.0003083377739738,0.2056253873154665,10.0,43,score,100,facebook/esm2_t30_150M_UR50D,hemopi2_all,esm
GaussianProcessRegressor,0.3158989965042303,0.390931609859423,0.6252452397735012,0.4613990096893093,0.0271559793303605,0.251788341202109,10.0,43,score,20,facebook/esm2_t30_150M_UR50D,hemopi2_all,esm
GaussianProcessRegressor,0.3062818295194225,0.3415174154773782,0.5843949139728872,0.4580059363016885,0.1501245557472588,0.3686178384047069,20.0,43,score,200,facebook/esm2_t30_150M_UR50D,hemopi2_all,esm
GaussianProcessRegressor,0.2725774024813411,0.3039687183192637,0.5513335817082646,0.432593048724862,0.2435655172682328,0.4452045997331326,40.0,43,score,350,facebook/esm2_t30_150M_UR50D,hemopi2_all,esm
GaussianProcessRegressor,0.2957844611630126,0.4106590901940369,0.6408268800495474,0.5137227599441897,-0.0219363959147838,0.2193690531055078,0.0,43,score,50,facebook/esm2_t30_150M_UR50D,hemopi2_all,esm
GaussianProcessRegressor,0.2485299754088242,0.2906137250851908,0.5390860089866837,0.4037863410984307,0.2767997837899993,0.5203938777739147,25.0,43,score,500,facebook/esm2_t30_150M_UR50D,hemopi2_all,esm
GaussianProcessRegressor,0.2839741998423329,0.3623601649831389,0.6019635910776822,0.4733879050828553,0.0982568026170226,0.3057498183310749,5.0,43,score,75,facebook/esm2_t30_150M_UR50D,hemopi2_all,esm
GaussianProcessRegressor,0.2662287542230167,0.482011036623648,0.6942701467178666,0.5352798099512543,0.0515222388112004,0.3228188308073774,0.0,44,score,100,facebook/esm2_t30_150M_UR50D,hemopi2_all,esm
GaussianProcessRegressor,0.229978033388715,0.5160205283485232,0.7183456886127481,0.561429476173824,-0.0153999769047126,-0.0016013844516815,0.0,44,score,20,facebook/esm2_t30_150M_UR50D,hemopi2_all,esm
GaussianProcessRegressor,0.2449604915931964,0.4560239066909461,0.6752954217903052,0.5244923733229147,0.1026584430586079,0.3766573565865355,5.0,44,score,200,facebook/esm2_t30_150M_UR50D,hemopi2_all,esm
GaussianProcessRegressor,0.2160563558292517,0.4490068370747384,0.6700797244169819,0.5139158284295524,0.1164662897135451,0.4333445169181589,5.0,44,score,350,facebook/esm2_t30_150M_UR50D,hemopi2_all,esm
GaussianProcessRegressor,0.3023944913781247,0.4964475755310353,0.7045903600894887,0.5517695289674721,0.0231147230868562,0.1761493626502032,0.0,44,score,50,facebook/esm2_t30_150M_UR50D,hemopi2_all,esm
GaussianProcessRegressor,0.2546409304868494,0.3985601809397369,0.6313162289532377,0.4909040149692863,0.2157327542442041,0.4986274575742386,25.0,44,score,500,facebook/esm2_t30_150M_UR50D,hemopi2_all,esm
GaussianProcessRegressor,0.2788495743254872,0.4944710650607317,0.7031863658097558,0.5530885621491388,0.0270040037949732,0.2524824092869277,0.0,44,score,75,facebook/esm2_t30_150M_UR50D,hemopi2_all,esm
GaussianProcessRegressor,0.3076037446830433,0.4374774193042771,0.661420758144373,0.512282309533048,0.0511561736454966,0.2058666469449743,15.0,45,score,100,facebook/esm2_t30_150M_UR50D,hemopi2_all,esm
GaussianProcessRegressor,0.3298292429730749,0.4615355351249832,0.6793640667013403,0.5308836366196217,-0.0010234216042448,,5.0,45,score,20,facebook/esm2_t30_150M_UR50D,hemopi2_all,esm
GaussianProcessRegressor,0.3274637036069447,0.4023639363121835,0.6343216347502136,0.4953442168903301,0.1273137307871577,0.3743732893336846,20.0,45,score,200,facebook/esm2_t30_150M_UR50D,hemopi2_all,esm
GaussianProcessRegressor,0.2703502986374528,0.3656630893200521,0.6047008262935086,0.4748977786948566,0.2069141182673729,0.4808804164499137,25.0,45,score,350,facebook/esm2_t30_150M_UR50D,hemopi2_all,esm
GaussianProcessRegressor,0.2615762369998761,0.4623480412041473,0.6799617939297379,0.5403237639619161,-0.0027856642779726,0.0102770202651914,5.0,45,score,50,facebook/esm2_t30_150M_UR50D,hemopi2_all,esm
GaussianProcessRegressor,0.2412927610645407,0.3589605934324371,0.5991332017443509,0.4719380026089117,0.2214511470681822,0.499225701742952,30.0,45,score,500,facebook/esm2_t30_150M_UR50D,hemopi2_all,esm
GaussianProcessRegressor,0.3150415716584317,0.465437275893419,0.6822296357484179,0.5465684093462158,-0.0094858986986134,0.0592242068091007,10.0,45,score,75,facebook/esm2_t30_150M_UR50D,hemopi2_all,esm
GaussianProcessRegressor,0.3699310332990267,0.4640494541837246,0.6812117542906351,0.5110535551896319,0.0274228109423738,0.2046224171188919,5.0,46,score,100,facebook/esm2_t30_150M_UR50D,hemopi2_all,esm
GaussianProcessRegressor,0.1521645215099696,0.534517869627048,0.7311072900929438,0.5350144414411523,-0.1202682870458116,0.1057675875905961,0.0,46,score,20,facebook/esm2_t30_150M_UR50D,hemopi2_all,esm
GaussianProcessRegressor,0.3793011954232085,0.4313589970512158,0.6567792605215361,0.4898409478488277,0.0959370449756208,0.3709084907611565,15.0,46,score,200,facebook/esm2_t30_150M_UR50D,hemopi2_all,esm
GaussianProcessRegressor,0.2670767027158415,0.4055954883655422,0.6368637910617483,0.4813469630210544,0.1499334469363775,0.4304697863807369,20.0,46,score,350,facebook/esm2_t30_150M_UR50D,hemopi2_all,esm
GaussianProcessRegressor,0.2573213369222638,0.5218081688429284,0.722362906607841,0.5449303145264355,-0.0936306841978,0.0413415669862901,5.0,46,score,50,facebook/esm2_t30_150M_UR50D,hemopi2_all,esm
GaussianProcessRegressor,0.2457680080987893,0.383690402027345,0.6194274792317056,0.4642675374687129,0.1958431815665872,0.4684333394592218,20.0,46,score,500,facebook/esm2_t30_150M_UR50D,hemopi2_all,esm
GaussianProcessRegressor,0.3888377070599274,0.4649231319545331,0.681852720134292,0.514322598410392,0.0255917150046148,0.1675668595072546,5.0,46,score,75,facebook/esm2_t30_150M_UR50D,hemopi2_all,esm
GaussianProcessRegressor,0.2233363008306596,0.3962146253034602,0.6294558168000834,0.4492547360970692,0.084791935282443,0.3068276208355257,20.0,47,score,100,facebook/esm2_t30_150M_UR50D,hemopi2_all,esm
GaussianProcessRegressor,0.1886234560088376,0.5514361846720888,0.7425874929407906,0.5527192477331833,-0.2737511721139594,-0.0279802245552211,0.0,47,score,20,facebook/esm2_t30_150M_UR50D,hemopi2_all,esm
GaussianProcessRegressor,0.2415402669303836,0.3716576840683702,0.6096373381514376,0.4370174515786411,0.1415155119195652,0.4260694303561592,30.0,47,score,200,facebook/esm2_t30_150M_UR50D,hemopi2_all,esm
GaussianProcessRegressor,0.2422060662658138,0.3355407502797823,0.5792587938735003,0.4241392802915546,0.2249412790801523,0.4543007338769536,20.0,47,score,350,facebook/esm2_t30_150M_UR50D,hemopi2_all,esm
GaussianProcessRegressor,0.2536194342324499,0.4173573780236885,0.6460320255402889,0.4773875837592489,0.0359547229128546,0.2676121408548769,0.0,47,score,50,facebook/esm2_t30_150M_UR50D,hemopi2_all,esm
GaussianProcessRegressor,0.2674005567173038,0.3173391095880006,0.563328598233749,0.4122401563812146,0.2669848768889189,0.4808484924210513,40.0,47,score,500,facebook/esm2_t30_150M_UR50D,hemopi2_all,esm
GaussianProcessRegressor,0.2252942663835547,0.4202734031758168,0.6482849706539685,0.4696154446307988,0.0292190560148872,0.2403021645864844,5.0,47,score,75,facebook/esm2_t30_150M_UR50D,hemopi2_all,esm
GaussianProcessRegressor,0.3593015330987441,0.471038956361396,0.6863227785534995,0.5609855243651654,-0.0271818236211096,0.1821936174535849,0.0,48,score,100,facebook/esm2_t30_150M_UR50D,hemopi2_all,esm
GaussianProcessRegressor,0.2766942892718159,0.4624068032019953,0.6800050023360088,0.5471211040577905,-0.0083579223188845,0.0276987968831983,5.0,48,score,20,facebook/esm2_t30_150M_UR50D,hemopi2_all,esm
GaussianProcessRegressor,0.2759289932336507,0.4360194785384209,0.6603177103019583,0.5110754209139831,0.0491841979290574,0.2913954456393496,0.0,48,score,200,facebook/esm2_t30_150M_UR50D,hemopi2_all,esm
GaussianProcessRegressor,0.2539256833422814,0.398102294773474,0.6309534806730794,0.4874756436731719,0.1318691679092746,0.4112883112068875,5.0,48,score,350,facebook/esm2_t30_150M_UR50D,hemopi2_all,esm
GaussianProcessRegressor,0.2951926174471172,0.5057279180286361,0.7111454970880686,0.5784782335234039,-0.1028270975919116,0.1349749290257578,0.0,48,score,50,facebook/esm2_t30_150M_UR50D,hemopi2_all,esm
GaussianProcessRegressor,0.2452137067716083,0.3649870936296116,0.6041416171971697,0.4624183648431766,0.204082585167347,0.4863478437609718,15.0,48,score,500,facebook/esm2_t30_150M_UR50D,hemopi2_all,esm
GaussianProcessRegressor,0.4080472499024279,0.4769991279835658,0.6906512346934347,0.566548829256302,-0.0401790075552088,0.0700686116691148,0.0,48,score,75,facebook/esm2_t30_150M_UR50D,hemopi2_all,esm
GaussianProcessRegressor,0.4077798399109129,0.405613529465636,0.6368779549220055,0.4919726041624463,0.1546964702643121,0.3864938361155234,35.0,49,score,100,facebook/esm2_t30_150M_UR50D,hemopi2_all,esm
GaussianProcessRegressor,0.7524860646094202,0.511470139389159,0.7151714056008944,0.5936161976169049,-0.0659099925725956,0.2824356412715837,10.0,49,score,20,facebook/esm2_t30_150M_UR50D,hemopi2_all,esm
GaussianProcessRegressor,0.3945696866973923,0.3567979865677509,0.5973256955528959,0.4653750728530946,0.2564286555094841,0.4998054562278788,35.0,49,score,200,facebook/esm2_t30_150M_UR50D,hemopi2_all,esm
GaussianProcessRegressor,0.3639860224123841,0.3495365059492282,0.5912161245680198,0.4639269976839579,0.2715616694551261,0.4996574778682101,35.0,49,score,350,facebook/esm2_t30_150M_UR50D,hemopi2_all,esm
GaussianProcessRegressor,0.4544970393255705,0.4428508905010688,0.6654704279688683,0.5277151451027898,0.0770933568702351,0.3901992007977821,5.0,49,score,50,facebook/esm2_t30_150M_UR50D,hemopi2_all,esm
GaussianProcessRegressor,0.3277457327676892,0.3304569204448825,0.5748538252850741,0.4468551694461681,0.3113237577512554,0.5284676449466245,40.0,49,score,500,facebook/esm2_t30_150M_UR50D,hemopi2_all,esm
GaussianProcessRegressor,0.4567625057108894,0.5114422384225599,0.7151518988456648,0.5510691137681087,-0.0658518466187849,0.2749479694603972,35.0,49,score,75,facebook/esm2_t30_150M_UR50D,hemopi2_all,esm
GaussianProcessRegressor,0.2645017401744892,0.4371394149842794,0.661165194928075,0.5042734234071059,0.103239405714943,0.3142419775330753,30.0,50,score,100,facebook/esm2_t30_150M_UR50D,hemopi2_all,esm
GaussianProcessRegressor,0.2320643713203957,0.5592999036003944,0.7478635594815369,0.539725855923224,-0.147364197196224,-0.0552924120117297,0.0,50,score,20,facebook/esm2_t30_150M_UR50D,hemopi2_all,esm
GaussianProcessRegressor,0.2372893373986489,0.403798744650731,0.6354516068519546,0.4835919562631988,0.1716354329714882,0.4023377758227278,30.0,50,score,200,facebook/esm2_t30_150M_UR50D,hemopi2_all,esm
GaussianProcessRegressor,0.197819275697525,0.3926200113066251,0.6265939764365958,0.4656479795108577,0.1945678138399009,0.4757777473610826,25.0,50,score,350,facebook/esm2_t30_150M_UR50D,hemopi2_all,esm
GaussianProcessRegressor,0.2815153057552174,0.4827314722520398,0.6947887968671054,0.5194008742114911,0.0097105246105348,0.216632168338907,20.0,50,score,50,facebook/esm2_t30_150M_UR50D,hemopi2_all,esm
GaussianProcessRegressor,0.200637548010777,0.3670989741778788,0.6058869318427976,0.4550902568503832,0.2469224166001404,0.5243888304281987,15.0,50,score,500,facebook/esm2_t30_150M_UR50D,hemopi2_all,esm
GaussianProcessRegressor,0.2096175849461748,0.466130029311334,0.6827371597557395,0.5123154555989787,0.0437672107092527,0.241286631836558,25.0,50,score,75,facebook/esm2_t30_150M_UR50D,hemopi2_all,esm
GaussianProcessRegressor,0.3526558705892143,0.4035878438414188,0.6352856395680756,0.4776208351248123,0.0418393111504661,0.209049230791042,40.0,51,score,100,facebook/esm2_t30_150M_UR50D,hemopi2_all,esm
GaussianProcessRegressor,0.2926584282306878,0.4215790604718503,0.6492911985171602,0.4842726399034406,-0.0008737605708637,0.071266020328564,0.0,51,score,20,facebook/esm2_t30_150M_UR50D,hemopi2_all,esm
GaussianProcessRegressor,0.2778231245059263,0.4128556335733521,0.6425384296470928,0.4700606299256171,0.0198365875076028,0.2402187608236654,40.0,51,score,200,facebook/esm2_t30_150M_UR50D,hemopi2_all,esm
GaussianProcessRegressor,0.2679807973269658,0.3967213734878877,0.629858216972588,0.4611379586269855,0.0581410458639859,0.3304011568840008,45.0,51,score,350,facebook/esm2_t30_150M_UR50D,hemopi2_all,esm
GaussianProcessRegressor,0.4362103446348976,0.4249020039260357,0.6518450766294364,0.4946209036316774,-0.0087627835869321,0.1355249310677909,0.0,51,score,50,facebook/esm2_t30_150M_UR50D,hemopi2_all,esm
GaussianProcessRegressor,0.2831879511095093,0.3403398806930297,0.5833865619750165,0.4372203016016746,0.1919967375034822,0.3420832131687433,35.0,51,score,500,facebook/esm2_t30_150M_UR50D,hemopi2_all,esm
GaussianProcessRegressor,0.3619610569498514,0.4234552295900083,0.6507343771386359,0.4786613918750415,-0.0053279866385818,0.148101862217799,0.0,51,score,75,facebook/esm2_t30_150M_UR50D,hemopi2_all,esm
GaussianProcessRegressor,0.1741948171817627,0.4013090401902294,0.6334895738607144,0.4748083464987113,0.1689917968769397,0.4529126862475606,0.0,42,score,100,facebook/esm2_t33_650M_UR50D,hemopi2_all,esm
GaussianProcessRegressor,0.1681334347405168,0.4843930793893227,0.6959835338492734,0.5455748979572677,-0.0030539614003124,0.1003242386603497,0.0,42,score,20,facebook/esm2_t33_650M_UR50D,hemopi2_all,esm
GaussianProcessRegressor,0.2078372510604055,0.3796105356229828,0.616125421990509,0.4626215576090248,0.2139238404768988,0.5080966762089176,15.0,42,score,200,facebook/esm2_t33_650M_UR50D,hemopi2_all,esm
GaussianProcessRegressor,0.2194986053622446,0.3400520816147788,0.5831398473906398,0.4471834411881561,0.2958392634838193,0.5398271451434794,30.0,42,score,350,facebook/esm2_t33_650M_UR50D,hemopi2_all,esm
GaussianProcessRegressor,0.2388818266515713,0.4564861222778356,0.6756375672487696,0.5197716335615996,0.0547341967554473,0.2456037261495547,5.0,42,score,50,facebook/esm2_t33_650M_UR50D,hemopi2_all,esm
GaussianProcessRegressor,0.2195860637142805,0.3305660181483298,0.57494870914572,0.4465872181794857,0.3154824705050923,0.5647861375900919,20.0,42,score,500,facebook/esm2_t33_650M_UR50D,hemopi2_all,esm
GaussianProcessRegressor,0.2088660229952239,0.4296893459435658,0.655506938135338,0.4887827322082326,0.1102234549602372,0.3727340776302622,0.0,42,score,75,facebook/esm2_t33_650M_UR50D,hemopi2_all,esm
GaussianProcessRegressor,0.2696072412082317,0.3785238337577852,0.6152429063043192,0.4734276048957141,0.0580330700691382,0.2969598683842233,15.0,43,score,100,facebook/esm2_t33_650M_UR50D,hemopi2_all,esm
GaussianProcessRegressor,0.3210721045312907,0.3635818784466241,0.6029775107303954,0.4596273632025573,0.0952165351944148,0.3274917713135666,35.0,43,score,20,facebook/esm2_t33_650M_UR50D,hemopi2_all,esm
GaussianProcessRegressor,0.2726404204113624,0.3331557502047607,0.5771964572004584,0.4370048349983676,0.1709327888451964,0.3935697963809828,15.0,43,score,200,facebook/esm2_t33_650M_UR50D,hemopi2_all,esm
GaussianProcessRegressor,0.2391809230051633,0.2891108831015031,0.5376903226779361,0.4137132900636758,0.28053964723662,0.4800566381848745,30.0,43,score,350,facebook/esm2_t33_650M_UR50D,hemopi2_all,esm
GaussianProcessRegressor,0.2857247613489739,0.3818008222320227,0.6179003335749405,0.4891058421309754,0.0498781944782091,0.3003852438867381,0.0,43,score,50,facebook/esm2_t33_650M_UR50D,hemopi2_all,esm
GaussianProcessRegressor,0.2335477712223925,0.2868767490905345,0.5356087649493187,0.3947241510857125,0.2860993509268051,0.5381579350591411,30.0,43,score,500,facebook/esm2_t33_650M_UR50D,hemopi2_all,esm
GaussianProcessRegressor,0.2760087013504661,0.3818429045185489,0.6179343852858076,0.4685849328845327,0.0497734715553485,0.2408294637707893,5.0,43,score,75,facebook/esm2_t33_650M_UR50D,hemopi2_all,esm
GaussianProcessRegressor,0.254319082306674,0.4858254418339796,0.6970117946161167,0.5345833140822837,0.0440164386546221,0.361915801189543,0.0,44,score,100,facebook/esm2_t33_650M_UR50D,hemopi2_all,esm
GaussianProcessRegressor,0.229978033388715,0.5160205283486226,0.7183456886128172,0.5614294761738837,-0.015399976904908,,5.0,44,score,20,facebook/esm2_t33_650M_UR50D,hemopi2_all,esm
GaussianProcessRegressor,0.2421066052084073,0.4590089390205208,0.677501984514083,0.52375774285245,0.0967846423239542,0.3943355387696036,5.0,44,score,200,facebook/esm2_t33_650M_UR50D,hemopi2_all,esm
GaussianProcessRegressor,0.2161989324435784,0.4434220919356366,0.6658994608314657,0.5112995179491756,0.1274556782625073,0.4305383183365128,5.0,44,score,350,facebook/esm2_t33_650M_UR50D,hemopi2_all,esm
GaussianProcessRegressor,0.305877392173595,0.5152538944922247,0.717811879598147,0.5617381558896093,-0.0138914322689571,0.1029042527550827,0.0,44,score,50,facebook/esm2_t33_650M_UR50D,hemopi2_all,esm
GaussianProcessRegressor,0.2455502794335358,0.3962346837438485,0.6294717497583577,0.4938907124467364,0.2203087539753663,0.4872244225693149,25.0,44,score,500,facebook/esm2_t33_650M_UR50D,hemopi2_all,esm
GaussianProcessRegressor,0.2814746137462071,0.5097616497051702,0.7139759447664678,0.562627734796845,-0.0030840613921081,0.2247492062353304,0.0,44,score,75,facebook/esm2_t33_650M_UR50D,hemopi2_all,esm
GaussianProcessRegressor,0.304888017930747,0.4374883331025413,0.6614290083618508,0.5128234492516949,0.0511325027321004,0.2430164870709191,5.0,45,score,100,facebook/esm2_t33_650M_UR50D,hemopi2_all,esm
GaussianProcessRegressor,0.3298292429730447,0.4615355351249832,0.6793640667013403,0.5308836366196217,-0.0010234216042448,,5.0,45,score,20,facebook/esm2_t33_650M_UR50D,hemopi2_all,esm
GaussianProcessRegressor,0.3230721234830621,0.3760555035992466,0.6132336451950812,0.4780659852827644,0.1843740334661647,0.4308484138440123,20.0,45,score,200,facebook/esm2_t33_650M_UR50D,hemopi2_all,esm
GaussianProcessRegressor,0.2627432542468753,0.3538580980540231,0.5948597297296423,0.467377713861399,0.2325179382331065,0.5003474910017017,25.0,45,score,350,facebook/esm2_t33_650M_UR50D,hemopi2_all,esm
GaussianProcessRegressor,0.2615762369944246,0.4623480412041473,0.6799617939297379,0.5403237639619161,-0.0027856642779726,,5.0,45,score,50,facebook/esm2_t33_650M_UR50D,hemopi2_all,esm
GaussianProcessRegressor,0.2378021526038078,0.3259653148850592,0.5709337219722261,0.4535126474404552,0.293014535181596,0.5435207483746773,35.0,45,score,500,facebook/esm2_t33_650M_UR50D,hemopi2_all,esm
GaussianProcessRegressor,0.3150415721870095,0.4654372758934217,0.6822296357484199,0.5465684093462168,-0.0094858986986194,,5.0,45,score,75,facebook/esm2_t33_650M_UR50D,hemopi2_all,esm
GaussianProcessRegressor,0.3904324598332142,0.4309641755314262,0.6564786177259897,0.4911371363871779,0.0967645309265997,0.3847869035756652,5.0,46,score,100,facebook/esm2_t33_650M_UR50D,hemopi2_all,esm
GaussianProcessRegressor,0.1521645216099027,0.5345156635253707,0.7311057813513518,0.5350375018849575,-0.1202636633916975,-0.0521422982190005,0.0,46,score,20,facebook/esm2_t33_650M_UR50D,hemopi2_all,esm
GaussianProcessRegressor,0.3776755132571008,0.4031860112846162,0.6349692994819641,0.4711197804426265,0.1549833450137018,0.4724734463973921,15.0,46,score,200,facebook/esm2_t33_650M_UR50D,hemopi2_all,esm
GaussianProcessRegressor,0.2670032393302023,0.3646318284422284,0.6038475208545849,0.4548092529750988,0.2357870577154468,0.5190907296556576,10.0,46,score,350,facebook/esm2_t33_650M_UR50D,hemopi2_all,esm
GaussianProcessRegressor,0.2834788860200871,0.500018745513545,0.7071200361420577,0.5253464942310013,-0.0479633616703867,0.0209870672205067,0.0,46,score,50,facebook/esm2_t33_650M_UR50D,hemopi2_all,esm
GaussianProcessRegressor,0.2429827623777176,0.3539614976697963,0.5949466343041167,0.4458205997157467,0.2581504507017004,0.5272459336932216,25.0,46,score,500,facebook/esm2_t33_650M_UR50D,hemopi2_all,esm
GaussianProcessRegressor,0.4132071159310564,0.4373440023966818,0.6613198941485746,0.5018264203687474,0.0833933826075068,0.3201409677671238,5.0,46,score,75,facebook/esm2_t33_650M_UR50D,hemopi2_all,esm
GaussianProcessRegressor,0.2289628808892793,0.3749822293632156,0.6123579258597178,0.4271099315496044,0.1338362126937202,0.4185215490504233,15.0,47,score,100,facebook/esm2_t33_650M_UR50D,hemopi2_all,esm
GaussianProcessRegressor,0.1707592746035323,0.4900612398072143,0.7000437413527917,0.5112822288497161,-0.1319824414193078,-0.2101513172296157,0.0,47,score,20,facebook/esm2_t33_650M_UR50D,hemopi2_all,esm
GaussianProcessRegressor,0.2304415007292195,0.3661748722013531,0.6051238486469965,0.4317025995973362,0.1541801469874403,0.422071377233351,40.0,47,score,200,facebook/esm2_t33_650M_UR50D,hemopi2_all,esm
GaussianProcessRegressor,0.246332914578558,0.3144519205165641,0.5607601274311184,0.4055877088313475,0.2736539359134798,0.5031451498183154,20.0,47,score,350,facebook/esm2_t33_650M_UR50D,hemopi2_all,esm
GaussianProcessRegressor,0.2437926036898684,0.4238445364242317,0.6510334372551319,0.480997625206964,0.0209701683151283,0.2510920766209861,0.0,47,score,50,facebook/esm2_t33_650M_UR50D,hemopi2_all,esm
GaussianProcessRegressor,0.2629761921756745,0.2992374194344699,0.5470259769283996,0.4032251341260602,0.3087976009922786,0.5204264712601826,50.0,47,score,500,facebook/esm2_t33_650M_UR50D,hemopi2_all,esm
GaussianProcessRegressor,0.2257434752269222,0.4225916247424366,0.6500704767503572,0.4699290858487164,0.0238642434005177,0.3102944604085624,0.0,47,score,75,facebook/esm2_t33_650M_UR50D,hemopi2_all,esm
GaussianProcessRegressor,0.3521211327300263,0.4120410562721707,0.6419042422917696,0.5108861484784384,0.1014732903244363,0.3704120719805851,5.0,48,score,100,facebook/esm2_t33_650M_UR50D,hemopi2_all,esm
GaussianProcessRegressor,0.2766942892553384,0.4624068032019953,0.6800050023360088,0.5471211040577905,-0.0083579223188847,,5.0,48,score,20,facebook/esm2_t33_650M_UR50D,hemopi2_all,esm
GaussianProcessRegressor,0.2226844820409811,0.3906838940941184,0.6250471134995492,0.4719939829627096,0.1480462722342219,0.4466744116492065,5.0,48,score,200,facebook/esm2_t33_650M_UR50D,hemopi2_all,esm
GaussianProcessRegressor,0.21766030484589,0.3568744301140009,0.5973896802874996,0.4543278683965444,0.2217736495514061,0.5162666085875135,5.0,48,score,350,facebook/esm2_t33_650M_UR50D,hemopi2_all,esm
GaussianProcessRegressor,0.2878550970123364,0.4493032958272286,0.6703008994677156,0.5381636052230552,0.0202165393456379,0.209462366094552,0.0,48,score,50,facebook/esm2_t33_650M_UR50D,hemopi2_all,esm
GaussianProcessRegressor,0.2295725030601532,0.3397948574721786,0.5829192546761331,0.446036096759891,0.2590186084575991,0.5540330237438655,15.0,48,score,500,facebook/esm2_t33_650M_UR50D,hemopi2_all,esm
GaussianProcessRegressor,0.4080472381291214,0.4769991224641388,0.6906512306976212,0.5665488264404364,-0.0401789955191447,0.1412739348475098,0.0,48,score,75,facebook/esm2_t33_650M_UR50D,hemopi2_all,esm
GaussianProcessRegressor,0.346662156630041,0.4133697795287535,0.6429383948161391,0.480013352512904,0.1385323507772144,0.4782529987111704,35.0,49,score,100,facebook/esm2_t33_650M_UR50D,hemopi2_all,esm
GaussianProcessRegressor,0.7143892700385247,0.452070469936396,0.6723618593706785,0.5509899004712373,0.057879641169904,0.3780405363091345,15.0,49,score,20,facebook/esm2_t33_650M_UR50D,hemopi2_all,esm
GaussianProcessRegressor,0.3700931000361801,0.3164607021042452,0.5625483997881828,0.4404883815571567,0.3404920470385447,0.5738749150426108,40.0,49,score,200,facebook/esm2_t33_650M_UR50D,hemopi2_all,esm
GaussianProcessRegressor,0.364475860930843,0.3003593553942945,0.5480505044193414,0.4340262618634122,0.3740474494565809,0.6125446084679658,55.00000000000001,49,score,350,facebook/esm2_t33_650M_UR50D,hemopi2_all,esm
GaussianProcessRegressor,0.3810259985979345,0.5399263206640561,0.734796788686543,0.5617163835768756,-0.1252130205217829,0.4111212858666995,5.0,49,score,50,facebook/esm2_t33_650M_UR50D,hemopi2_all,esm
GaussianProcessRegressor,0.3136775407592436,0.2915496067983341,0.539953337611996,0.4170541429056408,0.3924070727020384,0.6384250248881611,50.0,49,score,500,facebook/esm2_t33_650M_UR50D,hemopi2_all,esm
GaussianProcessRegressor,0.4112606113659679,0.4079860247085892,0.6387378372294765,0.4915586581081871,0.1497521613163549,0.4066439562049617,35.0,49,score,75,facebook/esm2_t33_650M_UR50D,hemopi2_all,esm
GaussianProcessRegressor,0.2770549823141951,0.5013716035374626,0.7080759871210593,0.5330576872915135,-0.0285283864464063,-0.0015620865762371,0.0,50,score,100,facebook/esm2_t33_650M_UR50D,hemopi2_all,esm
GaussianProcessRegressor,0.232064371367055,0.5592999038080885,0.7478635596203952,0.5397258565802194,-0.1473641976222939,,0.0,50,score,20,facebook/esm2_t33_650M_UR50D,hemopi2_all,esm
GaussianProcessRegressor,0.2242934974298577,0.3942232266945352,0.6278719827277971,0.4741114102011564,0.1912789308548675,0.4373632035289321,15.0,50,score,200,facebook/esm2_t33_650M_UR50D,hemopi2_all,esm
GaussianProcessRegressor,0.1934801193543982,0.3770307591492736,0.6140283048437374,0.4505996977942313,0.2265480621311442,0.5222738376023,30.0,50,score,350,facebook/esm2_t33_650M_UR50D,hemopi2_all,esm
GaussianProcessRegressor,0.2916269159577809,0.5115769122918582,0.7152460501756428,0.5305390428553873,-0.0494638556119662,0.0933557839348667,15.0,50,score,50,facebook/esm2_t33_650M_UR50D,hemopi2_all,esm
GaussianProcessRegressor,0.1954598043874043,0.3432230412629038,0.585852405698657,0.4393157368393672,0.2959022044115716,0.5528707050102002,30.0,50,score,500,facebook/esm2_t33_650M_UR50D,hemopi2_all,esm
GaussianProcessRegressor,0.2139491402400545,0.4806506019497258,0.6932896955456108,0.5159641763986793,0.0139792828715585,0.2002788068253897,20.0,50,score,75,facebook/esm2_t33_650M_UR50D,hemopi2_all,esm
GaussianProcessRegressor,0.365259723317393,0.4301398703568173,0.6558504939060558,0.4806654523445696,-0.021198038473825,0.3130461345560267,45.0,51,score,100,facebook/esm2_t33_650M_UR50D,hemopi2_all,esm
GaussianProcessRegressor,0.2926535715363532,0.4215789269736082,0.6492910957140936,0.4842740564999914,-0.0008734436317647,0.0737363637974976,0.0,51,score,20,facebook/esm2_t33_650M_UR50D,hemopi2_all,esm
GaussianProcessRegressor,0.277104622247997,0.3861070002116886,0.6213750881807932,0.4552375197980002,0.0833407028041617,0.3099221623615362,45.0,51,score,200,facebook/esm2_t33_650M_UR50D,hemopi2_all,esm
GaussianProcessRegressor,0.2375363396596822,0.3399297559231574,0.5830349525741637,0.4240417920796047,0.1929704175535919,0.4030598203702897,45.0,51,score,350,facebook/esm2_t33_650M_UR50D,hemopi2_all,esm
GaussianProcessRegressor,0.4363644391652775,0.4248253497546299,0.6517862761324681,0.494544814221067,-0.0085807983889183,0.2110929580974764,0.0,51,score,50,facebook/esm2_t33_650M_UR50D,hemopi2_all,esm
GaussianProcessRegressor,0.2532388152865152,0.3032593488162133,0.5506898844324393,0.4140836984295301,0.2800298844581212,0.4509743944507648,40.0,51,score,500,facebook/esm2_t33_650M_UR50D,hemopi2_all,esm
GaussianProcessRegressor,0.3417612802811646,0.4089625877949022,0.6395018278276476,0.4662238177337378,0.0290790943911054,0.2057607252973796,0.0,51,score,75,facebook/esm2_t33_650M_UR50D,hemopi2_all,esm
GaussianProcessRegressor,0.1849716548777309,0.4176301157269646,0.6462430778948155,0.4957282907542573,0.1351950310518068,0.394303298677127,5.0,42,score,100,facebook/esm2_t6_8M_UR50D,hemopi2_all,esm
GaussianProcessRegressor,0.1681333665226577,0.4843930684154971,0.6959835259655914,0.5455748694319345,-0.0030539386763313,0.0050803175660319,0.0,42,score,20,facebook/esm2_t6_8M_UR50D,hemopi2_all,esm
GaussianProcessRegressor,0.2101607792250291,0.3782376179268739,0.6150102583915766,0.4696182716447558,0.2167668012712496,0.477325666224514,5.0,42,score,200,facebook/esm2_t6_8M_UR50D,hemopi2_all,esm
GaussianProcessRegressor,0.2016217911629027,0.3501199024307155,0.5917093056820347,0.4682715723108546,0.2749913860434041,0.5005750327471773,45.0,42,score,350,facebook/esm2_t6_8M_UR50D,hemopi2_all,esm
GaussianProcessRegressor,0.2367769548309498,0.4841418797214519,0.6958030466457099,0.5442519654522221,-0.0025337912478449,0.2269700663403751,10.0,42,score,50,facebook/esm2_t6_8M_UR50D,hemopi2_all,esm
GaussianProcessRegressor,0.2135352076897764,0.347977123240613,0.5898958579619058,0.465820029461492,0.2794285327461361,0.498900600908724,25.0,42,score,500,facebook/esm2_t6_8M_UR50D,hemopi2_all,esm
GaussianProcessRegressor,0.2285166011854327,0.4280930741074135,0.6542882194472199,0.4953592495339367,0.1135289249532085,0.3715689277356775,5.0,42,score,75,facebook/esm2_t6_8M_UR50D,hemopi2_all,esm
GaussianProcessRegressor,0.2840663829933872,0.4013887952244417,0.633552519704911,0.4888029546307008,0.0011329870759075,0.2404715725046344,10.0,43,score,100,facebook/esm2_t6_8M_UR50D,hemopi2_all,esm
GaussianProcessRegressor,0.3134760100496503,0.4428361554288957,0.6654593567070011,0.5139434034074449,-0.1020099042393878,-0.0014371479565869,30.0,43,score,20,facebook/esm2_t6_8M_UR50D,hemopi2_all,esm
GaussianProcessRegressor,0.2807555537084293,0.3366838238700705,0.5802446241630081,0.4493246679696618,0.1621530808778286,0.3780784381898937,20.0,43,score,200,facebook/esm2_t6_8M_UR50D,hemopi2_all,esm
GaussianProcessRegressor,0.2643969255722243,0.2872491587869021,0.5359563030573502,0.4101608812897542,0.285172599195266,0.4739461662796426,35.0,43,score,350,facebook/esm2_t6_8M_UR50D,hemopi2_all,esm
GaussianProcessRegressor,0.2486066395645691,0.4346213717749297,0.6592581981097617,0.5241181791053952,-0.0815671900732721,0.2773417999570606,25.0,43,score,50,facebook/esm2_t6_8M_UR50D,hemopi2_all,esm
GaussianProcessRegressor,0.2463605527729736,0.286467702039493,0.5352267762729113,0.3982027297144406,0.2871172757191272,0.5420198140007556,25.0,43,score,500,facebook/esm2_t6_8M_UR50D,hemopi2_all,esm
GaussianProcessRegressor,0.2564450273442948,0.3640211645793993,0.6033416648793611,0.4739950230340802,0.0941233596188015,0.3307977206276281,20.0,43,score,75,facebook/esm2_t6_8M_UR50D,hemopi2_all,esm
GaussianProcessRegressor,0.2555003365983698,0.4718956929683822,0.6869466449211192,0.5323409505480229,0.0714267177024023,0.3402860332486466,0.0,44,score,100,facebook/esm2_t6_8M_UR50D,hemopi2_all,esm
GaussianProcessRegressor,0.2299780328002624,0.51601194144629,0.7183397117285735,0.5614251155663681,-0.0153830800181544,0.1249021293946495,10.0,44,score,20,facebook/esm2_t6_8M_UR50D,hemopi2_all,esm
GaussianProcessRegressor,0.2332050548293843,0.4369323411955269,0.6610085787609166,0.512455540520474,0.1402258926040075,0.4349127756632844,5.0,44,score,200,facebook/esm2_t6_8M_UR50D,hemopi2_all,esm
GaussianProcessRegressor,0.2119192696683093,0.4311113943821077,0.656590735833295,0.5068655764255073,0.1516800672641235,0.4557131219935323,5.0,44,score,350,facebook/esm2_t6_8M_UR50D,hemopi2_all,esm
GaussianProcessRegressor,0.304250984179451,0.5152519584232457,0.7178105310060905,0.5617372448375327,-0.0138876225670392,0.1606804269305375,0.0,44,score,50,facebook/esm2_t6_8M_UR50D,hemopi2_all,esm
GaussianProcessRegressor,0.2364185285108759,0.3876264332090127,0.622596525214374,0.4879271801336409,0.2372476486783279,0.4942029315624393,25.0,44,score,500,facebook/esm2_t6_8M_UR50D,hemopi2_all,esm
GaussianProcessRegressor,0.2808898401944387,0.4910163135875625,0.7007255622478479,0.5498828232545452,0.033802094904438,0.29322286145299,0.0,44,score,75,facebook/esm2_t6_8M_UR50D,hemopi2_all,esm
GaussianProcessRegressor,0.3135644021807222,0.4305411695197039,0.656156360572466,0.505640225162176,0.0662001907666807,0.2554681893914488,15.0,45,score,100,facebook/esm2_t6_8M_UR50D,hemopi2_all,esm
GaussianProcessRegressor,0.3255020506550415,0.4521091246235381,0.6723906042052775,0.5135025972921113,0.0194214996975298,0.2503707536474352,0.0,45,score,20,facebook/esm2_t6_8M_UR50D,hemopi2_all,esm
GaussianProcessRegressor,0.3187633437788018,0.3850710263925351,0.6205409143582196,0.4810940837002501,0.1648202856238781,0.3946130794845421,20.0,45,score,200,facebook/esm2_t6_8M_UR50D,hemopi2_all,esm
GaussianProcessRegressor,0.2674363051546236,0.3478210915497917,0.5897635895422773,0.4567539695884732,0.2456115885529596,0.4694399713985074,25.0,45,score,350,facebook/esm2_t6_8M_UR50D,hemopi2_all,esm
GaussianProcessRegressor,0.2568926577924961,0.4684052510489025,0.6844013815363778,0.5235797993083603,-0.0159231335792906,0.143838466338954,0.0,45,score,50,facebook/esm2_t6_8M_UR50D,hemopi2_all,esm
GaussianProcessRegressor,0.2386241924486753,0.3348422027884841,0.5786555130546015,0.4479980919298175,0.2737614722513984,0.4913850367933188,20.0,45,score,500,facebook/esm2_t6_8M_UR50D,hemopi2_all,esm
GaussianProcessRegressor,0.3261541597485607,0.4624491420762291,0.6800361329195892,0.5272946768342354,-0.003004941740262,0.1296664118653727,15.0,45,score,75,facebook/esm2_t6_8M_UR50D,hemopi2_all,esm
GaussianProcessRegressor,0.3437817383710363,0.4875997985861037,0.6982834657831329,0.5189842757460261,-0.0219351347543721,0.2681290017711267,10.0,46,score,100,facebook/esm2_t6_8M_UR50D,hemopi2_all,esm
GaussianProcessRegressor,0.1521645216099066,0.5345361668486637,0.731119803348715,0.5349637562824108,-0.1203066352438455,-0.0360581987450786,0.0,46,score,20,facebook/esm2_t6_8M_UR50D,hemopi2_all,esm
GaussianProcessRegressor,0.3606036660162397,0.4321035440008114,0.6573458328770415,0.4898240391661192,0.09437658763033,0.3681957384820777,20.0,46,score,200,facebook/esm2_t6_8M_UR50D,hemopi2_all,esm
GaussianProcessRegressor,0.2606351622534599,0.3826013791642954,0.6185477986092065,0.4677731948174461,0.1981256081170662,0.445540552360509,10.0,46,score,350,facebook/esm2_t6_8M_UR50D,hemopi2_all,esm
GaussianProcessRegressor,0.2768070187146164,0.5072469008241365,0.7122126794884632,0.5294568627220776,-0.0631124775903975,0.1310069955029351,0.0,46,score,50,facebook/esm2_t6_8M_UR50D,hemopi2_all,esm
GaussianProcessRegressor,0.2366586106544517,0.3655440728812746,0.6046024089277802,0.4551097097115893,0.2338751318974935,0.4831669377678855,40.0,46,score,500,facebook/esm2_t6_8M_UR50D,hemopi2_all,esm
GaussianProcessRegressor,0.370436824911756,0.4527359808414448,0.672856582669327,0.5013987518987546,0.0511341330924404,0.2656517819702563,5.0,46,score,75,facebook/esm2_t6_8M_UR50D,hemopi2_all,esm
GaussianProcessRegressor,0.2132382221751041,0.3952929475875738,0.6287232678910284,0.4466553876826285,0.0869208998001047,0.3012909166226188,25.0,47,score,100,facebook/esm2_t6_8M_UR50D,hemopi2_all,esm
GaussianProcessRegressor,0.196184966842802,0.4577668868353742,0.6765847225849652,0.4815055726520759,-0.0573863755572097,-0.0467064987203482,0.0,47,score,20,facebook/esm2_t6_8M_UR50D,hemopi2_all,esm
GaussianProcessRegressor,0.2150814089399358,0.3623726207395387,0.601973936927122,0.4315289964380031,0.1629628899244823,0.4284692803771414,25.0,47,score,200,facebook/esm2_t6_8M_UR50D,hemopi2_all,esm
GaussianProcessRegressor,0.2204317487806121,0.3385610316789787,0.5818599760070964,0.4247894042821248,0.2179647928079863,0.4454673935825923,20.0,47,score,350,facebook/esm2_t6_8M_UR50D,hemopi2_all,esm
GaussianProcessRegressor,0.2286080263215605,0.4060559036175287,0.637225159278515,0.4732264150512862,0.0620597676516615,0.2464641649225289,20.0,47,score,50,facebook/esm2_t6_8M_UR50D,hemopi2_all,esm
GaussianProcessRegressor,0.2563449934672756,0.3207302232294511,0.5663304894047743,0.4157606681084351,0.2591518127998481,0.4540237689966053,35.0,47,score,500,facebook/esm2_t6_8M_UR50D,hemopi2_all,esm
GaussianProcessRegressor,0.2161438542381131,0.4143031311799201,0.6436638339847285,0.4650923967669942,0.0430096652712143,0.2480674587608413,20.0,47,score,75,facebook/esm2_t6_8M_UR50D,hemopi2_all,esm
GaussianProcessRegressor,0.357531023330277,0.438833736759192,0.6624452707652098,0.5259850817467158,0.0430472216719717,0.2344396123608154,0.0,48,score,100,facebook/esm2_t6_8M_UR50D,hemopi2_all,esm
GaussianProcessRegressor,0.2766943077444724,0.4624068023054842,0.6800050016768143,0.5471211034796822,-0.0083579203638874,0.0781488633964022,0.0,48,score,20,facebook/esm2_t6_8M_UR50D,hemopi2_all,esm
GaussianProcessRegressor,0.2503666980679918,0.4149252442162318,0.6441469119822215,0.4828414635562226,0.0951838202242741,0.3835464568339801,5.0,48,score,200,facebook/esm2_t6_8M_UR50D,hemopi2_all,esm
GaussianProcessRegressor,0.2234623860100449,0.3685244143004163,0.6070621173326634,0.458435238311102,0.1963688463177261,0.4894030362405672,0.0,48,score,350,facebook/esm2_t6_8M_UR50D,hemopi2_all,esm
GaussianProcessRegressor,0.2656015764931384,0.4702550929719573,0.6857514804737627,0.5396396022423733,-0.0254724740758975,0.1755525667652344,0.0,48,score,50,facebook/esm2_t6_8M_UR50D,hemopi2_all,esm
GaussianProcessRegressor,0.2267298103140814,0.3405591315640536,0.5835744438921684,0.4422448878410976,0.2573519767600795,0.5319514917997643,15.0,48,score,500,facebook/esm2_t6_8M_UR50D,hemopi2_all,esm
GaussianProcessRegressor,0.4176059559262675,0.4608851333363905,0.6788852136675172,0.5569365610812622,-0.0050396582848966,0.1536528360800736,0.0,48,score,75,facebook/esm2_t6_8M_UR50D,hemopi2_all,esm
GaussianProcessRegressor,0.4063723154470247,0.4350015405311135,0.6595464657862352,0.4976753570430615,0.0934514976957522,0.4065409187098775,30.0,49,score,100,facebook/esm2_t6_8M_UR50D,hemopi2_all,esm
GaussianProcessRegressor,0.7524856083919607,0.5114692830088066,0.7151708068767954,0.5936156936670461,-0.0659082078655233,0.2076730023368433,0.0,49,score,20,facebook/esm2_t6_8M_UR50D,hemopi2_all,esm
GaussianProcessRegressor,0.3881255079272296,0.3288512039351788,0.573455494293305,0.4455565995613469,0.3146700904911805,0.5218848645873405,45.0,49,score,200,facebook/esm2_t6_8M_UR50D,hemopi2_all,esm
GaussianProcessRegressor,0.3656578933920716,0.3191510541203504,0.5649345573784191,0.4302053550692405,0.3348853207085791,0.555472687297554,30.0,49,score,350,facebook/esm2_t6_8M_UR50D,hemopi2_all,esm
GaussianProcessRegressor,0.3871621823804074,0.4935681450905006,0.7025440520639974,0.5442401349982837,-0.0286020186746338,0.3788678131219487,25.0,49,score,50,facebook/esm2_t6_8M_UR50D,hemopi2_all,esm
GaussianProcessRegressor,0.3056578649719433,0.3024361305903252,0.5499419338351325,0.4175862914462554,0.3697194246838743,0.5875020318843119,35.0,49,score,500,facebook/esm2_t6_8M_UR50D,hemopi2_all,esm
GaussianProcessRegressor,0.4742789585040149,0.4479923698030614,0.6693223213094431,0.5064928431388938,0.0663784514582706,0.3647738586452509,35.0,49,score,75,facebook/esm2_t6_8M_UR50D,hemopi2_all,esm
GaussianProcessRegressor,0.2887947696622416,0.461420350938063,0.6792792878765427,0.5061194462859748,0.0534287828121891,0.2612766556262607,15.0,50,score,100,facebook/esm2_t6_8M_UR50D,hemopi2_all,esm
GaussianProcessRegressor,0.232064371367055,0.5592999038078595,0.7478635596202422,0.5397258565795859,-0.1473641976218243,0.0466314458939152,0.0,50,score,20,facebook/esm2_t6_8M_UR50D,hemopi2_all,esm
GaussianProcessRegressor,0.2340992049752602,0.4013380735487137,0.6335124888656212,0.4725801141940203,0.1766833257126734,0.3655408279746456,15.0,50,score,200,facebook/esm2_t6_8M_UR50D,hemopi2_all,esm
GaussianProcessRegressor,0.1841355463073829,0.3875448763964023,0.6225310244448885,0.4683886422136966,0.2049790941824247,0.449158902417149,20.0,50,score,350,facebook/esm2_t6_8M_UR50D,hemopi2_all,esm
GaussianProcessRegressor,0.2817807415305268,0.4933074528482613,0.7023584931132115,0.520773168787976,-0.0119853516237229,0.1322038555660244,15.0,50,score,50,facebook/esm2_t6_8M_UR50D,hemopi2_all,esm
GaussianProcessRegressor,0.1865573869471324,0.3660183556689556,0.6049945087923986,0.4658680926472304,0.2491392290472458,0.5068080125770138,25.0,50,score,500,facebook/esm2_t6_8M_UR50D,hemopi2_all,esm
GaussianProcessRegressor,0.2118289322818777,0.4883951147389352,0.6988527131942289,0.5154169984152689,-0.0019080374048559,0.1909066692478632,15.0,50,score,75,facebook/esm2_t6_8M_UR50D,hemopi2_all,esm
GaussianProcessRegressor,0.3573425744935689,0.3813559513426567,0.6175402426908361,0.4571530573949451,0.094620200753803,0.291342334374042,40.0,51,score,100,facebook/esm2_t6_8M_UR50D,hemopi2_all,esm
GaussianProcessRegressor,0.2925690903945203,0.421578259919228,0.6492905820349067,0.4842703916718023,-0.0008718599733514,0.0048544858102688,0.0,51,score,20,facebook/esm2_t6_8M_UR50D,hemopi2_all,esm
GaussianProcessRegressor,0.2748925879968952,0.3965353561479669,0.6297105336168095,0.4509701791750261,0.0585826709160687,0.2875124581533698,35.0,51,score,200,facebook/esm2_t6_8M_UR50D,hemopi2_all,esm
GaussianProcessRegressor,0.2636450330538338,0.3472852848453424,0.5893091589695025,0.4346976805873275,0.1755076055128438,0.3566825067818444,40.0,51,score,350,facebook/esm2_t6_8M_UR50D,hemopi2_all,esm
GaussianProcessRegressor,0.4307088087078478,0.4121643417868489,0.6420002661890795,0.4794277753354854,0.0214777881147552,0.1418615515593603,5.0,51,score,50,facebook/esm2_t6_8M_UR50D,hemopi2_all,esm
GaussianProcessRegressor,0.2629720395135825,0.3272024602176834,0.5720161363263133,0.4281212782083988,0.2231863782333697,0.3869785748034274,35.0,51,score,500,facebook/esm2_t6_8M_UR50D,hemopi2_all,esm
GaussianProcessRegressor,0.3508946405224251,0.401672254688437,0.633776186589901,0.4586217192401544,0.046387124595251,0.1981587779602671,0.0,51,score,75,facebook/esm2_t6_8M_UR50D,hemopi2_all,esm
