Family,Dataset,Train Size,Variant,Metric,value
indels,MAFG_MOUSE_Tsuboyama_2023_1K1V_indels,20,ESM2 150M,Test MSE,0.288882920182759
indels,MAFG_MOUSE_Tsuboyama_2023_1K1V_indels,20,ESM2 35M,Test MSE,0.3026567858565261
indels,MAFG_MOUSE_Tsuboyama_2023_1K1V_indels,20,ESM2 650M,Test MSE,0.37048756332729355
indels,MAFG_MOUSE_Tsuboyama_2023_1K1V_indels,20,ESM2 8M,Test MSE,0.3680807839571438
indels,MAFG_MOUSE_Tsuboyama_2023_1K1V_indels,40,ESM2 150M,Test MSE,0.27741506430105745
indels,MAFG_MOUSE_Tsuboyama_2023_1K1V_indels,40,ESM2 35M,Test MSE,0.28754048836786594
indels,MAFG_MOUSE_Tsuboyama_2023_1K1V_indels,40,ESM2 650M,Test MSE,0.3092530314000929
indels,MAFG_MOUSE_Tsuboyama_2023_1K1V_indels,40,ESM2 8M,Test MSE,0.36361410876879613
indels,MAFG_MOUSE_Tsuboyama_2023_1K1V_indels,60,ESM2 150M,Test MSE,0.21776611892718845
indels,MAFG_MOUSE_Tsuboyama_2023_1K1V_indels,60,ESM2 35M,Test MSE,0.25372769573106907
indels,MAFG_MOUSE_Tsuboyama_2023_1K1V_indels,60,ESM2 650M,Test MSE,0.24472299124672675
indels,MAFG_MOUSE_Tsuboyama_2023_1K1V_indels,60,ESM2 8M,Test MSE,0.2523171999033114
indels,MAFG_MOUSE_Tsuboyama_2023_1K1V_indels,80,ESM2 150M,Test MSE,0.18456879864953607
indels,MAFG_MOUSE_Tsuboyama_2023_1K1V_indels,80,ESM2 35M,Test MSE,0.20888061618422346
indels,MAFG_MOUSE_Tsuboyama_2023_1K1V_indels,80,ESM2 650M,Test MSE,0.19374815991360267
indels,MAFG_MOUSE_Tsuboyama_2023_1K1V_indels,80,ESM2 8M,Test MSE,0.23282604833223494
indels,PIN1_HUMAN_Tsuboyama_2023_1I6C_indels,20,ESM2 150M,Test MSE,0.21838292418348587
indels,PIN1_HUMAN_Tsuboyama_2023_1I6C_indels,20,ESM2 35M,Test MSE,0.2825390565293736
indels,PIN1_HUMAN_Tsuboyama_2023_1I6C_indels,20,ESM2 650M,Test MSE,0.23781077544943993
indels,PIN1_HUMAN_Tsuboyama_2023_1I6C_indels,20,ESM2 8M,Test MSE,0.4490847203597995
indels,PIN1_HUMAN_Tsuboyama_2023_1I6C_indels,40,ESM2 150M,Test MSE,0.14647627209891062
indels,PIN1_HUMAN_Tsuboyama_2023_1I6C_indels,40,ESM2 35M,Test MSE,0.20995696916897363
indels,PIN1_HUMAN_Tsuboyama_2023_1I6C_indels,40,ESM2 650M,Test MSE,0.17952100913206567
indels,PIN1_HUMAN_Tsuboyama_2023_1I6C_indels,40,ESM2 8M,Test MSE,0.33702137373569785
indels,PIN1_HUMAN_Tsuboyama_2023_1I6C_indels,60,ESM2 150M,Test MSE,0.12549315362794977
indels,PIN1_HUMAN_Tsuboyama_2023_1I6C_indels,60,ESM2 35M,Test MSE,0.18461743948009354
indels,PIN1_HUMAN_Tsuboyama_2023_1I6C_indels,60,ESM2 650M,Test MSE,0.1456656191311621
indels,PIN1_HUMAN_Tsuboyama_2023_1I6C_indels,60,ESM2 8M,Test MSE,0.2656458829804742
indels,PIN1_HUMAN_Tsuboyama_2023_1I6C_indels,80,ESM2 150M,Test MSE,0.10881994268520603
indels,PIN1_HUMAN_Tsuboyama_2023_1I6C_indels,80,ESM2 35M,Test MSE,0.15793228231563158
indels,PIN1_HUMAN_Tsuboyama_2023_1I6C_indels,80,ESM2 650M,Test MSE,0.12329290898137127
indels,PIN1_HUMAN_Tsuboyama_2023_1I6C_indels,80,ESM2 8M,Test MSE,0.26694541679825196
indels,PKN1_HUMAN_Tsuboyama_2023_1URF_indels,20,ESM2 150M,Test MSE,0.23985004384869457
indels,PKN1_HUMAN_Tsuboyama_2023_1URF_indels,20,ESM2 35M,Test MSE,0.3577092277982475
indels,PKN1_HUMAN_Tsuboyama_2023_1URF_indels,20,ESM2 650M,Test MSE,0.2523686998426094
indels,PKN1_HUMAN_Tsuboyama_2023_1URF_indels,20,ESM2 8M,Test MSE,0.3113777806913548
indels,PKN1_HUMAN_Tsuboyama_2023_1URF_indels,40,ESM2 150M,Test MSE,0.18321463665579837
indels,PKN1_HUMAN_Tsuboyama_2023_1URF_indels,40,ESM2 35M,Test MSE,0.25199881509274036
indels,PKN1_HUMAN_Tsuboyama_2023_1URF_indels,40,ESM2 650M,Test MSE,0.22382917731856677
indels,PKN1_HUMAN_Tsuboyama_2023_1URF_indels,40,ESM2 8M,Test MSE,0.2361110016218476
indels,PKN1_HUMAN_Tsuboyama_2023_1URF_indels,60,ESM2 150M,Test MSE,0.15582829627876021
indels,PKN1_HUMAN_Tsuboyama_2023_1URF_indels,60,ESM2 35M,Test MSE,0.1633822708422461
indels,PKN1_HUMAN_Tsuboyama_2023_1URF_indels,60,ESM2 650M,Test MSE,0.19750501238804252
indels,PKN1_HUMAN_Tsuboyama_2023_1URF_indels,60,ESM2 8M,Test MSE,0.21358873320993083
indels,PKN1_HUMAN_Tsuboyama_2023_1URF_indels,80,ESM2 150M,Test MSE,0.1431350286659559
indels,PKN1_HUMAN_Tsuboyama_2023_1URF_indels,80,ESM2 35M,Test MSE,0.1458559950400416
indels,PKN1_HUMAN_Tsuboyama_2023_1URF_indels,80,ESM2 650M,Test MSE,0.18218139284928953
indels,PKN1_HUMAN_Tsuboyama_2023_1URF_indels,80,ESM2 8M,Test MSE,0.16472362254166437
indels,POLG_PESV_Tsuboyama_2023_2MXD_indels,20,ESM2 150M,Test MSE,1.0207917318867052
indels,POLG_PESV_Tsuboyama_2023_2MXD_indels,20,ESM2 35M,Test MSE,0.9824844241716801
indels,POLG_PESV_Tsuboyama_2023_2MXD_indels,20,ESM2 650M,Test MSE,0.9028214932544042
indels,POLG_PESV_Tsuboyama_2023_2MXD_indels,20,ESM2 8M,Test MSE,1.0422959330702164
indels,POLG_PESV_Tsuboyama_2023_2MXD_indels,40,ESM2 150M,Test MSE,0.7467671162437675
indels,POLG_PESV_Tsuboyama_2023_2MXD_indels,40,ESM2 35M,Test MSE,0.5715726114528875
indels,POLG_PESV_Tsuboyama_2023_2MXD_indels,40,ESM2 650M,Test MSE,0.5903013652430726
indels,POLG_PESV_Tsuboyama_2023_2MXD_indels,40,ESM2 8M,Test MSE,0.7484748909677005
indels,POLG_PESV_Tsuboyama_2023_2MXD_indels,60,ESM2 150M,Test MSE,0.5632443026474003
indels,POLG_PESV_Tsuboyama_2023_2MXD_indels,60,ESM2 35M,Test MSE,0.45798017176113354
indels,POLG_PESV_Tsuboyama_2023_2MXD_indels,60,ESM2 650M,Test MSE,0.4623225405894046
indels,POLG_PESV_Tsuboyama_2023_2MXD_indels,60,ESM2 8M,Test MSE,0.6170130473240258
indels,POLG_PESV_Tsuboyama_2023_2MXD_indels,80,ESM2 150M,Test MSE,0.47350551473444646
indels,POLG_PESV_Tsuboyama_2023_2MXD_indels,80,ESM2 35M,Test MSE,0.3610533056073738
indels,POLG_PESV_Tsuboyama_2023_2MXD_indels,80,ESM2 650M,Test MSE,0.4007033500389749
indels,POLG_PESV_Tsuboyama_2023_2MXD_indels,80,ESM2 8M,Test MSE,0.4655173177892163
indels,RD23A_HUMAN_Tsuboyama_2023_1IFY_indels,20,ESM2 150M,Test MSE,0.5582619778755592
indels,RD23A_HUMAN_Tsuboyama_2023_1IFY_indels,20,ESM2 35M,Test MSE,0.31993871097019294
indels,RD23A_HUMAN_Tsuboyama_2023_1IFY_indels,20,ESM2 650M,Test MSE,0.3265397822524563
indels,RD23A_HUMAN_Tsuboyama_2023_1IFY_indels,20,ESM2 8M,Test MSE,0.6837197523686085
indels,RD23A_HUMAN_Tsuboyama_2023_1IFY_indels,40,ESM2 150M,Test MSE,0.27305724315447943
indels,RD23A_HUMAN_Tsuboyama_2023_1IFY_indels,40,ESM2 35M,Test MSE,0.1878710568262031
indels,RD23A_HUMAN_Tsuboyama_2023_1IFY_indels,40,ESM2 650M,Test MSE,0.23474755090106508
indels,RD23A_HUMAN_Tsuboyama_2023_1IFY_indels,40,ESM2 8M,Test MSE,0.4097216940000751
indels,RD23A_HUMAN_Tsuboyama_2023_1IFY_indels,60,ESM2 150M,Test MSE,0.19922255922920865
indels,RD23A_HUMAN_Tsuboyama_2023_1IFY_indels,60,ESM2 35M,Test MSE,0.17200990119717835
indels,RD23A_HUMAN_Tsuboyama_2023_1IFY_indels,60,ESM2 650M,Test MSE,0.20110327771483041
indels,RD23A_HUMAN_Tsuboyama_2023_1IFY_indels,60,ESM2 8M,Test MSE,0.35719033014211476
indels,RD23A_HUMAN_Tsuboyama_2023_1IFY_indels,80,ESM2 150M,Test MSE,0.14455360263342265
indels,RD23A_HUMAN_Tsuboyama_2023_1IFY_indels,80,ESM2 35M,Test MSE,0.12505507387037024
indels,RD23A_HUMAN_Tsuboyama_2023_1IFY_indels,80,ESM2 650M,Test MSE,0.12927138977374553
indels,RD23A_HUMAN_Tsuboyama_2023_1IFY_indels,80,ESM2 8M,Test MSE,0.2535260293060225
indels,RPC1_BP434_Tsuboyama_2023_1R69_indels,20,ESM2 150M,Test MSE,0.8402328758495823
indels,RPC1_BP434_Tsuboyama_2023_1R69_indels,20,ESM2 35M,Test MSE,0.8985509613914638
indels,RPC1_BP434_Tsuboyama_2023_1R69_indels,20,ESM2 650M,Test MSE,0.9623997904637633
indels,RPC1_BP434_Tsuboyama_2023_1R69_indels,20,ESM2 8M,Test MSE,1.2969588525994602
indels,RPC1_BP434_Tsuboyama_2023_1R69_indels,40,ESM2 150M,Test MSE,0.728092124506554
indels,RPC1_BP434_Tsuboyama_2023_1R69_indels,40,ESM2 35M,Test MSE,0.856227427295846
indels,RPC1_BP434_Tsuboyama_2023_1R69_indels,40,ESM2 650M,Test MSE,0.6918298772061786
indels,RPC1_BP434_Tsuboyama_2023_1R69_indels,40,ESM2 8M,Test MSE,0.8308710014671299
indels,RPC1_BP434_Tsuboyama_2023_1R69_indels,60,ESM2 150M,Test MSE,0.695670345559358
indels,RPC1_BP434_Tsuboyama_2023_1R69_indels,60,ESM2 35M,Test MSE,0.825821942247963
indels,RPC1_BP434_Tsuboyama_2023_1R69_indels,60,ESM2 650M,Test MSE,0.7321332447197062
indels,RPC1_BP434_Tsuboyama_2023_1R69_indels,60,ESM2 8M,Test MSE,0.7820333775295014
indels,RPC1_BP434_Tsuboyama_2023_1R69_indels,80,ESM2 150M,Test MSE,0.6559906777332994
indels,RPC1_BP434_Tsuboyama_2023_1R69_indels,80,ESM2 35M,Test MSE,0.7344275770119669
indels,RPC1_BP434_Tsuboyama_2023_1R69_indels,80,ESM2 650M,Test MSE,0.7786340969517341
indels,RPC1_BP434_Tsuboyama_2023_1R69_indels,80,ESM2 8M,Test MSE,0.7320111075467568
indels,SDA_BACSU_Tsuboyama_2023_1PV0_indels,20,ESM2 150M,Test MSE,0.566520193093506
indels,SDA_BACSU_Tsuboyama_2023_1PV0_indels,20,ESM2 35M,Test MSE,0.9386412587089368
indels,SDA_BACSU_Tsuboyama_2023_1PV0_indels,20,ESM2 650M,Test MSE,0.3747288686435937
indels,SDA_BACSU_Tsuboyama_2023_1PV0_indels,20,ESM2 8M,Test MSE,0.9447367292831776
indels,SDA_BACSU_Tsuboyama_2023_1PV0_indels,40,ESM2 150M,Test MSE,0.326732739536914
indels,SDA_BACSU_Tsuboyama_2023_1PV0_indels,40,ESM2 35M,Test MSE,0.7924652268594454
indels,SDA_BACSU_Tsuboyama_2023_1PV0_indels,40,ESM2 650M,Test MSE,0.24020735727727222
indels,SDA_BACSU_Tsuboyama_2023_1PV0_indels,40,ESM2 8M,Test MSE,0.6075347019775449
indels,SDA_BACSU_Tsuboyama_2023_1PV0_indels,60,ESM2 150M,Test MSE,0.24571272755995785
indels,SDA_BACSU_Tsuboyama_2023_1PV0_indels,60,ESM2 35M,Test MSE,0.5422601891157866
indels,SDA_BACSU_Tsuboyama_2023_1PV0_indels,60,ESM2 650M,Test MSE,0.16675976077491236
indels,SDA_BACSU_Tsuboyama_2023_1PV0_indels,60,ESM2 8M,Test MSE,0.4453218164657547
indels,SDA_BACSU_Tsuboyama_2023_1PV0_indels,80,ESM2 150M,Test MSE,0.19324965227108856
indels,SDA_BACSU_Tsuboyama_2023_1PV0_indels,80,ESM2 35M,Test MSE,0.5425195975011009
indels,SDA_BACSU_Tsuboyama_2023_1PV0_indels,80,ESM2 650M,Test MSE,0.13989667892815144
indels,SDA_BACSU_Tsuboyama_2023_1PV0_indels,80,ESM2 8M,Test MSE,0.422672377623608
indels,SQSTM_MOUSE_Tsuboyama_2023_2RRU_indels,20,ESM2 150M,Test MSE,0.1527501768208182
indels,SQSTM_MOUSE_Tsuboyama_2023_2RRU_indels,20,ESM2 35M,Test MSE,0.1818131771589424
indels,SQSTM_MOUSE_Tsuboyama_2023_2RRU_indels,20,ESM2 650M,Test MSE,0.16113042692569376
indels,SQSTM_MOUSE_Tsuboyama_2023_2RRU_indels,20,ESM2 8M,Test MSE,0.24571761412951915
indels,SQSTM_MOUSE_Tsuboyama_2023_2RRU_indels,40,ESM2 150M,Test MSE,0.12160327651409797
indels,SQSTM_MOUSE_Tsuboyama_2023_2RRU_indels,40,ESM2 35M,Test MSE,0.11800925945418861
indels,SQSTM_MOUSE_Tsuboyama_2023_2RRU_indels,40,ESM2 650M,Test MSE,0.12325439124120952
indels,SQSTM_MOUSE_Tsuboyama_2023_2RRU_indels,40,ESM2 8M,Test MSE,0.18162778900761395
indels,SQSTM_MOUSE_Tsuboyama_2023_2RRU_indels,60,ESM2 150M,Test MSE,0.08386943860806487
indels,SQSTM_MOUSE_Tsuboyama_2023_2RRU_indels,60,ESM2 35M,Test MSE,0.08955496759710754
indels,SQSTM_MOUSE_Tsuboyama_2023_2RRU_indels,60,ESM2 650M,Test MSE,0.08361438619757033
indels,SQSTM_MOUSE_Tsuboyama_2023_2RRU_indels,60,ESM2 8M,Test MSE,0.12309259349987667
indels,SQSTM_MOUSE_Tsuboyama_2023_2RRU_indels,80,ESM2 150M,Test MSE,0.07851353441576428
indels,SQSTM_MOUSE_Tsuboyama_2023_2RRU_indels,80,ESM2 35M,Test MSE,0.0734121695317093
indels,SQSTM_MOUSE_Tsuboyama_2023_2RRU_indels,80,ESM2 650M,Test MSE,0.07489769239342617
indels,SQSTM_MOUSE_Tsuboyama_2023_2RRU_indels,80,ESM2 8M,Test MSE,0.11200823171298131
indels,VG08_BPP22_Tsuboyama_2023_2GP8_indels,20,ESM2 150M,Test MSE,0.09933797289852828
indels,VG08_BPP22_Tsuboyama_2023_2GP8_indels,20,ESM2 35M,Test MSE,0.0953274115007646
indels,VG08_BPP22_Tsuboyama_2023_2GP8_indels,20,ESM2 650M,Test MSE,0.08873658227740688
indels,VG08_BPP22_Tsuboyama_2023_2GP8_indels,20,ESM2 8M,Test MSE,0.09586910308362447
indels,VG08_BPP22_Tsuboyama_2023_2GP8_indels,40,ESM2 150M,Test MSE,0.0708864498481089
indels,VG08_BPP22_Tsuboyama_2023_2GP8_indels,40,ESM2 35M,Test MSE,0.07413159326720947
indels,VG08_BPP22_Tsuboyama_2023_2GP8_indels,40,ESM2 650M,Test MSE,0.06814970188326758
indels,VG08_BPP22_Tsuboyama_2023_2GP8_indels,40,ESM2 8M,Test MSE,0.08093944280018349
indels,VG08_BPP22_Tsuboyama_2023_2GP8_indels,60,ESM2 150M,Test MSE,0.061091992318646926
indels,VG08_BPP22_Tsuboyama_2023_2GP8_indels,60,ESM2 35M,Test MSE,0.07647040632585252
indels,VG08_BPP22_Tsuboyama_2023_2GP8_indels,60,ESM2 650M,Test MSE,0.06146828834819412
indels,VG08_BPP22_Tsuboyama_2023_2GP8_indels,60,ESM2 8M,Test MSE,0.06647736727869145
indels,VG08_BPP22_Tsuboyama_2023_2GP8_indels,80,ESM2 150M,Test MSE,0.05602848317821957
indels,VG08_BPP22_Tsuboyama_2023_2GP8_indels,80,ESM2 35M,Test MSE,0.05881669934260866
indels,VG08_BPP22_Tsuboyama_2023_2GP8_indels,80,ESM2 650M,Test MSE,0.05293145139083018
indels,VG08_BPP22_Tsuboyama_2023_2GP8_indels,80,ESM2 8M,Test MSE,0.06346635621984656
indels,YNZC_BACSU_Tsuboyama_2023_2JVD_indels,20,ESM2 150M,Test MSE,0.2583764724586734
indels,YNZC_BACSU_Tsuboyama_2023_2JVD_indels,20,ESM2 35M,Test MSE,0.4520309264221224
indels,YNZC_BACSU_Tsuboyama_2023_2JVD_indels,20,ESM2 650M,Test MSE,0.24604535335532499
indels,YNZC_BACSU_Tsuboyama_2023_2JVD_indels,20,ESM2 8M,Test MSE,0.533934203948287
indels,YNZC_BACSU_Tsuboyama_2023_2JVD_indels,40,ESM2 150M,Test MSE,0.21231053408392525
indels,YNZC_BACSU_Tsuboyama_2023_2JVD_indels,40,ESM2 35M,Test MSE,0.2723575514718757
indels,YNZC_BACSU_Tsuboyama_2023_2JVD_indels,40,ESM2 650M,Test MSE,0.17802905230964183
indels,YNZC_BACSU_Tsuboyama_2023_2JVD_indels,40,ESM2 8M,Test MSE,0.3395302400040037
indels,YNZC_BACSU_Tsuboyama_2023_2JVD_indels,60,ESM2 150M,Test MSE,0.16707653016456583
indels,YNZC_BACSU_Tsuboyama_2023_2JVD_indels,60,ESM2 35M,Test MSE,0.2324235781250205
indels,YNZC_BACSU_Tsuboyama_2023_2JVD_indels,60,ESM2 650M,Test MSE,0.11865778332831796
indels,YNZC_BACSU_Tsuboyama_2023_2JVD_indels,60,ESM2 8M,Test MSE,0.2872602413957118
indels,YNZC_BACSU_Tsuboyama_2023_2JVD_indels,80,ESM2 150M,Test MSE,0.13552382656359924
indels,YNZC_BACSU_Tsuboyama_2023_2JVD_indels,80,ESM2 35M,Test MSE,0.19367060967527433
indels,YNZC_BACSU_Tsuboyama_2023_2JVD_indels,80,ESM2 650M,Test MSE,0.0984121286848185
indels,YNZC_BACSU_Tsuboyama_2023_2JVD_indels,80,ESM2 8M,Test MSE,0.2563573705717591
peptides,EC_all_40,20,ESM2 150M,Test MSE,0.5902001475201184
peptides,EC_all_40,20,ESM2 35M,Test MSE,0.6371874018496791
peptides,EC_all_40,20,ESM2 650M,Test MSE,0.6252191530966765
peptides,EC_all_40,20,ESM2 8M,Test MSE,0.6142938093322636
peptides,EC_all_40,50,ESM2 150M,Test MSE,0.5767741309584494
peptides,EC_all_40,50,ESM2 35M,Test MSE,0.48657459869985864
peptides,EC_all_40,50,ESM2 650M,Test MSE,0.545422896068917
peptides,EC_all_40,50,ESM2 8M,Test MSE,0.5119306961171776
peptides,EC_all_40,75,ESM2 150M,Test MSE,0.5122027176850971
peptides,EC_all_40,75,ESM2 35M,Test MSE,0.4985142767560025
peptides,EC_all_40,75,ESM2 650M,Test MSE,0.5122894773677142
peptides,EC_all_40,75,ESM2 8M,Test MSE,0.49781768229931744
peptides,EC_all_40,100,ESM2 150M,Test MSE,0.4816908609961573
peptides,EC_all_40,100,ESM2 35M,Test MSE,0.47526823980263194
peptides,EC_all_40,100,ESM2 650M,Test MSE,0.45669831280997497
peptides,EC_all_40,100,ESM2 8M,Test MSE,0.47164696134282735
peptides,EC_all_40,200,ESM2 150M,Test MSE,0.44954463225131347
peptides,EC_all_40,200,ESM2 35M,Test MSE,0.4513986531604903
peptides,EC_all_40,200,ESM2 650M,Test MSE,0.44524913096119334
peptides,EC_all_40,200,ESM2 8M,Test MSE,0.4353021445971943
peptides,EC_all_40,350,ESM2 150M,Test MSE,0.4184569969084476
peptides,EC_all_40,350,ESM2 35M,Test MSE,0.42178669728565643
peptides,EC_all_40,350,ESM2 650M,Test MSE,0.4143843141352276
peptides,EC_all_40,350,ESM2 8M,Test MSE,0.4067541215711129
peptides,EC_all_40,500,ESM2 150M,Test MSE,0.40723255902424677
peptides,EC_all_40,500,ESM2 35M,Test MSE,0.406698188279055
peptides,EC_all_40,500,ESM2 650M,Test MSE,0.402463454201485
peptides,EC_all_40,500,ESM2 8M,Test MSE,0.3993043029571491
peptides,PA_all_40,20,ESM2 150M,Test MSE,0.6147485202969598
peptides,PA_all_40,20,ESM2 35M,Test MSE,0.6232694600839851
peptides,PA_all_40,20,ESM2 650M,Test MSE,0.6379627874652692
peptides,PA_all_40,20,ESM2 8M,Test MSE,0.6134855278542204
peptides,PA_all_40,50,ESM2 150M,Test MSE,0.6183904442201943
peptides,PA_all_40,50,ESM2 35M,Test MSE,0.6504231509661115
peptides,PA_all_40,50,ESM2 650M,Test MSE,0.6250826444906485
peptides,PA_all_40,50,ESM2 8M,Test MSE,0.6207826573129379
peptides,PA_all_40,75,ESM2 150M,Test MSE,0.5673818545904483
peptides,PA_all_40,75,ESM2 35M,Test MSE,0.595929077796493
peptides,PA_all_40,75,ESM2 650M,Test MSE,0.5830926190487109
peptides,PA_all_40,75,ESM2 8M,Test MSE,0.5621072829239994
peptides,PA_all_40,100,ESM2 150M,Test MSE,0.5662740269449238
peptides,PA_all_40,100,ESM2 35M,Test MSE,0.5659281009538601
peptides,PA_all_40,100,ESM2 650M,Test MSE,0.5665024605373665
peptides,PA_all_40,100,ESM2 8M,Test MSE,0.5555631857949501
peptides,PA_all_40,200,ESM2 150M,Test MSE,0.5151907857761804
peptides,PA_all_40,200,ESM2 35M,Test MSE,0.5151495231745594
peptides,PA_all_40,200,ESM2 650M,Test MSE,0.5157217063025421
peptides,PA_all_40,200,ESM2 8M,Test MSE,0.5038928444786441
peptides,PA_all_40,350,ESM2 150M,Test MSE,0.46904893709967854
peptides,PA_all_40,350,ESM2 35M,Test MSE,0.4683687409918439
peptides,PA_all_40,350,ESM2 650M,Test MSE,0.4724340625481879
peptides,PA_all_40,350,ESM2 8M,Test MSE,0.45868166014226947
peptides,PA_all_40,500,ESM2 150M,Test MSE,0.4524968357917786
peptides,PA_all_40,500,ESM2 35M,Test MSE,0.4532434525135133
peptides,PA_all_40,500,ESM2 650M,Test MSE,0.4507102945139299
peptides,PA_all_40,500,ESM2 8M,Test MSE,0.4487670084963966
peptides,SA_all_40,20,ESM2 150M,Test MSE,0.6930243005265982
peptides,SA_all_40,20,ESM2 35M,Test MSE,0.7329776854219023
peptides,SA_all_40,20,ESM2 650M,Test MSE,0.7733117753369936
peptides,SA_all_40,20,ESM2 8M,Test MSE,0.7273846847146188
peptides,SA_all_40,50,ESM2 150M,Test MSE,0.6373052040999772
peptides,SA_all_40,50,ESM2 35M,Test MSE,0.6399226976886498
peptides,SA_all_40,50,ESM2 650M,Test MSE,0.6575630859129391
peptides,SA_all_40,50,ESM2 8M,Test MSE,0.6300832378306017
peptides,SA_all_40,75,ESM2 150M,Test MSE,0.566947641888201
peptides,SA_all_40,75,ESM2 35M,Test MSE,0.5978437121458773
peptides,SA_all_40,75,ESM2 650M,Test MSE,0.5893717996884916
peptides,SA_all_40,75,ESM2 8M,Test MSE,0.5882426299031012
peptides,SA_all_40,100,ESM2 150M,Test MSE,0.5530803023690447
peptides,SA_all_40,100,ESM2 35M,Test MSE,0.569992886066606
peptides,SA_all_40,100,ESM2 650M,Test MSE,0.5453070062181238
peptides,SA_all_40,100,ESM2 8M,Test MSE,0.5585058640802022
peptides,SA_all_40,200,ESM2 150M,Test MSE,0.5127414453640787
peptides,SA_all_40,200,ESM2 35M,Test MSE,0.5147738538161826
peptides,SA_all_40,200,ESM2 650M,Test MSE,0.5137362442168685
peptides,SA_all_40,200,ESM2 8M,Test MSE,0.5133148264448328
peptides,SA_all_40,350,ESM2 150M,Test MSE,0.4959986767240022
peptides,SA_all_40,350,ESM2 35M,Test MSE,0.49945802559675884
peptides,SA_all_40,350,ESM2 650M,Test MSE,0.49026035618169095
peptides,SA_all_40,350,ESM2 8M,Test MSE,0.5068219495540224
peptides,SA_all_40,500,ESM2 150M,Test MSE,0.4691898297460707
peptides,SA_all_40,500,ESM2 35M,Test MSE,0.47856593991943674
peptides,SA_all_40,500,ESM2 650M,Test MSE,0.4678807759007311
peptides,SA_all_40,500,ESM2 8M,Test MSE,0.4759051755560491
peptides,hemopi2_all,20,ESM2 150M,Test MSE,0.4893590713641854
peptides,hemopi2_all,20,ESM2 35M,Test MSE,0.4911779704241474
peptides,hemopi2_all,20,ESM2 650M,Test MSE,0.47454640285622257
peptides,hemopi2_all,20,ESM2 8M,Test MSE,0.48424075926396376
peptides,hemopi2_all,50,ESM2 150M,Test MSE,0.465107434818316
peptides,hemopi2_all,50,ESM2 35M,Test MSE,0.46745670298615966
peptides,hemopi2_all,50,ESM2 650M,Test MSE,0.46653840406817804
peptides,hemopi2_all,50,ESM2 8M,Test MSE,0.46850182981077626
peptides,hemopi2_all,75,ESM2 150M,Test MSE,0.45201276997500894
peptides,hemopi2_all,75,ESM2 35M,Test MSE,0.44885117110995115
peptides,hemopi2_all,75,ESM2 650M,Test MSE,0.4421265140117181
peptides,hemopi2_all,75,ESM2 8M,Test MSE,0.44115636789387935
peptides,hemopi2_all,100,ESM2 150M,Test MSE,0.4317514757178274
peptides,hemopi2_all,100,ESM2 35M,Test MSE,0.4304560068929401
peptides,hemopi2_all,100,ESM2 650M,Test MSE,0.42660153634743814
peptides,hemopi2_all,100,ESM2 8M,Test MSE,0.43209600991841957
peptides,hemopi2_all,200,ESM2 150M,Test MSE,0.40156825693759546
peptides,hemopi2_all,200,ESM2 35M,Test MSE,0.40887760337308865
peptides,hemopi2_all,200,ESM2 650M,Test MSE,0.38046664350380677
peptides,hemopi2_all,200,ESM2 8M,Test MSE,0.38730508519734475
peptides,hemopi2_all,350,ESM2 150M,Test MSE,0.37595732981065677
peptides,hemopi2_all,350,ESM2 35M,Test MSE,0.3755939051408895
peptides,hemopi2_all,350,ESM2 650M,Test MSE,0.34797212042454606
peptides,hemopi2_all,350,ESM2 8M,Test MSE,0.3559969587655302
peptides,hemopi2_all,500,ESM2 150M,Test MSE,0.35124188098225184
peptides,hemopi2_all,500,ESM2 35M,Test MSE,0.3519694640168899
peptides,hemopi2_all,500,ESM2 650M,Test MSE,0.3270668537321668
peptides,hemopi2_all,500,ESM2 8M,Test MSE,0.3379403835429346
substitutions,A0A247D711_LISMN_Stadelmann_2021,20,ESM2 150M,Test MSE,1.8128750322438107
substitutions,A0A247D711_LISMN_Stadelmann_2021,20,ESM2 35M,Test MSE,1.760800702779121
substitutions,A0A247D711_LISMN_Stadelmann_2021,20,ESM2 650M,Test MSE,1.828277614006338
substitutions,A0A247D711_LISMN_Stadelmann_2021,20,ESM2 8M,Test MSE,1.9072262749696978
substitutions,A0A247D711_LISMN_Stadelmann_2021,50,ESM2 150M,Test MSE,1.8467214903662785
substitutions,A0A247D711_LISMN_Stadelmann_2021,50,ESM2 35M,Test MSE,1.648630909150682
substitutions,A0A247D711_LISMN_Stadelmann_2021,50,ESM2 650M,Test MSE,1.680184514086778
substitutions,A0A247D711_LISMN_Stadelmann_2021,50,ESM2 8M,Test MSE,1.6800132488552468
substitutions,A0A247D711_LISMN_Stadelmann_2021,75,ESM2 150M,Test MSE,1.5391858979449033
substitutions,A0A247D711_LISMN_Stadelmann_2021,75,ESM2 35M,Test MSE,1.5654149395645311
substitutions,A0A247D711_LISMN_Stadelmann_2021,75,ESM2 650M,Test MSE,1.5579509910493186
substitutions,A0A247D711_LISMN_Stadelmann_2021,75,ESM2 8M,Test MSE,1.5895312716936096
substitutions,A0A247D711_LISMN_Stadelmann_2021,100,ESM2 150M,Test MSE,1.4713398731797567
substitutions,A0A247D711_LISMN_Stadelmann_2021,100,ESM2 35M,Test MSE,1.5030301055197028
substitutions,A0A247D711_LISMN_Stadelmann_2021,100,ESM2 650M,Test MSE,1.4920706265926227
substitutions,A0A247D711_LISMN_Stadelmann_2021,100,ESM2 8M,Test MSE,1.5013502508878893
substitutions,A0A247D711_LISMN_Stadelmann_2021,200,ESM2 150M,Test MSE,1.3222320777015504
substitutions,A0A247D711_LISMN_Stadelmann_2021,200,ESM2 35M,Test MSE,1.3373356783663644
substitutions,A0A247D711_LISMN_Stadelmann_2021,200,ESM2 650M,Test MSE,1.3468565607481178
substitutions,A0A247D711_LISMN_Stadelmann_2021,200,ESM2 8M,Test MSE,1.3248388500699015
substitutions,A0A247D711_LISMN_Stadelmann_2021,350,ESM2 150M,Test MSE,1.172225591663608
substitutions,A0A247D711_LISMN_Stadelmann_2021,350,ESM2 35M,Test MSE,1.180043802644853
substitutions,A0A247D711_LISMN_Stadelmann_2021,350,ESM2 650M,Test MSE,1.1836963249575128
substitutions,A0A247D711_LISMN_Stadelmann_2021,350,ESM2 8M,Test MSE,1.1746349608806437
substitutions,A0A247D711_LISMN_Stadelmann_2021,500,ESM2 150M,Test MSE,1.0924704559549006
substitutions,A0A247D711_LISMN_Stadelmann_2021,500,ESM2 35M,Test MSE,1.0952881288906107
substitutions,A0A247D711_LISMN_Stadelmann_2021,500,ESM2 650M,Test MSE,1.1029643661053572
substitutions,A0A247D711_LISMN_Stadelmann_2021,500,ESM2 8M,Test MSE,1.0892270798249155
substitutions,DN7A_SACS2_Tsuboyama_2023_1JIC,20,ESM2 150M,Test MSE,1.4193281760367509
substitutions,DN7A_SACS2_Tsuboyama_2023_1JIC,20,ESM2 35M,Test MSE,1.2552669574331403
substitutions,DN7A_SACS2_Tsuboyama_2023_1JIC,20,ESM2 650M,Test MSE,1.0838951642192085
substitutions,DN7A_SACS2_Tsuboyama_2023_1JIC,20,ESM2 8M,Test MSE,1.4288207650816118
substitutions,DN7A_SACS2_Tsuboyama_2023_1JIC,50,ESM2 150M,Test MSE,1.0719814698151007
substitutions,DN7A_SACS2_Tsuboyama_2023_1JIC,50,ESM2 35M,Test MSE,0.892876243391154
substitutions,DN7A_SACS2_Tsuboyama_2023_1JIC,50,ESM2 650M,Test MSE,0.790781323798362
substitutions,DN7A_SACS2_Tsuboyama_2023_1JIC,50,ESM2 8M,Test MSE,1.0992935267298223
substitutions,DN7A_SACS2_Tsuboyama_2023_1JIC,75,ESM2 150M,Test MSE,1.016047076937666
substitutions,DN7A_SACS2_Tsuboyama_2023_1JIC,75,ESM2 35M,Test MSE,0.818978178704086
substitutions,DN7A_SACS2_Tsuboyama_2023_1JIC,75,ESM2 650M,Test MSE,0.7180507398664722
substitutions,DN7A_SACS2_Tsuboyama_2023_1JIC,75,ESM2 8M,Test MSE,1.0326107442109238
substitutions,DN7A_SACS2_Tsuboyama_2023_1JIC,100,ESM2 150M,Test MSE,0.8492326660057394
substitutions,DN7A_SACS2_Tsuboyama_2023_1JIC,100,ESM2 35M,Test MSE,0.6993923560499629
substitutions,DN7A_SACS2_Tsuboyama_2023_1JIC,100,ESM2 650M,Test MSE,0.5851069418913539
substitutions,DN7A_SACS2_Tsuboyama_2023_1JIC,100,ESM2 8M,Test MSE,0.8861746699438419
substitutions,DN7A_SACS2_Tsuboyama_2023_1JIC,200,ESM2 150M,Test MSE,0.618576524222766
substitutions,DN7A_SACS2_Tsuboyama_2023_1JIC,200,ESM2 35M,Test MSE,0.49408165231989176
substitutions,DN7A_SACS2_Tsuboyama_2023_1JIC,200,ESM2 650M,Test MSE,0.4123957521959987
substitutions,DN7A_SACS2_Tsuboyama_2023_1JIC,200,ESM2 8M,Test MSE,0.6410807286105715
substitutions,DN7A_SACS2_Tsuboyama_2023_1JIC,350,ESM2 150M,Test MSE,0.44867710330703964
substitutions,DN7A_SACS2_Tsuboyama_2023_1JIC,350,ESM2 35M,Test MSE,0.38532470245623446
substitutions,DN7A_SACS2_Tsuboyama_2023_1JIC,350,ESM2 650M,Test MSE,0.3076699270960869
substitutions,DN7A_SACS2_Tsuboyama_2023_1JIC,350,ESM2 8M,Test MSE,0.5050753485119519
substitutions,DN7A_SACS2_Tsuboyama_2023_1JIC,500,ESM2 150M,Test MSE,0.378920406628021
substitutions,DN7A_SACS2_Tsuboyama_2023_1JIC,500,ESM2 35M,Test MSE,0.3266718308798155
substitutions,DN7A_SACS2_Tsuboyama_2023_1JIC,500,ESM2 650M,Test MSE,0.25892021828874223
substitutions,DN7A_SACS2_Tsuboyama_2023_1JIC,500,ESM2 8M,Test MSE,0.4242800755680827
substitutions,ENVZ_ECOLI_Ghose_2023,20,ESM2 150M,Test MSE,1.526912308865898
substitutions,ENVZ_ECOLI_Ghose_2023,20,ESM2 35M,Test MSE,1.5190455887379994
substitutions,ENVZ_ECOLI_Ghose_2023,20,ESM2 650M,Test MSE,1.4705136490519921
substitutions,ENVZ_ECOLI_Ghose_2023,20,ESM2 8M,Test MSE,1.5529996732465354
substitutions,ENVZ_ECOLI_Ghose_2023,50,ESM2 150M,Test MSE,1.2469005556010242
substitutions,ENVZ_ECOLI_Ghose_2023,50,ESM2 35M,Test MSE,1.2929738935054744
substitutions,ENVZ_ECOLI_Ghose_2023,50,ESM2 650M,Test MSE,1.2349480203326888
substitutions,ENVZ_ECOLI_Ghose_2023,50,ESM2 8M,Test MSE,1.190868737886647
substitutions,ENVZ_ECOLI_Ghose_2023,75,ESM2 150M,Test MSE,1.1708847566942657
substitutions,ENVZ_ECOLI_Ghose_2023,75,ESM2 35M,Test MSE,1.201286908324032
substitutions,ENVZ_ECOLI_Ghose_2023,75,ESM2 650M,Test MSE,1.1529130244176389
substitutions,ENVZ_ECOLI_Ghose_2023,75,ESM2 8M,Test MSE,1.1380051143878125
substitutions,ENVZ_ECOLI_Ghose_2023,100,ESM2 150M,Test MSE,1.1502988918544157
substitutions,ENVZ_ECOLI_Ghose_2023,100,ESM2 35M,Test MSE,1.1629290069640135
substitutions,ENVZ_ECOLI_Ghose_2023,100,ESM2 650M,Test MSE,1.129573477111002
substitutions,ENVZ_ECOLI_Ghose_2023,100,ESM2 8M,Test MSE,1.088407012649302
substitutions,ENVZ_ECOLI_Ghose_2023,200,ESM2 150M,Test MSE,1.0637251390542786
substitutions,ENVZ_ECOLI_Ghose_2023,200,ESM2 35M,Test MSE,1.0408092754888254
substitutions,ENVZ_ECOLI_Ghose_2023,200,ESM2 650M,Test MSE,1.041020483417618
substitutions,ENVZ_ECOLI_Ghose_2023,200,ESM2 8M,Test MSE,1.0132886427887544
substitutions,ENVZ_ECOLI_Ghose_2023,350,ESM2 150M,Test MSE,0.9701850507674298
substitutions,ENVZ_ECOLI_Ghose_2023,350,ESM2 35M,Test MSE,0.9874822956627032
substitutions,ENVZ_ECOLI_Ghose_2023,350,ESM2 650M,Test MSE,0.9664113531311538
substitutions,ENVZ_ECOLI_Ghose_2023,350,ESM2 8M,Test MSE,0.9723341163236034
substitutions,ENVZ_ECOLI_Ghose_2023,500,ESM2 150M,Test MSE,0.913919963077638
substitutions,ENVZ_ECOLI_Ghose_2023,500,ESM2 35M,Test MSE,0.9247806804319977
substitutions,ENVZ_ECOLI_Ghose_2023,500,ESM2 650M,Test MSE,0.9102698470090933
substitutions,ENVZ_ECOLI_Ghose_2023,500,ESM2 8M,Test MSE,0.9183400415535145
substitutions,FKBP3_HUMAN_Tsuboyama_2023_2KFV,20,ESM2 150M,Test MSE,0.9185631943583872
substitutions,FKBP3_HUMAN_Tsuboyama_2023_2KFV,20,ESM2 35M,Test MSE,0.7325397595081332
substitutions,FKBP3_HUMAN_Tsuboyama_2023_2KFV,20,ESM2 650M,Test MSE,0.7737857624566284
substitutions,FKBP3_HUMAN_Tsuboyama_2023_2KFV,20,ESM2 8M,Test MSE,0.7281544440746138
substitutions,FKBP3_HUMAN_Tsuboyama_2023_2KFV,50,ESM2 150M,Test MSE,0.543897480906839
substitutions,FKBP3_HUMAN_Tsuboyama_2023_2KFV,50,ESM2 35M,Test MSE,0.5565896682375316
substitutions,FKBP3_HUMAN_Tsuboyama_2023_2KFV,50,ESM2 650M,Test MSE,0.7542823546428934
substitutions,FKBP3_HUMAN_Tsuboyama_2023_2KFV,50,ESM2 8M,Test MSE,0.6285800244565246
substitutions,FKBP3_HUMAN_Tsuboyama_2023_2KFV,75,ESM2 150M,Test MSE,0.4820368706930995
substitutions,FKBP3_HUMAN_Tsuboyama_2023_2KFV,75,ESM2 35M,Test MSE,0.5053025337230476
substitutions,FKBP3_HUMAN_Tsuboyama_2023_2KFV,75,ESM2 650M,Test MSE,0.6695193000639541
substitutions,FKBP3_HUMAN_Tsuboyama_2023_2KFV,75,ESM2 8M,Test MSE,0.5098789284934026
substitutions,FKBP3_HUMAN_Tsuboyama_2023_2KFV,100,ESM2 150M,Test MSE,0.4349770046400865
substitutions,FKBP3_HUMAN_Tsuboyama_2023_2KFV,100,ESM2 35M,Test MSE,0.46130165055605826
substitutions,FKBP3_HUMAN_Tsuboyama_2023_2KFV,100,ESM2 650M,Test MSE,0.6067831534378807
substitutions,FKBP3_HUMAN_Tsuboyama_2023_2KFV,100,ESM2 8M,Test MSE,0.46252936051201976
substitutions,FKBP3_HUMAN_Tsuboyama_2023_2KFV,200,ESM2 150M,Test MSE,0.364166958056518
substitutions,FKBP3_HUMAN_Tsuboyama_2023_2KFV,200,ESM2 35M,Test MSE,0.3882170559351276
substitutions,FKBP3_HUMAN_Tsuboyama_2023_2KFV,200,ESM2 650M,Test MSE,0.4962551948465115
substitutions,FKBP3_HUMAN_Tsuboyama_2023_2KFV,200,ESM2 8M,Test MSE,0.3846408219811993
substitutions,FKBP3_HUMAN_Tsuboyama_2023_2KFV,350,ESM2 150M,Test MSE,0.30681741783800204
substitutions,FKBP3_HUMAN_Tsuboyama_2023_2KFV,350,ESM2 35M,Test MSE,0.3336014241433212
substitutions,FKBP3_HUMAN_Tsuboyama_2023_2KFV,350,ESM2 650M,Test MSE,0.40177239142956667
substitutions,FKBP3_HUMAN_Tsuboyama_2023_2KFV,350,ESM2 8M,Test MSE,0.3247059640134361
substitutions,FKBP3_HUMAN_Tsuboyama_2023_2KFV,500,ESM2 150M,Test MSE,0.27358450259495065
substitutions,FKBP3_HUMAN_Tsuboyama_2023_2KFV,500,ESM2 35M,Test MSE,0.29729264495278934
substitutions,FKBP3_HUMAN_Tsuboyama_2023_2KFV,500,ESM2 650M,Test MSE,0.3567146734446126
substitutions,FKBP3_HUMAN_Tsuboyama_2023_2KFV,500,ESM2 8M,Test MSE,0.2839808475399657
substitutions,MAFG_MOUSE_Tsuboyama_2023_1K1V,20,ESM2 150M,Test MSE,0.37184975239901746
substitutions,MAFG_MOUSE_Tsuboyama_2023_1K1V,20,ESM2 35M,Test MSE,0.4430592570539467
substitutions,MAFG_MOUSE_Tsuboyama_2023_1K1V,20,ESM2 650M,Test MSE,0.45088914570669686
substitutions,MAFG_MOUSE_Tsuboyama_2023_1K1V,20,ESM2 8M,Test MSE,0.5071886979859539
substitutions,MAFG_MOUSE_Tsuboyama_2023_1K1V,50,ESM2 150M,Test MSE,0.24576995447858124
substitutions,MAFG_MOUSE_Tsuboyama_2023_1K1V,50,ESM2 35M,Test MSE,0.2537315035661154
substitutions,MAFG_MOUSE_Tsuboyama_2023_1K1V,50,ESM2 650M,Test MSE,0.2391897643207394
substitutions,MAFG_MOUSE_Tsuboyama_2023_1K1V,50,ESM2 8M,Test MSE,0.2891229339272307
substitutions,MAFG_MOUSE_Tsuboyama_2023_1K1V,75,ESM2 150M,Test MSE,0.20704919893135193
substitutions,MAFG_MOUSE_Tsuboyama_2023_1K1V,75,ESM2 35M,Test MSE,0.20361628988814956
substitutions,MAFG_MOUSE_Tsuboyama_2023_1K1V,75,ESM2 650M,Test MSE,0.1887766423361591
substitutions,MAFG_MOUSE_Tsuboyama_2023_1K1V,75,ESM2 8M,Test MSE,0.25081017581608583
substitutions,MAFG_MOUSE_Tsuboyama_2023_1K1V,100,ESM2 150M,Test MSE,0.16395272894703905
substitutions,MAFG_MOUSE_Tsuboyama_2023_1K1V,100,ESM2 35M,Test MSE,0.16568894261816114
substitutions,MAFG_MOUSE_Tsuboyama_2023_1K1V,100,ESM2 650M,Test MSE,0.1601171011090599
substitutions,MAFG_MOUSE_Tsuboyama_2023_1K1V,100,ESM2 8M,Test MSE,0.19407735968121204
substitutions,MAFG_MOUSE_Tsuboyama_2023_1K1V,200,ESM2 150M,Test MSE,0.1283428447770604
substitutions,MAFG_MOUSE_Tsuboyama_2023_1K1V,200,ESM2 35M,Test MSE,0.12039698273685584
substitutions,MAFG_MOUSE_Tsuboyama_2023_1K1V,200,ESM2 650M,Test MSE,0.12149491778679451
substitutions,MAFG_MOUSE_Tsuboyama_2023_1K1V,200,ESM2 8M,Test MSE,0.1362518020462684
substitutions,MAFG_MOUSE_Tsuboyama_2023_1K1V,350,ESM2 150M,Test MSE,0.1008988540107874
substitutions,MAFG_MOUSE_Tsuboyama_2023_1K1V,350,ESM2 35M,Test MSE,0.09607712764977024
substitutions,MAFG_MOUSE_Tsuboyama_2023_1K1V,350,ESM2 650M,Test MSE,0.09349370838974116
substitutions,MAFG_MOUSE_Tsuboyama_2023_1K1V,350,ESM2 8M,Test MSE,0.1086967840923913
substitutions,MAFG_MOUSE_Tsuboyama_2023_1K1V,500,ESM2 150M,Test MSE,0.0894982608037652
substitutions,MAFG_MOUSE_Tsuboyama_2023_1K1V,500,ESM2 35M,Test MSE,0.08482309767112041
substitutions,MAFG_MOUSE_Tsuboyama_2023_1K1V,500,ESM2 650M,Test MSE,0.08085596203813142
substitutions,MAFG_MOUSE_Tsuboyama_2023_1K1V,500,ESM2 8M,Test MSE,0.0985750878184614
substitutions,POLG_PESV_Tsuboyama_2023_2MXD,20,ESM2 150M,Test MSE,1.0424062206205233
substitutions,POLG_PESV_Tsuboyama_2023_2MXD,20,ESM2 35M,Test MSE,0.9376683641436043
substitutions,POLG_PESV_Tsuboyama_2023_2MXD,20,ESM2 650M,Test MSE,0.9563782239562808
substitutions,POLG_PESV_Tsuboyama_2023_2MXD,20,ESM2 8M,Test MSE,0.9981355846266228
substitutions,POLG_PESV_Tsuboyama_2023_2MXD,50,ESM2 150M,Test MSE,0.6869012519030281
substitutions,POLG_PESV_Tsuboyama_2023_2MXD,50,ESM2 35M,Test MSE,0.6415306519824633
substitutions,POLG_PESV_Tsuboyama_2023_2MXD,50,ESM2 650M,Test MSE,0.5763537339781842
substitutions,POLG_PESV_Tsuboyama_2023_2MXD,50,ESM2 8M,Test MSE,0.7363079297584723
substitutions,POLG_PESV_Tsuboyama_2023_2MXD,75,ESM2 150M,Test MSE,0.565109699869337
substitutions,POLG_PESV_Tsuboyama_2023_2MXD,75,ESM2 35M,Test MSE,0.49803164271013295
substitutions,POLG_PESV_Tsuboyama_2023_2MXD,75,ESM2 650M,Test MSE,0.4395303173516556
substitutions,POLG_PESV_Tsuboyama_2023_2MXD,75,ESM2 8M,Test MSE,0.5249851348630352
substitutions,POLG_PESV_Tsuboyama_2023_2MXD,100,ESM2 150M,Test MSE,0.503283610460948
substitutions,POLG_PESV_Tsuboyama_2023_2MXD,100,ESM2 35M,Test MSE,0.417916778945045
substitutions,POLG_PESV_Tsuboyama_2023_2MXD,100,ESM2 650M,Test MSE,0.39692892147134645
substitutions,POLG_PESV_Tsuboyama_2023_2MXD,100,ESM2 8M,Test MSE,0.4813924234465274
substitutions,POLG_PESV_Tsuboyama_2023_2MXD,200,ESM2 150M,Test MSE,0.3402355300033346
substitutions,POLG_PESV_Tsuboyama_2023_2MXD,200,ESM2 35M,Test MSE,0.32352111460502286
substitutions,POLG_PESV_Tsuboyama_2023_2MXD,200,ESM2 650M,Test MSE,0.29552083716730093
substitutions,POLG_PESV_Tsuboyama_2023_2MXD,200,ESM2 8M,Test MSE,0.3572045323273886
substitutions,POLG_PESV_Tsuboyama_2023_2MXD,350,ESM2 150M,Test MSE,0.27027301610767285
substitutions,POLG_PESV_Tsuboyama_2023_2MXD,350,ESM2 35M,Test MSE,0.2623787755101812
substitutions,POLG_PESV_Tsuboyama_2023_2MXD,350,ESM2 650M,Test MSE,0.22904574540047484
substitutions,POLG_PESV_Tsuboyama_2023_2MXD,350,ESM2 8M,Test MSE,0.2862782904764304
substitutions,POLG_PESV_Tsuboyama_2023_2MXD,500,ESM2 150M,Test MSE,0.23087469096452579
substitutions,POLG_PESV_Tsuboyama_2023_2MXD,500,ESM2 35M,Test MSE,0.2217744697125812
substitutions,POLG_PESV_Tsuboyama_2023_2MXD,500,ESM2 650M,Test MSE,0.19379510346810885
substitutions,POLG_PESV_Tsuboyama_2023_2MXD,500,ESM2 8M,Test MSE,0.24331790812679502
substitutions,SBI_STAAM_Tsuboyama_2023_2JVG,20,ESM2 150M,Test MSE,0.5807047933327973
substitutions,SBI_STAAM_Tsuboyama_2023_2JVG,20,ESM2 35M,Test MSE,0.5548497806155532
substitutions,SBI_STAAM_Tsuboyama_2023_2JVG,20,ESM2 650M,Test MSE,0.4578830695605632
substitutions,SBI_STAAM_Tsuboyama_2023_2JVG,20,ESM2 8M,Test MSE,0.5376205319660224
substitutions,SBI_STAAM_Tsuboyama_2023_2JVG,50,ESM2 150M,Test MSE,0.3694251828821372
substitutions,SBI_STAAM_Tsuboyama_2023_2JVG,50,ESM2 35M,Test MSE,0.4108838588841378
substitutions,SBI_STAAM_Tsuboyama_2023_2JVG,50,ESM2 650M,Test MSE,0.36937828932255246
substitutions,SBI_STAAM_Tsuboyama_2023_2JVG,50,ESM2 8M,Test MSE,0.40702056173643875
substitutions,SBI_STAAM_Tsuboyama_2023_2JVG,75,ESM2 150M,Test MSE,0.2924229354581382
substitutions,SBI_STAAM_Tsuboyama_2023_2JVG,75,ESM2 35M,Test MSE,0.35958067021921747
substitutions,SBI_STAAM_Tsuboyama_2023_2JVG,75,ESM2 650M,Test MSE,0.28893083443905665
substitutions,SBI_STAAM_Tsuboyama_2023_2JVG,75,ESM2 8M,Test MSE,0.3926767031564137
substitutions,SBI_STAAM_Tsuboyama_2023_2JVG,100,ESM2 150M,Test MSE,0.2653153235429917
substitutions,SBI_STAAM_Tsuboyama_2023_2JVG,100,ESM2 35M,Test MSE,0.33328097362706843
substitutions,SBI_STAAM_Tsuboyama_2023_2JVG,100,ESM2 650M,Test MSE,0.275674596448412
substitutions,SBI_STAAM_Tsuboyama_2023_2JVG,100,ESM2 8M,Test MSE,0.3076251543681366
substitutions,SBI_STAAM_Tsuboyama_2023_2JVG,200,ESM2 150M,Test MSE,0.21697319249695596
substitutions,SBI_STAAM_Tsuboyama_2023_2JVG,200,ESM2 35M,Test MSE,0.2598292578404996
substitutions,SBI_STAAM_Tsuboyama_2023_2JVG,200,ESM2 650M,Test MSE,0.19676892824982586
substitutions,SBI_STAAM_Tsuboyama_2023_2JVG,200,ESM2 8M,Test MSE,0.25205109301193196
substitutions,SBI_STAAM_Tsuboyama_2023_2JVG,350,ESM2 150M,Test MSE,0.1794900394211692
substitutions,SBI_STAAM_Tsuboyama_2023_2JVG,350,ESM2 35M,Test MSE,0.2052077336867307
substitutions,SBI_STAAM_Tsuboyama_2023_2JVG,350,ESM2 650M,Test MSE,0.15414524404341512
substitutions,SBI_STAAM_Tsuboyama_2023_2JVG,350,ESM2 8M,Test MSE,0.1937268355507083
substitutions,SBI_STAAM_Tsuboyama_2023_2JVG,500,ESM2 150M,Test MSE,0.15720267949503675
substitutions,SBI_STAAM_Tsuboyama_2023_2JVG,500,ESM2 35M,Test MSE,0.17742965510953457
substitutions,SBI_STAAM_Tsuboyama_2023_2JVG,500,ESM2 650M,Test MSE,0.13159245239878148
substitutions,SBI_STAAM_Tsuboyama_2023_2JVG,500,ESM2 8M,Test MSE,0.16629495787366885
substitutions,SDA_BACSU_Tsuboyama_2023_1PV0,20,ESM2 150M,Test MSE,0.35445417037432586
substitutions,SDA_BACSU_Tsuboyama_2023_1PV0,20,ESM2 35M,Test MSE,0.8200670756813416
substitutions,SDA_BACSU_Tsuboyama_2023_1PV0,20,ESM2 650M,Test MSE,0.3902158256093377
substitutions,SDA_BACSU_Tsuboyama_2023_1PV0,20,ESM2 8M,Test MSE,0.8579241478960459
substitutions,SDA_BACSU_Tsuboyama_2023_1PV0,50,ESM2 150M,Test MSE,0.22658078766288342
substitutions,SDA_BACSU_Tsuboyama_2023_1PV0,50,ESM2 35M,Test MSE,0.5138095313279478
substitutions,SDA_BACSU_Tsuboyama_2023_1PV0,50,ESM2 650M,Test MSE,0.27320409844018023
substitutions,SDA_BACSU_Tsuboyama_2023_1PV0,50,ESM2 8M,Test MSE,0.6264732599095809
substitutions,SDA_BACSU_Tsuboyama_2023_1PV0,75,ESM2 150M,Test MSE,0.2000771256184303
substitutions,SDA_BACSU_Tsuboyama_2023_1PV0,75,ESM2 35M,Test MSE,0.4808666009769672
substitutions,SDA_BACSU_Tsuboyama_2023_1PV0,75,ESM2 650M,Test MSE,0.2545225243095436
substitutions,SDA_BACSU_Tsuboyama_2023_1PV0,75,ESM2 8M,Test MSE,0.5553370574753862
substitutions,SDA_BACSU_Tsuboyama_2023_1PV0,100,ESM2 150M,Test MSE,0.16500097877141492
substitutions,SDA_BACSU_Tsuboyama_2023_1PV0,100,ESM2 35M,Test MSE,0.34192316654835786
substitutions,SDA_BACSU_Tsuboyama_2023_1PV0,100,ESM2 650M,Test MSE,0.2087550566058603
substitutions,SDA_BACSU_Tsuboyama_2023_1PV0,100,ESM2 8M,Test MSE,0.47456958146684763
substitutions,SDA_BACSU_Tsuboyama_2023_1PV0,200,ESM2 150M,Test MSE,0.13032812012332212
substitutions,SDA_BACSU_Tsuboyama_2023_1PV0,200,ESM2 35M,Test MSE,0.25292475064455106
substitutions,SDA_BACSU_Tsuboyama_2023_1PV0,200,ESM2 650M,Test MSE,0.15082311446138608
substitutions,SDA_BACSU_Tsuboyama_2023_1PV0,200,ESM2 8M,Test MSE,0.3206506781462413
substitutions,SDA_BACSU_Tsuboyama_2023_1PV0,350,ESM2 150M,Test MSE,0.1032771162797459
substitutions,SDA_BACSU_Tsuboyama_2023_1PV0,350,ESM2 35M,Test MSE,0.1863945158473463
substitutions,SDA_BACSU_Tsuboyama_2023_1PV0,350,ESM2 650M,Test MSE,0.1163501793087055
substitutions,SDA_BACSU_Tsuboyama_2023_1PV0,350,ESM2 8M,Test MSE,0.24434764912409013
substitutions,SDA_BACSU_Tsuboyama_2023_1PV0,500,ESM2 150M,Test MSE,0.09203587649008424
substitutions,SDA_BACSU_Tsuboyama_2023_1PV0,500,ESM2 35M,Test MSE,0.15868280676121355
substitutions,SDA_BACSU_Tsuboyama_2023_1PV0,500,ESM2 650M,Test MSE,0.09964164729869125
substitutions,SDA_BACSU_Tsuboyama_2023_1PV0,500,ESM2 8M,Test MSE,0.2040085446227929
substitutions,SOX30_HUMAN_Tsuboyama_2023_7JJK,20,ESM2 150M,Test MSE,0.4867487015765638
substitutions,SOX30_HUMAN_Tsuboyama_2023_7JJK,20,ESM2 35M,Test MSE,0.7799343171679689
substitutions,SOX30_HUMAN_Tsuboyama_2023_7JJK,20,ESM2 650M,Test MSE,0.6364241286680477
substitutions,SOX30_HUMAN_Tsuboyama_2023_7JJK,20,ESM2 8M,Test MSE,0.7712417512866461
substitutions,SOX30_HUMAN_Tsuboyama_2023_7JJK,50,ESM2 150M,Test MSE,0.403244161311972
substitutions,SOX30_HUMAN_Tsuboyama_2023_7JJK,50,ESM2 35M,Test MSE,0.5545482962145722
substitutions,SOX30_HUMAN_Tsuboyama_2023_7JJK,50,ESM2 650M,Test MSE,0.45045195569392893
substitutions,SOX30_HUMAN_Tsuboyama_2023_7JJK,50,ESM2 8M,Test MSE,0.5275796336314448
substitutions,SOX30_HUMAN_Tsuboyama_2023_7JJK,75,ESM2 150M,Test MSE,0.3286357686317094
substitutions,SOX30_HUMAN_Tsuboyama_2023_7JJK,75,ESM2 35M,Test MSE,0.44447792816117593
substitutions,SOX30_HUMAN_Tsuboyama_2023_7JJK,75,ESM2 650M,Test MSE,0.3880649999096978
substitutions,SOX30_HUMAN_Tsuboyama_2023_7JJK,75,ESM2 8M,Test MSE,0.4716486900962525
substitutions,SOX30_HUMAN_Tsuboyama_2023_7JJK,100,ESM2 150M,Test MSE,0.30131872787306424
substitutions,SOX30_HUMAN_Tsuboyama_2023_7JJK,100,ESM2 35M,Test MSE,0.40068126094846307
substitutions,SOX30_HUMAN_Tsuboyama_2023_7JJK,100,ESM2 650M,Test MSE,0.3537411739248034
substitutions,SOX30_HUMAN_Tsuboyama_2023_7JJK,100,ESM2 8M,Test MSE,0.4051735827432794
substitutions,SOX30_HUMAN_Tsuboyama_2023_7JJK,200,ESM2 150M,Test MSE,0.23867642278554252
substitutions,SOX30_HUMAN_Tsuboyama_2023_7JJK,200,ESM2 35M,Test MSE,0.2826645240238065
substitutions,SOX30_HUMAN_Tsuboyama_2023_7JJK,200,ESM2 650M,Test MSE,0.2668213813903303
substitutions,SOX30_HUMAN_Tsuboyama_2023_7JJK,200,ESM2 8M,Test MSE,0.30457705877081864
substitutions,SOX30_HUMAN_Tsuboyama_2023_7JJK,350,ESM2 150M,Test MSE,0.18746554883805208
substitutions,SOX30_HUMAN_Tsuboyama_2023_7JJK,350,ESM2 35M,Test MSE,0.23035042098786845
substitutions,SOX30_HUMAN_Tsuboyama_2023_7JJK,350,ESM2 650M,Test MSE,0.21515986341976606
substitutions,SOX30_HUMAN_Tsuboyama_2023_7JJK,350,ESM2 8M,Test MSE,0.24871071790363714
substitutions,SOX30_HUMAN_Tsuboyama_2023_7JJK,500,ESM2 150M,Test MSE,0.1647609321399071
substitutions,SOX30_HUMAN_Tsuboyama_2023_7JJK,500,ESM2 35M,Test MSE,0.1957343047930013
substitutions,SOX30_HUMAN_Tsuboyama_2023_7JJK,500,ESM2 650M,Test MSE,0.1866174686362619
substitutions,SOX30_HUMAN_Tsuboyama_2023_7JJK,500,ESM2 8M,Test MSE,0.21488113253368293
substitutions,YNZC_BACSU_Tsuboyama_2023_2JVD,20,ESM2 150M,Test MSE,0.4021092212428964
substitutions,YNZC_BACSU_Tsuboyama_2023_2JVD,20,ESM2 35M,Test MSE,0.457948383512372
substitutions,YNZC_BACSU_Tsuboyama_2023_2JVD,20,ESM2 650M,Test MSE,0.39195693844351026
substitutions,YNZC_BACSU_Tsuboyama_2023_2JVD,20,ESM2 8M,Test MSE,0.5125434417925177
substitutions,YNZC_BACSU_Tsuboyama_2023_2JVD,50,ESM2 150M,Test MSE,0.21586016566937713
substitutions,YNZC_BACSU_Tsuboyama_2023_2JVD,50,ESM2 35M,Test MSE,0.29432358208981235
substitutions,YNZC_BACSU_Tsuboyama_2023_2JVD,50,ESM2 650M,Test MSE,0.24405768667828265
substitutions,YNZC_BACSU_Tsuboyama_2023_2JVD,50,ESM2 8M,Test MSE,0.2748343330126997
substitutions,YNZC_BACSU_Tsuboyama_2023_2JVD,75,ESM2 150M,Test MSE,0.18721381148175897
substitutions,YNZC_BACSU_Tsuboyama_2023_2JVD,75,ESM2 35M,Test MSE,0.22470001780197973
substitutions,YNZC_BACSU_Tsuboyama_2023_2JVD,75,ESM2 650M,Test MSE,0.19978249718615243
substitutions,YNZC_BACSU_Tsuboyama_2023_2JVD,75,ESM2 8M,Test MSE,0.23268217151891024
substitutions,YNZC_BACSU_Tsuboyama_2023_2JVD,100,ESM2 150M,Test MSE,0.1701337533057894
substitutions,YNZC_BACSU_Tsuboyama_2023_2JVD,100,ESM2 35M,Test MSE,0.19821442622007263
substitutions,YNZC_BACSU_Tsuboyama_2023_2JVD,100,ESM2 650M,Test MSE,0.1825279062188198
substitutions,YNZC_BACSU_Tsuboyama_2023_2JVD,100,ESM2 8M,Test MSE,0.2115797253726525
substitutions,YNZC_BACSU_Tsuboyama_2023_2JVD,200,ESM2 150M,Test MSE,0.1330216594400727
substitutions,YNZC_BACSU_Tsuboyama_2023_2JVD,200,ESM2 35M,Test MSE,0.15267361322237524
substitutions,YNZC_BACSU_Tsuboyama_2023_2JVD,200,ESM2 650M,Test MSE,0.1437689082667401
substitutions,YNZC_BACSU_Tsuboyama_2023_2JVD,200,ESM2 8M,Test MSE,0.16751525854834853
substitutions,YNZC_BACSU_Tsuboyama_2023_2JVD,350,ESM2 150M,Test MSE,0.10707980079913268
substitutions,YNZC_BACSU_Tsuboyama_2023_2JVD,350,ESM2 35M,Test MSE,0.12337437669940651
substitutions,YNZC_BACSU_Tsuboyama_2023_2JVD,350,ESM2 650M,Test MSE,0.11444975834924313
substitutions,YNZC_BACSU_Tsuboyama_2023_2JVD,350,ESM2 8M,Test MSE,0.13866893087211493
substitutions,YNZC_BACSU_Tsuboyama_2023_2JVD,500,ESM2 150M,Test MSE,0.09231211705673116
substitutions,YNZC_BACSU_Tsuboyama_2023_2JVD,500,ESM2 35M,Test MSE,0.10357401465526044
substitutions,YNZC_BACSU_Tsuboyama_2023_2JVD,500,ESM2 650M,Test MSE,0.09992160845385775
substitutions,YNZC_BACSU_Tsuboyama_2023_2JVD,500,ESM2 8M,Test MSE,0.11472734831360658
indels,MAFG_MOUSE_Tsuboyama_2023_1K1V_indels,20,ESM2 150M,Test RMSE,0.5292288613849242
indels,MAFG_MOUSE_Tsuboyama_2023_1K1V_indels,20,ESM2 35M,Test RMSE,0.5443817865107531
indels,MAFG_MOUSE_Tsuboyama_2023_1K1V_indels,20,ESM2 650M,Test RMSE,0.58791911499228
indels,MAFG_MOUSE_Tsuboyama_2023_1K1V_indels,20,ESM2 8M,Test RMSE,0.5955681073319351
indels,MAFG_MOUSE_Tsuboyama_2023_1K1V_indels,40,ESM2 150M,Test RMSE,0.5199612681445245
indels,MAFG_MOUSE_Tsuboyama_2023_1K1V_indels,40,ESM2 35M,Test RMSE,0.5278914087009824
indels,MAFG_MOUSE_Tsuboyama_2023_1K1V_indels,40,ESM2 650M,Test RMSE,0.5451895551661453
indels,MAFG_MOUSE_Tsuboyama_2023_1K1V_indels,40,ESM2 8M,Test RMSE,0.5950090854691843
indels,MAFG_MOUSE_Tsuboyama_2023_1K1V_indels,60,ESM2 150M,Test RMSE,0.4606741613799816
indels,MAFG_MOUSE_Tsuboyama_2023_1K1V_indels,60,ESM2 35M,Test RMSE,0.49140937430855924
indels,MAFG_MOUSE_Tsuboyama_2023_1K1V_indels,60,ESM2 650M,Test RMSE,0.4892199511183894
indels,MAFG_MOUSE_Tsuboyama_2023_1K1V_indels,60,ESM2 8M,Test RMSE,0.4914768653794515
indels,MAFG_MOUSE_Tsuboyama_2023_1K1V_indels,80,ESM2 150M,Test RMSE,0.42381739615349884
indels,MAFG_MOUSE_Tsuboyama_2023_1K1V_indels,80,ESM2 35M,Test RMSE,0.45320228089425363
indels,MAFG_MOUSE_Tsuboyama_2023_1K1V_indels,80,ESM2 650M,Test RMSE,0.43526969175927743
indels,MAFG_MOUSE_Tsuboyama_2023_1K1V_indels,80,ESM2 8M,Test RMSE,0.4801951185594436
indels,PIN1_HUMAN_Tsuboyama_2023_1I6C_indels,20,ESM2 150M,Test RMSE,0.45883729472493506
indels,PIN1_HUMAN_Tsuboyama_2023_1I6C_indels,20,ESM2 35M,Test RMSE,0.5243808606753536
indels,PIN1_HUMAN_Tsuboyama_2023_1I6C_indels,20,ESM2 650M,Test RMSE,0.47879093131572514
indels,PIN1_HUMAN_Tsuboyama_2023_1I6C_indels,20,ESM2 8M,Test RMSE,0.661671897337509
indels,PIN1_HUMAN_Tsuboyama_2023_1I6C_indels,40,ESM2 150M,Test RMSE,0.37317946487452136
indels,PIN1_HUMAN_Tsuboyama_2023_1I6C_indels,40,ESM2 35M,Test RMSE,0.4519548889886275
indels,PIN1_HUMAN_Tsuboyama_2023_1I6C_indels,40,ESM2 650M,Test RMSE,0.41509736998978797
indels,PIN1_HUMAN_Tsuboyama_2023_1I6C_indels,40,ESM2 8M,Test RMSE,0.568431500467165
indels,PIN1_HUMAN_Tsuboyama_2023_1I6C_indels,60,ESM2 150M,Test RMSE,0.3451062622504977
indels,PIN1_HUMAN_Tsuboyama_2023_1I6C_indels,60,ESM2 35M,Test RMSE,0.42045296986215774
indels,PIN1_HUMAN_Tsuboyama_2023_1I6C_indels,60,ESM2 650M,Test RMSE,0.3735968697721784
indels,PIN1_HUMAN_Tsuboyama_2023_1I6C_indels,60,ESM2 8M,Test RMSE,0.5088749979197662
indels,PIN1_HUMAN_Tsuboyama_2023_1I6C_indels,80,ESM2 150M,Test RMSE,0.32296972349316866
indels,PIN1_HUMAN_Tsuboyama_2023_1I6C_indels,80,ESM2 35M,Test RMSE,0.3945606844845499
indels,PIN1_HUMAN_Tsuboyama_2023_1I6C_indels,80,ESM2 650M,Test RMSE,0.3438974516523424
indels,PIN1_HUMAN_Tsuboyama_2023_1I6C_indels,80,ESM2 8M,Test RMSE,0.5133219113144613
indels,PKN1_HUMAN_Tsuboyama_2023_1URF_indels,20,ESM2 150M,Test RMSE,0.48204262605899756
indels,PKN1_HUMAN_Tsuboyama_2023_1URF_indels,20,ESM2 35M,Test RMSE,0.5773048935181333
indels,PKN1_HUMAN_Tsuboyama_2023_1URF_indels,20,ESM2 650M,Test RMSE,0.49515842317466446
indels,PKN1_HUMAN_Tsuboyama_2023_1URF_indels,20,ESM2 8M,Test RMSE,0.5448355909435267
indels,PKN1_HUMAN_Tsuboyama_2023_1URF_indels,40,ESM2 150M,Test RMSE,0.4238794059325527
indels,PKN1_HUMAN_Tsuboyama_2023_1URF_indels,40,ESM2 35M,Test RMSE,0.48470194511590947
indels,PKN1_HUMAN_Tsuboyama_2023_1URF_indels,40,ESM2 650M,Test RMSE,0.4494742479264566
indels,PKN1_HUMAN_Tsuboyama_2023_1URF_indels,40,ESM2 8M,Test RMSE,0.47073343272628465
indels,PKN1_HUMAN_Tsuboyama_2023_1URF_indels,60,ESM2 150M,Test RMSE,0.3929596719660367
indels,PKN1_HUMAN_Tsuboyama_2023_1URF_indels,60,ESM2 35M,Test RMSE,0.3965226153865964
indels,PKN1_HUMAN_Tsuboyama_2023_1URF_indels,60,ESM2 650M,Test RMSE,0.42870502740023275
indels,PKN1_HUMAN_Tsuboyama_2023_1URF_indels,60,ESM2 8M,Test RMSE,0.45127319369397745
indels,PKN1_HUMAN_Tsuboyama_2023_1URF_indels,80,ESM2 150M,Test RMSE,0.3753373463917312
indels,PKN1_HUMAN_Tsuboyama_2023_1URF_indels,80,ESM2 35M,Test RMSE,0.37188266489334393
indels,PKN1_HUMAN_Tsuboyama_2023_1URF_indels,80,ESM2 650M,Test RMSE,0.4180206384092398
indels,PKN1_HUMAN_Tsuboyama_2023_1URF_indels,80,ESM2 8M,Test RMSE,0.39727560547291263
indels,POLG_PESV_Tsuboyama_2023_2MXD_indels,20,ESM2 150M,Test RMSE,0.9950118280892412
indels,POLG_PESV_Tsuboyama_2023_2MXD_indels,20,ESM2 35M,Test RMSE,0.9763323720057848
indels,POLG_PESV_Tsuboyama_2023_2MXD_indels,20,ESM2 650M,Test RMSE,0.9323580342628628
indels,POLG_PESV_Tsuboyama_2023_2MXD_indels,20,ESM2 8M,Test RMSE,1.013616179659874
indels,POLG_PESV_Tsuboyama_2023_2MXD_indels,40,ESM2 150M,Test RMSE,0.8505985723557407
indels,POLG_PESV_Tsuboyama_2023_2MXD_indels,40,ESM2 35M,Test RMSE,0.7535195123981641
indels,POLG_PESV_Tsuboyama_2023_2MXD_indels,40,ESM2 650M,Test RMSE,0.7616882982635752
indels,POLG_PESV_Tsuboyama_2023_2MXD_indels,40,ESM2 8M,Test RMSE,0.8551869546373059
indels,POLG_PESV_Tsuboyama_2023_2MXD_indels,60,ESM2 150M,Test RMSE,0.7420280446421434
indels,POLG_PESV_Tsuboyama_2023_2MXD_indels,60,ESM2 35M,Test RMSE,0.6676205000940622
indels,POLG_PESV_Tsuboyama_2023_2MXD_indels,60,ESM2 650M,Test RMSE,0.6703308327946533
indels,POLG_PESV_Tsuboyama_2023_2MXD_indels,60,ESM2 8M,Test RMSE,0.7704646846454793
indels,POLG_PESV_Tsuboyama_2023_2MXD_indels,80,ESM2 150M,Test RMSE,0.6823395746151371
indels,POLG_PESV_Tsuboyama_2023_2MXD_indels,80,ESM2 35M,Test RMSE,0.5919464339533274
indels,POLG_PESV_Tsuboyama_2023_2MXD_indels,80,ESM2 650M,Test RMSE,0.621511904449625
indels,POLG_PESV_Tsuboyama_2023_2MXD_indels,80,ESM2 8M,Test RMSE,0.6776313580284591
indels,RD23A_HUMAN_Tsuboyama_2023_1IFY_indels,20,ESM2 150M,Test RMSE,0.7243230312506757
indels,RD23A_HUMAN_Tsuboyama_2023_1IFY_indels,20,ESM2 35M,Test RMSE,0.5529886550750073
indels,RD23A_HUMAN_Tsuboyama_2023_1IFY_indels,20,ESM2 650M,Test RMSE,0.559781562875674
indels,RD23A_HUMAN_Tsuboyama_2023_1IFY_indels,20,ESM2 8M,Test RMSE,0.8108042835027345
indels,RD23A_HUMAN_Tsuboyama_2023_1IFY_indels,40,ESM2 150M,Test RMSE,0.5110473370916878
indels,RD23A_HUMAN_Tsuboyama_2023_1IFY_indels,40,ESM2 35M,Test RMSE,0.427471998943708
indels,RD23A_HUMAN_Tsuboyama_2023_1IFY_indels,40,ESM2 650M,Test RMSE,0.4717189780311134
indels,RD23A_HUMAN_Tsuboyama_2023_1IFY_indels,40,ESM2 8M,Test RMSE,0.6318274873525741
indels,RD23A_HUMAN_Tsuboyama_2023_1IFY_indels,60,ESM2 150M,Test RMSE,0.4399697029727334
indels,RD23A_HUMAN_Tsuboyama_2023_1IFY_indels,60,ESM2 35M,Test RMSE,0.40675059112291656
indels,RD23A_HUMAN_Tsuboyama_2023_1IFY_indels,60,ESM2 650M,Test RMSE,0.44024360074067437
indels,RD23A_HUMAN_Tsuboyama_2023_1IFY_indels,60,ESM2 8M,Test RMSE,0.586197158704043
indels,RD23A_HUMAN_Tsuboyama_2023_1IFY_indels,80,ESM2 150M,Test RMSE,0.37319453957067616
indels,RD23A_HUMAN_Tsuboyama_2023_1IFY_indels,80,ESM2 35M,Test RMSE,0.34904189091836224
indels,RD23A_HUMAN_Tsuboyama_2023_1IFY_indels,80,ESM2 650M,Test RMSE,0.35347347625725
indels,RD23A_HUMAN_Tsuboyama_2023_1IFY_indels,80,ESM2 8M,Test RMSE,0.4985100977877527
indels,RPC1_BP434_Tsuboyama_2023_1R69_indels,20,ESM2 150M,Test RMSE,0.8869269882181301
indels,RPC1_BP434_Tsuboyama_2023_1R69_indels,20,ESM2 35M,Test RMSE,0.913760920512631
indels,RPC1_BP434_Tsuboyama_2023_1R69_indels,20,ESM2 650M,Test RMSE,0.941639829550742
indels,RPC1_BP434_Tsuboyama_2023_1R69_indels,20,ESM2 8M,Test RMSE,1.1099735393495018
indels,RPC1_BP434_Tsuboyama_2023_1R69_indels,40,ESM2 150M,Test RMSE,0.8081807195529898
indels,RPC1_BP434_Tsuboyama_2023_1R69_indels,40,ESM2 35M,Test RMSE,0.8895841537589637
indels,RPC1_BP434_Tsuboyama_2023_1R69_indels,40,ESM2 650M,Test RMSE,0.8029468890053281
indels,RPC1_BP434_Tsuboyama_2023_1R69_indels,40,ESM2 8M,Test RMSE,0.8964808775569091
indels,RPC1_BP434_Tsuboyama_2023_1R69_indels,60,ESM2 150M,Test RMSE,0.7976717521033707
indels,RPC1_BP434_Tsuboyama_2023_1R69_indels,60,ESM2 35M,Test RMSE,0.8854657791734102
indels,RPC1_BP434_Tsuboyama_2023_1R69_indels,60,ESM2 650M,Test RMSE,0.8338576610010981
indels,RPC1_BP434_Tsuboyama_2023_1R69_indels,60,ESM2 8M,Test RMSE,0.8663694735366446
indels,RPC1_BP434_Tsuboyama_2023_1R69_indels,80,ESM2 150M,Test RMSE,0.7878991990882467
indels,RPC1_BP434_Tsuboyama_2023_1R69_indels,80,ESM2 35M,Test RMSE,0.837185821781835
indels,RPC1_BP434_Tsuboyama_2023_1R69_indels,80,ESM2 650M,Test RMSE,0.8373483620331774
indels,RPC1_BP434_Tsuboyama_2023_1R69_indels,80,ESM2 8M,Test RMSE,0.8368142369412064
indels,SDA_BACSU_Tsuboyama_2023_1PV0_indels,20,ESM2 150M,Test RMSE,0.7390229119968208
indels,SDA_BACSU_Tsuboyama_2023_1PV0_indels,20,ESM2 35M,Test RMSE,0.9558208388841611
indels,SDA_BACSU_Tsuboyama_2023_1PV0_indels,20,ESM2 650M,Test RMSE,0.5977180388660319
indels,SDA_BACSU_Tsuboyama_2023_1PV0_indels,20,ESM2 8M,Test RMSE,0.9575760950173822
indels,SDA_BACSU_Tsuboyama_2023_1PV0_indels,40,ESM2 150M,Test RMSE,0.5626734491760591
indels,SDA_BACSU_Tsuboyama_2023_1PV0_indels,40,ESM2 35M,Test RMSE,0.8677643017283503
indels,SDA_BACSU_Tsuboyama_2023_1PV0_indels,40,ESM2 650M,Test RMSE,0.47911271296678865
indels,SDA_BACSU_Tsuboyama_2023_1PV0_indels,40,ESM2 8M,Test RMSE,0.7695502660975329
indels,SDA_BACSU_Tsuboyama_2023_1PV0_indels,60,ESM2 150M,Test RMSE,0.48880363143848243
indels,SDA_BACSU_Tsuboyama_2023_1PV0_indels,60,ESM2 35M,Test RMSE,0.72632214208012
indels,SDA_BACSU_Tsuboyama_2023_1PV0_indels,60,ESM2 650M,Test RMSE,0.4044421410142582
indels,SDA_BACSU_Tsuboyama_2023_1PV0_indels,60,ESM2 8M,Test RMSE,0.6548713036251501
indels,SDA_BACSU_Tsuboyama_2023_1PV0_indels,80,ESM2 150M,Test RMSE,0.4320513875597175
indels,SDA_BACSU_Tsuboyama_2023_1PV0_indels,80,ESM2 35M,Test RMSE,0.7242089619366192
indels,SDA_BACSU_Tsuboyama_2023_1PV0_indels,80,ESM2 650M,Test RMSE,0.37102175430851225
indels,SDA_BACSU_Tsuboyama_2023_1PV0_indels,80,ESM2 8M,Test RMSE,0.6370981943626165
indels,SQSTM_MOUSE_Tsuboyama_2023_2RRU_indels,20,ESM2 150M,Test RMSE,0.3875311858930938
indels,SQSTM_MOUSE_Tsuboyama_2023_2RRU_indels,20,ESM2 35M,Test RMSE,0.4147766187210193
indels,SQSTM_MOUSE_Tsuboyama_2023_2RRU_indels,20,ESM2 650M,Test RMSE,0.39739482281434035
indels,SQSTM_MOUSE_Tsuboyama_2023_2RRU_indels,20,ESM2 8M,Test RMSE,0.47028021572872153
indels,SQSTM_MOUSE_Tsuboyama_2023_2RRU_indels,40,ESM2 150M,Test RMSE,0.345803313705233
indels,SQSTM_MOUSE_Tsuboyama_2023_2RRU_indels,40,ESM2 35M,Test RMSE,0.33674199094599233
indels,SQSTM_MOUSE_Tsuboyama_2023_2RRU_indels,40,ESM2 650M,Test RMSE,0.34470425598096316
indels,SQSTM_MOUSE_Tsuboyama_2023_2RRU_indels,40,ESM2 8M,Test RMSE,0.40770863494378606
indels,SQSTM_MOUSE_Tsuboyama_2023_2RRU_indels,60,ESM2 150M,Test RMSE,0.28522289998381634
indels,SQSTM_MOUSE_Tsuboyama_2023_2RRU_indels,60,ESM2 35M,Test RMSE,0.2949648330833573
indels,SQSTM_MOUSE_Tsuboyama_2023_2RRU_indels,60,ESM2 650M,Test RMSE,0.287048180218607
indels,SQSTM_MOUSE_Tsuboyama_2023_2RRU_indels,60,ESM2 8M,Test RMSE,0.34294114241736506
indels,SQSTM_MOUSE_Tsuboyama_2023_2RRU_indels,80,ESM2 150M,Test RMSE,0.2752984415107277
indels,SQSTM_MOUSE_Tsuboyama_2023_2RRU_indels,80,ESM2 35M,Test RMSE,0.2673673106378013
indels,SQSTM_MOUSE_Tsuboyama_2023_2RRU_indels,80,ESM2 650M,Test RMSE,0.2711443873934781
indels,SQSTM_MOUSE_Tsuboyama_2023_2RRU_indels,80,ESM2 8M,Test RMSE,0.325740428704218
indels,VG08_BPP22_Tsuboyama_2023_2GP8_indels,20,ESM2 150M,Test RMSE,0.3036388181464467
indels,VG08_BPP22_Tsuboyama_2023_2GP8_indels,20,ESM2 35M,Test RMSE,0.3043847449937891
indels,VG08_BPP22_Tsuboyama_2023_2GP8_indels,20,ESM2 650M,Test RMSE,0.291061277126984
indels,VG08_BPP22_Tsuboyama_2023_2GP8_indels,20,ESM2 8M,Test RMSE,0.30163682725372065
indels,VG08_BPP22_Tsuboyama_2023_2GP8_indels,40,ESM2 150M,Test RMSE,0.26180987184157306
indels,VG08_BPP22_Tsuboyama_2023_2GP8_indels,40,ESM2 35M,Test RMSE,0.2698544209008242
indels,VG08_BPP22_Tsuboyama_2023_2GP8_indels,40,ESM2 650M,Test RMSE,0.2559741456037797
indels,VG08_BPP22_Tsuboyama_2023_2GP8_indels,40,ESM2 8M,Test RMSE,0.27831759740015405
indels,VG08_BPP22_Tsuboyama_2023_2GP8_indels,60,ESM2 150M,Test RMSE,0.24258968207689083
indels,VG08_BPP22_Tsuboyama_2023_2GP8_indels,60,ESM2 35M,Test RMSE,0.2673640319216781
indels,VG08_BPP22_Tsuboyama_2023_2GP8_indels,60,ESM2 650M,Test RMSE,0.24210101097556697
indels,VG08_BPP22_Tsuboyama_2023_2GP8_indels,60,ESM2 8M,Test RMSE,0.25295838436840407
indels,VG08_BPP22_Tsuboyama_2023_2GP8_indels,80,ESM2 150M,Test RMSE,0.23353709448836052
indels,VG08_BPP22_Tsuboyama_2023_2GP8_indels,80,ESM2 35M,Test RMSE,0.24035541497970372
indels,VG08_BPP22_Tsuboyama_2023_2GP8_indels,80,ESM2 650M,Test RMSE,0.22554062000400363
indels,VG08_BPP22_Tsuboyama_2023_2GP8_indels,80,ESM2 8M,Test RMSE,0.24740946355031085
indels,YNZC_BACSU_Tsuboyama_2023_2JVD_indels,20,ESM2 150M,Test RMSE,0.49877754198343904
indels,YNZC_BACSU_Tsuboyama_2023_2JVD_indels,20,ESM2 35M,Test RMSE,0.6605539900085612
indels,YNZC_BACSU_Tsuboyama_2023_2JVD_indels,20,ESM2 650M,Test RMSE,0.480391369173669
indels,YNZC_BACSU_Tsuboyama_2023_2JVD_indels,20,ESM2 8M,Test RMSE,0.7172091064570759
indels,YNZC_BACSU_Tsuboyama_2023_2JVD_indels,40,ESM2 150M,Test RMSE,0.45316539764203084
indels,YNZC_BACSU_Tsuboyama_2023_2JVD_indels,40,ESM2 35M,Test RMSE,0.5158174729881926
indels,YNZC_BACSU_Tsuboyama_2023_2JVD_indels,40,ESM2 650M,Test RMSE,0.41773097596198144
indels,YNZC_BACSU_Tsuboyama_2023_2JVD_indels,40,ESM2 8M,Test RMSE,0.5759732136320681
indels,YNZC_BACSU_Tsuboyama_2023_2JVD_indels,60,ESM2 150M,Test RMSE,0.4004073172551886
indels,YNZC_BACSU_Tsuboyama_2023_2JVD_indels,60,ESM2 35M,Test RMSE,0.4724954194073874
indels,YNZC_BACSU_Tsuboyama_2023_2JVD_indels,60,ESM2 650M,Test RMSE,0.3406238696855294
indels,YNZC_BACSU_Tsuboyama_2023_2JVD_indels,60,ESM2 8M,Test RMSE,0.528544634685606
indels,YNZC_BACSU_Tsuboyama_2023_2JVD_indels,80,ESM2 150M,Test RMSE,0.3608502297653465
indels,YNZC_BACSU_Tsuboyama_2023_2JVD_indels,80,ESM2 35M,Test RMSE,0.431935361048578
indels,YNZC_BACSU_Tsuboyama_2023_2JVD_indels,80,ESM2 650M,Test RMSE,0.3087661881372069
indels,YNZC_BACSU_Tsuboyama_2023_2JVD_indels,80,ESM2 8M,Test RMSE,0.49733369218328
peptides,EC_all_40,20,ESM2 150M,Test RMSE,0.7654291950154823
peptides,EC_all_40,20,ESM2 35M,Test RMSE,0.7928991295159459
peptides,EC_all_40,20,ESM2 650M,Test RMSE,0.7868627450964212
peptides,EC_all_40,20,ESM2 8M,Test RMSE,0.7806726614473727
peptides,EC_all_40,50,ESM2 150M,Test RMSE,0.7530406527665434
peptides,EC_all_40,50,ESM2 35M,Test RMSE,0.695691352836294
peptides,EC_all_40,50,ESM2 650M,Test RMSE,0.7352965535300626
peptides,EC_all_40,50,ESM2 8M,Test RMSE,0.7131649714597013
peptides,EC_all_40,75,ESM2 150M,Test RMSE,0.7145832755525753
peptides,EC_all_40,75,ESM2 35M,Test RMSE,0.7042195017138464
peptides,EC_all_40,75,ESM2 650M,Test RMSE,0.713378151026975
peptides,EC_all_40,75,ESM2 8M,Test RMSE,0.7033413549644421
peptides,EC_all_40,100,ESM2 150M,Test RMSE,0.6927744774052553
peptides,EC_all_40,100,ESM2 35M,Test RMSE,0.6876559107861233
peptides,EC_all_40,100,ESM2 650M,Test RMSE,0.6748990571306752
peptides,EC_all_40,100,ESM2 8M,Test RMSE,0.6856024065601013
peptides,EC_all_40,200,ESM2 150M,Test RMSE,0.6691378719952675
peptides,EC_all_40,200,ESM2 35M,Test RMSE,0.6694159899365708
peptides,EC_all_40,200,ESM2 650M,Test RMSE,0.6661453838951635
peptides,EC_all_40,200,ESM2 8M,Test RMSE,0.6581524402498699
peptides,EC_all_40,350,ESM2 150M,Test RMSE,0.6462631340966791
peptides,EC_all_40,350,ESM2 35M,Test RMSE,0.6477233186792979
peptides,EC_all_40,350,ESM2 650M,Test RMSE,0.6430553364505969
peptides,EC_all_40,350,ESM2 8M,Test RMSE,0.6370884109960351
peptides,EC_all_40,500,ESM2 150M,Test RMSE,0.6376293642563905
peptides,EC_all_40,500,ESM2 35M,Test RMSE,0.636408612886171
peptides,EC_all_40,500,ESM2 650M,Test RMSE,0.6338225102676817
peptides,EC_all_40,500,ESM2 8M,Test RMSE,0.6310731945859488
peptides,PA_all_40,20,ESM2 150M,Test RMSE,0.7825832464150987
peptides,PA_all_40,20,ESM2 35M,Test RMSE,0.7876537849348578
peptides,PA_all_40,20,ESM2 650M,Test RMSE,0.7954859538233
peptides,PA_all_40,20,ESM2 8M,Test RMSE,0.7813875442834087
peptides,PA_all_40,50,ESM2 150M,Test RMSE,0.7848273194842587
peptides,PA_all_40,50,ESM2 35M,Test RMSE,0.8032542961335624
peptides,PA_all_40,50,ESM2 650M,Test RMSE,0.7886116323059089
peptides,PA_all_40,50,ESM2 8M,Test RMSE,0.7857039770769682
peptides,PA_all_40,75,ESM2 150M,Test RMSE,0.7508783588619419
peptides,PA_all_40,75,ESM2 35M,Test RMSE,0.7694952224756619
peptides,PA_all_40,75,ESM2 650M,Test RMSE,0.7608137245808713
peptides,PA_all_40,75,ESM2 8M,Test RMSE,0.7477721136529738
peptides,PA_all_40,100,ESM2 150M,Test RMSE,0.7501982602767265
peptides,PA_all_40,100,ESM2 35M,Test RMSE,0.7494059104908372
peptides,PA_all_40,100,ESM2 650M,Test RMSE,0.7494312369882257
peptides,PA_all_40,100,ESM2 8M,Test RMSE,0.7426680063730671
peptides,PA_all_40,200,ESM2 150M,Test RMSE,0.7163236661978084
peptides,PA_all_40,200,ESM2 35M,Test RMSE,0.716135795458767
peptides,PA_all_40,200,ESM2 650M,Test RMSE,0.7164919507743109
peptides,PA_all_40,200,ESM2 8M,Test RMSE,0.7081389633043221
peptides,PA_all_40,350,ESM2 150M,Test RMSE,0.6838290343245635
peptides,PA_all_40,350,ESM2 35M,Test RMSE,0.6833134671566052
peptides,PA_all_40,350,ESM2 650M,Test RMSE,0.6861202334843076
peptides,PA_all_40,350,ESM2 8M,Test RMSE,0.6761349191544828
peptides,PA_all_40,500,ESM2 150M,Test RMSE,0.6711912845811001
peptides,PA_all_40,500,ESM2 35M,Test RMSE,0.6714893713702939
peptides,PA_all_40,500,ESM2 650M,Test RMSE,0.6700818166442893
peptides,PA_all_40,500,ESM2 8M,Test RMSE,0.6683193062158466
peptides,SA_all_40,20,ESM2 150M,Test RMSE,0.8308572819898675
peptides,SA_all_40,20,ESM2 35M,Test RMSE,0.8512866725247328
peptides,SA_all_40,20,ESM2 650M,Test RMSE,0.8693895009824333
peptides,SA_all_40,20,ESM2 8M,Test RMSE,0.8472169665999509
peptides,SA_all_40,50,ESM2 150M,Test RMSE,0.7964662553254538
peptides,SA_all_40,50,ESM2 35M,Test RMSE,0.7977841328277296
peptides,SA_all_40,50,ESM2 650M,Test RMSE,0.8075486574295377
peptides,SA_all_40,50,ESM2 8M,Test RMSE,0.7915186653319236
peptides,SA_all_40,75,ESM2 150M,Test RMSE,0.7522887606378899
peptides,SA_all_40,75,ESM2 35M,Test RMSE,0.7720284029913795
peptides,SA_all_40,75,ESM2 650M,Test RMSE,0.7664919527940527
peptides,SA_all_40,75,ESM2 8M,Test RMSE,0.7659574395839139
peptides,SA_all_40,100,ESM2 150M,Test RMSE,0.7427987768089522
peptides,SA_all_40,100,ESM2 35M,Test RMSE,0.753810013105491
peptides,SA_all_40,100,ESM2 650M,Test RMSE,0.7376682559073575
peptides,SA_all_40,100,ESM2 8M,Test RMSE,0.7467162417918104
peptides,SA_all_40,200,ESM2 150M,Test RMSE,0.7148392258653871
peptides,SA_all_40,200,ESM2 35M,Test RMSE,0.7166491688019642
peptides,SA_all_40,200,ESM2 650M,Test RMSE,0.7157343843740112
peptides,SA_all_40,200,ESM2 8M,Test RMSE,0.7157945677649207
peptides,SA_all_40,350,ESM2 150M,Test RMSE,0.7032286041026957
peptides,SA_all_40,350,ESM2 35M,Test RMSE,0.7058273032101223
peptides,SA_all_40,350,ESM2 650M,Test RMSE,0.6992813052915933
peptides,SA_all_40,350,ESM2 8M,Test RMSE,0.7110530347964958
peptides,SA_all_40,500,ESM2 150M,Test RMSE,0.6839655964146807
peptides,SA_all_40,500,ESM2 35M,Test RMSE,0.6909604017476726
peptides,SA_all_40,500,ESM2 650M,Test RMSE,0.6831019589898072
peptides,SA_all_40,500,ESM2 8M,Test RMSE,0.6890988270852795
peptides,hemopi2_all,20,ESM2 150M,Test RMSE,0.6984964477875353
peptides,hemopi2_all,20,ESM2 35M,Test RMSE,0.7002328946048203
peptides,hemopi2_all,20,ESM2 650M,Test RMSE,0.6877341839639146
peptides,hemopi2_all,20,ESM2 8M,Test RMSE,0.6952207674748883
peptides,hemopi2_all,50,ESM2 150M,Test RMSE,0.6814334176050426
peptides,hemopi2_all,50,ESM2 35M,Test RMSE,0.6832527107016613
peptides,hemopi2_all,50,ESM2 650M,Test RMSE,0.6821595062211154
peptides,hemopi2_all,50,ESM2 8M,Test RMSE,0.6839365287904969
peptides,hemopi2_all,75,ESM2 150M,Test RMSE,0.6716061271644322
peptides,hemopi2_all,75,ESM2 35M,Test RMSE,0.6691537660560416
peptides,hemopi2_all,75,ESM2 650M,Test RMSE,0.6643217866135321
peptides,hemopi2_all,75,ESM2 8M,Test RMSE,0.6635748430909164
peptides,hemopi2_all,100,ESM2 150M,Test RMSE,0.6566865225215489
peptides,hemopi2_all,100,ESM2 35M,Test RMSE,0.6554853750777874
peptides,hemopi2_all,100,ESM2 650M,Test RMSE,0.6524778944863733
peptides,hemopi2_all,100,ESM2 8M,Test RMSE,0.6568716603886297
peptides,hemopi2_all,200,ESM2 150M,Test RMSE,0.6331112235101856
peptides,hemopi2_all,200,ESM2 35M,Test RMSE,0.6388151489874734
peptides,hemopi2_all,200,ESM2 650M,Test RMSE,0.6160993241225414
peptides,hemopi2_all,200,ESM2 8M,Test RMSE,0.6216949574235842
peptides,hemopi2_all,350,ESM2 150M,Test RMSE,0.6123202461960394
peptides,hemopi2_all,350,ESM2 35M,Test RMSE,0.6122210695432035
peptides,hemopi2_all,350,ESM2 650M,Test RMSE,0.588870045104013
peptides,hemopi2_all,350,ESM2 8M,Test RMSE,0.5958264566856734
peptides,hemopi2_all,500,ESM2 150M,Test RMSE,0.592087031494167
peptides,hemopi2_all,500,ESM2 35M,Test RMSE,0.5928082100830727
peptides,hemopi2_all,500,ESM2 650M,Test RMSE,0.5712350439477365
peptides,hemopi2_all,500,ESM2 8M,Test RMSE,0.5807834593682359
substitutions,A0A247D711_LISMN_Stadelmann_2021,20,ESM2 150M,Test RMSE,1.3441596282601107
substitutions,A0A247D711_LISMN_Stadelmann_2021,20,ESM2 35M,Test RMSE,1.3254255635773113
substitutions,A0A247D711_LISMN_Stadelmann_2021,20,ESM2 650M,Test RMSE,1.3501257643070843
substitutions,A0A247D711_LISMN_Stadelmann_2021,20,ESM2 8M,Test RMSE,1.3774467193179154
substitutions,A0A247D711_LISMN_Stadelmann_2021,50,ESM2 150M,Test RMSE,1.3489024300970214
substitutions,A0A247D711_LISMN_Stadelmann_2021,50,ESM2 35M,Test RMSE,1.2828969744991876
substitutions,A0A247D711_LISMN_Stadelmann_2021,50,ESM2 650M,Test RMSE,1.2954139333117534
substitutions,A0A247D711_LISMN_Stadelmann_2021,50,ESM2 8M,Test RMSE,1.2949458685648925
substitutions,A0A247D711_LISMN_Stadelmann_2021,75,ESM2 150M,Test RMSE,1.2394505367271775
substitutions,A0A247D711_LISMN_Stadelmann_2021,75,ESM2 35M,Test RMSE,1.2499331140568384
substitutions,A0A247D711_LISMN_Stadelmann_2021,75,ESM2 650M,Test RMSE,1.2470315262870098
substitutions,A0A247D711_LISMN_Stadelmann_2021,75,ESM2 8M,Test RMSE,1.259352314636643
substitutions,A0A247D711_LISMN_Stadelmann_2021,100,ESM2 150M,Test RMSE,1.2113371213914157
substitutions,A0A247D711_LISMN_Stadelmann_2021,100,ESM2 35M,Test RMSE,1.224231426976428
substitutions,A0A247D711_LISMN_Stadelmann_2021,100,ESM2 650M,Test RMSE,1.2201051881292448
substitutions,A0A247D711_LISMN_Stadelmann_2021,100,ESM2 8M,Test RMSE,1.2237938462573017
substitutions,A0A247D711_LISMN_Stadelmann_2021,200,ESM2 150M,Test RMSE,1.1491384604524923
substitutions,A0A247D711_LISMN_Stadelmann_2021,200,ESM2 35M,Test RMSE,1.1553212358068718
substitutions,A0A247D711_LISMN_Stadelmann_2021,200,ESM2 650M,Test RMSE,1.1595101799378966
substitutions,A0A247D711_LISMN_Stadelmann_2021,200,ESM2 8M,Test RMSE,1.150377381413781
substitutions,A0A247D711_LISMN_Stadelmann_2021,350,ESM2 150M,Test RMSE,1.0821534100815047
substitutions,A0A247D711_LISMN_Stadelmann_2021,350,ESM2 35M,Test RMSE,1.0854714292488212
substitutions,A0A247D711_LISMN_Stadelmann_2021,350,ESM2 650M,Test RMSE,1.0872511029730174
substitutions,A0A247D711_LISMN_Stadelmann_2021,350,ESM2 8M,Test RMSE,1.0833438201381442
substitutions,A0A247D711_LISMN_Stadelmann_2021,500,ESM2 150M,Test RMSE,1.0447054662616109
substitutions,A0A247D711_LISMN_Stadelmann_2021,500,ESM2 35M,Test RMSE,1.0457192774406665
substitutions,A0A247D711_LISMN_Stadelmann_2021,500,ESM2 650M,Test RMSE,1.0497074348884685
substitutions,A0A247D711_LISMN_Stadelmann_2021,500,ESM2 8M,Test RMSE,1.043176646728858
substitutions,DN7A_SACS2_Tsuboyama_2023_1JIC,20,ESM2 150M,Test RMSE,1.188570265100767
substitutions,DN7A_SACS2_Tsuboyama_2023_1JIC,20,ESM2 35M,Test RMSE,1.116313477584756
substitutions,DN7A_SACS2_Tsuboyama_2023_1JIC,20,ESM2 650M,Test RMSE,1.0367431628776
substitutions,DN7A_SACS2_Tsuboyama_2023_1JIC,20,ESM2 8M,Test RMSE,1.190548124887353
substitutions,DN7A_SACS2_Tsuboyama_2023_1JIC,50,ESM2 150M,Test RMSE,1.0315157924590734
substitutions,DN7A_SACS2_Tsuboyama_2023_1JIC,50,ESM2 35M,Test RMSE,0.9410042125842007
substitutions,DN7A_SACS2_Tsuboyama_2023_1JIC,50,ESM2 650M,Test RMSE,0.8845467957669882
substitutions,DN7A_SACS2_Tsuboyama_2023_1JIC,50,ESM2 8M,Test RMSE,1.0462444533716069
substitutions,DN7A_SACS2_Tsuboyama_2023_1JIC,75,ESM2 150M,Test RMSE,1.0034134363066647
substitutions,DN7A_SACS2_Tsuboyama_2023_1JIC,75,ESM2 35M,Test RMSE,0.9021719898509216
substitutions,DN7A_SACS2_Tsuboyama_2023_1JIC,75,ESM2 650M,Test RMSE,0.8427711024383079
substitutions,DN7A_SACS2_Tsuboyama_2023_1JIC,75,ESM2 8M,Test RMSE,1.0122596207028485
substitutions,DN7A_SACS2_Tsuboyama_2023_1JIC,100,ESM2 150M,Test RMSE,0.9153379021541592
substitutions,DN7A_SACS2_Tsuboyama_2023_1JIC,100,ESM2 35M,Test RMSE,0.832740052018394
substitutions,DN7A_SACS2_Tsuboyama_2023_1JIC,100,ESM2 650M,Test RMSE,0.7613619380912647
substitutions,DN7A_SACS2_Tsuboyama_2023_1JIC,100,ESM2 8M,Test RMSE,0.9386544462782815
substitutions,DN7A_SACS2_Tsuboyama_2023_1JIC,200,ESM2 150M,Test RMSE,0.781771103942344
substitutions,DN7A_SACS2_Tsuboyama_2023_1JIC,200,ESM2 35M,Test RMSE,0.7012297152785214
substitutions,DN7A_SACS2_Tsuboyama_2023_1JIC,200,ESM2 650M,Test RMSE,0.6400663706973841
substitutions,DN7A_SACS2_Tsuboyama_2023_1JIC,200,ESM2 8M,Test RMSE,0.7987760165713771
substitutions,DN7A_SACS2_Tsuboyama_2023_1JIC,350,ESM2 150M,Test RMSE,0.6688270299072074
substitutions,DN7A_SACS2_Tsuboyama_2023_1JIC,350,ESM2 35M,Test RMSE,0.6199854477208255
substitutions,DN7A_SACS2_Tsuboyama_2023_1JIC,350,ESM2 650M,Test RMSE,0.5533980702969227
substitutions,DN7A_SACS2_Tsuboyama_2023_1JIC,350,ESM2 8M,Test RMSE,0.7092604248906553
substitutions,DN7A_SACS2_Tsuboyama_2023_1JIC,500,ESM2 150M,Test RMSE,0.6146765681117526
substitutions,DN7A_SACS2_Tsuboyama_2023_1JIC,500,ESM2 35M,Test RMSE,0.5708616795964849
substitutions,DN7A_SACS2_Tsuboyama_2023_1JIC,500,ESM2 650M,Test RMSE,0.5076894604787124
substitutions,DN7A_SACS2_Tsuboyama_2023_1JIC,500,ESM2 8M,Test RMSE,0.6505897583468956
substitutions,ENVZ_ECOLI_Ghose_2023,20,ESM2 150M,Test RMSE,1.2330240306552125
substitutions,ENVZ_ECOLI_Ghose_2023,20,ESM2 35M,Test RMSE,1.230352597648801
substitutions,ENVZ_ECOLI_Ghose_2023,20,ESM2 650M,Test RMSE,1.210487901125851
substitutions,ENVZ_ECOLI_Ghose_2023,20,ESM2 8M,Test RMSE,1.2432976996806633
substitutions,ENVZ_ECOLI_Ghose_2023,50,ESM2 150M,Test RMSE,1.1146581471988324
substitutions,ENVZ_ECOLI_Ghose_2023,50,ESM2 35M,Test RMSE,1.1325877753762073
substitutions,ENVZ_ECOLI_Ghose_2023,50,ESM2 650M,Test RMSE,1.1108089666187855
substitutions,ENVZ_ECOLI_Ghose_2023,50,ESM2 8M,Test RMSE,1.0901385584658196
substitutions,ENVZ_ECOLI_Ghose_2023,75,ESM2 150M,Test RMSE,1.0816903875696577
substitutions,ENVZ_ECOLI_Ghose_2023,75,ESM2 35M,Test RMSE,1.0948362668626266
substitutions,ENVZ_ECOLI_Ghose_2023,75,ESM2 650M,Test RMSE,1.073251416488501
substitutions,ENVZ_ECOLI_Ghose_2023,75,ESM2 8M,Test RMSE,1.0659949989351
substitutions,ENVZ_ECOLI_Ghose_2023,100,ESM2 150M,Test RMSE,1.0720890618144414
substitutions,ENVZ_ECOLI_Ghose_2023,100,ESM2 35M,Test RMSE,1.0765220315083102
substitutions,ENVZ_ECOLI_Ghose_2023,100,ESM2 650M,Test RMSE,1.0622226740806
substitutions,ENVZ_ECOLI_Ghose_2023,100,ESM2 8M,Test RMSE,1.0429418912876114
substitutions,ENVZ_ECOLI_Ghose_2023,200,ESM2 150M,Test RMSE,1.0310348638087687
substitutions,ENVZ_ECOLI_Ghose_2023,200,ESM2 35M,Test RMSE,1.0198944598612578
substitutions,ENVZ_ECOLI_Ghose_2023,200,ESM2 650M,Test RMSE,1.0200809212749564
substitutions,ENVZ_ECOLI_Ghose_2023,200,ESM2 8M,Test RMSE,1.0064591914484162
substitutions,ENVZ_ECOLI_Ghose_2023,350,ESM2 150M,Test RMSE,0.984914139042392
substitutions,ENVZ_ECOLI_Ghose_2023,350,ESM2 35M,Test RMSE,0.9936649961441649
substitutions,ENVZ_ECOLI_Ghose_2023,350,ESM2 650M,Test RMSE,0.9830050174532559
substitutions,ENVZ_ECOLI_Ghose_2023,350,ESM2 8M,Test RMSE,0.9859950971561473
substitutions,ENVZ_ECOLI_Ghose_2023,500,ESM2 150M,Test RMSE,0.955891634524716
substitutions,ENVZ_ECOLI_Ghose_2023,500,ESM2 35M,Test RMSE,0.9615698776947565
substitutions,ENVZ_ECOLI_Ghose_2023,500,ESM2 650M,Test RMSE,0.9539918146289654
substitutions,ENVZ_ECOLI_Ghose_2023,500,ESM2 8M,Test RMSE,0.9582259767867469
substitutions,FKBP3_HUMAN_Tsuboyama_2023_2KFV,20,ESM2 150M,Test RMSE,0.9461531282562564
substitutions,FKBP3_HUMAN_Tsuboyama_2023_2KFV,20,ESM2 35M,Test RMSE,0.8533836522989153
substitutions,FKBP3_HUMAN_Tsuboyama_2023_2KFV,20,ESM2 650M,Test RMSE,0.8783105966678759
substitutions,FKBP3_HUMAN_Tsuboyama_2023_2KFV,20,ESM2 8M,Test RMSE,0.8467533433594671
substitutions,FKBP3_HUMAN_Tsuboyama_2023_2KFV,50,ESM2 150M,Test RMSE,0.7362550438023746
substitutions,FKBP3_HUMAN_Tsuboyama_2023_2KFV,50,ESM2 35M,Test RMSE,0.7446621594980207
substitutions,FKBP3_HUMAN_Tsuboyama_2023_2KFV,50,ESM2 650M,Test RMSE,0.8617879024264525
substitutions,FKBP3_HUMAN_Tsuboyama_2023_2KFV,50,ESM2 8M,Test RMSE,0.7859236675521905
substitutions,FKBP3_HUMAN_Tsuboyama_2023_2KFV,75,ESM2 150M,Test RMSE,0.692786211368343
substitutions,FKBP3_HUMAN_Tsuboyama_2023_2KFV,75,ESM2 35M,Test RMSE,0.7089277063880969
substitutions,FKBP3_HUMAN_Tsuboyama_2023_2KFV,75,ESM2 650M,Test RMSE,0.816379045055041
substitutions,FKBP3_HUMAN_Tsuboyama_2023_2KFV,75,ESM2 8M,Test RMSE,0.7120481319427607
substitutions,FKBP3_HUMAN_Tsuboyama_2023_2KFV,100,ESM2 150M,Test RMSE,0.6580627940802062
substitutions,FKBP3_HUMAN_Tsuboyama_2023_2KFV,100,ESM2 35M,Test RMSE,0.6778000971284305
substitutions,FKBP3_HUMAN_Tsuboyama_2023_2KFV,100,ESM2 650M,Test RMSE,0.7768501783226373
substitutions,FKBP3_HUMAN_Tsuboyama_2023_2KFV,100,ESM2 8M,Test RMSE,0.677825095251939
substitutions,FKBP3_HUMAN_Tsuboyama_2023_2KFV,200,ESM2 150M,Test RMSE,0.6024031066670655
substitutions,FKBP3_HUMAN_Tsuboyama_2023_2KFV,200,ESM2 35M,Test RMSE,0.6221628989120561
substitutions,FKBP3_HUMAN_Tsuboyama_2023_2KFV,200,ESM2 650M,Test RMSE,0.7018382689998786
substitutions,FKBP3_HUMAN_Tsuboyama_2023_2KFV,200,ESM2 8M,Test RMSE,0.6189804786141665
substitutions,FKBP3_HUMAN_Tsuboyama_2023_2KFV,350,ESM2 150M,Test RMSE,0.5534302826000019
substitutions,FKBP3_HUMAN_Tsuboyama_2023_2KFV,350,ESM2 35M,Test RMSE,0.5770267717002819
substitutions,FKBP3_HUMAN_Tsuboyama_2023_2KFV,350,ESM2 650M,Test RMSE,0.6331564190265058
substitutions,FKBP3_HUMAN_Tsuboyama_2023_2KFV,350,ESM2 8M,Test RMSE,0.5693416245931243
substitutions,FKBP3_HUMAN_Tsuboyama_2023_2KFV,500,ESM2 150M,Test RMSE,0.5225125409230124
substitutions,FKBP3_HUMAN_Tsuboyama_2023_2KFV,500,ESM2 35M,Test RMSE,0.5446764896244545
substitutions,FKBP3_HUMAN_Tsuboyama_2023_2KFV,500,ESM2 650M,Test RMSE,0.5966000912674889
substitutions,FKBP3_HUMAN_Tsuboyama_2023_2KFV,500,ESM2 8M,Test RMSE,0.5325054209085276
substitutions,MAFG_MOUSE_Tsuboyama_2023_1K1V,20,ESM2 150M,Test RMSE,0.6045939723672584
substitutions,MAFG_MOUSE_Tsuboyama_2023_1K1V,20,ESM2 35M,Test RMSE,0.6607160800820674
substitutions,MAFG_MOUSE_Tsuboyama_2023_1K1V,20,ESM2 650M,Test RMSE,0.6600023384832553
substitutions,MAFG_MOUSE_Tsuboyama_2023_1K1V,20,ESM2 8M,Test RMSE,0.7039955091445799
substitutions,MAFG_MOUSE_Tsuboyama_2023_1K1V,50,ESM2 150M,Test RMSE,0.4944904527303903
substitutions,MAFG_MOUSE_Tsuboyama_2023_1K1V,50,ESM2 35M,Test RMSE,0.5022119536104364
substitutions,MAFG_MOUSE_Tsuboyama_2023_1K1V,50,ESM2 650M,Test RMSE,0.4873541614864797
substitutions,MAFG_MOUSE_Tsuboyama_2023_1K1V,50,ESM2 8M,Test RMSE,0.5364748308856746
substitutions,MAFG_MOUSE_Tsuboyama_2023_1K1V,75,ESM2 150M,Test RMSE,0.4512186279051912
substitutions,MAFG_MOUSE_Tsuboyama_2023_1K1V,75,ESM2 35M,Test RMSE,0.4504651929537575
substitutions,MAFG_MOUSE_Tsuboyama_2023_1K1V,75,ESM2 650M,Test RMSE,0.43311016191648166
substitutions,MAFG_MOUSE_Tsuboyama_2023_1K1V,75,ESM2 8M,Test RMSE,0.49721330342935754
substitutions,MAFG_MOUSE_Tsuboyama_2023_1K1V,100,ESM2 150M,Test RMSE,0.40421461084223537
substitutions,MAFG_MOUSE_Tsuboyama_2023_1K1V,100,ESM2 35M,Test RMSE,0.40641932070157527
substitutions,MAFG_MOUSE_Tsuboyama_2023_1K1V,100,ESM2 650M,Test RMSE,0.3989777504462672
substitutions,MAFG_MOUSE_Tsuboyama_2023_1K1V,100,ESM2 8M,Test RMSE,0.43958940221545184
substitutions,MAFG_MOUSE_Tsuboyama_2023_1K1V,200,ESM2 150M,Test RMSE,0.35806206320782424
substitutions,MAFG_MOUSE_Tsuboyama_2023_1K1V,200,ESM2 35M,Test RMSE,0.34671529682862906
substitutions,MAFG_MOUSE_Tsuboyama_2023_1K1V,200,ESM2 650M,Test RMSE,0.34845846284793747
substitutions,MAFG_MOUSE_Tsuboyama_2023_1K1V,200,ESM2 8M,Test RMSE,0.36878531964120687
substitutions,MAFG_MOUSE_Tsuboyama_2023_1K1V,350,ESM2 150M,Test RMSE,0.3175399421305537
substitutions,MAFG_MOUSE_Tsuboyama_2023_1K1V,350,ESM2 35M,Test RMSE,0.3097238021012162
substitutions,MAFG_MOUSE_Tsuboyama_2023_1K1V,350,ESM2 650M,Test RMSE,0.3053524408881182
substitutions,MAFG_MOUSE_Tsuboyama_2023_1K1V,350,ESM2 8M,Test RMSE,0.32943901673270315
substitutions,MAFG_MOUSE_Tsuboyama_2023_1K1V,500,ESM2 150M,Test RMSE,0.29898137446122425
substitutions,MAFG_MOUSE_Tsuboyama_2023_1K1V,500,ESM2 35M,Test RMSE,0.29094515226796513
substitutions,MAFG_MOUSE_Tsuboyama_2023_1K1V,500,ESM2 650M,Test RMSE,0.283871010879422
substitutions,MAFG_MOUSE_Tsuboyama_2023_1K1V,500,ESM2 8M,Test RMSE,0.3134961292715334
substitutions,POLG_PESV_Tsuboyama_2023_2MXD,20,ESM2 150M,Test RMSE,1.017822261669403
substitutions,POLG_PESV_Tsuboyama_2023_2MXD,20,ESM2 35M,Test RMSE,0.965451608654266
substitutions,POLG_PESV_Tsuboyama_2023_2MXD,20,ESM2 650M,Test RMSE,0.9741102195183192
substitutions,POLG_PESV_Tsuboyama_2023_2MXD,20,ESM2 8M,Test RMSE,0.9964387046370348
substitutions,POLG_PESV_Tsuboyama_2023_2MXD,50,ESM2 150M,Test RMSE,0.8230528471566518
substitutions,POLG_PESV_Tsuboyama_2023_2MXD,50,ESM2 35M,Test RMSE,0.7967900455169258
substitutions,POLG_PESV_Tsuboyama_2023_2MXD,50,ESM2 650M,Test RMSE,0.7569441833049722
substitutions,POLG_PESV_Tsuboyama_2023_2MXD,50,ESM2 8M,Test RMSE,0.851808105968743
substitutions,POLG_PESV_Tsuboyama_2023_2MXD,75,ESM2 150M,Test RMSE,0.744744474247982
substitutions,POLG_PESV_Tsuboyama_2023_2MXD,75,ESM2 35M,Test RMSE,0.7017827013651466
substitutions,POLG_PESV_Tsuboyama_2023_2MXD,75,ESM2 650M,Test RMSE,0.6622150136260674
substitutions,POLG_PESV_Tsuboyama_2023_2MXD,75,ESM2 8M,Test RMSE,0.722887500799128
substitutions,POLG_PESV_Tsuboyama_2023_2MXD,100,ESM2 150M,Test RMSE,0.7039045581953096
substitutions,POLG_PESV_Tsuboyama_2023_2MXD,100,ESM2 35M,Test RMSE,0.6461121191088066
substitutions,POLG_PESV_Tsuboyama_2023_2MXD,100,ESM2 650M,Test RMSE,0.6293097483975026
substitutions,POLG_PESV_Tsuboyama_2023_2MXD,100,ESM2 8M,Test RMSE,0.6916319148319982
substitutions,POLG_PESV_Tsuboyama_2023_2MXD,200,ESM2 150M,Test RMSE,0.5825147136806272
substitutions,POLG_PESV_Tsuboyama_2023_2MXD,200,ESM2 35M,Test RMSE,0.5681671956732449
substitutions,POLG_PESV_Tsuboyama_2023_2MXD,200,ESM2 650M,Test RMSE,0.5428788226564214
substitutions,POLG_PESV_Tsuboyama_2023_2MXD,200,ESM2 8M,Test RMSE,0.5971607119913952
substitutions,POLG_PESV_Tsuboyama_2023_2MXD,350,ESM2 150M,Test RMSE,0.5192595778201843
substitutions,POLG_PESV_Tsuboyama_2023_2MXD,350,ESM2 35M,Test RMSE,0.5115943664122007
substitutions,POLG_PESV_Tsuboyama_2023_2MXD,350,ESM2 650M,Test RMSE,0.4779517518202496
substitutions,POLG_PESV_Tsuboyama_2023_2MXD,350,ESM2 8M,Test RMSE,0.5343283395687315
substitutions,POLG_PESV_Tsuboyama_2023_2MXD,500,ESM2 150M,Test RMSE,0.4798838700684813
substitutions,POLG_PESV_Tsuboyama_2023_2MXD,500,ESM2 35M,Test RMSE,0.4699799671120859
substitutions,POLG_PESV_Tsuboyama_2023_2MXD,500,ESM2 650M,Test RMSE,0.43914625216582176
substitutions,POLG_PESV_Tsuboyama_2023_2MXD,500,ESM2 8M,Test RMSE,0.4921183239046408
substitutions,SBI_STAAM_Tsuboyama_2023_2JVG,20,ESM2 150M,Test RMSE,0.756681635285571
substitutions,SBI_STAAM_Tsuboyama_2023_2JVG,20,ESM2 35M,Test RMSE,0.7384642577222775
substitutions,SBI_STAAM_Tsuboyama_2023_2JVG,20,ESM2 650M,Test RMSE,0.6748373031307209
substitutions,SBI_STAAM_Tsuboyama_2023_2JVG,20,ESM2 8M,Test RMSE,0.7318224431204612
substitutions,SBI_STAAM_Tsuboyama_2023_2JVG,50,ESM2 150M,Test RMSE,0.6057845574698184
substitutions,SBI_STAAM_Tsuboyama_2023_2JVG,50,ESM2 35M,Test RMSE,0.6403495516791863
substitutions,SBI_STAAM_Tsuboyama_2023_2JVG,50,ESM2 650M,Test RMSE,0.6062892762898814
substitutions,SBI_STAAM_Tsuboyama_2023_2JVG,50,ESM2 8M,Test RMSE,0.6366702111507142
substitutions,SBI_STAAM_Tsuboyama_2023_2JVG,75,ESM2 150M,Test RMSE,0.5401695123725402
substitutions,SBI_STAAM_Tsuboyama_2023_2JVG,75,ESM2 35M,Test RMSE,0.5985959710648178
substitutions,SBI_STAAM_Tsuboyama_2023_2JVG,75,ESM2 650M,Test RMSE,0.5357165442816966
substitutions,SBI_STAAM_Tsuboyama_2023_2JVG,75,ESM2 8M,Test RMSE,0.619550631388807
substitutions,SBI_STAAM_Tsuboyama_2023_2JVG,100,ESM2 150M,Test RMSE,0.5143710247671824
substitutions,SBI_STAAM_Tsuboyama_2023_2JVG,100,ESM2 35M,Test RMSE,0.5754530405344132
substitutions,SBI_STAAM_Tsuboyama_2023_2JVG,100,ESM2 650M,Test RMSE,0.5225888657500205
substitutions,SBI_STAAM_Tsuboyama_2023_2JVG,100,ESM2 8M,Test RMSE,0.5541593460048967
substitutions,SBI_STAAM_Tsuboyama_2023_2JVG,200,ESM2 150M,Test RMSE,0.46557959665335813
substitutions,SBI_STAAM_Tsuboyama_2023_2JVG,200,ESM2 35M,Test RMSE,0.5088623064796086
substitutions,SBI_STAAM_Tsuboyama_2023_2JVG,200,ESM2 650M,Test RMSE,0.4430380731042315
substitutions,SBI_STAAM_Tsuboyama_2023_2JVG,200,ESM2 8M,Test RMSE,0.5015031661758333
substitutions,SBI_STAAM_Tsuboyama_2023_2JVG,350,ESM2 150M,Test RMSE,0.42357655887132006
substitutions,SBI_STAAM_Tsuboyama_2023_2JVG,350,ESM2 35M,Test RMSE,0.4524704808835297
substitutions,SBI_STAAM_Tsuboyama_2023_2JVG,350,ESM2 650M,Test RMSE,0.39226722768557165
substitutions,SBI_STAAM_Tsuboyama_2023_2JVG,350,ESM2 8M,Test RMSE,0.4396251318052219
substitutions,SBI_STAAM_Tsuboyama_2023_2JVG,500,ESM2 150M,Test RMSE,0.3964212821137452
substitutions,SBI_STAAM_Tsuboyama_2023_2JVG,500,ESM2 35M,Test RMSE,0.4209966281373661
substitutions,SBI_STAAM_Tsuboyama_2023_2JVG,500,ESM2 650M,Test RMSE,0.3626658736433134
substitutions,SBI_STAAM_Tsuboyama_2023_2JVG,500,ESM2 8M,Test RMSE,0.40750328516682244
substitutions,SDA_BACSU_Tsuboyama_2023_1PV0,20,ESM2 150M,Test RMSE,0.5914275727421064
substitutions,SDA_BACSU_Tsuboyama_2023_1PV0,20,ESM2 35M,Test RMSE,0.8945596001378557
substitutions,SDA_BACSU_Tsuboyama_2023_1PV0,20,ESM2 650M,Test RMSE,0.6212280481572471
substitutions,SDA_BACSU_Tsuboyama_2023_1PV0,20,ESM2 8M,Test RMSE,0.9178646792558507
substitutions,SDA_BACSU_Tsuboyama_2023_1PV0,50,ESM2 150M,Test RMSE,0.47505343794165766
substitutions,SDA_BACSU_Tsuboyama_2023_1PV0,50,ESM2 35M,Test RMSE,0.71301895750899
substitutions,SDA_BACSU_Tsuboyama_2023_1PV0,50,ESM2 650M,Test RMSE,0.5211299282356074
substitutions,SDA_BACSU_Tsuboyama_2023_1PV0,50,ESM2 8M,Test RMSE,0.7882768121102297
substitutions,SDA_BACSU_Tsuboyama_2023_1PV0,75,ESM2 150M,Test RMSE,0.4460073802908604
substitutions,SDA_BACSU_Tsuboyama_2023_1PV0,75,ESM2 35M,Test RMSE,0.6878554710587044
substitutions,SDA_BACSU_Tsuboyama_2023_1PV0,75,ESM2 650M,Test RMSE,0.5031921870503924
substitutions,SDA_BACSU_Tsuboyama_2023_1PV0,75,ESM2 8M,Test RMSE,0.7394055053500482
substitutions,SDA_BACSU_Tsuboyama_2023_1PV0,100,ESM2 150M,Test RMSE,0.40594727630703353
substitutions,SDA_BACSU_Tsuboyama_2023_1PV0,100,ESM2 35M,Test RMSE,0.5840447275961618
substitutions,SDA_BACSU_Tsuboyama_2023_1PV0,100,ESM2 650M,Test RMSE,0.4565811503169052
substitutions,SDA_BACSU_Tsuboyama_2023_1PV0,100,ESM2 8M,Test RMSE,0.684663232203448
substitutions,SDA_BACSU_Tsuboyama_2023_1PV0,200,ESM2 150M,Test RMSE,0.36069567035292377
substitutions,SDA_BACSU_Tsuboyama_2023_1PV0,200,ESM2 35M,Test RMSE,0.5022882579403868
substitutions,SDA_BACSU_Tsuboyama_2023_1PV0,200,ESM2 650M,Test RMSE,0.3876318915314581
substitutions,SDA_BACSU_Tsuboyama_2023_1PV0,200,ESM2 8M,Test RMSE,0.5656397991311495
substitutions,SDA_BACSU_Tsuboyama_2023_1PV0,350,ESM2 150M,Test RMSE,0.3208370118746034
substitutions,SDA_BACSU_Tsuboyama_2023_1PV0,350,ESM2 35M,Test RMSE,0.43139837868654085
substitutions,SDA_BACSU_Tsuboyama_2023_1PV0,350,ESM2 650M,Test RMSE,0.3404186447989625
substitutions,SDA_BACSU_Tsuboyama_2023_1PV0,350,ESM2 8M,Test RMSE,0.49363023405281065
substitutions,SDA_BACSU_Tsuboyama_2023_1PV0,500,ESM2 150M,Test RMSE,0.3030013332861143
substitutions,SDA_BACSU_Tsuboyama_2023_1PV0,500,ESM2 35M,Test RMSE,0.39812665165783795
substitutions,SDA_BACSU_Tsuboyama_2023_1PV0,500,ESM2 650M,Test RMSE,0.3152321299808708
substitutions,SDA_BACSU_Tsuboyama_2023_1PV0,500,ESM2 8M,Test RMSE,0.4513005616441002
substitutions,SOX30_HUMAN_Tsuboyama_2023_7JJK,20,ESM2 150M,Test RMSE,0.6952824757911011
substitutions,SOX30_HUMAN_Tsuboyama_2023_7JJK,20,ESM2 35M,Test RMSE,0.8813956375084826
substitutions,SOX30_HUMAN_Tsuboyama_2023_7JJK,20,ESM2 650M,Test RMSE,0.7919250277049164
substitutions,SOX30_HUMAN_Tsuboyama_2023_7JJK,20,ESM2 8M,Test RMSE,0.8756139863185218
substitutions,SOX30_HUMAN_Tsuboyama_2023_7JJK,50,ESM2 150M,Test RMSE,0.6327345477780792
substitutions,SOX30_HUMAN_Tsuboyama_2023_7JJK,50,ESM2 35M,Test RMSE,0.7416523848044435
substitutions,SOX30_HUMAN_Tsuboyama_2023_7JJK,50,ESM2 650M,Test RMSE,0.6697701369968531
substitutions,SOX30_HUMAN_Tsuboyama_2023_7JJK,50,ESM2 8M,Test RMSE,0.7241311553011408
substitutions,SOX30_HUMAN_Tsuboyama_2023_7JJK,75,ESM2 150M,Test RMSE,0.5725229218488349
substitutions,SOX30_HUMAN_Tsuboyama_2023_7JJK,75,ESM2 35M,Test RMSE,0.6646515475744798
substitutions,SOX30_HUMAN_Tsuboyama_2023_7JJK,75,ESM2 650M,Test RMSE,0.6218958333243949
substitutions,SOX30_HUMAN_Tsuboyama_2023_7JJK,75,ESM2 8M,Test RMSE,0.6852182475335119
substitutions,SOX30_HUMAN_Tsuboyama_2023_7JJK,100,ESM2 150M,Test RMSE,0.5475300786698103
substitutions,SOX30_HUMAN_Tsuboyama_2023_7JJK,100,ESM2 35M,Test RMSE,0.6319689603900891
substitutions,SOX30_HUMAN_Tsuboyama_2023_7JJK,100,ESM2 650M,Test RMSE,0.5939436475014971
substitutions,SOX30_HUMAN_Tsuboyama_2023_7JJK,100,ESM2 8M,Test RMSE,0.6349161497342423
substitutions,SOX30_HUMAN_Tsuboyama_2023_7JJK,200,ESM2 150M,Test RMSE,0.4874871401056744
substitutions,SOX30_HUMAN_Tsuboyama_2023_7JJK,200,ESM2 35M,Test RMSE,0.5309232327866721
substitutions,SOX30_HUMAN_Tsuboyama_2023_7JJK,200,ESM2 650M,Test RMSE,0.515395937371512
substitutions,SOX30_HUMAN_Tsuboyama_2023_7JJK,200,ESM2 8M,Test RMSE,0.5511028225960809
substitutions,SOX30_HUMAN_Tsuboyama_2023_7JJK,350,ESM2 150M,Test RMSE,0.4326032813591091
substitutions,SOX30_HUMAN_Tsuboyama_2023_7JJK,350,ESM2 35M,Test RMSE,0.47902257388669733
substitutions,SOX30_HUMAN_Tsuboyama_2023_7JJK,350,ESM2 650M,Test RMSE,0.46313120613163117
substitutions,SOX30_HUMAN_Tsuboyama_2023_7JJK,350,ESM2 8M,Test RMSE,0.4981712610632843
substitutions,SOX30_HUMAN_Tsuboyama_2023_7JJK,500,ESM2 150M,Test RMSE,0.4057073869316559
substitutions,SOX30_HUMAN_Tsuboyama_2023_7JJK,500,ESM2 35M,Test RMSE,0.4418467941959568
substitutions,SOX30_HUMAN_Tsuboyama_2023_7JJK,500,ESM2 650M,Test RMSE,0.43151358982663446
substitutions,SOX30_HUMAN_Tsuboyama_2023_7JJK,500,ESM2 8M,Test RMSE,0.4631349940778696
substitutions,YNZC_BACSU_Tsuboyama_2023_2JVD,20,ESM2 150M,Test RMSE,0.6258938960449585
substitutions,YNZC_BACSU_Tsuboyama_2023_2JVD,20,ESM2 35M,Test RMSE,0.6689244130127207
substitutions,YNZC_BACSU_Tsuboyama_2023_2JVD,20,ESM2 650M,Test RMSE,0.6189183598226584
substitutions,YNZC_BACSU_Tsuboyama_2023_2JVD,20,ESM2 8M,Test RMSE,0.7063506492546919
substitutions,YNZC_BACSU_Tsuboyama_2023_2JVD,50,ESM2 150M,Test RMSE,0.462909462865415
substitutions,YNZC_BACSU_Tsuboyama_2023_2JVD,50,ESM2 35M,Test RMSE,0.5401416810158396
substitutions,YNZC_BACSU_Tsuboyama_2023_2JVD,50,ESM2 650M,Test RMSE,0.4921014437671153
substitutions,YNZC_BACSU_Tsuboyama_2023_2JVD,50,ESM2 8M,Test RMSE,0.5228537228585937
substitutions,YNZC_BACSU_Tsuboyama_2023_2JVD,75,ESM2 150M,Test RMSE,0.43162558139851576
substitutions,YNZC_BACSU_Tsuboyama_2023_2JVD,75,ESM2 35M,Test RMSE,0.47331696772128334
substitutions,YNZC_BACSU_Tsuboyama_2023_2JVD,75,ESM2 650M,Test RMSE,0.44586775021356295
substitutions,YNZC_BACSU_Tsuboyama_2023_2JVD,75,ESM2 8M,Test RMSE,0.4811814984875277
substitutions,YNZC_BACSU_Tsuboyama_2023_2JVD,100,ESM2 150M,Test RMSE,0.41207573660879737
substitutions,YNZC_BACSU_Tsuboyama_2023_2JVD,100,ESM2 35M,Test RMSE,0.44481586636180204
substitutions,YNZC_BACSU_Tsuboyama_2023_2JVD,100,ESM2 650M,Test RMSE,0.4264730169328219
substitutions,YNZC_BACSU_Tsuboyama_2023_2JVD,100,ESM2 8M,Test RMSE,0.45972017564980777
substitutions,YNZC_BACSU_Tsuboyama_2023_2JVD,200,ESM2 150M,Test RMSE,0.36446512018806054
substitutions,YNZC_BACSU_Tsuboyama_2023_2JVD,200,ESM2 35M,Test RMSE,0.39013503169148794
substitutions,YNZC_BACSU_Tsuboyama_2023_2JVD,200,ESM2 650M,Test RMSE,0.37820548330225706
substitutions,YNZC_BACSU_Tsuboyama_2023_2JVD,200,ESM2 8M,Test RMSE,0.4091174044611134
substitutions,YNZC_BACSU_Tsuboyama_2023_2JVD,350,ESM2 150M,Test RMSE,0.3270131156312961
substitutions,YNZC_BACSU_Tsuboyama_2023_2JVD,350,ESM2 35M,Test RMSE,0.35088189917501683
substitutions,YNZC_BACSU_Tsuboyama_2023_2JVD,350,ESM2 650M,Test RMSE,0.3375481206787573
substitutions,YNZC_BACSU_Tsuboyama_2023_2JVD,350,ESM2 8M,Test RMSE,0.3722275263593558
substitutions,YNZC_BACSU_Tsuboyama_2023_2JVD,500,ESM2 150M,Test RMSE,0.30346462080934467
substitutions,YNZC_BACSU_Tsuboyama_2023_2JVD,500,ESM2 35M,Test RMSE,0.32141576119875637
substitutions,YNZC_BACSU_Tsuboyama_2023_2JVD,500,ESM2 650M,Test RMSE,0.31552966844948405
substitutions,YNZC_BACSU_Tsuboyama_2023_2JVD,500,ESM2 8M,Test RMSE,0.33835064624972033
indels,MAFG_MOUSE_Tsuboyama_2023_1K1V_indels,20,ESM2 150M,Test MAE,0.4288271401159694
indels,MAFG_MOUSE_Tsuboyama_2023_1K1V_indels,20,ESM2 35M,Test MAE,0.42871297562375493
indels,MAFG_MOUSE_Tsuboyama_2023_1K1V_indels,20,ESM2 650M,Test MAE,0.46629492133505474
indels,MAFG_MOUSE_Tsuboyama_2023_1K1V_indels,20,ESM2 8M,Test MAE,0.481324555861256
indels,MAFG_MOUSE_Tsuboyama_2023_1K1V_indels,40,ESM2 150M,Test MAE,0.41081755102640916
indels,MAFG_MOUSE_Tsuboyama_2023_1K1V_indels,40,ESM2 35M,Test MAE,0.4158178703487228
indels,MAFG_MOUSE_Tsuboyama_2023_1K1V_indels,40,ESM2 650M,Test MAE,0.42136263804385515
indels,MAFG_MOUSE_Tsuboyama_2023_1K1V_indels,40,ESM2 8M,Test MAE,0.47060718099090026
indels,MAFG_MOUSE_Tsuboyama_2023_1K1V_indels,60,ESM2 150M,Test MAE,0.35559794084775465
indels,MAFG_MOUSE_Tsuboyama_2023_1K1V_indels,60,ESM2 35M,Test MAE,0.3770870689164696
indels,MAFG_MOUSE_Tsuboyama_2023_1K1V_indels,60,ESM2 650M,Test MAE,0.3777854892274594
indels,MAFG_MOUSE_Tsuboyama_2023_1K1V_indels,60,ESM2 8M,Test MAE,0.37890552421660595
indels,MAFG_MOUSE_Tsuboyama_2023_1K1V_indels,80,ESM2 150M,Test MAE,0.32572369829701925
indels,MAFG_MOUSE_Tsuboyama_2023_1K1V_indels,80,ESM2 35M,Test MAE,0.3486075811590304
indels,MAFG_MOUSE_Tsuboyama_2023_1K1V_indels,80,ESM2 650M,Test MAE,0.3302663535042991
indels,MAFG_MOUSE_Tsuboyama_2023_1K1V_indels,80,ESM2 8M,Test MAE,0.3715826869881923
indels,PIN1_HUMAN_Tsuboyama_2023_1I6C_indels,20,ESM2 150M,Test MAE,0.339627487883505
indels,PIN1_HUMAN_Tsuboyama_2023_1I6C_indels,20,ESM2 35M,Test MAE,0.4073382198431005
indels,PIN1_HUMAN_Tsuboyama_2023_1I6C_indels,20,ESM2 650M,Test MAE,0.34171192990771165
indels,PIN1_HUMAN_Tsuboyama_2023_1I6C_indels,20,ESM2 8M,Test MAE,0.5320750672264568
indels,PIN1_HUMAN_Tsuboyama_2023_1I6C_indels,40,ESM2 150M,Test MAE,0.27132415235146484
indels,PIN1_HUMAN_Tsuboyama_2023_1I6C_indels,40,ESM2 35M,Test MAE,0.3403578142797683
indels,PIN1_HUMAN_Tsuboyama_2023_1I6C_indels,40,ESM2 650M,Test MAE,0.28506686147285587
indels,PIN1_HUMAN_Tsuboyama_2023_1I6C_indels,40,ESM2 8M,Test MAE,0.4181018809647775
indels,PIN1_HUMAN_Tsuboyama_2023_1I6C_indels,60,ESM2 150M,Test MAE,0.25075416816793206
indels,PIN1_HUMAN_Tsuboyama_2023_1I6C_indels,60,ESM2 35M,Test MAE,0.32828343897516654
indels,PIN1_HUMAN_Tsuboyama_2023_1I6C_indels,60,ESM2 650M,Test MAE,0.27613806196518426
indels,PIN1_HUMAN_Tsuboyama_2023_1I6C_indels,60,ESM2 8M,Test MAE,0.36503304477594894
indels,PIN1_HUMAN_Tsuboyama_2023_1I6C_indels,80,ESM2 150M,Test MAE,0.24351822038340595
indels,PIN1_HUMAN_Tsuboyama_2023_1I6C_indels,80,ESM2 35M,Test MAE,0.3014208704142066
indels,PIN1_HUMAN_Tsuboyama_2023_1I6C_indels,80,ESM2 650M,Test MAE,0.25009492790882437
indels,PIN1_HUMAN_Tsuboyama_2023_1I6C_indels,80,ESM2 8M,Test MAE,0.36285986164339756
indels,PKN1_HUMAN_Tsuboyama_2023_1URF_indels,20,ESM2 150M,Test MAE,0.37644262625849806
indels,PKN1_HUMAN_Tsuboyama_2023_1URF_indels,20,ESM2 35M,Test MAE,0.43262710937521864
indels,PKN1_HUMAN_Tsuboyama_2023_1URF_indels,20,ESM2 650M,Test MAE,0.38544465252343063
indels,PKN1_HUMAN_Tsuboyama_2023_1URF_indels,20,ESM2 8M,Test MAE,0.4368661107018549
indels,PKN1_HUMAN_Tsuboyama_2023_1URF_indels,40,ESM2 150M,Test MAE,0.3316103927822842
indels,PKN1_HUMAN_Tsuboyama_2023_1URF_indels,40,ESM2 35M,Test MAE,0.37377573035609507
indels,PKN1_HUMAN_Tsuboyama_2023_1URF_indels,40,ESM2 650M,Test MAE,0.3482874132790668
indels,PKN1_HUMAN_Tsuboyama_2023_1URF_indels,40,ESM2 8M,Test MAE,0.37361713918636186
indels,PKN1_HUMAN_Tsuboyama_2023_1URF_indels,60,ESM2 150M,Test MAE,0.30925088251183186
indels,PKN1_HUMAN_Tsuboyama_2023_1URF_indels,60,ESM2 35M,Test MAE,0.3164608472618235
indels,PKN1_HUMAN_Tsuboyama_2023_1URF_indels,60,ESM2 650M,Test MAE,0.32095125468227376
indels,PKN1_HUMAN_Tsuboyama_2023_1URF_indels,60,ESM2 8M,Test MAE,0.35156266940735836
indels,PKN1_HUMAN_Tsuboyama_2023_1URF_indels,80,ESM2 150M,Test MAE,0.29470207654131075
indels,PKN1_HUMAN_Tsuboyama_2023_1URF_indels,80,ESM2 35M,Test MAE,0.301205209941038
indels,PKN1_HUMAN_Tsuboyama_2023_1URF_indels,80,ESM2 650M,Test MAE,0.320200592607525
indels,PKN1_HUMAN_Tsuboyama_2023_1URF_indels,80,ESM2 8M,Test MAE,0.31063177110998713
indels,POLG_PESV_Tsuboyama_2023_2MXD_indels,20,ESM2 150M,Test MAE,0.8158695173118294
indels,POLG_PESV_Tsuboyama_2023_2MXD_indels,20,ESM2 35M,Test MAE,0.7943485096534664
indels,POLG_PESV_Tsuboyama_2023_2MXD_indels,20,ESM2 650M,Test MAE,0.7463671761162449
indels,POLG_PESV_Tsuboyama_2023_2MXD_indels,20,ESM2 8M,Test MAE,0.8202925729396646
indels,POLG_PESV_Tsuboyama_2023_2MXD_indels,40,ESM2 150M,Test MAE,0.6682005012913088
indels,POLG_PESV_Tsuboyama_2023_2MXD_indels,40,ESM2 35M,Test MAE,0.5929969467717611
indels,POLG_PESV_Tsuboyama_2023_2MXD_indels,40,ESM2 650M,Test MAE,0.5887806076166336
indels,POLG_PESV_Tsuboyama_2023_2MXD_indels,40,ESM2 8M,Test MAE,0.66901053250939
indels,POLG_PESV_Tsuboyama_2023_2MXD_indels,60,ESM2 150M,Test MAE,0.5858945990504667
indels,POLG_PESV_Tsuboyama_2023_2MXD_indels,60,ESM2 35M,Test MAE,0.5182753800175666
indels,POLG_PESV_Tsuboyama_2023_2MXD_indels,60,ESM2 650M,Test MAE,0.527753119399545
indels,POLG_PESV_Tsuboyama_2023_2MXD_indels,60,ESM2 8M,Test MAE,0.5857387429893615
indels,POLG_PESV_Tsuboyama_2023_2MXD_indels,80,ESM2 150M,Test MAE,0.5335331422792198
indels,POLG_PESV_Tsuboyama_2023_2MXD_indels,80,ESM2 35M,Test MAE,0.45271683696004644
indels,POLG_PESV_Tsuboyama_2023_2MXD_indels,80,ESM2 650M,Test MAE,0.48872314531337935
indels,POLG_PESV_Tsuboyama_2023_2MXD_indels,80,ESM2 8M,Test MAE,0.5291368877055526
indels,RD23A_HUMAN_Tsuboyama_2023_1IFY_indels,20,ESM2 150M,Test MAE,0.5625326551632197
indels,RD23A_HUMAN_Tsuboyama_2023_1IFY_indels,20,ESM2 35M,Test MAE,0.42470423728181217
indels,RD23A_HUMAN_Tsuboyama_2023_1IFY_indels,20,ESM2 650M,Test MAE,0.4424249761654668
indels,RD23A_HUMAN_Tsuboyama_2023_1IFY_indels,20,ESM2 8M,Test MAE,0.6725315278123307
indels,RD23A_HUMAN_Tsuboyama_2023_1IFY_indels,40,ESM2 150M,Test MAE,0.37843923369371746
indels,RD23A_HUMAN_Tsuboyama_2023_1IFY_indels,40,ESM2 35M,Test MAE,0.3359969609993026
indels,RD23A_HUMAN_Tsuboyama_2023_1IFY_indels,40,ESM2 650M,Test MAE,0.35632846299584
indels,RD23A_HUMAN_Tsuboyama_2023_1IFY_indels,40,ESM2 8M,Test MAE,0.5009678580241139
indels,RD23A_HUMAN_Tsuboyama_2023_1IFY_indels,60,ESM2 150M,Test MAE,0.326725847748735
indels,RD23A_HUMAN_Tsuboyama_2023_1IFY_indels,60,ESM2 35M,Test MAE,0.32241988486505263
indels,RD23A_HUMAN_Tsuboyama_2023_1IFY_indels,60,ESM2 650M,Test MAE,0.340121432370364
indels,RD23A_HUMAN_Tsuboyama_2023_1IFY_indels,60,ESM2 8M,Test MAE,0.46191373422302606
indels,RD23A_HUMAN_Tsuboyama_2023_1IFY_indels,80,ESM2 150M,Test MAE,0.2852140005887548
indels,RD23A_HUMAN_Tsuboyama_2023_1IFY_indels,80,ESM2 35M,Test MAE,0.27167182441434934
indels,RD23A_HUMAN_Tsuboyama_2023_1IFY_indels,80,ESM2 650M,Test MAE,0.2689834624631041
indels,RD23A_HUMAN_Tsuboyama_2023_1IFY_indels,80,ESM2 8M,Test MAE,0.37710388478229134
indels,RPC1_BP434_Tsuboyama_2023_1R69_indels,20,ESM2 150M,Test MAE,0.6503785965829809
indels,RPC1_BP434_Tsuboyama_2023_1R69_indels,20,ESM2 35M,Test MAE,0.6796010439677845
indels,RPC1_BP434_Tsuboyama_2023_1R69_indels,20,ESM2 650M,Test MAE,0.6573763791794733
indels,RPC1_BP434_Tsuboyama_2023_1R69_indels,20,ESM2 8M,Test MAE,0.8544093933294821
indels,RPC1_BP434_Tsuboyama_2023_1R69_indels,40,ESM2 150M,Test MAE,0.5080893720711972
indels,RPC1_BP434_Tsuboyama_2023_1R69_indels,40,ESM2 35M,Test MAE,0.5672884391745223
indels,RPC1_BP434_Tsuboyama_2023_1R69_indels,40,ESM2 650M,Test MAE,0.5045523211586411
indels,RPC1_BP434_Tsuboyama_2023_1R69_indels,40,ESM2 8M,Test MAE,0.6338261607860958
indels,RPC1_BP434_Tsuboyama_2023_1R69_indels,60,ESM2 150M,Test MAE,0.4827385399918679
indels,RPC1_BP434_Tsuboyama_2023_1R69_indels,60,ESM2 35M,Test MAE,0.569349378263561
indels,RPC1_BP434_Tsuboyama_2023_1R69_indels,60,ESM2 650M,Test MAE,0.5155325504681036
indels,RPC1_BP434_Tsuboyama_2023_1R69_indels,60,ESM2 8M,Test MAE,0.558652279541748
indels,RPC1_BP434_Tsuboyama_2023_1R69_indels,80,ESM2 150M,Test MAE,0.469982222953272
indels,RPC1_BP434_Tsuboyama_2023_1R69_indels,80,ESM2 35M,Test MAE,0.5201953944066177
indels,RPC1_BP434_Tsuboyama_2023_1R69_indels,80,ESM2 650M,Test MAE,0.4873839266298143
indels,RPC1_BP434_Tsuboyama_2023_1R69_indels,80,ESM2 8M,Test MAE,0.5272912670369782
indels,SDA_BACSU_Tsuboyama_2023_1PV0_indels,20,ESM2 150M,Test MAE,0.5820995834638084
indels,SDA_BACSU_Tsuboyama_2023_1PV0_indels,20,ESM2 35M,Test MAE,0.8045411868691297
indels,SDA_BACSU_Tsuboyama_2023_1PV0_indels,20,ESM2 650M,Test MAE,0.4866019941216189
indels,SDA_BACSU_Tsuboyama_2023_1PV0_indels,20,ESM2 8M,Test MAE,0.7937581962290946
indels,SDA_BACSU_Tsuboyama_2023_1PV0_indels,40,ESM2 150M,Test MAE,0.44595700491238527
indels,SDA_BACSU_Tsuboyama_2023_1PV0_indels,40,ESM2 35M,Test MAE,0.7069811448080998
indels,SDA_BACSU_Tsuboyama_2023_1PV0_indels,40,ESM2 650M,Test MAE,0.37255586600652796
indels,SDA_BACSU_Tsuboyama_2023_1PV0_indels,40,ESM2 8M,Test MAE,0.606010335486773
indels,SDA_BACSU_Tsuboyama_2023_1PV0_indels,60,ESM2 150M,Test MAE,0.3814949937855606
indels,SDA_BACSU_Tsuboyama_2023_1PV0_indels,60,ESM2 35M,Test MAE,0.6048647588888167
indels,SDA_BACSU_Tsuboyama_2023_1PV0_indels,60,ESM2 650M,Test MAE,0.3095795581133653
indels,SDA_BACSU_Tsuboyama_2023_1PV0_indels,60,ESM2 8M,Test MAE,0.5209772945611922
indels,SDA_BACSU_Tsuboyama_2023_1PV0_indels,80,ESM2 150M,Test MAE,0.3356688016447499
indels,SDA_BACSU_Tsuboyama_2023_1PV0_indels,80,ESM2 35M,Test MAE,0.5791495274060321
indels,SDA_BACSU_Tsuboyama_2023_1PV0_indels,80,ESM2 650M,Test MAE,0.2869914281373144
indels,SDA_BACSU_Tsuboyama_2023_1PV0_indels,80,ESM2 8M,Test MAE,0.5300582759759911
indels,SQSTM_MOUSE_Tsuboyama_2023_2RRU_indels,20,ESM2 150M,Test MAE,0.30742882639687075
indels,SQSTM_MOUSE_Tsuboyama_2023_2RRU_indels,20,ESM2 35M,Test MAE,0.3211851788828828
indels,SQSTM_MOUSE_Tsuboyama_2023_2RRU_indels,20,ESM2 650M,Test MAE,0.3047525690068975
indels,SQSTM_MOUSE_Tsuboyama_2023_2RRU_indels,20,ESM2 8M,Test MAE,0.3645858134432133
indels,SQSTM_MOUSE_Tsuboyama_2023_2RRU_indels,40,ESM2 150M,Test MAE,0.27249017588878754
indels,SQSTM_MOUSE_Tsuboyama_2023_2RRU_indels,40,ESM2 35M,Test MAE,0.2509503741720184
indels,SQSTM_MOUSE_Tsuboyama_2023_2RRU_indels,40,ESM2 650M,Test MAE,0.26819088349322096
indels,SQSTM_MOUSE_Tsuboyama_2023_2RRU_indels,40,ESM2 8M,Test MAE,0.2976442995587636
indels,SQSTM_MOUSE_Tsuboyama_2023_2RRU_indels,60,ESM2 150M,Test MAE,0.23067470922680525
indels,SQSTM_MOUSE_Tsuboyama_2023_2RRU_indels,60,ESM2 35M,Test MAE,0.22299061846907184
indels,SQSTM_MOUSE_Tsuboyama_2023_2RRU_indels,60,ESM2 650M,Test MAE,0.2310394655097328
indels,SQSTM_MOUSE_Tsuboyama_2023_2RRU_indels,60,ESM2 8M,Test MAE,0.2587326123671902
indels,SQSTM_MOUSE_Tsuboyama_2023_2RRU_indels,80,ESM2 150M,Test MAE,0.21671144931088865
indels,SQSTM_MOUSE_Tsuboyama_2023_2RRU_indels,80,ESM2 35M,Test MAE,0.20540772849094652
indels,SQSTM_MOUSE_Tsuboyama_2023_2RRU_indels,80,ESM2 650M,Test MAE,0.21506252100591922
indels,SQSTM_MOUSE_Tsuboyama_2023_2RRU_indels,80,ESM2 8M,Test MAE,0.2388109313415184
indels,VG08_BPP22_Tsuboyama_2023_2GP8_indels,20,ESM2 150M,Test MAE,0.22140378195279348
indels,VG08_BPP22_Tsuboyama_2023_2GP8_indels,20,ESM2 35M,Test MAE,0.22579871380289124
indels,VG08_BPP22_Tsuboyama_2023_2GP8_indels,20,ESM2 650M,Test MAE,0.2194600579711974
indels,VG08_BPP22_Tsuboyama_2023_2GP8_indels,20,ESM2 8M,Test MAE,0.23482117684037954
indels,VG08_BPP22_Tsuboyama_2023_2GP8_indels,40,ESM2 150M,Test MAE,0.1900748434097563
indels,VG08_BPP22_Tsuboyama_2023_2GP8_indels,40,ESM2 35M,Test MAE,0.19620092862556332
indels,VG08_BPP22_Tsuboyama_2023_2GP8_indels,40,ESM2 650M,Test MAE,0.18380012975329044
indels,VG08_BPP22_Tsuboyama_2023_2GP8_indels,40,ESM2 8M,Test MAE,0.2094714985563843
indels,VG08_BPP22_Tsuboyama_2023_2GP8_indels,60,ESM2 150M,Test MAE,0.17861020516533266
indels,VG08_BPP22_Tsuboyama_2023_2GP8_indels,60,ESM2 35M,Test MAE,0.18872287742881982
indels,VG08_BPP22_Tsuboyama_2023_2GP8_indels,60,ESM2 650M,Test MAE,0.18019339072531187
indels,VG08_BPP22_Tsuboyama_2023_2GP8_indels,60,ESM2 8M,Test MAE,0.18811188472454124
indels,VG08_BPP22_Tsuboyama_2023_2GP8_indels,80,ESM2 150M,Test MAE,0.17242822261627572
indels,VG08_BPP22_Tsuboyama_2023_2GP8_indels,80,ESM2 35M,Test MAE,0.17678973470948786
indels,VG08_BPP22_Tsuboyama_2023_2GP8_indels,80,ESM2 650M,Test MAE,0.17210553078543517
indels,VG08_BPP22_Tsuboyama_2023_2GP8_indels,80,ESM2 8M,Test MAE,0.18439049907958083
indels,YNZC_BACSU_Tsuboyama_2023_2JVD_indels,20,ESM2 150M,Test MAE,0.38856131792091253
indels,YNZC_BACSU_Tsuboyama_2023_2JVD_indels,20,ESM2 35M,Test MAE,0.5331253496928767
indels,YNZC_BACSU_Tsuboyama_2023_2JVD_indels,20,ESM2 650M,Test MAE,0.3540232177080775
indels,YNZC_BACSU_Tsuboyama_2023_2JVD_indels,20,ESM2 8M,Test MAE,0.5709793682566618
indels,YNZC_BACSU_Tsuboyama_2023_2JVD_indels,40,ESM2 150M,Test MAE,0.34630995696691524
indels,YNZC_BACSU_Tsuboyama_2023_2JVD_indels,40,ESM2 35M,Test MAE,0.4104603862148245
indels,YNZC_BACSU_Tsuboyama_2023_2JVD_indels,40,ESM2 650M,Test MAE,0.33089118092831005
indels,YNZC_BACSU_Tsuboyama_2023_2JVD_indels,40,ESM2 8M,Test MAE,0.47125920113635955
indels,YNZC_BACSU_Tsuboyama_2023_2JVD_indels,60,ESM2 150M,Test MAE,0.30010400081031113
indels,YNZC_BACSU_Tsuboyama_2023_2JVD_indels,60,ESM2 35M,Test MAE,0.36481102949634414
indels,YNZC_BACSU_Tsuboyama_2023_2JVD_indels,60,ESM2 650M,Test MAE,0.2702146869932907
indels,YNZC_BACSU_Tsuboyama_2023_2JVD_indels,60,ESM2 8M,Test MAE,0.42488439920387966
indels,YNZC_BACSU_Tsuboyama_2023_2JVD_indels,80,ESM2 150M,Test MAE,0.2715647144025805
indels,YNZC_BACSU_Tsuboyama_2023_2JVD_indels,80,ESM2 35M,Test MAE,0.328892528475324
indels,YNZC_BACSU_Tsuboyama_2023_2JVD_indels,80,ESM2 650M,Test MAE,0.2512145816538997
indels,YNZC_BACSU_Tsuboyama_2023_2JVD_indels,80,ESM2 8M,Test MAE,0.4018799937539728
peptides,EC_all_40,20,ESM2 150M,Test MAE,0.6153432564272961
peptides,EC_all_40,20,ESM2 35M,Test MAE,0.6342208354328669
peptides,EC_all_40,20,ESM2 650M,Test MAE,0.6321745939233906
peptides,EC_all_40,20,ESM2 8M,Test MAE,0.6287911780641924
peptides,EC_all_40,50,ESM2 150M,Test MAE,0.6024193916830426
peptides,EC_all_40,50,ESM2 35M,Test MAE,0.555353385885313
peptides,EC_all_40,50,ESM2 650M,Test MAE,0.5879743574451444
peptides,EC_all_40,50,ESM2 8M,Test MAE,0.5687923917300897
peptides,EC_all_40,75,ESM2 150M,Test MAE,0.5750147799803424
peptides,EC_all_40,75,ESM2 35M,Test MAE,0.5597473512375684
peptides,EC_all_40,75,ESM2 650M,Test MAE,0.5664343243217895
peptides,EC_all_40,75,ESM2 8M,Test MAE,0.5607824157230095
peptides,EC_all_40,100,ESM2 150M,Test MAE,0.5532853716696832
peptides,EC_all_40,100,ESM2 35M,Test MAE,0.5467391247154053
peptides,EC_all_40,100,ESM2 650M,Test MAE,0.5381290193778021
peptides,EC_all_40,100,ESM2 8M,Test MAE,0.5456306845245683
peptides,EC_all_40,200,ESM2 150M,Test MAE,0.5364092624145786
peptides,EC_all_40,200,ESM2 35M,Test MAE,0.5296560695845319
peptides,EC_all_40,200,ESM2 650M,Test MAE,0.5299801896175297
peptides,EC_all_40,200,ESM2 8M,Test MAE,0.5256776986709185
peptides,EC_all_40,350,ESM2 150M,Test MAE,0.5183996447237047
peptides,EC_all_40,350,ESM2 35M,Test MAE,0.513610929337616
peptides,EC_all_40,350,ESM2 650M,Test MAE,0.5122501873803265
peptides,EC_all_40,350,ESM2 8M,Test MAE,0.5083870109200906
peptides,EC_all_40,500,ESM2 150M,Test MAE,0.5099177640878935
peptides,EC_all_40,500,ESM2 35M,Test MAE,0.5045206045714228
peptides,EC_all_40,500,ESM2 650M,Test MAE,0.5051848665645605
peptides,EC_all_40,500,ESM2 8M,Test MAE,0.5043404648536491
peptides,PA_all_40,20,ESM2 150M,Test MAE,0.6300329048413101
peptides,PA_all_40,20,ESM2 35M,Test MAE,0.6346701296243973
peptides,PA_all_40,20,ESM2 650M,Test MAE,0.639689014895564
peptides,PA_all_40,20,ESM2 8M,Test MAE,0.6301565937806397
peptides,PA_all_40,50,ESM2 150M,Test MAE,0.632491058266481
peptides,PA_all_40,50,ESM2 35M,Test MAE,0.6468806768840627
peptides,PA_all_40,50,ESM2 650M,Test MAE,0.6342774052597153
peptides,PA_all_40,50,ESM2 8M,Test MAE,0.6330864564552249
peptides,PA_all_40,75,ESM2 150M,Test MAE,0.6063614354333864
peptides,PA_all_40,75,ESM2 35M,Test MAE,0.6212994479057172
peptides,PA_all_40,75,ESM2 650M,Test MAE,0.6175950949676651
peptides,PA_all_40,75,ESM2 8M,Test MAE,0.6039398216478762
peptides,PA_all_40,100,ESM2 150M,Test MAE,0.6042419094309485
peptides,PA_all_40,100,ESM2 35M,Test MAE,0.6036800312939786
peptides,PA_all_40,100,ESM2 650M,Test MAE,0.6086495604897094
peptides,PA_all_40,100,ESM2 8M,Test MAE,0.6006108783395945
peptides,PA_all_40,200,ESM2 150M,Test MAE,0.5802720821427483
peptides,PA_all_40,200,ESM2 35M,Test MAE,0.5731645145499629
peptides,PA_all_40,200,ESM2 650M,Test MAE,0.5818619028735385
peptides,PA_all_40,200,ESM2 8M,Test MAE,0.5713928420545192
peptides,PA_all_40,350,ESM2 150M,Test MAE,0.5519961435988123
peptides,PA_all_40,350,ESM2 35M,Test MAE,0.5453826162420613
peptides,PA_all_40,350,ESM2 650M,Test MAE,0.5545862325264551
peptides,PA_all_40,350,ESM2 8M,Test MAE,0.5422906341274893
peptides,PA_all_40,500,ESM2 150M,Test MAE,0.5388012039717204
peptides,PA_all_40,500,ESM2 35M,Test MAE,0.5341815419737819
peptides,PA_all_40,500,ESM2 650M,Test MAE,0.5384046585506425
peptides,PA_all_40,500,ESM2 8M,Test MAE,0.5335099962649403
peptides,SA_all_40,20,ESM2 150M,Test MAE,0.6869007139729468
peptides,SA_all_40,20,ESM2 35M,Test MAE,0.703297154536612
peptides,SA_all_40,20,ESM2 650M,Test MAE,0.7182819098843123
peptides,SA_all_40,20,ESM2 8M,Test MAE,0.6972205195297219
peptides,SA_all_40,50,ESM2 150M,Test MAE,0.6630238758921675
peptides,SA_all_40,50,ESM2 35M,Test MAE,0.6616764197448088
peptides,SA_all_40,50,ESM2 650M,Test MAE,0.6703464878241656
peptides,SA_all_40,50,ESM2 8M,Test MAE,0.6551369632266845
peptides,SA_all_40,75,ESM2 150M,Test MAE,0.6208012484183147
peptides,SA_all_40,75,ESM2 35M,Test MAE,0.6358774444835708
peptides,SA_all_40,75,ESM2 650M,Test MAE,0.6317718236548331
peptides,SA_all_40,75,ESM2 8M,Test MAE,0.6333533593068459
peptides,SA_all_40,100,ESM2 150M,Test MAE,0.612532986842669
peptides,SA_all_40,100,ESM2 35M,Test MAE,0.6196721476597083
peptides,SA_all_40,100,ESM2 650M,Test MAE,0.6066091758697653
peptides,SA_all_40,100,ESM2 8M,Test MAE,0.6147327759308954
peptides,SA_all_40,200,ESM2 150M,Test MAE,0.586634871840964
peptides,SA_all_40,200,ESM2 35M,Test MAE,0.5871277605341958
peptides,SA_all_40,200,ESM2 650M,Test MAE,0.5852201257693889
peptides,SA_all_40,200,ESM2 8M,Test MAE,0.5883440644483706
peptides,SA_all_40,350,ESM2 150M,Test MAE,0.5736308442231374
peptides,SA_all_40,350,ESM2 35M,Test MAE,0.574367414567685
peptides,SA_all_40,350,ESM2 650M,Test MAE,0.5701846246711392
peptides,SA_all_40,350,ESM2 8M,Test MAE,0.5824888303108635
peptides,SA_all_40,500,ESM2 150M,Test MAE,0.5549436190139337
peptides,SA_all_40,500,ESM2 35M,Test MAE,0.5602928399440824
peptides,SA_all_40,500,ESM2 650M,Test MAE,0.5548068776181739
peptides,SA_all_40,500,ESM2 8M,Test MAE,0.5616251508520217
peptides,hemopi2_all,20,ESM2 150M,Test MAE,0.5351756507079986
peptides,hemopi2_all,20,ESM2 35M,Test MAE,0.5376693633882209
peptides,hemopi2_all,20,ESM2 650M,Test MAE,0.5265946022297243
peptides,hemopi2_all,20,ESM2 8M,Test MAE,0.5315648360030462
peptides,hemopi2_all,50,ESM2 150M,Test MAE,0.5297550190329264
peptides,hemopi2_all,50,ESM2 35M,Test MAE,0.5301369206442017
peptides,hemopi2_all,50,ESM2 650M,Test MAE,0.5242247360858451
peptides,hemopi2_all,50,ESM2 8M,Test MAE,0.5240451147840993
peptides,hemopi2_all,75,ESM2 150M,Test MAE,0.5163833135696588
peptides,hemopi2_all,75,ESM2 35M,Test MAE,0.5142675531926804
peptides,hemopi2_all,75,ESM2 650M,Test MAE,0.5078614794134332
peptides,hemopi2_all,75,ESM2 8M,Test MAE,0.5050491043198125
peptides,hemopi2_all,100,ESM2 150M,Test MAE,0.5021113424287074
peptides,hemopi2_all,100,ESM2 35M,Test MAE,0.49690029726660423
peptides,hemopi2_all,100,ESM2 650M,Test MAE,0.49185124232926114
peptides,hemopi2_all,100,ESM2 8M,Test MAE,0.4975085026994509
peptides,hemopi2_all,200,ESM2 150M,Test MAE,0.4810447419248315
peptides,hemopi2_all,200,ESM2 35M,Test MAE,0.4828961171215269
peptides,hemopi2_all,200,ESM2 650M,Test MAE,0.46461037953015927
peptides,hemopi2_all,200,ESM2 8M,Test MAE,0.468579395592588
peptides,hemopi2_all,350,ESM2 150M,Test MAE,0.4670883050885892
peptides,hemopi2_all,350,ESM2 35M,Test MAE,0.46328469091501356
peptides,hemopi2_all,350,ESM2 650M,Test MAE,0.44629665450026457
peptides,hemopi2_all,350,ESM2 8M,Test MAE,0.45263415148955266
peptides,hemopi2_all,500,ESM2 150M,Test MAE,0.4500116196845033
peptides,hemopi2_all,500,ESM2 35M,Test MAE,0.4487663202341805
peptides,hemopi2_all,500,ESM2 650M,Test MAE,0.4354250137928625
peptides,hemopi2_all,500,ESM2 8M,Test MAE,0.4424638959202397
substitutions,A0A247D711_LISMN_Stadelmann_2021,20,ESM2 150M,Test MAE,0.9783622192730492
substitutions,A0A247D711_LISMN_Stadelmann_2021,20,ESM2 35M,Test MAE,0.9630923585475497
substitutions,A0A247D711_LISMN_Stadelmann_2021,20,ESM2 650M,Test MAE,0.9713558981300157
substitutions,A0A247D711_LISMN_Stadelmann_2021,20,ESM2 8M,Test MAE,1.0226632757302685
substitutions,A0A247D711_LISMN_Stadelmann_2021,50,ESM2 150M,Test MAE,0.9843891921658317
substitutions,A0A247D711_LISMN_Stadelmann_2021,50,ESM2 35M,Test MAE,0.928694033280361
substitutions,A0A247D711_LISMN_Stadelmann_2021,50,ESM2 650M,Test MAE,0.9412908004963606
substitutions,A0A247D711_LISMN_Stadelmann_2021,50,ESM2 8M,Test MAE,0.9461754598380283
substitutions,A0A247D711_LISMN_Stadelmann_2021,75,ESM2 150M,Test MAE,0.8679257920519404
substitutions,A0A247D711_LISMN_Stadelmann_2021,75,ESM2 35M,Test MAE,0.8858738374793983
substitutions,A0A247D711_LISMN_Stadelmann_2021,75,ESM2 650M,Test MAE,0.8668741072643167
substitutions,A0A247D711_LISMN_Stadelmann_2021,75,ESM2 8M,Test MAE,0.8996039044837707
substitutions,A0A247D711_LISMN_Stadelmann_2021,100,ESM2 150M,Test MAE,0.8473766960543712
substitutions,A0A247D711_LISMN_Stadelmann_2021,100,ESM2 35M,Test MAE,0.8587657919466022
substitutions,A0A247D711_LISMN_Stadelmann_2021,100,ESM2 650M,Test MAE,0.840742548469281
substitutions,A0A247D711_LISMN_Stadelmann_2021,100,ESM2 8M,Test MAE,0.8618880165235492
substitutions,A0A247D711_LISMN_Stadelmann_2021,200,ESM2 150M,Test MAE,0.7999986785114765
substitutions,A0A247D711_LISMN_Stadelmann_2021,200,ESM2 35M,Test MAE,0.8028975862797554
substitutions,A0A247D711_LISMN_Stadelmann_2021,200,ESM2 650M,Test MAE,0.7964622768155284
substitutions,A0A247D711_LISMN_Stadelmann_2021,200,ESM2 8M,Test MAE,0.8029598792824253
substitutions,A0A247D711_LISMN_Stadelmann_2021,350,ESM2 150M,Test MAE,0.7523378521116498
substitutions,A0A247D711_LISMN_Stadelmann_2021,350,ESM2 35M,Test MAE,0.7548268786535492
substitutions,A0A247D711_LISMN_Stadelmann_2021,350,ESM2 650M,Test MAE,0.7478156251039455
substitutions,A0A247D711_LISMN_Stadelmann_2021,350,ESM2 8M,Test MAE,0.7537348268657457
substitutions,A0A247D711_LISMN_Stadelmann_2021,500,ESM2 150M,Test MAE,0.7248328812758198
substitutions,A0A247D711_LISMN_Stadelmann_2021,500,ESM2 35M,Test MAE,0.7213006867288141
substitutions,A0A247D711_LISMN_Stadelmann_2021,500,ESM2 650M,Test MAE,0.7236867196053484
substitutions,A0A247D711_LISMN_Stadelmann_2021,500,ESM2 8M,Test MAE,0.7239299147150211
substitutions,DN7A_SACS2_Tsuboyama_2023_1JIC,20,ESM2 150M,Test MAE,0.8866012348146569
substitutions,DN7A_SACS2_Tsuboyama_2023_1JIC,20,ESM2 35M,Test MAE,0.8197858495851158
substitutions,DN7A_SACS2_Tsuboyama_2023_1JIC,20,ESM2 650M,Test MAE,0.7543345525149376
substitutions,DN7A_SACS2_Tsuboyama_2023_1JIC,20,ESM2 8M,Test MAE,0.8682131491884031
substitutions,DN7A_SACS2_Tsuboyama_2023_1JIC,50,ESM2 150M,Test MAE,0.7396157424643582
substitutions,DN7A_SACS2_Tsuboyama_2023_1JIC,50,ESM2 35M,Test MAE,0.6748457210467208
substitutions,DN7A_SACS2_Tsuboyama_2023_1JIC,50,ESM2 650M,Test MAE,0.6378991497407538
substitutions,DN7A_SACS2_Tsuboyama_2023_1JIC,50,ESM2 8M,Test MAE,0.7494397096993273
substitutions,DN7A_SACS2_Tsuboyama_2023_1JIC,75,ESM2 150M,Test MAE,0.7319280841990273
substitutions,DN7A_SACS2_Tsuboyama_2023_1JIC,75,ESM2 35M,Test MAE,0.6404091237185164
substitutions,DN7A_SACS2_Tsuboyama_2023_1JIC,75,ESM2 650M,Test MAE,0.6034002687257863
substitutions,DN7A_SACS2_Tsuboyama_2023_1JIC,75,ESM2 8M,Test MAE,0.7245184281140463
substitutions,DN7A_SACS2_Tsuboyama_2023_1JIC,100,ESM2 150M,Test MAE,0.6581994515611951
substitutions,DN7A_SACS2_Tsuboyama_2023_1JIC,100,ESM2 35M,Test MAE,0.5914167110249602
substitutions,DN7A_SACS2_Tsuboyama_2023_1JIC,100,ESM2 650M,Test MAE,0.5435279384580025
substitutions,DN7A_SACS2_Tsuboyama_2023_1JIC,100,ESM2 8M,Test MAE,0.6720532264999328
substitutions,DN7A_SACS2_Tsuboyama_2023_1JIC,200,ESM2 150M,Test MAE,0.5588661422803914
substitutions,DN7A_SACS2_Tsuboyama_2023_1JIC,200,ESM2 35M,Test MAE,0.5032095973560182
substitutions,DN7A_SACS2_Tsuboyama_2023_1JIC,200,ESM2 650M,Test MAE,0.44539811797333106
substitutions,DN7A_SACS2_Tsuboyama_2023_1JIC,200,ESM2 8M,Test MAE,0.5723154584627206
substitutions,DN7A_SACS2_Tsuboyama_2023_1JIC,350,ESM2 150M,Test MAE,0.47180568042867
substitutions,DN7A_SACS2_Tsuboyama_2023_1JIC,350,ESM2 35M,Test MAE,0.4369375388052646
substitutions,DN7A_SACS2_Tsuboyama_2023_1JIC,350,ESM2 650M,Test MAE,0.38575954341596946
substitutions,DN7A_SACS2_Tsuboyama_2023_1JIC,350,ESM2 8M,Test MAE,0.5029601352714526
substitutions,DN7A_SACS2_Tsuboyama_2023_1JIC,500,ESM2 150M,Test MAE,0.43016504466013605
substitutions,DN7A_SACS2_Tsuboyama_2023_1JIC,500,ESM2 35M,Test MAE,0.40025579920591026
substitutions,DN7A_SACS2_Tsuboyama_2023_1JIC,500,ESM2 650M,Test MAE,0.3478521046053461
substitutions,DN7A_SACS2_Tsuboyama_2023_1JIC,500,ESM2 8M,Test MAE,0.4557578318323701
substitutions,ENVZ_ECOLI_Ghose_2023,20,ESM2 150M,Test MAE,0.9508180040421316
substitutions,ENVZ_ECOLI_Ghose_2023,20,ESM2 35M,Test MAE,0.9348953616734942
substitutions,ENVZ_ECOLI_Ghose_2023,20,ESM2 650M,Test MAE,0.9350811316197133
substitutions,ENVZ_ECOLI_Ghose_2023,20,ESM2 8M,Test MAE,0.951639224677162
substitutions,ENVZ_ECOLI_Ghose_2023,50,ESM2 150M,Test MAE,0.913001418480688
substitutions,ENVZ_ECOLI_Ghose_2023,50,ESM2 35M,Test MAE,0.913507662699983
substitutions,ENVZ_ECOLI_Ghose_2023,50,ESM2 650M,Test MAE,0.901463107343675
substitutions,ENVZ_ECOLI_Ghose_2023,50,ESM2 8M,Test MAE,0.8748834257762381
substitutions,ENVZ_ECOLI_Ghose_2023,75,ESM2 150M,Test MAE,0.8839753083034154
substitutions,ENVZ_ECOLI_Ghose_2023,75,ESM2 35M,Test MAE,0.8829577926297407
substitutions,ENVZ_ECOLI_Ghose_2023,75,ESM2 650M,Test MAE,0.8691151673746262
substitutions,ENVZ_ECOLI_Ghose_2023,75,ESM2 8M,Test MAE,0.8527177916135906
substitutions,ENVZ_ECOLI_Ghose_2023,100,ESM2 150M,Test MAE,0.8728362921730402
substitutions,ENVZ_ECOLI_Ghose_2023,100,ESM2 35M,Test MAE,0.8777892182525466
substitutions,ENVZ_ECOLI_Ghose_2023,100,ESM2 650M,Test MAE,0.8630664627655861
substitutions,ENVZ_ECOLI_Ghose_2023,100,ESM2 8M,Test MAE,0.8525762294119039
substitutions,ENVZ_ECOLI_Ghose_2023,200,ESM2 150M,Test MAE,0.8254349056512558
substitutions,ENVZ_ECOLI_Ghose_2023,200,ESM2 35M,Test MAE,0.8273476106198118
substitutions,ENVZ_ECOLI_Ghose_2023,200,ESM2 650M,Test MAE,0.8235372286304836
substitutions,ENVZ_ECOLI_Ghose_2023,200,ESM2 8M,Test MAE,0.8098552846888358
substitutions,ENVZ_ECOLI_Ghose_2023,350,ESM2 150M,Test MAE,0.7717129829857201
substitutions,ENVZ_ECOLI_Ghose_2023,350,ESM2 35M,Test MAE,0.7876272523996601
substitutions,ENVZ_ECOLI_Ghose_2023,350,ESM2 650M,Test MAE,0.7725210107921929
substitutions,ENVZ_ECOLI_Ghose_2023,350,ESM2 8M,Test MAE,0.7720137402444516
substitutions,ENVZ_ECOLI_Ghose_2023,500,ESM2 150M,Test MAE,0.7276777192671494
substitutions,ENVZ_ECOLI_Ghose_2023,500,ESM2 35M,Test MAE,0.7399473370233147
substitutions,ENVZ_ECOLI_Ghose_2023,500,ESM2 650M,Test MAE,0.725720481022162
substitutions,ENVZ_ECOLI_Ghose_2023,500,ESM2 8M,Test MAE,0.7333335260544547
substitutions,FKBP3_HUMAN_Tsuboyama_2023_2KFV,20,ESM2 150M,Test MAE,0.7184206806225999
substitutions,FKBP3_HUMAN_Tsuboyama_2023_2KFV,20,ESM2 35M,Test MAE,0.6507136578406917
substitutions,FKBP3_HUMAN_Tsuboyama_2023_2KFV,20,ESM2 650M,Test MAE,0.6572218376195978
substitutions,FKBP3_HUMAN_Tsuboyama_2023_2KFV,20,ESM2 8M,Test MAE,0.6468312520925477
substitutions,FKBP3_HUMAN_Tsuboyama_2023_2KFV,50,ESM2 150M,Test MAE,0.5552925177881922
substitutions,FKBP3_HUMAN_Tsuboyama_2023_2KFV,50,ESM2 35M,Test MAE,0.5564605558948781
substitutions,FKBP3_HUMAN_Tsuboyama_2023_2KFV,50,ESM2 650M,Test MAE,0.6422165363855818
substitutions,FKBP3_HUMAN_Tsuboyama_2023_2KFV,50,ESM2 8M,Test MAE,0.5923092342367035
substitutions,FKBP3_HUMAN_Tsuboyama_2023_2KFV,75,ESM2 150M,Test MAE,0.5200471191717871
substitutions,FKBP3_HUMAN_Tsuboyama_2023_2KFV,75,ESM2 35M,Test MAE,0.5246077364302105
substitutions,FKBP3_HUMAN_Tsuboyama_2023_2KFV,75,ESM2 650M,Test MAE,0.617621585337197
substitutions,FKBP3_HUMAN_Tsuboyama_2023_2KFV,75,ESM2 8M,Test MAE,0.5337645971360485
substitutions,FKBP3_HUMAN_Tsuboyama_2023_2KFV,100,ESM2 150M,Test MAE,0.49745544578903483
substitutions,FKBP3_HUMAN_Tsuboyama_2023_2KFV,100,ESM2 35M,Test MAE,0.5033828638173976
substitutions,FKBP3_HUMAN_Tsuboyama_2023_2KFV,100,ESM2 650M,Test MAE,0.5806811494487695
substitutions,FKBP3_HUMAN_Tsuboyama_2023_2KFV,100,ESM2 8M,Test MAE,0.5100620904727368
substitutions,FKBP3_HUMAN_Tsuboyama_2023_2KFV,200,ESM2 150M,Test MAE,0.44960530315623987
substitutions,FKBP3_HUMAN_Tsuboyama_2023_2KFV,200,ESM2 35M,Test MAE,0.45711158761407056
substitutions,FKBP3_HUMAN_Tsuboyama_2023_2KFV,200,ESM2 650M,Test MAE,0.5201288884736732
substitutions,FKBP3_HUMAN_Tsuboyama_2023_2KFV,200,ESM2 8M,Test MAE,0.4570453735806776
substitutions,FKBP3_HUMAN_Tsuboyama_2023_2KFV,350,ESM2 150M,Test MAE,0.41079797846202004
substitutions,FKBP3_HUMAN_Tsuboyama_2023_2KFV,350,ESM2 35M,Test MAE,0.4225615959834494
substitutions,FKBP3_HUMAN_Tsuboyama_2023_2KFV,350,ESM2 650M,Test MAE,0.4643073619699333
substitutions,FKBP3_HUMAN_Tsuboyama_2023_2KFV,350,ESM2 8M,Test MAE,0.4185005414906063
substitutions,FKBP3_HUMAN_Tsuboyama_2023_2KFV,500,ESM2 150M,Test MAE,0.38324410801874653
substitutions,FKBP3_HUMAN_Tsuboyama_2023_2KFV,500,ESM2 35M,Test MAE,0.39313884771359897
substitutions,FKBP3_HUMAN_Tsuboyama_2023_2KFV,500,ESM2 650M,Test MAE,0.43396143100755785
substitutions,FKBP3_HUMAN_Tsuboyama_2023_2KFV,500,ESM2 8M,Test MAE,0.3858087187155069
substitutions,MAFG_MOUSE_Tsuboyama_2023_1K1V,20,ESM2 150M,Test MAE,0.48108033629798275
substitutions,MAFG_MOUSE_Tsuboyama_2023_1K1V,20,ESM2 35M,Test MAE,0.5197480901933754
substitutions,MAFG_MOUSE_Tsuboyama_2023_1K1V,20,ESM2 650M,Test MAE,0.513162370225835
substitutions,MAFG_MOUSE_Tsuboyama_2023_1K1V,20,ESM2 8M,Test MAE,0.5691495281226927
substitutions,MAFG_MOUSE_Tsuboyama_2023_1K1V,50,ESM2 150M,Test MAE,0.3811587721295716
substitutions,MAFG_MOUSE_Tsuboyama_2023_1K1V,50,ESM2 35M,Test MAE,0.385799494526294
substitutions,MAFG_MOUSE_Tsuboyama_2023_1K1V,50,ESM2 650M,Test MAE,0.37645353407988186
substitutions,MAFG_MOUSE_Tsuboyama_2023_1K1V,50,ESM2 8M,Test MAE,0.4189339802947266
substitutions,MAFG_MOUSE_Tsuboyama_2023_1K1V,75,ESM2 150M,Test MAE,0.34489348375860474
substitutions,MAFG_MOUSE_Tsuboyama_2023_1K1V,75,ESM2 35M,Test MAE,0.33797255617559996
substitutions,MAFG_MOUSE_Tsuboyama_2023_1K1V,75,ESM2 650M,Test MAE,0.32722985411034133
substitutions,MAFG_MOUSE_Tsuboyama_2023_1K1V,75,ESM2 8M,Test MAE,0.38186003545030844
substitutions,MAFG_MOUSE_Tsuboyama_2023_1K1V,100,ESM2 150M,Test MAE,0.30258601701374094
substitutions,MAFG_MOUSE_Tsuboyama_2023_1K1V,100,ESM2 35M,Test MAE,0.301663299802442
substitutions,MAFG_MOUSE_Tsuboyama_2023_1K1V,100,ESM2 650M,Test MAE,0.29988437875802976
substitutions,MAFG_MOUSE_Tsuboyama_2023_1K1V,100,ESM2 8M,Test MAE,0.3339345511414966
substitutions,MAFG_MOUSE_Tsuboyama_2023_1K1V,200,ESM2 150M,Test MAE,0.2656498404390818
substitutions,MAFG_MOUSE_Tsuboyama_2023_1K1V,200,ESM2 35M,Test MAE,0.2555131586537332
substitutions,MAFG_MOUSE_Tsuboyama_2023_1K1V,200,ESM2 650M,Test MAE,0.2575699434888432
substitutions,MAFG_MOUSE_Tsuboyama_2023_1K1V,200,ESM2 8M,Test MAE,0.2739310955705179
substitutions,MAFG_MOUSE_Tsuboyama_2023_1K1V,350,ESM2 150M,Test MAE,0.2306804053113253
substitutions,MAFG_MOUSE_Tsuboyama_2023_1K1V,350,ESM2 35M,Test MAE,0.2249204335142098
substitutions,MAFG_MOUSE_Tsuboyama_2023_1K1V,350,ESM2 650M,Test MAE,0.22108582267145263
substitutions,MAFG_MOUSE_Tsuboyama_2023_1K1V,350,ESM2 8M,Test MAE,0.2396391168573956
substitutions,MAFG_MOUSE_Tsuboyama_2023_1K1V,500,ESM2 150M,Test MAE,0.21521248284317362
substitutions,MAFG_MOUSE_Tsuboyama_2023_1K1V,500,ESM2 35M,Test MAE,0.20927745687725813
substitutions,MAFG_MOUSE_Tsuboyama_2023_1K1V,500,ESM2 650M,Test MAE,0.2037471980112037
substitutions,MAFG_MOUSE_Tsuboyama_2023_1K1V,500,ESM2 8M,Test MAE,0.22629635555526
substitutions,POLG_PESV_Tsuboyama_2023_2MXD,20,ESM2 150M,Test MAE,0.8177059805448872
substitutions,POLG_PESV_Tsuboyama_2023_2MXD,20,ESM2 35M,Test MAE,0.7684537894973718
substitutions,POLG_PESV_Tsuboyama_2023_2MXD,20,ESM2 650M,Test MAE,0.7772139953098377
substitutions,POLG_PESV_Tsuboyama_2023_2MXD,20,ESM2 8M,Test MAE,0.7935737051473006
substitutions,POLG_PESV_Tsuboyama_2023_2MXD,50,ESM2 150M,Test MAE,0.6457330017543403
substitutions,POLG_PESV_Tsuboyama_2023_2MXD,50,ESM2 35M,Test MAE,0.6165190109386562
substitutions,POLG_PESV_Tsuboyama_2023_2MXD,50,ESM2 650M,Test MAE,0.5901044932959628
substitutions,POLG_PESV_Tsuboyama_2023_2MXD,50,ESM2 8M,Test MAE,0.6657967651553308
substitutions,POLG_PESV_Tsuboyama_2023_2MXD,75,ESM2 150M,Test MAE,0.5711363548616504
substitutions,POLG_PESV_Tsuboyama_2023_2MXD,75,ESM2 35M,Test MAE,0.5371822755140376
substitutions,POLG_PESV_Tsuboyama_2023_2MXD,75,ESM2 650M,Test MAE,0.5058123967055866
substitutions,POLG_PESV_Tsuboyama_2023_2MXD,75,ESM2 8M,Test MAE,0.5593951141212299
substitutions,POLG_PESV_Tsuboyama_2023_2MXD,100,ESM2 150M,Test MAE,0.5320999426767736
substitutions,POLG_PESV_Tsuboyama_2023_2MXD,100,ESM2 35M,Test MAE,0.48895073024529534
substitutions,POLG_PESV_Tsuboyama_2023_2MXD,100,ESM2 650M,Test MAE,0.47528368364214496
substitutions,POLG_PESV_Tsuboyama_2023_2MXD,100,ESM2 8M,Test MAE,0.5267239799674072
substitutions,POLG_PESV_Tsuboyama_2023_2MXD,200,ESM2 150M,Test MAE,0.42844373088803317
substitutions,POLG_PESV_Tsuboyama_2023_2MXD,200,ESM2 35M,Test MAE,0.4181553161353603
substitutions,POLG_PESV_Tsuboyama_2023_2MXD,200,ESM2 650M,Test MAE,0.39679636322647316
substitutions,POLG_PESV_Tsuboyama_2023_2MXD,200,ESM2 8M,Test MAE,0.4427545729074005
substitutions,POLG_PESV_Tsuboyama_2023_2MXD,350,ESM2 150M,Test MAE,0.373982381750576
substitutions,POLG_PESV_Tsuboyama_2023_2MXD,350,ESM2 35M,Test MAE,0.37072242836555697
substitutions,POLG_PESV_Tsuboyama_2023_2MXD,350,ESM2 650M,Test MAE,0.3419831603081504
substitutions,POLG_PESV_Tsuboyama_2023_2MXD,350,ESM2 8M,Test MAE,0.38658738997744385
substitutions,POLG_PESV_Tsuboyama_2023_2MXD,500,ESM2 150M,Test MAE,0.34203645980549113
substitutions,POLG_PESV_Tsuboyama_2023_2MXD,500,ESM2 35M,Test MAE,0.33613461833974057
substitutions,POLG_PESV_Tsuboyama_2023_2MXD,500,ESM2 650M,Test MAE,0.3106086241658212
substitutions,POLG_PESV_Tsuboyama_2023_2MXD,500,ESM2 8M,Test MAE,0.3524457777734985
substitutions,SBI_STAAM_Tsuboyama_2023_2JVG,20,ESM2 150M,Test MAE,0.6018980601416273
substitutions,SBI_STAAM_Tsuboyama_2023_2JVG,20,ESM2 35M,Test MAE,0.5945106583253832
substitutions,SBI_STAAM_Tsuboyama_2023_2JVG,20,ESM2 650M,Test MAE,0.54272686044823
substitutions,SBI_STAAM_Tsuboyama_2023_2JVG,20,ESM2 8M,Test MAE,0.587806140074641
substitutions,SBI_STAAM_Tsuboyama_2023_2JVG,50,ESM2 150M,Test MAE,0.4846675594264712
substitutions,SBI_STAAM_Tsuboyama_2023_2JVG,50,ESM2 35M,Test MAE,0.5174972254758663
substitutions,SBI_STAAM_Tsuboyama_2023_2JVG,50,ESM2 650M,Test MAE,0.47524209741899465
substitutions,SBI_STAAM_Tsuboyama_2023_2JVG,50,ESM2 8M,Test MAE,0.5138409944048873
substitutions,SBI_STAAM_Tsuboyama_2023_2JVG,75,ESM2 150M,Test MAE,0.43004502881506185
substitutions,SBI_STAAM_Tsuboyama_2023_2JVG,75,ESM2 35M,Test MAE,0.47889197676270606
substitutions,SBI_STAAM_Tsuboyama_2023_2JVG,75,ESM2 650M,Test MAE,0.4195691973168868
substitutions,SBI_STAAM_Tsuboyama_2023_2JVG,75,ESM2 8M,Test MAE,0.493281945377474
substitutions,SBI_STAAM_Tsuboyama_2023_2JVG,100,ESM2 150M,Test MAE,0.40355899548947516
substitutions,SBI_STAAM_Tsuboyama_2023_2JVG,100,ESM2 35M,Test MAE,0.45537645706474716
substitutions,SBI_STAAM_Tsuboyama_2023_2JVG,100,ESM2 650M,Test MAE,0.4024838410566229
substitutions,SBI_STAAM_Tsuboyama_2023_2JVG,100,ESM2 8M,Test MAE,0.4369752082040588
substitutions,SBI_STAAM_Tsuboyama_2023_2JVG,200,ESM2 150M,Test MAE,0.35970130624086855
substitutions,SBI_STAAM_Tsuboyama_2023_2JVG,200,ESM2 35M,Test MAE,0.3957081711591962
substitutions,SBI_STAAM_Tsuboyama_2023_2JVG,200,ESM2 650M,Test MAE,0.3382740753439336
substitutions,SBI_STAAM_Tsuboyama_2023_2JVG,200,ESM2 8M,Test MAE,0.3905932799622918
substitutions,SBI_STAAM_Tsuboyama_2023_2JVG,350,ESM2 150M,Test MAE,0.3219109473978362
substitutions,SBI_STAAM_Tsuboyama_2023_2JVG,350,ESM2 35M,Test MAE,0.34567619393116555
substitutions,SBI_STAAM_Tsuboyama_2023_2JVG,350,ESM2 650M,Test MAE,0.2954401069769551
substitutions,SBI_STAAM_Tsuboyama_2023_2JVG,350,ESM2 8M,Test MAE,0.33901458974569304
substitutions,SBI_STAAM_Tsuboyama_2023_2JVG,500,ESM2 150M,Test MAE,0.30051757016663366
substitutions,SBI_STAAM_Tsuboyama_2023_2JVG,500,ESM2 35M,Test MAE,0.3209207459311889
substitutions,SBI_STAAM_Tsuboyama_2023_2JVG,500,ESM2 650M,Test MAE,0.27137534546378184
substitutions,SBI_STAAM_Tsuboyama_2023_2JVG,500,ESM2 8M,Test MAE,0.3129644496715358
substitutions,SDA_BACSU_Tsuboyama_2023_1PV0,20,ESM2 150M,Test MAE,0.46294708763325804
substitutions,SDA_BACSU_Tsuboyama_2023_1PV0,20,ESM2 35M,Test MAE,0.7147848542824142
substitutions,SDA_BACSU_Tsuboyama_2023_1PV0,20,ESM2 650M,Test MAE,0.4712407307462339
substitutions,SDA_BACSU_Tsuboyama_2023_1PV0,20,ESM2 8M,Test MAE,0.7428199784287487
substitutions,SDA_BACSU_Tsuboyama_2023_1PV0,50,ESM2 150M,Test MAE,0.3459257972312113
substitutions,SDA_BACSU_Tsuboyama_2023_1PV0,50,ESM2 35M,Test MAE,0.5487793404576012
substitutions,SDA_BACSU_Tsuboyama_2023_1PV0,50,ESM2 650M,Test MAE,0.3655052222741236
substitutions,SDA_BACSU_Tsuboyama_2023_1PV0,50,ESM2 8M,Test MAE,0.616474858607629
substitutions,SDA_BACSU_Tsuboyama_2023_1PV0,75,ESM2 150M,Test MAE,0.32568631448688345
substitutions,SDA_BACSU_Tsuboyama_2023_1PV0,75,ESM2 35M,Test MAE,0.5270285946317621
substitutions,SDA_BACSU_Tsuboyama_2023_1PV0,75,ESM2 650M,Test MAE,0.3536484968460907
substitutions,SDA_BACSU_Tsuboyama_2023_1PV0,75,ESM2 8M,Test MAE,0.5566262602895773
substitutions,SDA_BACSU_Tsuboyama_2023_1PV0,100,ESM2 150M,Test MAE,0.29508099259702497
substitutions,SDA_BACSU_Tsuboyama_2023_1PV0,100,ESM2 35M,Test MAE,0.4385014834290308
substitutions,SDA_BACSU_Tsuboyama_2023_1PV0,100,ESM2 650M,Test MAE,0.3129874121588861
substitutions,SDA_BACSU_Tsuboyama_2023_1PV0,100,ESM2 8M,Test MAE,0.5019172535519336
substitutions,SDA_BACSU_Tsuboyama_2023_1PV0,200,ESM2 150M,Test MAE,0.26100322638879686
substitutions,SDA_BACSU_Tsuboyama_2023_1PV0,200,ESM2 35M,Test MAE,0.3722330318522465
substitutions,SDA_BACSU_Tsuboyama_2023_1PV0,200,ESM2 650M,Test MAE,0.26798524572644267
substitutions,SDA_BACSU_Tsuboyama_2023_1PV0,200,ESM2 8M,Test MAE,0.41483038299322983
substitutions,SDA_BACSU_Tsuboyama_2023_1PV0,350,ESM2 150M,Test MAE,0.22902277198703494
substitutions,SDA_BACSU_Tsuboyama_2023_1PV0,350,ESM2 35M,Test MAE,0.3169910471250001
substitutions,SDA_BACSU_Tsuboyama_2023_1PV0,350,ESM2 650M,Test MAE,0.23185950190987228
substitutions,SDA_BACSU_Tsuboyama_2023_1PV0,350,ESM2 8M,Test MAE,0.3592751061997864
substitutions,SDA_BACSU_Tsuboyama_2023_1PV0,500,ESM2 150M,Test MAE,0.21478258910758688
substitutions,SDA_BACSU_Tsuboyama_2023_1PV0,500,ESM2 35M,Test MAE,0.29313179380975163
substitutions,SDA_BACSU_Tsuboyama_2023_1PV0,500,ESM2 650M,Test MAE,0.21463296527874628
substitutions,SDA_BACSU_Tsuboyama_2023_1PV0,500,ESM2 8M,Test MAE,0.32870731106461837
substitutions,SOX30_HUMAN_Tsuboyama_2023_7JJK,20,ESM2 150M,Test MAE,0.4976235289780272
substitutions,SOX30_HUMAN_Tsuboyama_2023_7JJK,20,ESM2 35M,Test MAE,0.6358608090691316
substitutions,SOX30_HUMAN_Tsuboyama_2023_7JJK,20,ESM2 650M,Test MAE,0.5578352628264296
substitutions,SOX30_HUMAN_Tsuboyama_2023_7JJK,20,ESM2 8M,Test MAE,0.6290232786605724
substitutions,SOX30_HUMAN_Tsuboyama_2023_7JJK,50,ESM2 150M,Test MAE,0.4561558372356753
substitutions,SOX30_HUMAN_Tsuboyama_2023_7JJK,50,ESM2 35M,Test MAE,0.5367989384330364
substitutions,SOX30_HUMAN_Tsuboyama_2023_7JJK,50,ESM2 650M,Test MAE,0.469922606004147
substitutions,SOX30_HUMAN_Tsuboyama_2023_7JJK,50,ESM2 8M,Test MAE,0.519140801759114
substitutions,SOX30_HUMAN_Tsuboyama_2023_7JJK,75,ESM2 150M,Test MAE,0.4063752744083383
substitutions,SOX30_HUMAN_Tsuboyama_2023_7JJK,75,ESM2 35M,Test MAE,0.47422269215396173
substitutions,SOX30_HUMAN_Tsuboyama_2023_7JJK,75,ESM2 650M,Test MAE,0.4363105480409623
substitutions,SOX30_HUMAN_Tsuboyama_2023_7JJK,75,ESM2 8M,Test MAE,0.48827722083722913
substitutions,SOX30_HUMAN_Tsuboyama_2023_7JJK,100,ESM2 150M,Test MAE,0.3893738027143333
substitutions,SOX30_HUMAN_Tsuboyama_2023_7JJK,100,ESM2 35M,Test MAE,0.44271233629248047
substitutions,SOX30_HUMAN_Tsuboyama_2023_7JJK,100,ESM2 650M,Test MAE,0.4136435097206544
substitutions,SOX30_HUMAN_Tsuboyama_2023_7JJK,100,ESM2 8M,Test MAE,0.44677482109104105
substitutions,SOX30_HUMAN_Tsuboyama_2023_7JJK,200,ESM2 150M,Test MAE,0.34513388505212994
substitutions,SOX30_HUMAN_Tsuboyama_2023_7JJK,200,ESM2 35M,Test MAE,0.367245872433153
substitutions,SOX30_HUMAN_Tsuboyama_2023_7JJK,200,ESM2 650M,Test MAE,0.3552571720155929
substitutions,SOX30_HUMAN_Tsuboyama_2023_7JJK,200,ESM2 8M,Test MAE,0.38877631670998947
substitutions,SOX30_HUMAN_Tsuboyama_2023_7JJK,350,ESM2 150M,Test MAE,0.303769955648965
substitutions,SOX30_HUMAN_Tsuboyama_2023_7JJK,350,ESM2 35M,Test MAE,0.3317259818685466
substitutions,SOX30_HUMAN_Tsuboyama_2023_7JJK,350,ESM2 650M,Test MAE,0.3113112530321235
substitutions,SOX30_HUMAN_Tsuboyama_2023_7JJK,350,ESM2 8M,Test MAE,0.34961703733227967
substitutions,SOX30_HUMAN_Tsuboyama_2023_7JJK,500,ESM2 150M,Test MAE,0.2832767815150153
substitutions,SOX30_HUMAN_Tsuboyama_2023_7JJK,500,ESM2 35M,Test MAE,0.30529909683327994
substitutions,SOX30_HUMAN_Tsuboyama_2023_7JJK,500,ESM2 650M,Test MAE,0.2867838030894653
substitutions,SOX30_HUMAN_Tsuboyama_2023_7JJK,500,ESM2 8M,Test MAE,0.32472108456590043
substitutions,YNZC_BACSU_Tsuboyama_2023_2JVD,20,ESM2 150M,Test MAE,0.4852933450906417
substitutions,YNZC_BACSU_Tsuboyama_2023_2JVD,20,ESM2 35M,Test MAE,0.5247321220573637
substitutions,YNZC_BACSU_Tsuboyama_2023_2JVD,20,ESM2 650M,Test MAE,0.4808824176266763
substitutions,YNZC_BACSU_Tsuboyama_2023_2JVD,20,ESM2 8M,Test MAE,0.5504867447210946
substitutions,YNZC_BACSU_Tsuboyama_2023_2JVD,50,ESM2 150M,Test MAE,0.35141579756164865
substitutions,YNZC_BACSU_Tsuboyama_2023_2JVD,50,ESM2 35M,Test MAE,0.41387128138828294
substitutions,YNZC_BACSU_Tsuboyama_2023_2JVD,50,ESM2 650M,Test MAE,0.3756775926677081
substitutions,YNZC_BACSU_Tsuboyama_2023_2JVD,50,ESM2 8M,Test MAE,0.40103502989584594
substitutions,YNZC_BACSU_Tsuboyama_2023_2JVD,75,ESM2 150M,Test MAE,0.3252875405655958
substitutions,YNZC_BACSU_Tsuboyama_2023_2JVD,75,ESM2 35M,Test MAE,0.35855045814708647
substitutions,YNZC_BACSU_Tsuboyama_2023_2JVD,75,ESM2 650M,Test MAE,0.3341960404294212
substitutions,YNZC_BACSU_Tsuboyama_2023_2JVD,75,ESM2 8M,Test MAE,0.3663359124537986
substitutions,YNZC_BACSU_Tsuboyama_2023_2JVD,100,ESM2 150M,Test MAE,0.30826481166550246
substitutions,YNZC_BACSU_Tsuboyama_2023_2JVD,100,ESM2 35M,Test MAE,0.33549206450280644
substitutions,YNZC_BACSU_Tsuboyama_2023_2JVD,100,ESM2 650M,Test MAE,0.3161558834241844
substitutions,YNZC_BACSU_Tsuboyama_2023_2JVD,100,ESM2 8M,Test MAE,0.34872187475857946
substitutions,YNZC_BACSU_Tsuboyama_2023_2JVD,200,ESM2 150M,Test MAE,0.2701922454096898
substitutions,YNZC_BACSU_Tsuboyama_2023_2JVD,200,ESM2 35M,Test MAE,0.2940155234288887
substitutions,YNZC_BACSU_Tsuboyama_2023_2JVD,200,ESM2 650M,Test MAE,0.27833881468679106
substitutions,YNZC_BACSU_Tsuboyama_2023_2JVD,200,ESM2 8M,Test MAE,0.30444690736563973
substitutions,YNZC_BACSU_Tsuboyama_2023_2JVD,350,ESM2 150M,Test MAE,0.24111223746022598
substitutions,YNZC_BACSU_Tsuboyama_2023_2JVD,350,ESM2 35M,Test MAE,0.26304233414001393
substitutions,YNZC_BACSU_Tsuboyama_2023_2JVD,350,ESM2 650M,Test MAE,0.246408665546324
substitutions,YNZC_BACSU_Tsuboyama_2023_2JVD,350,ESM2 8M,Test MAE,0.27432389291320164
substitutions,YNZC_BACSU_Tsuboyama_2023_2JVD,500,ESM2 150M,Test MAE,0.22396782173976332
substitutions,YNZC_BACSU_Tsuboyama_2023_2JVD,500,ESM2 35M,Test MAE,0.2385902898130985
substitutions,YNZC_BACSU_Tsuboyama_2023_2JVD,500,ESM2 650M,Test MAE,0.22905014984158836
substitutions,YNZC_BACSU_Tsuboyama_2023_2JVD,500,ESM2 8M,Test MAE,0.2506074860837951
indels,MAFG_MOUSE_Tsuboyama_2023_1K1V_indels,20,ESM2 150M,Test R2,0.41131102338467906
indels,MAFG_MOUSE_Tsuboyama_2023_1K1V_indels,20,ESM2 35M,Test R2,0.36699181106155193
indels,MAFG_MOUSE_Tsuboyama_2023_1K1V_indels,20,ESM2 650M,Test R2,0.2677787472193708
indels,MAFG_MOUSE_Tsuboyama_2023_1K1V_indels,20,ESM2 8M,Test R2,0.244148698406332
indels,MAFG_MOUSE_Tsuboyama_2023_1K1V_indels,40,ESM2 150M,Test R2,0.4287612215564711
indels,MAFG_MOUSE_Tsuboyama_2023_1K1V_indels,40,ESM2 35M,Test R2,0.3973788566183375
indels,MAFG_MOUSE_Tsuboyama_2023_1K1V_indels,40,ESM2 650M,Test R2,0.36227155720031906
indels,MAFG_MOUSE_Tsuboyama_2023_1K1V_indels,40,ESM2 8M,Test R2,0.23375590011338782
indels,MAFG_MOUSE_Tsuboyama_2023_1K1V_indels,60,ESM2 150M,Test R2,0.5586597471865938
indels,MAFG_MOUSE_Tsuboyama_2023_1K1V_indels,60,ESM2 35M,Test R2,0.48966085004106763
indels,MAFG_MOUSE_Tsuboyama_2023_1K1V_indels,60,ESM2 650M,Test R2,0.5060886184838053
indels,MAFG_MOUSE_Tsuboyama_2023_1K1V_indels,60,ESM2 8M,Test R2,0.49434686460939936
indels,MAFG_MOUSE_Tsuboyama_2023_1K1V_indels,80,ESM2 150M,Test R2,0.6268380371935727
indels,MAFG_MOUSE_Tsuboyama_2023_1K1V_indels,80,ESM2 35M,Test R2,0.5584916692326108
indels,MAFG_MOUSE_Tsuboyama_2023_1K1V_indels,80,ESM2 650M,Test R2,0.6087956324046229
indels,MAFG_MOUSE_Tsuboyama_2023_1K1V_indels,80,ESM2 8M,Test R2,0.4952392867599418
indels,PIN1_HUMAN_Tsuboyama_2023_1I6C_indels,20,ESM2 150M,Test R2,0.7442665893961611
indels,PIN1_HUMAN_Tsuboyama_2023_1I6C_indels,20,ESM2 35M,Test R2,0.657938439029261
indels,PIN1_HUMAN_Tsuboyama_2023_1I6C_indels,20,ESM2 650M,Test R2,0.7212895067855939
indels,PIN1_HUMAN_Tsuboyama_2023_1I6C_indels,20,ESM2 8M,Test R2,0.4728202460039189
indels,PIN1_HUMAN_Tsuboyama_2023_1I6C_indels,40,ESM2 150M,Test R2,0.8360615051437327
indels,PIN1_HUMAN_Tsuboyama_2023_1I6C_indels,40,ESM2 35M,Test R2,0.7585347099136663
indels,PIN1_HUMAN_Tsuboyama_2023_1I6C_indels,40,ESM2 650M,Test R2,0.7922473471894496
indels,PIN1_HUMAN_Tsuboyama_2023_1I6C_indels,40,ESM2 8M,Test R2,0.6074740207220851
indels,PIN1_HUMAN_Tsuboyama_2023_1I6C_indels,60,ESM2 150M,Test R2,0.8385985191543235
indels,PIN1_HUMAN_Tsuboyama_2023_1I6C_indels,60,ESM2 35M,Test R2,0.7907360810386195
indels,PIN1_HUMAN_Tsuboyama_2023_1I6C_indels,60,ESM2 650M,Test R2,0.8162773870815482
indels,PIN1_HUMAN_Tsuboyama_2023_1I6C_indels,60,ESM2 8M,Test R2,0.694277297657874
indels,PIN1_HUMAN_Tsuboyama_2023_1I6C_indels,80,ESM2 150M,Test R2,0.8509746391724852
indels,PIN1_HUMAN_Tsuboyama_2023_1I6C_indels,80,ESM2 35M,Test R2,0.8118930248262615
indels,PIN1_HUMAN_Tsuboyama_2023_1I6C_indels,80,ESM2 650M,Test R2,0.8374345158167035
indels,PIN1_HUMAN_Tsuboyama_2023_1I6C_indels,80,ESM2 8M,Test R2,0.6841347766756161
indels,PKN1_HUMAN_Tsuboyama_2023_1URF_indels,20,ESM2 150M,Test R2,0.7976975677632023
indels,PKN1_HUMAN_Tsuboyama_2023_1URF_indels,20,ESM2 35M,Test R2,0.7179839400335629
indels,PKN1_HUMAN_Tsuboyama_2023_1URF_indels,20,ESM2 650M,Test R2,0.7886841831233147
indels,PKN1_HUMAN_Tsuboyama_2023_1URF_indels,20,ESM2 8M,Test R2,0.7510500057611083
indels,PKN1_HUMAN_Tsuboyama_2023_1URF_indels,40,ESM2 150M,Test R2,0.8465304721464253
indels,PKN1_HUMAN_Tsuboyama_2023_1URF_indels,40,ESM2 35M,Test R2,0.7941225062923412
indels,PKN1_HUMAN_Tsuboyama_2023_1URF_indels,40,ESM2 650M,Test R2,0.8039450810719264
indels,PKN1_HUMAN_Tsuboyama_2023_1URF_indels,40,ESM2 8M,Test R2,0.8076244502474923
indels,PKN1_HUMAN_Tsuboyama_2023_1URF_indels,60,ESM2 150M,Test R2,0.8706259412216039
indels,PKN1_HUMAN_Tsuboyama_2023_1URF_indels,60,ESM2 35M,Test R2,0.8669783175079372
indels,PKN1_HUMAN_Tsuboyama_2023_1URF_indels,60,ESM2 650M,Test R2,0.8323271939341101
indels,PKN1_HUMAN_Tsuboyama_2023_1URF_indels,60,ESM2 8M,Test R2,0.8300689993205758
indels,PKN1_HUMAN_Tsuboyama_2023_1URF_indels,80,ESM2 150M,Test R2,0.8817498622916629
indels,PKN1_HUMAN_Tsuboyama_2023_1URF_indels,80,ESM2 35M,Test R2,0.8836241122260328
indels,PKN1_HUMAN_Tsuboyama_2023_1URF_indels,80,ESM2 650M,Test R2,0.8466079529316944
indels,PKN1_HUMAN_Tsuboyama_2023_1URF_indels,80,ESM2 8M,Test R2,0.8689720402060562
indels,POLG_PESV_Tsuboyama_2023_2MXD_indels,20,ESM2 150M,Test R2,0.14608237076286099
indels,POLG_PESV_Tsuboyama_2023_2MXD_indels,20,ESM2 35M,Test R2,0.12904590956772805
indels,POLG_PESV_Tsuboyama_2023_2MXD_indels,20,ESM2 650M,Test R2,0.24994670908790959
indels,POLG_PESV_Tsuboyama_2023_2MXD_indels,20,ESM2 8M,Test R2,0.1145236306291523
indels,POLG_PESV_Tsuboyama_2023_2MXD_indels,40,ESM2 150M,Test R2,0.3506846305447636
indels,POLG_PESV_Tsuboyama_2023_2MXD_indels,40,ESM2 35M,Test R2,0.4984157007915792
indels,POLG_PESV_Tsuboyama_2023_2MXD_indels,40,ESM2 650M,Test R2,0.4693888296283893
indels,POLG_PESV_Tsuboyama_2023_2MXD_indels,40,ESM2 8M,Test R2,0.3305560006233922
indels,POLG_PESV_Tsuboyama_2023_2MXD_indels,60,ESM2 150M,Test R2,0.5170029403661041
indels,POLG_PESV_Tsuboyama_2023_2MXD_indels,60,ESM2 35M,Test R2,0.6065492639840133
indels,POLG_PESV_Tsuboyama_2023_2MXD_indels,60,ESM2 650M,Test R2,0.6026801320564052
indels,POLG_PESV_Tsuboyama_2023_2MXD_indels,60,ESM2 8M,Test R2,0.46244783478796386
indels,POLG_PESV_Tsuboyama_2023_2MXD_indels,80,ESM2 150M,Test R2,0.5911725514217931
indels,POLG_PESV_Tsuboyama_2023_2MXD_indels,80,ESM2 35M,Test R2,0.6905215014763176
indels,POLG_PESV_Tsuboyama_2023_2MXD_indels,80,ESM2 650M,Test R2,0.6592623319709306
indels,POLG_PESV_Tsuboyama_2023_2MXD_indels,80,ESM2 8M,Test R2,0.5984907207400576
indels,RD23A_HUMAN_Tsuboyama_2023_1IFY_indels,20,ESM2 150M,Test R2,0.5189531743297643
indels,RD23A_HUMAN_Tsuboyama_2023_1IFY_indels,20,ESM2 35M,Test R2,0.7176733299289316
indels,RD23A_HUMAN_Tsuboyama_2023_1IFY_indels,20,ESM2 650M,Test R2,0.713895846180351
indels,RD23A_HUMAN_Tsuboyama_2023_1IFY_indels,20,ESM2 8M,Test R2,0.39322344913810464
indels,RD23A_HUMAN_Tsuboyama_2023_1IFY_indels,40,ESM2 150M,Test R2,0.7623261381290868
indels,RD23A_HUMAN_Tsuboyama_2023_1IFY_indels,40,ESM2 35M,Test R2,0.8328196904219943
indels,RD23A_HUMAN_Tsuboyama_2023_1IFY_indels,40,ESM2 650M,Test R2,0.7901882887284453
indels,RD23A_HUMAN_Tsuboyama_2023_1IFY_indels,40,ESM2 8M,Test R2,0.644107802631291
indels,RD23A_HUMAN_Tsuboyama_2023_1IFY_indels,60,ESM2 150M,Test R2,0.8259627642569903
indels,RD23A_HUMAN_Tsuboyama_2023_1IFY_indels,60,ESM2 35M,Test R2,0.8484641282238649
indels,RD23A_HUMAN_Tsuboyama_2023_1IFY_indels,60,ESM2 650M,Test R2,0.8228740886802838
indels,RD23A_HUMAN_Tsuboyama_2023_1IFY_indels,60,ESM2 8M,Test R2,0.6955395880180476
indels,RD23A_HUMAN_Tsuboyama_2023_1IFY_indels,80,ESM2 150M,Test R2,0.8764700316670341
indels,RD23A_HUMAN_Tsuboyama_2023_1IFY_indels,80,ESM2 35M,Test R2,0.8931662769522873
indels,RD23A_HUMAN_Tsuboyama_2023_1IFY_indels,80,ESM2 650M,Test R2,0.8878881175506071
indels,RD23A_HUMAN_Tsuboyama_2023_1IFY_indels,80,ESM2 8M,Test R2,0.7796655454158454
indels,RPC1_BP434_Tsuboyama_2023_1R69_indels,20,ESM2 150M,Test R2,0.39712062532108233
indels,RPC1_BP434_Tsuboyama_2023_1R69_indels,20,ESM2 35M,Test R2,0.3651535232924642
indels,RPC1_BP434_Tsuboyama_2023_1R69_indels,20,ESM2 650M,Test R2,0.3203725669628888
indels,RPC1_BP434_Tsuboyama_2023_1R69_indels,20,ESM2 8M,Test R2,0.11436041426791996
indels,RPC1_BP434_Tsuboyama_2023_1R69_indels,40,ESM2 150M,Test R2,0.4699385251159612
indels,RPC1_BP434_Tsuboyama_2023_1R69_indels,40,ESM2 35M,Test R2,0.38563259158408386
indels,RPC1_BP434_Tsuboyama_2023_1R69_indels,40,ESM2 650M,Test R2,0.5052891381629633
indels,RPC1_BP434_Tsuboyama_2023_1R69_indels,40,ESM2 8M,Test R2,0.4137146384916801
indels,RPC1_BP434_Tsuboyama_2023_1R69_indels,60,ESM2 150M,Test R2,0.501645963836377
indels,RPC1_BP434_Tsuboyama_2023_1R69_indels,60,ESM2 35M,Test R2,0.41815943570122416
indels,RPC1_BP434_Tsuboyama_2023_1R69_indels,60,ESM2 650M,Test R2,0.481170852225045
indels,RPC1_BP434_Tsuboyama_2023_1R69_indels,60,ESM2 8M,Test R2,0.4519874369424075
indels,RPC1_BP434_Tsuboyama_2023_1R69_indels,80,ESM2 150M,Test R2,0.527038835957937
indels,RPC1_BP434_Tsuboyama_2023_1R69_indels,80,ESM2 35M,Test R2,0.47450448244217114
indels,RPC1_BP434_Tsuboyama_2023_1R69_indels,80,ESM2 650M,Test R2,0.4523601156718634
indels,RPC1_BP434_Tsuboyama_2023_1R69_indels,80,ESM2 8M,Test R2,0.4813200626446286
indels,SDA_BACSU_Tsuboyama_2023_1PV0_indels,20,ESM2 150M,Test R2,0.5563439842652753
indels,SDA_BACSU_Tsuboyama_2023_1PV0_indels,20,ESM2 35M,Test R2,0.28424485818223305
indels,SDA_BACSU_Tsuboyama_2023_1PV0_indels,20,ESM2 650M,Test R2,0.7081100636844495
indels,SDA_BACSU_Tsuboyama_2023_1PV0_indels,20,ESM2 8M,Test R2,0.26907926889268097
indels,SDA_BACSU_Tsuboyama_2023_1PV0_indels,40,ESM2 150M,Test R2,0.7377970416566669
indels,SDA_BACSU_Tsuboyama_2023_1PV0_indels,40,ESM2 35M,Test R2,0.40555479116343607
indels,SDA_BACSU_Tsuboyama_2023_1PV0_indels,40,ESM2 650M,Test R2,0.8121134935892049
indels,SDA_BACSU_Tsuboyama_2023_1PV0_indels,40,ESM2 8M,Test R2,0.5230565580570223
indels,SDA_BACSU_Tsuboyama_2023_1PV0_indels,60,ESM2 150M,Test R2,0.8018626041589207
indels,SDA_BACSU_Tsuboyama_2023_1PV0_indels,60,ESM2 35M,Test R2,0.57841829598181
indels,SDA_BACSU_Tsuboyama_2023_1PV0_indels,60,ESM2 650M,Test R2,0.8675287306667254
indels,SDA_BACSU_Tsuboyama_2023_1PV0_indels,60,ESM2 8M,Test R2,0.6508603570715279
indels,SDA_BACSU_Tsuboyama_2023_1PV0_indels,80,ESM2 150M,Test R2,0.8452967576560162
indels,SDA_BACSU_Tsuboyama_2023_1PV0_indels,80,ESM2 35M,Test R2,0.5650707635126107
indels,SDA_BACSU_Tsuboyama_2023_1PV0_indels,80,ESM2 650M,Test R2,0.8879986846932001
indels,SDA_BACSU_Tsuboyama_2023_1PV0_indels,80,ESM2 8M,Test R2,0.6639855295964439
indels,SQSTM_MOUSE_Tsuboyama_2023_2RRU_indels,20,ESM2 150M,Test R2,0.3719838150810607
indels,SQSTM_MOUSE_Tsuboyama_2023_2RRU_indels,20,ESM2 35M,Test R2,0.2627277209301043
indels,SQSTM_MOUSE_Tsuboyama_2023_2RRU_indels,20,ESM2 650M,Test R2,0.34734136679242544
indels,SQSTM_MOUSE_Tsuboyama_2023_2RRU_indels,20,ESM2 8M,Test R2,0.1530461365407386
indels,SQSTM_MOUSE_Tsuboyama_2023_2RRU_indels,40,ESM2 150M,Test R2,0.4701314850241712
indels,SQSTM_MOUSE_Tsuboyama_2023_2RRU_indels,40,ESM2 35M,Test R2,0.5492193027756982
indels,SQSTM_MOUSE_Tsuboyama_2023_2RRU_indels,40,ESM2 650M,Test R2,0.5185343017166593
indels,SQSTM_MOUSE_Tsuboyama_2023_2RRU_indels,40,ESM2 8M,Test R2,0.37201866161548525
indels,SQSTM_MOUSE_Tsuboyama_2023_2RRU_indels,60,ESM2 150M,Test R2,0.6771152403923028
indels,SQSTM_MOUSE_Tsuboyama_2023_2RRU_indels,60,ESM2 35M,Test R2,0.6579397811273124
indels,SQSTM_MOUSE_Tsuboyama_2023_2RRU_indels,60,ESM2 650M,Test R2,0.6672050665383188
indels,SQSTM_MOUSE_Tsuboyama_2023_2RRU_indels,60,ESM2 8M,Test R2,0.563824837137014
indels,SQSTM_MOUSE_Tsuboyama_2023_2RRU_indels,80,ESM2 150M,Test R2,0.7112552248797288
indels,SQSTM_MOUSE_Tsuboyama_2023_2RRU_indels,80,ESM2 35M,Test R2,0.7184325483419521
indels,SQSTM_MOUSE_Tsuboyama_2023_2RRU_indels,80,ESM2 650M,Test R2,0.7080120467606973
indels,SQSTM_MOUSE_Tsuboyama_2023_2RRU_indels,80,ESM2 8M,Test R2,0.6047282806916723
indels,VG08_BPP22_Tsuboyama_2023_2GP8_indels,20,ESM2 150M,Test R2,0.6588492532729321
indels,VG08_BPP22_Tsuboyama_2023_2GP8_indels,20,ESM2 35M,Test R2,0.6707738740092369
indels,VG08_BPP22_Tsuboyama_2023_2GP8_indels,20,ESM2 650M,Test R2,0.6972951900458785
indels,VG08_BPP22_Tsuboyama_2023_2GP8_indels,20,ESM2 8M,Test R2,0.6733072984438848
indels,VG08_BPP22_Tsuboyama_2023_2GP8_indels,40,ESM2 150M,Test R2,0.7562337663041094
indels,VG08_BPP22_Tsuboyama_2023_2GP8_indels,40,ESM2 35M,Test R2,0.747092789159029
indels,VG08_BPP22_Tsuboyama_2023_2GP8_indels,40,ESM2 650M,Test R2,0.7652007236840785
indels,VG08_BPP22_Tsuboyama_2023_2GP8_indels,40,ESM2 8M,Test R2,0.7223620282718858
indels,VG08_BPP22_Tsuboyama_2023_2GP8_indels,60,ESM2 150M,Test R2,0.7897898671179796
indels,VG08_BPP22_Tsuboyama_2023_2GP8_indels,60,ESM2 35M,Test R2,0.742372800665857
indels,VG08_BPP22_Tsuboyama_2023_2GP8_indels,60,ESM2 650M,Test R2,0.7913268509070756
indels,VG08_BPP22_Tsuboyama_2023_2GP8_indels,60,ESM2 8M,Test R2,0.7732416183586448
indels,VG08_BPP22_Tsuboyama_2023_2GP8_indels,80,ESM2 150M,Test R2,0.8073994862278754
indels,VG08_BPP22_Tsuboyama_2023_2GP8_indels,80,ESM2 35M,Test R2,0.800065718572584
indels,VG08_BPP22_Tsuboyama_2023_2GP8_indels,80,ESM2 650M,Test R2,0.8189547945854123
indels,VG08_BPP22_Tsuboyama_2023_2GP8_indels,80,ESM2 8M,Test R2,0.7850290320276031
indels,YNZC_BACSU_Tsuboyama_2023_2JVD_indels,20,ESM2 150M,Test R2,0.7447391699858992
indels,YNZC_BACSU_Tsuboyama_2023_2JVD_indels,20,ESM2 35M,Test R2,0.5433638095897603
indels,YNZC_BACSU_Tsuboyama_2023_2JVD_indels,20,ESM2 650M,Test R2,0.7619341966593042
indels,YNZC_BACSU_Tsuboyama_2023_2JVD_indels,20,ESM2 8M,Test R2,0.4675687338696215
indels,YNZC_BACSU_Tsuboyama_2023_2JVD_indels,40,ESM2 150M,Test R2,0.7859015501251545
indels,YNZC_BACSU_Tsuboyama_2023_2JVD_indels,40,ESM2 35M,Test R2,0.7309276310147356
indels,YNZC_BACSU_Tsuboyama_2023_2JVD_indels,40,ESM2 650M,Test R2,0.8234711922307788
indels,YNZC_BACSU_Tsuboyama_2023_2JVD_indels,40,ESM2 8M,Test R2,0.6663598942795791
indels,YNZC_BACSU_Tsuboyama_2023_2JVD_indels,60,ESM2 150M,Test R2,0.83142655386784
indels,YNZC_BACSU_Tsuboyama_2023_2JVD_indels,60,ESM2 35M,Test R2,0.7673820255654324
indels,YNZC_BACSU_Tsuboyama_2023_2JVD_indels,60,ESM2 650M,Test R2,0.883384605086448
indels,YNZC_BACSU_Tsuboyama_2023_2JVD_indels,60,ESM2 8M,Test R2,0.7196872699167659
indels,YNZC_BACSU_Tsuboyama_2023_2JVD_indels,80,ESM2 150M,Test R2,0.8645489084767126
indels,YNZC_BACSU_Tsuboyama_2023_2JVD_indels,80,ESM2 35M,Test R2,0.8105820123843437
indels,YNZC_BACSU_Tsuboyama_2023_2JVD_indels,80,ESM2 650M,Test R2,0.9039386459496512
indels,YNZC_BACSU_Tsuboyama_2023_2JVD_indels,80,ESM2 8M,Test R2,0.7508397164792375
peptides,EC_all_40,20,ESM2 150M,Test R2,-0.1351305092533674
peptides,EC_all_40,20,ESM2 35M,Test R2,-0.22251763633139507
peptides,EC_all_40,20,ESM2 650M,Test R2,-0.21259227487772453
peptides,EC_all_40,20,ESM2 8M,Test R2,-0.18443188403040714
peptides,EC_all_40,50,ESM2 150M,Test R2,-0.13641247691061079
peptides,EC_all_40,50,ESM2 35M,Test R2,0.06468672943797424
peptides,EC_all_40,50,ESM2 650M,Test R2,-0.06359702618039315
peptides,EC_all_40,50,ESM2 8M,Test R2,0.0184855438300617
peptides,EC_all_40,75,ESM2 150M,Test R2,0.002049441192151713
peptides,EC_all_40,75,ESM2 35M,Test R2,0.0387613442269555
peptides,EC_all_40,75,ESM2 650M,Test R2,-0.0027032730351978897
peptides,EC_all_40,75,ESM2 8M,Test R2,0.03732477725557182
peptides,EC_all_40,100,ESM2 150M,Test R2,0.06579636347566403
peptides,EC_all_40,100,ESM2 35M,Test R2,0.08497892696235401
peptides,EC_all_40,100,ESM2 650M,Test R2,0.11320110287139676
peptides,EC_all_40,100,ESM2 8M,Test R2,0.08729070134597401
peptides,EC_all_40,200,ESM2 150M,Test R2,0.13035132993233273
peptides,EC_all_40,200,ESM2 35M,Test R2,0.13253271473043063
peptides,EC_all_40,200,ESM2 650M,Test R2,0.13611539796715205
peptides,EC_all_40,200,ESM2 8M,Test R2,0.15801082175747078
peptides,EC_all_40,350,ESM2 150M,Test R2,0.18561997977151612
peptides,EC_all_40,350,ESM2 35M,Test R2,0.18707859148743294
peptides,EC_all_40,350,ESM2 650M,Test R2,0.19306572006376982
peptides,EC_all_40,350,ESM2 8M,Test R2,0.20899133225661765
peptides,EC_all_40,500,ESM2 150M,Test R2,0.2049395454563757
peptides,EC_all_40,500,ESM2 35M,Test R2,0.2134855118322206
peptides,EC_all_40,500,ESM2 650M,Test R2,0.21321696792303654
peptides,EC_all_40,500,ESM2 8M,Test R2,0.22262413523764443
peptides,PA_all_40,20,ESM2 150M,Test R2,-0.09875151155581799
peptides,PA_all_40,20,ESM2 35M,Test R2,-0.1085390202801291
peptides,PA_all_40,20,ESM2 650M,Test R2,-0.13321841649462846
peptides,PA_all_40,20,ESM2 8M,Test R2,-0.09136757275456715
peptides,PA_all_40,50,ESM2 150M,Test R2,-0.10207834103436686
peptides,PA_all_40,50,ESM2 35M,Test R2,-0.16090909730139652
peptides,PA_all_40,50,ESM2 650M,Test R2,-0.11724955093545755
peptides,PA_all_40,50,ESM2 8M,Test R2,-0.10186704202584171
peptides,PA_all_40,75,ESM2 150M,Test R2,-0.013499310594209918
peptides,PA_all_40,75,ESM2 35M,Test R2,-0.05945936144464823
peptides,PA_all_40,75,ESM2 650M,Test R2,-0.03754646963448391
peptides,PA_all_40,75,ESM2 8M,Test R2,-0.0014628127422862708
peptides,PA_all_40,100,ESM2 150M,Test R2,-0.010674268666927838
peptides,PA_all_40,100,ESM2 35M,Test R2,-0.00822456957522467
peptides,PA_all_40,100,ESM2 650M,Test R2,-0.01022589017071478
peptides,PA_all_40,100,ESM2 8M,Test R2,0.008591101729899306
peptides,PA_all_40,200,ESM2 150M,Test R2,0.08123911358189354
peptides,PA_all_40,200,ESM2 35M,Test R2,0.08307565246635082
peptides,PA_all_40,200,ESM2 650M,Test R2,0.08038526027406613
peptides,PA_all_40,200,ESM2 8M,Test R2,0.10328225901761352
peptides,PA_all_40,350,ESM2 150M,Test R2,0.1627011722494012
peptides,PA_all_40,350,ESM2 35M,Test R2,0.16522195805785292
peptides,PA_all_40,350,ESM2 650M,Test R2,0.1562281499301757
peptides,PA_all_40,350,ESM2 8M,Test R2,0.1827999462448347
peptides,PA_all_40,500,ESM2 150M,Test R2,0.19501663445095002
peptides,PA_all_40,500,ESM2 35M,Test R2,0.1953416361579736
peptides,PA_all_40,500,ESM2 650M,Test R2,0.19678380563758666
peptides,PA_all_40,500,ESM2 8M,Test R2,0.20309556086345207
peptides,SA_all_40,20,ESM2 150M,Test R2,-0.3225143195008148
peptides,SA_all_40,20,ESM2 35M,Test R2,-0.4089529104318682
peptides,SA_all_40,20,ESM2 650M,Test R2,-0.4586084196717205
peptides,SA_all_40,20,ESM2 8M,Test R2,-0.40204854260118095
peptides,SA_all_40,50,ESM2 150M,Test R2,-0.20565175589442658
peptides,SA_all_40,50,ESM2 35M,Test R2,-0.21108979847269516
peptides,SA_all_40,50,ESM2 650M,Test R2,-0.2435351560574226
peptides,SA_all_40,50,ESM2 8M,Test R2,-0.1922812812776387
peptides,SA_all_40,75,ESM2 150M,Test R2,-0.07533712487825417
peptides,SA_all_40,75,ESM2 35M,Test R2,-0.1321274803611138
peptides,SA_all_40,75,ESM2 650M,Test R2,-0.11526214037198201
peptides,SA_all_40,75,ESM2 8M,Test R2,-0.11416423883464866
peptides,SA_all_40,100,ESM2 150M,Test R2,-0.04892779319831166
peptides,SA_all_40,100,ESM2 35M,Test R2,-0.08011022504436549
peptides,SA_all_40,100,ESM2 650M,Test R2,-0.03411135620929494
peptides,SA_all_40,100,ESM2 8M,Test R2,-0.06017748312688851
peptides,SA_all_40,200,ESM2 150M,Test R2,0.03023227372027601
peptides,SA_all_40,200,ESM2 35M,Test R2,0.02563725626915201
peptides,SA_all_40,200,ESM2 650M,Test R2,0.028438264453675248
peptides,SA_all_40,200,ESM2 8M,Test R2,0.02781728576687319
peptides,SA_all_40,350,ESM2 150M,Test R2,0.06083148251244449
peptides,SA_all_40,350,ESM2 35M,Test R2,0.05460080243877069
peptides,SA_all_40,350,ESM2 650M,Test R2,0.07195602224475081
peptides,SA_all_40,350,ESM2 8M,Test R2,0.03974255414855022
peptides,SA_all_40,500,ESM2 150M,Test R2,0.11228128467265094
peptides,SA_all_40,500,ESM2 35M,Test R2,0.09451785144422589
peptides,SA_all_40,500,ESM2 650M,Test R2,0.11474421067647286
peptides,SA_all_40,500,ESM2 8M,Test R2,0.09939785300191332
peptides,hemopi2_all,20,ESM2 150M,Test R2,-0.060884671230834284
peptides,hemopi2_all,20,ESM2 35M,Test R2,-0.06608378994548966
peptides,hemopi2_all,20,ESM2 650M,Test R2,-0.0275222851929095
peptides,hemopi2_all,20,ESM2 8M,Test R2,-0.05012206198619853
peptides,hemopi2_all,50,ESM2 150M,Test R2,-0.009095150625837352
peptides,hemopi2_all,50,ESM2 35M,Test R2,-0.015112555611599238
peptides,hemopi2_all,50,ESM2 650M,Test R2,-0.01020990338455612
peptides,hemopi2_all,50,ESM2 8M,Test R2,-0.01595465036656818
peptides,hemopi2_all,75,ESM2 150M,Test R2,0.02029741813066929
peptides,hemopi2_all,75,ESM2 35M,Test R2,0.02769820762271884
peptides,hemopi2_all,75,ESM2 650M,Test R2,0.04073161354927568
peptides,hemopi2_all,75,ESM2 8M,Test R2,0.04384111164636098
peptides,hemopi2_all,100,ESM2 150M,Test R2,0.06208524988464377
peptides,hemopi2_all,100,ESM2 35M,Test R2,0.06664254852935957
peptides,hemopi2_all,100,ESM2 650M,Test R2,0.07430537681345398
peptides,hemopi2_all,100,ESM2 8M,Test R2,0.062348839457624594
peptides,hemopi2_all,200,ESM2 150M,Test R2,0.12795264100173145
peptides,hemopi2_all,200,ESM2 35M,Test R2,0.1117544208612495
peptides,hemopi2_all,200,ESM2 650M,Test R2,0.17383367500451521
peptides,hemopi2_all,200,ESM2 8M,Test R2,0.15864254452759727
peptides,hemopi2_all,350,ESM2 150M,Test R2,0.18466567530056113
peptides,hemopi2_all,350,ESM2 35M,Test R2,0.1854026715511141
peptides,hemopi2_all,350,ESM2 650M,Test R2,0.2461133099537703
peptides,hemopi2_all,350,ESM2 8M,Test R2,0.22852869087023792
peptides,hemopi2_all,500,ESM2 150M,Test R2,0.23848993045974326
peptides,hemopi2_all,500,ESM2 35M,Test R2,0.2360943984439706
peptides,hemopi2_all,500,ESM2 650M,Test R2,0.2909210932312169
peptides,hemopi2_all,500,ESM2 8M,Test R2,0.26699788828169
substitutions,A0A247D711_LISMN_Stadelmann_2021,20,ESM2 150M,Test R2,-0.057109516335014154
substitutions,A0A247D711_LISMN_Stadelmann_2021,20,ESM2 35M,Test R2,-0.02439836301936846
substitutions,A0A247D711_LISMN_Stadelmann_2021,20,ESM2 650M,Test R2,-0.06510475043352086
substitutions,A0A247D711_LISMN_Stadelmann_2021,20,ESM2 8M,Test R2,-0.11095140663692087
substitutions,A0A247D711_LISMN_Stadelmann_2021,50,ESM2 150M,Test R2,-0.07701503634294647
substitutions,A0A247D711_LISMN_Stadelmann_2021,50,ESM2 35M,Test R2,0.03888124772362257
substitutions,A0A247D711_LISMN_Stadelmann_2021,50,ESM2 650M,Test R2,0.020673150165432863
substitutions,A0A247D711_LISMN_Stadelmann_2021,50,ESM2 8M,Test R2,0.021718409821057116
substitutions,A0A247D711_LISMN_Stadelmann_2021,75,ESM2 150M,Test R2,0.10356788429624726
substitutions,A0A247D711_LISMN_Stadelmann_2021,75,ESM2 35M,Test R2,0.08698114698103282
substitutions,A0A247D711_LISMN_Stadelmann_2021,75,ESM2 650M,Test R2,0.09311169291310262
substitutions,A0A247D711_LISMN_Stadelmann_2021,75,ESM2 8M,Test R2,0.07457357977291164
substitutions,A0A247D711_LISMN_Stadelmann_2021,100,ESM2 150M,Test R2,0.14452244777959283
substitutions,A0A247D711_LISMN_Stadelmann_2021,100,ESM2 35M,Test R2,0.12552516435050415
substitutions,A0A247D711_LISMN_Stadelmann_2021,100,ESM2 650M,Test R2,0.13210905465394268
substitutions,A0A247D711_LISMN_Stadelmann_2021,100,ESM2 8M,Test R2,0.1256384802339928
substitutions,A0A247D711_LISMN_Stadelmann_2021,200,ESM2 150M,Test R2,0.2309802326541225
substitutions,A0A247D711_LISMN_Stadelmann_2021,200,ESM2 35M,Test R2,0.222943205246411
substitutions,A0A247D711_LISMN_Stadelmann_2021,200,ESM2 650M,Test R2,0.21710392352235885
substitutions,A0A247D711_LISMN_Stadelmann_2021,200,ESM2 8M,Test R2,0.22904244906481036
substitutions,A0A247D711_LISMN_Stadelmann_2021,350,ESM2 150M,Test R2,0.31826092718346305
substitutions,A0A247D711_LISMN_Stadelmann_2021,350,ESM2 35M,Test R2,0.31407054638885634
substitutions,A0A247D711_LISMN_Stadelmann_2021,350,ESM2 650M,Test R2,0.3112670255440136
substitutions,A0A247D711_LISMN_Stadelmann_2021,350,ESM2 8M,Test R2,0.3164468463671143
substitutions,A0A247D711_LISMN_Stadelmann_2021,500,ESM2 150M,Test R2,0.36462821188951555
substitutions,A0A247D711_LISMN_Stadelmann_2021,500,ESM2 35M,Test R2,0.3633411086655049
substitutions,A0A247D711_LISMN_Stadelmann_2021,500,ESM2 650M,Test R2,0.35807540984715625
substitutions,A0A247D711_LISMN_Stadelmann_2021,500,ESM2 8M,Test R2,0.3662924068190553
substitutions,DN7A_SACS2_Tsuboyama_2023_1JIC,20,ESM2 150M,Test R2,-0.11027585058620386
substitutions,DN7A_SACS2_Tsuboyama_2023_1JIC,20,ESM2 35M,Test R2,0.021771932759125773
substitutions,DN7A_SACS2_Tsuboyama_2023_1JIC,20,ESM2 650M,Test R2,0.15462531458817014
substitutions,DN7A_SACS2_Tsuboyama_2023_1JIC,20,ESM2 8M,Test R2,-0.11677955356282546
substitutions,DN7A_SACS2_Tsuboyama_2023_1JIC,50,ESM2 150M,Test R2,0.16078066495993143
substitutions,DN7A_SACS2_Tsuboyama_2023_1JIC,50,ESM2 35M,Test R2,0.2996895952671134
substitutions,DN7A_SACS2_Tsuboyama_2023_1JIC,50,ESM2 650M,Test R2,0.3805393735195544
substitutions,DN7A_SACS2_Tsuboyama_2023_1JIC,50,ESM2 8M,Test R2,0.1394162953410357
substitutions,DN7A_SACS2_Tsuboyama_2023_1JIC,75,ESM2 150M,Test R2,0.20294747879369393
substitutions,DN7A_SACS2_Tsuboyama_2023_1JIC,75,ESM2 35M,Test R2,0.35997010215040115
substitutions,DN7A_SACS2_Tsuboyama_2023_1JIC,75,ESM2 650M,Test R2,0.4382025330816962
substitutions,DN7A_SACS2_Tsuboyama_2023_1JIC,75,ESM2 8M,Test R2,0.19134920547289375
substitutions,DN7A_SACS2_Tsuboyama_2023_1JIC,100,ESM2 150M,Test R2,0.335337554172766
substitutions,DN7A_SACS2_Tsuboyama_2023_1JIC,100,ESM2 35M,Test R2,0.4528988996244525
substitutions,DN7A_SACS2_Tsuboyama_2023_1JIC,100,ESM2 650M,Test R2,0.5432670898767707
substitutions,DN7A_SACS2_Tsuboyama_2023_1JIC,100,ESM2 8M,Test R2,0.3047697956187102
substitutions,DN7A_SACS2_Tsuboyama_2023_1JIC,200,ESM2 150M,Test R2,0.5159583812158622
substitutions,DN7A_SACS2_Tsuboyama_2023_1JIC,200,ESM2 35M,Test R2,0.6138821978947019
substitutions,DN7A_SACS2_Tsuboyama_2023_1JIC,200,ESM2 650M,Test R2,0.6789762888912776
substitutions,DN7A_SACS2_Tsuboyama_2023_1JIC,200,ESM2 8M,Test R2,0.49930782718796285
substitutions,DN7A_SACS2_Tsuboyama_2023_1JIC,350,ESM2 150M,Test R2,0.6497374032019609
substitutions,DN7A_SACS2_Tsuboyama_2023_1JIC,350,ESM2 35M,Test R2,0.6990436452113397
substitutions,DN7A_SACS2_Tsuboyama_2023_1JIC,350,ESM2 650M,Test R2,0.7601614721803325
substitutions,DN7A_SACS2_Tsuboyama_2023_1JIC,350,ESM2 8M,Test R2,0.6058266974753684
substitutions,DN7A_SACS2_Tsuboyama_2023_1JIC,500,ESM2 150M,Test R2,0.7042031560361787
substitutions,DN7A_SACS2_Tsuboyama_2023_1JIC,500,ESM2 35M,Test R2,0.744877355658771
substitutions,DN7A_SACS2_Tsuboyama_2023_1JIC,500,ESM2 650M,Test R2,0.7981770381103003
substitutions,DN7A_SACS2_Tsuboyama_2023_1JIC,500,ESM2 8M,Test R2,0.6685946600124189
substitutions,ENVZ_ECOLI_Ghose_2023,20,ESM2 150M,Test R2,-0.18336521889159846
substitutions,ENVZ_ECOLI_Ghose_2023,20,ESM2 35M,Test R2,-0.1765719134538704
substitutions,ENVZ_ECOLI_Ghose_2023,20,ESM2 650M,Test R2,-0.13839032646042454
substitutions,ENVZ_ECOLI_Ghose_2023,20,ESM2 8M,Test R2,-0.20381220820297835
substitutions,ENVZ_ECOLI_Ghose_2023,50,ESM2 150M,Test R2,0.034440196907475365
substitutions,ENVZ_ECOLI_Ghose_2023,50,ESM2 35M,Test R2,-0.0012366346714227732
substitutions,ENVZ_ECOLI_Ghose_2023,50,ESM2 650M,Test R2,0.04245597580017747
substitutions,ENVZ_ECOLI_Ghose_2023,50,ESM2 8M,Test R2,0.07735971300850811
substitutions,ENVZ_ECOLI_Ghose_2023,75,ESM2 150M,Test R2,0.09227396667807464
substitutions,ENVZ_ECOLI_Ghose_2023,75,ESM2 35M,Test R2,0.06722822953211664
substitutions,ENVZ_ECOLI_Ghose_2023,75,ESM2 650M,Test R2,0.10580949934040669
substitutions,ENVZ_ECOLI_Ghose_2023,75,ESM2 8M,Test R2,0.11726952584883063
substitutions,ENVZ_ECOLI_Ghose_2023,100,ESM2 150M,Test R2,0.108134480988206
substitutions,ENVZ_ECOLI_Ghose_2023,100,ESM2 35M,Test R2,0.09737543523433141
substitutions,ENVZ_ECOLI_Ghose_2023,100,ESM2 650M,Test R2,0.1242198127018983
substitutions,ENVZ_ECOLI_Ghose_2023,100,ESM2 8M,Test R2,0.15633473252807203
substitutions,ENVZ_ECOLI_Ghose_2023,200,ESM2 150M,Test R2,0.17543809034661068
substitutions,ENVZ_ECOLI_Ghose_2023,200,ESM2 35M,Test R2,0.1932597550369754
substitutions,ENVZ_ECOLI_Ghose_2023,200,ESM2 650M,Test R2,0.19278764585614122
substitutions,ENVZ_ECOLI_Ghose_2023,200,ESM2 8M,Test R2,0.21438040914815465
substitutions,ENVZ_ECOLI_Ghose_2023,350,ESM2 150M,Test R2,0.24750060437656507
substitutions,ENVZ_ECOLI_Ghose_2023,350,ESM2 35M,Test R2,0.23427458235162094
substitutions,ENVZ_ECOLI_Ghose_2023,350,ESM2 650M,Test R2,0.250414799507701
substitutions,ENVZ_ECOLI_Ghose_2023,350,ESM2 8M,Test R2,0.24603861665653987
substitutions,ENVZ_ECOLI_Ghose_2023,500,ESM2 150M,Test R2,0.29116117488957327
substitutions,ENVZ_ECOLI_Ghose_2023,500,ESM2 35M,Test R2,0.28294877067003077
substitutions,ENVZ_ECOLI_Ghose_2023,500,ESM2 650M,Test R2,0.2940246774962664
substitutions,ENVZ_ECOLI_Ghose_2023,500,ESM2 8M,Test R2,0.2878379806477735
substitutions,FKBP3_HUMAN_Tsuboyama_2023_2KFV,20,ESM2 150M,Test R2,-0.33880882623105446
substitutions,FKBP3_HUMAN_Tsuboyama_2023_2KFV,20,ESM2 35M,Test R2,-0.067078899768552
substitutions,FKBP3_HUMAN_Tsuboyama_2023_2KFV,20,ESM2 650M,Test R2,-0.1273477748264381
substitutions,FKBP3_HUMAN_Tsuboyama_2023_2KFV,20,ESM2 8M,Test R2,-0.05482220081417638
substitutions,FKBP3_HUMAN_Tsuboyama_2023_2KFV,50,ESM2 150M,Test R2,0.21036606988714945
substitutions,FKBP3_HUMAN_Tsuboyama_2023_2KFV,50,ESM2 35M,Test R2,0.19230542395553077
substitutions,FKBP3_HUMAN_Tsuboyama_2023_2KFV,50,ESM2 650M,Test R2,-0.0910032481012076
substitutions,FKBP3_HUMAN_Tsuboyama_2023_2KFV,50,ESM2 8M,Test R2,0.09293289363824278
substitutions,FKBP3_HUMAN_Tsuboyama_2023_2KFV,75,ESM2 150M,Test R2,0.30071522848361376
substitutions,FKBP3_HUMAN_Tsuboyama_2023_2KFV,75,ESM2 35M,Test R2,0.2679484387129732
substitutions,FKBP3_HUMAN_Tsuboyama_2023_2KFV,75,ESM2 650M,Test R2,0.03183103257805144
substitutions,FKBP3_HUMAN_Tsuboyama_2023_2KFV,75,ESM2 8M,Test R2,0.2619150499339212
substitutions,FKBP3_HUMAN_Tsuboyama_2023_2KFV,100,ESM2 150M,Test R2,0.37013308784523813
substitutions,FKBP3_HUMAN_Tsuboyama_2023_2KFV,100,ESM2 35M,Test R2,0.3316803958497236
substitutions,FKBP3_HUMAN_Tsuboyama_2023_2KFV,100,ESM2 650M,Test R2,0.11841881963377945
substitutions,FKBP3_HUMAN_Tsuboyama_2023_2KFV,100,ESM2 8M,Test R2,0.33134313725938697
substitutions,FKBP3_HUMAN_Tsuboyama_2023_2KFV,200,ESM2 150M,Test R2,0.4723431588243409
substitutions,FKBP3_HUMAN_Tsuboyama_2023_2KFV,200,ESM2 35M,Test R2,0.43740164492172856
substitutions,FKBP3_HUMAN_Tsuboyama_2023_2KFV,200,ESM2 650M,Test R2,0.2816913137222704
substitutions,FKBP3_HUMAN_Tsuboyama_2023_2KFV,200,ESM2 8M,Test R2,0.4430424081731011
substitutions,FKBP3_HUMAN_Tsuboyama_2023_2KFV,350,ESM2 150M,Test R2,0.5538570793111514
substitutions,FKBP3_HUMAN_Tsuboyama_2023_2KFV,350,ESM2 35M,Test R2,0.51544847363866
substitutions,FKBP3_HUMAN_Tsuboyama_2023_2KFV,350,ESM2 650M,Test R2,0.4170446314924205
substitutions,FKBP3_HUMAN_Tsuboyama_2023_2KFV,350,ESM2 8M,Test R2,0.5282528705897763
substitutions,FKBP3_HUMAN_Tsuboyama_2023_2KFV,500,ESM2 150M,Test R2,0.6022111154579532
substitutions,FKBP3_HUMAN_Tsuboyama_2023_2KFV,500,ESM2 35M,Test R2,0.5680122508603042
substitutions,FKBP3_HUMAN_Tsuboyama_2023_2KFV,500,ESM2 650M,Test R2,0.4822758813399549
substitutions,FKBP3_HUMAN_Tsuboyama_2023_2KFV,500,ESM2 8M,Test R2,0.5871918689536565
substitutions,MAFG_MOUSE_Tsuboyama_2023_1K1V,20,ESM2 150M,Test R2,0.37980700499869646
substitutions,MAFG_MOUSE_Tsuboyama_2023_1K1V,20,ESM2 35M,Test R2,0.2602789157636439
substitutions,MAFG_MOUSE_Tsuboyama_2023_1K1V,20,ESM2 650M,Test R2,0.24688556061684555
substitutions,MAFG_MOUSE_Tsuboyama_2023_1K1V,20,ESM2 8M,Test R2,0.15439799841013666
substitutions,MAFG_MOUSE_Tsuboyama_2023_1K1V,50,ESM2 150M,Test R2,0.591140594270092
substitutions,MAFG_MOUSE_Tsuboyama_2023_1K1V,50,ESM2 35M,Test R2,0.5773754988907969
substitutions,MAFG_MOUSE_Tsuboyama_2023_1K1V,50,ESM2 650M,Test R2,0.6018158710508028
substitutions,MAFG_MOUSE_Tsuboyama_2023_1K1V,50,ESM2 8M,Test R2,0.5196307410050962
substitutions,MAFG_MOUSE_Tsuboyama_2023_1K1V,75,ESM2 150M,Test R2,0.6565697013024983
substitutions,MAFG_MOUSE_Tsuboyama_2023_1K1V,75,ESM2 35M,Test R2,0.661245714951943
substitutions,MAFG_MOUSE_Tsuboyama_2023_1K1V,75,ESM2 650M,Test R2,0.6852991397777088
substitutions,MAFG_MOUSE_Tsuboyama_2023_1K1V,75,ESM2 8M,Test R2,0.5837470729095912
substitutions,MAFG_MOUSE_Tsuboyama_2023_1K1V,100,ESM2 150M,Test R2,0.7269060430600524
substitutions,MAFG_MOUSE_Tsuboyama_2023_1K1V,100,ESM2 35M,Test R2,0.7242559928861491
substitutions,MAFG_MOUSE_Tsuboyama_2023_1K1V,100,ESM2 650M,Test R2,0.7323703823282249
substitutions,MAFG_MOUSE_Tsuboyama_2023_1K1V,100,ESM2 8M,Test R2,0.6766214031591853
substitutions,MAFG_MOUSE_Tsuboyama_2023_1K1V,200,ESM2 150M,Test R2,0.7860813249149124
substitutions,MAFG_MOUSE_Tsuboyama_2023_1K1V,200,ESM2 35M,Test R2,0.7994300761979408
substitutions,MAFG_MOUSE_Tsuboyama_2023_1K1V,200,ESM2 650M,Test R2,0.7971837300447836
substitutions,MAFG_MOUSE_Tsuboyama_2023_1K1V,200,ESM2 8M,Test R2,0.7730262157269839
substitutions,MAFG_MOUSE_Tsuboyama_2023_1K1V,350,ESM2 150M,Test R2,0.8318916966559721
substitutions,MAFG_MOUSE_Tsuboyama_2023_1K1V,350,ESM2 35M,Test R2,0.8398604527778261
substitutions,MAFG_MOUSE_Tsuboyama_2023_1K1V,350,ESM2 650M,Test R2,0.8438208078215105
substitutions,MAFG_MOUSE_Tsuboyama_2023_1K1V,350,ESM2 8M,Test R2,0.8188216541094064
substitutions,MAFG_MOUSE_Tsuboyama_2023_1K1V,500,ESM2 150M,Test R2,0.8509489023028914
substitutions,MAFG_MOUSE_Tsuboyama_2023_1K1V,500,ESM2 35M,Test R2,0.8586572918244888
substitutions,MAFG_MOUSE_Tsuboyama_2023_1K1V,500,ESM2 650M,Test R2,0.8651145485868122
substitutions,MAFG_MOUSE_Tsuboyama_2023_1K1V,500,ESM2 8M,Test R2,0.835776146309728
substitutions,POLG_PESV_Tsuboyama_2023_2MXD,20,ESM2 150M,Test R2,0.16643549824370749
substitutions,POLG_PESV_Tsuboyama_2023_2MXD,20,ESM2 35M,Test R2,0.2512207093370041
substitutions,POLG_PESV_Tsuboyama_2023_2MXD,20,ESM2 650M,Test R2,0.23834668913436227
substitutions,POLG_PESV_Tsuboyama_2023_2MXD,20,ESM2 8M,Test R2,0.2044511959592085
substitutions,POLG_PESV_Tsuboyama_2023_2MXD,50,ESM2 150M,Test R2,0.4502132135323456
substitutions,POLG_PESV_Tsuboyama_2023_2MXD,50,ESM2 35M,Test R2,0.48961659190531404
substitutions,POLG_PESV_Tsuboyama_2023_2MXD,50,ESM2 650M,Test R2,0.5399534837488255
substitutions,POLG_PESV_Tsuboyama_2023_2MXD,50,ESM2 8M,Test R2,0.41139428559019775
substitutions,POLG_PESV_Tsuboyama_2023_2MXD,75,ESM2 150M,Test R2,0.5485180005589896
substitutions,POLG_PESV_Tsuboyama_2023_2MXD,75,ESM2 35M,Test R2,0.6039458445893952
substitutions,POLG_PESV_Tsuboyama_2023_2MXD,75,ESM2 650M,Test R2,0.6490800812606882
substitutions,POLG_PESV_Tsuboyama_2023_2MXD,75,ESM2 8M,Test R2,0.5804886448219502
substitutions,POLG_PESV_Tsuboyama_2023_2MXD,100,ESM2 150M,Test R2,0.5988878886553861
substitutions,POLG_PESV_Tsuboyama_2023_2MXD,100,ESM2 35M,Test R2,0.6662417264435199
substitutions,POLG_PESV_Tsuboyama_2023_2MXD,100,ESM2 650M,Test R2,0.6833370110771977
substitutions,POLG_PESV_Tsuboyama_2023_2MXD,100,ESM2 8M,Test R2,0.6153733449108236
substitutions,POLG_PESV_Tsuboyama_2023_2MXD,200,ESM2 150M,Test R2,0.7289579284681837
substitutions,POLG_PESV_Tsuboyama_2023_2MXD,200,ESM2 35M,Test R2,0.7419765870753725
substitutions,POLG_PESV_Tsuboyama_2023_2MXD,200,ESM2 650M,Test R2,0.7643891302067929
substitutions,POLG_PESV_Tsuboyama_2023_2MXD,200,ESM2 8M,Test R2,0.7151236441864153
substitutions,POLG_PESV_Tsuboyama_2023_2MXD,350,ESM2 150M,Test R2,0.7844990886130281
substitutions,POLG_PESV_Tsuboyama_2023_2MXD,350,ESM2 35M,Test R2,0.790821198525808
substitutions,POLG_PESV_Tsuboyama_2023_2MXD,350,ESM2 650M,Test R2,0.8174659013227303
substitutions,POLG_PESV_Tsuboyama_2023_2MXD,350,ESM2 8M,Test R2,0.7717726360173957
substitutions,POLG_PESV_Tsuboyama_2023_2MXD,500,ESM2 150M,Test R2,0.815895545867351
substitutions,POLG_PESV_Tsuboyama_2023_2MXD,500,ESM2 35M,Test R2,0.8232518241110902
substitutions,POLG_PESV_Tsuboyama_2023_2MXD,500,ESM2 650M,Test R2,0.8455705415792784
substitutions,POLG_PESV_Tsuboyama_2023_2MXD,500,ESM2 8M,Test R2,0.8058907826186846
substitutions,SBI_STAAM_Tsuboyama_2023_2JVG,20,ESM2 150M,Test R2,-0.2455787914428925
substitutions,SBI_STAAM_Tsuboyama_2023_2JVG,20,ESM2 35M,Test R2,-0.1901393674706122
substitutions,SBI_STAAM_Tsuboyama_2023_2JVG,20,ESM2 650M,Test R2,0.017202387385002592
substitutions,SBI_STAAM_Tsuboyama_2023_2JVG,20,ESM2 8M,Test R2,-0.15461766452972484
substitutions,SBI_STAAM_Tsuboyama_2023_2JVG,50,ESM2 150M,Test R2,0.20697011263643147
substitutions,SBI_STAAM_Tsuboyama_2023_2JVG,50,ESM2 35M,Test R2,0.11696511479915987
substitutions,SBI_STAAM_Tsuboyama_2023_2JVG,50,ESM2 650M,Test R2,0.2069227969937019
substitutions,SBI_STAAM_Tsuboyama_2023_2JVG,50,ESM2 8M,Test R2,0.12598033449979093
substitutions,SBI_STAAM_Tsuboyama_2023_2JVG,75,ESM2 150M,Test R2,0.372922991083035
substitutions,SBI_STAAM_Tsuboyama_2023_2JVG,75,ESM2 35M,Test R2,0.22885821844944315
substitutions,SBI_STAAM_Tsuboyama_2023_2JVG,75,ESM2 650M,Test R2,0.38088909901817497
substitutions,SBI_STAAM_Tsuboyama_2023_2JVG,75,ESM2 8M,Test R2,0.16022957655200415
substitutions,SBI_STAAM_Tsuboyama_2023_2JVG,100,ESM2 150M,Test R2,0.4312930857095701
substitutions,SBI_STAAM_Tsuboyama_2023_2JVG,100,ESM2 35M,Test R2,0.2856842876634821
substitutions,SBI_STAAM_Tsuboyama_2023_2JVG,100,ESM2 650M,Test R2,0.40882448264288734
substitutions,SBI_STAAM_Tsuboyama_2023_2JVG,100,ESM2 8M,Test R2,0.3394451993012915
substitutions,SBI_STAAM_Tsuboyama_2023_2JVG,200,ESM2 150M,Test R2,0.5341460348526799
substitutions,SBI_STAAM_Tsuboyama_2023_2JVG,200,ESM2 35M,Test R2,0.4429270060371535
substitutions,SBI_STAAM_Tsuboyama_2023_2JVG,200,ESM2 650M,Test R2,0.5778839253909139
substitutions,SBI_STAAM_Tsuboyama_2023_2JVG,200,ESM2 8M,Test R2,0.4591584449436466
substitutions,SBI_STAAM_Tsuboyama_2023_2JVG,350,ESM2 150M,Test R2,0.6143435191871026
substitutions,SBI_STAAM_Tsuboyama_2023_2JVG,350,ESM2 35M,Test R2,0.5597512734878598
substitutions,SBI_STAAM_Tsuboyama_2023_2JVG,350,ESM2 650M,Test R2,0.6692165684659882
substitutions,SBI_STAAM_Tsuboyama_2023_2JVG,350,ESM2 8M,Test R2,0.5843610840036728
substitutions,SBI_STAAM_Tsuboyama_2023_2JVG,500,ESM2 150M,Test R2,0.6619095844635116
substitutions,SBI_STAAM_Tsuboyama_2023_2JVG,500,ESM2 35M,Test R2,0.6189404808351298
substitutions,SBI_STAAM_Tsuboyama_2023_2JVG,500,ESM2 650M,Test R2,0.7172939523821584
substitutions,SBI_STAAM_Tsuboyama_2023_2JVG,500,ESM2 8M,Test R2,0.6428483824118013
substitutions,SDA_BACSU_Tsuboyama_2023_1PV0,20,ESM2 150M,Test R2,0.7508534362755628
substitutions,SDA_BACSU_Tsuboyama_2023_1PV0,20,ESM2 35M,Test R2,0.42481651526475694
substitutions,SDA_BACSU_Tsuboyama_2023_1PV0,20,ESM2 650M,Test R2,0.7253054947623804
substitutions,SDA_BACSU_Tsuboyama_2023_1PV0,20,ESM2 8M,Test R2,0.3980726753977707
substitutions,SDA_BACSU_Tsuboyama_2023_1PV0,50,ESM2 150M,Test R2,0.8413204072078212
substitutions,SDA_BACSU_Tsuboyama_2023_1PV0,50,ESM2 35M,Test R2,0.6389128984185402
substitutions,SDA_BACSU_Tsuboyama_2023_1PV0,50,ESM2 650M,Test R2,0.8079825528225257
substitutions,SDA_BACSU_Tsuboyama_2023_1PV0,50,ESM2 8M,Test R2,0.5594405140233987
substitutions,SDA_BACSU_Tsuboyama_2023_1PV0,75,ESM2 150M,Test R2,0.8593795510476211
substitutions,SDA_BACSU_Tsuboyama_2023_1PV0,75,ESM2 35M,Test R2,0.6613835480647168
substitutions,SDA_BACSU_Tsuboyama_2023_1PV0,75,ESM2 650M,Test R2,0.8209831944304009
substitutions,SDA_BACSU_Tsuboyama_2023_1PV0,75,ESM2 8M,Test R2,0.6087681017089579
substitutions,SDA_BACSU_Tsuboyama_2023_1PV0,100,ESM2 150M,Test R2,0.8843191743595347
substitutions,SDA_BACSU_Tsuboyama_2023_1PV0,100,ESM2 35M,Test R2,0.7601781923305977
substitutions,SDA_BACSU_Tsuboyama_2023_1PV0,100,ESM2 650M,Test R2,0.8535279264743121
substitutions,SDA_BACSU_Tsuboyama_2023_1PV0,100,ESM2 8M,Test R2,0.6684763057822715
substitutions,SDA_BACSU_Tsuboyama_2023_1PV0,200,ESM2 150M,Test R2,0.9086728057532483
substitutions,SDA_BACSU_Tsuboyama_2023_1PV0,200,ESM2 35M,Test R2,0.8227954421390514
substitutions,SDA_BACSU_Tsuboyama_2023_1PV0,200,ESM2 650M,Test R2,0.8940928839394233
substitutions,SDA_BACSU_Tsuboyama_2023_1PV0,200,ESM2 8M,Test R2,0.7752659968128914
substitutions,SDA_BACSU_Tsuboyama_2023_1PV0,350,ESM2 150M,Test R2,0.9275921899485488
substitutions,SDA_BACSU_Tsuboyama_2023_1PV0,350,ESM2 35M,Test R2,0.8693841256516437
substitutions,SDA_BACSU_Tsuboyama_2023_1PV0,350,ESM2 650M,Test R2,0.9184585468855531
substitutions,SDA_BACSU_Tsuboyama_2023_1PV0,350,ESM2 8M,Test R2,0.8288396500033738
substitutions,SDA_BACSU_Tsuboyama_2023_1PV0,500,ESM2 150M,Test R2,0.9354909849853625
substitutions,SDA_BACSU_Tsuboyama_2023_1PV0,500,ESM2 35M,Test R2,0.8888568388611651
substitutions,SDA_BACSU_Tsuboyama_2023_1PV0,500,ESM2 650M,Test R2,0.9301983716200425
substitutions,SDA_BACSU_Tsuboyama_2023_1PV0,500,ESM2 8M,Test R2,0.8570904723484943
substitutions,SOX30_HUMAN_Tsuboyama_2023_7JJK,20,ESM2 150M,Test R2,0.35417947137561145
substitutions,SOX30_HUMAN_Tsuboyama_2023_7JJK,20,ESM2 35M,Test R2,-0.040156200244148635
substitutions,SOX30_HUMAN_Tsuboyama_2023_7JJK,20,ESM2 650M,Test R2,0.14921718684163737
substitutions,SOX30_HUMAN_Tsuboyama_2023_7JJK,20,ESM2 8M,Test R2,-0.02788455949185053
substitutions,SOX30_HUMAN_Tsuboyama_2023_7JJK,50,ESM2 150M,Test R2,0.46608531194253855
substitutions,SOX30_HUMAN_Tsuboyama_2023_7JJK,50,ESM2 35M,Test R2,0.26630018203184297
substitutions,SOX30_HUMAN_Tsuboyama_2023_7JJK,50,ESM2 650M,Test R2,0.40194991488763937
substitutions,SOX30_HUMAN_Tsuboyama_2023_7JJK,50,ESM2 8M,Test R2,0.3005860169000922
substitutions,SOX30_HUMAN_Tsuboyama_2023_7JJK,75,ESM2 150M,Test R2,0.563149002215532
substitutions,SOX30_HUMAN_Tsuboyama_2023_7JJK,75,ESM2 35M,Test R2,0.410331556056405
substitutions,SOX30_HUMAN_Tsuboyama_2023_7JJK,75,ESM2 650M,Test R2,0.48436584046630404
substitutions,SOX30_HUMAN_Tsuboyama_2023_7JJK,75,ESM2 8M,Test R2,0.3725278840811541
substitutions,SOX30_HUMAN_Tsuboyama_2023_7JJK,100,ESM2 150M,Test R2,0.6002792060057299
substitutions,SOX30_HUMAN_Tsuboyama_2023_7JJK,100,ESM2 35M,Test R2,0.46791463782379666
substitutions,SOX30_HUMAN_Tsuboyama_2023_7JJK,100,ESM2 650M,Test R2,0.5293695153707395
substitutions,SOX30_HUMAN_Tsuboyama_2023_7JJK,100,ESM2 8M,Test R2,0.46339685449478046
substitutions,SOX30_HUMAN_Tsuboyama_2023_7JJK,200,ESM2 150M,Test R2,0.6824481799887276
substitutions,SOX30_HUMAN_Tsuboyama_2023_7JJK,200,ESM2 35M,Test R2,0.6243848743532806
substitutions,SOX30_HUMAN_Tsuboyama_2023_7JJK,200,ESM2 650M,Test R2,0.6455421645159426
substitutions,SOX30_HUMAN_Tsuboyama_2023_7JJK,200,ESM2 8M,Test R2,0.5957287150802183
substitutions,SOX30_HUMAN_Tsuboyama_2023_7JJK,350,ESM2 150M,Test R2,0.7504514958787132
substitutions,SOX30_HUMAN_Tsuboyama_2023_7JJK,350,ESM2 35M,Test R2,0.6942065120728484
substitutions,SOX30_HUMAN_Tsuboyama_2023_7JJK,350,ESM2 650M,Test R2,0.7138966775352061
substitutions,SOX30_HUMAN_Tsuboyama_2023_7JJK,350,ESM2 8M,Test R2,0.669584523597404
substitutions,SOX30_HUMAN_Tsuboyama_2023_7JJK,500,ESM2 150M,Test R2,0.7804686156088722
substitutions,SOX30_HUMAN_Tsuboyama_2023_7JJK,500,ESM2 35M,Test R2,0.7399809495298639
substitutions,SOX30_HUMAN_Tsuboyama_2023_7JJK,500,ESM2 650M,Test R2,0.7516489739785629
substitutions,SOX30_HUMAN_Tsuboyama_2023_7JJK,500,ESM2 8M,Test R2,0.7144474421961204
substitutions,YNZC_BACSU_Tsuboyama_2023_2JVD,20,ESM2 150M,Test R2,0.4751487581696365
substitutions,YNZC_BACSU_Tsuboyama_2023_2JVD,20,ESM2 35M,Test R2,0.4025300486832519
substitutions,YNZC_BACSU_Tsuboyama_2023_2JVD,20,ESM2 650M,Test R2,0.48810382565806315
substitutions,YNZC_BACSU_Tsuboyama_2023_2JVD,20,ESM2 8M,Test R2,0.3313444115213909
substitutions,YNZC_BACSU_Tsuboyama_2023_2JVD,50,ESM2 150M,Test R2,0.7178184076588308
substitutions,YNZC_BACSU_Tsuboyama_2023_2JVD,50,ESM2 35M,Test R2,0.6162137693379355
substitutions,YNZC_BACSU_Tsuboyama_2023_2JVD,50,ESM2 650M,Test R2,0.6810260726769309
substitutions,YNZC_BACSU_Tsuboyama_2023_2JVD,50,ESM2 8M,Test R2,0.6404727812301735
substitutions,YNZC_BACSU_Tsuboyama_2023_2JVD,75,ESM2 150M,Test R2,0.7553884548431977
substitutions,YNZC_BACSU_Tsuboyama_2023_2JVD,75,ESM2 35M,Test R2,0.7067698217869994
substitutions,YNZC_BACSU_Tsuboyama_2023_2JVD,75,ESM2 650M,Test R2,0.7391481138755188
substitutions,YNZC_BACSU_Tsuboyama_2023_2JVD,75,ESM2 8M,Test R2,0.6962639546547217
substitutions,YNZC_BACSU_Tsuboyama_2023_2JVD,100,ESM2 150M,Test R2,0.7775428109679174
substitutions,YNZC_BACSU_Tsuboyama_2023_2JVD,100,ESM2 35M,Test R2,0.740943585978858
substitutions,YNZC_BACSU_Tsuboyama_2023_2JVD,100,ESM2 650M,Test R2,0.7617081086941606
substitutions,YNZC_BACSU_Tsuboyama_2023_2JVD,100,ESM2 8M,Test R2,0.723443923348922
substitutions,YNZC_BACSU_Tsuboyama_2023_2JVD,200,ESM2 150M,Test R2,0.8260435957618043
substitutions,YNZC_BACSU_Tsuboyama_2023_2JVD,200,ESM2 35M,Test R2,0.8007060360316525
substitutions,YNZC_BACSU_Tsuboyama_2023_2JVD,200,ESM2 650M,Test R2,0.8122262382801078
substitutions,YNZC_BACSU_Tsuboyama_2023_2JVD,200,ESM2 8M,Test R2,0.7810506423746337
substitutions,YNZC_BACSU_Tsuboyama_2023_2JVD,350,ESM2 150M,Test R2,0.8598876216273192
substitutions,YNZC_BACSU_Tsuboyama_2023_2JVD,350,ESM2 35M,Test R2,0.838727443183345
substitutions,YNZC_BACSU_Tsuboyama_2023_2JVD,350,ESM2 650M,Test R2,0.8502499514394642
substitutions,YNZC_BACSU_Tsuboyama_2023_2JVD,350,ESM2 8M,Test R2,0.8185795351670075
substitutions,YNZC_BACSU_Tsuboyama_2023_2JVD,500,ESM2 150M,Test R2,0.8793850562751068
substitutions,YNZC_BACSU_Tsuboyama_2023_2JVD,500,ESM2 35M,Test R2,0.8646174603619837
substitutions,YNZC_BACSU_Tsuboyama_2023_2JVD,500,ESM2 650M,Test R2,0.8694258886345636
substitutions,YNZC_BACSU_Tsuboyama_2023_2JVD,500,ESM2 8M,Test R2,0.8498433370967232
indels,MAFG_MOUSE_Tsuboyama_2023_1K1V_indels,20,ESM2 150M,Test Spearman Correlation,0.6473684210526315
indels,MAFG_MOUSE_Tsuboyama_2023_1K1V_indels,20,ESM2 35M,Test Spearman Correlation,0.6557894736842105
indels,MAFG_MOUSE_Tsuboyama_2023_1K1V_indels,20,ESM2 650M,Test Spearman Correlation,0.6221052631578947
indels,MAFG_MOUSE_Tsuboyama_2023_1K1V_indels,20,ESM2 8M,Test Spearman Correlation,0.6282706766917292
indels,MAFG_MOUSE_Tsuboyama_2023_1K1V_indels,40,ESM2 150M,Test Spearman Correlation,0.7601503759398496
indels,MAFG_MOUSE_Tsuboyama_2023_1K1V_indels,40,ESM2 35M,Test Spearman Correlation,0.7181954887218044
indels,MAFG_MOUSE_Tsuboyama_2023_1K1V_indels,40,ESM2 650M,Test Spearman Correlation,0.7109774436090225
indels,MAFG_MOUSE_Tsuboyama_2023_1K1V_indels,40,ESM2 8M,Test Spearman Correlation,0.6965413533834586
indels,MAFG_MOUSE_Tsuboyama_2023_1K1V_indels,60,ESM2 150M,Test Spearman Correlation,0.7915789473684209
indels,MAFG_MOUSE_Tsuboyama_2023_1K1V_indels,60,ESM2 35M,Test Spearman Correlation,0.7314285714285713
indels,MAFG_MOUSE_Tsuboyama_2023_1K1V_indels,60,ESM2 650M,Test Spearman Correlation,0.7169924812030075
indels,MAFG_MOUSE_Tsuboyama_2023_1K1V_indels,60,ESM2 8M,Test Spearman Correlation,0.7565413533834586
indels,MAFG_MOUSE_Tsuboyama_2023_1K1V_indels,80,ESM2 150M,Test Spearman Correlation,0.8190977443609022
indels,MAFG_MOUSE_Tsuboyama_2023_1K1V_indels,80,ESM2 35M,Test Spearman Correlation,0.78
indels,MAFG_MOUSE_Tsuboyama_2023_1K1V_indels,80,ESM2 650M,Test Spearman Correlation,0.7974436090225563
indels,MAFG_MOUSE_Tsuboyama_2023_1K1V_indels,80,ESM2 8M,Test Spearman Correlation,0.7827067669172931
indels,PIN1_HUMAN_Tsuboyama_2023_1I6C_indels,20,ESM2 150M,Test Spearman Correlation,0.7948872180451128
indels,PIN1_HUMAN_Tsuboyama_2023_1I6C_indels,20,ESM2 35M,Test Spearman Correlation,0.7472180451127819
indels,PIN1_HUMAN_Tsuboyama_2023_1I6C_indels,20,ESM2 650M,Test Spearman Correlation,0.7957894736842104
indels,PIN1_HUMAN_Tsuboyama_2023_1I6C_indels,20,ESM2 8M,Test Spearman Correlation,0.7221052631578947
indels,PIN1_HUMAN_Tsuboyama_2023_1I6C_indels,40,ESM2 150M,Test Spearman Correlation,0.8332330827067669
indels,PIN1_HUMAN_Tsuboyama_2023_1I6C_indels,40,ESM2 35M,Test Spearman Correlation,0.7839097744360901
indels,PIN1_HUMAN_Tsuboyama_2023_1I6C_indels,40,ESM2 650M,Test Spearman Correlation,0.8493233082706766
indels,PIN1_HUMAN_Tsuboyama_2023_1I6C_indels,40,ESM2 8M,Test Spearman Correlation,0.783609022556391
indels,PIN1_HUMAN_Tsuboyama_2023_1I6C_indels,60,ESM2 150M,Test Spearman Correlation,0.8485714285714285
indels,PIN1_HUMAN_Tsuboyama_2023_1I6C_indels,60,ESM2 35M,Test Spearman Correlation,0.8009022556390978
indels,PIN1_HUMAN_Tsuboyama_2023_1I6C_indels,60,ESM2 650M,Test Spearman Correlation,0.844812030075188
indels,PIN1_HUMAN_Tsuboyama_2023_1I6C_indels,60,ESM2 8M,Test Spearman Correlation,0.7986466165413534
indels,PIN1_HUMAN_Tsuboyama_2023_1I6C_indels,80,ESM2 150M,Test Spearman Correlation,0.8532330827067668
indels,PIN1_HUMAN_Tsuboyama_2023_1I6C_indels,80,ESM2 35M,Test Spearman Correlation,0.8242105263157894
indels,PIN1_HUMAN_Tsuboyama_2023_1I6C_indels,80,ESM2 650M,Test Spearman Correlation,0.853533834586466
indels,PIN1_HUMAN_Tsuboyama_2023_1I6C_indels,80,ESM2 8M,Test Spearman Correlation,0.795187969924812
indels,PKN1_HUMAN_Tsuboyama_2023_1URF_indels,20,ESM2 150M,Test Spearman Correlation,0.845563909774436
indels,PKN1_HUMAN_Tsuboyama_2023_1URF_indels,20,ESM2 35M,Test Spearman Correlation,0.8049624060150375
indels,PKN1_HUMAN_Tsuboyama_2023_1URF_indels,20,ESM2 650M,Test Spearman Correlation,0.8625563909774435
indels,PKN1_HUMAN_Tsuboyama_2023_1URF_indels,20,ESM2 8M,Test Spearman Correlation,0.8181954887218044
indels,PKN1_HUMAN_Tsuboyama_2023_1URF_indels,40,ESM2 150M,Test Spearman Correlation,0.8652631578947367
indels,PKN1_HUMAN_Tsuboyama_2023_1URF_indels,40,ESM2 35M,Test Spearman Correlation,0.8530827067669172
indels,PKN1_HUMAN_Tsuboyama_2023_1URF_indels,40,ESM2 650M,Test Spearman Correlation,0.8547368421052631
indels,PKN1_HUMAN_Tsuboyama_2023_1URF_indels,40,ESM2 8M,Test Spearman Correlation,0.8393984962406014
indels,PKN1_HUMAN_Tsuboyama_2023_1URF_indels,60,ESM2 150M,Test Spearman Correlation,0.8744360902255638
indels,PKN1_HUMAN_Tsuboyama_2023_1URF_indels,60,ESM2 35M,Test Spearman Correlation,0.8891729323308268
indels,PKN1_HUMAN_Tsuboyama_2023_1URF_indels,60,ESM2 650M,Test Spearman Correlation,0.8688721804511278
indels,PKN1_HUMAN_Tsuboyama_2023_1URF_indels,60,ESM2 8M,Test Spearman Correlation,0.8584962406015038
indels,PKN1_HUMAN_Tsuboyama_2023_1URF_indels,80,ESM2 150M,Test Spearman Correlation,0.8839097744360902
indels,PKN1_HUMAN_Tsuboyama_2023_1URF_indels,80,ESM2 35M,Test Spearman Correlation,0.8956390977443608
indels,PKN1_HUMAN_Tsuboyama_2023_1URF_indels,80,ESM2 650M,Test Spearman Correlation,0.868421052631579
indels,PKN1_HUMAN_Tsuboyama_2023_1URF_indels,80,ESM2 8M,Test Spearman Correlation,0.8804511278195488
indels,POLG_PESV_Tsuboyama_2023_2MXD_indels,20,ESM2 150M,Test Spearman Correlation,0.5098881591597013
indels,POLG_PESV_Tsuboyama_2023_2MXD_indels,20,ESM2 35M,Test Spearman Correlation,0.6791796381855363
indels,POLG_PESV_Tsuboyama_2023_2MXD_indels,20,ESM2 650M,Test Spearman Correlation,0.5984962406015037
indels,POLG_PESV_Tsuboyama_2023_2MXD_indels,20,ESM2 8M,Test Spearman Correlation,0.5497076023391813
indels,POLG_PESV_Tsuboyama_2023_2MXD_indels,40,ESM2 150M,Test Spearman Correlation,0.6821052631578948
indels,POLG_PESV_Tsuboyama_2023_2MXD_indels,40,ESM2 35M,Test Spearman Correlation,0.7786466165413534
indels,POLG_PESV_Tsuboyama_2023_2MXD_indels,40,ESM2 650M,Test Spearman Correlation,0.7357894736842104
indels,POLG_PESV_Tsuboyama_2023_2MXD_indels,40,ESM2 8M,Test Spearman Correlation,0.6996992481203007
indels,POLG_PESV_Tsuboyama_2023_2MXD_indels,60,ESM2 150M,Test Spearman Correlation,0.7237593984962405
indels,POLG_PESV_Tsuboyama_2023_2MXD_indels,60,ESM2 35M,Test Spearman Correlation,0.8318796992481202
indels,POLG_PESV_Tsuboyama_2023_2MXD_indels,60,ESM2 650M,Test Spearman Correlation,0.81593984962406
indels,POLG_PESV_Tsuboyama_2023_2MXD_indels,60,ESM2 8M,Test Spearman Correlation,0.7837593984962405
indels,POLG_PESV_Tsuboyama_2023_2MXD_indels,80,ESM2 150M,Test Spearman Correlation,0.792330827067669
indels,POLG_PESV_Tsuboyama_2023_2MXD_indels,80,ESM2 35M,Test Spearman Correlation,0.8560902255639098
indels,POLG_PESV_Tsuboyama_2023_2MXD_indels,80,ESM2 650M,Test Spearman Correlation,0.853984962406015
indels,POLG_PESV_Tsuboyama_2023_2MXD_indels,80,ESM2 8M,Test Spearman Correlation,0.8321804511278195
indels,RD23A_HUMAN_Tsuboyama_2023_1IFY_indels,20,ESM2 150M,Test Spearman Correlation,0.738796992481203
indels,RD23A_HUMAN_Tsuboyama_2023_1IFY_indels,20,ESM2 35M,Test Spearman Correlation,0.8267669172932329
indels,RD23A_HUMAN_Tsuboyama_2023_1IFY_indels,20,ESM2 650M,Test Spearman Correlation,0.8239097744360901
indels,RD23A_HUMAN_Tsuboyama_2023_1IFY_indels,20,ESM2 8M,Test Spearman Correlation,0.7726315789473683
indels,RD23A_HUMAN_Tsuboyama_2023_1IFY_indels,40,ESM2 150M,Test Spearman Correlation,0.8457142857142858
indels,RD23A_HUMAN_Tsuboyama_2023_1IFY_indels,40,ESM2 35M,Test Spearman Correlation,0.8818045112781954
indels,RD23A_HUMAN_Tsuboyama_2023_1IFY_indels,40,ESM2 650M,Test Spearman Correlation,0.8714285714285713
indels,RD23A_HUMAN_Tsuboyama_2023_1IFY_indels,40,ESM2 8M,Test Spearman Correlation,0.8016541353383457
indels,RD23A_HUMAN_Tsuboyama_2023_1IFY_indels,60,ESM2 150M,Test Spearman Correlation,0.8869172932330827
indels,RD23A_HUMAN_Tsuboyama_2023_1IFY_indels,60,ESM2 35M,Test Spearman Correlation,0.8837593984962405
indels,RD23A_HUMAN_Tsuboyama_2023_1IFY_indels,60,ESM2 650M,Test Spearman Correlation,0.8864661654135337
indels,RD23A_HUMAN_Tsuboyama_2023_1IFY_indels,60,ESM2 8M,Test Spearman Correlation,0.8384962406015036
indels,RD23A_HUMAN_Tsuboyama_2023_1IFY_indels,80,ESM2 150M,Test Spearman Correlation,0.9144360902255638
indels,RD23A_HUMAN_Tsuboyama_2023_1IFY_indels,80,ESM2 35M,Test Spearman Correlation,0.9114285714285714
indels,RD23A_HUMAN_Tsuboyama_2023_1IFY_indels,80,ESM2 650M,Test Spearman Correlation,0.9187969924812028
indels,RD23A_HUMAN_Tsuboyama_2023_1IFY_indels,80,ESM2 8M,Test Spearman Correlation,0.857593984962406
indels,RPC1_BP434_Tsuboyama_2023_1R69_indels,20,ESM2 150M,Test Spearman Correlation,0.6345864661654135
indels,RPC1_BP434_Tsuboyama_2023_1R69_indels,20,ESM2 35M,Test Spearman Correlation,0.5108419339457834
indels,RPC1_BP434_Tsuboyama_2023_1R69_indels,20,ESM2 650M,Test Spearman Correlation,0.5508270676691729
indels,RPC1_BP434_Tsuboyama_2023_1R69_indels,20,ESM2 8M,Test Spearman Correlation,0.46940254058142494
indels,RPC1_BP434_Tsuboyama_2023_1R69_indels,40,ESM2 150M,Test Spearman Correlation,0.6569924812030075
indels,RPC1_BP434_Tsuboyama_2023_1R69_indels,40,ESM2 35M,Test Spearman Correlation,0.6323308270676691
indels,RPC1_BP434_Tsuboyama_2023_1R69_indels,40,ESM2 650M,Test Spearman Correlation,0.6033082706766917
indels,RPC1_BP434_Tsuboyama_2023_1R69_indels,40,ESM2 8M,Test Spearman Correlation,0.5936842105263158
indels,RPC1_BP434_Tsuboyama_2023_1R69_indels,60,ESM2 150M,Test Spearman Correlation,0.6240601503759398
indels,RPC1_BP434_Tsuboyama_2023_1R69_indels,60,ESM2 35M,Test Spearman Correlation,0.6088721804511278
indels,RPC1_BP434_Tsuboyama_2023_1R69_indels,60,ESM2 650M,Test Spearman Correlation,0.6287218045112781
indels,RPC1_BP434_Tsuboyama_2023_1R69_indels,60,ESM2 8M,Test Spearman Correlation,0.6057142857142856
indels,RPC1_BP434_Tsuboyama_2023_1R69_indels,80,ESM2 150M,Test Spearman Correlation,0.6356390977443608
indels,RPC1_BP434_Tsuboyama_2023_1R69_indels,80,ESM2 35M,Test Spearman Correlation,0.636390977443609
indels,RPC1_BP434_Tsuboyama_2023_1R69_indels,80,ESM2 650M,Test Spearman Correlation,0.6366917293233082
indels,RPC1_BP434_Tsuboyama_2023_1R69_indels,80,ESM2 8M,Test Spearman Correlation,0.60796992481203
indels,SDA_BACSU_Tsuboyama_2023_1PV0_indels,20,ESM2 150M,Test Spearman Correlation,0.7989473684210526
indels,SDA_BACSU_Tsuboyama_2023_1PV0_indels,20,ESM2 35M,Test Spearman Correlation,0.6252631578947367
indels,SDA_BACSU_Tsuboyama_2023_1PV0_indels,20,ESM2 650M,Test Spearman Correlation,0.8720300751879698
indels,SDA_BACSU_Tsuboyama_2023_1PV0_indels,20,ESM2 8M,Test Spearman Correlation,0.5958737839801674
indels,SDA_BACSU_Tsuboyama_2023_1PV0_indels,40,ESM2 150M,Test Spearman Correlation,0.8783458646616541
indels,SDA_BACSU_Tsuboyama_2023_1PV0_indels,40,ESM2 35M,Test Spearman Correlation,0.6839097744360901
indels,SDA_BACSU_Tsuboyama_2023_1PV0_indels,40,ESM2 650M,Test Spearman Correlation,0.9009022556390978
indels,SDA_BACSU_Tsuboyama_2023_1PV0_indels,40,ESM2 8M,Test Spearman Correlation,0.7245112781954887
indels,SDA_BACSU_Tsuboyama_2023_1PV0_indels,60,ESM2 150M,Test Spearman Correlation,0.9070676691729324
indels,SDA_BACSU_Tsuboyama_2023_1PV0_indels,60,ESM2 35M,Test Spearman Correlation,0.7604511278195488
indels,SDA_BACSU_Tsuboyama_2023_1PV0_indels,60,ESM2 650M,Test Spearman Correlation,0.9300751879699247
indels,SDA_BACSU_Tsuboyama_2023_1PV0_indels,60,ESM2 8M,Test Spearman Correlation,0.7851127819548871
indels,SDA_BACSU_Tsuboyama_2023_1PV0_indels,80,ESM2 150M,Test Spearman Correlation,0.9168421052631578
indels,SDA_BACSU_Tsuboyama_2023_1PV0_indels,80,ESM2 35M,Test Spearman Correlation,0.7914285714285714
indels,SDA_BACSU_Tsuboyama_2023_1PV0_indels,80,ESM2 650M,Test Spearman Correlation,0.9300751879699248
indels,SDA_BACSU_Tsuboyama_2023_1PV0_indels,80,ESM2 8M,Test Spearman Correlation,0.8166917293233082
indels,SQSTM_MOUSE_Tsuboyama_2023_2RRU_indels,20,ESM2 150M,Test Spearman Correlation,0.5855639097744361
indels,SQSTM_MOUSE_Tsuboyama_2023_2RRU_indels,20,ESM2 35M,Test Spearman Correlation,0.5559398496240601
indels,SQSTM_MOUSE_Tsuboyama_2023_2RRU_indels,20,ESM2 650M,Test Spearman Correlation,0.5461766820982813
indels,SQSTM_MOUSE_Tsuboyama_2023_2RRU_indels,20,ESM2 8M,Test Spearman Correlation,0.6027067669172932
indels,SQSTM_MOUSE_Tsuboyama_2023_2RRU_indels,40,ESM2 150M,Test Spearman Correlation,0.7034586466165413
indels,SQSTM_MOUSE_Tsuboyama_2023_2RRU_indels,40,ESM2 35M,Test Spearman Correlation,0.7563909774436091
indels,SQSTM_MOUSE_Tsuboyama_2023_2RRU_indels,40,ESM2 650M,Test Spearman Correlation,0.6866165413533835
indels,SQSTM_MOUSE_Tsuboyama_2023_2RRU_indels,40,ESM2 8M,Test Spearman Correlation,0.7063157894736841
indels,SQSTM_MOUSE_Tsuboyama_2023_2RRU_indels,60,ESM2 150M,Test Spearman Correlation,0.7657142857142857
indels,SQSTM_MOUSE_Tsuboyama_2023_2RRU_indels,60,ESM2 35M,Test Spearman Correlation,0.8025563909774436
indels,SQSTM_MOUSE_Tsuboyama_2023_2RRU_indels,60,ESM2 650M,Test Spearman Correlation,0.7703759398496239
indels,SQSTM_MOUSE_Tsuboyama_2023_2RRU_indels,60,ESM2 8M,Test Spearman Correlation,0.7470676691729323
indels,SQSTM_MOUSE_Tsuboyama_2023_2RRU_indels,80,ESM2 150M,Test Spearman Correlation,0.7938345864661653
indels,SQSTM_MOUSE_Tsuboyama_2023_2RRU_indels,80,ESM2 35M,Test Spearman Correlation,0.8145864661654135
indels,SQSTM_MOUSE_Tsuboyama_2023_2RRU_indels,80,ESM2 650M,Test Spearman Correlation,0.7884210526315789
indels,SQSTM_MOUSE_Tsuboyama_2023_2RRU_indels,80,ESM2 8M,Test Spearman Correlation,0.7434586466165414
indels,VG08_BPP22_Tsuboyama_2023_2GP8_indels,20,ESM2 150M,Test Spearman Correlation,0.8449624060150376
indels,VG08_BPP22_Tsuboyama_2023_2GP8_indels,20,ESM2 35M,Test Spearman Correlation,0.8207518796992481
indels,VG08_BPP22_Tsuboyama_2023_2GP8_indels,20,ESM2 650M,Test Spearman Correlation,0.8618045112781955
indels,VG08_BPP22_Tsuboyama_2023_2GP8_indels,20,ESM2 8M,Test Spearman Correlation,0.823609022556391
indels,VG08_BPP22_Tsuboyama_2023_2GP8_indels,40,ESM2 150M,Test Spearman Correlation,0.8493233082706766
indels,VG08_BPP22_Tsuboyama_2023_2GP8_indels,40,ESM2 35M,Test Spearman Correlation,0.8497744360902255
indels,VG08_BPP22_Tsuboyama_2023_2GP8_indels,40,ESM2 650M,Test Spearman Correlation,0.8658646616541352
indels,VG08_BPP22_Tsuboyama_2023_2GP8_indels,40,ESM2 8M,Test Spearman Correlation,0.8315789473684209
indels,VG08_BPP22_Tsuboyama_2023_2GP8_indels,60,ESM2 150M,Test Spearman Correlation,0.8760902255639097
indels,VG08_BPP22_Tsuboyama_2023_2GP8_indels,60,ESM2 35M,Test Spearman Correlation,0.8473684210526315
indels,VG08_BPP22_Tsuboyama_2023_2GP8_indels,60,ESM2 650M,Test Spearman Correlation,0.894736842105263
indels,VG08_BPP22_Tsuboyama_2023_2GP8_indels,60,ESM2 8M,Test Spearman Correlation,0.8400000000000001
indels,VG08_BPP22_Tsuboyama_2023_2GP8_indels,80,ESM2 150M,Test Spearman Correlation,0.8733834586466165
indels,VG08_BPP22_Tsuboyama_2023_2GP8_indels,80,ESM2 35M,Test Spearman Correlation,0.8595488721804511
indels,VG08_BPP22_Tsuboyama_2023_2GP8_indels,80,ESM2 650M,Test Spearman Correlation,0.8891729323308271
indels,VG08_BPP22_Tsuboyama_2023_2GP8_indels,80,ESM2 8M,Test Spearman Correlation,0.8484210526315789
indels,YNZC_BACSU_Tsuboyama_2023_2JVD_indels,20,ESM2 150M,Test Spearman Correlation,0.8046616541353384
indels,YNZC_BACSU_Tsuboyama_2023_2JVD_indels,20,ESM2 35M,Test Spearman Correlation,0.750375939849624
indels,YNZC_BACSU_Tsuboyama_2023_2JVD_indels,20,ESM2 650M,Test Spearman Correlation,0.7981954887218045
indels,YNZC_BACSU_Tsuboyama_2023_2JVD_indels,20,ESM2 8M,Test Spearman Correlation,0.7596992481203007
indels,YNZC_BACSU_Tsuboyama_2023_2JVD_indels,40,ESM2 150M,Test Spearman Correlation,0.8233082706766917
indels,YNZC_BACSU_Tsuboyama_2023_2JVD_indels,40,ESM2 35M,Test Spearman Correlation,0.807218045112782
indels,YNZC_BACSU_Tsuboyama_2023_2JVD_indels,40,ESM2 650M,Test Spearman Correlation,0.834736842105263
indels,YNZC_BACSU_Tsuboyama_2023_2JVD_indels,40,ESM2 8M,Test Spearman Correlation,0.7986466165413534
indels,YNZC_BACSU_Tsuboyama_2023_2JVD_indels,60,ESM2 150M,Test Spearman Correlation,0.8390977443609021
indels,YNZC_BACSU_Tsuboyama_2023_2JVD_indels,60,ESM2 35M,Test Spearman Correlation,0.8308270676691729
indels,YNZC_BACSU_Tsuboyama_2023_2JVD_indels,60,ESM2 650M,Test Spearman Correlation,0.8553383458646616
indels,YNZC_BACSU_Tsuboyama_2023_2JVD_indels,60,ESM2 8M,Test Spearman Correlation,0.8181954887218044
indels,YNZC_BACSU_Tsuboyama_2023_2JVD_indels,80,ESM2 150M,Test Spearman Correlation,0.8475187969924811
indels,YNZC_BACSU_Tsuboyama_2023_2JVD_indels,80,ESM2 35M,Test Spearman Correlation,0.8390977443609022
indels,YNZC_BACSU_Tsuboyama_2023_2JVD_indels,80,ESM2 650M,Test Spearman Correlation,0.8777443609022555
indels,YNZC_BACSU_Tsuboyama_2023_2JVD_indels,80,ESM2 8M,Test Spearman Correlation,0.826015037593985
peptides,EC_all_40,20,ESM2 150M,Test Spearman Correlation,0.15464437405969542
peptides,EC_all_40,20,ESM2 35M,Test Spearman Correlation,0.1146751045061513
peptides,EC_all_40,20,ESM2 650M,Test Spearman Correlation,0.14599356545792042
peptides,EC_all_40,20,ESM2 8M,Test Spearman Correlation,0.10112874234422844
peptides,EC_all_40,50,ESM2 150M,Test Spearman Correlation,0.21388097185732083
peptides,EC_all_40,50,ESM2 35M,Test Spearman Correlation,0.26715593898352363
peptides,EC_all_40,50,ESM2 650M,Test Spearman Correlation,0.20899054766959352
peptides,EC_all_40,50,ESM2 8M,Test Spearman Correlation,0.2079288273036879
peptides,EC_all_40,75,ESM2 150M,Test Spearman Correlation,0.24769173418885043
peptides,EC_all_40,75,ESM2 35M,Test Spearman Correlation,0.2844540588033085
peptides,EC_all_40,75,ESM2 650M,Test Spearman Correlation,0.3127174119564869
peptides,EC_all_40,75,ESM2 8M,Test Spearman Correlation,0.30533826930618774
peptides,EC_all_40,100,ESM2 150M,Test Spearman Correlation,0.31126386840622905
peptides,EC_all_40,100,ESM2 35M,Test Spearman Correlation,0.33923508319079054
peptides,EC_all_40,100,ESM2 650M,Test Spearman Correlation,0.36789131772443795
peptides,EC_all_40,100,ESM2 8M,Test Spearman Correlation,0.33574003882378045
peptides,EC_all_40,200,ESM2 150M,Test Spearman Correlation,0.36605959676631933
peptides,EC_all_40,200,ESM2 35M,Test Spearman Correlation,0.3793144438098146
peptides,EC_all_40,200,ESM2 650M,Test Spearman Correlation,0.3787483412029196
peptides,EC_all_40,200,ESM2 8M,Test Spearman Correlation,0.4018777016837407
peptides,EC_all_40,350,ESM2 150M,Test Spearman Correlation,0.4017039964750862
peptides,EC_all_40,350,ESM2 35M,Test Spearman Correlation,0.42957855027824277
peptides,EC_all_40,350,ESM2 650M,Test Spearman Correlation,0.40760005613617756
peptides,EC_all_40,350,ESM2 8M,Test Spearman Correlation,0.43671970538077093
peptides,EC_all_40,500,ESM2 150M,Test Spearman Correlation,0.4267571627317316
peptides,EC_all_40,500,ESM2 35M,Test Spearman Correlation,0.45358017742712853
peptides,EC_all_40,500,ESM2 650M,Test Spearman Correlation,0.44128199375550387
peptides,EC_all_40,500,ESM2 8M,Test Spearman Correlation,0.4496467873094036
peptides,PA_all_40,20,ESM2 150M,Test Spearman Correlation,0.08205409114915797
peptides,PA_all_40,20,ESM2 35M,Test Spearman Correlation,0.04189191795545395
peptides,PA_all_40,20,ESM2 650M,Test Spearman Correlation,0.09909423736945627
peptides,PA_all_40,20,ESM2 8M,Test Spearman Correlation,0.07605335154795693
peptides,PA_all_40,50,ESM2 150M,Test Spearman Correlation,0.10612055526583093
peptides,PA_all_40,50,ESM2 35M,Test Spearman Correlation,0.10067284012219864
peptides,PA_all_40,50,ESM2 650M,Test Spearman Correlation,0.17576708238794744
peptides,PA_all_40,50,ESM2 8M,Test Spearman Correlation,0.15885701435807104
peptides,PA_all_40,75,ESM2 150M,Test Spearman Correlation,0.20198597516224942
peptides,PA_all_40,75,ESM2 35M,Test Spearman Correlation,0.13628426084451664
peptides,PA_all_40,75,ESM2 650M,Test Spearman Correlation,0.18416110126676846
peptides,PA_all_40,75,ESM2 8M,Test Spearman Correlation,0.23432704742801969
peptides,PA_all_40,100,ESM2 150M,Test Spearman Correlation,0.2299749609543175
peptides,PA_all_40,100,ESM2 35M,Test Spearman Correlation,0.23453071081018678
peptides,PA_all_40,100,ESM2 650M,Test Spearman Correlation,0.2253728953104682
peptides,PA_all_40,100,ESM2 8M,Test Spearman Correlation,0.26179367861515146
peptides,PA_all_40,200,ESM2 150M,Test Spearman Correlation,0.3018799688445931
peptides,PA_all_40,200,ESM2 35M,Test Spearman Correlation,0.3176904173894133
peptides,PA_all_40,200,ESM2 650M,Test Spearman Correlation,0.29111311541317025
peptides,PA_all_40,200,ESM2 8M,Test Spearman Correlation,0.33985167655750514
peptides,PA_all_40,350,ESM2 150M,Test Spearman Correlation,0.388923500779995
peptides,PA_all_40,350,ESM2 35M,Test Spearman Correlation,0.406585621004257
peptides,PA_all_40,350,ESM2 650M,Test Spearman Correlation,0.37457358579656574
peptides,PA_all_40,350,ESM2 8M,Test Spearman Correlation,0.42221639867631716
peptides,PA_all_40,500,ESM2 150M,Test Spearman Correlation,0.4227489502644243
peptides,PA_all_40,500,ESM2 35M,Test Spearman Correlation,0.4354933604083137
peptides,PA_all_40,500,ESM2 650M,Test Spearman Correlation,0.4193565626997623
peptides,PA_all_40,500,ESM2 8M,Test Spearman Correlation,0.4423805068410623
peptides,SA_all_40,20,ESM2 150M,Test Spearman Correlation,0.048779425304599625
peptides,SA_all_40,20,ESM2 35M,Test Spearman Correlation,0.05435931778663293
peptides,SA_all_40,20,ESM2 650M,Test Spearman Correlation,0.0538984402257824
peptides,SA_all_40,20,ESM2 8M,Test Spearman Correlation,0.07149849782543707
peptides,SA_all_40,50,ESM2 150M,Test Spearman Correlation,0.1586159410621252
peptides,SA_all_40,50,ESM2 35M,Test Spearman Correlation,0.16685739714046588
peptides,SA_all_40,50,ESM2 650M,Test Spearman Correlation,0.16361430496731452
peptides,SA_all_40,50,ESM2 8M,Test Spearman Correlation,0.17639502498395093
peptides,SA_all_40,75,ESM2 150M,Test Spearman Correlation,0.19413082617188554
peptides,SA_all_40,75,ESM2 35M,Test Spearman Correlation,0.1790666801563135
peptides,SA_all_40,75,ESM2 650M,Test Spearman Correlation,0.19123845246281418
peptides,SA_all_40,75,ESM2 8M,Test Spearman Correlation,0.21159152680553822
peptides,SA_all_40,100,ESM2 150M,Test Spearman Correlation,0.21953345517025097
peptides,SA_all_40,100,ESM2 35M,Test Spearman Correlation,0.2120500013551406
peptides,SA_all_40,100,ESM2 650M,Test Spearman Correlation,0.2382559356838573
peptides,SA_all_40,100,ESM2 8M,Test Spearman Correlation,0.23234566891670813
peptides,SA_all_40,200,ESM2 150M,Test Spearman Correlation,0.32455949358535263
peptides,SA_all_40,200,ESM2 35M,Test Spearman Correlation,0.3164630386281607
peptides,SA_all_40,200,ESM2 650M,Test Spearman Correlation,0.3111407184225118
peptides,SA_all_40,200,ESM2 8M,Test Spearman Correlation,0.33582511272643734
peptides,SA_all_40,350,ESM2 150M,Test Spearman Correlation,0.33640513653580195
peptides,SA_all_40,350,ESM2 35M,Test Spearman Correlation,0.33588378869898866
peptides,SA_all_40,350,ESM2 650M,Test Spearman Correlation,0.34198879471061583
peptides,SA_all_40,350,ESM2 8M,Test Spearman Correlation,0.33529209014345784
peptides,SA_all_40,500,ESM2 150M,Test Spearman Correlation,0.38748844964750795
peptides,SA_all_40,500,ESM2 35M,Test Spearman Correlation,0.36755711995334206
peptides,SA_all_40,500,ESM2 650M,Test Spearman Correlation,0.3867750031905253
peptides,SA_all_40,500,ESM2 8M,Test Spearman Correlation,0.37852880355329893
peptides,hemopi2_all,20,ESM2 150M,Test Spearman Correlation,0.09754217684140812
peptides,hemopi2_all,20,ESM2 35M,Test Spearman Correlation,0.014864010721958249
peptides,hemopi2_all,20,ESM2 650M,Test Spearman Correlation,0.10288321577198871
peptides,hemopi2_all,20,ESM2 8M,Test Spearman Correlation,0.06334591526235324
peptides,hemopi2_all,50,ESM2 150M,Test Spearman Correlation,0.1754341580298801
peptides,hemopi2_all,50,ESM2 35M,Test Spearman Correlation,0.14448360230520274
peptides,hemopi2_all,50,ESM2 650M,Test Spearman Correlation,0.205111640069607
peptides,hemopi2_all,50,ESM2 8M,Test Spearman Correlation,0.2014787707004959
peptides,hemopi2_all,75,ESM2 150M,Test Spearman Correlation,0.2080731130178756
peptides,hemopi2_all,75,ESM2 35M,Test Spearman Correlation,0.1761534205768751
peptides,hemopi2_all,75,ESM2 650M,Test Spearman Correlation,0.26918951099858984
peptides,hemopi2_all,75,ESM2 8M,Test Spearman Correlation,0.2546467304346221
peptides,hemopi2_all,100,ESM2 150M,Test Spearman Correlation,0.2734190038904157
peptides,hemopi2_all,100,ESM2 35M,Test Spearman Correlation,0.27426446399148097
peptides,hemopi2_all,100,ESM2 650M,Test Spearman Correlation,0.331826241418988
peptides,hemopi2_all,100,ESM2 8M,Test Spearman Correlation,0.29935485332865974
peptides,hemopi2_all,200,ESM2 150M,Test Spearman Correlation,0.38019911321182076
peptides,hemopi2_all,200,ESM2 35M,Test Spearman Correlation,0.36449111182308636
peptides,hemopi2_all,200,ESM2 650M,Test Spearman Correlation,0.4389229941416545
peptides,hemopi2_all,200,ESM2 8M,Test Spearman Correlation,0.4040079585970789
peptides,hemopi2_all,350,ESM2 150M,Test Spearman Correlation,0.44648167593391275
peptides,hemopi2_all,350,ESM2 35M,Test Spearman Correlation,0.43876835469069375
peptides,hemopi2_all,350,ESM2 650M,Test Spearman Correlation,0.502715034716861
peptides,hemopi2_all,350,ESM2 8M,Test Spearman Correlation,0.4641399371099076
peptides,hemopi2_all,500,ESM2 150M,Test Spearman Correlation,0.4843206445603812
peptides,hemopi2_all,500,ESM2 35M,Test Spearman Correlation,0.4941070730065748
peptides,hemopi2_all,500,ESM2 650M,Test Spearman Correlation,0.5377664796639621
peptides,hemopi2_all,500,ESM2 8M,Test Spearman Correlation,0.4976939201094246
substitutions,A0A247D711_LISMN_Stadelmann_2021,20,ESM2 150M,Test Spearman Correlation,0.18870784426239212
substitutions,A0A247D711_LISMN_Stadelmann_2021,20,ESM2 35M,Test Spearman Correlation,0.18385055968042768
substitutions,A0A247D711_LISMN_Stadelmann_2021,20,ESM2 650M,Test Spearman Correlation,0.18749299518902132
substitutions,A0A247D711_LISMN_Stadelmann_2021,20,ESM2 8M,Test Spearman Correlation,0.18097139221434158
substitutions,A0A247D711_LISMN_Stadelmann_2021,50,ESM2 150M,Test Spearman Correlation,0.2809031759337317
substitutions,A0A247D711_LISMN_Stadelmann_2021,50,ESM2 35M,Test Spearman Correlation,0.24227629445432353
substitutions,A0A247D711_LISMN_Stadelmann_2021,50,ESM2 650M,Test Spearman Correlation,0.27727260941502174
substitutions,A0A247D711_LISMN_Stadelmann_2021,50,ESM2 8M,Test Spearman Correlation,0.20629524413973108
substitutions,A0A247D711_LISMN_Stadelmann_2021,75,ESM2 150M,Test Spearman Correlation,0.3373941725719054
substitutions,A0A247D711_LISMN_Stadelmann_2021,75,ESM2 35M,Test Spearman Correlation,0.3044181190826246
substitutions,A0A247D711_LISMN_Stadelmann_2021,75,ESM2 650M,Test Spearman Correlation,0.3276311119701978
substitutions,A0A247D711_LISMN_Stadelmann_2021,75,ESM2 8M,Test Spearman Correlation,0.24648158703946121
substitutions,A0A247D711_LISMN_Stadelmann_2021,100,ESM2 150M,Test Spearman Correlation,0.38238409190779027
substitutions,A0A247D711_LISMN_Stadelmann_2021,100,ESM2 35M,Test Spearman Correlation,0.3658235961234463
substitutions,A0A247D711_LISMN_Stadelmann_2021,100,ESM2 650M,Test Spearman Correlation,0.3697168756791699
substitutions,A0A247D711_LISMN_Stadelmann_2021,100,ESM2 8M,Test Spearman Correlation,0.30735591787627387
substitutions,A0A247D711_LISMN_Stadelmann_2021,200,ESM2 150M,Test Spearman Correlation,0.44384552652052056
substitutions,A0A247D711_LISMN_Stadelmann_2021,200,ESM2 35M,Test Spearman Correlation,0.44456310752461825
substitutions,A0A247D711_LISMN_Stadelmann_2021,200,ESM2 650M,Test Spearman Correlation,0.4518590715081121
substitutions,A0A247D711_LISMN_Stadelmann_2021,200,ESM2 8M,Test Spearman Correlation,0.4303369794880381
substitutions,A0A247D711_LISMN_Stadelmann_2021,350,ESM2 150M,Test Spearman Correlation,0.5077279431491124
substitutions,A0A247D711_LISMN_Stadelmann_2021,350,ESM2 35M,Test Spearman Correlation,0.5153115763714455
substitutions,A0A247D711_LISMN_Stadelmann_2021,350,ESM2 650M,Test Spearman Correlation,0.518498778064976
substitutions,A0A247D711_LISMN_Stadelmann_2021,350,ESM2 8M,Test Spearman Correlation,0.49953120587878785
substitutions,A0A247D711_LISMN_Stadelmann_2021,500,ESM2 150M,Test Spearman Correlation,0.5434299859056332
substitutions,A0A247D711_LISMN_Stadelmann_2021,500,ESM2 35M,Test Spearman Correlation,0.5540861121504375
substitutions,A0A247D711_LISMN_Stadelmann_2021,500,ESM2 650M,Test Spearman Correlation,0.5544173958317972
substitutions,A0A247D711_LISMN_Stadelmann_2021,500,ESM2 8M,Test Spearman Correlation,0.5351828416587219
substitutions,DN7A_SACS2_Tsuboyama_2023_1JIC,20,ESM2 150M,Test Spearman Correlation,0.2721301194007945
substitutions,DN7A_SACS2_Tsuboyama_2023_1JIC,20,ESM2 35M,Test Spearman Correlation,0.39507991266292736
substitutions,DN7A_SACS2_Tsuboyama_2023_1JIC,20,ESM2 650M,Test Spearman Correlation,0.524030854523418
substitutions,DN7A_SACS2_Tsuboyama_2023_1JIC,20,ESM2 8M,Test Spearman Correlation,0.26836835057917086
substitutions,DN7A_SACS2_Tsuboyama_2023_1JIC,50,ESM2 150M,Test Spearman Correlation,0.5005852183408733
substitutions,DN7A_SACS2_Tsuboyama_2023_1JIC,50,ESM2 35M,Test Spearman Correlation,0.585453801015204
substitutions,DN7A_SACS2_Tsuboyama_2023_1JIC,50,ESM2 650M,Test Spearman Correlation,0.6468689810759243
substitutions,DN7A_SACS2_Tsuboyama_2023_1JIC,50,ESM2 8M,Test Spearman Correlation,0.4856274177096708
substitutions,DN7A_SACS2_Tsuboyama_2023_1JIC,75,ESM2 150M,Test Spearman Correlation,0.5267191916767666
substitutions,DN7A_SACS2_Tsuboyama_2023_1JIC,75,ESM2 35M,Test Spearman Correlation,0.614270524282097
substitutions,DN7A_SACS2_Tsuboyama_2023_1JIC,75,ESM2 650M,Test Spearman Correlation,0.6685916311665246
substitutions,DN7A_SACS2_Tsuboyama_2023_1JIC,75,ESM2 8M,Test Spearman Correlation,0.5086689210756843
substitutions,DN7A_SACS2_Tsuboyama_2023_1JIC,100,ESM2 150M,Test Spearman Correlation,0.5881512678050711
substitutions,DN7A_SACS2_Tsuboyama_2023_1JIC,100,ESM2 35M,Test Spearman Correlation,0.6622535706142825
substitutions,DN7A_SACS2_Tsuboyama_2023_1JIC,100,ESM2 650M,Test Spearman Correlation,0.7283875631502525
substitutions,DN7A_SACS2_Tsuboyama_2023_1JIC,100,ESM2 8M,Test Spearman Correlation,0.5799982431929728
substitutions,DN7A_SACS2_Tsuboyama_2023_1JIC,200,ESM2 150M,Test Spearman Correlation,0.6965484789939159
substitutions,DN7A_SACS2_Tsuboyama_2023_1JIC,200,ESM2 35M,Test Spearman Correlation,0.7439354781419125
substitutions,DN7A_SACS2_Tsuboyama_2023_1JIC,200,ESM2 650M,Test Spearman Correlation,0.8071621662486649
substitutions,DN7A_SACS2_Tsuboyama_2023_1JIC,200,ESM2 8M,Test Spearman Correlation,0.6867300301201205
substitutions,DN7A_SACS2_Tsuboyama_2023_1JIC,350,ESM2 150M,Test Spearman Correlation,0.7805524438097752
substitutions,DN7A_SACS2_Tsuboyama_2023_1JIC,350,ESM2 35M,Test Spearman Correlation,0.7991377341509366
substitutions,DN7A_SACS2_Tsuboyama_2023_1JIC,350,ESM2 650M,Test Spearman Correlation,0.8518034392137569
substitutions,DN7A_SACS2_Tsuboyama_2023_1JIC,350,ESM2 8M,Test Spearman Correlation,0.7551411421645686
substitutions,DN7A_SACS2_Tsuboyama_2023_1JIC,500,ESM2 150M,Test Spearman Correlation,0.8070129240516961
substitutions,DN7A_SACS2_Tsuboyama_2023_1JIC,500,ESM2 35M,Test Spearman Correlation,0.8248539330157321
substitutions,DN7A_SACS2_Tsuboyama_2023_1JIC,500,ESM2 650M,Test Spearman Correlation,0.8749109812439249
substitutions,DN7A_SACS2_Tsuboyama_2023_1JIC,500,ESM2 8M,Test Spearman Correlation,0.7924845139380557
substitutions,ENVZ_ECOLI_Ghose_2023,20,ESM2 150M,Test Spearman Correlation,0.10094538464173064
substitutions,ENVZ_ECOLI_Ghose_2023,20,ESM2 35M,Test Spearman Correlation,0.13150882705251296
substitutions,ENVZ_ECOLI_Ghose_2023,20,ESM2 650M,Test Spearman Correlation,0.09792324857454772
substitutions,ENVZ_ECOLI_Ghose_2023,20,ESM2 8M,Test Spearman Correlation,0.09841412295964885
substitutions,ENVZ_ECOLI_Ghose_2023,50,ESM2 150M,Test Spearman Correlation,0.20351904208711996
substitutions,ENVZ_ECOLI_Ghose_2023,50,ESM2 35M,Test Spearman Correlation,0.2151647488705669
substitutions,ENVZ_ECOLI_Ghose_2023,50,ESM2 650M,Test Spearman Correlation,0.1924884956444204
substitutions,ENVZ_ECOLI_Ghose_2023,50,ESM2 8M,Test Spearman Correlation,0.2173704889696198
substitutions,ENVZ_ECOLI_Ghose_2023,75,ESM2 150M,Test Spearman Correlation,0.243384654243101
substitutions,ENVZ_ECOLI_Ghose_2023,75,ESM2 35M,Test Spearman Correlation,0.23500079034257113
substitutions,ENVZ_ECOLI_Ghose_2023,75,ESM2 650M,Test Spearman Correlation,0.2208018686343761
substitutions,ENVZ_ECOLI_Ghose_2023,75,ESM2 8M,Test Spearman Correlation,0.2447646367838947
substitutions,ENVZ_ECOLI_Ghose_2023,100,ESM2 150M,Test Spearman Correlation,0.2618277208008725
substitutions,ENVZ_ECOLI_Ghose_2023,100,ESM2 35M,Test Spearman Correlation,0.2579888501158671
substitutions,ENVZ_ECOLI_Ghose_2023,100,ESM2 650M,Test Spearman Correlation,0.25062799639528716
substitutions,ENVZ_ECOLI_Ghose_2023,100,ESM2 8M,Test Spearman Correlation,0.2868351787961455
substitutions,ENVZ_ECOLI_Ghose_2023,200,ESM2 150M,Test Spearman Correlation,0.3160286150267473
substitutions,ENVZ_ECOLI_Ghose_2023,200,ESM2 35M,Test Spearman Correlation,0.3135648479529361
substitutions,ENVZ_ECOLI_Ghose_2023,200,ESM2 650M,Test Spearman Correlation,0.3248137285038023
substitutions,ENVZ_ECOLI_Ghose_2023,200,ESM2 8M,Test Spearman Correlation,0.3262834322505522
substitutions,ENVZ_ECOLI_Ghose_2023,350,ESM2 150M,Test Spearman Correlation,0.37314287229800686
substitutions,ENVZ_ECOLI_Ghose_2023,350,ESM2 35M,Test Spearman Correlation,0.3443513414995342
substitutions,ENVZ_ECOLI_Ghose_2023,350,ESM2 650M,Test Spearman Correlation,0.3730668516161622
substitutions,ENVZ_ECOLI_Ghose_2023,350,ESM2 8M,Test Spearman Correlation,0.3591204277975084
substitutions,ENVZ_ECOLI_Ghose_2023,500,ESM2 150M,Test Spearman Correlation,0.40139177113347974
substitutions,ENVZ_ECOLI_Ghose_2023,500,ESM2 35M,Test Spearman Correlation,0.3820944607161096
substitutions,ENVZ_ECOLI_Ghose_2023,500,ESM2 650M,Test Spearman Correlation,0.413502678947686
substitutions,ENVZ_ECOLI_Ghose_2023,500,ESM2 8M,Test Spearman Correlation,0.3886319675483412
substitutions,FKBP3_HUMAN_Tsuboyama_2023_2KFV,20,ESM2 150M,Test Spearman Correlation,0.14942761487967846
substitutions,FKBP3_HUMAN_Tsuboyama_2023_2KFV,20,ESM2 35M,Test Spearman Correlation,0.27001631269799864
substitutions,FKBP3_HUMAN_Tsuboyama_2023_2KFV,20,ESM2 650M,Test Spearman Correlation,0.18746240366597478
substitutions,FKBP3_HUMAN_Tsuboyama_2023_2KFV,20,ESM2 8M,Test Spearman Correlation,0.18861925623095202
substitutions,FKBP3_HUMAN_Tsuboyama_2023_2KFV,50,ESM2 150M,Test Spearman Correlation,0.4084177880065828
substitutions,FKBP3_HUMAN_Tsuboyama_2023_2KFV,50,ESM2 35M,Test Spearman Correlation,0.41444104976419904
substitutions,FKBP3_HUMAN_Tsuboyama_2023_2KFV,50,ESM2 650M,Test Spearman Correlation,0.24501753843454174
substitutions,FKBP3_HUMAN_Tsuboyama_2023_2KFV,50,ESM2 8M,Test Spearman Correlation,0.38552505250020996
substitutions,FKBP3_HUMAN_Tsuboyama_2023_2KFV,75,ESM2 150M,Test Spearman Correlation,0.49598325753303013
substitutions,FKBP3_HUMAN_Tsuboyama_2023_2KFV,75,ESM2 35M,Test Spearman Correlation,0.49463845535382134
substitutions,FKBP3_HUMAN_Tsuboyama_2023_2KFV,75,ESM2 650M,Test Spearman Correlation,0.2548595521855085
substitutions,FKBP3_HUMAN_Tsuboyama_2023_2KFV,75,ESM2 8M,Test Spearman Correlation,0.479613627254509
substitutions,FKBP3_HUMAN_Tsuboyama_2023_2KFV,100,ESM2 150M,Test Spearman Correlation,0.5360166848667395
substitutions,FKBP3_HUMAN_Tsuboyama_2023_2KFV,100,ESM2 35M,Test Spearman Correlation,0.5266278953115812
substitutions,FKBP3_HUMAN_Tsuboyama_2023_2KFV,100,ESM2 650M,Test Spearman Correlation,0.352534787991449
substitutions,FKBP3_HUMAN_Tsuboyama_2023_2KFV,100,ESM2 8M,Test Spearman Correlation,0.5322947307789231
substitutions,FKBP3_HUMAN_Tsuboyama_2023_2KFV,200,ESM2 150M,Test Spearman Correlation,0.6140109968439873
substitutions,FKBP3_HUMAN_Tsuboyama_2023_2KFV,200,ESM2 35M,Test Spearman Correlation,0.6110549338197353
substitutions,FKBP3_HUMAN_Tsuboyama_2023_2KFV,200,ESM2 650M,Test Spearman Correlation,0.508225514502058
substitutions,FKBP3_HUMAN_Tsuboyama_2023_2KFV,200,ESM2 8M,Test Spearman Correlation,0.6274715658862635
substitutions,FKBP3_HUMAN_Tsuboyama_2023_2KFV,350,ESM2 150M,Test Spearman Correlation,0.6804317041268165
substitutions,FKBP3_HUMAN_Tsuboyama_2023_2KFV,350,ESM2 35M,Test Spearman Correlation,0.6639687998751994
substitutions,FKBP3_HUMAN_Tsuboyama_2023_2KFV,350,ESM2 650M,Test Spearman Correlation,0.5992965187860751
substitutions,FKBP3_HUMAN_Tsuboyama_2023_2KFV,350,ESM2 8M,Test Spearman Correlation,0.6877698774795099
substitutions,FKBP3_HUMAN_Tsuboyama_2023_2KFV,500,ESM2 150M,Test Spearman Correlation,0.7314509642038567
substitutions,FKBP3_HUMAN_Tsuboyama_2023_2KFV,500,ESM2 35M,Test Spearman Correlation,0.7118918843675375
substitutions,FKBP3_HUMAN_Tsuboyama_2023_2KFV,500,ESM2 650M,Test Spearman Correlation,0.6566446905787623
substitutions,FKBP3_HUMAN_Tsuboyama_2023_2KFV,500,ESM2 8M,Test Spearman Correlation,0.7334069528278112
substitutions,MAFG_MOUSE_Tsuboyama_2023_1K1V,20,ESM2 150M,Test Spearman Correlation,0.6822292633170532
substitutions,MAFG_MOUSE_Tsuboyama_2023_1K1V,20,ESM2 35M,Test Spearman Correlation,0.6271318973275892
substitutions,MAFG_MOUSE_Tsuboyama_2023_1K1V,20,ESM2 650M,Test Spearman Correlation,0.6484840435361742
substitutions,MAFG_MOUSE_Tsuboyama_2023_1K1V,20,ESM2 8M,Test Spearman Correlation,0.5463226682134981
substitutions,MAFG_MOUSE_Tsuboyama_2023_1K1V,50,ESM2 150M,Test Spearman Correlation,0.7812257137028548
substitutions,MAFG_MOUSE_Tsuboyama_2023_1K1V,50,ESM2 35M,Test Spearman Correlation,0.7754861963447854
substitutions,MAFG_MOUSE_Tsuboyama_2023_1K1V,50,ESM2 650M,Test Spearman Correlation,0.7817005796023183
substitutions,MAFG_MOUSE_Tsuboyama_2023_1K1V,50,ESM2 8M,Test Spearman Correlation,0.736367230268921
substitutions,MAFG_MOUSE_Tsuboyama_2023_1K1V,75,ESM2 150M,Test Spearman Correlation,0.8221945303781215
substitutions,MAFG_MOUSE_Tsuboyama_2023_1K1V,75,ESM2 35M,Test Spearman Correlation,0.819046005784023
substitutions,MAFG_MOUSE_Tsuboyama_2023_1K1V,75,ESM2 650M,Test Spearman Correlation,0.830219730478922
substitutions,MAFG_MOUSE_Tsuboyama_2023_1K1V,75,ESM2 8M,Test Spearman Correlation,0.7762288169152676
substitutions,MAFG_MOUSE_Tsuboyama_2023_1K1V,100,ESM2 150M,Test Spearman Correlation,0.8536024000096001
substitutions,MAFG_MOUSE_Tsuboyama_2023_1K1V,100,ESM2 35M,Test Spearman Correlation,0.8516148560594242
substitutions,MAFG_MOUSE_Tsuboyama_2023_1K1V,100,ESM2 650M,Test Spearman Correlation,0.8522240648962596
substitutions,MAFG_MOUSE_Tsuboyama_2023_1K1V,100,ESM2 8M,Test Spearman Correlation,0.8220042672170689
substitutions,MAFG_MOUSE_Tsuboyama_2023_1K1V,200,ESM2 150M,Test Spearman Correlation,0.8851623726494905
substitutions,MAFG_MOUSE_Tsuboyama_2023_1K1V,200,ESM2 35M,Test Spearman Correlation,0.8924754899019597
substitutions,MAFG_MOUSE_Tsuboyama_2023_1K1V,200,ESM2 650M,Test Spearman Correlation,0.8891339661358645
substitutions,MAFG_MOUSE_Tsuboyama_2023_1K1V,200,ESM2 8M,Test Spearman Correlation,0.8770164424657698
substitutions,MAFG_MOUSE_Tsuboyama_2023_1K1V,350,ESM2 150M,Test Spearman Correlation,0.9106542474169897
substitutions,MAFG_MOUSE_Tsuboyama_2023_1K1V,350,ESM2 35M,Test Spearman Correlation,0.9156046896187584
substitutions,MAFG_MOUSE_Tsuboyama_2023_1K1V,350,ESM2 650M,Test Spearman Correlation,0.9169192324769299
substitutions,MAFG_MOUSE_Tsuboyama_2023_1K1V,350,ESM2 8M,Test Spearman Correlation,0.9022764091056363
substitutions,MAFG_MOUSE_Tsuboyama_2023_1K1V,500,ESM2 150M,Test Spearman Correlation,0.9222584666338663
substitutions,MAFG_MOUSE_Tsuboyama_2023_1K1V,500,ESM2 35M,Test Spearman Correlation,0.9270671258685035
substitutions,MAFG_MOUSE_Tsuboyama_2023_1K1V,500,ESM2 650M,Test Spearman Correlation,0.9282207720830883
substitutions,MAFG_MOUSE_Tsuboyama_2023_1K1V,500,ESM2 8M,Test Spearman Correlation,0.9121020004080016
substitutions,POLG_PESV_Tsuboyama_2023_2MXD,20,ESM2 150M,Test Spearman Correlation,0.5635748142992572
substitutions,POLG_PESV_Tsuboyama_2023_2MXD,20,ESM2 35M,Test Spearman Correlation,0.650914326323972
substitutions,POLG_PESV_Tsuboyama_2023_2MXD,20,ESM2 650M,Test Spearman Correlation,0.6562079688318754
substitutions,POLG_PESV_Tsuboyama_2023_2MXD,20,ESM2 8M,Test Spearman Correlation,0.5482839501218958
substitutions,POLG_PESV_Tsuboyama_2023_2MXD,50,ESM2 150M,Test Spearman Correlation,0.7503831807327229
substitutions,POLG_PESV_Tsuboyama_2023_2MXD,50,ESM2 35M,Test Spearman Correlation,0.7728916803667214
substitutions,POLG_PESV_Tsuboyama_2023_2MXD,50,ESM2 650M,Test Spearman Correlation,0.795363114252457
substitutions,POLG_PESV_Tsuboyama_2023_2MXD,50,ESM2 8M,Test Spearman Correlation,0.743811119244477
substitutions,POLG_PESV_Tsuboyama_2023_2MXD,75,ESM2 150M,Test Spearman Correlation,0.7954632042528169
substitutions,POLG_PESV_Tsuboyama_2023_2MXD,75,ESM2 35M,Test Spearman Correlation,0.8274535178140713
substitutions,POLG_PESV_Tsuboyama_2023_2MXD,75,ESM2 650M,Test Spearman Correlation,0.847468676274705
substitutions,POLG_PESV_Tsuboyama_2023_2MXD,75,ESM2 8M,Test Spearman Correlation,0.8008158880635522
substitutions,POLG_PESV_Tsuboyama_2023_2MXD,100,ESM2 150M,Test Spearman Correlation,0.8111066300265201
substitutions,POLG_PESV_Tsuboyama_2023_2MXD,100,ESM2 35M,Test Spearman Correlation,0.8486234936939747
substitutions,POLG_PESV_Tsuboyama_2023_2MXD,100,ESM2 650M,Test Spearman Correlation,0.8622612890451562
substitutions,POLG_PESV_Tsuboyama_2023_2MXD,100,ESM2 8M,Test Spearman Correlation,0.8222662426649705
substitutions,POLG_PESV_Tsuboyama_2023_2MXD,200,ESM2 150M,Test Spearman Correlation,0.8709221268885076
substitutions,POLG_PESV_Tsuboyama_2023_2MXD,200,ESM2 35M,Test Spearman Correlation,0.8836448465793862
substitutions,POLG_PESV_Tsuboyama_2023_2MXD,200,ESM2 650M,Test Spearman Correlation,0.8963145932583728
substitutions,POLG_PESV_Tsuboyama_2023_2MXD,200,ESM2 8M,Test Spearman Correlation,0.8731506702026808
substitutions,POLG_PESV_Tsuboyama_2023_2MXD,350,ESM2 150M,Test Spearman Correlation,0.8993416773667094
substitutions,POLG_PESV_Tsuboyama_2023_2MXD,350,ESM2 35M,Test Spearman Correlation,0.9061798807195227
substitutions,POLG_PESV_Tsuboyama_2023_2MXD,350,ESM2 650M,Test Spearman Correlation,0.9196101520406079
substitutions,POLG_PESV_Tsuboyama_2023_2MXD,350,ESM2 8M,Test Spearman Correlation,0.9008841539366157
substitutions,POLG_PESV_Tsuboyama_2023_2MXD,500,ESM2 150M,Test Spearman Correlation,0.9148403345613382
substitutions,POLG_PESV_Tsuboyama_2023_2MXD,500,ESM2 35M,Test Spearman Correlation,0.9217424645698582
substitutions,POLG_PESV_Tsuboyama_2023_2MXD,500,ESM2 650M,Test Spearman Correlation,0.9318820251281004
substitutions,POLG_PESV_Tsuboyama_2023_2MXD,500,ESM2 8M,Test Spearman Correlation,0.9158676730706923
substitutions,SBI_STAAM_Tsuboyama_2023_2JVG,20,ESM2 150M,Test Spearman Correlation,0.23807266186390671
substitutions,SBI_STAAM_Tsuboyama_2023_2JVG,20,ESM2 35M,Test Spearman Correlation,0.21610022313123395
substitutions,SBI_STAAM_Tsuboyama_2023_2JVG,20,ESM2 650M,Test Spearman Correlation,0.332777225104395
substitutions,SBI_STAAM_Tsuboyama_2023_2JVG,20,ESM2 8M,Test Spearman Correlation,0.18954486186498584
substitutions,SBI_STAAM_Tsuboyama_2023_2JVG,50,ESM2 150M,Test Spearman Correlation,0.5073784551138204
substitutions,SBI_STAAM_Tsuboyama_2023_2JVG,50,ESM2 35M,Test Spearman Correlation,0.3678724762228323
substitutions,SBI_STAAM_Tsuboyama_2023_2JVG,50,ESM2 650M,Test Spearman Correlation,0.5311267133068532
substitutions,SBI_STAAM_Tsuboyama_2023_2JVG,50,ESM2 8M,Test Spearman Correlation,0.3282044096743336
substitutions,SBI_STAAM_Tsuboyama_2023_2JVG,75,ESM2 150M,Test Spearman Correlation,0.6092601490405961
substitutions,SBI_STAAM_Tsuboyama_2023_2JVG,75,ESM2 35M,Test Spearman Correlation,0.448274511454665
substitutions,SBI_STAAM_Tsuboyama_2023_2JVG,75,ESM2 650M,Test Spearman Correlation,0.6368379009516038
substitutions,SBI_STAAM_Tsuboyama_2023_2JVG,75,ESM2 8M,Test Spearman Correlation,0.5140450097800391
substitutions,SBI_STAAM_Tsuboyama_2023_2JVG,100,ESM2 150M,Test Spearman Correlation,0.6521578822315288
substitutions,SBI_STAAM_Tsuboyama_2023_2JVG,100,ESM2 35M,Test Spearman Correlation,0.503320556758203
substitutions,SBI_STAAM_Tsuboyama_2023_2JVG,100,ESM2 650M,Test Spearman Correlation,0.6704261217044867
substitutions,SBI_STAAM_Tsuboyama_2023_2JVG,100,ESM2 8M,Test Spearman Correlation,0.5759031164124656
substitutions,SBI_STAAM_Tsuboyama_2023_2JVG,200,ESM2 150M,Test Spearman Correlation,0.7285736982947932
substitutions,SBI_STAAM_Tsuboyama_2023_2JVG,200,ESM2 35M,Test Spearman Correlation,0.6532299665198661
substitutions,SBI_STAAM_Tsuboyama_2023_2JVG,200,ESM2 650M,Test Spearman Correlation,0.7648127392509569
substitutions,SBI_STAAM_Tsuboyama_2023_2JVG,200,ESM2 8M,Test Spearman Correlation,0.6661774039096156
substitutions,SBI_STAAM_Tsuboyama_2023_2JVG,350,ESM2 150M,Test Spearman Correlation,0.7872822915291661
substitutions,SBI_STAAM_Tsuboyama_2023_2JVG,350,ESM2 35M,Test Spearman Correlation,0.7419852975411901
substitutions,SBI_STAAM_Tsuboyama_2023_2JVG,350,ESM2 650M,Test Spearman Correlation,0.8249528806115224
substitutions,SBI_STAAM_Tsuboyama_2023_2JVG,350,ESM2 8M,Test Spearman Correlation,0.7612369169476677
substitutions,SBI_STAAM_Tsuboyama_2023_2JVG,500,ESM2 150M,Test Spearman Correlation,0.8188966579866319
substitutions,SBI_STAAM_Tsuboyama_2023_2JVG,500,ESM2 35M,Test Spearman Correlation,0.7841788007152029
substitutions,SBI_STAAM_Tsuboyama_2023_2JVG,500,ESM2 650M,Test Spearman Correlation,0.8518962427849711
substitutions,SBI_STAAM_Tsuboyama_2023_2JVG,500,ESM2 8M,Test Spearman Correlation,0.7999607646430585
substitutions,SDA_BACSU_Tsuboyama_2023_1PV0,20,ESM2 150M,Test Spearman Correlation,0.869053873015492
substitutions,SDA_BACSU_Tsuboyama_2023_1PV0,20,ESM2 35M,Test Spearman Correlation,0.7033104676418706
substitutions,SDA_BACSU_Tsuboyama_2023_1PV0,20,ESM2 650M,Test Spearman Correlation,0.8483329197316788
substitutions,SDA_BACSU_Tsuboyama_2023_1PV0,20,ESM2 8M,Test Spearman Correlation,0.6170295459483739
substitutions,SDA_BACSU_Tsuboyama_2023_1PV0,50,ESM2 150M,Test Spearman Correlation,0.914825627302509
substitutions,SDA_BACSU_Tsuboyama_2023_1PV0,50,ESM2 35M,Test Spearman Correlation,0.8051239340957362
substitutions,SDA_BACSU_Tsuboyama_2023_1PV0,50,ESM2 650M,Test Spearman Correlation,0.8996721778887116
substitutions,SDA_BACSU_Tsuboyama_2023_1PV0,50,ESM2 8M,Test Spearman Correlation,0.760590248760995
substitutions,SDA_BACSU_Tsuboyama_2023_1PV0,75,ESM2 150M,Test Spearman Correlation,0.9265377413509654
substitutions,SDA_BACSU_Tsuboyama_2023_1PV0,75,ESM2 35M,Test Spearman Correlation,0.8255530750123
substitutions,SDA_BACSU_Tsuboyama_2023_1PV0,75,ESM2 650M,Test Spearman Correlation,0.9079101436405745
substitutions,SDA_BACSU_Tsuboyama_2023_1PV0,75,ESM2 8M,Test Spearman Correlation,0.7970702506810027
substitutions,SDA_BACSU_Tsuboyama_2023_1PV0,100,ESM2 150M,Test Spearman Correlation,0.9407417661670646
substitutions,SDA_BACSU_Tsuboyama_2023_1PV0,100,ESM2 35M,Test Spearman Correlation,0.8789113748454993
substitutions,SDA_BACSU_Tsuboyama_2023_1PV0,100,ESM2 650M,Test Spearman Correlation,0.9260903315613263
substitutions,SDA_BACSU_Tsuboyama_2023_1PV0,100,ESM2 8M,Test Spearman Correlation,0.8439620318481273
substitutions,SDA_BACSU_Tsuboyama_2023_1PV0,200,ESM2 150M,Test Spearman Correlation,0.9528321697286788
substitutions,SDA_BACSU_Tsuboyama_2023_1PV0,200,ESM2 35M,Test Spearman Correlation,0.9159777759111037
substitutions,SDA_BACSU_Tsuboyama_2023_1PV0,200,ESM2 650M,Test Spearman Correlation,0.9454643610574441
substitutions,SDA_BACSU_Tsuboyama_2023_1PV0,200,ESM2 8M,Test Spearman Correlation,0.8926612314449258
substitutions,SDA_BACSU_Tsuboyama_2023_1PV0,350,ESM2 150M,Test Spearman Correlation,0.9615985503942015
substitutions,SDA_BACSU_Tsuboyama_2023_1PV0,350,ESM2 35M,Test Spearman Correlation,0.9364455185820744
substitutions,SDA_BACSU_Tsuboyama_2023_1PV0,350,ESM2 650M,Test Spearman Correlation,0.9567814911259644
substitutions,SDA_BACSU_Tsuboyama_2023_1PV0,350,ESM2 8M,Test Spearman Correlation,0.9167570686282744
substitutions,SDA_BACSU_Tsuboyama_2023_1PV0,500,ESM2 150M,Test Spearman Correlation,0.9661209460837844
substitutions,SDA_BACSU_Tsuboyama_2023_1PV0,500,ESM2 35M,Test Spearman Correlation,0.9456215040860162
substitutions,SDA_BACSU_Tsuboyama_2023_1PV0,500,ESM2 650M,Test Spearman Correlation,0.9631357757431029
substitutions,SDA_BACSU_Tsuboyama_2023_1PV0,500,ESM2 8M,Test Spearman Correlation,0.9309934455737823
substitutions,SOX30_HUMAN_Tsuboyama_2023_7JJK,20,ESM2 150M,Test Spearman Correlation,0.650339759759039
substitutions,SOX30_HUMAN_Tsuboyama_2023_7JJK,20,ESM2 35M,Test Spearman Correlation,0.3042096378365499
substitutions,SOX30_HUMAN_Tsuboyama_2023_7JJK,20,ESM2 650M,Test Spearman Correlation,0.5194266430399055
substitutions,SOX30_HUMAN_Tsuboyama_2023_7JJK,20,ESM2 8M,Test Spearman Correlation,0.3205243981234333
substitutions,SOX30_HUMAN_Tsuboyama_2023_7JJK,50,ESM2 150M,Test Spearman Correlation,0.6969532262129048
substitutions,SOX30_HUMAN_Tsuboyama_2023_7JJK,50,ESM2 35M,Test Spearman Correlation,0.5350149880599522
substitutions,SOX30_HUMAN_Tsuboyama_2023_7JJK,50,ESM2 650M,Test Spearman Correlation,0.6771412813651254
substitutions,SOX30_HUMAN_Tsuboyama_2023_7JJK,50,ESM2 8M,Test Spearman Correlation,0.5542233976935907
substitutions,SOX30_HUMAN_Tsuboyama_2023_7JJK,75,ESM2 150M,Test Spearman Correlation,0.7559108156432626
substitutions,SOX30_HUMAN_Tsuboyama_2023_7JJK,75,ESM2 35M,Test Spearman Correlation,0.6314479305917223
substitutions,SOX30_HUMAN_Tsuboyama_2023_7JJK,75,ESM2 650M,Test Spearman Correlation,0.7171193740774963
substitutions,SOX30_HUMAN_Tsuboyama_2023_7JJK,75,ESM2 8M,Test Spearman Correlation,0.6143880095520381
substitutions,SOX30_HUMAN_Tsuboyama_2023_7JJK,100,ESM2 150M,Test Spearman Correlation,0.7713118692474769
substitutions,SOX30_HUMAN_Tsuboyama_2023_7JJK,100,ESM2 35M,Test Spearman Correlation,0.6728102624410497
substitutions,SOX30_HUMAN_Tsuboyama_2023_7JJK,100,ESM2 650M,Test Spearman Correlation,0.7482562922251688
substitutions,SOX30_HUMAN_Tsuboyama_2023_7JJK,100,ESM2 8M,Test Spearman Correlation,0.6762382441529766
substitutions,SOX30_HUMAN_Tsuboyama_2023_7JJK,200,ESM2 150M,Test Spearman Correlation,0.8186465481861926
substitutions,SOX30_HUMAN_Tsuboyama_2023_7JJK,200,ESM2 35M,Test Spearman Correlation,0.7805772791091165
substitutions,SOX30_HUMAN_Tsuboyama_2023_7JJK,200,ESM2 650M,Test Spearman Correlation,0.8233896103584414
substitutions,SOX30_HUMAN_Tsuboyama_2023_7JJK,200,ESM2 8M,Test Spearman Correlation,0.7563581870327482
substitutions,SOX30_HUMAN_Tsuboyama_2023_7JJK,350,ESM2 150M,Test Spearman Correlation,0.8604462577850311
substitutions,SOX30_HUMAN_Tsuboyama_2023_7JJK,350,ESM2 35M,Test Spearman Correlation,0.8287262429049715
substitutions,SOX30_HUMAN_Tsuboyama_2023_7JJK,350,ESM2 650M,Test Spearman Correlation,0.8656736706946827
substitutions,SOX30_HUMAN_Tsuboyama_2023_7JJK,350,ESM2 8M,Test Spearman Correlation,0.807957702230809
substitutions,SOX30_HUMAN_Tsuboyama_2023_7JJK,500,ESM2 150M,Test Spearman Correlation,0.8787903183612734
substitutions,SOX30_HUMAN_Tsuboyama_2023_7JJK,500,ESM2 35M,Test Spearman Correlation,0.8579241836967346
substitutions,SOX30_HUMAN_Tsuboyama_2023_7JJK,500,ESM2 650M,Test Spearman Correlation,0.8876284689138757
substitutions,SOX30_HUMAN_Tsuboyama_2023_7JJK,500,ESM2 8M,Test Spearman Correlation,0.8369377221508886
substitutions,YNZC_BACSU_Tsuboyama_2023_2JVD,20,ESM2 150M,Test Spearman Correlation,0.6660023879432198
substitutions,YNZC_BACSU_Tsuboyama_2023_2JVD,20,ESM2 35M,Test Spearman Correlation,0.6487621451639091
substitutions,YNZC_BACSU_Tsuboyama_2023_2JVD,20,ESM2 650M,Test Spearman Correlation,0.6312146852135113
substitutions,YNZC_BACSU_Tsuboyama_2023_2JVD,20,ESM2 8M,Test Spearman Correlation,0.617805135899437
substitutions,YNZC_BACSU_Tsuboyama_2023_2JVD,50,ESM2 150M,Test Spearman Correlation,0.7796498385993543
substitutions,YNZC_BACSU_Tsuboyama_2023_2JVD,50,ESM2 35M,Test Spearman Correlation,0.7433781383125533
substitutions,YNZC_BACSU_Tsuboyama_2023_2JVD,50,ESM2 650M,Test Spearman Correlation,0.7635224748898995
substitutions,YNZC_BACSU_Tsuboyama_2023_2JVD,50,ESM2 8M,Test Spearman Correlation,0.7482469225876903
substitutions,YNZC_BACSU_Tsuboyama_2023_2JVD,75,ESM2 150M,Test Spearman Correlation,0.801604944019776
substitutions,YNZC_BACSU_Tsuboyama_2023_2JVD,75,ESM2 35M,Test Spearman Correlation,0.7937186180744723
substitutions,YNZC_BACSU_Tsuboyama_2023_2JVD,75,ESM2 650M,Test Spearman Correlation,0.794562010248041
substitutions,YNZC_BACSU_Tsuboyama_2023_2JVD,75,ESM2 8M,Test Spearman Correlation,0.785818007272029
substitutions,YNZC_BACSU_Tsuboyama_2023_2JVD,100,ESM2 150M,Test Spearman Correlation,0.8171183948735795
substitutions,YNZC_BACSU_Tsuboyama_2023_2JVD,100,ESM2 35M,Test Spearman Correlation,0.806578349513398
substitutions,YNZC_BACSU_Tsuboyama_2023_2JVD,100,ESM2 650M,Test Spearman Correlation,0.8112618146472584
substitutions,YNZC_BACSU_Tsuboyama_2023_2JVD,100,ESM2 8M,Test Spearman Correlation,0.8001732614930459
substitutions,YNZC_BACSU_Tsuboyama_2023_2JVD,200,ESM2 150M,Test Spearman Correlation,0.8545172740690962
substitutions,YNZC_BACSU_Tsuboyama_2023_2JVD,200,ESM2 35M,Test Spearman Correlation,0.8492175728702914
substitutions,YNZC_BACSU_Tsuboyama_2023_2JVD,200,ESM2 650M,Test Spearman Correlation,0.8508230064920259
substitutions,YNZC_BACSU_Tsuboyama_2023_2JVD,200,ESM2 8M,Test Spearman Correlation,0.8406637178548714
substitutions,YNZC_BACSU_Tsuboyama_2023_2JVD,350,ESM2 150M,Test Spearman Correlation,0.8814816315265261
substitutions,YNZC_BACSU_Tsuboyama_2023_2JVD,350,ESM2 35M,Test Spearman Correlation,0.8769127524510096
substitutions,YNZC_BACSU_Tsuboyama_2023_2JVD,350,ESM2 650M,Test Spearman Correlation,0.8823205500822002
substitutions,YNZC_BACSU_Tsuboyama_2023_2JVD,350,ESM2 8M,Test Spearman Correlation,0.870531328525314
substitutions,YNZC_BACSU_Tsuboyama_2023_2JVD,500,ESM2 150M,Test Spearman Correlation,0.8983185532742131
substitutions,YNZC_BACSU_Tsuboyama_2023_2JVD,500,ESM2 35M,Test Spearman Correlation,0.8965306709226837
substitutions,YNZC_BACSU_Tsuboyama_2023_2JVD,500,ESM2 650M,Test Spearman Correlation,0.896301930807723
substitutions,YNZC_BACSU_Tsuboyama_2023_2JVD,500,ESM2 8M,Test Spearman Correlation,0.8895559454237816
indels,MAFG_MOUSE_Tsuboyama_2023_1K1V_indels,20,ESM2 150M,Top 20 Accuracy,100.0
indels,MAFG_MOUSE_Tsuboyama_2023_1K1V_indels,20,ESM2 35M,Top 20 Accuracy,100.0
indels,MAFG_MOUSE_Tsuboyama_2023_1K1V_indels,20,ESM2 650M,Top 20 Accuracy,100.0
indels,MAFG_MOUSE_Tsuboyama_2023_1K1V_indels,20,ESM2 8M,Top 20 Accuracy,100.0
indels,MAFG_MOUSE_Tsuboyama_2023_1K1V_indels,40,ESM2 150M,Top 20 Accuracy,100.0
indels,MAFG_MOUSE_Tsuboyama_2023_1K1V_indels,40,ESM2 35M,Top 20 Accuracy,100.0
indels,MAFG_MOUSE_Tsuboyama_2023_1K1V_indels,40,ESM2 650M,Top 20 Accuracy,100.0
indels,MAFG_MOUSE_Tsuboyama_2023_1K1V_indels,40,ESM2 8M,Top 20 Accuracy,100.0
indels,MAFG_MOUSE_Tsuboyama_2023_1K1V_indels,60,ESM2 150M,Top 20 Accuracy,100.0
indels,MAFG_MOUSE_Tsuboyama_2023_1K1V_indels,60,ESM2 35M,Top 20 Accuracy,100.0
indels,MAFG_MOUSE_Tsuboyama_2023_1K1V_indels,60,ESM2 650M,Top 20 Accuracy,100.0
indels,MAFG_MOUSE_Tsuboyama_2023_1K1V_indels,60,ESM2 8M,Top 20 Accuracy,100.0
indels,MAFG_MOUSE_Tsuboyama_2023_1K1V_indels,80,ESM2 150M,Top 20 Accuracy,100.0
indels,MAFG_MOUSE_Tsuboyama_2023_1K1V_indels,80,ESM2 35M,Top 20 Accuracy,100.0
indels,MAFG_MOUSE_Tsuboyama_2023_1K1V_indels,80,ESM2 650M,Top 20 Accuracy,100.0
indels,MAFG_MOUSE_Tsuboyama_2023_1K1V_indels,80,ESM2 8M,Top 20 Accuracy,100.0
indels,PIN1_HUMAN_Tsuboyama_2023_1I6C_indels,20,ESM2 150M,Top 20 Accuracy,100.0
indels,PIN1_HUMAN_Tsuboyama_2023_1I6C_indels,20,ESM2 35M,Top 20 Accuracy,100.0
indels,PIN1_HUMAN_Tsuboyama_2023_1I6C_indels,20,ESM2 650M,Top 20 Accuracy,100.0
indels,PIN1_HUMAN_Tsuboyama_2023_1I6C_indels,20,ESM2 8M,Top 20 Accuracy,100.0
indels,PIN1_HUMAN_Tsuboyama_2023_1I6C_indels,40,ESM2 150M,Top 20 Accuracy,100.0
indels,PIN1_HUMAN_Tsuboyama_2023_1I6C_indels,40,ESM2 35M,Top 20 Accuracy,100.0
indels,PIN1_HUMAN_Tsuboyama_2023_1I6C_indels,40,ESM2 650M,Top 20 Accuracy,100.0
indels,PIN1_HUMAN_Tsuboyama_2023_1I6C_indels,40,ESM2 8M,Top 20 Accuracy,100.0
indels,PIN1_HUMAN_Tsuboyama_2023_1I6C_indels,60,ESM2 150M,Top 20 Accuracy,100.0
indels,PIN1_HUMAN_Tsuboyama_2023_1I6C_indels,60,ESM2 35M,Top 20 Accuracy,100.0
indels,PIN1_HUMAN_Tsuboyama_2023_1I6C_indels,60,ESM2 650M,Top 20 Accuracy,100.0
indels,PIN1_HUMAN_Tsuboyama_2023_1I6C_indels,60,ESM2 8M,Top 20 Accuracy,100.0
indels,PIN1_HUMAN_Tsuboyama_2023_1I6C_indels,80,ESM2 150M,Top 20 Accuracy,100.0
indels,PIN1_HUMAN_Tsuboyama_2023_1I6C_indels,80,ESM2 35M,Top 20 Accuracy,100.0
indels,PIN1_HUMAN_Tsuboyama_2023_1I6C_indels,80,ESM2 650M,Top 20 Accuracy,100.0
indels,PIN1_HUMAN_Tsuboyama_2023_1I6C_indels,80,ESM2 8M,Top 20 Accuracy,100.0
indels,PKN1_HUMAN_Tsuboyama_2023_1URF_indels,20,ESM2 150M,Top 20 Accuracy,100.0
indels,PKN1_HUMAN_Tsuboyama_2023_1URF_indels,20,ESM2 35M,Top 20 Accuracy,100.0
indels,PKN1_HUMAN_Tsuboyama_2023_1URF_indels,20,ESM2 650M,Top 20 Accuracy,100.0
indels,PKN1_HUMAN_Tsuboyama_2023_1URF_indels,20,ESM2 8M,Top 20 Accuracy,100.0
indels,PKN1_HUMAN_Tsuboyama_2023_1URF_indels,40,ESM2 150M,Top 20 Accuracy,100.0
indels,PKN1_HUMAN_Tsuboyama_2023_1URF_indels,40,ESM2 35M,Top 20 Accuracy,100.0
indels,PKN1_HUMAN_Tsuboyama_2023_1URF_indels,40,ESM2 650M,Top 20 Accuracy,100.0
indels,PKN1_HUMAN_Tsuboyama_2023_1URF_indels,40,ESM2 8M,Top 20 Accuracy,100.0
indels,PKN1_HUMAN_Tsuboyama_2023_1URF_indels,60,ESM2 150M,Top 20 Accuracy,100.0
indels,PKN1_HUMAN_Tsuboyama_2023_1URF_indels,60,ESM2 35M,Top 20 Accuracy,100.0
indels,PKN1_HUMAN_Tsuboyama_2023_1URF_indels,60,ESM2 650M,Top 20 Accuracy,100.0
indels,PKN1_HUMAN_Tsuboyama_2023_1URF_indels,60,ESM2 8M,Top 20 Accuracy,100.0
indels,PKN1_HUMAN_Tsuboyama_2023_1URF_indels,80,ESM2 150M,Top 20 Accuracy,100.0
indels,PKN1_HUMAN_Tsuboyama_2023_1URF_indels,80,ESM2 35M,Top 20 Accuracy,100.0
indels,PKN1_HUMAN_Tsuboyama_2023_1URF_indels,80,ESM2 650M,Top 20 Accuracy,100.0
indels,PKN1_HUMAN_Tsuboyama_2023_1URF_indels,80,ESM2 8M,Top 20 Accuracy,100.0
indels,POLG_PESV_Tsuboyama_2023_2MXD_indels,20,ESM2 150M,Top 20 Accuracy,100.0
indels,POLG_PESV_Tsuboyama_2023_2MXD_indels,20,ESM2 35M,Top 20 Accuracy,100.0
indels,POLG_PESV_Tsuboyama_2023_2MXD_indels,20,ESM2 650M,Top 20 Accuracy,100.0
indels,POLG_PESV_Tsuboyama_2023_2MXD_indels,20,ESM2 8M,Top 20 Accuracy,100.0
indels,POLG_PESV_Tsuboyama_2023_2MXD_indels,40,ESM2 150M,Top 20 Accuracy,100.0
indels,POLG_PESV_Tsuboyama_2023_2MXD_indels,40,ESM2 35M,Top 20 Accuracy,100.0
indels,POLG_PESV_Tsuboyama_2023_2MXD_indels,40,ESM2 650M,Top 20 Accuracy,100.0
indels,POLG_PESV_Tsuboyama_2023_2MXD_indels,40,ESM2 8M,Top 20 Accuracy,100.0
indels,POLG_PESV_Tsuboyama_2023_2MXD_indels,60,ESM2 150M,Top 20 Accuracy,100.0
indels,POLG_PESV_Tsuboyama_2023_2MXD_indels,60,ESM2 35M,Top 20 Accuracy,100.0
indels,POLG_PESV_Tsuboyama_2023_2MXD_indels,60,ESM2 650M,Top 20 Accuracy,100.0
indels,POLG_PESV_Tsuboyama_2023_2MXD_indels,60,ESM2 8M,Top 20 Accuracy,100.0
indels,POLG_PESV_Tsuboyama_2023_2MXD_indels,80,ESM2 150M,Top 20 Accuracy,100.0
indels,POLG_PESV_Tsuboyama_2023_2MXD_indels,80,ESM2 35M,Top 20 Accuracy,100.0
indels,POLG_PESV_Tsuboyama_2023_2MXD_indels,80,ESM2 650M,Top 20 Accuracy,100.0
indels,POLG_PESV_Tsuboyama_2023_2MXD_indels,80,ESM2 8M,Top 20 Accuracy,100.0
indels,RD23A_HUMAN_Tsuboyama_2023_1IFY_indels,20,ESM2 150M,Top 20 Accuracy,100.0
indels,RD23A_HUMAN_Tsuboyama_2023_1IFY_indels,20,ESM2 35M,Top 20 Accuracy,100.0
indels,RD23A_HUMAN_Tsuboyama_2023_1IFY_indels,20,ESM2 650M,Top 20 Accuracy,100.0
indels,RD23A_HUMAN_Tsuboyama_2023_1IFY_indels,20,ESM2 8M,Top 20 Accuracy,100.0
indels,RD23A_HUMAN_Tsuboyama_2023_1IFY_indels,40,ESM2 150M,Top 20 Accuracy,100.0
indels,RD23A_HUMAN_Tsuboyama_2023_1IFY_indels,40,ESM2 35M,Top 20 Accuracy,100.0
indels,RD23A_HUMAN_Tsuboyama_2023_1IFY_indels,40,ESM2 650M,Top 20 Accuracy,100.0
indels,RD23A_HUMAN_Tsuboyama_2023_1IFY_indels,40,ESM2 8M,Top 20 Accuracy,100.0
indels,RD23A_HUMAN_Tsuboyama_2023_1IFY_indels,60,ESM2 150M,Top 20 Accuracy,100.0
indels,RD23A_HUMAN_Tsuboyama_2023_1IFY_indels,60,ESM2 35M,Top 20 Accuracy,100.0
indels,RD23A_HUMAN_Tsuboyama_2023_1IFY_indels,60,ESM2 650M,Top 20 Accuracy,100.0
indels,RD23A_HUMAN_Tsuboyama_2023_1IFY_indels,60,ESM2 8M,Top 20 Accuracy,100.0
indels,RD23A_HUMAN_Tsuboyama_2023_1IFY_indels,80,ESM2 150M,Top 20 Accuracy,100.0
indels,RD23A_HUMAN_Tsuboyama_2023_1IFY_indels,80,ESM2 35M,Top 20 Accuracy,100.0
indels,RD23A_HUMAN_Tsuboyama_2023_1IFY_indels,80,ESM2 650M,Top 20 Accuracy,100.0
indels,RD23A_HUMAN_Tsuboyama_2023_1IFY_indels,80,ESM2 8M,Top 20 Accuracy,100.0
indels,RPC1_BP434_Tsuboyama_2023_1R69_indels,20,ESM2 150M,Top 20 Accuracy,100.0
indels,RPC1_BP434_Tsuboyama_2023_1R69_indels,20,ESM2 35M,Top 20 Accuracy,100.0
indels,RPC1_BP434_Tsuboyama_2023_1R69_indels,20,ESM2 650M,Top 20 Accuracy,100.0
indels,RPC1_BP434_Tsuboyama_2023_1R69_indels,20,ESM2 8M,Top 20 Accuracy,100.0
indels,RPC1_BP434_Tsuboyama_2023_1R69_indels,40,ESM2 150M,Top 20 Accuracy,100.0
indels,RPC1_BP434_Tsuboyama_2023_1R69_indels,40,ESM2 35M,Top 20 Accuracy,100.0
indels,RPC1_BP434_Tsuboyama_2023_1R69_indels,40,ESM2 650M,Top 20 Accuracy,100.0
indels,RPC1_BP434_Tsuboyama_2023_1R69_indels,40,ESM2 8M,Top 20 Accuracy,100.0
indels,RPC1_BP434_Tsuboyama_2023_1R69_indels,60,ESM2 150M,Top 20 Accuracy,100.0
indels,RPC1_BP434_Tsuboyama_2023_1R69_indels,60,ESM2 35M,Top 20 Accuracy,100.0
indels,RPC1_BP434_Tsuboyama_2023_1R69_indels,60,ESM2 650M,Top 20 Accuracy,100.0
indels,RPC1_BP434_Tsuboyama_2023_1R69_indels,60,ESM2 8M,Top 20 Accuracy,100.0
indels,RPC1_BP434_Tsuboyama_2023_1R69_indels,80,ESM2 150M,Top 20 Accuracy,100.0
indels,RPC1_BP434_Tsuboyama_2023_1R69_indels,80,ESM2 35M,Top 20 Accuracy,100.0
indels,RPC1_BP434_Tsuboyama_2023_1R69_indels,80,ESM2 650M,Top 20 Accuracy,100.0
indels,RPC1_BP434_Tsuboyama_2023_1R69_indels,80,ESM2 8M,Top 20 Accuracy,100.0
indels,SDA_BACSU_Tsuboyama_2023_1PV0_indels,20,ESM2 150M,Top 20 Accuracy,100.0
indels,SDA_BACSU_Tsuboyama_2023_1PV0_indels,20,ESM2 35M,Top 20 Accuracy,100.0
indels,SDA_BACSU_Tsuboyama_2023_1PV0_indels,20,ESM2 650M,Top 20 Accuracy,100.0
indels,SDA_BACSU_Tsuboyama_2023_1PV0_indels,20,ESM2 8M,Top 20 Accuracy,100.0
indels,SDA_BACSU_Tsuboyama_2023_1PV0_indels,40,ESM2 150M,Top 20 Accuracy,100.0
indels,SDA_BACSU_Tsuboyama_2023_1PV0_indels,40,ESM2 35M,Top 20 Accuracy,100.0
indels,SDA_BACSU_Tsuboyama_2023_1PV0_indels,40,ESM2 650M,Top 20 Accuracy,100.0
indels,SDA_BACSU_Tsuboyama_2023_1PV0_indels,40,ESM2 8M,Top 20 Accuracy,100.0
indels,SDA_BACSU_Tsuboyama_2023_1PV0_indels,60,ESM2 150M,Top 20 Accuracy,100.0
indels,SDA_BACSU_Tsuboyama_2023_1PV0_indels,60,ESM2 35M,Top 20 Accuracy,100.0
indels,SDA_BACSU_Tsuboyama_2023_1PV0_indels,60,ESM2 650M,Top 20 Accuracy,100.0
indels,SDA_BACSU_Tsuboyama_2023_1PV0_indels,60,ESM2 8M,Top 20 Accuracy,100.0
indels,SDA_BACSU_Tsuboyama_2023_1PV0_indels,80,ESM2 150M,Top 20 Accuracy,100.0
indels,SDA_BACSU_Tsuboyama_2023_1PV0_indels,80,ESM2 35M,Top 20 Accuracy,100.0
indels,SDA_BACSU_Tsuboyama_2023_1PV0_indels,80,ESM2 650M,Top 20 Accuracy,100.0
indels,SDA_BACSU_Tsuboyama_2023_1PV0_indels,80,ESM2 8M,Top 20 Accuracy,100.0
indels,SQSTM_MOUSE_Tsuboyama_2023_2RRU_indels,20,ESM2 150M,Top 20 Accuracy,100.0
indels,SQSTM_MOUSE_Tsuboyama_2023_2RRU_indels,20,ESM2 35M,Top 20 Accuracy,100.0
indels,SQSTM_MOUSE_Tsuboyama_2023_2RRU_indels,20,ESM2 650M,Top 20 Accuracy,100.0
indels,SQSTM_MOUSE_Tsuboyama_2023_2RRU_indels,20,ESM2 8M,Top 20 Accuracy,100.0
indels,SQSTM_MOUSE_Tsuboyama_2023_2RRU_indels,40,ESM2 150M,Top 20 Accuracy,100.0
indels,SQSTM_MOUSE_Tsuboyama_2023_2RRU_indels,40,ESM2 35M,Top 20 Accuracy,100.0
indels,SQSTM_MOUSE_Tsuboyama_2023_2RRU_indels,40,ESM2 650M,Top 20 Accuracy,100.0
indels,SQSTM_MOUSE_Tsuboyama_2023_2RRU_indels,40,ESM2 8M,Top 20 Accuracy,100.0
indels,SQSTM_MOUSE_Tsuboyama_2023_2RRU_indels,60,ESM2 150M,Top 20 Accuracy,100.0
indels,SQSTM_MOUSE_Tsuboyama_2023_2RRU_indels,60,ESM2 35M,Top 20 Accuracy,100.0
indels,SQSTM_MOUSE_Tsuboyama_2023_2RRU_indels,60,ESM2 650M,Top 20 Accuracy,100.0
indels,SQSTM_MOUSE_Tsuboyama_2023_2RRU_indels,60,ESM2 8M,Top 20 Accuracy,100.0
indels,SQSTM_MOUSE_Tsuboyama_2023_2RRU_indels,80,ESM2 150M,Top 20 Accuracy,100.0
indels,SQSTM_MOUSE_Tsuboyama_2023_2RRU_indels,80,ESM2 35M,Top 20 Accuracy,100.0
indels,SQSTM_MOUSE_Tsuboyama_2023_2RRU_indels,80,ESM2 650M,Top 20 Accuracy,100.0
indels,SQSTM_MOUSE_Tsuboyama_2023_2RRU_indels,80,ESM2 8M,Top 20 Accuracy,100.0
indels,VG08_BPP22_Tsuboyama_2023_2GP8_indels,20,ESM2 150M,Top 20 Accuracy,100.0
indels,VG08_BPP22_Tsuboyama_2023_2GP8_indels,20,ESM2 35M,Top 20 Accuracy,100.0
indels,VG08_BPP22_Tsuboyama_2023_2GP8_indels,20,ESM2 650M,Top 20 Accuracy,100.0
indels,VG08_BPP22_Tsuboyama_2023_2GP8_indels,20,ESM2 8M,Top 20 Accuracy,100.0
indels,VG08_BPP22_Tsuboyama_2023_2GP8_indels,40,ESM2 150M,Top 20 Accuracy,100.0
indels,VG08_BPP22_Tsuboyama_2023_2GP8_indels,40,ESM2 35M,Top 20 Accuracy,100.0
indels,VG08_BPP22_Tsuboyama_2023_2GP8_indels,40,ESM2 650M,Top 20 Accuracy,100.0
indels,VG08_BPP22_Tsuboyama_2023_2GP8_indels,40,ESM2 8M,Top 20 Accuracy,100.0
indels,VG08_BPP22_Tsuboyama_2023_2GP8_indels,60,ESM2 150M,Top 20 Accuracy,100.0
indels,VG08_BPP22_Tsuboyama_2023_2GP8_indels,60,ESM2 35M,Top 20 Accuracy,100.0
indels,VG08_BPP22_Tsuboyama_2023_2GP8_indels,60,ESM2 650M,Top 20 Accuracy,100.0
indels,VG08_BPP22_Tsuboyama_2023_2GP8_indels,60,ESM2 8M,Top 20 Accuracy,100.0
indels,VG08_BPP22_Tsuboyama_2023_2GP8_indels,80,ESM2 150M,Top 20 Accuracy,100.0
indels,VG08_BPP22_Tsuboyama_2023_2GP8_indels,80,ESM2 35M,Top 20 Accuracy,100.0
indels,VG08_BPP22_Tsuboyama_2023_2GP8_indels,80,ESM2 650M,Top 20 Accuracy,100.0
indels,VG08_BPP22_Tsuboyama_2023_2GP8_indels,80,ESM2 8M,Top 20 Accuracy,100.0
indels,YNZC_BACSU_Tsuboyama_2023_2JVD_indels,20,ESM2 150M,Top 20 Accuracy,100.0
indels,YNZC_BACSU_Tsuboyama_2023_2JVD_indels,20,ESM2 35M,Top 20 Accuracy,100.0
indels,YNZC_BACSU_Tsuboyama_2023_2JVD_indels,20,ESM2 650M,Top 20 Accuracy,100.0
indels,YNZC_BACSU_Tsuboyama_2023_2JVD_indels,20,ESM2 8M,Top 20 Accuracy,100.0
indels,YNZC_BACSU_Tsuboyama_2023_2JVD_indels,40,ESM2 150M,Top 20 Accuracy,100.0
indels,YNZC_BACSU_Tsuboyama_2023_2JVD_indels,40,ESM2 35M,Top 20 Accuracy,100.0
indels,YNZC_BACSU_Tsuboyama_2023_2JVD_indels,40,ESM2 650M,Top 20 Accuracy,100.0
indels,YNZC_BACSU_Tsuboyama_2023_2JVD_indels,40,ESM2 8M,Top 20 Accuracy,100.0
indels,YNZC_BACSU_Tsuboyama_2023_2JVD_indels,60,ESM2 150M,Top 20 Accuracy,100.0
indels,YNZC_BACSU_Tsuboyama_2023_2JVD_indels,60,ESM2 35M,Top 20 Accuracy,100.0
indels,YNZC_BACSU_Tsuboyama_2023_2JVD_indels,60,ESM2 650M,Top 20 Accuracy,100.0
indels,YNZC_BACSU_Tsuboyama_2023_2JVD_indels,60,ESM2 8M,Top 20 Accuracy,100.0
indels,YNZC_BACSU_Tsuboyama_2023_2JVD_indels,80,ESM2 150M,Top 20 Accuracy,100.0
indels,YNZC_BACSU_Tsuboyama_2023_2JVD_indels,80,ESM2 35M,Top 20 Accuracy,100.0
indels,YNZC_BACSU_Tsuboyama_2023_2JVD_indels,80,ESM2 650M,Top 20 Accuracy,100.0
indels,YNZC_BACSU_Tsuboyama_2023_2JVD_indels,80,ESM2 8M,Top 20 Accuracy,100.0
peptides,EC_all_40,20,ESM2 150M,Top 20 Accuracy,21.0
peptides,EC_all_40,20,ESM2 35M,Top 20 Accuracy,12.5
peptides,EC_all_40,20,ESM2 650M,Top 20 Accuracy,19.0
peptides,EC_all_40,20,ESM2 8M,Top 20 Accuracy,16.0
peptides,EC_all_40,50,ESM2 150M,Top 20 Accuracy,25.0
peptides,EC_all_40,50,ESM2 35M,Top 20 Accuracy,21.5
peptides,EC_all_40,50,ESM2 650M,Top 20 Accuracy,21.0
peptides,EC_all_40,50,ESM2 8M,Top 20 Accuracy,24.0
peptides,EC_all_40,75,ESM2 150M,Top 20 Accuracy,25.5
peptides,EC_all_40,75,ESM2 35M,Top 20 Accuracy,19.0
peptides,EC_all_40,75,ESM2 650M,Top 20 Accuracy,30.0
peptides,EC_all_40,75,ESM2 8M,Top 20 Accuracy,25.5
peptides,EC_all_40,100,ESM2 150M,Top 20 Accuracy,27.0
peptides,EC_all_40,100,ESM2 35M,Top 20 Accuracy,22.0
peptides,EC_all_40,100,ESM2 650M,Top 20 Accuracy,29.5
peptides,EC_all_40,100,ESM2 8M,Top 20 Accuracy,27.5
peptides,EC_all_40,200,ESM2 150M,Top 20 Accuracy,30.5
peptides,EC_all_40,200,ESM2 35M,Top 20 Accuracy,25.0
peptides,EC_all_40,200,ESM2 650M,Top 20 Accuracy,33.5
peptides,EC_all_40,200,ESM2 8M,Top 20 Accuracy,31.0
peptides,EC_all_40,350,ESM2 150M,Top 20 Accuracy,42.5
peptides,EC_all_40,350,ESM2 35M,Top 20 Accuracy,29.0
peptides,EC_all_40,350,ESM2 650M,Top 20 Accuracy,45.0
peptides,EC_all_40,350,ESM2 8M,Top 20 Accuracy,39.0
peptides,EC_all_40,500,ESM2 150M,Top 20 Accuracy,39.5
peptides,EC_all_40,500,ESM2 35M,Top 20 Accuracy,33.5
peptides,EC_all_40,500,ESM2 650M,Top 20 Accuracy,42.5
peptides,EC_all_40,500,ESM2 8M,Top 20 Accuracy,41.0
peptides,PA_all_40,20,ESM2 150M,Top 20 Accuracy,14.0
peptides,PA_all_40,20,ESM2 35M,Top 20 Accuracy,10.5
peptides,PA_all_40,20,ESM2 650M,Top 20 Accuracy,15.0
peptides,PA_all_40,20,ESM2 8M,Top 20 Accuracy,10.0
peptides,PA_all_40,50,ESM2 150M,Top 20 Accuracy,12.5
peptides,PA_all_40,50,ESM2 35M,Top 20 Accuracy,1.0
peptides,PA_all_40,50,ESM2 650M,Top 20 Accuracy,21.0
peptides,PA_all_40,50,ESM2 8M,Top 20 Accuracy,6.5
peptides,PA_all_40,75,ESM2 150M,Top 20 Accuracy,21.0
peptides,PA_all_40,75,ESM2 35M,Top 20 Accuracy,9.5
peptides,PA_all_40,75,ESM2 650M,Top 20 Accuracy,27.0
peptides,PA_all_40,75,ESM2 8M,Top 20 Accuracy,20.5
peptides,PA_all_40,100,ESM2 150M,Top 20 Accuracy,23.5
peptides,PA_all_40,100,ESM2 35M,Top 20 Accuracy,19.5
peptides,PA_all_40,100,ESM2 650M,Top 20 Accuracy,30.0
peptides,PA_all_40,100,ESM2 8M,Top 20 Accuracy,26.5
peptides,PA_all_40,200,ESM2 150M,Top 20 Accuracy,32.0
peptides,PA_all_40,200,ESM2 35M,Top 20 Accuracy,17.0
peptides,PA_all_40,200,ESM2 650M,Top 20 Accuracy,36.0
peptides,PA_all_40,200,ESM2 8M,Top 20 Accuracy,26.5
peptides,PA_all_40,350,ESM2 150M,Top 20 Accuracy,35.5
peptides,PA_all_40,350,ESM2 35M,Top 20 Accuracy,25.0
peptides,PA_all_40,350,ESM2 650M,Top 20 Accuracy,35.0
peptides,PA_all_40,350,ESM2 8M,Top 20 Accuracy,35.5
peptides,PA_all_40,500,ESM2 150M,Top 20 Accuracy,34.5
peptides,PA_all_40,500,ESM2 35M,Top 20 Accuracy,23.0
peptides,PA_all_40,500,ESM2 650M,Top 20 Accuracy,37.0
peptides,PA_all_40,500,ESM2 8M,Top 20 Accuracy,34.0
peptides,SA_all_40,20,ESM2 150M,Top 20 Accuracy,7.0
peptides,SA_all_40,20,ESM2 35M,Top 20 Accuracy,7.5
peptides,SA_all_40,20,ESM2 650M,Top 20 Accuracy,11.0
peptides,SA_all_40,20,ESM2 8M,Top 20 Accuracy,4.0
peptides,SA_all_40,50,ESM2 150M,Top 20 Accuracy,9.0
peptides,SA_all_40,50,ESM2 35M,Top 20 Accuracy,5.5
peptides,SA_all_40,50,ESM2 650M,Top 20 Accuracy,10.0
peptides,SA_all_40,50,ESM2 8M,Top 20 Accuracy,5.5
peptides,SA_all_40,75,ESM2 150M,Top 20 Accuracy,8.5
peptides,SA_all_40,75,ESM2 35M,Top 20 Accuracy,7.0
peptides,SA_all_40,75,ESM2 650M,Top 20 Accuracy,10.0
peptides,SA_all_40,75,ESM2 8M,Top 20 Accuracy,9.5
peptides,SA_all_40,100,ESM2 150M,Top 20 Accuracy,10.0
peptides,SA_all_40,100,ESM2 35M,Top 20 Accuracy,8.5
peptides,SA_all_40,100,ESM2 650M,Top 20 Accuracy,11.0
peptides,SA_all_40,100,ESM2 8M,Top 20 Accuracy,10.0
peptides,SA_all_40,200,ESM2 150M,Top 20 Accuracy,11.0
peptides,SA_all_40,200,ESM2 35M,Top 20 Accuracy,11.0
peptides,SA_all_40,200,ESM2 650M,Top 20 Accuracy,13.0
peptides,SA_all_40,200,ESM2 8M,Top 20 Accuracy,10.0
peptides,SA_all_40,350,ESM2 150M,Top 20 Accuracy,15.0
peptides,SA_all_40,350,ESM2 35M,Top 20 Accuracy,12.0
peptides,SA_all_40,350,ESM2 650M,Top 20 Accuracy,13.5
peptides,SA_all_40,350,ESM2 8M,Top 20 Accuracy,12.0
peptides,SA_all_40,500,ESM2 150M,Top 20 Accuracy,17.0
peptides,SA_all_40,500,ESM2 35M,Top 20 Accuracy,16.0
peptides,SA_all_40,500,ESM2 650M,Top 20 Accuracy,14.5
peptides,SA_all_40,500,ESM2 8M,Top 20 Accuracy,12.0
peptides,hemopi2_all,20,ESM2 150M,Top 20 Accuracy,4.0
peptides,hemopi2_all,20,ESM2 35M,Top 20 Accuracy,1.5
peptides,hemopi2_all,20,ESM2 650M,Top 20 Accuracy,6.5
peptides,hemopi2_all,20,ESM2 8M,Top 20 Accuracy,4.0
peptides,hemopi2_all,50,ESM2 150M,Top 20 Accuracy,3.5
peptides,hemopi2_all,50,ESM2 35M,Top 20 Accuracy,4.0
peptides,hemopi2_all,50,ESM2 650M,Top 20 Accuracy,3.0
peptides,hemopi2_all,50,ESM2 8M,Top 20 Accuracy,10.0
peptides,hemopi2_all,75,ESM2 150M,Top 20 Accuracy,9.0
peptides,hemopi2_all,75,ESM2 35M,Top 20 Accuracy,10.0
peptides,hemopi2_all,75,ESM2 650M,Top 20 Accuracy,7.0
peptides,hemopi2_all,75,ESM2 8M,Top 20 Accuracy,11.5
peptides,hemopi2_all,100,ESM2 150M,Top 20 Accuracy,16.0
peptides,hemopi2_all,100,ESM2 35M,Top 20 Accuracy,15.5
peptides,hemopi2_all,100,ESM2 650M,Top 20 Accuracy,12.5
peptides,hemopi2_all,100,ESM2 8M,Top 20 Accuracy,15.0
peptides,hemopi2_all,200,ESM2 150M,Top 20 Accuracy,20.5
peptides,hemopi2_all,200,ESM2 35M,Top 20 Accuracy,21.5
peptides,hemopi2_all,200,ESM2 650M,Top 20 Accuracy,21.5
peptides,hemopi2_all,200,ESM2 8M,Top 20 Accuracy,19.5
peptides,hemopi2_all,350,ESM2 150M,Top 20 Accuracy,23.5
peptides,hemopi2_all,350,ESM2 35M,Top 20 Accuracy,24.0
peptides,hemopi2_all,350,ESM2 650M,Top 20 Accuracy,25.5
peptides,hemopi2_all,350,ESM2 8M,Top 20 Accuracy,23.0
peptides,hemopi2_all,500,ESM2 150M,Top 20 Accuracy,25.5
peptides,hemopi2_all,500,ESM2 35M,Top 20 Accuracy,31.0
peptides,hemopi2_all,500,ESM2 650M,Top 20 Accuracy,32.0
peptides,hemopi2_all,500,ESM2 8M,Top 20 Accuracy,28.0
substitutions,A0A247D711_LISMN_Stadelmann_2021,20,ESM2 150M,Top 20 Accuracy,5.0
substitutions,A0A247D711_LISMN_Stadelmann_2021,20,ESM2 35M,Top 20 Accuracy,5.5
substitutions,A0A247D711_LISMN_Stadelmann_2021,20,ESM2 650M,Top 20 Accuracy,3.0
substitutions,A0A247D711_LISMN_Stadelmann_2021,20,ESM2 8M,Top 20 Accuracy,7.0
substitutions,A0A247D711_LISMN_Stadelmann_2021,50,ESM2 150M,Top 20 Accuracy,4.5
substitutions,A0A247D711_LISMN_Stadelmann_2021,50,ESM2 35M,Top 20 Accuracy,6.5
substitutions,A0A247D711_LISMN_Stadelmann_2021,50,ESM2 650M,Top 20 Accuracy,5.0
substitutions,A0A247D711_LISMN_Stadelmann_2021,50,ESM2 8M,Top 20 Accuracy,7.5
substitutions,A0A247D711_LISMN_Stadelmann_2021,75,ESM2 150M,Top 20 Accuracy,5.5
substitutions,A0A247D711_LISMN_Stadelmann_2021,75,ESM2 35M,Top 20 Accuracy,6.0
substitutions,A0A247D711_LISMN_Stadelmann_2021,75,ESM2 650M,Top 20 Accuracy,3.0
substitutions,A0A247D711_LISMN_Stadelmann_2021,75,ESM2 8M,Top 20 Accuracy,5.0
substitutions,A0A247D711_LISMN_Stadelmann_2021,100,ESM2 150M,Top 20 Accuracy,4.0
substitutions,A0A247D711_LISMN_Stadelmann_2021,100,ESM2 35M,Top 20 Accuracy,4.0
substitutions,A0A247D711_LISMN_Stadelmann_2021,100,ESM2 650M,Top 20 Accuracy,5.5
substitutions,A0A247D711_LISMN_Stadelmann_2021,100,ESM2 8M,Top 20 Accuracy,4.0
substitutions,A0A247D711_LISMN_Stadelmann_2021,200,ESM2 150M,Top 20 Accuracy,3.5
substitutions,A0A247D711_LISMN_Stadelmann_2021,200,ESM2 35M,Top 20 Accuracy,7.5
substitutions,A0A247D711_LISMN_Stadelmann_2021,200,ESM2 650M,Top 20 Accuracy,7.0
substitutions,A0A247D711_LISMN_Stadelmann_2021,200,ESM2 8M,Top 20 Accuracy,6.0
substitutions,A0A247D711_LISMN_Stadelmann_2021,350,ESM2 150M,Top 20 Accuracy,5.5
substitutions,A0A247D711_LISMN_Stadelmann_2021,350,ESM2 35M,Top 20 Accuracy,8.5
substitutions,A0A247D711_LISMN_Stadelmann_2021,350,ESM2 650M,Top 20 Accuracy,7.0
substitutions,A0A247D711_LISMN_Stadelmann_2021,350,ESM2 8M,Top 20 Accuracy,2.5
substitutions,A0A247D711_LISMN_Stadelmann_2021,500,ESM2 150M,Top 20 Accuracy,5.0
substitutions,A0A247D711_LISMN_Stadelmann_2021,500,ESM2 35M,Top 20 Accuracy,8.0
substitutions,A0A247D711_LISMN_Stadelmann_2021,500,ESM2 650M,Top 20 Accuracy,9.0
substitutions,A0A247D711_LISMN_Stadelmann_2021,500,ESM2 8M,Top 20 Accuracy,4.5
substitutions,DN7A_SACS2_Tsuboyama_2023_1JIC,20,ESM2 150M,Top 20 Accuracy,7.0
substitutions,DN7A_SACS2_Tsuboyama_2023_1JIC,20,ESM2 35M,Top 20 Accuracy,13.5
substitutions,DN7A_SACS2_Tsuboyama_2023_1JIC,20,ESM2 650M,Top 20 Accuracy,22.5
substitutions,DN7A_SACS2_Tsuboyama_2023_1JIC,20,ESM2 8M,Top 20 Accuracy,7.5
substitutions,DN7A_SACS2_Tsuboyama_2023_1JIC,50,ESM2 150M,Top 20 Accuracy,15.0
substitutions,DN7A_SACS2_Tsuboyama_2023_1JIC,50,ESM2 35M,Top 20 Accuracy,14.5
substitutions,DN7A_SACS2_Tsuboyama_2023_1JIC,50,ESM2 650M,Top 20 Accuracy,20.5
substitutions,DN7A_SACS2_Tsuboyama_2023_1JIC,50,ESM2 8M,Top 20 Accuracy,12.0
substitutions,DN7A_SACS2_Tsuboyama_2023_1JIC,75,ESM2 150M,Top 20 Accuracy,15.5
substitutions,DN7A_SACS2_Tsuboyama_2023_1JIC,75,ESM2 35M,Top 20 Accuracy,17.5
substitutions,DN7A_SACS2_Tsuboyama_2023_1JIC,75,ESM2 650M,Top 20 Accuracy,26.5
substitutions,DN7A_SACS2_Tsuboyama_2023_1JIC,75,ESM2 8M,Top 20 Accuracy,13.0
substitutions,DN7A_SACS2_Tsuboyama_2023_1JIC,100,ESM2 150M,Top 20 Accuracy,25.5
substitutions,DN7A_SACS2_Tsuboyama_2023_1JIC,100,ESM2 35M,Top 20 Accuracy,21.5
substitutions,DN7A_SACS2_Tsuboyama_2023_1JIC,100,ESM2 650M,Top 20 Accuracy,28.0
substitutions,DN7A_SACS2_Tsuboyama_2023_1JIC,100,ESM2 8M,Top 20 Accuracy,17.5
substitutions,DN7A_SACS2_Tsuboyama_2023_1JIC,200,ESM2 150M,Top 20 Accuracy,20.5
substitutions,DN7A_SACS2_Tsuboyama_2023_1JIC,200,ESM2 35M,Top 20 Accuracy,23.0
substitutions,DN7A_SACS2_Tsuboyama_2023_1JIC,200,ESM2 650M,Top 20 Accuracy,28.5
substitutions,DN7A_SACS2_Tsuboyama_2023_1JIC,200,ESM2 8M,Top 20 Accuracy,23.5
substitutions,DN7A_SACS2_Tsuboyama_2023_1JIC,350,ESM2 150M,Top 20 Accuracy,25.5
substitutions,DN7A_SACS2_Tsuboyama_2023_1JIC,350,ESM2 35M,Top 20 Accuracy,29.5
substitutions,DN7A_SACS2_Tsuboyama_2023_1JIC,350,ESM2 650M,Top 20 Accuracy,38.0
substitutions,DN7A_SACS2_Tsuboyama_2023_1JIC,350,ESM2 8M,Top 20 Accuracy,25.5
substitutions,DN7A_SACS2_Tsuboyama_2023_1JIC,500,ESM2 150M,Top 20 Accuracy,26.5
substitutions,DN7A_SACS2_Tsuboyama_2023_1JIC,500,ESM2 35M,Top 20 Accuracy,32.0
substitutions,DN7A_SACS2_Tsuboyama_2023_1JIC,500,ESM2 650M,Top 20 Accuracy,43.0
substitutions,DN7A_SACS2_Tsuboyama_2023_1JIC,500,ESM2 8M,Top 20 Accuracy,28.0
substitutions,ENVZ_ECOLI_Ghose_2023,20,ESM2 150M,Top 20 Accuracy,4.0
substitutions,ENVZ_ECOLI_Ghose_2023,20,ESM2 35M,Top 20 Accuracy,3.5
substitutions,ENVZ_ECOLI_Ghose_2023,20,ESM2 650M,Top 20 Accuracy,5.0
substitutions,ENVZ_ECOLI_Ghose_2023,20,ESM2 8M,Top 20 Accuracy,4.0
substitutions,ENVZ_ECOLI_Ghose_2023,50,ESM2 150M,Top 20 Accuracy,3.5
substitutions,ENVZ_ECOLI_Ghose_2023,50,ESM2 35M,Top 20 Accuracy,3.5
substitutions,ENVZ_ECOLI_Ghose_2023,50,ESM2 650M,Top 20 Accuracy,2.5
substitutions,ENVZ_ECOLI_Ghose_2023,50,ESM2 8M,Top 20 Accuracy,5.0
substitutions,ENVZ_ECOLI_Ghose_2023,75,ESM2 150M,Top 20 Accuracy,4.5
substitutions,ENVZ_ECOLI_Ghose_2023,75,ESM2 35M,Top 20 Accuracy,3.5
substitutions,ENVZ_ECOLI_Ghose_2023,75,ESM2 650M,Top 20 Accuracy,4.0
substitutions,ENVZ_ECOLI_Ghose_2023,75,ESM2 8M,Top 20 Accuracy,3.5
substitutions,ENVZ_ECOLI_Ghose_2023,100,ESM2 150M,Top 20 Accuracy,5.5
substitutions,ENVZ_ECOLI_Ghose_2023,100,ESM2 35M,Top 20 Accuracy,6.0
substitutions,ENVZ_ECOLI_Ghose_2023,100,ESM2 650M,Top 20 Accuracy,6.0
substitutions,ENVZ_ECOLI_Ghose_2023,100,ESM2 8M,Top 20 Accuracy,6.0
substitutions,ENVZ_ECOLI_Ghose_2023,200,ESM2 150M,Top 20 Accuracy,6.0
substitutions,ENVZ_ECOLI_Ghose_2023,200,ESM2 35M,Top 20 Accuracy,4.0
substitutions,ENVZ_ECOLI_Ghose_2023,200,ESM2 650M,Top 20 Accuracy,6.0
substitutions,ENVZ_ECOLI_Ghose_2023,200,ESM2 8M,Top 20 Accuracy,6.5
substitutions,ENVZ_ECOLI_Ghose_2023,350,ESM2 150M,Top 20 Accuracy,5.5
substitutions,ENVZ_ECOLI_Ghose_2023,350,ESM2 35M,Top 20 Accuracy,4.0
substitutions,ENVZ_ECOLI_Ghose_2023,350,ESM2 650M,Top 20 Accuracy,5.0
substitutions,ENVZ_ECOLI_Ghose_2023,350,ESM2 8M,Top 20 Accuracy,3.5
substitutions,ENVZ_ECOLI_Ghose_2023,500,ESM2 150M,Top 20 Accuracy,5.5
substitutions,ENVZ_ECOLI_Ghose_2023,500,ESM2 35M,Top 20 Accuracy,6.5
substitutions,ENVZ_ECOLI_Ghose_2023,500,ESM2 650M,Top 20 Accuracy,5.5
substitutions,ENVZ_ECOLI_Ghose_2023,500,ESM2 8M,Top 20 Accuracy,4.5
substitutions,FKBP3_HUMAN_Tsuboyama_2023_2KFV,20,ESM2 150M,Top 20 Accuracy,9.0
substitutions,FKBP3_HUMAN_Tsuboyama_2023_2KFV,20,ESM2 35M,Top 20 Accuracy,6.5
substitutions,FKBP3_HUMAN_Tsuboyama_2023_2KFV,20,ESM2 650M,Top 20 Accuracy,5.0
substitutions,FKBP3_HUMAN_Tsuboyama_2023_2KFV,20,ESM2 8M,Top 20 Accuracy,5.5
substitutions,FKBP3_HUMAN_Tsuboyama_2023_2KFV,50,ESM2 150M,Top 20 Accuracy,9.5
substitutions,FKBP3_HUMAN_Tsuboyama_2023_2KFV,50,ESM2 35M,Top 20 Accuracy,10.0
substitutions,FKBP3_HUMAN_Tsuboyama_2023_2KFV,50,ESM2 650M,Top 20 Accuracy,4.0
substitutions,FKBP3_HUMAN_Tsuboyama_2023_2KFV,50,ESM2 8M,Top 20 Accuracy,10.0
substitutions,FKBP3_HUMAN_Tsuboyama_2023_2KFV,75,ESM2 150M,Top 20 Accuracy,12.0
substitutions,FKBP3_HUMAN_Tsuboyama_2023_2KFV,75,ESM2 35M,Top 20 Accuracy,12.0
substitutions,FKBP3_HUMAN_Tsuboyama_2023_2KFV,75,ESM2 650M,Top 20 Accuracy,6.0
substitutions,FKBP3_HUMAN_Tsuboyama_2023_2KFV,75,ESM2 8M,Top 20 Accuracy,16.5
substitutions,FKBP3_HUMAN_Tsuboyama_2023_2KFV,100,ESM2 150M,Top 20 Accuracy,11.5
substitutions,FKBP3_HUMAN_Tsuboyama_2023_2KFV,100,ESM2 35M,Top 20 Accuracy,12.5
substitutions,FKBP3_HUMAN_Tsuboyama_2023_2KFV,100,ESM2 650M,Top 20 Accuracy,8.5
substitutions,FKBP3_HUMAN_Tsuboyama_2023_2KFV,100,ESM2 8M,Top 20 Accuracy,14.5
substitutions,FKBP3_HUMAN_Tsuboyama_2023_2KFV,200,ESM2 150M,Top 20 Accuracy,15.0
substitutions,FKBP3_HUMAN_Tsuboyama_2023_2KFV,200,ESM2 35M,Top 20 Accuracy,15.0
substitutions,FKBP3_HUMAN_Tsuboyama_2023_2KFV,200,ESM2 650M,Top 20 Accuracy,9.5
substitutions,FKBP3_HUMAN_Tsuboyama_2023_2KFV,200,ESM2 8M,Top 20 Accuracy,17.0
substitutions,FKBP3_HUMAN_Tsuboyama_2023_2KFV,350,ESM2 150M,Top 20 Accuracy,19.0
substitutions,FKBP3_HUMAN_Tsuboyama_2023_2KFV,350,ESM2 35M,Top 20 Accuracy,19.5
substitutions,FKBP3_HUMAN_Tsuboyama_2023_2KFV,350,ESM2 650M,Top 20 Accuracy,11.5
substitutions,FKBP3_HUMAN_Tsuboyama_2023_2KFV,350,ESM2 8M,Top 20 Accuracy,21.0
substitutions,FKBP3_HUMAN_Tsuboyama_2023_2KFV,500,ESM2 150M,Top 20 Accuracy,22.5
substitutions,FKBP3_HUMAN_Tsuboyama_2023_2KFV,500,ESM2 35M,Top 20 Accuracy,23.5
substitutions,FKBP3_HUMAN_Tsuboyama_2023_2KFV,500,ESM2 650M,Top 20 Accuracy,14.5
substitutions,FKBP3_HUMAN_Tsuboyama_2023_2KFV,500,ESM2 8M,Top 20 Accuracy,25.0
substitutions,MAFG_MOUSE_Tsuboyama_2023_1K1V,20,ESM2 150M,Top 20 Accuracy,19.0
substitutions,MAFG_MOUSE_Tsuboyama_2023_1K1V,20,ESM2 35M,Top 20 Accuracy,15.5
substitutions,MAFG_MOUSE_Tsuboyama_2023_1K1V,20,ESM2 650M,Top 20 Accuracy,25.0
substitutions,MAFG_MOUSE_Tsuboyama_2023_1K1V,20,ESM2 8M,Top 20 Accuracy,11.0
substitutions,MAFG_MOUSE_Tsuboyama_2023_1K1V,50,ESM2 150M,Top 20 Accuracy,21.0
substitutions,MAFG_MOUSE_Tsuboyama_2023_1K1V,50,ESM2 35M,Top 20 Accuracy,24.0
substitutions,MAFG_MOUSE_Tsuboyama_2023_1K1V,50,ESM2 650M,Top 20 Accuracy,29.0
substitutions,MAFG_MOUSE_Tsuboyama_2023_1K1V,50,ESM2 8M,Top 20 Accuracy,25.5
substitutions,MAFG_MOUSE_Tsuboyama_2023_1K1V,75,ESM2 150M,Top 20 Accuracy,26.0
substitutions,MAFG_MOUSE_Tsuboyama_2023_1K1V,75,ESM2 35M,Top 20 Accuracy,23.5
substitutions,MAFG_MOUSE_Tsuboyama_2023_1K1V,75,ESM2 650M,Top 20 Accuracy,28.0
substitutions,MAFG_MOUSE_Tsuboyama_2023_1K1V,75,ESM2 8M,Top 20 Accuracy,24.0
substitutions,MAFG_MOUSE_Tsuboyama_2023_1K1V,100,ESM2 150M,Top 20 Accuracy,26.0
substitutions,MAFG_MOUSE_Tsuboyama_2023_1K1V,100,ESM2 35M,Top 20 Accuracy,24.0
substitutions,MAFG_MOUSE_Tsuboyama_2023_1K1V,100,ESM2 650M,Top 20 Accuracy,31.0
substitutions,MAFG_MOUSE_Tsuboyama_2023_1K1V,100,ESM2 8M,Top 20 Accuracy,27.0
substitutions,MAFG_MOUSE_Tsuboyama_2023_1K1V,200,ESM2 150M,Top 20 Accuracy,30.0
substitutions,MAFG_MOUSE_Tsuboyama_2023_1K1V,200,ESM2 35M,Top 20 Accuracy,28.0
substitutions,MAFG_MOUSE_Tsuboyama_2023_1K1V,200,ESM2 650M,Top 20 Accuracy,34.0
substitutions,MAFG_MOUSE_Tsuboyama_2023_1K1V,200,ESM2 8M,Top 20 Accuracy,28.0
substitutions,MAFG_MOUSE_Tsuboyama_2023_1K1V,350,ESM2 150M,Top 20 Accuracy,35.5
substitutions,MAFG_MOUSE_Tsuboyama_2023_1K1V,350,ESM2 35M,Top 20 Accuracy,33.0
substitutions,MAFG_MOUSE_Tsuboyama_2023_1K1V,350,ESM2 650M,Top 20 Accuracy,44.0
substitutions,MAFG_MOUSE_Tsuboyama_2023_1K1V,350,ESM2 8M,Top 20 Accuracy,37.0
substitutions,MAFG_MOUSE_Tsuboyama_2023_1K1V,500,ESM2 150M,Top 20 Accuracy,39.5
substitutions,MAFG_MOUSE_Tsuboyama_2023_1K1V,500,ESM2 35M,Top 20 Accuracy,34.0
substitutions,MAFG_MOUSE_Tsuboyama_2023_1K1V,500,ESM2 650M,Top 20 Accuracy,50.5
substitutions,MAFG_MOUSE_Tsuboyama_2023_1K1V,500,ESM2 8M,Top 20 Accuracy,39.5
substitutions,POLG_PESV_Tsuboyama_2023_2MXD,20,ESM2 150M,Top 20 Accuracy,17.5
substitutions,POLG_PESV_Tsuboyama_2023_2MXD,20,ESM2 35M,Top 20 Accuracy,14.0
substitutions,POLG_PESV_Tsuboyama_2023_2MXD,20,ESM2 650M,Top 20 Accuracy,12.5
substitutions,POLG_PESV_Tsuboyama_2023_2MXD,20,ESM2 8M,Top 20 Accuracy,11.5
substitutions,POLG_PESV_Tsuboyama_2023_2MXD,50,ESM2 150M,Top 20 Accuracy,22.0
substitutions,POLG_PESV_Tsuboyama_2023_2MXD,50,ESM2 35M,Top 20 Accuracy,18.5
substitutions,POLG_PESV_Tsuboyama_2023_2MXD,50,ESM2 650M,Top 20 Accuracy,23.5
substitutions,POLG_PESV_Tsuboyama_2023_2MXD,50,ESM2 8M,Top 20 Accuracy,19.5
substitutions,POLG_PESV_Tsuboyama_2023_2MXD,75,ESM2 150M,Top 20 Accuracy,29.5
substitutions,POLG_PESV_Tsuboyama_2023_2MXD,75,ESM2 35M,Top 20 Accuracy,26.5
substitutions,POLG_PESV_Tsuboyama_2023_2MXD,75,ESM2 650M,Top 20 Accuracy,33.0
substitutions,POLG_PESV_Tsuboyama_2023_2MXD,75,ESM2 8M,Top 20 Accuracy,24.0
substitutions,POLG_PESV_Tsuboyama_2023_2MXD,100,ESM2 150M,Top 20 Accuracy,33.0
substitutions,POLG_PESV_Tsuboyama_2023_2MXD,100,ESM2 35M,Top 20 Accuracy,30.5
substitutions,POLG_PESV_Tsuboyama_2023_2MXD,100,ESM2 650M,Top 20 Accuracy,33.5
substitutions,POLG_PESV_Tsuboyama_2023_2MXD,100,ESM2 8M,Top 20 Accuracy,28.0
substitutions,POLG_PESV_Tsuboyama_2023_2MXD,200,ESM2 150M,Top 20 Accuracy,39.0
substitutions,POLG_PESV_Tsuboyama_2023_2MXD,200,ESM2 35M,Top 20 Accuracy,31.0
substitutions,POLG_PESV_Tsuboyama_2023_2MXD,200,ESM2 650M,Top 20 Accuracy,39.0
substitutions,POLG_PESV_Tsuboyama_2023_2MXD,200,ESM2 8M,Top 20 Accuracy,30.5
substitutions,POLG_PESV_Tsuboyama_2023_2MXD,350,ESM2 150M,Top 20 Accuracy,41.5
substitutions,POLG_PESV_Tsuboyama_2023_2MXD,350,ESM2 35M,Top 20 Accuracy,36.5
substitutions,POLG_PESV_Tsuboyama_2023_2MXD,350,ESM2 650M,Top 20 Accuracy,42.5
substitutions,POLG_PESV_Tsuboyama_2023_2MXD,350,ESM2 8M,Top 20 Accuracy,38.0
substitutions,POLG_PESV_Tsuboyama_2023_2MXD,500,ESM2 150M,Top 20 Accuracy,45.0
substitutions,POLG_PESV_Tsuboyama_2023_2MXD,500,ESM2 35M,Top 20 Accuracy,43.5
substitutions,POLG_PESV_Tsuboyama_2023_2MXD,500,ESM2 650M,Top 20 Accuracy,47.0
substitutions,POLG_PESV_Tsuboyama_2023_2MXD,500,ESM2 8M,Top 20 Accuracy,43.5
substitutions,SBI_STAAM_Tsuboyama_2023_2JVG,20,ESM2 150M,Top 20 Accuracy,7.5
substitutions,SBI_STAAM_Tsuboyama_2023_2JVG,20,ESM2 35M,Top 20 Accuracy,7.5
substitutions,SBI_STAAM_Tsuboyama_2023_2JVG,20,ESM2 650M,Top 20 Accuracy,14.0
substitutions,SBI_STAAM_Tsuboyama_2023_2JVG,20,ESM2 8M,Top 20 Accuracy,11.0
substitutions,SBI_STAAM_Tsuboyama_2023_2JVG,50,ESM2 150M,Top 20 Accuracy,16.0
substitutions,SBI_STAAM_Tsuboyama_2023_2JVG,50,ESM2 35M,Top 20 Accuracy,11.0
substitutions,SBI_STAAM_Tsuboyama_2023_2JVG,50,ESM2 650M,Top 20 Accuracy,23.5
substitutions,SBI_STAAM_Tsuboyama_2023_2JVG,50,ESM2 8M,Top 20 Accuracy,13.0
substitutions,SBI_STAAM_Tsuboyama_2023_2JVG,75,ESM2 150M,Top 20 Accuracy,16.5
substitutions,SBI_STAAM_Tsuboyama_2023_2JVG,75,ESM2 35M,Top 20 Accuracy,20.5
substitutions,SBI_STAAM_Tsuboyama_2023_2JVG,75,ESM2 650M,Top 20 Accuracy,24.5
substitutions,SBI_STAAM_Tsuboyama_2023_2JVG,75,ESM2 8M,Top 20 Accuracy,18.0
substitutions,SBI_STAAM_Tsuboyama_2023_2JVG,100,ESM2 150M,Top 20 Accuracy,23.5
substitutions,SBI_STAAM_Tsuboyama_2023_2JVG,100,ESM2 35M,Top 20 Accuracy,21.5
substitutions,SBI_STAAM_Tsuboyama_2023_2JVG,100,ESM2 650M,Top 20 Accuracy,29.5
substitutions,SBI_STAAM_Tsuboyama_2023_2JVG,100,ESM2 8M,Top 20 Accuracy,20.5
substitutions,SBI_STAAM_Tsuboyama_2023_2JVG,200,ESM2 150M,Top 20 Accuracy,22.0
substitutions,SBI_STAAM_Tsuboyama_2023_2JVG,200,ESM2 35M,Top 20 Accuracy,21.5
substitutions,SBI_STAAM_Tsuboyama_2023_2JVG,200,ESM2 650M,Top 20 Accuracy,30.5
substitutions,SBI_STAAM_Tsuboyama_2023_2JVG,200,ESM2 8M,Top 20 Accuracy,19.0
substitutions,SBI_STAAM_Tsuboyama_2023_2JVG,350,ESM2 150M,Top 20 Accuracy,29.0
substitutions,SBI_STAAM_Tsuboyama_2023_2JVG,350,ESM2 35M,Top 20 Accuracy,28.0
substitutions,SBI_STAAM_Tsuboyama_2023_2JVG,350,ESM2 650M,Top 20 Accuracy,41.0
substitutions,SBI_STAAM_Tsuboyama_2023_2JVG,350,ESM2 8M,Top 20 Accuracy,26.0
substitutions,SBI_STAAM_Tsuboyama_2023_2JVG,500,ESM2 150M,Top 20 Accuracy,30.0
substitutions,SBI_STAAM_Tsuboyama_2023_2JVG,500,ESM2 35M,Top 20 Accuracy,34.5
substitutions,SBI_STAAM_Tsuboyama_2023_2JVG,500,ESM2 650M,Top 20 Accuracy,48.5
substitutions,SBI_STAAM_Tsuboyama_2023_2JVG,500,ESM2 8M,Top 20 Accuracy,33.0
substitutions,SDA_BACSU_Tsuboyama_2023_1PV0,20,ESM2 150M,Top 20 Accuracy,33.0
substitutions,SDA_BACSU_Tsuboyama_2023_1PV0,20,ESM2 35M,Top 20 Accuracy,27.0
substitutions,SDA_BACSU_Tsuboyama_2023_1PV0,20,ESM2 650M,Top 20 Accuracy,30.5
substitutions,SDA_BACSU_Tsuboyama_2023_1PV0,20,ESM2 8M,Top 20 Accuracy,19.0
substitutions,SDA_BACSU_Tsuboyama_2023_1PV0,50,ESM2 150M,Top 20 Accuracy,35.0
substitutions,SDA_BACSU_Tsuboyama_2023_1PV0,50,ESM2 35M,Top 20 Accuracy,31.0
substitutions,SDA_BACSU_Tsuboyama_2023_1PV0,50,ESM2 650M,Top 20 Accuracy,36.0
substitutions,SDA_BACSU_Tsuboyama_2023_1PV0,50,ESM2 8M,Top 20 Accuracy,22.0
substitutions,SDA_BACSU_Tsuboyama_2023_1PV0,75,ESM2 150M,Top 20 Accuracy,37.0
substitutions,SDA_BACSU_Tsuboyama_2023_1PV0,75,ESM2 35M,Top 20 Accuracy,30.5
substitutions,SDA_BACSU_Tsuboyama_2023_1PV0,75,ESM2 650M,Top 20 Accuracy,30.5
substitutions,SDA_BACSU_Tsuboyama_2023_1PV0,75,ESM2 8M,Top 20 Accuracy,20.0
substitutions,SDA_BACSU_Tsuboyama_2023_1PV0,100,ESM2 150M,Top 20 Accuracy,34.5
substitutions,SDA_BACSU_Tsuboyama_2023_1PV0,100,ESM2 35M,Top 20 Accuracy,32.5
substitutions,SDA_BACSU_Tsuboyama_2023_1PV0,100,ESM2 650M,Top 20 Accuracy,38.0
substitutions,SDA_BACSU_Tsuboyama_2023_1PV0,100,ESM2 8M,Top 20 Accuracy,22.5
substitutions,SDA_BACSU_Tsuboyama_2023_1PV0,200,ESM2 150M,Top 20 Accuracy,35.0
substitutions,SDA_BACSU_Tsuboyama_2023_1PV0,200,ESM2 35M,Top 20 Accuracy,34.0
substitutions,SDA_BACSU_Tsuboyama_2023_1PV0,200,ESM2 650M,Top 20 Accuracy,41.0
substitutions,SDA_BACSU_Tsuboyama_2023_1PV0,200,ESM2 8M,Top 20 Accuracy,25.0
substitutions,SDA_BACSU_Tsuboyama_2023_1PV0,350,ESM2 150M,Top 20 Accuracy,40.0
substitutions,SDA_BACSU_Tsuboyama_2023_1PV0,350,ESM2 35M,Top 20 Accuracy,37.5
substitutions,SDA_BACSU_Tsuboyama_2023_1PV0,350,ESM2 650M,Top 20 Accuracy,44.0
substitutions,SDA_BACSU_Tsuboyama_2023_1PV0,350,ESM2 8M,Top 20 Accuracy,32.0
substitutions,SDA_BACSU_Tsuboyama_2023_1PV0,500,ESM2 150M,Top 20 Accuracy,41.0
substitutions,SDA_BACSU_Tsuboyama_2023_1PV0,500,ESM2 35M,Top 20 Accuracy,40.5
substitutions,SDA_BACSU_Tsuboyama_2023_1PV0,500,ESM2 650M,Top 20 Accuracy,45.5
substitutions,SDA_BACSU_Tsuboyama_2023_1PV0,500,ESM2 8M,Top 20 Accuracy,32.5
substitutions,SOX30_HUMAN_Tsuboyama_2023_7JJK,20,ESM2 150M,Top 20 Accuracy,30.0
substitutions,SOX30_HUMAN_Tsuboyama_2023_7JJK,20,ESM2 35M,Top 20 Accuracy,10.0
substitutions,SOX30_HUMAN_Tsuboyama_2023_7JJK,20,ESM2 650M,Top 20 Accuracy,15.5
substitutions,SOX30_HUMAN_Tsuboyama_2023_7JJK,20,ESM2 8M,Top 20 Accuracy,10.0
substitutions,SOX30_HUMAN_Tsuboyama_2023_7JJK,50,ESM2 150M,Top 20 Accuracy,33.0
substitutions,SOX30_HUMAN_Tsuboyama_2023_7JJK,50,ESM2 35M,Top 20 Accuracy,25.0
substitutions,SOX30_HUMAN_Tsuboyama_2023_7JJK,50,ESM2 650M,Top 20 Accuracy,22.0
substitutions,SOX30_HUMAN_Tsuboyama_2023_7JJK,50,ESM2 8M,Top 20 Accuracy,22.5
substitutions,SOX30_HUMAN_Tsuboyama_2023_7JJK,75,ESM2 150M,Top 20 Accuracy,36.5
substitutions,SOX30_HUMAN_Tsuboyama_2023_7JJK,75,ESM2 35M,Top 20 Accuracy,29.0
substitutions,SOX30_HUMAN_Tsuboyama_2023_7JJK,75,ESM2 650M,Top 20 Accuracy,24.0
substitutions,SOX30_HUMAN_Tsuboyama_2023_7JJK,75,ESM2 8M,Top 20 Accuracy,20.5
substitutions,SOX30_HUMAN_Tsuboyama_2023_7JJK,100,ESM2 150M,Top 20 Accuracy,39.0
substitutions,SOX30_HUMAN_Tsuboyama_2023_7JJK,100,ESM2 35M,Top 20 Accuracy,33.5
substitutions,SOX30_HUMAN_Tsuboyama_2023_7JJK,100,ESM2 650M,Top 20 Accuracy,26.5
substitutions,SOX30_HUMAN_Tsuboyama_2023_7JJK,100,ESM2 8M,Top 20 Accuracy,26.5
substitutions,SOX30_HUMAN_Tsuboyama_2023_7JJK,200,ESM2 150M,Top 20 Accuracy,40.5
substitutions,SOX30_HUMAN_Tsuboyama_2023_7JJK,200,ESM2 35M,Top 20 Accuracy,40.0
substitutions,SOX30_HUMAN_Tsuboyama_2023_7JJK,200,ESM2 650M,Top 20 Accuracy,33.5
substitutions,SOX30_HUMAN_Tsuboyama_2023_7JJK,200,ESM2 8M,Top 20 Accuracy,32.0
substitutions,SOX30_HUMAN_Tsuboyama_2023_7JJK,350,ESM2 150M,Top 20 Accuracy,48.5
substitutions,SOX30_HUMAN_Tsuboyama_2023_7JJK,350,ESM2 35M,Top 20 Accuracy,45.0
substitutions,SOX30_HUMAN_Tsuboyama_2023_7JJK,350,ESM2 650M,Top 20 Accuracy,43.0
substitutions,SOX30_HUMAN_Tsuboyama_2023_7JJK,350,ESM2 8M,Top 20 Accuracy,41.5
substitutions,SOX30_HUMAN_Tsuboyama_2023_7JJK,500,ESM2 150M,Top 20 Accuracy,55.0
substitutions,SOX30_HUMAN_Tsuboyama_2023_7JJK,500,ESM2 35M,Top 20 Accuracy,48.0
substitutions,SOX30_HUMAN_Tsuboyama_2023_7JJK,500,ESM2 650M,Top 20 Accuracy,49.5
substitutions,SOX30_HUMAN_Tsuboyama_2023_7JJK,500,ESM2 8M,Top 20 Accuracy,46.5
substitutions,YNZC_BACSU_Tsuboyama_2023_2JVD,20,ESM2 150M,Top 20 Accuracy,35.0
substitutions,YNZC_BACSU_Tsuboyama_2023_2JVD,20,ESM2 35M,Top 20 Accuracy,27.5
substitutions,YNZC_BACSU_Tsuboyama_2023_2JVD,20,ESM2 650M,Top 20 Accuracy,32.5
substitutions,YNZC_BACSU_Tsuboyama_2023_2JVD,20,ESM2 8M,Top 20 Accuracy,24.5
substitutions,YNZC_BACSU_Tsuboyama_2023_2JVD,50,ESM2 150M,Top 20 Accuracy,35.5
substitutions,YNZC_BACSU_Tsuboyama_2023_2JVD,50,ESM2 35M,Top 20 Accuracy,29.5
substitutions,YNZC_BACSU_Tsuboyama_2023_2JVD,50,ESM2 650M,Top 20 Accuracy,35.0
substitutions,YNZC_BACSU_Tsuboyama_2023_2JVD,50,ESM2 8M,Top 20 Accuracy,32.0
substitutions,YNZC_BACSU_Tsuboyama_2023_2JVD,75,ESM2 150M,Top 20 Accuracy,36.0
substitutions,YNZC_BACSU_Tsuboyama_2023_2JVD,75,ESM2 35M,Top 20 Accuracy,33.0
substitutions,YNZC_BACSU_Tsuboyama_2023_2JVD,75,ESM2 650M,Top 20 Accuracy,34.5
substitutions,YNZC_BACSU_Tsuboyama_2023_2JVD,75,ESM2 8M,Top 20 Accuracy,34.5
substitutions,YNZC_BACSU_Tsuboyama_2023_2JVD,100,ESM2 150M,Top 20 Accuracy,35.5
substitutions,YNZC_BACSU_Tsuboyama_2023_2JVD,100,ESM2 35M,Top 20 Accuracy,36.0
substitutions,YNZC_BACSU_Tsuboyama_2023_2JVD,100,ESM2 650M,Top 20 Accuracy,36.0
substitutions,YNZC_BACSU_Tsuboyama_2023_2JVD,100,ESM2 8M,Top 20 Accuracy,34.5
substitutions,YNZC_BACSU_Tsuboyama_2023_2JVD,200,ESM2 150M,Top 20 Accuracy,41.0
substitutions,YNZC_BACSU_Tsuboyama_2023_2JVD,200,ESM2 35M,Top 20 Accuracy,45.0
substitutions,YNZC_BACSU_Tsuboyama_2023_2JVD,200,ESM2 650M,Top 20 Accuracy,38.5
substitutions,YNZC_BACSU_Tsuboyama_2023_2JVD,200,ESM2 8M,Top 20 Accuracy,41.0
substitutions,YNZC_BACSU_Tsuboyama_2023_2JVD,350,ESM2 150M,Top 20 Accuracy,43.5
substitutions,YNZC_BACSU_Tsuboyama_2023_2JVD,350,ESM2 35M,Top 20 Accuracy,44.5
substitutions,YNZC_BACSU_Tsuboyama_2023_2JVD,350,ESM2 650M,Top 20 Accuracy,43.5
substitutions,YNZC_BACSU_Tsuboyama_2023_2JVD,350,ESM2 8M,Top 20 Accuracy,40.0
substitutions,YNZC_BACSU_Tsuboyama_2023_2JVD,500,ESM2 150M,Top 20 Accuracy,47.5
substitutions,YNZC_BACSU_Tsuboyama_2023_2JVD,500,ESM2 35M,Top 20 Accuracy,49.0
substitutions,YNZC_BACSU_Tsuboyama_2023_2JVD,500,ESM2 650M,Top 20 Accuracy,44.5
substitutions,YNZC_BACSU_Tsuboyama_2023_2JVD,500,ESM2 8M,Top 20 Accuracy,43.5
