Train Size,Dataset,Metric,group1,group2,p-adj,effect size
20,A0A247D711_LISMN_Stadelmann_2021,Test MSE,GPR + ESM2,GPR + Morgan,0.8579278584525972,-0.05092880826731272
20,A0A247D711_LISMN_Stadelmann_2021,Test MSE,GPR + ESM2,GPR + N-gram,0.9,-0.028879130259118257
20,A0A247D711_LISMN_Stadelmann_2021,Test MSE,GPR + ESM2,GPR + Physchem,0.9,0.035660149107767936
20,A0A247D711_LISMN_Stadelmann_2021,Test MSE,GPR + Morgan,GPR + N-gram,0.9,0.022049678008194462
20,A0A247D711_LISMN_Stadelmann_2021,Test MSE,GPR + Morgan,GPR + Physchem,0.5630403428169346,0.08658895737508066
20,A0A247D711_LISMN_Stadelmann_2021,Test MSE,GPR + N-gram,GPR + Physchem,0.745375825880256,0.06453927936688619
20,DN7A_SACS2_Tsuboyama_2023_1JIC,Test MSE,GPR + ESM2,GPR + Morgan,0.09274767552143792,-0.3456646993015451
20,DN7A_SACS2_Tsuboyama_2023_1JIC,Test MSE,GPR + ESM2,GPR + N-gram,0.2818084573411316,-0.2588905169415081
20,DN7A_SACS2_Tsuboyama_2023_1JIC,Test MSE,GPR + ESM2,GPR + Physchem,0.04164065599235145,-0.3988563697381309
20,DN7A_SACS2_Tsuboyama_2023_1JIC,Test MSE,GPR + Morgan,GPR + N-gram,0.9,0.08677418236003698
20,DN7A_SACS2_Tsuboyama_2023_1JIC,Test MSE,GPR + Morgan,GPR + Physchem,0.9,-0.05319167043658579
20,DN7A_SACS2_Tsuboyama_2023_1JIC,Test MSE,GPR + N-gram,GPR + Physchem,0.7349548575927686,-0.13996585279662277
20,ENVZ_ECOLI_Ghose_2023,Test MSE,GPR + ESM2,GPR + Morgan,0.5286862242723378,-0.07772619022511806
20,ENVZ_ECOLI_Ghose_2023,Test MSE,GPR + ESM2,GPR + N-gram,0.9,0.01793601703975356
20,ENVZ_ECOLI_Ghose_2023,Test MSE,GPR + ESM2,GPR + Physchem,0.7065987220750943,-0.05929787960742017
20,ENVZ_ECOLI_Ghose_2023,Test MSE,GPR + Morgan,GPR + N-gram,0.35414791685388214,0.09566220726487162
20,ENVZ_ECOLI_Ghose_2023,Test MSE,GPR + Morgan,GPR + Physchem,0.9,0.018428310617697896
20,ENVZ_ECOLI_Ghose_2023,Test MSE,GPR + N-gram,GPR + Physchem,0.5334369519608788,-0.07723389664717373
20,FKBP3_HUMAN_Tsuboyama_2023_2KFV,Test MSE,GPR + ESM2,GPR + Morgan,0.5084701464907244,0.036453495748418274
20,FKBP3_HUMAN_Tsuboyama_2023_2KFV,Test MSE,GPR + ESM2,GPR + N-gram,0.07721910428927403,0.06589932624078354
20,FKBP3_HUMAN_Tsuboyama_2023_2KFV,Test MSE,GPR + ESM2,GPR + Physchem,0.009044985881040635,0.09021460360391387
20,FKBP3_HUMAN_Tsuboyama_2023_2KFV,Test MSE,GPR + Morgan,GPR + N-gram,0.656606876745895,0.029445830492365266
20,FKBP3_HUMAN_Tsuboyama_2023_2KFV,Test MSE,GPR + Morgan,GPR + Physchem,0.18961089887207183,0.05376110785549559
20,FKBP3_HUMAN_Tsuboyama_2023_2KFV,Test MSE,GPR + N-gram,GPR + Physchem,0.7650649895560383,0.024315277363130328
20,MAFG_MOUSE_Tsuboyama_2023_1K1V,Test MSE,GPR + ESM2,GPR + Morgan,0.09582014313321985,-0.20764375386565465
20,MAFG_MOUSE_Tsuboyama_2023_1K1V,Test MSE,GPR + ESM2,GPR + N-gram,0.001,-0.47655983137526997
20,MAFG_MOUSE_Tsuboyama_2023_1K1V,Test MSE,GPR + ESM2,GPR + Physchem,0.37088290500368226,-0.14094276335719907
20,MAFG_MOUSE_Tsuboyama_2023_1K1V,Test MSE,GPR + Morgan,GPR + N-gram,0.01979878474361685,-0.2689160775096153
20,MAFG_MOUSE_Tsuboyama_2023_1K1V,Test MSE,GPR + Morgan,GPR + Physchem,0.8502935307318081,0.06670099050845557
20,MAFG_MOUSE_Tsuboyama_2023_1K1V,Test MSE,GPR + N-gram,GPR + Physchem,0.0028724541078346544,0.3356170680180709
20,POLG_PESV_Tsuboyama_2023_2MXD,Test MSE,GPR + ESM2,GPR + Morgan,0.789560492378066,-0.4429424242215865
20,POLG_PESV_Tsuboyama_2023_2MXD,Test MSE,GPR + ESM2,GPR + N-gram,0.06898502156906117,-1.287316519092891
20,POLG_PESV_Tsuboyama_2023_2MXD,Test MSE,GPR + ESM2,GPR + Physchem,0.73225618421822,-0.49479490159643125
20,POLG_PESV_Tsuboyama_2023_2MXD,Test MSE,GPR + Morgan,GPR + N-gram,0.34514288493519774,-0.8443740948713045
20,POLG_PESV_Tsuboyama_2023_2MXD,Test MSE,GPR + Morgan,GPR + Physchem,0.9,-0.051852477374844774
20,POLG_PESV_Tsuboyama_2023_2MXD,Test MSE,GPR + N-gram,GPR + Physchem,0.4006287037799634,0.7925216174964598
20,SBI_STAAM_Tsuboyama_2023_2JVG,Test MSE,GPR + ESM2,GPR + Morgan,0.001,-0.12490388782994793
20,SBI_STAAM_Tsuboyama_2023_2JVG,Test MSE,GPR + ESM2,GPR + N-gram,0.2249837890124351,-0.045748509229480316
20,SBI_STAAM_Tsuboyama_2023_2JVG,Test MSE,GPR + ESM2,GPR + Physchem,0.2670893098349961,-0.04332709351681735
20,SBI_STAAM_Tsuboyama_2023_2JVG,Test MSE,GPR + Morgan,GPR + N-gram,0.010557550898028012,0.07915537860046762
20,SBI_STAAM_Tsuboyama_2023_2JVG,Test MSE,GPR + Morgan,GPR + Physchem,0.008170285772450603,0.08157679431313059
20,SBI_STAAM_Tsuboyama_2023_2JVG,Test MSE,GPR + N-gram,GPR + Physchem,0.9,0.0024214157126629665
20,SDA_BACSU_Tsuboyama_2023_1PV0,Test MSE,GPR + ESM2,GPR + Morgan,0.012600870920722929,-1.20749362633061
20,SDA_BACSU_Tsuboyama_2023_1PV0,Test MSE,GPR + ESM2,GPR + N-gram,0.001,-2.1207296871451664
20,SDA_BACSU_Tsuboyama_2023_1PV0,Test MSE,GPR + ESM2,GPR + Physchem,0.06851270030002976,-0.9385697530634527
20,SDA_BACSU_Tsuboyama_2023_1PV0,Test MSE,GPR + Morgan,GPR + N-gram,0.07930154958340974,-0.9132360608145564
20,SDA_BACSU_Tsuboyama_2023_1PV0,Test MSE,GPR + Morgan,GPR + Physchem,0.8709329291716029,0.2689238732671573
20,SDA_BACSU_Tsuboyama_2023_1PV0,Test MSE,GPR + N-gram,GPR + Physchem,0.01491364068804979,1.1821599340817137
20,SOX30_HUMAN_Tsuboyama_2023_7JJK,Test MSE,GPR + ESM2,GPR + Morgan,0.0011023970919072923,-0.21781057242966728
20,SOX30_HUMAN_Tsuboyama_2023_7JJK,Test MSE,GPR + ESM2,GPR + N-gram,0.001,-0.25155132036467587
20,SOX30_HUMAN_Tsuboyama_2023_7JJK,Test MSE,GPR + ESM2,GPR + Physchem,0.010580277802808458,-0.17275003135032296
20,SOX30_HUMAN_Tsuboyama_2023_7JJK,Test MSE,GPR + Morgan,GPR + N-gram,0.9,-0.033740747935008586
20,SOX30_HUMAN_Tsuboyama_2023_7JJK,Test MSE,GPR + Morgan,GPR + Physchem,0.7907774877296777,0.04506054107934432
20,SOX30_HUMAN_Tsuboyama_2023_7JJK,Test MSE,GPR + N-gram,GPR + Physchem,0.4227817251191808,0.0788012890143529
20,YNZC_BACSU_Tsuboyama_2023_2JVD,Test MSE,GPR + ESM2,GPR + Morgan,0.13254905626044977,-0.5487254238285251
20,YNZC_BACSU_Tsuboyama_2023_2JVD,Test MSE,GPR + ESM2,GPR + N-gram,0.001,-1.1046483428654046
20,YNZC_BACSU_Tsuboyama_2023_2JVD,Test MSE,GPR + ESM2,GPR + Physchem,0.5174817804443307,-0.33609733410235876
20,YNZC_BACSU_Tsuboyama_2023_2JVD,Test MSE,GPR + Morgan,GPR + N-gram,0.12519896908780903,-0.5559229190368795
20,YNZC_BACSU_Tsuboyama_2023_2JVD,Test MSE,GPR + Morgan,GPR + Physchem,0.7972605657083542,0.2126280897261663
20,YNZC_BACSU_Tsuboyama_2023_2JVD,Test MSE,GPR + N-gram,GPR + Physchem,0.01873431474056564,0.7685510087630458
50,A0A247D711_LISMN_Stadelmann_2021,Test MSE,GPR + ESM2,GPR + Morgan,0.030916044711277957,-0.25032370433617146
50,A0A247D711_LISMN_Stadelmann_2021,Test MSE,GPR + ESM2,GPR + N-gram,0.22030879841763618,-0.16794583399739094
50,A0A247D711_LISMN_Stadelmann_2021,Test MSE,GPR + ESM2,GPR + Physchem,0.8167367667114955,-0.07130078397930406
50,A0A247D711_LISMN_Stadelmann_2021,Test MSE,GPR + Morgan,GPR + N-gram,0.7449075653463191,0.08237787033878052
50,A0A247D711_LISMN_Stadelmann_2021,Test MSE,GPR + Morgan,GPR + Physchem,0.17517215019167864,0.1790229203568674
50,A0A247D711_LISMN_Stadelmann_2021,Test MSE,GPR + N-gram,GPR + Physchem,0.6523939074733305,0.09664505001808688
50,DN7A_SACS2_Tsuboyama_2023_1JIC,Test MSE,GPR + ESM2,GPR + Morgan,0.001,-0.6183726084007891
50,DN7A_SACS2_Tsuboyama_2023_1JIC,Test MSE,GPR + ESM2,GPR + N-gram,0.001,-0.8121781139023981
50,DN7A_SACS2_Tsuboyama_2023_1JIC,Test MSE,GPR + ESM2,GPR + Physchem,0.19090025602098837,-0.2622539444932207
50,DN7A_SACS2_Tsuboyama_2023_1JIC,Test MSE,GPR + Morgan,GPR + N-gram,0.4387778394968438,-0.19380550550160902
50,DN7A_SACS2_Tsuboyama_2023_1JIC,Test MSE,GPR + Morgan,GPR + Physchem,0.04338845734014418,0.3561186639075684
50,DN7A_SACS2_Tsuboyama_2023_1JIC,Test MSE,GPR + N-gram,GPR + Physchem,0.0010086707432349629,0.5499241694091774
50,ENVZ_ECOLI_Ghose_2023,Test MSE,GPR + ESM2,GPR + Morgan,0.25939347457059425,-0.13549487248320435
50,ENVZ_ECOLI_Ghose_2023,Test MSE,GPR + ESM2,GPR + N-gram,0.005897898382080546,-0.26206582456331895
50,ENVZ_ECOLI_Ghose_2023,Test MSE,GPR + ESM2,GPR + Physchem,0.582562337472052,-0.0911940933938995
50,ENVZ_ECOLI_Ghose_2023,Test MSE,GPR + Morgan,GPR + N-gram,0.3150291128781523,-0.1265709520801146
50,ENVZ_ECOLI_Ghose_2023,Test MSE,GPR + Morgan,GPR + Physchem,0.9,0.044300779089304854
50,ENVZ_ECOLI_Ghose_2023,Test MSE,GPR + N-gram,GPR + Physchem,0.10675770125403627,0.17087173116941945
50,FKBP3_HUMAN_Tsuboyama_2023_2KFV,Test MSE,GPR + ESM2,GPR + Morgan,0.9,0.019823888475350215
50,FKBP3_HUMAN_Tsuboyama_2023_2KFV,Test MSE,GPR + ESM2,GPR + N-gram,0.5230987289712066,0.06255773586946045
50,FKBP3_HUMAN_Tsuboyama_2023_2KFV,Test MSE,GPR + ESM2,GPR + Physchem,0.05346354132553177,0.12313450834303952
50,FKBP3_HUMAN_Tsuboyama_2023_2KFV,Test MSE,GPR + Morgan,GPR + N-gram,0.7626583075714954,0.042733847394110236
50,FKBP3_HUMAN_Tsuboyama_2023_2KFV,Test MSE,GPR + Morgan,GPR + Physchem,0.13023615071427797,0.1033106198676893
50,FKBP3_HUMAN_Tsuboyama_2023_2KFV,Test MSE,GPR + N-gram,GPR + Physchem,0.5470382191933174,0.060576772473579066
50,MAFG_MOUSE_Tsuboyama_2023_1K1V,Test MSE,GPR + ESM2,GPR + Morgan,0.001,-0.3377821940673321
50,MAFG_MOUSE_Tsuboyama_2023_1K1V,Test MSE,GPR + ESM2,GPR + N-gram,0.001,-0.2586037421907154
50,MAFG_MOUSE_Tsuboyama_2023_1K1V,Test MSE,GPR + ESM2,GPR + Physchem,0.001,-0.29511720266735675
50,MAFG_MOUSE_Tsuboyama_2023_1K1V,Test MSE,GPR + Morgan,GPR + N-gram,0.09856603952280774,0.0791784518766167
50,MAFG_MOUSE_Tsuboyama_2023_1K1V,Test MSE,GPR + Morgan,GPR + Physchem,0.5640180215529269,0.04266499139997537
50,MAFG_MOUSE_Tsuboyama_2023_1K1V,Test MSE,GPR + N-gram,GPR + Physchem,0.6671172546680846,-0.036513460476641335
50,POLG_PESV_Tsuboyama_2023_2MXD,Test MSE,GPR + ESM2,GPR + Morgan,0.0027103731177825496,-0.7369774950574537
50,POLG_PESV_Tsuboyama_2023_2MXD,Test MSE,GPR + ESM2,GPR + N-gram,0.001,-1.5234616453012224
50,POLG_PESV_Tsuboyama_2023_2MXD,Test MSE,GPR + ESM2,GPR + Physchem,0.14718180833291405,-0.41204462084610005
50,POLG_PESV_Tsuboyama_2023_2MXD,Test MSE,GPR + Morgan,GPR + N-gram,0.0013647144669386435,-0.7864841502437687
50,POLG_PESV_Tsuboyama_2023_2MXD,Test MSE,GPR + Morgan,GPR + Physchem,0.3237538151972674,0.32493287421135364
50,POLG_PESV_Tsuboyama_2023_2MXD,Test MSE,GPR + N-gram,GPR + Physchem,0.001,1.1114170244551222
50,SBI_STAAM_Tsuboyama_2023_2JVG,Test MSE,GPR + ESM2,GPR + Morgan,0.001,-0.16546281995302314
50,SBI_STAAM_Tsuboyama_2023_2JVG,Test MSE,GPR + ESM2,GPR + N-gram,0.001,-0.12284161222131229
50,SBI_STAAM_Tsuboyama_2023_2JVG,Test MSE,GPR + ESM2,GPR + Physchem,0.001,-0.10623886377589292
50,SBI_STAAM_Tsuboyama_2023_2JVG,Test MSE,GPR + Morgan,GPR + N-gram,0.3213323234682255,0.04262120773171085
50,SBI_STAAM_Tsuboyama_2023_2JVG,Test MSE,GPR + Morgan,GPR + Physchem,0.096401607101254,0.05922395617713022
50,SBI_STAAM_Tsuboyama_2023_2JVG,Test MSE,GPR + N-gram,GPR + Physchem,0.9,0.01660274844541937
50,SDA_BACSU_Tsuboyama_2023_1PV0,Test MSE,GPR + ESM2,GPR + Morgan,0.9,-1.1384091782411998
50,SDA_BACSU_Tsuboyama_2023_1PV0,Test MSE,GPR + ESM2,GPR + N-gram,0.9,-1.3043001370437604
50,SDA_BACSU_Tsuboyama_2023_1PV0,Test MSE,GPR + ESM2,GPR + Physchem,0.26271092447712885,-23.163324395656506
50,SDA_BACSU_Tsuboyama_2023_1PV0,Test MSE,GPR + Morgan,GPR + N-gram,0.9,-0.16589095880256033
50,SDA_BACSU_Tsuboyama_2023_1PV0,Test MSE,GPR + Morgan,GPR + Physchem,0.30376288305127686,-22.024915217415305
50,SDA_BACSU_Tsuboyama_2023_1PV0,Test MSE,GPR + N-gram,GPR + Physchem,0.3100323468291504,-21.859024258612745
50,SOX30_HUMAN_Tsuboyama_2023_7JJK,Test MSE,GPR + ESM2,GPR + Morgan,0.001,-0.3654763218215352
50,SOX30_HUMAN_Tsuboyama_2023_7JJK,Test MSE,GPR + ESM2,GPR + N-gram,0.001,-0.3637363930306421
50,SOX30_HUMAN_Tsuboyama_2023_7JJK,Test MSE,GPR + ESM2,GPR + Physchem,0.001,-0.29450763783994993
50,SOX30_HUMAN_Tsuboyama_2023_7JJK,Test MSE,GPR + Morgan,GPR + N-gram,0.9,0.0017399287908931305
50,SOX30_HUMAN_Tsuboyama_2023_7JJK,Test MSE,GPR + Morgan,GPR + Physchem,0.2372217069262117,0.07096868398158529
50,SOX30_HUMAN_Tsuboyama_2023_7JJK,Test MSE,GPR + N-gram,GPR + Physchem,0.25644963643902874,0.06922875519069216
50,YNZC_BACSU_Tsuboyama_2023_2JVD,Test MSE,GPR + ESM2,GPR + Morgan,0.001,-0.5721887479646133
50,YNZC_BACSU_Tsuboyama_2023_2JVD,Test MSE,GPR + ESM2,GPR + N-gram,0.001,-0.9946629440362007
50,YNZC_BACSU_Tsuboyama_2023_2JVD,Test MSE,GPR + ESM2,GPR + Physchem,0.06907916879087983,-0.3386156434010143
50,YNZC_BACSU_Tsuboyama_2023_2JVD,Test MSE,GPR + Morgan,GPR + N-gram,0.016244233094686367,-0.42247419607158754
50,YNZC_BACSU_Tsuboyama_2023_2JVD,Test MSE,GPR + Morgan,GPR + Physchem,0.3027618373195501,0.23357310456359892
50,YNZC_BACSU_Tsuboyama_2023_2JVD,Test MSE,GPR + N-gram,GPR + Physchem,0.001,0.6560473006351865
75,A0A247D711_LISMN_Stadelmann_2021,Test MSE,GPR + ESM2,GPR + Morgan,0.035212920624044686,-0.6111174429213921
75,A0A247D711_LISMN_Stadelmann_2021,Test MSE,GPR + ESM2,GPR + N-gram,0.6371606364635758,-0.24646004394831933
75,A0A247D711_LISMN_Stadelmann_2021,Test MSE,GPR + ESM2,GPR + Physchem,0.9,-0.07972948795630486
75,A0A247D711_LISMN_Stadelmann_2021,Test MSE,GPR + Morgan,GPR + N-gram,0.329908984358117,0.3646573989730728
75,A0A247D711_LISMN_Stadelmann_2021,Test MSE,GPR + Morgan,GPR + Physchem,0.0798945242780611,0.5313879549650873
75,A0A247D711_LISMN_Stadelmann_2021,Test MSE,GPR + N-gram,GPR + Physchem,0.8448181872147001,0.16673055599201447
75,DN7A_SACS2_Tsuboyama_2023_1JIC,Test MSE,GPR + ESM2,GPR + Morgan,0.001,-0.7564505875355247
75,DN7A_SACS2_Tsuboyama_2023_1JIC,Test MSE,GPR + ESM2,GPR + N-gram,0.001,-0.6927676992614289
75,DN7A_SACS2_Tsuboyama_2023_1JIC,Test MSE,GPR + ESM2,GPR + Physchem,0.010956443805448468,-0.32301774770705216
75,DN7A_SACS2_Tsuboyama_2023_1JIC,Test MSE,GPR + Morgan,GPR + N-gram,0.9,0.06368288827409585
75,DN7A_SACS2_Tsuboyama_2023_1JIC,Test MSE,GPR + Morgan,GPR + Physchem,0.001,0.4334328398284726
75,DN7A_SACS2_Tsuboyama_2023_1JIC,Test MSE,GPR + N-gram,GPR + Physchem,0.0032084359262408713,0.36974995155437673
75,ENVZ_ECOLI_Ghose_2023,Test MSE,GPR + ESM2,GPR + Morgan,0.0012553461607063277,-0.2341878940225659
75,ENVZ_ECOLI_Ghose_2023,Test MSE,GPR + ESM2,GPR + N-gram,0.0036022903437163967,-0.21165813114545284
75,ENVZ_ECOLI_Ghose_2023,Test MSE,GPR + ESM2,GPR + Physchem,0.08015669256934987,-0.13882983514253855
75,ENVZ_ECOLI_Ghose_2023,Test MSE,GPR + Morgan,GPR + N-gram,0.9,0.022529762877113058
75,ENVZ_ECOLI_Ghose_2023,Test MSE,GPR + Morgan,GPR + Physchem,0.3296572555310534,0.09535805888002735
75,ENVZ_ECOLI_Ghose_2023,Test MSE,GPR + N-gram,GPR + Physchem,0.5534960608380556,0.0728282960029143
75,FKBP3_HUMAN_Tsuboyama_2023_2KFV,Test MSE,GPR + ESM2,GPR + Morgan,0.14943812047010152,-0.04903088288717061
75,FKBP3_HUMAN_Tsuboyama_2023_2KFV,Test MSE,GPR + ESM2,GPR + N-gram,0.7428588618923464,0.02175197047847277
75,FKBP3_HUMAN_Tsuboyama_2023_2KFV,Test MSE,GPR + ESM2,GPR + Physchem,0.08496127527035591,0.05547662559124722
75,FKBP3_HUMAN_Tsuboyama_2023_2KFV,Test MSE,GPR + Morgan,GPR + N-gram,0.018465027934004508,0.07078285336564338
75,FKBP3_HUMAN_Tsuboyama_2023_2KFV,Test MSE,GPR + Morgan,GPR + Physchem,0.001,0.10450750847841783
75,FKBP3_HUMAN_Tsuboyama_2023_2KFV,Test MSE,GPR + N-gram,GPR + Physchem,0.44592717783428437,0.03372465511277445
75,MAFG_MOUSE_Tsuboyama_2023_1K1V,Test MSE,GPR + ESM2,GPR + Morgan,0.001,-0.33620650607558644
75,MAFG_MOUSE_Tsuboyama_2023_1K1V,Test MSE,GPR + ESM2,GPR + N-gram,0.001,-0.2353537025503405
75,MAFG_MOUSE_Tsuboyama_2023_1K1V,Test MSE,GPR + ESM2,GPR + Physchem,0.001,-0.3076129660563628
75,MAFG_MOUSE_Tsuboyama_2023_1K1V,Test MSE,GPR + Morgan,GPR + N-gram,0.010548364164501445,0.10085280352524595
75,MAFG_MOUSE_Tsuboyama_2023_1K1V,Test MSE,GPR + Morgan,GPR + Physchem,0.7481379427772585,0.02859354001922365
75,MAFG_MOUSE_Tsuboyama_2023_1K1V,Test MSE,GPR + N-gram,GPR + Physchem,0.09344270906158225,-0.0722592635060223
75,POLG_PESV_Tsuboyama_2023_2MXD,Test MSE,GPR + ESM2,GPR + Morgan,0.001,-0.8125487611429398
75,POLG_PESV_Tsuboyama_2023_2MXD,Test MSE,GPR + ESM2,GPR + N-gram,0.001,-1.233623702005255
75,POLG_PESV_Tsuboyama_2023_2MXD,Test MSE,GPR + ESM2,GPR + Physchem,0.001,-0.449951070165144
75,POLG_PESV_Tsuboyama_2023_2MXD,Test MSE,GPR + Morgan,GPR + N-gram,0.001,-0.4210749408623151
75,POLG_PESV_Tsuboyama_2023_2MXD,Test MSE,GPR + Morgan,GPR + Physchem,0.002906765933440081,0.3625976909777958
75,POLG_PESV_Tsuboyama_2023_2MXD,Test MSE,GPR + N-gram,GPR + Physchem,0.001,0.7836726318401109
75,SBI_STAAM_Tsuboyama_2023_2JVG,Test MSE,GPR + ESM2,GPR + Morgan,0.17500136401872513,-0.6443717963433755
75,SBI_STAAM_Tsuboyama_2023_2JVG,Test MSE,GPR + ESM2,GPR + N-gram,0.9,-0.1521532409263452
75,SBI_STAAM_Tsuboyama_2023_2JVG,Test MSE,GPR + ESM2,GPR + Physchem,0.9,-0.17632727173899848
75,SBI_STAAM_Tsuboyama_2023_2JVG,Test MSE,GPR + Morgan,GPR + N-gram,0.38953434392478503,0.49221855541703036
75,SBI_STAAM_Tsuboyama_2023_2JVG,Test MSE,GPR + Morgan,GPR + Physchem,0.4335146940169524,0.46804452460437707
75,SBI_STAAM_Tsuboyama_2023_2JVG,Test MSE,GPR + N-gram,GPR + Physchem,0.9,-0.02417403081265329
75,SDA_BACSU_Tsuboyama_2023_1PV0,Test MSE,GPR + ESM2,GPR + Morgan,0.9,-1.1384503248768771
75,SDA_BACSU_Tsuboyama_2023_1PV0,Test MSE,GPR + ESM2,GPR + N-gram,0.9,-0.7313311205951321
75,SDA_BACSU_Tsuboyama_2023_1PV0,Test MSE,GPR + ESM2,GPR + Physchem,0.2691328042209926,-59.77731550278704
75,SDA_BACSU_Tsuboyama_2023_1PV0,Test MSE,GPR + Morgan,GPR + N-gram,0.9,0.407119204281745
75,SDA_BACSU_Tsuboyama_2023_1PV0,Test MSE,GPR + Morgan,GPR + Physchem,0.28471827686201356,-58.63886517791016
75,SDA_BACSU_Tsuboyama_2023_1PV0,Test MSE,GPR + N-gram,GPR + Physchem,0.27908120428789773,-59.04598438219191
75,SOX30_HUMAN_Tsuboyama_2023_7JJK,Test MSE,GPR + ESM2,GPR + Morgan,0.001,-0.42075016586700636
75,SOX30_HUMAN_Tsuboyama_2023_7JJK,Test MSE,GPR + ESM2,GPR + N-gram,0.001,-0.34963102333181034
75,SOX30_HUMAN_Tsuboyama_2023_7JJK,Test MSE,GPR + ESM2,GPR + Physchem,0.001,-0.34046909834592193
75,SOX30_HUMAN_Tsuboyama_2023_7JJK,Test MSE,GPR + Morgan,GPR + N-gram,0.027449949287884357,0.07111914253519602
75,SOX30_HUMAN_Tsuboyama_2023_7JJK,Test MSE,GPR + Morgan,GPR + Physchem,0.01094190019746133,0.08028106752108444
75,SOX30_HUMAN_Tsuboyama_2023_7JJK,Test MSE,GPR + N-gram,GPR + Physchem,0.9,0.009161924985888414
75,YNZC_BACSU_Tsuboyama_2023_2JVD,Test MSE,GPR + ESM2,GPR + Morgan,0.001,-0.5654565166068246
75,YNZC_BACSU_Tsuboyama_2023_2JVD,Test MSE,GPR + ESM2,GPR + N-gram,0.001,-0.597314334440754
75,YNZC_BACSU_Tsuboyama_2023_2JVD,Test MSE,GPR + ESM2,GPR + Physchem,0.001,-0.3479910793593841
75,YNZC_BACSU_Tsuboyama_2023_2JVD,Test MSE,GPR + Morgan,GPR + N-gram,0.9,-0.03185781783392938
75,YNZC_BACSU_Tsuboyama_2023_2JVD,Test MSE,GPR + Morgan,GPR + Physchem,0.011041560963440444,0.2174654372474405
75,YNZC_BACSU_Tsuboyama_2023_2JVD,Test MSE,GPR + N-gram,GPR + Physchem,0.0031867137417672664,0.24932325508136988
100,A0A247D711_LISMN_Stadelmann_2021,Test MSE,GPR + ESM2,GPR + Morgan,0.001,-0.3065681746368307
100,A0A247D711_LISMN_Stadelmann_2021,Test MSE,GPR + ESM2,GPR + N-gram,0.001,-0.23749935697821734
100,A0A247D711_LISMN_Stadelmann_2021,Test MSE,GPR + ESM2,GPR + Physchem,0.001142134242294146,-0.17410622741864934
100,A0A247D711_LISMN_Stadelmann_2021,Test MSE,GPR + Morgan,GPR + N-gram,0.3447484992694978,0.06906881765861339
100,A0A247D711_LISMN_Stadelmann_2021,Test MSE,GPR + Morgan,GPR + Physchem,0.015158188259229322,0.1324619472181814
100,A0A247D711_LISMN_Stadelmann_2021,Test MSE,GPR + N-gram,GPR + Physchem,0.41979860096525223,0.063393129559568
100,DN7A_SACS2_Tsuboyama_2023_1JIC,Test MSE,GPR + ESM2,GPR + Morgan,0.001,-0.714982604500865
100,DN7A_SACS2_Tsuboyama_2023_1JIC,Test MSE,GPR + ESM2,GPR + N-gram,0.001,-0.8362838606738902
100,DN7A_SACS2_Tsuboyama_2023_1JIC,Test MSE,GPR + ESM2,GPR + Physchem,0.001,-0.4272138815883114
100,DN7A_SACS2_Tsuboyama_2023_1JIC,Test MSE,GPR + Morgan,GPR + N-gram,0.5335484676022515,-0.12130125617302512
100,DN7A_SACS2_Tsuboyama_2023_1JIC,Test MSE,GPR + Morgan,GPR + Physchem,0.016663334814996933,0.2877687229125536
100,DN7A_SACS2_Tsuboyama_2023_1JIC,Test MSE,GPR + N-gram,GPR + Physchem,0.001,0.40906997908557874
100,ENVZ_ECOLI_Ghose_2023,Test MSE,GPR + ESM2,GPR + Morgan,0.001,-0.2084104868476988
100,ENVZ_ECOLI_Ghose_2023,Test MSE,GPR + ESM2,GPR + N-gram,0.001,-0.15247092505029092
100,ENVZ_ECOLI_Ghose_2023,Test MSE,GPR + ESM2,GPR + Physchem,0.001,-0.15471622434546406
100,ENVZ_ECOLI_Ghose_2023,Test MSE,GPR + Morgan,GPR + N-gram,0.22184600845910107,0.05593956179740789
100,ENVZ_ECOLI_Ghose_2023,Test MSE,GPR + Morgan,GPR + Physchem,0.2530921741588965,0.053694262502234746
100,ENVZ_ECOLI_Ghose_2023,Test MSE,GPR + N-gram,GPR + Physchem,0.9,-0.002245299295173142
100,FKBP3_HUMAN_Tsuboyama_2023_2KFV,Test MSE,GPR + ESM2,GPR + Morgan,0.001,-0.11356850256580997
100,FKBP3_HUMAN_Tsuboyama_2023_2KFV,Test MSE,GPR + ESM2,GPR + N-gram,0.9,-0.008928426899173614
100,FKBP3_HUMAN_Tsuboyama_2023_2KFV,Test MSE,GPR + ESM2,GPR + Physchem,0.8475828316445133,0.01750094166691263
100,FKBP3_HUMAN_Tsuboyama_2023_2KFV,Test MSE,GPR + Morgan,GPR + N-gram,0.001,0.10464007566663636
100,FKBP3_HUMAN_Tsuboyama_2023_2KFV,Test MSE,GPR + Morgan,GPR + Physchem,0.001,0.1310694442327226
100,FKBP3_HUMAN_Tsuboyama_2023_2KFV,Test MSE,GPR + N-gram,GPR + Physchem,0.6274513094683927,0.026429368566086242
100,MAFG_MOUSE_Tsuboyama_2023_1K1V,Test MSE,GPR + ESM2,GPR + Morgan,0.001,-0.3557335693036621
100,MAFG_MOUSE_Tsuboyama_2023_1K1V,Test MSE,GPR + ESM2,GPR + N-gram,0.001,-0.18512234542028178
100,MAFG_MOUSE_Tsuboyama_2023_1K1V,Test MSE,GPR + ESM2,GPR + Physchem,0.001,-0.287234274485963
100,MAFG_MOUSE_Tsuboyama_2023_1K1V,Test MSE,GPR + Morgan,GPR + N-gram,0.001,0.17061122388338035
100,MAFG_MOUSE_Tsuboyama_2023_1K1V,Test MSE,GPR + Morgan,GPR + Physchem,0.004574880096194112,0.06849929481769912
100,MAFG_MOUSE_Tsuboyama_2023_1K1V,Test MSE,GPR + N-gram,GPR + Physchem,0.001,-0.10211192906568123
100,POLG_PESV_Tsuboyama_2023_2MXD,Test MSE,GPR + ESM2,GPR + Morgan,0.001,-0.8168522908835814
100,POLG_PESV_Tsuboyama_2023_2MXD,Test MSE,GPR + ESM2,GPR + N-gram,0.001,-0.8357266271191905
100,POLG_PESV_Tsuboyama_2023_2MXD,Test MSE,GPR + ESM2,GPR + Physchem,0.001,-0.48534364074596664
100,POLG_PESV_Tsuboyama_2023_2MXD,Test MSE,GPR + Morgan,GPR + N-gram,0.9,-0.01887433623560919
100,POLG_PESV_Tsuboyama_2023_2MXD,Test MSE,GPR + Morgan,GPR + Physchem,0.001,0.33150865013761477
100,POLG_PESV_Tsuboyama_2023_2MXD,Test MSE,GPR + N-gram,GPR + Physchem,0.001,0.35038298637322396
100,SBI_STAAM_Tsuboyama_2023_2JVG,Test MSE,GPR + ESM2,GPR + Morgan,0.001,-0.2013480308983538
100,SBI_STAAM_Tsuboyama_2023_2JVG,Test MSE,GPR + ESM2,GPR + N-gram,0.001,-0.14113682863335603
100,SBI_STAAM_Tsuboyama_2023_2JVG,Test MSE,GPR + ESM2,GPR + Physchem,0.001,-0.17359535138761734
100,SBI_STAAM_Tsuboyama_2023_2JVG,Test MSE,GPR + Morgan,GPR + N-gram,0.0015339262572727774,0.060211202264997765
100,SBI_STAAM_Tsuboyama_2023_2JVG,Test MSE,GPR + Morgan,GPR + Physchem,0.24363946988609697,0.027752679510736455
100,SBI_STAAM_Tsuboyama_2023_2JVG,Test MSE,GPR + N-gram,GPR + Physchem,0.1365335790454445,-0.03245852275426131
100,SDA_BACSU_Tsuboyama_2023_1PV0,Test MSE,GPR + ESM2,GPR + Morgan,0.9,-1.0949637995828547
100,SDA_BACSU_Tsuboyama_2023_1PV0,Test MSE,GPR + ESM2,GPR + N-gram,0.9,-0.5515846053353164
100,SDA_BACSU_Tsuboyama_2023_1PV0,Test MSE,GPR + ESM2,GPR + Physchem,0.38978423380553673,-4.577603905203299
100,SDA_BACSU_Tsuboyama_2023_1PV0,Test MSE,GPR + Morgan,GPR + N-gram,0.9,0.5433791942475383
100,SDA_BACSU_Tsuboyama_2023_1PV0,Test MSE,GPR + Morgan,GPR + Physchem,0.6044418147731547,-3.4826401056204443
100,SDA_BACSU_Tsuboyama_2023_1PV0,Test MSE,GPR + N-gram,GPR + Physchem,0.49915733952082153,-4.026019299867983
100,SOX30_HUMAN_Tsuboyama_2023_7JJK,Test MSE,GPR + ESM2,GPR + Morgan,0.001,-0.4371049914499012
100,SOX30_HUMAN_Tsuboyama_2023_7JJK,Test MSE,GPR + ESM2,GPR + N-gram,0.001,-0.34069907855220904
100,SOX30_HUMAN_Tsuboyama_2023_7JJK,Test MSE,GPR + ESM2,GPR + Physchem,0.001,-0.37413305547553566
100,SOX30_HUMAN_Tsuboyama_2023_7JJK,Test MSE,GPR + Morgan,GPR + N-gram,0.001,0.09640591289769218
100,SOX30_HUMAN_Tsuboyama_2023_7JJK,Test MSE,GPR + Morgan,GPR + Physchem,0.024760082624131097,0.06297193597436557
100,SOX30_HUMAN_Tsuboyama_2023_7JJK,Test MSE,GPR + N-gram,GPR + Physchem,0.3866303801631158,-0.033433976923326614
100,YNZC_BACSU_Tsuboyama_2023_2JVD,Test MSE,GPR + ESM2,GPR + Morgan,0.001,-0.5475787027846202
100,YNZC_BACSU_Tsuboyama_2023_2JVD,Test MSE,GPR + ESM2,GPR + N-gram,0.001,-0.3597191644943229
100,YNZC_BACSU_Tsuboyama_2023_2JVD,Test MSE,GPR + ESM2,GPR + Physchem,0.001,-0.339339747071798
100,YNZC_BACSU_Tsuboyama_2023_2JVD,Test MSE,GPR + Morgan,GPR + N-gram,0.001,0.18785953829029722
100,YNZC_BACSU_Tsuboyama_2023_2JVD,Test MSE,GPR + Morgan,GPR + Physchem,0.001,0.20823895571282214
100,YNZC_BACSU_Tsuboyama_2023_2JVD,Test MSE,GPR + N-gram,GPR + Physchem,0.770902124072891,0.020379417422524915
200,A0A247D711_LISMN_Stadelmann_2021,Test MSE,GPR + ESM2,GPR + Morgan,0.001,-0.4114355716652518
200,A0A247D711_LISMN_Stadelmann_2021,Test MSE,GPR + ESM2,GPR + N-gram,0.001,-0.25715660743007973
200,A0A247D711_LISMN_Stadelmann_2021,Test MSE,GPR + ESM2,GPR + Physchem,0.001,-0.22097005120702606
200,A0A247D711_LISMN_Stadelmann_2021,Test MSE,GPR + Morgan,GPR + N-gram,0.001,0.15427896423517207
200,A0A247D711_LISMN_Stadelmann_2021,Test MSE,GPR + Morgan,GPR + Physchem,0.001,0.19046552045822573
200,A0A247D711_LISMN_Stadelmann_2021,Test MSE,GPR + N-gram,GPR + Physchem,0.6725124965462569,0.03618655622305367
200,DN7A_SACS2_Tsuboyama_2023_1JIC,Test MSE,GPR + ESM2,GPR + Morgan,0.001,-0.8277755974947032
200,DN7A_SACS2_Tsuboyama_2023_1JIC,Test MSE,GPR + ESM2,GPR + N-gram,0.001,-0.7687641390165376
200,DN7A_SACS2_Tsuboyama_2023_1JIC,Test MSE,GPR + ESM2,GPR + Physchem,0.001,-0.5175088840867983
200,DN7A_SACS2_Tsuboyama_2023_1JIC,Test MSE,GPR + Morgan,GPR + N-gram,0.3237735219734632,0.05901145847816558
200,DN7A_SACS2_Tsuboyama_2023_1JIC,Test MSE,GPR + Morgan,GPR + Physchem,0.001,0.3102667134079049
200,DN7A_SACS2_Tsuboyama_2023_1JIC,Test MSE,GPR + N-gram,GPR + Physchem,0.001,0.2512552549297393
200,ENVZ_ECOLI_Ghose_2023,Test MSE,GPR + ESM2,GPR + Morgan,0.001,-0.2311103113491788
200,ENVZ_ECOLI_Ghose_2023,Test MSE,GPR + ESM2,GPR + N-gram,0.001,-0.19974593937157437
200,ENVZ_ECOLI_Ghose_2023,Test MSE,GPR + ESM2,GPR + Physchem,0.001,-0.23169220711591088
200,ENVZ_ECOLI_Ghose_2023,Test MSE,GPR + Morgan,GPR + N-gram,0.567939603499219,0.031364371977604444
200,ENVZ_ECOLI_Ghose_2023,Test MSE,GPR + Morgan,GPR + Physchem,0.9,-0.0005818957667320657
200,ENVZ_ECOLI_Ghose_2023,Test MSE,GPR + N-gram,GPR + Physchem,0.5547478226310225,-0.03194626774433651
200,FKBP3_HUMAN_Tsuboyama_2023_2KFV,Test MSE,GPR + ESM2,GPR + Morgan,0.001,-0.20768708978385197
200,FKBP3_HUMAN_Tsuboyama_2023_2KFV,Test MSE,GPR + ESM2,GPR + N-gram,0.00801592893501979,-0.07115435452581209
200,FKBP3_HUMAN_Tsuboyama_2023_2KFV,Test MSE,GPR + ESM2,GPR + Physchem,0.18292492359957746,-0.042222061415749135
200,FKBP3_HUMAN_Tsuboyama_2023_2KFV,Test MSE,GPR + Morgan,GPR + N-gram,0.001,0.13653273525803988
200,FKBP3_HUMAN_Tsuboyama_2023_2KFV,Test MSE,GPR + Morgan,GPR + Physchem,0.001,0.16546502836810284
200,FKBP3_HUMAN_Tsuboyama_2023_2KFV,Test MSE,GPR + N-gram,GPR + Physchem,0.49247516073680353,0.028932293110062957
200,MAFG_MOUSE_Tsuboyama_2023_1K1V,Test MSE,GPR + ESM2,GPR + Morgan,0.001,-0.35476488539947976
200,MAFG_MOUSE_Tsuboyama_2023_1K1V,Test MSE,GPR + ESM2,GPR + N-gram,0.001,-0.14868224517967837
200,MAFG_MOUSE_Tsuboyama_2023_1K1V,Test MSE,GPR + ESM2,GPR + Physchem,0.001,-0.2755333294879056
200,MAFG_MOUSE_Tsuboyama_2023_1K1V,Test MSE,GPR + Morgan,GPR + N-gram,0.001,0.20608264021980138
200,MAFG_MOUSE_Tsuboyama_2023_1K1V,Test MSE,GPR + Morgan,GPR + Physchem,0.001,0.07923155591157416
200,MAFG_MOUSE_Tsuboyama_2023_1K1V,Test MSE,GPR + N-gram,GPR + Physchem,0.001,-0.12685108430822722
200,POLG_PESV_Tsuboyama_2023_2MXD,Test MSE,GPR + ESM2,GPR + Morgan,0.001,-0.824361112068971
200,POLG_PESV_Tsuboyama_2023_2MXD,Test MSE,GPR + ESM2,GPR + N-gram,0.001,-0.3481886868715467
200,POLG_PESV_Tsuboyama_2023_2MXD,Test MSE,GPR + ESM2,GPR + Physchem,0.001,-0.48107814552461126
200,POLG_PESV_Tsuboyama_2023_2MXD,Test MSE,GPR + Morgan,GPR + N-gram,0.001,0.4761724251974243
200,POLG_PESV_Tsuboyama_2023_2MXD,Test MSE,GPR + Morgan,GPR + Physchem,0.001,0.34328296654435975
200,POLG_PESV_Tsuboyama_2023_2MXD,Test MSE,GPR + N-gram,GPR + Physchem,0.001,-0.13288945865306456
200,SBI_STAAM_Tsuboyama_2023_2JVG,Test MSE,GPR + ESM2,GPR + Morgan,0.001,-0.2538163764649588
200,SBI_STAAM_Tsuboyama_2023_2JVG,Test MSE,GPR + ESM2,GPR + N-gram,0.001,-0.2088327638991194
200,SBI_STAAM_Tsuboyama_2023_2JVG,Test MSE,GPR + ESM2,GPR + Physchem,0.001,-0.24100973137602857
200,SBI_STAAM_Tsuboyama_2023_2JVG,Test MSE,GPR + Morgan,GPR + N-gram,0.001,0.04498361256583938
200,SBI_STAAM_Tsuboyama_2023_2JVG,Test MSE,GPR + Morgan,GPR + Physchem,0.5185004642758901,0.012806645088930202
200,SBI_STAAM_Tsuboyama_2023_2JVG,Test MSE,GPR + N-gram,GPR + Physchem,0.008890778042959568,-0.03217696747690918
200,SDA_BACSU_Tsuboyama_2023_1PV0,Test MSE,GPR + ESM2,GPR + Morgan,0.001,-1.0932340202856092
200,SDA_BACSU_Tsuboyama_2023_1PV0,Test MSE,GPR + ESM2,GPR + N-gram,0.001,-0.3930880961187101
200,SDA_BACSU_Tsuboyama_2023_1PV0,Test MSE,GPR + ESM2,GPR + Physchem,0.001,-0.49477209562334523
200,SDA_BACSU_Tsuboyama_2023_1PV0,Test MSE,GPR + Morgan,GPR + N-gram,0.001,0.7001459241668991
200,SDA_BACSU_Tsuboyama_2023_1PV0,Test MSE,GPR + Morgan,GPR + Physchem,0.001,0.598461924662264
200,SDA_BACSU_Tsuboyama_2023_1PV0,Test MSE,GPR + N-gram,GPR + Physchem,0.001,-0.10168399950463514
200,SOX30_HUMAN_Tsuboyama_2023_7JJK,Test MSE,GPR + ESM2,GPR + Morgan,0.001,-0.48891934248792923
200,SOX30_HUMAN_Tsuboyama_2023_7JJK,Test MSE,GPR + ESM2,GPR + N-gram,0.001,-0.37941293330904935
200,SOX30_HUMAN_Tsuboyama_2023_7JJK,Test MSE,GPR + ESM2,GPR + Physchem,0.001,-0.41387221622435133
200,SOX30_HUMAN_Tsuboyama_2023_7JJK,Test MSE,GPR + Morgan,GPR + N-gram,0.001,0.10950640917887988
200,SOX30_HUMAN_Tsuboyama_2023_7JJK,Test MSE,GPR + Morgan,GPR + Physchem,0.0013672553985050184,0.0750471262635779
200,SOX30_HUMAN_Tsuboyama_2023_7JJK,Test MSE,GPR + N-gram,GPR + Physchem,0.23837825552818714,-0.03445928291530198
200,YNZC_BACSU_Tsuboyama_2023_2JVD,Test MSE,GPR + ESM2,GPR + Morgan,0.001,-0.5194974486596624
200,YNZC_BACSU_Tsuboyama_2023_2JVD,Test MSE,GPR + ESM2,GPR + N-gram,0.001,-0.19743830080841124
200,YNZC_BACSU_Tsuboyama_2023_2JVD,Test MSE,GPR + ESM2,GPR + Physchem,0.001,-0.31116493795406347
200,YNZC_BACSU_Tsuboyama_2023_2JVD,Test MSE,GPR + Morgan,GPR + N-gram,0.001,0.3220591478512512
200,YNZC_BACSU_Tsuboyama_2023_2JVD,Test MSE,GPR + Morgan,GPR + Physchem,0.001,0.208332510705599
200,YNZC_BACSU_Tsuboyama_2023_2JVD,Test MSE,GPR + N-gram,GPR + Physchem,0.001,-0.11372663714565223
350,A0A247D711_LISMN_Stadelmann_2021,Test MSE,GPR + ESM2,GPR + Morgan,0.001,-0.5318865382936662
350,A0A247D711_LISMN_Stadelmann_2021,Test MSE,GPR + ESM2,GPR + N-gram,0.001,-0.3938550886670602
350,A0A247D711_LISMN_Stadelmann_2021,Test MSE,GPR + ESM2,GPR + Physchem,0.001,-0.2787261711731641
350,A0A247D711_LISMN_Stadelmann_2021,Test MSE,GPR + Morgan,GPR + N-gram,0.001,0.13803144962660596
350,A0A247D711_LISMN_Stadelmann_2021,Test MSE,GPR + Morgan,GPR + Physchem,0.001,0.25316036712050205
350,A0A247D711_LISMN_Stadelmann_2021,Test MSE,GPR + N-gram,GPR + Physchem,0.001,0.11512891749389609
350,DN7A_SACS2_Tsuboyama_2023_1JIC,Test MSE,GPR + ESM2,GPR + Morgan,0.001,-0.9057414492323255
350,DN7A_SACS2_Tsuboyama_2023_1JIC,Test MSE,GPR + ESM2,GPR + N-gram,0.001,-0.8279001833225499
350,DN7A_SACS2_Tsuboyama_2023_1JIC,Test MSE,GPR + ESM2,GPR + Physchem,0.001,-0.5202267844176456
350,DN7A_SACS2_Tsuboyama_2023_1JIC,Test MSE,GPR + Morgan,GPR + N-gram,0.008772916310375245,0.07784126590977558
350,DN7A_SACS2_Tsuboyama_2023_1JIC,Test MSE,GPR + Morgan,GPR + Physchem,0.001,0.3855146648146799
350,DN7A_SACS2_Tsuboyama_2023_1JIC,Test MSE,GPR + N-gram,GPR + Physchem,0.001,0.3076733989049043
350,ENVZ_ECOLI_Ghose_2023,Test MSE,GPR + ESM2,GPR + Morgan,0.001,-0.28716371183256784
350,ENVZ_ECOLI_Ghose_2023,Test MSE,GPR + ESM2,GPR + N-gram,0.001,-0.2956327647791108
350,ENVZ_ECOLI_Ghose_2023,Test MSE,GPR + ESM2,GPR + Physchem,0.001,-0.2805513179705621
350,ENVZ_ECOLI_Ghose_2023,Test MSE,GPR + Morgan,GPR + N-gram,0.9,-0.008469052946542988
350,ENVZ_ECOLI_Ghose_2023,Test MSE,GPR + Morgan,GPR + Physchem,0.9,0.006612393862005739
350,ENVZ_ECOLI_Ghose_2023,Test MSE,GPR + N-gram,GPR + Physchem,0.9,0.015081446808548726
350,FKBP3_HUMAN_Tsuboyama_2023_2KFV,Test MSE,GPR + ESM2,GPR + Morgan,0.001,-0.2880233620901796
350,FKBP3_HUMAN_Tsuboyama_2023_2KFV,Test MSE,GPR + ESM2,GPR + N-gram,0.001,-0.17698394889548957
350,FKBP3_HUMAN_Tsuboyama_2023_2KFV,Test MSE,GPR + ESM2,GPR + Physchem,0.001,-0.11316007769456965
350,FKBP3_HUMAN_Tsuboyama_2023_2KFV,Test MSE,GPR + Morgan,GPR + N-gram,0.001,0.11103941319469002
350,FKBP3_HUMAN_Tsuboyama_2023_2KFV,Test MSE,GPR + Morgan,GPR + Physchem,0.001,0.17486328439560994
350,FKBP3_HUMAN_Tsuboyama_2023_2KFV,Test MSE,GPR + N-gram,GPR + Physchem,0.0011766111862008266,0.06382387120091992
350,MAFG_MOUSE_Tsuboyama_2023_1K1V,Test MSE,GPR + ESM2,GPR + Morgan,0.001,-0.3676323224567013
350,MAFG_MOUSE_Tsuboyama_2023_1K1V,Test MSE,GPR + ESM2,GPR + N-gram,0.001,-0.1428605709588833
350,MAFG_MOUSE_Tsuboyama_2023_1K1V,Test MSE,GPR + ESM2,GPR + Physchem,0.001,-0.2757778025391818
350,MAFG_MOUSE_Tsuboyama_2023_1K1V,Test MSE,GPR + Morgan,GPR + N-gram,0.001,0.22477175149781797
350,MAFG_MOUSE_Tsuboyama_2023_1K1V,Test MSE,GPR + Morgan,GPR + Physchem,0.001,0.09185451991751947
350,MAFG_MOUSE_Tsuboyama_2023_1K1V,Test MSE,GPR + N-gram,GPR + Physchem,0.001,-0.1329172315802985
350,POLG_PESV_Tsuboyama_2023_2MXD,Test MSE,GPR + ESM2,GPR + Morgan,0.001,-0.8239010934679709
350,POLG_PESV_Tsuboyama_2023_2MXD,Test MSE,GPR + ESM2,GPR + N-gram,0.001,-0.2224320229927817
350,POLG_PESV_Tsuboyama_2023_2MXD,Test MSE,GPR + ESM2,GPR + Physchem,0.001,-0.5009265183965322
350,POLG_PESV_Tsuboyama_2023_2MXD,Test MSE,GPR + Morgan,GPR + N-gram,0.001,0.6014690704751893
350,POLG_PESV_Tsuboyama_2023_2MXD,Test MSE,GPR + Morgan,GPR + Physchem,0.001,0.3229745750714387
350,POLG_PESV_Tsuboyama_2023_2MXD,Test MSE,GPR + N-gram,GPR + Physchem,0.001,-0.27849449540375054
350,SBI_STAAM_Tsuboyama_2023_2JVG,Test MSE,GPR + ESM2,GPR + Morgan,0.001,-0.28420799100298066
350,SBI_STAAM_Tsuboyama_2023_2JVG,Test MSE,GPR + ESM2,GPR + N-gram,0.001,-0.25258091259597026
350,SBI_STAAM_Tsuboyama_2023_2JVG,Test MSE,GPR + ESM2,GPR + Physchem,0.001,-0.2670647172858396
350,SBI_STAAM_Tsuboyama_2023_2JVG,Test MSE,GPR + Morgan,GPR + N-gram,0.001,0.0316270784070104
350,SBI_STAAM_Tsuboyama_2023_2JVG,Test MSE,GPR + Morgan,GPR + Physchem,0.07929402683378284,0.017143273717141083
350,SBI_STAAM_Tsuboyama_2023_2JVG,Test MSE,GPR + N-gram,GPR + Physchem,0.16959378039893158,-0.014483804689869317
350,SDA_BACSU_Tsuboyama_2023_1PV0,Test MSE,GPR + ESM2,GPR + Morgan,0.001,-1.1028911110052695
350,SDA_BACSU_Tsuboyama_2023_1PV0,Test MSE,GPR + ESM2,GPR + N-gram,0.001,-0.3057594479939488
350,SDA_BACSU_Tsuboyama_2023_1PV0,Test MSE,GPR + ESM2,GPR + Physchem,0.001,-0.5091222619134458
350,SDA_BACSU_Tsuboyama_2023_1PV0,Test MSE,GPR + Morgan,GPR + N-gram,0.001,0.7971316630113205
350,SDA_BACSU_Tsuboyama_2023_1PV0,Test MSE,GPR + Morgan,GPR + Physchem,0.001,0.5937688490918236
350,SDA_BACSU_Tsuboyama_2023_1PV0,Test MSE,GPR + N-gram,GPR + Physchem,0.001,-0.203362813919497
350,SOX30_HUMAN_Tsuboyama_2023_7JJK,Test MSE,GPR + ESM2,GPR + Morgan,0.001,-0.5177783826203242
350,SOX30_HUMAN_Tsuboyama_2023_7JJK,Test MSE,GPR + ESM2,GPR + N-gram,0.001,-0.41645603323458785
350,SOX30_HUMAN_Tsuboyama_2023_7JJK,Test MSE,GPR + ESM2,GPR + Physchem,0.001,-0.452086979314224
350,SOX30_HUMAN_Tsuboyama_2023_7JJK,Test MSE,GPR + Morgan,GPR + N-gram,0.001,0.10132234938573637
350,SOX30_HUMAN_Tsuboyama_2023_7JJK,Test MSE,GPR + Morgan,GPR + Physchem,0.001,0.06569140330610024
350,SOX30_HUMAN_Tsuboyama_2023_7JJK,Test MSE,GPR + N-gram,GPR + Physchem,0.06163984113388565,-0.03563094607963613
350,YNZC_BACSU_Tsuboyama_2023_2JVD,Test MSE,GPR + ESM2,GPR + Morgan,0.001,-0.5129066791478358
350,YNZC_BACSU_Tsuboyama_2023_2JVD,Test MSE,GPR + ESM2,GPR + N-gram,0.001,-0.1958852240259928
350,YNZC_BACSU_Tsuboyama_2023_2JVD,Test MSE,GPR + ESM2,GPR + Physchem,0.001,-0.322450413787447
350,YNZC_BACSU_Tsuboyama_2023_2JVD,Test MSE,GPR + Morgan,GPR + N-gram,0.001,0.317021455121843
350,YNZC_BACSU_Tsuboyama_2023_2JVD,Test MSE,GPR + Morgan,GPR + Physchem,0.001,0.1904562653603888
350,YNZC_BACSU_Tsuboyama_2023_2JVD,Test MSE,GPR + N-gram,GPR + Physchem,0.001,-0.1265651897614542
500,A0A247D711_LISMN_Stadelmann_2021,Test MSE,GPR + ESM2,GPR + Morgan,0.001,-0.615196990881028
500,A0A247D711_LISMN_Stadelmann_2021,Test MSE,GPR + ESM2,GPR + N-gram,0.001,-0.47636706080195435
500,A0A247D711_LISMN_Stadelmann_2021,Test MSE,GPR + ESM2,GPR + Physchem,0.001,-0.2941533850329099
500,A0A247D711_LISMN_Stadelmann_2021,Test MSE,GPR + Morgan,GPR + N-gram,0.001,0.13882993007907363
500,A0A247D711_LISMN_Stadelmann_2021,Test MSE,GPR + Morgan,GPR + Physchem,0.001,0.3210436058481181
500,A0A247D711_LISMN_Stadelmann_2021,Test MSE,GPR + N-gram,GPR + Physchem,0.001,0.18221367576904446
500,DN7A_SACS2_Tsuboyama_2023_1JIC,Test MSE,GPR + ESM2,GPR + Morgan,0.001,-0.913735162652181
500,DN7A_SACS2_Tsuboyama_2023_1JIC,Test MSE,GPR + ESM2,GPR + N-gram,0.001,-0.8828212532844011
500,DN7A_SACS2_Tsuboyama_2023_1JIC,Test MSE,GPR + ESM2,GPR + Physchem,0.001,-0.5380924883713876
500,DN7A_SACS2_Tsuboyama_2023_1JIC,Test MSE,GPR + Morgan,GPR + N-gram,0.3562853629572892,0.030913909367779935
500,DN7A_SACS2_Tsuboyama_2023_1JIC,Test MSE,GPR + Morgan,GPR + Physchem,0.001,0.37564267428079356
500,DN7A_SACS2_Tsuboyama_2023_1JIC,Test MSE,GPR + N-gram,GPR + Physchem,0.001,0.34472876491301363
500,ENVZ_ECOLI_Ghose_2023,Test MSE,GPR + ESM2,GPR + Morgan,0.001,-0.3493936980317067
500,ENVZ_ECOLI_Ghose_2023,Test MSE,GPR + ESM2,GPR + N-gram,0.001,-0.3350615299246724
500,ENVZ_ECOLI_Ghose_2023,Test MSE,GPR + ESM2,GPR + Physchem,0.001,-0.3142380369996558
500,ENVZ_ECOLI_Ghose_2023,Test MSE,GPR + Morgan,GPR + N-gram,0.9,0.014332168107034304
500,ENVZ_ECOLI_Ghose_2023,Test MSE,GPR + Morgan,GPR + Physchem,0.39924903617769614,0.03515566103205092
500,ENVZ_ECOLI_Ghose_2023,Test MSE,GPR + N-gram,GPR + Physchem,0.7594737231853617,0.020823492925016618
500,FKBP3_HUMAN_Tsuboyama_2023_2KFV,Test MSE,GPR + ESM2,GPR + Morgan,0.001,-0.337974632416867
500,FKBP3_HUMAN_Tsuboyama_2023_2KFV,Test MSE,GPR + ESM2,GPR + N-gram,0.001,-0.21319816984001028
500,FKBP3_HUMAN_Tsuboyama_2023_2KFV,Test MSE,GPR + ESM2,GPR + Physchem,0.001,-0.13617760968266018
500,FKBP3_HUMAN_Tsuboyama_2023_2KFV,Test MSE,GPR + Morgan,GPR + N-gram,0.001,0.1247764625768567
500,FKBP3_HUMAN_Tsuboyama_2023_2KFV,Test MSE,GPR + Morgan,GPR + Physchem,0.001,0.2017970227342068
500,FKBP3_HUMAN_Tsuboyama_2023_2KFV,Test MSE,GPR + N-gram,GPR + Physchem,0.001,0.0770205601573501
500,MAFG_MOUSE_Tsuboyama_2023_1K1V,Test MSE,GPR + ESM2,GPR + Morgan,0.001,-0.37729907721374967
500,MAFG_MOUSE_Tsuboyama_2023_1K1V,Test MSE,GPR + ESM2,GPR + N-gram,0.001,-0.14588637014474728
500,MAFG_MOUSE_Tsuboyama_2023_1K1V,Test MSE,GPR + ESM2,GPR + Physchem,0.001,-0.2632159010857068
500,MAFG_MOUSE_Tsuboyama_2023_1K1V,Test MSE,GPR + Morgan,GPR + N-gram,0.001,0.23141270706900235
500,MAFG_MOUSE_Tsuboyama_2023_1K1V,Test MSE,GPR + Morgan,GPR + Physchem,0.001,0.11408317612804281
500,MAFG_MOUSE_Tsuboyama_2023_1K1V,Test MSE,GPR + N-gram,GPR + Physchem,0.001,-0.11732953094095955
500,POLG_PESV_Tsuboyama_2023_2MXD,Test MSE,GPR + ESM2,GPR + Morgan,0.001,-0.831188856790781
500,POLG_PESV_Tsuboyama_2023_2MXD,Test MSE,GPR + ESM2,GPR + N-gram,0.001,-0.19139200730432843
500,POLG_PESV_Tsuboyama_2023_2MXD,Test MSE,GPR + ESM2,GPR + Physchem,0.001,-0.4983379047813698
500,POLG_PESV_Tsuboyama_2023_2MXD,Test MSE,GPR + Morgan,GPR + N-gram,0.001,0.6397968494864527
500,POLG_PESV_Tsuboyama_2023_2MXD,Test MSE,GPR + Morgan,GPR + Physchem,0.001,0.3328509520094113
500,POLG_PESV_Tsuboyama_2023_2MXD,Test MSE,GPR + N-gram,GPR + Physchem,0.001,-0.3069458974770414
500,SBI_STAAM_Tsuboyama_2023_2JVG,Test MSE,GPR + ESM2,GPR + Morgan,0.001,-0.30390850743610975
500,SBI_STAAM_Tsuboyama_2023_2JVG,Test MSE,GPR + ESM2,GPR + N-gram,0.001,-0.2768725864921774
500,SBI_STAAM_Tsuboyama_2023_2JVG,Test MSE,GPR + ESM2,GPR + Physchem,0.001,-0.2843538643903303
500,SBI_STAAM_Tsuboyama_2023_2JVG,Test MSE,GPR + Morgan,GPR + N-gram,0.0013092839450193905,0.027035920943932423
500,SBI_STAAM_Tsuboyama_2023_2JVG,Test MSE,GPR + Morgan,GPR + Physchem,0.024260767573657582,0.019554643045779474
500,SBI_STAAM_Tsuboyama_2023_2JVG,Test MSE,GPR + N-gram,GPR + Physchem,0.6359561956932307,-0.007481277898152949
500,SDA_BACSU_Tsuboyama_2023_1PV0,Test MSE,GPR + ESM2,GPR + Morgan,0.001,-1.1205178709695178
500,SDA_BACSU_Tsuboyama_2023_1PV0,Test MSE,GPR + ESM2,GPR + N-gram,0.001,-0.3431238686272083
500,SDA_BACSU_Tsuboyama_2023_1PV0,Test MSE,GPR + ESM2,GPR + Physchem,0.001,-0.49920590041964447
500,SDA_BACSU_Tsuboyama_2023_1PV0,Test MSE,GPR + Morgan,GPR + N-gram,0.001,0.7773940023423095
500,SDA_BACSU_Tsuboyama_2023_1PV0,Test MSE,GPR + Morgan,GPR + Physchem,0.001,0.6213119705498733
500,SDA_BACSU_Tsuboyama_2023_1PV0,Test MSE,GPR + N-gram,GPR + Physchem,0.001,-0.15608203179243618
500,SOX30_HUMAN_Tsuboyama_2023_7JJK,Test MSE,GPR + ESM2,GPR + Morgan,0.001,-0.5183258372473419
500,SOX30_HUMAN_Tsuboyama_2023_7JJK,Test MSE,GPR + ESM2,GPR + N-gram,0.001,-0.432015241027654
500,SOX30_HUMAN_Tsuboyama_2023_7JJK,Test MSE,GPR + ESM2,GPR + Physchem,0.001,-0.4512348969334078
500,SOX30_HUMAN_Tsuboyama_2023_7JJK,Test MSE,GPR + Morgan,GPR + N-gram,0.001,0.08631059621968795
500,SOX30_HUMAN_Tsuboyama_2023_7JJK,Test MSE,GPR + Morgan,GPR + Physchem,0.001,0.06709094031393414
500,SOX30_HUMAN_Tsuboyama_2023_7JJK,Test MSE,GPR + N-gram,GPR + Physchem,0.39677406354173006,-0.019219655905753807
500,YNZC_BACSU_Tsuboyama_2023_2JVD,Test MSE,GPR + ESM2,GPR + Morgan,0.001,-0.5092340496373954
500,YNZC_BACSU_Tsuboyama_2023_2JVD,Test MSE,GPR + ESM2,GPR + N-gram,0.001,-0.20654924135152467
500,YNZC_BACSU_Tsuboyama_2023_2JVD,Test MSE,GPR + ESM2,GPR + Physchem,0.001,-0.31491211473636505
500,YNZC_BACSU_Tsuboyama_2023_2JVD,Test MSE,GPR + Morgan,GPR + N-gram,0.001,0.30268480828587074
500,YNZC_BACSU_Tsuboyama_2023_2JVD,Test MSE,GPR + Morgan,GPR + Physchem,0.001,0.1943219349010304
500,YNZC_BACSU_Tsuboyama_2023_2JVD,Test MSE,GPR + N-gram,GPR + Physchem,0.001,-0.10836287338484035
20,A0A247D711_LISMN_Stadelmann_2021,Test RMSE,GPR + ESM2,GPR + Morgan,0.8541416943547919,-0.018648587317614318
20,A0A247D711_LISMN_Stadelmann_2021,Test RMSE,GPR + ESM2,GPR + N-gram,0.9,-0.011066137733622083
20,A0A247D711_LISMN_Stadelmann_2021,Test RMSE,GPR + ESM2,GPR + Physchem,0.9,0.012657059668391257
20,A0A247D711_LISMN_Stadelmann_2021,Test RMSE,GPR + Morgan,GPR + N-gram,0.9,0.0075824495839922346
20,A0A247D711_LISMN_Stadelmann_2021,Test RMSE,GPR + Morgan,GPR + Physchem,0.5657310973760997,0.031305646986005575
20,A0A247D711_LISMN_Stadelmann_2021,Test RMSE,GPR + N-gram,GPR + Physchem,0.7385099389206866,0.02372319740201334
20,DN7A_SACS2_Tsuboyama_2023_1JIC,Test RMSE,GPR + ESM2,GPR + Morgan,0.043424752041082204,-0.15508132883417436
20,DN7A_SACS2_Tsuboyama_2023_1JIC,Test RMSE,GPR + ESM2,GPR + N-gram,0.15504589097359645,-0.12061016128745128
20,DN7A_SACS2_Tsuboyama_2023_1JIC,Test RMSE,GPR + ESM2,GPR + Physchem,0.029193150880261753,-0.16482545038426633
20,DN7A_SACS2_Tsuboyama_2023_1JIC,Test RMSE,GPR + Morgan,GPR + N-gram,0.9,0.03447116754672308
20,DN7A_SACS2_Tsuboyama_2023_1JIC,Test RMSE,GPR + Morgan,GPR + Physchem,0.9,-0.009744121550091966
20,DN7A_SACS2_Tsuboyama_2023_1JIC,Test RMSE,GPR + N-gram,GPR + Physchem,0.8399547476025946,-0.04421528909681505
20,ENVZ_ECOLI_Ghose_2023,Test RMSE,GPR + ESM2,GPR + Morgan,0.502368163482812,-0.031656551613904016
20,ENVZ_ECOLI_Ghose_2023,Test RMSE,GPR + ESM2,GPR + N-gram,0.9,0.007093873947666918
20,ENVZ_ECOLI_Ghose_2023,Test RMSE,GPR + ESM2,GPR + Physchem,0.7309904436618524,-0.022338555155997364
20,ENVZ_ECOLI_Ghose_2023,Test RMSE,GPR + Morgan,GPR + N-gram,0.32901197101874335,0.038750425561570934
20,ENVZ_ECOLI_Ghose_2023,Test RMSE,GPR + Morgan,GPR + Physchem,0.9,0.009317996457906652
20,ENVZ_ECOLI_Ghose_2023,Test RMSE,GPR + N-gram,GPR + Physchem,0.5569396334460082,-0.02943242910366428
20,FKBP3_HUMAN_Tsuboyama_2023_2KFV,Test RMSE,GPR + ESM2,GPR + Morgan,0.5241690779922012,0.020441028308106013
20,FKBP3_HUMAN_Tsuboyama_2023_2KFV,Test RMSE,GPR + ESM2,GPR + N-gram,0.08097732102216948,0.03737889897227897
20,FKBP3_HUMAN_Tsuboyama_2023_2KFV,Test RMSE,GPR + ESM2,GPR + Physchem,0.008046769653441532,0.05234431871617706
20,FKBP3_HUMAN_Tsuboyama_2023_2KFV,Test RMSE,GPR + Morgan,GPR + N-gram,0.6535449671086997,0.01693787066417296
20,FKBP3_HUMAN_Tsuboyama_2023_2KFV,Test RMSE,GPR + Morgan,GPR + Physchem,0.16559175031755446,0.03190329040807105
20,FKBP3_HUMAN_Tsuboyama_2023_2KFV,Test RMSE,GPR + N-gram,GPR + Physchem,0.7263873111156758,0.01496541974389809
20,MAFG_MOUSE_Tsuboyama_2023_1K1V,Test RMSE,GPR + ESM2,GPR + Morgan,0.022948174983969838,-0.14914079982503092
20,MAFG_MOUSE_Tsuboyama_2023_1K1V,Test RMSE,GPR + ESM2,GPR + N-gram,0.001,-0.2799333322742642
20,MAFG_MOUSE_Tsuboyama_2023_1K1V,Test RMSE,GPR + ESM2,GPR + Physchem,0.1416035802176112,-0.10778617386055811
20,MAFG_MOUSE_Tsuboyama_2023_1K1V,Test RMSE,GPR + Morgan,GPR + N-gram,0.05395720014905525,-0.13079253244923328
20,MAFG_MOUSE_Tsuboyama_2023_1K1V,Test RMSE,GPR + Morgan,GPR + Physchem,0.8093240017036875,0.04135462596447281
20,MAFG_MOUSE_Tsuboyama_2023_1K1V,Test RMSE,GPR + N-gram,GPR + Physchem,0.007272947688219511,0.1721471584137061
20,POLG_PESV_Tsuboyama_2023_2MXD,Test RMSE,GPR + ESM2,GPR + Morgan,0.46454118594831195,-0.2059424455258455
20,POLG_PESV_Tsuboyama_2023_2MXD,Test RMSE,GPR + ESM2,GPR + N-gram,0.018329281588132962,-0.44225825974408106
20,POLG_PESV_Tsuboyama_2023_2MXD,Test RMSE,GPR + ESM2,GPR + Physchem,0.5164072303790649,-0.1931106656357443
20,POLG_PESV_Tsuboyama_2023_2MXD,Test RMSE,GPR + Morgan,GPR + N-gram,0.34500812821702886,-0.23631581421823555
20,POLG_PESV_Tsuboyama_2023_2MXD,Test RMSE,GPR + Morgan,GPR + Physchem,0.9,0.012831779890101203
20,POLG_PESV_Tsuboyama_2023_2MXD,Test RMSE,GPR + N-gram,GPR + Physchem,0.30034030929977473,0.24914759410833676
20,SBI_STAAM_Tsuboyama_2023_2JVG,Test RMSE,GPR + ESM2,GPR + Morgan,0.001,-0.08720146837059306
20,SBI_STAAM_Tsuboyama_2023_2JVG,Test RMSE,GPR + ESM2,GPR + N-gram,0.16496727492419594,-0.03426092820492954
20,SBI_STAAM_Tsuboyama_2023_2JVG,Test RMSE,GPR + ESM2,GPR + Physchem,0.20311393142881473,-0.03239034848055811
20,SBI_STAAM_Tsuboyama_2023_2JVG,Test RMSE,GPR + Morgan,GPR + N-gram,0.013180744875477601,0.05294054016566352
20,SBI_STAAM_Tsuboyama_2023_2JVG,Test RMSE,GPR + Morgan,GPR + Physchem,0.009908184109480467,0.054811119890034954
20,SBI_STAAM_Tsuboyama_2023_2JVG,Test RMSE,GPR + N-gram,GPR + Physchem,0.9,0.001870579724371435
20,SDA_BACSU_Tsuboyama_2023_1PV0,Test RMSE,GPR + ESM2,GPR + Morgan,0.001,-0.6403578427375463
20,SDA_BACSU_Tsuboyama_2023_1PV0,Test RMSE,GPR + ESM2,GPR + N-gram,0.001,-0.906891789105871
20,SDA_BACSU_Tsuboyama_2023_1PV0,Test RMSE,GPR + ESM2,GPR + Physchem,0.001,-0.5214236573781705
20,SDA_BACSU_Tsuboyama_2023_1PV0,Test RMSE,GPR + Morgan,GPR + N-gram,0.1136369265963183,-0.2665339463683247
20,SDA_BACSU_Tsuboyama_2023_1PV0,Test RMSE,GPR + Morgan,GPR + Physchem,0.7044470185702459,0.11893418535937572
20,SDA_BACSU_Tsuboyama_2023_1PV0,Test RMSE,GPR + N-gram,GPR + Physchem,0.011044178630637447,0.38546813172770045
20,SOX30_HUMAN_Tsuboyama_2023_7JJK,Test RMSE,GPR + ESM2,GPR + Morgan,0.001,-0.13046886248315737
20,SOX30_HUMAN_Tsuboyama_2023_7JJK,Test RMSE,GPR + ESM2,GPR + N-gram,0.001,-0.14846072112320474
20,SOX30_HUMAN_Tsuboyama_2023_7JJK,Test RMSE,GPR + ESM2,GPR + Physchem,0.005560418833998826,-0.1072380435575857
20,SOX30_HUMAN_Tsuboyama_2023_7JJK,Test RMSE,GPR + Morgan,GPR + N-gram,0.9,-0.017991858640047376
20,SOX30_HUMAN_Tsuboyama_2023_7JJK,Test RMSE,GPR + Morgan,GPR + Physchem,0.8426827865590204,0.02323081892557166
20,SOX30_HUMAN_Tsuboyama_2023_7JJK,Test RMSE,GPR + N-gram,GPR + Physchem,0.5047073291369739,0.04122267756561904
20,YNZC_BACSU_Tsuboyama_2023_2JVD,Test RMSE,GPR + ESM2,GPR + Morgan,0.003737116414787134,-0.3486553464204114
20,YNZC_BACSU_Tsuboyama_2023_2JVD,Test RMSE,GPR + ESM2,GPR + N-gram,0.001,-0.5487854760620632
20,YNZC_BACSU_Tsuboyama_2023_2JVD,Test RMSE,GPR + ESM2,GPR + Physchem,0.077178810198409,-0.23122200677603844
20,YNZC_BACSU_Tsuboyama_2023_2JVD,Test RMSE,GPR + Morgan,GPR + N-gram,0.15087755275418635,-0.20013012964165178
20,YNZC_BACSU_Tsuboyama_2023_2JVD,Test RMSE,GPR + Morgan,GPR + Physchem,0.5714922756583917,0.11743333964437297
20,YNZC_BACSU_Tsuboyama_2023_2JVD,Test RMSE,GPR + N-gram,GPR + Physchem,0.008790144217846962,0.31756346928602475
50,A0A247D711_LISMN_Stadelmann_2021,Test RMSE,GPR + ESM2,GPR + Morgan,0.027300410960687027,-0.09024576264138617
50,A0A247D711_LISMN_Stadelmann_2021,Test RMSE,GPR + ESM2,GPR + N-gram,0.18019308065421002,-0.06290553598906357
50,A0A247D711_LISMN_Stadelmann_2021,Test RMSE,GPR + ESM2,GPR + Physchem,0.7892783610973421,-0.026741040546832462
50,A0A247D711_LISMN_Stadelmann_2021,Test RMSE,GPR + Morgan,GPR + N-gram,0.7783016592888006,0.027340226652322608
50,A0A247D711_LISMN_Stadelmann_2021,Test RMSE,GPR + Morgan,GPR + Physchem,0.17403302020218847,0.06350472209455371
50,A0A247D711_LISMN_Stadelmann_2021,Test RMSE,GPR + N-gram,GPR + Physchem,0.6166726170797715,0.036164495442231104
50,DN7A_SACS2_Tsuboyama_2023_1JIC,Test RMSE,GPR + ESM2,GPR + Morgan,0.001,-0.2978622697467649
50,DN7A_SACS2_Tsuboyama_2023_1JIC,Test RMSE,GPR + ESM2,GPR + N-gram,0.001,-0.36858149709668153
50,DN7A_SACS2_Tsuboyama_2023_1JIC,Test RMSE,GPR + ESM2,GPR + Physchem,0.032822527239437904,-0.14009299198958913
50,DN7A_SACS2_Tsuboyama_2023_1JIC,Test RMSE,GPR + Morgan,GPR + N-gram,0.4658299104370376,-0.07071922734991665
50,DN7A_SACS2_Tsuboyama_2023_1JIC,Test RMSE,GPR + Morgan,GPR + Physchem,0.013808249866675948,0.15776927775717575
50,DN7A_SACS2_Tsuboyama_2023_1JIC,Test RMSE,GPR + N-gram,GPR + Physchem,0.001,0.2284885051070924
50,ENVZ_ECOLI_Ghose_2023,Test RMSE,GPR + ESM2,GPR + Morgan,0.17809348457273877,-0.05890914313019158
50,ENVZ_ECOLI_Ghose_2023,Test RMSE,GPR + ESM2,GPR + N-gram,0.0038149494540036244,-0.10685512584595314
50,ENVZ_ECOLI_Ghose_2023,Test RMSE,GPR + ESM2,GPR + Physchem,0.48465057845505666,-0.04046551316478775
50,ENVZ_ECOLI_Ghose_2023,Test RMSE,GPR + Morgan,GPR + N-gram,0.3381764455383114,-0.04794598271576156
50,ENVZ_ECOLI_Ghose_2023,Test RMSE,GPR + Morgan,GPR + Physchem,0.9,0.01844362996540383
50,ENVZ_ECOLI_Ghose_2023,Test RMSE,GPR + N-gram,GPR + Physchem,0.10773519726441505,0.06638961268116539
50,FKBP3_HUMAN_Tsuboyama_2023_2KFV,Test RMSE,GPR + ESM2,GPR + Morgan,0.9,0.0051590281366794555
50,FKBP3_HUMAN_Tsuboyama_2023_2KFV,Test RMSE,GPR + ESM2,GPR + N-gram,0.5918331406796851,0.030819353993325915
50,FKBP3_HUMAN_Tsuboyama_2023_2KFV,Test RMSE,GPR + ESM2,GPR + Physchem,0.0467509291095608,0.06824371356835379
50,FKBP3_HUMAN_Tsuboyama_2023_2KFV,Test RMSE,GPR + Morgan,GPR + N-gram,0.706874211999395,0.02566032585664646
50,FKBP3_HUMAN_Tsuboyama_2023_2KFV,Test RMSE,GPR + Morgan,GPR + Physchem,0.07332213858000391,0.06308468543167434
50,FKBP3_HUMAN_Tsuboyama_2023_2KFV,Test RMSE,GPR + N-gram,GPR + Physchem,0.4426654600685058,0.03742435957502788
50,MAFG_MOUSE_Tsuboyama_2023_1K1V,Test RMSE,GPR + ESM2,GPR + Morgan,0.001,-0.27126238138899833
50,MAFG_MOUSE_Tsuboyama_2023_1K1V,Test RMSE,GPR + ESM2,GPR + N-gram,0.001,-0.21484234378849404
50,MAFG_MOUSE_Tsuboyama_2023_1K1V,Test RMSE,GPR + ESM2,GPR + Physchem,0.001,-0.24241879587857112
50,MAFG_MOUSE_Tsuboyama_2023_1K1V,Test RMSE,GPR + Morgan,GPR + N-gram,0.09385224086049959,0.05642003760050429
50,MAFG_MOUSE_Tsuboyama_2023_1K1V,Test RMSE,GPR + Morgan,GPR + Physchem,0.5937539117026368,0.028843585510427205
50,MAFG_MOUSE_Tsuboyama_2023_1K1V,Test RMSE,GPR + N-gram,GPR + Physchem,0.6238610260155764,-0.027576452090077086
50,POLG_PESV_Tsuboyama_2023_2MXD,Test RMSE,GPR + ESM2,GPR + Morgan,0.001,-0.38679047111791487
50,POLG_PESV_Tsuboyama_2023_2MXD,Test RMSE,GPR + ESM2,GPR + N-gram,0.001,-0.6711288440427241
50,POLG_PESV_Tsuboyama_2023_2MXD,Test RMSE,GPR + ESM2,GPR + Physchem,0.00621420680471263,-0.23564336426823163
50,POLG_PESV_Tsuboyama_2023_2MXD,Test RMSE,GPR + Morgan,GPR + N-gram,0.001,-0.28433837292480924
50,POLG_PESV_Tsuboyama_2023_2MXD,Test RMSE,GPR + Morgan,GPR + Physchem,0.11830781360983356,0.15114710684968324
50,POLG_PESV_Tsuboyama_2023_2MXD,Test RMSE,GPR + N-gram,GPR + Physchem,0.001,0.4354854797744925
50,SBI_STAAM_Tsuboyama_2023_2JVG,Test RMSE,GPR + ESM2,GPR + Morgan,0.001,-0.12381384626596526
50,SBI_STAAM_Tsuboyama_2023_2JVG,Test RMSE,GPR + ESM2,GPR + N-gram,0.001,-0.09443802385514921
50,SBI_STAAM_Tsuboyama_2023_2JVG,Test RMSE,GPR + ESM2,GPR + Physchem,0.001,-0.08294615524775573
50,SBI_STAAM_Tsuboyama_2023_2JVG,Test RMSE,GPR + Morgan,GPR + N-gram,0.3588186015104634,0.029375822410816044
50,SBI_STAAM_Tsuboyama_2023_2JVG,Test RMSE,GPR + Morgan,GPR + Physchem,0.11767147649479992,0.04086769101820953
50,SBI_STAAM_Tsuboyama_2023_2JVG,Test RMSE,GPR + N-gram,GPR + Physchem,0.9,0.011491868607393485
50,SDA_BACSU_Tsuboyama_2023_1PV0,Test RMSE,GPR + ESM2,GPR + Morgan,0.8790725689223837,-0.6663658469082322
50,SDA_BACSU_Tsuboyama_2023_1PV0,Test RMSE,GPR + ESM2,GPR + N-gram,0.8473835018231646,-0.7191553916128742
50,SDA_BACSU_Tsuboyama_2023_1PV0,Test RMSE,GPR + ESM2,GPR + Physchem,0.07745066688449342,-2.3193900743900806
50,SDA_BACSU_Tsuboyama_2023_1PV0,Test RMSE,GPR + Morgan,GPR + N-gram,0.9,-0.05278954470464203
50,SDA_BACSU_Tsuboyama_2023_1PV0,Test RMSE,GPR + Morgan,GPR + Physchem,0.29342257196986266,-1.6530242274818483
50,SDA_BACSU_Tsuboyama_2023_1PV0,Test RMSE,GPR + N-gram,GPR + Physchem,0.320332822692196,-1.6002346827772063
50,SOX30_HUMAN_Tsuboyama_2023_7JJK,Test RMSE,GPR + ESM2,GPR + Morgan,0.001,-0.23145574887780263
50,SOX30_HUMAN_Tsuboyama_2023_7JJK,Test RMSE,GPR + ESM2,GPR + N-gram,0.001,-0.22997256608459204
50,SOX30_HUMAN_Tsuboyama_2023_7JJK,Test RMSE,GPR + ESM2,GPR + Physchem,0.001,-0.1925462748045843
50,SOX30_HUMAN_Tsuboyama_2023_7JJK,Test RMSE,GPR + Morgan,GPR + N-gram,0.9,0.00148318279321058
50,SOX30_HUMAN_Tsuboyama_2023_7JJK,Test RMSE,GPR + Morgan,GPR + Physchem,0.23000496035565432,0.03890947407321832
50,SOX30_HUMAN_Tsuboyama_2023_7JJK,Test RMSE,GPR + N-gram,GPR + Physchem,0.26003820457687743,0.03742629128000774
50,YNZC_BACSU_Tsuboyama_2023_2JVD,Test RMSE,GPR + ESM2,GPR + Morgan,0.001,-0.41073254615615484
50,YNZC_BACSU_Tsuboyama_2023_2JVD,Test RMSE,GPR + ESM2,GPR + N-gram,0.001,-0.5948025872386696
50,YNZC_BACSU_Tsuboyama_2023_2JVD,Test RMSE,GPR + ESM2,GPR + Physchem,0.001,-0.2704333529963189
50,YNZC_BACSU_Tsuboyama_2023_2JVD,Test RMSE,GPR + Morgan,GPR + N-gram,0.018560446005131626,-0.1840700410825148
50,YNZC_BACSU_Tsuboyama_2023_2JVD,Test RMSE,GPR + Morgan,GPR + Physchem,0.09783197983563363,0.14029919315983597
50,YNZC_BACSU_Tsuboyama_2023_2JVD,Test RMSE,GPR + N-gram,GPR + Physchem,0.001,0.32436923424235076
75,A0A247D711_LISMN_Stadelmann_2021,Test RMSE,GPR + ESM2,GPR + Morgan,0.015736235048806835,-0.2028400447558023
75,A0A247D711_LISMN_Stadelmann_2021,Test RMSE,GPR + ESM2,GPR + N-gram,0.4401104439270932,-0.09528317235979422
75,A0A247D711_LISMN_Stadelmann_2021,Test RMSE,GPR + ESM2,GPR + Physchem,0.9,-0.0318166145664347
75,A0A247D711_LISMN_Stadelmann_2021,Test RMSE,GPR + Morgan,GPR + N-gram,0.33439579834350164,0.10755687239600809
75,A0A247D711_LISMN_Stadelmann_2021,Test RMSE,GPR + Morgan,GPR + Physchem,0.050506492255232405,0.1710234301893676
75,A0A247D711_LISMN_Stadelmann_2021,Test RMSE,GPR + N-gram,GPR + Physchem,0.7215577613939366,0.06346655779335952
75,DN7A_SACS2_Tsuboyama_2023_1JIC,Test RMSE,GPR + ESM2,GPR + Morgan,0.001,-0.36523207990393447
75,DN7A_SACS2_Tsuboyama_2023_1JIC,Test RMSE,GPR + ESM2,GPR + N-gram,0.001,-0.34145917740161036
75,DN7A_SACS2_Tsuboyama_2023_1JIC,Test RMSE,GPR + ESM2,GPR + Physchem,0.001,-0.17611264310922625
75,DN7A_SACS2_Tsuboyama_2023_1JIC,Test RMSE,GPR + Morgan,GPR + N-gram,0.9,0.02377290250232411
75,DN7A_SACS2_Tsuboyama_2023_1JIC,Test RMSE,GPR + Morgan,GPR + Physchem,0.001,0.18911943679470822
75,DN7A_SACS2_Tsuboyama_2023_1JIC,Test RMSE,GPR + N-gram,GPR + Physchem,0.0019172570165056912,0.1653465342923841
75,ENVZ_ECOLI_Ghose_2023,Test RMSE,GPR + ESM2,GPR + Morgan,0.001,-0.10182500037271525
75,ENVZ_ECOLI_Ghose_2023,Test RMSE,GPR + ESM2,GPR + N-gram,0.001489961266513462,-0.0937727529554504
75,ENVZ_ECOLI_Ghose_2023,Test RMSE,GPR + ESM2,GPR + Physchem,0.0424447444926096,-0.06310175291636066
75,ENVZ_ECOLI_Ghose_2023,Test RMSE,GPR + Morgan,GPR + N-gram,0.9,0.008052247417264846
75,ENVZ_ECOLI_Ghose_2023,Test RMSE,GPR + Morgan,GPR + Physchem,0.33094455888799035,0.03872324745635458
75,ENVZ_ECOLI_Ghose_2023,Test RMSE,GPR + N-gram,GPR + Physchem,0.5277131417942618,0.030671000039089735
75,FKBP3_HUMAN_Tsuboyama_2023_2KFV,Test RMSE,GPR + ESM2,GPR + Morgan,0.14096144654413578,-0.030600123372010124
75,FKBP3_HUMAN_Tsuboyama_2023_2KFV,Test RMSE,GPR + ESM2,GPR + N-gram,0.7430798566228249,0.01338163728069508
75,FKBP3_HUMAN_Tsuboyama_2023_2KFV,Test RMSE,GPR + ESM2,GPR + Physchem,0.09131288767556445,0.03365532299086316
75,FKBP3_HUMAN_Tsuboyama_2023_2KFV,Test RMSE,GPR + Morgan,GPR + N-gram,0.017174978821678066,0.043981760652705204
75,FKBP3_HUMAN_Tsuboyama_2023_2KFV,Test RMSE,GPR + Morgan,GPR + Physchem,0.001,0.06425544636287328
75,FKBP3_HUMAN_Tsuboyama_2023_2KFV,Test RMSE,GPR + N-gram,GPR + Physchem,0.46588122197649373,0.020273685710168077
75,MAFG_MOUSE_Tsuboyama_2023_1K1V,Test RMSE,GPR + ESM2,GPR + Morgan,0.001,-0.29099073258154173
75,MAFG_MOUSE_Tsuboyama_2023_1K1V,Test RMSE,GPR + ESM2,GPR + N-gram,0.001,-0.21538232870540552
75,MAFG_MOUSE_Tsuboyama_2023_1K1V,Test RMSE,GPR + ESM2,GPR + Physchem,0.001,-0.2691372855979677
75,MAFG_MOUSE_Tsuboyama_2023_1K1V,Test RMSE,GPR + Morgan,GPR + N-gram,0.01154460487209863,0.07560840387613621
75,MAFG_MOUSE_Tsuboyama_2023_1K1V,Test RMSE,GPR + Morgan,GPR + Physchem,0.7436790334636483,0.021853446983574054
75,MAFG_MOUSE_Tsuboyama_2023_1K1V,Test RMSE,GPR + N-gram,GPR + Physchem,0.10223374195237278,-0.053754956892562156
75,POLG_PESV_Tsuboyama_2023_2MXD,Test RMSE,GPR + ESM2,GPR + Morgan,0.001,-0.455124603236444
75,POLG_PESV_Tsuboyama_2023_2MXD,Test RMSE,GPR + ESM2,GPR + N-gram,0.001,-0.6237453351530104
75,POLG_PESV_Tsuboyama_2023_2MXD,Test RMSE,GPR + ESM2,GPR + Physchem,0.001,-0.2792727405662072
75,POLG_PESV_Tsuboyama_2023_2MXD,Test RMSE,GPR + Morgan,GPR + N-gram,0.001,-0.16862073191656646
75,POLG_PESV_Tsuboyama_2023_2MXD,Test RMSE,GPR + Morgan,GPR + Physchem,0.001,0.17585186267023678
75,POLG_PESV_Tsuboyama_2023_2MXD,Test RMSE,GPR + N-gram,GPR + Physchem,0.001,0.34447259458680324
75,SBI_STAAM_Tsuboyama_2023_2JVG,Test RMSE,GPR + ESM2,GPR + Morgan,0.0267103030646878,-0.32076927431593394
75,SBI_STAAM_Tsuboyama_2023_2JVG,Test RMSE,GPR + ESM2,GPR + N-gram,0.6183376152878988,-0.12781828006044016
75,SBI_STAAM_Tsuboyama_2023_2JVG,Test RMSE,GPR + ESM2,GPR + Physchem,0.5238760115790672,-0.1460916916625703
75,SBI_STAAM_Tsuboyama_2023_2JVG,Test RMSE,GPR + Morgan,GPR + N-gram,0.28915935530356707,0.19295099425549378
75,SBI_STAAM_Tsuboyama_2023_2JVG,Test RMSE,GPR + Morgan,GPR + Physchem,0.3738606889014372,0.17467758265336364
75,SBI_STAAM_Tsuboyama_2023_2JVG,Test RMSE,GPR + N-gram,GPR + Physchem,0.9,-0.01827341160213014
75,SDA_BACSU_Tsuboyama_2023_1PV0,Test RMSE,GPR + ESM2,GPR + Morgan,0.9,-0.6733802939280504
75,SDA_BACSU_Tsuboyama_2023_1PV0,Test RMSE,GPR + ESM2,GPR + N-gram,0.9,-0.47978544377705123
75,SDA_BACSU_Tsuboyama_2023_1PV0,Test RMSE,GPR + ESM2,GPR + Physchem,0.1271714734765178,-3.552221568091066
75,SDA_BACSU_Tsuboyama_2023_1PV0,Test RMSE,GPR + Morgan,GPR + N-gram,0.9,0.1935948501509992
75,SDA_BACSU_Tsuboyama_2023_1PV0,Test RMSE,GPR + Morgan,GPR + Physchem,0.27310203288309054,-2.8788412741630154
75,SDA_BACSU_Tsuboyama_2023_1PV0,Test RMSE,GPR + N-gram,GPR + Physchem,0.22257085450478742,-3.072436124314015
75,SOX30_HUMAN_Tsuboyama_2023_7JJK,Test RMSE,GPR + ESM2,GPR + Morgan,0.001,-0.2758277373365441
75,SOX30_HUMAN_Tsuboyama_2023_7JJK,Test RMSE,GPR + ESM2,GPR + N-gram,0.001,-0.2358174569718613
75,SOX30_HUMAN_Tsuboyama_2023_7JJK,Test RMSE,GPR + ESM2,GPR + Physchem,0.001,-0.23090679737268982
75,SOX30_HUMAN_Tsuboyama_2023_7JJK,Test RMSE,GPR + Morgan,GPR + N-gram,0.022746270420691883,0.04001028036468279
75,SOX30_HUMAN_Tsuboyama_2023_7JJK,Test RMSE,GPR + Morgan,GPR + Physchem,0.009156718435571087,0.04492093996385427
75,SOX30_HUMAN_Tsuboyama_2023_7JJK,Test RMSE,GPR + N-gram,GPR + Physchem,0.9,0.004910659599171474
75,YNZC_BACSU_Tsuboyama_2023_2JVD,Test RMSE,GPR + ESM2,GPR + Morgan,0.001,-0.4286055718599593
75,YNZC_BACSU_Tsuboyama_2023_2JVD,Test RMSE,GPR + ESM2,GPR + N-gram,0.001,-0.43538053598084714
75,YNZC_BACSU_Tsuboyama_2023_2JVD,Test RMSE,GPR + ESM2,GPR + Physchem,0.001,-0.2934708939978795
75,YNZC_BACSU_Tsuboyama_2023_2JVD,Test RMSE,GPR + Morgan,GPR + N-gram,0.9,-0.00677496412088785
75,YNZC_BACSU_Tsuboyama_2023_2JVD,Test RMSE,GPR + Morgan,GPR + Physchem,0.0030065052825024585,0.13513467786207978
75,YNZC_BACSU_Tsuboyama_2023_2JVD,Test RMSE,GPR + N-gram,GPR + Physchem,0.0018150423439520225,0.14190964198296763
100,A0A247D711_LISMN_Stadelmann_2021,Test RMSE,GPR + ESM2,GPR + Morgan,0.001,-0.12018495010083119
100,A0A247D711_LISMN_Stadelmann_2021,Test RMSE,GPR + ESM2,GPR + N-gram,0.001,-0.09436545609678682
100,A0A247D711_LISMN_Stadelmann_2021,Test RMSE,GPR + ESM2,GPR + Physchem,0.001,-0.07010204829212774
100,A0A247D711_LISMN_Stadelmann_2021,Test RMSE,GPR + Morgan,GPR + N-gram,0.3746735962598522,0.025819494004044374
100,A0A247D711_LISMN_Stadelmann_2021,Test RMSE,GPR + Morgan,GPR + Physchem,0.018073466146083628,0.05008290180870345
100,A0A247D711_LISMN_Stadelmann_2021,Test RMSE,GPR + N-gram,GPR + Physchem,0.4290785177377773,0.024263407804659076
100,DN7A_SACS2_Tsuboyama_2023_1JIC,Test RMSE,GPR + ESM2,GPR + Morgan,0.001,-0.3772423698785269
100,DN7A_SACS2_Tsuboyama_2023_1JIC,Test RMSE,GPR + ESM2,GPR + N-gram,0.001,-0.42419462677457764
100,DN7A_SACS2_Tsuboyama_2023_1JIC,Test RMSE,GPR + ESM2,GPR + Physchem,0.001,-0.2435337703781436
100,DN7A_SACS2_Tsuboyama_2023_1JIC,Test RMSE,GPR + Morgan,GPR + N-gram,0.5966896519224718,-0.04695225689605076
100,DN7A_SACS2_Tsuboyama_2023_1JIC,Test RMSE,GPR + Morgan,GPR + Physchem,0.0076883655526815975,0.13370859950038327
100,DN7A_SACS2_Tsuboyama_2023_1JIC,Test RMSE,GPR + N-gram,GPR + Physchem,0.001,0.18066085639643403
100,ENVZ_ECOLI_Ghose_2023,Test RMSE,GPR + ESM2,GPR + Morgan,0.001,-0.09406123937317545
100,ENVZ_ECOLI_Ghose_2023,Test RMSE,GPR + ESM2,GPR + N-gram,0.001,-0.06951999642813123
100,ENVZ_ECOLI_Ghose_2023,Test RMSE,GPR + ESM2,GPR + Physchem,0.001,-0.0707788304671848
100,ENVZ_ECOLI_Ghose_2023,Test RMSE,GPR + Morgan,GPR + N-gram,0.23914710329853417,0.024541242945044228
100,ENVZ_ECOLI_Ghose_2023,Test RMSE,GPR + Morgan,GPR + Physchem,0.28092246196853277,0.023282408905990648
100,ENVZ_ECOLI_Ghose_2023,Test RMSE,GPR + N-gram,GPR + Physchem,0.9,-0.0012588340390535802
100,FKBP3_HUMAN_Tsuboyama_2023_2KFV,Test RMSE,GPR + ESM2,GPR + Morgan,0.001,-0.07107096215417674
100,FKBP3_HUMAN_Tsuboyama_2023_2KFV,Test RMSE,GPR + ESM2,GPR + N-gram,0.9,-0.006428288543891214
100,FKBP3_HUMAN_Tsuboyama_2023_2KFV,Test RMSE,GPR + ESM2,GPR + Physchem,0.8700423920129084,0.010530891877848836
100,FKBP3_HUMAN_Tsuboyama_2023_2KFV,Test RMSE,GPR + Morgan,GPR + N-gram,0.001,0.06464267361028553
100,FKBP3_HUMAN_Tsuboyama_2023_2KFV,Test RMSE,GPR + Morgan,GPR + Physchem,0.001,0.08160185403202558
100,FKBP3_HUMAN_Tsuboyama_2023_2KFV,Test RMSE,GPR + N-gram,GPR + Physchem,0.6203582486647251,0.01695918042174005
100,MAFG_MOUSE_Tsuboyama_2023_1K1V,Test RMSE,GPR + ESM2,GPR + Morgan,0.001,-0.3186961980673143
100,MAFG_MOUSE_Tsuboyama_2023_1K1V,Test RMSE,GPR + ESM2,GPR + N-gram,0.001,-0.18788386239924226
100,MAFG_MOUSE_Tsuboyama_2023_1K1V,Test RMSE,GPR + ESM2,GPR + Physchem,0.001,-0.2687441644112787
100,MAFG_MOUSE_Tsuboyama_2023_1K1V,Test RMSE,GPR + Morgan,GPR + N-gram,0.001,0.13081233566807204
100,MAFG_MOUSE_Tsuboyama_2023_1K1V,Test RMSE,GPR + Morgan,GPR + Physchem,0.01241513572331232,0.04995203365603562
100,MAFG_MOUSE_Tsuboyama_2023_1K1V,Test RMSE,GPR + N-gram,GPR + Physchem,0.001,-0.08086030201203642
100,POLG_PESV_Tsuboyama_2023_2MXD,Test RMSE,GPR + ESM2,GPR + Morgan,0.001,-0.4713516753186362
100,POLG_PESV_Tsuboyama_2023_2MXD,Test RMSE,GPR + ESM2,GPR + N-gram,0.001,-0.4749966390566125
100,POLG_PESV_Tsuboyama_2023_2MXD,Test RMSE,GPR + ESM2,GPR + Physchem,0.001,-0.30877671745101387
100,POLG_PESV_Tsuboyama_2023_2MXD,Test RMSE,GPR + Morgan,GPR + N-gram,0.9,-0.0036449637379762923
100,POLG_PESV_Tsuboyama_2023_2MXD,Test RMSE,GPR + Morgan,GPR + Physchem,0.001,0.16257495786762233
100,POLG_PESV_Tsuboyama_2023_2MXD,Test RMSE,GPR + N-gram,GPR + Physchem,0.001,0.16621992160559862
100,SBI_STAAM_Tsuboyama_2023_2JVG,Test RMSE,GPR + ESM2,GPR + Morgan,0.001,-0.1677820919095162
100,SBI_STAAM_Tsuboyama_2023_2JVG,Test RMSE,GPR + ESM2,GPR + N-gram,0.001,-0.12279441196236796
100,SBI_STAAM_Tsuboyama_2023_2JVG,Test RMSE,GPR + ESM2,GPR + Physchem,0.001,-0.14755704514200296
100,SBI_STAAM_Tsuboyama_2023_2JVG,Test RMSE,GPR + Morgan,GPR + N-gram,0.005326219121072451,0.04498767994714825
100,SBI_STAAM_Tsuboyama_2023_2JVG,Test RMSE,GPR + Morgan,GPR + Physchem,0.3672163730632859,0.020225046767513244
100,SBI_STAAM_Tsuboyama_2023_2JVG,Test RMSE,GPR + N-gram,GPR + Physchem,0.20375576050473465,-0.024762633179635007
100,SDA_BACSU_Tsuboyama_2023_1PV0,Test RMSE,GPR + ESM2,GPR + Morgan,0.32150339805036154,-0.6846788975901053
100,SDA_BACSU_Tsuboyama_2023_1PV0,Test RMSE,GPR + ESM2,GPR + N-gram,0.7012183645899599,-0.4124617639516946
100,SDA_BACSU_Tsuboyama_2023_1PV0,Test RMSE,GPR + ESM2,GPR + Physchem,0.08607588166110258,-0.9736361942545297
100,SDA_BACSU_Tsuboyama_2023_1PV0,Test RMSE,GPR + Morgan,GPR + N-gram,0.897699207166862,0.2722171336384107
100,SDA_BACSU_Tsuboyama_2023_1PV0,Test RMSE,GPR + Morgan,GPR + Physchem,0.8742464385716789,-0.2889572966644245
100,SDA_BACSU_Tsuboyama_2023_1PV0,Test RMSE,GPR + N-gram,GPR + Physchem,0.492639338684125,-0.5611744303028352
100,SOX30_HUMAN_Tsuboyama_2023_7JJK,Test RMSE,GPR + ESM2,GPR + Morgan,0.001,-0.29445676943666566
100,SOX30_HUMAN_Tsuboyama_2023_7JJK,Test RMSE,GPR + ESM2,GPR + N-gram,0.001,-0.23856233429208773
100,SOX30_HUMAN_Tsuboyama_2023_7JJK,Test RMSE,GPR + ESM2,GPR + Physchem,0.001,-0.25847444265234976
100,SOX30_HUMAN_Tsuboyama_2023_7JJK,Test RMSE,GPR + Morgan,GPR + N-gram,0.001,0.055894435144577925
100,SOX30_HUMAN_Tsuboyama_2023_7JJK,Test RMSE,GPR + Morgan,GPR + Physchem,0.03345537992057035,0.0359823267843159
100,SOX30_HUMAN_Tsuboyama_2023_7JJK,Test RMSE,GPR + N-gram,GPR + Physchem,0.3888314669084637,-0.019912108360262026
100,YNZC_BACSU_Tsuboyama_2023_2JVD,Test RMSE,GPR + ESM2,GPR + Morgan,0.001,-0.42771887958071786
100,YNZC_BACSU_Tsuboyama_2023_2JVD,Test RMSE,GPR + ESM2,GPR + N-gram,0.001,-0.30774454223056247
100,YNZC_BACSU_Tsuboyama_2023_2JVD,Test RMSE,GPR + ESM2,GPR + Physchem,0.001,-0.29513111455480556
100,YNZC_BACSU_Tsuboyama_2023_2JVD,Test RMSE,GPR + Morgan,GPR + N-gram,0.001,0.11997433735015539
100,YNZC_BACSU_Tsuboyama_2023_2JVD,Test RMSE,GPR + Morgan,GPR + Physchem,0.001,0.1325877650259123
100,YNZC_BACSU_Tsuboyama_2023_2JVD,Test RMSE,GPR + N-gram,GPR + Physchem,0.8115075175950496,0.012613427675756905
200,A0A247D711_LISMN_Stadelmann_2021,Test RMSE,GPR + ESM2,GPR + Morgan,0.001,-0.1657844590298727
200,A0A247D711_LISMN_Stadelmann_2021,Test RMSE,GPR + ESM2,GPR + N-gram,0.001,-0.10578881095799941
200,A0A247D711_LISMN_Stadelmann_2021,Test RMSE,GPR + ESM2,GPR + Physchem,0.001,-0.09187051594498863
200,A0A247D711_LISMN_Stadelmann_2021,Test RMSE,GPR + Morgan,GPR + N-gram,0.001,0.0599956480718733
200,A0A247D711_LISMN_Stadelmann_2021,Test RMSE,GPR + Morgan,GPR + Physchem,0.001,0.07391394308488408
200,A0A247D711_LISMN_Stadelmann_2021,Test RMSE,GPR + N-gram,GPR + Physchem,0.6948290170385767,0.013918295013010784
200,DN7A_SACS2_Tsuboyama_2023_1JIC,Test RMSE,GPR + ESM2,GPR + Morgan,0.001,-0.4725521699134394
200,DN7A_SACS2_Tsuboyama_2023_1JIC,Test RMSE,GPR + ESM2,GPR + N-gram,0.001,-0.44513479703556413
200,DN7A_SACS2_Tsuboyama_2023_1JIC,Test RMSE,GPR + ESM2,GPR + Physchem,0.001,-0.3234189371340639
200,DN7A_SACS2_Tsuboyama_2023_1JIC,Test RMSE,GPR + Morgan,GPR + N-gram,0.40242333353140247,0.027417372877875268
200,DN7A_SACS2_Tsuboyama_2023_1JIC,Test RMSE,GPR + Morgan,GPR + Physchem,0.001,0.1491332327793755
200,DN7A_SACS2_Tsuboyama_2023_1JIC,Test RMSE,GPR + N-gram,GPR + Physchem,0.001,0.12171585990150025
200,ENVZ_ECOLI_Ghose_2023,Test RMSE,GPR + ESM2,GPR + Morgan,0.001,-0.10751920447121366
200,ENVZ_ECOLI_Ghose_2023,Test RMSE,GPR + ESM2,GPR + N-gram,0.001,-0.09359612843864396
200,ENVZ_ECOLI_Ghose_2023,Test RMSE,GPR + ESM2,GPR + Physchem,0.001,-0.10759407512631913
200,ENVZ_ECOLI_Ghose_2023,Test RMSE,GPR + Morgan,GPR + N-gram,0.5784506309501045,0.013923076032569703
200,ENVZ_ECOLI_Ghose_2023,Test RMSE,GPR + Morgan,GPR + Physchem,0.9,-7.487065510547453e-05
200,ENVZ_ECOLI_Ghose_2023,Test RMSE,GPR + N-gram,GPR + Physchem,0.5746815645671555,-0.013997946687675178
200,FKBP3_HUMAN_Tsuboyama_2023_2KFV,Test RMSE,GPR + ESM2,GPR + Morgan,0.001,-0.13646361330390133
200,FKBP3_HUMAN_Tsuboyama_2023_2KFV,Test RMSE,GPR + ESM2,GPR + N-gram,0.003265892074058696,-0.050535890062284095
200,FKBP3_HUMAN_Tsuboyama_2023_2KFV,Test RMSE,GPR + ESM2,GPR + Physchem,0.10591746553124926,-0.031017216532041925
200,FKBP3_HUMAN_Tsuboyama_2023_2KFV,Test RMSE,GPR + Morgan,GPR + N-gram,0.001,0.08592772324161724
200,FKBP3_HUMAN_Tsuboyama_2023_2KFV,Test RMSE,GPR + Morgan,GPR + Physchem,0.001,0.10544639677185941
200,FKBP3_HUMAN_Tsuboyama_2023_2KFV,Test RMSE,GPR + N-gram,GPR + Physchem,0.45493552625411227,0.01951867353024217
200,MAFG_MOUSE_Tsuboyama_2023_1K1V,Test RMSE,GPR + ESM2,GPR + Morgan,0.001,-0.34146424319546553
200,MAFG_MOUSE_Tsuboyama_2023_1K1V,Test RMSE,GPR + ESM2,GPR + N-gram,0.001,-0.1709976383357763
200,MAFG_MOUSE_Tsuboyama_2023_1K1V,Test RMSE,GPR + ESM2,GPR + Physchem,0.001,-0.2813311797815038
200,MAFG_MOUSE_Tsuboyama_2023_1K1V,Test RMSE,GPR + Morgan,GPR + N-gram,0.001,0.17046660485968923
200,MAFG_MOUSE_Tsuboyama_2023_1K1V,Test RMSE,GPR + Morgan,GPR + Physchem,0.001,0.06013306341396174
200,MAFG_MOUSE_Tsuboyama_2023_1K1V,Test RMSE,GPR + N-gram,GPR + Physchem,0.001,-0.11033354144572749
200,POLG_PESV_Tsuboyama_2023_2MXD,Test RMSE,GPR + ESM2,GPR + Morgan,0.001,-0.5145454264588184
200,POLG_PESV_Tsuboyama_2023_2MXD,Test RMSE,GPR + ESM2,GPR + N-gram,0.001,-0.2589568878040629
200,POLG_PESV_Tsuboyama_2023_2MXD,Test RMSE,GPR + ESM2,GPR + Physchem,0.001,-0.33692842342889007
200,POLG_PESV_Tsuboyama_2023_2MXD,Test RMSE,GPR + Morgan,GPR + N-gram,0.001,0.2555885386547555
200,POLG_PESV_Tsuboyama_2023_2MXD,Test RMSE,GPR + Morgan,GPR + Physchem,0.001,0.17761700302992833
200,POLG_PESV_Tsuboyama_2023_2MXD,Test RMSE,GPR + N-gram,GPR + Physchem,0.001,-0.07797153562482717
200,SBI_STAAM_Tsuboyama_2023_2JVG,Test RMSE,GPR + ESM2,GPR + Morgan,0.001,-0.22810364022681184
200,SBI_STAAM_Tsuboyama_2023_2JVG,Test RMSE,GPR + ESM2,GPR + N-gram,0.001,-0.19349355566746473
200,SBI_STAAM_Tsuboyama_2023_2JVG,Test RMSE,GPR + ESM2,GPR + Physchem,0.001,-0.21815971391510292
200,SBI_STAAM_Tsuboyama_2023_2JVG,Test RMSE,GPR + Morgan,GPR + N-gram,0.001,0.03461008455934711
200,SBI_STAAM_Tsuboyama_2023_2JVG,Test RMSE,GPR + Morgan,GPR + Physchem,0.5381551209688533,0.009943926311708928
200,SBI_STAAM_Tsuboyama_2023_2JVG,Test RMSE,GPR + N-gram,GPR + Physchem,0.012310244434070583,-0.02466615824763818
200,SDA_BACSU_Tsuboyama_2023_1PV0,Test RMSE,GPR + ESM2,GPR + Morgan,0.001,-0.7273374152463898
200,SDA_BACSU_Tsuboyama_2023_1PV0,Test RMSE,GPR + ESM2,GPR + N-gram,0.001,-0.34894413705804816
200,SDA_BACSU_Tsuboyama_2023_1PV0,Test RMSE,GPR + ESM2,GPR + Physchem,0.001,-0.41567444748384086
200,SDA_BACSU_Tsuboyama_2023_1PV0,Test RMSE,GPR + Morgan,GPR + N-gram,0.001,0.3783932781883417
200,SDA_BACSU_Tsuboyama_2023_1PV0,Test RMSE,GPR + Morgan,GPR + Physchem,0.001,0.311662967762549
200,SDA_BACSU_Tsuboyama_2023_1PV0,Test RMSE,GPR + N-gram,GPR + Physchem,0.001,-0.0667303104257927
200,SOX30_HUMAN_Tsuboyama_2023_7JJK,Test RMSE,GPR + ESM2,GPR + Morgan,0.001,-0.3531120437558891
200,SOX30_HUMAN_Tsuboyama_2023_7JJK,Test RMSE,GPR + ESM2,GPR + N-gram,0.001,-0.28790154768010545
200,SOX30_HUMAN_Tsuboyama_2023_7JJK,Test RMSE,GPR + ESM2,GPR + Physchem,0.001,-0.30925029266149207
200,SOX30_HUMAN_Tsuboyama_2023_7JJK,Test RMSE,GPR + Morgan,GPR + N-gram,0.001,0.06521049607578366
200,SOX30_HUMAN_Tsuboyama_2023_7JJK,Test RMSE,GPR + Morgan,GPR + Physchem,0.002507267171303895,0.04386175109439705
200,SOX30_HUMAN_Tsuboyama_2023_7JJK,Test RMSE,GPR + N-gram,GPR + Physchem,0.23750183098068167,-0.021348744981386614
200,YNZC_BACSU_Tsuboyama_2023_2JVD,Test RMSE,GPR + ESM2,GPR + Morgan,0.001,-0.4359198831249211
200,YNZC_BACSU_Tsuboyama_2023_2JVD,Test RMSE,GPR + ESM2,GPR + N-gram,0.001,-0.204251197553384
200,YNZC_BACSU_Tsuboyama_2023_2JVD,Test RMSE,GPR + ESM2,GPR + Physchem,0.001,-0.29569618048064156
200,YNZC_BACSU_Tsuboyama_2023_2JVD,Test RMSE,GPR + Morgan,GPR + N-gram,0.001,0.23166868557153708
200,YNZC_BACSU_Tsuboyama_2023_2JVD,Test RMSE,GPR + Morgan,GPR + Physchem,0.001,0.14022370264427952
200,YNZC_BACSU_Tsuboyama_2023_2JVD,Test RMSE,GPR + N-gram,GPR + Physchem,0.001,-0.09144498292725756
350,A0A247D711_LISMN_Stadelmann_2021,Test RMSE,GPR + ESM2,GPR + Morgan,0.001,-0.22187689490011664
350,A0A247D711_LISMN_Stadelmann_2021,Test RMSE,GPR + ESM2,GPR + N-gram,0.001,-0.16797181029995212
350,A0A247D711_LISMN_Stadelmann_2021,Test RMSE,GPR + ESM2,GPR + Physchem,0.001,-0.12123309378985714
350,A0A247D711_LISMN_Stadelmann_2021,Test RMSE,GPR + Morgan,GPR + N-gram,0.001,0.05390508460016452
350,A0A247D711_LISMN_Stadelmann_2021,Test RMSE,GPR + Morgan,GPR + Physchem,0.001,0.1006438011102595
350,A0A247D711_LISMN_Stadelmann_2021,Test RMSE,GPR + N-gram,GPR + Physchem,0.001,0.04673871651009498
350,DN7A_SACS2_Tsuboyama_2023_1JIC,Test RMSE,GPR + ESM2,GPR + Morgan,0.001,-0.5473596242614275
350,DN7A_SACS2_Tsuboyama_2023_1JIC,Test RMSE,GPR + ESM2,GPR + N-gram,0.001,-0.5105855868281887
350,DN7A_SACS2_Tsuboyama_2023_1JIC,Test RMSE,GPR + ESM2,GPR + Physchem,0.001,-0.356147727640278
350,DN7A_SACS2_Tsuboyama_2023_1JIC,Test RMSE,GPR + Morgan,GPR + N-gram,0.004978936685412938,0.036774037433238815
350,DN7A_SACS2_Tsuboyama_2023_1JIC,Test RMSE,GPR + Morgan,GPR + Physchem,0.001,0.19121189662114946
350,DN7A_SACS2_Tsuboyama_2023_1JIC,Test RMSE,GPR + N-gram,GPR + Physchem,0.001,0.15443785918791064
350,ENVZ_ECOLI_Ghose_2023,Test RMSE,GPR + ESM2,GPR + Morgan,0.001,-0.13592790042507186
350,ENVZ_ECOLI_Ghose_2023,Test RMSE,GPR + ESM2,GPR + N-gram,0.001,-0.1401346752082634
350,ENVZ_ECOLI_Ghose_2023,Test RMSE,GPR + ESM2,GPR + Physchem,0.001,-0.1333802225074433
350,ENVZ_ECOLI_Ghose_2023,Test RMSE,GPR + Morgan,GPR + N-gram,0.9,-0.004206774783191536
350,ENVZ_ECOLI_Ghose_2023,Test RMSE,GPR + Morgan,GPR + Physchem,0.9,0.0025476779176285547
350,ENVZ_ECOLI_Ghose_2023,Test RMSE,GPR + N-gram,GPR + Physchem,0.9,0.0067544527008200905
350,FKBP3_HUMAN_Tsuboyama_2023_2KFV,Test RMSE,GPR + ESM2,GPR + Morgan,0.001,-0.1969209804466402
350,FKBP3_HUMAN_Tsuboyama_2023_2KFV,Test RMSE,GPR + ESM2,GPR + N-gram,0.001,-0.12683883436759358
350,FKBP3_HUMAN_Tsuboyama_2023_2KFV,Test RMSE,GPR + ESM2,GPR + Physchem,0.001,-0.08354201224760305
350,FKBP3_HUMAN_Tsuboyama_2023_2KFV,Test RMSE,GPR + Morgan,GPR + N-gram,0.001,0.07008214607904661
350,FKBP3_HUMAN_Tsuboyama_2023_2KFV,Test RMSE,GPR + Morgan,GPR + Physchem,0.001,0.11337896819903714
350,FKBP3_HUMAN_Tsuboyama_2023_2KFV,Test RMSE,GPR + N-gram,GPR + Physchem,0.0010756178919677506,0.04329682211999053
350,MAFG_MOUSE_Tsuboyama_2023_1K1V,Test RMSE,GPR + ESM2,GPR + Morgan,0.001,-0.37344107770496093
350,MAFG_MOUSE_Tsuboyama_2023_1K1V,Test RMSE,GPR + ESM2,GPR + N-gram,0.001,-0.18056768910491305
350,MAFG_MOUSE_Tsuboyama_2023_1K1V,Test RMSE,GPR + ESM2,GPR + Physchem,0.001,-0.30199444513076235
350,MAFG_MOUSE_Tsuboyama_2023_1K1V,Test RMSE,GPR + Morgan,GPR + N-gram,0.001,0.19287338860004788
350,MAFG_MOUSE_Tsuboyama_2023_1K1V,Test RMSE,GPR + Morgan,GPR + Physchem,0.001,0.07144663257419859
350,MAFG_MOUSE_Tsuboyama_2023_1K1V,Test RMSE,GPR + N-gram,GPR + Physchem,0.001,-0.12142675602584929
350,POLG_PESV_Tsuboyama_2023_2MXD,Test RMSE,GPR + ESM2,GPR + Morgan,0.001,-0.5474290896837819
350,POLG_PESV_Tsuboyama_2023_2MXD,Test RMSE,GPR + ESM2,GPR + N-gram,0.001,-0.19293472508241138
350,POLG_PESV_Tsuboyama_2023_2MXD,Test RMSE,GPR + ESM2,GPR + Physchem,0.001,-0.37583115668072264
350,POLG_PESV_Tsuboyama_2023_2MXD,Test RMSE,GPR + Morgan,GPR + N-gram,0.001,0.3544943646013705
350,POLG_PESV_Tsuboyama_2023_2MXD,Test RMSE,GPR + Morgan,GPR + Physchem,0.001,0.17159793300305926
350,POLG_PESV_Tsuboyama_2023_2MXD,Test RMSE,GPR + N-gram,GPR + Physchem,0.001,-0.18289643159831126
350,SBI_STAAM_Tsuboyama_2023_2JVG,Test RMSE,GPR + ESM2,GPR + Morgan,0.001,-0.26959599409622936
350,SBI_STAAM_Tsuboyama_2023_2JVG,Test RMSE,GPR + ESM2,GPR + N-gram,0.001,-0.24529077223468743
350,SBI_STAAM_Tsuboyama_2023_2JVG,Test RMSE,GPR + ESM2,GPR + Physchem,0.001,-0.2565607377909609
350,SBI_STAAM_Tsuboyama_2023_2JVG,Test RMSE,GPR + Morgan,GPR + N-gram,0.001,0.024305221861541937
350,SBI_STAAM_Tsuboyama_2023_2JVG,Test RMSE,GPR + Morgan,GPR + Physchem,0.10878741178427909,0.013035256305268472
350,SBI_STAAM_Tsuboyama_2023_2JVG,Test RMSE,GPR + N-gram,GPR + Physchem,0.19746507640256394,-0.011269965556273465
350,SDA_BACSU_Tsuboyama_2023_1PV0,Test RMSE,GPR + ESM2,GPR + Morgan,0.001,-0.7632797964168199
350,SDA_BACSU_Tsuboyama_2023_1PV0,Test RMSE,GPR + ESM2,GPR + N-gram,0.001,-0.30824913561450634
350,SDA_BACSU_Tsuboyama_2023_1PV0,Test RMSE,GPR + ESM2,GPR + Physchem,0.001,-0.45015114587509325
350,SDA_BACSU_Tsuboyama_2023_1PV0,Test RMSE,GPR + Morgan,GPR + N-gram,0.001,0.4550306608023136
350,SDA_BACSU_Tsuboyama_2023_1PV0,Test RMSE,GPR + Morgan,GPR + Physchem,0.001,0.31312865054172667
350,SDA_BACSU_Tsuboyama_2023_1PV0,Test RMSE,GPR + N-gram,GPR + Physchem,0.001,-0.1419020102605869
350,SOX30_HUMAN_Tsuboyama_2023_7JJK,Test RMSE,GPR + ESM2,GPR + Morgan,0.001,-0.39241410462711523
350,SOX30_HUMAN_Tsuboyama_2023_7JJK,Test RMSE,GPR + ESM2,GPR + N-gram,0.001,-0.33129276849460665
350,SOX30_HUMAN_Tsuboyama_2023_7JJK,Test RMSE,GPR + ESM2,GPR + Physchem,0.001,-0.35333495138200366
350,SOX30_HUMAN_Tsuboyama_2023_7JJK,Test RMSE,GPR + Morgan,GPR + N-gram,0.001,0.061121336132508586
350,SOX30_HUMAN_Tsuboyama_2023_7JJK,Test RMSE,GPR + Morgan,GPR + Physchem,0.001,0.039079153245111575
350,SOX30_HUMAN_Tsuboyama_2023_7JJK,Test RMSE,GPR + N-gram,GPR + Physchem,0.07532442208910972,-0.02204218288739701
350,YNZC_BACSU_Tsuboyama_2023_2JVD,Test RMSE,GPR + ESM2,GPR + Morgan,0.001,-0.4543284745787407
350,YNZC_BACSU_Tsuboyama_2023_2JVD,Test RMSE,GPR + ESM2,GPR + N-gram,0.001,-0.21885777542616147
350,YNZC_BACSU_Tsuboyama_2023_2JVD,Test RMSE,GPR + ESM2,GPR + Physchem,0.001,-0.32317791992655354
350,YNZC_BACSU_Tsuboyama_2023_2JVD,Test RMSE,GPR + Morgan,GPR + N-gram,0.001,0.23547069915257923
350,YNZC_BACSU_Tsuboyama_2023_2JVD,Test RMSE,GPR + Morgan,GPR + Physchem,0.001,0.13115055465218717
350,YNZC_BACSU_Tsuboyama_2023_2JVD,Test RMSE,GPR + N-gram,GPR + Physchem,0.001,-0.10432014450039206
500,A0A247D711_LISMN_Stadelmann_2021,Test RMSE,GPR + ESM2,GPR + Morgan,0.001,-0.2604108201881179
500,A0A247D711_LISMN_Stadelmann_2021,Test RMSE,GPR + ESM2,GPR + N-gram,0.001,-0.20609553507132117
500,A0A247D711_LISMN_Stadelmann_2021,Test RMSE,GPR + ESM2,GPR + Physchem,0.001,-0.1315809896665261
500,A0A247D711_LISMN_Stadelmann_2021,Test RMSE,GPR + Morgan,GPR + N-gram,0.001,0.05431528511679673
500,A0A247D711_LISMN_Stadelmann_2021,Test RMSE,GPR + Morgan,GPR + Physchem,0.001,0.1288298305215918
500,A0A247D711_LISMN_Stadelmann_2021,Test RMSE,GPR + N-gram,GPR + Physchem,0.001,0.07451454540479507
500,DN7A_SACS2_Tsuboyama_2023_1JIC,Test RMSE,GPR + ESM2,GPR + Morgan,0.001,-0.5739607930932163
500,DN7A_SACS2_Tsuboyama_2023_1JIC,Test RMSE,GPR + ESM2,GPR + N-gram,0.001,-0.5602327502824745
500,DN7A_SACS2_Tsuboyama_2023_1JIC,Test RMSE,GPR + ESM2,GPR + Physchem,0.001,-0.38459282806110273
500,DN7A_SACS2_Tsuboyama_2023_1JIC,Test RMSE,GPR + Morgan,GPR + N-gram,0.2932500914946484,0.013728042810741803
500,DN7A_SACS2_Tsuboyama_2023_1JIC,Test RMSE,GPR + Morgan,GPR + Physchem,0.001,0.18936796503211362
500,DN7A_SACS2_Tsuboyama_2023_1JIC,Test RMSE,GPR + N-gram,GPR + Physchem,0.001,0.1756399222213718
500,ENVZ_ECOLI_Ghose_2023,Test RMSE,GPR + ESM2,GPR + Morgan,0.001,-0.16762065385591862
500,ENVZ_ECOLI_Ghose_2023,Test RMSE,GPR + ESM2,GPR + N-gram,0.001,-0.16174897707290703
500,ENVZ_ECOLI_Ghose_2023,Test RMSE,GPR + ESM2,GPR + Physchem,0.001,-0.15234881013671786
500,ENVZ_ECOLI_Ghose_2023,Test RMSE,GPR + Morgan,GPR + N-gram,0.9,0.005871676783011592
500,ENVZ_ECOLI_Ghose_2023,Test RMSE,GPR + Morgan,GPR + Physchem,0.4155380024081706,0.015271843719200762
500,ENVZ_ECOLI_Ghose_2023,Test RMSE,GPR + N-gram,GPR + Physchem,0.749075293608698,0.00940016693618917
500,FKBP3_HUMAN_Tsuboyama_2023_2KFV,Test RMSE,GPR + ESM2,GPR + Morgan,0.001,-0.2361918826387529
500,FKBP3_HUMAN_Tsuboyama_2023_2KFV,Test RMSE,GPR + ESM2,GPR + N-gram,0.001,-0.15781060680160408
500,FKBP3_HUMAN_Tsuboyama_2023_2KFV,Test RMSE,GPR + ESM2,GPR + Physchem,0.001,-0.10479985538358227
500,FKBP3_HUMAN_Tsuboyama_2023_2KFV,Test RMSE,GPR + Morgan,GPR + N-gram,0.001,0.07838127583714882
500,FKBP3_HUMAN_Tsuboyama_2023_2KFV,Test RMSE,GPR + Morgan,GPR + Physchem,0.001,0.13139202725517063
500,FKBP3_HUMAN_Tsuboyama_2023_2KFV,Test RMSE,GPR + N-gram,GPR + Physchem,0.001,0.053010751418021806
500,MAFG_MOUSE_Tsuboyama_2023_1K1V,Test RMSE,GPR + ESM2,GPR + Morgan,0.001,-0.3927240739442392
500,MAFG_MOUSE_Tsuboyama_2023_1K1V,Test RMSE,GPR + ESM2,GPR + N-gram,0.001,-0.1921188789326222
500,MAFG_MOUSE_Tsuboyama_2023_1K1V,Test RMSE,GPR + ESM2,GPR + Physchem,0.001,-0.30243380165480976
500,MAFG_MOUSE_Tsuboyama_2023_1K1V,Test RMSE,GPR + Morgan,GPR + N-gram,0.001,0.200605195011617
500,MAFG_MOUSE_Tsuboyama_2023_1K1V,Test RMSE,GPR + Morgan,GPR + Physchem,0.001,0.09029027228942943
500,MAFG_MOUSE_Tsuboyama_2023_1K1V,Test RMSE,GPR + N-gram,GPR + Physchem,0.001,-0.11031492272218757
500,POLG_PESV_Tsuboyama_2023_2MXD,Test RMSE,GPR + ESM2,GPR + Morgan,0.001,-0.572824498778598
500,POLG_PESV_Tsuboyama_2023_2MXD,Test RMSE,GPR + ESM2,GPR + N-gram,0.001,-0.18029819983584966
500,POLG_PESV_Tsuboyama_2023_2MXD,Test RMSE,GPR + ESM2,GPR + Physchem,0.001,-0.3925135665104094
500,POLG_PESV_Tsuboyama_2023_2MXD,Test RMSE,GPR + Morgan,GPR + N-gram,0.001,0.3925262989427484
500,POLG_PESV_Tsuboyama_2023_2MXD,Test RMSE,GPR + Morgan,GPR + Physchem,0.001,0.18031093226818862
500,POLG_PESV_Tsuboyama_2023_2MXD,Test RMSE,GPR + N-gram,GPR + Physchem,0.001,-0.21221536667455976
500,SBI_STAAM_Tsuboyama_2023_2JVG,Test RMSE,GPR + ESM2,GPR + Morgan,0.001,-0.2970557481658086
500,SBI_STAAM_Tsuboyama_2023_2JVG,Test RMSE,GPR + ESM2,GPR + N-gram,0.001,-0.27631835026890006
500,SBI_STAAM_Tsuboyama_2023_2JVG,Test RMSE,GPR + ESM2,GPR + Physchem,0.001,-0.28214173681429144
500,SBI_STAAM_Tsuboyama_2023_2JVG,Test RMSE,GPR + Morgan,GPR + N-gram,0.001864690851968498,0.020737397896908538
500,SBI_STAAM_Tsuboyama_2023_2JVG,Test RMSE,GPR + Morgan,GPR + Physchem,0.0316236285880338,0.014914011351517154
500,SBI_STAAM_Tsuboyama_2023_2JVG,Test RMSE,GPR + N-gram,GPR + Physchem,0.6474047908675037,-0.005823386545391385
500,SDA_BACSU_Tsuboyama_2023_1PV0,Test RMSE,GPR + ESM2,GPR + Morgan,0.001,-0.7891737817621892
500,SDA_BACSU_Tsuboyama_2023_1PV0,Test RMSE,GPR + ESM2,GPR + N-gram,0.001,-0.348700454811109
500,SDA_BACSU_Tsuboyama_2023_1PV0,Test RMSE,GPR + ESM2,GPR + Physchem,0.001,-0.45836794147718585
500,SDA_BACSU_Tsuboyama_2023_1PV0,Test RMSE,GPR + Morgan,GPR + N-gram,0.001,0.4404733269510802
500,SDA_BACSU_Tsuboyama_2023_1PV0,Test RMSE,GPR + Morgan,GPR + Physchem,0.001,0.33080584028500337
500,SDA_BACSU_Tsuboyama_2023_1PV0,Test RMSE,GPR + N-gram,GPR + Physchem,0.001,-0.10966748666607684
500,SOX30_HUMAN_Tsuboyama_2023_7JJK,Test RMSE,GPR + ESM2,GPR + Morgan,0.001,-0.40774277962216754
500,SOX30_HUMAN_Tsuboyama_2023_7JJK,Test RMSE,GPR + ESM2,GPR + N-gram,0.001,-0.35478393794978547
500,SOX30_HUMAN_Tsuboyama_2023_7JJK,Test RMSE,GPR + ESM2,GPR + Physchem,0.001,-0.3669417083397619
500,SOX30_HUMAN_Tsuboyama_2023_7JJK,Test RMSE,GPR + Morgan,GPR + N-gram,0.001,0.05295884167238207
500,SOX30_HUMAN_Tsuboyama_2023_7JJK,Test RMSE,GPR + Morgan,GPR + Physchem,0.001,0.04080107128240562
500,SOX30_HUMAN_Tsuboyama_2023_7JJK,Test RMSE,GPR + N-gram,GPR + Physchem,0.4536715918615224,-0.012157770389976452
500,YNZC_BACSU_Tsuboyama_2023_2JVD,Test RMSE,GPR + ESM2,GPR + Morgan,0.001,-0.4648647962045871
500,YNZC_BACSU_Tsuboyama_2023_2JVD,Test RMSE,GPR + ESM2,GPR + N-gram,0.001,-0.23626868285949065
500,YNZC_BACSU_Tsuboyama_2023_2JVD,Test RMSE,GPR + ESM2,GPR + Physchem,0.001,-0.328333050018786
500,YNZC_BACSU_Tsuboyama_2023_2JVD,Test RMSE,GPR + Morgan,GPR + N-gram,0.001,0.22859611334509644
500,YNZC_BACSU_Tsuboyama_2023_2JVD,Test RMSE,GPR + Morgan,GPR + Physchem,0.001,0.1365317461858011
500,YNZC_BACSU_Tsuboyama_2023_2JVD,Test RMSE,GPR + N-gram,GPR + Physchem,0.001,-0.09206436715929533
20,A0A247D711_LISMN_Stadelmann_2021,Test MAE,GPR + ESM2,GPR + Morgan,0.34899183294453506,-0.05420707106747713
20,A0A247D711_LISMN_Stadelmann_2021,Test MAE,GPR + ESM2,GPR + N-gram,0.3752454680035643,-0.05260354948276591
20,A0A247D711_LISMN_Stadelmann_2021,Test MAE,GPR + ESM2,GPR + Physchem,0.9,-0.01579901746331358
20,A0A247D711_LISMN_Stadelmann_2021,Test MAE,GPR + Morgan,GPR + N-gram,0.9,0.0016035215847112205
20,A0A247D711_LISMN_Stadelmann_2021,Test MAE,GPR + Morgan,GPR + Physchem,0.6208158252149429,0.03840805360416355
20,A0A247D711_LISMN_Stadelmann_2021,Test MAE,GPR + N-gram,GPR + Physchem,0.6482981997210315,0.03680453201945233
20,DN7A_SACS2_Tsuboyama_2023_1JIC,Test MAE,GPR + ESM2,GPR + Morgan,0.14628319460062955,-0.11157536107749388
20,DN7A_SACS2_Tsuboyama_2023_1JIC,Test MAE,GPR + ESM2,GPR + N-gram,0.19293427021245535,-0.10387694417737758
20,DN7A_SACS2_Tsuboyama_2023_1JIC,Test MAE,GPR + ESM2,GPR + Physchem,0.06957495398636915,-0.13045206736187342
20,DN7A_SACS2_Tsuboyama_2023_1JIC,Test MAE,GPR + Morgan,GPR + N-gram,0.9,0.0076984169001163005
20,DN7A_SACS2_Tsuboyama_2023_1JIC,Test MAE,GPR + Morgan,GPR + Physchem,0.9,-0.01887670628437954
20,DN7A_SACS2_Tsuboyama_2023_1JIC,Test MAE,GPR + N-gram,GPR + Physchem,0.9,-0.02657512318449584
20,ENVZ_ECOLI_Ghose_2023,Test MAE,GPR + ESM2,GPR + Morgan,0.9,0.0004932529015209131
20,ENVZ_ECOLI_Ghose_2023,Test MAE,GPR + ESM2,GPR + N-gram,0.9,-0.007180286176012629
20,ENVZ_ECOLI_Ghose_2023,Test MAE,GPR + ESM2,GPR + Physchem,0.8162544775125856,-0.01285885481096749
20,ENVZ_ECOLI_Ghose_2023,Test MAE,GPR + Morgan,GPR + N-gram,0.9,-0.007673539077533542
20,ENVZ_ECOLI_Ghose_2023,Test MAE,GPR + Morgan,GPR + Physchem,0.7985018137769915,-0.013352107712488404
20,ENVZ_ECOLI_Ghose_2023,Test MAE,GPR + N-gram,GPR + Physchem,0.9,-0.005678568634954861
20,FKBP3_HUMAN_Tsuboyama_2023_2KFV,Test MAE,GPR + ESM2,GPR + Morgan,0.9,-0.006750361422828144
20,FKBP3_HUMAN_Tsuboyama_2023_2KFV,Test MAE,GPR + ESM2,GPR + N-gram,0.9,0.0014485510153854353
20,FKBP3_HUMAN_Tsuboyama_2023_2KFV,Test MAE,GPR + ESM2,GPR + Physchem,0.15650720815836272,0.024506724037311356
20,FKBP3_HUMAN_Tsuboyama_2023_2KFV,Test MAE,GPR + Morgan,GPR + N-gram,0.8792615308420713,0.00819891243821358
20,FKBP3_HUMAN_Tsuboyama_2023_2KFV,Test MAE,GPR + Morgan,GPR + Physchem,0.04629487937171761,0.0312570854601395
20,FKBP3_HUMAN_Tsuboyama_2023_2KFV,Test MAE,GPR + N-gram,GPR + Physchem,0.19709475622618866,0.02305817302192592
20,MAFG_MOUSE_Tsuboyama_2023_1K1V,Test MAE,GPR + ESM2,GPR + Morgan,0.005201520937424986,-0.14874894384264592
20,MAFG_MOUSE_Tsuboyama_2023_1K1V,Test MAE,GPR + ESM2,GPR + N-gram,0.001,-0.2534364021636599
20,MAFG_MOUSE_Tsuboyama_2023_1K1V,Test MAE,GPR + ESM2,GPR + Physchem,0.02940048983401633,-0.11988095162658752
20,MAFG_MOUSE_Tsuboyama_2023_1K1V,Test MAE,GPR + Morgan,GPR + N-gram,0.06758479950240603,-0.104687458321014
20,MAFG_MOUSE_Tsuboyama_2023_1K1V,Test MAE,GPR + Morgan,GPR + Physchem,0.8852972874138889,0.028867992216058402
20,MAFG_MOUSE_Tsuboyama_2023_1K1V,Test MAE,GPR + N-gram,GPR + Physchem,0.013212749484913688,0.1335554505370724
20,POLG_PESV_Tsuboyama_2023_2MXD,Test MAE,GPR + ESM2,GPR + Morgan,0.45163041743456667,-0.175869276404108
20,POLG_PESV_Tsuboyama_2023_2MXD,Test MAE,GPR + ESM2,GPR + N-gram,0.010449272778061736,-0.399261406714699
20,POLG_PESV_Tsuboyama_2023_2MXD,Test MAE,GPR + ESM2,GPR + Physchem,0.47392729173656456,-0.17127951413456155
20,POLG_PESV_Tsuboyama_2023_2MXD,Test MAE,GPR + Morgan,GPR + N-gram,0.24872069251585405,-0.22339213031059102
20,POLG_PESV_Tsuboyama_2023_2MXD,Test MAE,GPR + Morgan,GPR + Physchem,0.9,0.004589762269546438
20,POLG_PESV_Tsuboyama_2023_2MXD,Test MAE,GPR + N-gram,GPR + Physchem,0.23315810523473102,0.22798189258013746
20,SBI_STAAM_Tsuboyama_2023_2JVG,Test MAE,GPR + ESM2,GPR + Morgan,0.001,-0.08405230462834568
20,SBI_STAAM_Tsuboyama_2023_2JVG,Test MAE,GPR + ESM2,GPR + N-gram,0.033570218006880426,-0.04082139152659703
20,SBI_STAAM_Tsuboyama_2023_2JVG,Test MAE,GPR + ESM2,GPR + Physchem,0.05242219676330884,-0.03801271839994502
20,SBI_STAAM_Tsuboyama_2023_2JVG,Test MAE,GPR + Morgan,GPR + N-gram,0.0225781007311755,0.04323091310174865
20,SBI_STAAM_Tsuboyama_2023_2JVG,Test MAE,GPR + Morgan,GPR + Physchem,0.014021250739177593,0.04603958622840065
20,SBI_STAAM_Tsuboyama_2023_2JVG,Test MAE,GPR + N-gram,GPR + Physchem,0.9,0.002808673126652006
20,SDA_BACSU_Tsuboyama_2023_1PV0,Test MAE,GPR + ESM2,GPR + Morgan,0.001,-0.574384675350369
20,SDA_BACSU_Tsuboyama_2023_1PV0,Test MAE,GPR + ESM2,GPR + N-gram,0.001,-0.807274640648302
20,SDA_BACSU_Tsuboyama_2023_1PV0,Test MAE,GPR + ESM2,GPR + Physchem,0.001,-0.46181957184599437
20,SDA_BACSU_Tsuboyama_2023_1PV0,Test MAE,GPR + Morgan,GPR + N-gram,0.10467517505558022,-0.23288996529793304
20,SDA_BACSU_Tsuboyama_2023_1PV0,Test MAE,GPR + Morgan,GPR + Physchem,0.6456629699239917,0.11256510350437454
20,SDA_BACSU_Tsuboyama_2023_1PV0,Test MAE,GPR + N-gram,GPR + Physchem,0.007665397666960727,0.3454550688023076
20,SOX30_HUMAN_Tsuboyama_2023_7JJK,Test MAE,GPR + ESM2,GPR + Morgan,0.001,-0.0993214525477284
20,SOX30_HUMAN_Tsuboyama_2023_7JJK,Test MAE,GPR + ESM2,GPR + N-gram,0.001,-0.11641850186254754
20,SOX30_HUMAN_Tsuboyama_2023_7JJK,Test MAE,GPR + ESM2,GPR + Physchem,0.001,-0.09091919754140665
20,SOX30_HUMAN_Tsuboyama_2023_7JJK,Test MAE,GPR + Morgan,GPR + N-gram,0.8274035923707455,-0.017097049314819146
20,SOX30_HUMAN_Tsuboyama_2023_7JJK,Test MAE,GPR + Morgan,GPR + Physchem,0.9,0.008402255006321746
20,SOX30_HUMAN_Tsuboyama_2023_7JJK,Test MAE,GPR + N-gram,GPR + Physchem,0.6054349553607518,0.025499304321140892
20,YNZC_BACSU_Tsuboyama_2023_2JVD,Test MAE,GPR + ESM2,GPR + Morgan,0.0030420173532847983,-0.31828293149482056
20,YNZC_BACSU_Tsuboyama_2023_2JVD,Test MAE,GPR + ESM2,GPR + N-gram,0.001,-0.5097553343168586
20,YNZC_BACSU_Tsuboyama_2023_2JVD,Test MAE,GPR + ESM2,GPR + Physchem,0.06321109497805166,-0.2144422698551124
20,YNZC_BACSU_Tsuboyama_2023_2JVD,Test MAE,GPR + Morgan,GPR + N-gram,0.11252565286919258,-0.19147240282203803
20,YNZC_BACSU_Tsuboyama_2023_2JVD,Test MAE,GPR + Morgan,GPR + Physchem,0.5792095051020884,0.10384066163970818
20,YNZC_BACSU_Tsuboyama_2023_2JVD,Test MAE,GPR + N-gram,GPR + Physchem,0.006206039098820559,0.2953130644617462
50,A0A247D711_LISMN_Stadelmann_2021,Test MAE,GPR + ESM2,GPR + Morgan,0.021920450779854828,-0.06953687304276424
50,A0A247D711_LISMN_Stadelmann_2021,Test MAE,GPR + ESM2,GPR + N-gram,0.4340340588994478,-0.034380029592554706
50,A0A247D711_LISMN_Stadelmann_2021,Test MAE,GPR + ESM2,GPR + Physchem,0.7258555252190517,-0.02256393685382363
50,A0A247D711_LISMN_Stadelmann_2021,Test MAE,GPR + Morgan,GPR + N-gram,0.4146130202242855,0.03515684345020953
50,A0A247D711_LISMN_Stadelmann_2021,Test MAE,GPR + Morgan,GPR + Physchem,0.1804986690379844,0.046972936188940606
50,A0A247D711_LISMN_Stadelmann_2021,Test MAE,GPR + N-gram,GPR + Physchem,0.9,0.011816092738731077
50,DN7A_SACS2_Tsuboyama_2023_1JIC,Test MAE,GPR + ESM2,GPR + Morgan,0.001,-0.21424433550494038
50,DN7A_SACS2_Tsuboyama_2023_1JIC,Test MAE,GPR + ESM2,GPR + N-gram,0.001,-0.2724784909471447
50,DN7A_SACS2_Tsuboyama_2023_1JIC,Test MAE,GPR + ESM2,GPR + Physchem,0.08360651064031821,-0.11011743758292702
50,DN7A_SACS2_Tsuboyama_2023_1JIC,Test MAE,GPR + Morgan,GPR + N-gram,0.5535650846494733,-0.05823415544220434
50,DN7A_SACS2_Tsuboyama_2023_1JIC,Test MAE,GPR + Morgan,GPR + Physchem,0.10981473799043162,0.10412689792201335
50,DN7A_SACS2_Tsuboyama_2023_1JIC,Test MAE,GPR + N-gram,GPR + Physchem,0.005354972590372764,0.1623610533642177
50,ENVZ_ECOLI_Ghose_2023,Test MAE,GPR + ESM2,GPR + Morgan,0.9,-0.013902938747167304
50,ENVZ_ECOLI_Ghose_2023,Test MAE,GPR + ESM2,GPR + N-gram,0.15515428513394502,-0.06563891864955207
50,ENVZ_ECOLI_Ghose_2023,Test MAE,GPR + ESM2,GPR + Physchem,0.3781517031173617,-0.04924822168686538
50,ENVZ_ECOLI_Ghose_2023,Test MAE,GPR + Morgan,GPR + N-gram,0.3351852881293227,-0.051735979902384766
50,ENVZ_ECOLI_Ghose_2023,Test MAE,GPR + Morgan,GPR + Physchem,0.634175412093946,-0.035345282939698075
50,ENVZ_ECOLI_Ghose_2023,Test MAE,GPR + N-gram,GPR + Physchem,0.9,0.01639069696268669
50,FKBP3_HUMAN_Tsuboyama_2023_2KFV,Test MAE,GPR + ESM2,GPR + Morgan,0.9,-0.0023795379072510947
50,FKBP3_HUMAN_Tsuboyama_2023_2KFV,Test MAE,GPR + ESM2,GPR + N-gram,0.7803437763933299,0.016597507661686772
50,FKBP3_HUMAN_Tsuboyama_2023_2KFV,Test MAE,GPR + ESM2,GPR + Physchem,0.23806570048697206,0.035393108444945476
50,FKBP3_HUMAN_Tsuboyama_2023_2KFV,Test MAE,GPR + Morgan,GPR + N-gram,0.708844093261467,0.018977045568937867
50,FKBP3_HUMAN_Tsuboyama_2023_2KFV,Test MAE,GPR + Morgan,GPR + Physchem,0.19050857563990786,0.03777264635219657
50,FKBP3_HUMAN_Tsuboyama_2023_2KFV,Test MAE,GPR + N-gram,GPR + Physchem,0.7142979106960651,0.018795600783258704
50,MAFG_MOUSE_Tsuboyama_2023_1K1V,Test MAE,GPR + ESM2,GPR + Morgan,0.001,-0.2410743700645634
50,MAFG_MOUSE_Tsuboyama_2023_1K1V,Test MAE,GPR + ESM2,GPR + N-gram,0.001,-0.1694887656623279
50,MAFG_MOUSE_Tsuboyama_2023_1K1V,Test MAE,GPR + ESM2,GPR + Physchem,0.001,-0.22473877372756007
50,MAFG_MOUSE_Tsuboyama_2023_1K1V,Test MAE,GPR + Morgan,GPR + N-gram,0.006372785789424462,0.07158560440223549
50,MAFG_MOUSE_Tsuboyama_2023_1K1V,Test MAE,GPR + Morgan,GPR + Physchem,0.8262041686027068,0.016335596337003322
50,MAFG_MOUSE_Tsuboyama_2023_1K1V,Test MAE,GPR + N-gram,GPR + Physchem,0.044930615950862896,-0.05525000806523217
50,POLG_PESV_Tsuboyama_2023_2MXD,Test MAE,GPR + ESM2,GPR + Morgan,0.001,-0.3253742969818709
50,POLG_PESV_Tsuboyama_2023_2MXD,Test MAE,GPR + ESM2,GPR + N-gram,0.001,-0.5930978424348103
50,POLG_PESV_Tsuboyama_2023_2MXD,Test MAE,GPR + ESM2,GPR + Physchem,0.002720584174135565,-0.21446832575237518
50,POLG_PESV_Tsuboyama_2023_2MXD,Test MAE,GPR + Morgan,GPR + N-gram,0.001,-0.2677235454529394
50,POLG_PESV_Tsuboyama_2023_2MXD,Test MAE,GPR + Morgan,GPR + Physchem,0.19884117330306905,0.11090597122949575
50,POLG_PESV_Tsuboyama_2023_2MXD,Test MAE,GPR + N-gram,GPR + Physchem,0.001,0.37862951668243516
50,SBI_STAAM_Tsuboyama_2023_2JVG,Test MAE,GPR + ESM2,GPR + Morgan,0.001,-0.12300720022779038
50,SBI_STAAM_Tsuboyama_2023_2JVG,Test MAE,GPR + ESM2,GPR + N-gram,0.001,-0.09489691442472498
50,SBI_STAAM_Tsuboyama_2023_2JVG,Test MAE,GPR + ESM2,GPR + Physchem,0.001,-0.09661927959317979
50,SBI_STAAM_Tsuboyama_2023_2JVG,Test MAE,GPR + Morgan,GPR + N-gram,0.13544648371873502,0.028110285803065405
50,SBI_STAAM_Tsuboyama_2023_2JVG,Test MAE,GPR + Morgan,GPR + Physchem,0.1749992935662199,0.026387920634610595
50,SBI_STAAM_Tsuboyama_2023_2JVG,Test MAE,GPR + N-gram,GPR + Physchem,0.9,-0.0017223651684548091
50,SDA_BACSU_Tsuboyama_2023_1PV0,Test MAE,GPR + ESM2,GPR + Morgan,0.14078653519546902,-0.610047224363552
50,SDA_BACSU_Tsuboyama_2023_1PV0,Test MAE,GPR + ESM2,GPR + N-gram,0.16243716892896753,-0.5891271737862565
50,SDA_BACSU_Tsuboyama_2023_1PV0,Test MAE,GPR + ESM2,GPR + Physchem,0.011757103059636176,-0.9196411996248275
50,SDA_BACSU_Tsuboyama_2023_1PV0,Test MAE,GPR + Morgan,GPR + N-gram,0.9,0.020920050577295513
50,SDA_BACSU_Tsuboyama_2023_1PV0,Test MAE,GPR + Morgan,GPR + Physchem,0.6568772554413377,-0.3095939752612755
50,SDA_BACSU_Tsuboyama_2023_1PV0,Test MAE,GPR + N-gram,GPR + Physchem,0.6148316398140146,-0.33051402583857104
50,SOX30_HUMAN_Tsuboyama_2023_7JJK,Test MAE,GPR + ESM2,GPR + Morgan,0.001,-0.17528077358363042
50,SOX30_HUMAN_Tsuboyama_2023_7JJK,Test MAE,GPR + ESM2,GPR + N-gram,0.001,-0.1620696972860744
50,SOX30_HUMAN_Tsuboyama_2023_7JJK,Test MAE,GPR + ESM2,GPR + Physchem,0.001,-0.16107393446925805
50,SOX30_HUMAN_Tsuboyama_2023_7JJK,Test MAE,GPR + Morgan,GPR + N-gram,0.8436652891413359,0.013211076297556024
50,SOX30_HUMAN_Tsuboyama_2023_7JJK,Test MAE,GPR + Morgan,GPR + Physchem,0.8108438355119605,0.014206839114372372
50,SOX30_HUMAN_Tsuboyama_2023_7JJK,Test MAE,GPR + N-gram,GPR + Physchem,0.9,0.000995762816816348
50,YNZC_BACSU_Tsuboyama_2023_2JVD,Test MAE,GPR + ESM2,GPR + Morgan,0.001,-0.3549629500072785
50,YNZC_BACSU_Tsuboyama_2023_2JVD,Test MAE,GPR + ESM2,GPR + N-gram,0.001,-0.49755784854139085
50,YNZC_BACSU_Tsuboyama_2023_2JVD,Test MAE,GPR + ESM2,GPR + Physchem,0.001,-0.23087795468731998
50,YNZC_BACSU_Tsuboyama_2023_2JVD,Test MAE,GPR + Morgan,GPR + N-gram,0.022016229598991965,-0.14259489853411234
50,YNZC_BACSU_Tsuboyama_2023_2JVD,Test MAE,GPR + Morgan,GPR + Physchem,0.05460145690892271,0.12408499531995854
50,YNZC_BACSU_Tsuboyama_2023_2JVD,Test MAE,GPR + N-gram,GPR + Physchem,0.001,0.26667989385407087
75,A0A247D711_LISMN_Stadelmann_2021,Test MAE,GPR + ESM2,GPR + Morgan,0.03387942165968716,-0.20802515674338418
75,A0A247D711_LISMN_Stadelmann_2021,Test MAE,GPR + ESM2,GPR + N-gram,0.7894093992446339,-0.06362113793636515
75,A0A247D711_LISMN_Stadelmann_2021,Test MAE,GPR + ESM2,GPR + Physchem,0.8605087926260744,-0.05438347556201484
75,A0A247D711_LISMN_Stadelmann_2021,Test MAE,GPR + Morgan,GPR + N-gram,0.20540110379837406,0.14440401880701903
75,A0A247D711_LISMN_Stadelmann_2021,Test MAE,GPR + Morgan,GPR + Physchem,0.1632341488690745,0.15364168118136934
75,A0A247D711_LISMN_Stadelmann_2021,Test MAE,GPR + N-gram,GPR + Physchem,0.9,0.009237662374350308
75,DN7A_SACS2_Tsuboyama_2023_1JIC,Test MAE,GPR + ESM2,GPR + Morgan,0.001,-0.27045199032565326
75,DN7A_SACS2_Tsuboyama_2023_1JIC,Test MAE,GPR + ESM2,GPR + N-gram,0.001,-0.2123850780525084
75,DN7A_SACS2_Tsuboyama_2023_1JIC,Test MAE,GPR + ESM2,GPR + Physchem,0.001,-0.1424566495783901
75,DN7A_SACS2_Tsuboyama_2023_1JIC,Test MAE,GPR + Morgan,GPR + N-gram,0.1915267802353987,0.058066912273144866
75,DN7A_SACS2_Tsuboyama_2023_1JIC,Test MAE,GPR + Morgan,GPR + Physchem,0.001,0.12799534074726315
75,DN7A_SACS2_Tsuboyama_2023_1JIC,Test MAE,GPR + N-gram,GPR + Physchem,0.08581775279078663,0.06992842847411829
75,ENVZ_ECOLI_Ghose_2023,Test MAE,GPR + ESM2,GPR + Morgan,0.17289838192560858,-0.03923841261891381
75,ENVZ_ECOLI_Ghose_2023,Test MAE,GPR + ESM2,GPR + N-gram,0.4723947128343463,-0.02713495222955864
75,ENVZ_ECOLI_Ghose_2023,Test MAE,GPR + ESM2,GPR + Physchem,0.001,-0.09192747395223666
75,ENVZ_ECOLI_Ghose_2023,Test MAE,GPR + Morgan,GPR + N-gram,0.9,0.01210346038935517
75,ENVZ_ECOLI_Ghose_2023,Test MAE,GPR + Morgan,GPR + Physchem,0.03934214759804644,-0.05268906133332285
75,ENVZ_ECOLI_Ghose_2023,Test MAE,GPR + N-gram,GPR + Physchem,0.008385962224582766,-0.06479252172267802
75,FKBP3_HUMAN_Tsuboyama_2023_2KFV,Test MAE,GPR + ESM2,GPR + Morgan,0.5167562471457676,-0.017192240985285934
75,FKBP3_HUMAN_Tsuboyama_2023_2KFV,Test MAE,GPR + ESM2,GPR + N-gram,0.5974363103822948,0.015372728495246957
75,FKBP3_HUMAN_Tsuboyama_2023_2KFV,Test MAE,GPR + ESM2,GPR + Physchem,0.4807698012536298,0.017989557240289167
75,FKBP3_HUMAN_Tsuboyama_2023_2KFV,Test MAE,GPR + Morgan,GPR + N-gram,0.06354203813780424,0.03256496948053289
75,FKBP3_HUMAN_Tsuboyama_2023_2KFV,Test MAE,GPR + Morgan,GPR + Physchem,0.04008050527331197,0.0351817982255751
75,FKBP3_HUMAN_Tsuboyama_2023_2KFV,Test MAE,GPR + N-gram,GPR + Physchem,0.9,0.00261682874504221
75,MAFG_MOUSE_Tsuboyama_2023_1K1V,Test MAE,GPR + ESM2,GPR + Morgan,0.001,-0.2689064282507375
75,MAFG_MOUSE_Tsuboyama_2023_1K1V,Test MAE,GPR + ESM2,GPR + N-gram,0.001,-0.1748370693562955
75,MAFG_MOUSE_Tsuboyama_2023_1K1V,Test MAE,GPR + ESM2,GPR + Physchem,0.001,-0.2400766048425904
75,MAFG_MOUSE_Tsuboyama_2023_1K1V,Test MAE,GPR + Morgan,GPR + N-gram,0.001,0.09406935889444201
75,MAFG_MOUSE_Tsuboyama_2023_1K1V,Test MAE,GPR + Morgan,GPR + Physchem,0.3997704049234917,0.028829823408147104
75,MAFG_MOUSE_Tsuboyama_2023_1K1V,Test MAE,GPR + N-gram,GPR + Physchem,0.006391214720929184,-0.06523953548629491
75,POLG_PESV_Tsuboyama_2023_2MXD,Test MAE,GPR + ESM2,GPR + Morgan,0.001,-0.38390732635981484
75,POLG_PESV_Tsuboyama_2023_2MXD,Test MAE,GPR + ESM2,GPR + N-gram,0.001,-0.5284596013381483
75,POLG_PESV_Tsuboyama_2023_2MXD,Test MAE,GPR + ESM2,GPR + Physchem,0.001,-0.2436576650504162
75,POLG_PESV_Tsuboyama_2023_2MXD,Test MAE,GPR + Morgan,GPR + N-gram,0.001,-0.14455227497833345
75,POLG_PESV_Tsuboyama_2023_2MXD,Test MAE,GPR + Morgan,GPR + Physchem,0.001,0.14024966130939864
75,POLG_PESV_Tsuboyama_2023_2MXD,Test MAE,GPR + N-gram,GPR + Physchem,0.001,0.2848019362877321
75,SBI_STAAM_Tsuboyama_2023_2JVG,Test MAE,GPR + ESM2,GPR + Morgan,0.0024092118797996998,-0.24841258718508907
75,SBI_STAAM_Tsuboyama_2023_2JVG,Test MAE,GPR + ESM2,GPR + N-gram,0.3049210247900014,-0.11074600833564363
75,SBI_STAAM_Tsuboyama_2023_2JVG,Test MAE,GPR + ESM2,GPR + Physchem,0.10583869822936631,-0.14796917333787085
75,SBI_STAAM_Tsuboyama_2023_2JVG,Test MAE,GPR + Morgan,GPR + N-gram,0.14552841051692023,0.13766657884944544
75,SBI_STAAM_Tsuboyama_2023_2JVG,Test MAE,GPR + Morgan,GPR + Physchem,0.3890203006427079,0.10044341384721822
75,SBI_STAAM_Tsuboyama_2023_2JVG,Test MAE,GPR + N-gram,GPR + Physchem,0.9,-0.03722316500222722
75,SDA_BACSU_Tsuboyama_2023_1PV0,Test MAE,GPR + ESM2,GPR + Morgan,0.024380171404209672,-0.6051675505768745
75,SDA_BACSU_Tsuboyama_2023_1PV0,Test MAE,GPR + ESM2,GPR + N-gram,0.2147447883596939,-0.3952916162637429
75,SDA_BACSU_Tsuboyama_2023_1PV0,Test MAE,GPR + ESM2,GPR + Physchem,0.0035800453642234054,-0.7602092060258742
75,SDA_BACSU_Tsuboyama_2023_1PV0,Test MAE,GPR + Morgan,GPR + N-gram,0.6965012714890448,0.20987593431313167
75,SDA_BACSU_Tsuboyama_2023_1PV0,Test MAE,GPR + Morgan,GPR + Physchem,0.8487099628301928,-0.15504165544899962
75,SDA_BACSU_Tsuboyama_2023_1PV0,Test MAE,GPR + N-gram,GPR + Physchem,0.27658017228724296,-0.3649175897621313
75,SOX30_HUMAN_Tsuboyama_2023_7JJK,Test MAE,GPR + ESM2,GPR + Morgan,0.001,-0.20807699207571112
75,SOX30_HUMAN_Tsuboyama_2023_7JJK,Test MAE,GPR + ESM2,GPR + N-gram,0.001,-0.16663598343244962
75,SOX30_HUMAN_Tsuboyama_2023_7JJK,Test MAE,GPR + ESM2,GPR + Physchem,0.001,-0.1922849615240308
75,SOX30_HUMAN_Tsuboyama_2023_7JJK,Test MAE,GPR + Morgan,GPR + N-gram,0.0031424067431369274,0.0414410086432615
75,SOX30_HUMAN_Tsuboyama_2023_7JJK,Test MAE,GPR + Morgan,GPR + Physchem,0.4630425179935981,0.015792030551680325
75,SOX30_HUMAN_Tsuboyama_2023_7JJK,Test MAE,GPR + N-gram,GPR + Physchem,0.09987098083978374,-0.025648978091581176
75,YNZC_BACSU_Tsuboyama_2023_2JVD,Test MAE,GPR + ESM2,GPR + Morgan,0.001,-0.3705083955310473
75,YNZC_BACSU_Tsuboyama_2023_2JVD,Test MAE,GPR + ESM2,GPR + N-gram,0.001,-0.35311261838894836
75,YNZC_BACSU_Tsuboyama_2023_2JVD,Test MAE,GPR + ESM2,GPR + Physchem,0.001,-0.24228199077027412
75,YNZC_BACSU_Tsuboyama_2023_2JVD,Test MAE,GPR + Morgan,GPR + N-gram,0.8982440557561264,0.017395777142098945
75,YNZC_BACSU_Tsuboyama_2023_2JVD,Test MAE,GPR + Morgan,GPR + Physchem,0.001,0.12822640476077318
75,YNZC_BACSU_Tsuboyama_2023_2JVD,Test MAE,GPR + N-gram,GPR + Physchem,0.001,0.11083062761867424
100,A0A247D711_LISMN_Stadelmann_2021,Test MAE,GPR + ESM2,GPR + Morgan,0.001,-0.11634738342369588
100,A0A247D711_LISMN_Stadelmann_2021,Test MAE,GPR + ESM2,GPR + N-gram,0.001,-0.08281491740366076
100,A0A247D711_LISMN_Stadelmann_2021,Test MAE,GPR + ESM2,GPR + Physchem,0.001,-0.0865119516977636
100,A0A247D711_LISMN_Stadelmann_2021,Test MAE,GPR + Morgan,GPR + N-gram,0.1604446093767603,0.03353246602003512
100,A0A247D711_LISMN_Stadelmann_2021,Test MAE,GPR + Morgan,GPR + Physchem,0.2430003465403674,0.029835431725932282
100,A0A247D711_LISMN_Stadelmann_2021,Test MAE,GPR + N-gram,GPR + Physchem,0.9,-0.003697034294102841
100,DN7A_SACS2_Tsuboyama_2023_1JIC,Test MAE,GPR + ESM2,GPR + Morgan,0.001,-0.29778299472596503
100,DN7A_SACS2_Tsuboyama_2023_1JIC,Test MAE,GPR + ESM2,GPR + N-gram,0.001,-0.27777878638752507
100,DN7A_SACS2_Tsuboyama_2023_1JIC,Test MAE,GPR + ESM2,GPR + Physchem,0.001,-0.20023450123177078
100,DN7A_SACS2_Tsuboyama_2023_1JIC,Test MAE,GPR + Morgan,GPR + N-gram,0.9,0.020004208338439966
100,DN7A_SACS2_Tsuboyama_2023_1JIC,Test MAE,GPR + Morgan,GPR + Physchem,0.02064190412100597,0.09754849349419425
100,DN7A_SACS2_Tsuboyama_2023_1JIC,Test MAE,GPR + N-gram,GPR + Physchem,0.08531416950163206,0.07754428515575429
100,ENVZ_ECOLI_Ghose_2023,Test MAE,GPR + ESM2,GPR + Morgan,0.058544366782016355,-0.04652848881597549
100,ENVZ_ECOLI_Ghose_2023,Test MAE,GPR + ESM2,GPR + N-gram,0.802480133373388,-0.015137119005622757
100,ENVZ_ECOLI_Ghose_2023,Test MAE,GPR + ESM2,GPR + Physchem,0.001,-0.09100036637024034
100,ENVZ_ECOLI_Ghose_2023,Test MAE,GPR + Morgan,GPR + N-gram,0.29666869032611687,0.03139136981035273
100,ENVZ_ECOLI_Ghose_2023,Test MAE,GPR + Morgan,GPR + Physchem,0.07516076794875926,-0.04447187755426485
100,ENVZ_ECOLI_Ghose_2023,Test MAE,GPR + N-gram,GPR + Physchem,0.001,-0.07586324736461758
100,FKBP3_HUMAN_Tsuboyama_2023_2KFV,Test MAE,GPR + ESM2,GPR + Morgan,0.003940550609710991,-0.05678030595258765
100,FKBP3_HUMAN_Tsuboyama_2023_2KFV,Test MAE,GPR + ESM2,GPR + N-gram,0.860077348361907,-0.011386683311886081
100,FKBP3_HUMAN_Tsuboyama_2023_2KFV,Test MAE,GPR + ESM2,GPR + Physchem,0.8056197566990787,-0.012866568901880426
100,FKBP3_HUMAN_Tsuboyama_2023_2KFV,Test MAE,GPR + Morgan,GPR + N-gram,0.02537124845817562,0.04539362264070157
100,FKBP3_HUMAN_Tsuboyama_2023_2KFV,Test MAE,GPR + Morgan,GPR + Physchem,0.03186262572140741,0.043913737050707224
100,FKBP3_HUMAN_Tsuboyama_2023_2KFV,Test MAE,GPR + N-gram,GPR + Physchem,0.9,-0.0014798855899943453
100,MAFG_MOUSE_Tsuboyama_2023_1K1V,Test MAE,GPR + ESM2,GPR + Morgan,0.001,-0.29154741605042245
100,MAFG_MOUSE_Tsuboyama_2023_1K1V,Test MAE,GPR + ESM2,GPR + N-gram,0.001,-0.1531908085743272
100,MAFG_MOUSE_Tsuboyama_2023_1K1V,Test MAE,GPR + ESM2,GPR + Physchem,0.001,-0.23452164848688617
100,MAFG_MOUSE_Tsuboyama_2023_1K1V,Test MAE,GPR + Morgan,GPR + N-gram,0.001,0.13835660747609524
100,MAFG_MOUSE_Tsuboyama_2023_1K1V,Test MAE,GPR + Morgan,GPR + Physchem,0.001,0.05702576756353628
100,MAFG_MOUSE_Tsuboyama_2023_1K1V,Test MAE,GPR + N-gram,GPR + Physchem,0.001,-0.08133083991255896
100,POLG_PESV_Tsuboyama_2023_2MXD,Test MAE,GPR + ESM2,GPR + Morgan,0.001,-0.402303775181045
100,POLG_PESV_Tsuboyama_2023_2MXD,Test MAE,GPR + ESM2,GPR + N-gram,0.001,-0.39305043815794827
100,POLG_PESV_Tsuboyama_2023_2MXD,Test MAE,GPR + ESM2,GPR + Physchem,0.001,-0.2674163213777464
100,POLG_PESV_Tsuboyama_2023_2MXD,Test MAE,GPR + Morgan,GPR + N-gram,0.9,0.00925333702309672
100,POLG_PESV_Tsuboyama_2023_2MXD,Test MAE,GPR + Morgan,GPR + Physchem,0.001,0.13488745380329858
100,POLG_PESV_Tsuboyama_2023_2MXD,Test MAE,GPR + N-gram,GPR + Physchem,0.001,0.12563411678020187
100,SBI_STAAM_Tsuboyama_2023_2JVG,Test MAE,GPR + ESM2,GPR + Morgan,0.001,-0.16218309127901215
100,SBI_STAAM_Tsuboyama_2023_2JVG,Test MAE,GPR + ESM2,GPR + N-gram,0.001,-0.11122297039274626
100,SBI_STAAM_Tsuboyama_2023_2JVG,Test MAE,GPR + ESM2,GPR + Physchem,0.001,-0.15336184084214605
100,SBI_STAAM_Tsuboyama_2023_2JVG,Test MAE,GPR + Morgan,GPR + N-gram,0.001,0.05096012088626589
100,SBI_STAAM_Tsuboyama_2023_2JVG,Test MAE,GPR + Morgan,GPR + Physchem,0.7867563508151685,0.008821250436866102
100,SBI_STAAM_Tsuboyama_2023_2JVG,Test MAE,GPR + N-gram,GPR + Physchem,0.0011497794705718212,-0.04213887044939979
100,SDA_BACSU_Tsuboyama_2023_1PV0,Test MAE,GPR + ESM2,GPR + Morgan,0.001,-0.6194058569682543
100,SDA_BACSU_Tsuboyama_2023_1PV0,Test MAE,GPR + ESM2,GPR + N-gram,0.001,-0.3500814436104792
100,SDA_BACSU_Tsuboyama_2023_1PV0,Test MAE,GPR + ESM2,GPR + Physchem,0.001,-0.4468558208058284
100,SDA_BACSU_Tsuboyama_2023_1PV0,Test MAE,GPR + Morgan,GPR + N-gram,0.001,0.2693244133577751
100,SDA_BACSU_Tsuboyama_2023_1PV0,Test MAE,GPR + Morgan,GPR + Physchem,0.01832731952159794,0.17255003616242592
100,SDA_BACSU_Tsuboyama_2023_1PV0,Test MAE,GPR + N-gram,GPR + Physchem,0.3040126801480463,-0.0967743771953492
100,SOX30_HUMAN_Tsuboyama_2023_7JJK,Test MAE,GPR + ESM2,GPR + Morgan,0.001,-0.21977020067777203
100,SOX30_HUMAN_Tsuboyama_2023_7JJK,Test MAE,GPR + ESM2,GPR + N-gram,0.001,-0.1637694114446427
100,SOX30_HUMAN_Tsuboyama_2023_7JJK,Test MAE,GPR + ESM2,GPR + Physchem,0.001,-0.2121257931818597
100,SOX30_HUMAN_Tsuboyama_2023_7JJK,Test MAE,GPR + Morgan,GPR + N-gram,0.001,0.056000789233129344
100,SOX30_HUMAN_Tsuboyama_2023_7JJK,Test MAE,GPR + Morgan,GPR + Physchem,0.8469734733790417,0.007644407495912331
100,SOX30_HUMAN_Tsuboyama_2023_7JJK,Test MAE,GPR + N-gram,GPR + Physchem,0.001,-0.048356381737217013
100,YNZC_BACSU_Tsuboyama_2023_2JVD,Test MAE,GPR + ESM2,GPR + Morgan,0.001,-0.36953641411457305
100,YNZC_BACSU_Tsuboyama_2023_2JVD,Test MAE,GPR + ESM2,GPR + N-gram,0.001,-0.24612669598551495
100,YNZC_BACSU_Tsuboyama_2023_2JVD,Test MAE,GPR + ESM2,GPR + Physchem,0.001,-0.2490717114140617
100,YNZC_BACSU_Tsuboyama_2023_2JVD,Test MAE,GPR + Morgan,GPR + N-gram,0.001,0.1234097181290581
100,YNZC_BACSU_Tsuboyama_2023_2JVD,Test MAE,GPR + Morgan,GPR + Physchem,0.001,0.12046470270051135
100,YNZC_BACSU_Tsuboyama_2023_2JVD,Test MAE,GPR + N-gram,GPR + Physchem,0.9,-0.002945015428546749
200,A0A247D711_LISMN_Stadelmann_2021,Test MAE,GPR + ESM2,GPR + Morgan,0.001,-0.15797671952191372
200,A0A247D711_LISMN_Stadelmann_2021,Test MAE,GPR + ESM2,GPR + N-gram,0.001,-0.0871262053081745
200,A0A247D711_LISMN_Stadelmann_2021,Test MAE,GPR + ESM2,GPR + Physchem,0.001,-0.1091107123437568
200,A0A247D711_LISMN_Stadelmann_2021,Test MAE,GPR + Morgan,GPR + N-gram,0.001,0.07085051421373922
200,A0A247D711_LISMN_Stadelmann_2021,Test MAE,GPR + Morgan,GPR + Physchem,0.01157672741159066,0.04886600717815692
200,A0A247D711_LISMN_Stadelmann_2021,Test MAE,GPR + N-gram,GPR + Physchem,0.4441427135937849,-0.0219845070355823
200,DN7A_SACS2_Tsuboyama_2023_1JIC,Test MAE,GPR + ESM2,GPR + Morgan,0.001,-0.3682029580371933
200,DN7A_SACS2_Tsuboyama_2023_1JIC,Test MAE,GPR + ESM2,GPR + N-gram,0.001,-0.31339772487955453
200,DN7A_SACS2_Tsuboyama_2023_1JIC,Test MAE,GPR + ESM2,GPR + Physchem,0.001,-0.2813168083552219
200,DN7A_SACS2_Tsuboyama_2023_1JIC,Test MAE,GPR + Morgan,GPR + N-gram,0.02435018714350401,0.054805233157638744
200,DN7A_SACS2_Tsuboyama_2023_1JIC,Test MAE,GPR + Morgan,GPR + Physchem,0.001,0.08688614968197139
200,DN7A_SACS2_Tsuboyama_2023_1JIC,Test MAE,GPR + N-gram,GPR + Physchem,0.3007632373474821,0.03208091652433265
200,ENVZ_ECOLI_Ghose_2023,Test MAE,GPR + ESM2,GPR + Morgan,0.001,-0.05813018457081376
200,ENVZ_ECOLI_Ghose_2023,Test MAE,GPR + ESM2,GPR + N-gram,0.6020696533474198,-0.015267836820218372
200,ENVZ_ECOLI_Ghose_2023,Test MAE,GPR + ESM2,GPR + Physchem,0.001,-0.10916526054248743
200,ENVZ_ECOLI_Ghose_2023,Test MAE,GPR + Morgan,GPR + N-gram,0.00931420097447766,0.042862347750595386
200,ENVZ_ECOLI_Ghose_2023,Test MAE,GPR + Morgan,GPR + Physchem,0.0017507022330650601,-0.05103507597167367
200,ENVZ_ECOLI_Ghose_2023,Test MAE,GPR + N-gram,GPR + Physchem,0.001,-0.09389742372226906
200,FKBP3_HUMAN_Tsuboyama_2023_2KFV,Test MAE,GPR + ESM2,GPR + Morgan,0.001,-0.11133193253935492
200,FKBP3_HUMAN_Tsuboyama_2023_2KFV,Test MAE,GPR + ESM2,GPR + N-gram,0.001,-0.05419389694826193
200,FKBP3_HUMAN_Tsuboyama_2023_2KFV,Test MAE,GPR + ESM2,GPR + Physchem,0.0018402884436475864,-0.04621207743324307
200,FKBP3_HUMAN_Tsuboyama_2023_2KFV,Test MAE,GPR + Morgan,GPR + N-gram,0.001,0.057138035591092984
200,FKBP3_HUMAN_Tsuboyama_2023_2KFV,Test MAE,GPR + Morgan,GPR + Physchem,0.001,0.06511985510611185
200,FKBP3_HUMAN_Tsuboyama_2023_2KFV,Test MAE,GPR + N-gram,GPR + Physchem,0.8900487724221559,0.007981819515018862
200,MAFG_MOUSE_Tsuboyama_2023_1K1V,Test MAE,GPR + ESM2,GPR + Morgan,0.001,-0.3120199788628008
200,MAFG_MOUSE_Tsuboyama_2023_1K1V,Test MAE,GPR + ESM2,GPR + N-gram,0.001,-0.13801238575486569
200,MAFG_MOUSE_Tsuboyama_2023_1K1V,Test MAE,GPR + ESM2,GPR + Physchem,0.001,-0.2451170026293003
200,MAFG_MOUSE_Tsuboyama_2023_1K1V,Test MAE,GPR + Morgan,GPR + N-gram,0.001,0.17400759310793512
200,MAFG_MOUSE_Tsuboyama_2023_1K1V,Test MAE,GPR + Morgan,GPR + Physchem,0.001,0.0669029762335005
200,MAFG_MOUSE_Tsuboyama_2023_1K1V,Test MAE,GPR + N-gram,GPR + Physchem,0.001,-0.10710461687443462
200,POLG_PESV_Tsuboyama_2023_2MXD,Test MAE,GPR + ESM2,GPR + Morgan,0.001,-0.44081519517803036
200,POLG_PESV_Tsuboyama_2023_2MXD,Test MAE,GPR + ESM2,GPR + N-gram,0.001,-0.2050391012382129
200,POLG_PESV_Tsuboyama_2023_2MXD,Test MAE,GPR + ESM2,GPR + Physchem,0.001,-0.28975436573537583
200,POLG_PESV_Tsuboyama_2023_2MXD,Test MAE,GPR + Morgan,GPR + N-gram,0.001,0.23577609393981747
200,POLG_PESV_Tsuboyama_2023_2MXD,Test MAE,GPR + Morgan,GPR + Physchem,0.001,0.15106082944265453
200,POLG_PESV_Tsuboyama_2023_2MXD,Test MAE,GPR + N-gram,GPR + Physchem,0.001,-0.08471526449716293
200,SBI_STAAM_Tsuboyama_2023_2JVG,Test MAE,GPR + ESM2,GPR + Morgan,0.001,-0.21177680458166764
200,SBI_STAAM_Tsuboyama_2023_2JVG,Test MAE,GPR + ESM2,GPR + N-gram,0.001,-0.1707703633918915
200,SBI_STAAM_Tsuboyama_2023_2JVG,Test MAE,GPR + ESM2,GPR + Physchem,0.001,-0.21221038013950505
200,SBI_STAAM_Tsuboyama_2023_2JVG,Test MAE,GPR + Morgan,GPR + N-gram,0.001,0.041006441189776144
200,SBI_STAAM_Tsuboyama_2023_2JVG,Test MAE,GPR + Morgan,GPR + Physchem,0.9,-0.00043357555783740676
200,SBI_STAAM_Tsuboyama_2023_2JVG,Test MAE,GPR + N-gram,GPR + Physchem,0.001,-0.04144001674761355
200,SDA_BACSU_Tsuboyama_2023_1PV0,Test MAE,GPR + ESM2,GPR + Morgan,0.001,-0.6317304171797047
200,SDA_BACSU_Tsuboyama_2023_1PV0,Test MAE,GPR + ESM2,GPR + N-gram,0.001,-0.27922820255166964
200,SDA_BACSU_Tsuboyama_2023_1PV0,Test MAE,GPR + ESM2,GPR + Physchem,0.001,-0.3529511185817054
200,SDA_BACSU_Tsuboyama_2023_1PV0,Test MAE,GPR + Morgan,GPR + N-gram,0.001,0.3525022146280351
200,SDA_BACSU_Tsuboyama_2023_1PV0,Test MAE,GPR + Morgan,GPR + Physchem,0.001,0.2787792985979993
200,SDA_BACSU_Tsuboyama_2023_1PV0,Test MAE,GPR + N-gram,GPR + Physchem,0.001,-0.07372291603003578
200,SOX30_HUMAN_Tsuboyama_2023_7JJK,Test MAE,GPR + ESM2,GPR + Morgan,0.001,-0.2694364346741677
200,SOX30_HUMAN_Tsuboyama_2023_7JJK,Test MAE,GPR + ESM2,GPR + N-gram,0.001,-0.214879902752439
200,SOX30_HUMAN_Tsuboyama_2023_7JJK,Test MAE,GPR + ESM2,GPR + Physchem,0.001,-0.26665476346930256
200,SOX30_HUMAN_Tsuboyama_2023_7JJK,Test MAE,GPR + Morgan,GPR + N-gram,0.001,0.05455653192172871
200,SOX30_HUMAN_Tsuboyama_2023_7JJK,Test MAE,GPR + Morgan,GPR + Physchem,0.9,0.002781671204865166
200,SOX30_HUMAN_Tsuboyama_2023_7JJK,Test MAE,GPR + N-gram,GPR + Physchem,0.001,-0.05177486071686355
200,YNZC_BACSU_Tsuboyama_2023_2JVD,Test MAE,GPR + ESM2,GPR + Morgan,0.001,-0.3703125369977824
200,YNZC_BACSU_Tsuboyama_2023_2JVD,Test MAE,GPR + ESM2,GPR + N-gram,0.001,-0.16274480121955465
200,YNZC_BACSU_Tsuboyama_2023_2JVD,Test MAE,GPR + ESM2,GPR + Physchem,0.001,-0.24289249755784575
200,YNZC_BACSU_Tsuboyama_2023_2JVD,Test MAE,GPR + Morgan,GPR + N-gram,0.001,0.20756773577822774
200,YNZC_BACSU_Tsuboyama_2023_2JVD,Test MAE,GPR + Morgan,GPR + Physchem,0.001,0.12742003943993663
200,YNZC_BACSU_Tsuboyama_2023_2JVD,Test MAE,GPR + N-gram,GPR + Physchem,0.001,-0.08014769633829111
350,A0A247D711_LISMN_Stadelmann_2021,Test MAE,GPR + ESM2,GPR + Morgan,0.001,-0.1965692788289337
350,A0A247D711_LISMN_Stadelmann_2021,Test MAE,GPR + ESM2,GPR + N-gram,0.001,-0.12045804612798183
350,A0A247D711_LISMN_Stadelmann_2021,Test MAE,GPR + ESM2,GPR + Physchem,0.001,-0.11869659681605571
350,A0A247D711_LISMN_Stadelmann_2021,Test MAE,GPR + Morgan,GPR + N-gram,0.001,0.07611123270095188
350,A0A247D711_LISMN_Stadelmann_2021,Test MAE,GPR + Morgan,GPR + Physchem,0.001,0.077872682012878
350,A0A247D711_LISMN_Stadelmann_2021,Test MAE,GPR + N-gram,GPR + Physchem,0.9,0.001761449311926122
350,DN7A_SACS2_Tsuboyama_2023_1JIC,Test MAE,GPR + ESM2,GPR + Morgan,0.001,-0.42360118605978075
350,DN7A_SACS2_Tsuboyama_2023_1JIC,Test MAE,GPR + ESM2,GPR + N-gram,0.001,-0.3717319131700538
350,DN7A_SACS2_Tsuboyama_2023_1JIC,Test MAE,GPR + ESM2,GPR + Physchem,0.001,-0.2830883407261409
350,DN7A_SACS2_Tsuboyama_2023_1JIC,Test MAE,GPR + Morgan,GPR + N-gram,0.001,0.05186927288972698
350,DN7A_SACS2_Tsuboyama_2023_1JIC,Test MAE,GPR + Morgan,GPR + Physchem,0.001,0.14051284533363984
350,DN7A_SACS2_Tsuboyama_2023_1JIC,Test MAE,GPR + N-gram,GPR + Physchem,0.001,0.08864357244391285
350,ENVZ_ECOLI_Ghose_2023,Test MAE,GPR + ESM2,GPR + Morgan,0.001,-0.11162378194997802
350,ENVZ_ECOLI_Ghose_2023,Test MAE,GPR + ESM2,GPR + N-gram,0.001,-0.06674394815248219
350,ENVZ_ECOLI_Ghose_2023,Test MAE,GPR + ESM2,GPR + Physchem,0.001,-0.13786054602235276
350,ENVZ_ECOLI_Ghose_2023,Test MAE,GPR + Morgan,GPR + N-gram,0.014447333030957465,0.04487983379749583
350,ENVZ_ECOLI_Ghose_2023,Test MAE,GPR + Morgan,GPR + Physchem,0.24565216966116143,-0.02623676407237474
350,ENVZ_ECOLI_Ghose_2023,Test MAE,GPR + N-gram,GPR + Physchem,0.001,-0.07111659786987057
350,FKBP3_HUMAN_Tsuboyama_2023_2KFV,Test MAE,GPR + ESM2,GPR + Morgan,0.001,-0.1617477125740424
350,FKBP3_HUMAN_Tsuboyama_2023_2KFV,Test MAE,GPR + ESM2,GPR + N-gram,0.001,-0.12487510270952296
350,FKBP3_HUMAN_Tsuboyama_2023_2KFV,Test MAE,GPR + ESM2,GPR + Physchem,0.001,-0.08881475623263735
350,FKBP3_HUMAN_Tsuboyama_2023_2KFV,Test MAE,GPR + Morgan,GPR + N-gram,0.015075420522425498,0.03687260986451946
350,FKBP3_HUMAN_Tsuboyama_2023_2KFV,Test MAE,GPR + Morgan,GPR + Physchem,0.001,0.07293295634140506
350,FKBP3_HUMAN_Tsuboyama_2023_2KFV,Test MAE,GPR + N-gram,GPR + Physchem,0.01789640702999651,0.03606034647688561
350,MAFG_MOUSE_Tsuboyama_2023_1K1V,Test MAE,GPR + ESM2,GPR + Morgan,0.001,-0.3390042571226817
350,MAFG_MOUSE_Tsuboyama_2023_1K1V,Test MAE,GPR + ESM2,GPR + N-gram,0.001,-0.13872405327090773
350,MAFG_MOUSE_Tsuboyama_2023_1K1V,Test MAE,GPR + ESM2,GPR + Physchem,0.001,-0.26079690673760003
350,MAFG_MOUSE_Tsuboyama_2023_1K1V,Test MAE,GPR + Morgan,GPR + N-gram,0.001,0.20028020385177392
350,MAFG_MOUSE_Tsuboyama_2023_1K1V,Test MAE,GPR + Morgan,GPR + Physchem,0.001,0.07820735038508159
350,MAFG_MOUSE_Tsuboyama_2023_1K1V,Test MAE,GPR + N-gram,GPR + Physchem,0.001,-0.12207285346669233
350,POLG_PESV_Tsuboyama_2023_2MXD,Test MAE,GPR + ESM2,GPR + Morgan,0.001,-0.4660878526699171
350,POLG_PESV_Tsuboyama_2023_2MXD,Test MAE,GPR + ESM2,GPR + N-gram,0.001,-0.14385239767345404
350,POLG_PESV_Tsuboyama_2023_2MXD,Test MAE,GPR + ESM2,GPR + Physchem,0.001,-0.3296657247891365
350,POLG_PESV_Tsuboyama_2023_2MXD,Test MAE,GPR + Morgan,GPR + N-gram,0.001,0.32223545499646306
350,POLG_PESV_Tsuboyama_2023_2MXD,Test MAE,GPR + Morgan,GPR + Physchem,0.001,0.13642212788078056
350,POLG_PESV_Tsuboyama_2023_2MXD,Test MAE,GPR + N-gram,GPR + Physchem,0.001,-0.1858133271156825
350,SBI_STAAM_Tsuboyama_2023_2JVG,Test MAE,GPR + ESM2,GPR + Morgan,0.001,-0.24469825734995354
350,SBI_STAAM_Tsuboyama_2023_2JVG,Test MAE,GPR + ESM2,GPR + N-gram,0.001,-0.21249315797054302
350,SBI_STAAM_Tsuboyama_2023_2JVG,Test MAE,GPR + ESM2,GPR + Physchem,0.001,-0.2407695435617473
350,SBI_STAAM_Tsuboyama_2023_2JVG,Test MAE,GPR + Morgan,GPR + N-gram,0.001,0.03220509937941052
350,SBI_STAAM_Tsuboyama_2023_2JVG,Test MAE,GPR + Morgan,GPR + Physchem,0.8306878900533463,0.003928713788206251
350,SBI_STAAM_Tsuboyama_2023_2JVG,Test MAE,GPR + N-gram,GPR + Physchem,0.001,-0.028276385591204267
350,SDA_BACSU_Tsuboyama_2023_1PV0,Test MAE,GPR + ESM2,GPR + Morgan,0.001,-0.6573705093479447
350,SDA_BACSU_Tsuboyama_2023_1PV0,Test MAE,GPR + ESM2,GPR + N-gram,0.001,-0.24423215061687917
350,SDA_BACSU_Tsuboyama_2023_1PV0,Test MAE,GPR + ESM2,GPR + Physchem,0.001,-0.37055089038289857
350,SDA_BACSU_Tsuboyama_2023_1PV0,Test MAE,GPR + Morgan,GPR + N-gram,0.001,0.4131383587310655
350,SDA_BACSU_Tsuboyama_2023_1PV0,Test MAE,GPR + Morgan,GPR + Physchem,0.001,0.28681961896504615
350,SDA_BACSU_Tsuboyama_2023_1PV0,Test MAE,GPR + N-gram,GPR + Physchem,0.001,-0.12631873976601937
350,SOX30_HUMAN_Tsuboyama_2023_7JJK,Test MAE,GPR + ESM2,GPR + Morgan,0.001,-0.30313738068386875
350,SOX30_HUMAN_Tsuboyama_2023_7JJK,Test MAE,GPR + ESM2,GPR + N-gram,0.001,-0.25472943268957615
350,SOX30_HUMAN_Tsuboyama_2023_7JJK,Test MAE,GPR + ESM2,GPR + Physchem,0.001,-0.3094912628435066
350,SOX30_HUMAN_Tsuboyama_2023_7JJK,Test MAE,GPR + Morgan,GPR + N-gram,0.001,0.0484079479942926
350,SOX30_HUMAN_Tsuboyama_2023_7JJK,Test MAE,GPR + Morgan,GPR + Physchem,0.8509873554345142,-0.006353882159637836
350,SOX30_HUMAN_Tsuboyama_2023_7JJK,Test MAE,GPR + N-gram,GPR + Physchem,0.001,-0.054761830153930435
350,YNZC_BACSU_Tsuboyama_2023_2JVD,Test MAE,GPR + ESM2,GPR + Morgan,0.001,-0.37904489996174306
350,YNZC_BACSU_Tsuboyama_2023_2JVD,Test MAE,GPR + ESM2,GPR + N-gram,0.001,-0.16216187219014228
350,YNZC_BACSU_Tsuboyama_2023_2JVD,Test MAE,GPR + ESM2,GPR + Physchem,0.001,-0.27040273293923556
350,YNZC_BACSU_Tsuboyama_2023_2JVD,Test MAE,GPR + Morgan,GPR + N-gram,0.001,0.2168830277716008
350,YNZC_BACSU_Tsuboyama_2023_2JVD,Test MAE,GPR + Morgan,GPR + Physchem,0.001,0.10864216702250751
350,YNZC_BACSU_Tsuboyama_2023_2JVD,Test MAE,GPR + N-gram,GPR + Physchem,0.001,-0.10824086074909328
500,A0A247D711_LISMN_Stadelmann_2021,Test MAE,GPR + ESM2,GPR + Morgan,0.001,-0.22611031235668788
500,A0A247D711_LISMN_Stadelmann_2021,Test MAE,GPR + ESM2,GPR + N-gram,0.001,-0.15431193678596788
500,A0A247D711_LISMN_Stadelmann_2021,Test MAE,GPR + ESM2,GPR + Physchem,0.001,-0.12117302266400898
500,A0A247D711_LISMN_Stadelmann_2021,Test MAE,GPR + Morgan,GPR + N-gram,0.001,0.07179837557072
500,A0A247D711_LISMN_Stadelmann_2021,Test MAE,GPR + Morgan,GPR + Physchem,0.001,0.1049372896926789
500,A0A247D711_LISMN_Stadelmann_2021,Test MAE,GPR + N-gram,GPR + Physchem,0.0045630926515106696,0.03313891412195891
500,DN7A_SACS2_Tsuboyama_2023_1JIC,Test MAE,GPR + ESM2,GPR + Morgan,0.001,-0.4431271283225856
500,DN7A_SACS2_Tsuboyama_2023_1JIC,Test MAE,GPR + ESM2,GPR + N-gram,0.001,-0.4123442036473881
500,DN7A_SACS2_Tsuboyama_2023_1JIC,Test MAE,GPR + ESM2,GPR + Physchem,0.001,-0.30678573623305394
500,DN7A_SACS2_Tsuboyama_2023_1JIC,Test MAE,GPR + Morgan,GPR + N-gram,0.0065849744936574695,0.0307829246751975
500,DN7A_SACS2_Tsuboyama_2023_1JIC,Test MAE,GPR + Morgan,GPR + Physchem,0.001,0.13634139208953167
500,DN7A_SACS2_Tsuboyama_2023_1JIC,Test MAE,GPR + N-gram,GPR + Physchem,0.001,0.10555846741433417
500,ENVZ_ECOLI_Ghose_2023,Test MAE,GPR + ESM2,GPR + Morgan,0.001,-0.15704843642087385
500,ENVZ_ECOLI_Ghose_2023,Test MAE,GPR + ESM2,GPR + N-gram,0.001,-0.09745588636730418
500,ENVZ_ECOLI_Ghose_2023,Test MAE,GPR + ESM2,GPR + Physchem,0.001,-0.17351156500703868
500,ENVZ_ECOLI_Ghose_2023,Test MAE,GPR + Morgan,GPR + N-gram,0.001,0.05959255005356967
500,ENVZ_ECOLI_Ghose_2023,Test MAE,GPR + Morgan,GPR + Physchem,0.12624932838676173,-0.016463128586164832
500,ENVZ_ECOLI_Ghose_2023,Test MAE,GPR + N-gram,GPR + Physchem,0.001,-0.0760556786397345
500,FKBP3_HUMAN_Tsuboyama_2023_2KFV,Test MAE,GPR + ESM2,GPR + Morgan,0.001,-0.19394609600250462
500,FKBP3_HUMAN_Tsuboyama_2023_2KFV,Test MAE,GPR + ESM2,GPR + N-gram,0.001,-0.15142377251102207
500,FKBP3_HUMAN_Tsuboyama_2023_2KFV,Test MAE,GPR + ESM2,GPR + Physchem,0.001,-0.10529360824075168
500,FKBP3_HUMAN_Tsuboyama_2023_2KFV,Test MAE,GPR + Morgan,GPR + N-gram,0.001,0.04252232349148255
500,FKBP3_HUMAN_Tsuboyama_2023_2KFV,Test MAE,GPR + Morgan,GPR + Physchem,0.001,0.08865248776175294
500,FKBP3_HUMAN_Tsuboyama_2023_2KFV,Test MAE,GPR + N-gram,GPR + Physchem,0.001,0.04613016427027039
500,MAFG_MOUSE_Tsuboyama_2023_1K1V,Test MAE,GPR + ESM2,GPR + Morgan,0.001,-0.3546941436634721
500,MAFG_MOUSE_Tsuboyama_2023_1K1V,Test MAE,GPR + ESM2,GPR + N-gram,0.001,-0.14696207811753895
500,MAFG_MOUSE_Tsuboyama_2023_1K1V,Test MAE,GPR + ESM2,GPR + Physchem,0.001,-0.2568697565518768
500,MAFG_MOUSE_Tsuboyama_2023_1K1V,Test MAE,GPR + Morgan,GPR + N-gram,0.001,0.20773206554593315
500,MAFG_MOUSE_Tsuboyama_2023_1K1V,Test MAE,GPR + Morgan,GPR + Physchem,0.001,0.09782438711159525
500,MAFG_MOUSE_Tsuboyama_2023_1K1V,Test MAE,GPR + N-gram,GPR + Physchem,0.001,-0.10990767843433791
500,POLG_PESV_Tsuboyama_2023_2MXD,Test MAE,GPR + ESM2,GPR + Morgan,0.001,-0.48836175641037394
500,POLG_PESV_Tsuboyama_2023_2MXD,Test MAE,GPR + ESM2,GPR + N-gram,0.001,-0.12952319491976194
500,POLG_PESV_Tsuboyama_2023_2MXD,Test MAE,GPR + ESM2,GPR + Physchem,0.001,-0.34257060179877696
500,POLG_PESV_Tsuboyama_2023_2MXD,Test MAE,GPR + Morgan,GPR + N-gram,0.001,0.358838561490612
500,POLG_PESV_Tsuboyama_2023_2MXD,Test MAE,GPR + Morgan,GPR + Physchem,0.001,0.14579115461159697
500,POLG_PESV_Tsuboyama_2023_2MXD,Test MAE,GPR + N-gram,GPR + Physchem,0.001,-0.21304740687901502
500,SBI_STAAM_Tsuboyama_2023_2JVG,Test MAE,GPR + ESM2,GPR + Morgan,0.001,-0.2629205877350135
500,SBI_STAAM_Tsuboyama_2023_2JVG,Test MAE,GPR + ESM2,GPR + N-gram,0.001,-0.23762103575346583
500,SBI_STAAM_Tsuboyama_2023_2JVG,Test MAE,GPR + ESM2,GPR + Physchem,0.001,-0.25863164309938524
500,SBI_STAAM_Tsuboyama_2023_2JVG,Test MAE,GPR + Morgan,GPR + N-gram,0.001,0.025299551981547652
500,SBI_STAAM_Tsuboyama_2023_2JVG,Test MAE,GPR + Morgan,GPR + Physchem,0.7124016143376591,0.0042889446356282335
500,SBI_STAAM_Tsuboyama_2023_2JVG,Test MAE,GPR + N-gram,GPR + Physchem,0.001,-0.02101060734591942
500,SDA_BACSU_Tsuboyama_2023_1PV0,Test MAE,GPR + ESM2,GPR + Morgan,0.001,-0.671310533955185
500,SDA_BACSU_Tsuboyama_2023_1PV0,Test MAE,GPR + ESM2,GPR + N-gram,0.001,-0.25840285768776616
500,SDA_BACSU_Tsuboyama_2023_1PV0,Test MAE,GPR + ESM2,GPR + Physchem,0.001,-0.3715682558280754
500,SDA_BACSU_Tsuboyama_2023_1PV0,Test MAE,GPR + Morgan,GPR + N-gram,0.001,0.41290767626741887
500,SDA_BACSU_Tsuboyama_2023_1PV0,Test MAE,GPR + Morgan,GPR + Physchem,0.001,0.29974227812710963
500,SDA_BACSU_Tsuboyama_2023_1PV0,Test MAE,GPR + N-gram,GPR + Physchem,0.001,-0.11316539814030924
500,SOX30_HUMAN_Tsuboyama_2023_7JJK,Test MAE,GPR + ESM2,GPR + Morgan,0.001,-0.3169494567391087
500,SOX30_HUMAN_Tsuboyama_2023_7JJK,Test MAE,GPR + ESM2,GPR + N-gram,0.001,-0.2704794804447407
500,SOX30_HUMAN_Tsuboyama_2023_7JJK,Test MAE,GPR + ESM2,GPR + Physchem,0.001,-0.32909370130987103
500,SOX30_HUMAN_Tsuboyama_2023_7JJK,Test MAE,GPR + Morgan,GPR + N-gram,0.001,0.046469976294368
500,SOX30_HUMAN_Tsuboyama_2023_7JJK,Test MAE,GPR + Morgan,GPR + Physchem,0.16073777392734967,-0.012144244570762353
500,SOX30_HUMAN_Tsuboyama_2023_7JJK,Test MAE,GPR + N-gram,GPR + Physchem,0.001,-0.05861422086513035
500,YNZC_BACSU_Tsuboyama_2023_2JVD,Test MAE,GPR + ESM2,GPR + Morgan,0.001,-0.38421442267084616
500,YNZC_BACSU_Tsuboyama_2023_2JVD,Test MAE,GPR + ESM2,GPR + N-gram,0.001,-0.16018300619396034
500,YNZC_BACSU_Tsuboyama_2023_2JVD,Test MAE,GPR + ESM2,GPR + Physchem,0.001,-0.2715740940446143
500,YNZC_BACSU_Tsuboyama_2023_2JVD,Test MAE,GPR + Morgan,GPR + N-gram,0.001,0.2240314164768858
500,YNZC_BACSU_Tsuboyama_2023_2JVD,Test MAE,GPR + Morgan,GPR + Physchem,0.001,0.11264032862623186
500,YNZC_BACSU_Tsuboyama_2023_2JVD,Test MAE,GPR + N-gram,GPR + Physchem,0.001,-0.11139108785065394
20,A0A247D711_LISMN_Stadelmann_2021,Test R2,GPR + ESM2,GPR + Morgan,0.9,0.02497711455726813
20,A0A247D711_LISMN_Stadelmann_2021,Test R2,GPR + ESM2,GPR + N-gram,0.9,0.013945517557304471
20,A0A247D711_LISMN_Stadelmann_2021,Test R2,GPR + ESM2,GPR + Physchem,0.9,-0.02320110930803576
20,A0A247D711_LISMN_Stadelmann_2021,Test R2,GPR + Morgan,GPR + N-gram,0.9,-0.011031596999963658
20,A0A247D711_LISMN_Stadelmann_2021,Test R2,GPR + Morgan,GPR + Physchem,0.577916324771018,-0.04817822386530389
20,A0A247D711_LISMN_Stadelmann_2021,Test R2,GPR + N-gram,GPR + Physchem,0.7384635196604976,-0.03714662686534023
20,DN7A_SACS2_Tsuboyama_2023_1JIC,Test R2,GPR + ESM2,GPR + Morgan,0.11058378607149266,0.2676962424101563
20,DN7A_SACS2_Tsuboyama_2023_1JIC,Test R2,GPR + ESM2,GPR + N-gram,0.2962400666627655,0.2043648744846849
20,DN7A_SACS2_Tsuboyama_2023_1JIC,Test R2,GPR + ESM2,GPR + Physchem,0.04246899873825216,0.3194390768845628
20,DN7A_SACS2_Tsuboyama_2023_1JIC,Test R2,GPR + Morgan,GPR + N-gram,0.9,-0.06333136792547145
20,DN7A_SACS2_Tsuboyama_2023_1JIC,Test R2,GPR + Morgan,GPR + Physchem,0.9,0.051742834474406446
20,DN7A_SACS2_Tsuboyama_2023_1JIC,Test R2,GPR + N-gram,GPR + Physchem,0.722256729988134,0.1150742023998779
20,ENVZ_ECOLI_Ghose_2023,Test R2,GPR + ESM2,GPR + Morgan,0.5411728160352918,0.05982398243957343
20,ENVZ_ECOLI_Ghose_2023,Test R2,GPR + ESM2,GPR + N-gram,0.9,-0.014407631905285795
20,ENVZ_ECOLI_Ghose_2023,Test R2,GPR + ESM2,GPR + Physchem,0.7116647441014086,0.04600175289749919
20,ENVZ_ECOLI_Ghose_2023,Test R2,GPR + Morgan,GPR + N-gram,0.3616775157492482,-0.07423161434485923
20,ENVZ_ECOLI_Ghose_2023,Test R2,GPR + Morgan,GPR + Physchem,0.9,-0.013822229542074238
20,ENVZ_ECOLI_Ghose_2023,Test R2,GPR + N-gram,GPR + Physchem,0.5339500543835068,0.06040938480278499
20,FKBP3_HUMAN_Tsuboyama_2023_2KFV,Test R2,GPR + ESM2,GPR + Morgan,0.48010427900100383,-0.05749766534194106
20,FKBP3_HUMAN_Tsuboyama_2023_2KFV,Test R2,GPR + ESM2,GPR + N-gram,0.0835777777557487,-0.09881560106713436
20,FKBP3_HUMAN_Tsuboyama_2023_2KFV,Test R2,GPR + ESM2,GPR + Physchem,0.010635769527499006,-0.13474586699143712
20,FKBP3_HUMAN_Tsuboyama_2023_2KFV,Test R2,GPR + Morgan,GPR + N-gram,0.7054031251871948,-0.0413179357251933
20,FKBP3_HUMAN_Tsuboyama_2023_2KFV,Test R2,GPR + Morgan,GPR + Physchem,0.23174566204956448,-0.07724820164949604
20,FKBP3_HUMAN_Tsuboyama_2023_2KFV,Test R2,GPR + N-gram,GPR + Physchem,0.7802069957230542,-0.03593026592430275
20,MAFG_MOUSE_Tsuboyama_2023_1K1V,Test R2,GPR + ESM2,GPR + Morgan,0.09762786755073194,0.3462091966299683
20,MAFG_MOUSE_Tsuboyama_2023_1K1V,Test R2,GPR + ESM2,GPR + N-gram,0.001,0.7893442346839847
20,MAFG_MOUSE_Tsuboyama_2023_1K1V,Test R2,GPR + ESM2,GPR + Physchem,0.38109917122456693,0.23317741699938932
20,MAFG_MOUSE_Tsuboyama_2023_1K1V,Test R2,GPR + Morgan,GPR + N-gram,0.02219801667413257,0.44313503805401644
20,MAFG_MOUSE_Tsuboyama_2023_1K1V,Test R2,GPR + Morgan,GPR + Physchem,0.8449604440264108,-0.11303177963057896
20,MAFG_MOUSE_Tsuboyama_2023_1K1V,Test R2,GPR + N-gram,GPR + Physchem,0.0031763743753885354,-0.5561668176845954
20,POLG_PESV_Tsuboyama_2023_2MXD,Test R2,GPR + ESM2,GPR + Morgan,0.7872392975894993,0.3531794603956723
20,POLG_PESV_Tsuboyama_2023_2MXD,Test R2,GPR + ESM2,GPR + N-gram,0.07082675062069088,1.0166550861960608
20,POLG_PESV_Tsuboyama_2023_2MXD,Test R2,GPR + ESM2,GPR + Physchem,0.7165542781368183,0.40393697914230475
20,POLG_PESV_Tsuboyama_2023_2MXD,Test R2,GPR + Morgan,GPR + N-gram,0.3537642032541084,0.6634756258003885
20,POLG_PESV_Tsuboyama_2023_2MXD,Test R2,GPR + Morgan,GPR + Physchem,0.9,0.05075751874663248
20,POLG_PESV_Tsuboyama_2023_2MXD,Test R2,GPR + N-gram,GPR + Physchem,0.42345667335792947,-0.6127181070537561
20,SBI_STAAM_Tsuboyama_2023_2JVG,Test R2,GPR + ESM2,GPR + Morgan,0.001,0.271071398352714
20,SBI_STAAM_Tsuboyama_2023_2JVG,Test R2,GPR + ESM2,GPR + N-gram,0.226431982825548,0.09984746377081843
20,SBI_STAAM_Tsuboyama_2023_2JVG,Test R2,GPR + ESM2,GPR + Physchem,0.26966375573402057,0.0944426688636058
20,SBI_STAAM_Tsuboyama_2023_2JVG,Test R2,GPR + Morgan,GPR + N-gram,0.011550351228646005,-0.17122393458189555
20,SBI_STAAM_Tsuboyama_2023_2JVG,Test R2,GPR + Morgan,GPR + Physchem,0.008898747810277774,-0.1766287294891082
20,SBI_STAAM_Tsuboyama_2023_2JVG,Test R2,GPR + N-gram,GPR + Physchem,0.9,-0.005404794907212643
20,SDA_BACSU_Tsuboyama_2023_1PV0,Test R2,GPR + ESM2,GPR + Morgan,0.013203411429961953,0.8438434928494107
20,SDA_BACSU_Tsuboyama_2023_1PV0,Test R2,GPR + ESM2,GPR + N-gram,0.001,1.48666193799234
20,SDA_BACSU_Tsuboyama_2023_1PV0,Test R2,GPR + ESM2,GPR + Physchem,0.06899075585237935,0.6588914628663192
20,SDA_BACSU_Tsuboyama_2023_1PV0,Test R2,GPR + Morgan,GPR + N-gram,0.07872929756127034,0.6428184451429294
20,SDA_BACSU_Tsuboyama_2023_1PV0,Test R2,GPR + Morgan,GPR + Physchem,0.8797373224185903,-0.18495202998309157
20,SDA_BACSU_Tsuboyama_2023_1PV0,Test R2,GPR + N-gram,GPR + Physchem,0.015369774108213496,-0.827770475126021
20,SOX30_HUMAN_Tsuboyama_2023_7JJK,Test R2,GPR + ESM2,GPR + Morgan,0.0015521862203675685,0.2879092864791505
20,SOX30_HUMAN_Tsuboyama_2023_7JJK,Test R2,GPR + ESM2,GPR + N-gram,0.001,0.3350974547675146
20,SOX30_HUMAN_Tsuboyama_2023_7JJK,Test R2,GPR + ESM2,GPR + Physchem,0.01429297536543872,0.22693240123883016
20,SOX30_HUMAN_Tsuboyama_2023_7JJK,Test R2,GPR + Morgan,GPR + N-gram,0.9,0.04718816828836414
20,SOX30_HUMAN_Tsuboyama_2023_7JJK,Test R2,GPR + Morgan,GPR + Physchem,0.7943684898521807,-0.06097688524032033
20,SOX30_HUMAN_Tsuboyama_2023_7JJK,Test R2,GPR + N-gram,GPR + Physchem,0.41680869572000423,-0.10816505352868447
20,YNZC_BACSU_Tsuboyama_2023_2JVD,Test R2,GPR + ESM2,GPR + Morgan,0.10047455538537653,0.7143208062992945
20,YNZC_BACSU_Tsuboyama_2023_2JVD,Test R2,GPR + ESM2,GPR + N-gram,0.001,1.4088663466559925
20,YNZC_BACSU_Tsuboyama_2023_2JVD,Test R2,GPR + ESM2,GPR + Physchem,0.4676211538274899,0.4379654298264527
20,YNZC_BACSU_Tsuboyama_2023_2JVD,Test R2,GPR + Morgan,GPR + N-gram,0.11471064689032218,0.6945455403566981
20,YNZC_BACSU_Tsuboyama_2023_2JVD,Test R2,GPR + Morgan,GPR + Physchem,0.7677338497981507,-0.27635537647284175
20,YNZC_BACSU_Tsuboyama_2023_2JVD,Test R2,GPR + N-gram,GPR + Physchem,0.014764698242211827,-0.9709009168295399
50,A0A247D711_LISMN_Stadelmann_2021,Test R2,GPR + ESM2,GPR + Morgan,0.030548372561615023,0.14462981237010863
50,A0A247D711_LISMN_Stadelmann_2021,Test R2,GPR + ESM2,GPR + N-gram,0.22788488394037754,0.09588628065330623
50,A0A247D711_LISMN_Stadelmann_2021,Test R2,GPR + ESM2,GPR + Physchem,0.80708421122593,0.04198109047348941
50,A0A247D711_LISMN_Stadelmann_2021,Test R2,GPR + Morgan,GPR + N-gram,0.7310551560268724,-0.048743531716802416
50,A0A247D711_LISMN_Stadelmann_2021,Test R2,GPR + Morgan,GPR + Physchem,0.17909505653892477,-0.10264872189661924
50,A0A247D711_LISMN_Stadelmann_2021,Test R2,GPR + N-gram,GPR + Physchem,0.6730244703264396,-0.05390519017981682
50,DN7A_SACS2_Tsuboyama_2023_1JIC,Test R2,GPR + ESM2,GPR + Morgan,0.001,0.4838137938277335
50,DN7A_SACS2_Tsuboyama_2023_1JIC,Test R2,GPR + ESM2,GPR + N-gram,0.001,0.6321769352641162
50,DN7A_SACS2_Tsuboyama_2023_1JIC,Test R2,GPR + ESM2,GPR + Physchem,0.1928223099558869,0.20302376320519194
50,DN7A_SACS2_Tsuboyama_2023_1JIC,Test R2,GPR + Morgan,GPR + N-gram,0.4507493454639767,0.14836314143638274
50,DN7A_SACS2_Tsuboyama_2023_1JIC,Test R2,GPR + Morgan,GPR + Physchem,0.039342855794118115,-0.28079003062254154
50,DN7A_SACS2_Tsuboyama_2023_1JIC,Test R2,GPR + N-gram,GPR + Physchem,0.001,-0.4291531720589243
50,ENVZ_ECOLI_Ghose_2023,Test R2,GPR + ESM2,GPR + Morgan,0.2584467971012193,0.10559991204487552
50,ENVZ_ECOLI_Ghose_2023,Test R2,GPR + ESM2,GPR + N-gram,0.006054560882435389,0.203422568465925
50,ENVZ_ECOLI_Ghose_2023,Test R2,GPR + ESM2,GPR + Physchem,0.5911218961517556,0.07011643291332831
50,ENVZ_ECOLI_Ghose_2023,Test R2,GPR + Morgan,GPR + N-gram,0.3210082689078274,0.09782265642104945
50,ENVZ_ECOLI_Ghose_2023,Test R2,GPR + Morgan,GPR + Physchem,0.9,-0.035483479131547216
50,ENVZ_ECOLI_Ghose_2023,Test R2,GPR + N-gram,GPR + Physchem,0.10564773674855499,-0.13330613555259668
50,FKBP3_HUMAN_Tsuboyama_2023_2KFV,Test R2,GPR + ESM2,GPR + Morgan,0.9,-0.022986801180948924
50,FKBP3_HUMAN_Tsuboyama_2023_2KFV,Test R2,GPR + ESM2,GPR + N-gram,0.563911079285631,-0.08521761547418276
50,FKBP3_HUMAN_Tsuboyama_2023_2KFV,Test R2,GPR + ESM2,GPR + Physchem,0.05852268680307282,-0.1745720620414626
50,FKBP3_HUMAN_Tsuboyama_2023_2KFV,Test R2,GPR + Morgan,GPR + N-gram,0.7568193519577087,-0.06223081429323383
50,FKBP3_HUMAN_Tsuboyama_2023_2KFV,Test R2,GPR + Morgan,GPR + Physchem,0.12013996060448562,-0.1515852608605137
50,FKBP3_HUMAN_Tsuboyama_2023_2KFV,Test R2,GPR + N-gram,GPR + Physchem,0.5291929231572505,-0.08935444656727985
50,MAFG_MOUSE_Tsuboyama_2023_1K1V,Test R2,GPR + ESM2,GPR + Morgan,0.001,0.5660256759559529
50,MAFG_MOUSE_Tsuboyama_2023_1K1V,Test R2,GPR + ESM2,GPR + N-gram,0.001,0.4320543917773248
50,MAFG_MOUSE_Tsuboyama_2023_1K1V,Test R2,GPR + ESM2,GPR + Physchem,0.001,0.49237182820965925
50,MAFG_MOUSE_Tsuboyama_2023_1K1V,Test R2,GPR + Morgan,GPR + N-gram,0.10670615763263624,-0.13397128417862814
50,MAFG_MOUSE_Tsuboyama_2023_1K1V,Test R2,GPR + Morgan,GPR + Physchem,0.5615107802434902,-0.07365384774629369
50,MAFG_MOUSE_Tsuboyama_2023_1K1V,Test R2,GPR + N-gram,GPR + Physchem,0.6914389313585607,0.060317436432334434
50,POLG_PESV_Tsuboyama_2023_2MXD,Test R2,GPR + ESM2,GPR + Morgan,0.0031503894770797958,0.5853888321169755
50,POLG_PESV_Tsuboyama_2023_2MXD,Test R2,GPR + ESM2,GPR + N-gram,0.001,1.2161198847764423
50,POLG_PESV_Tsuboyama_2023_2MXD,Test R2,GPR + ESM2,GPR + Physchem,0.1524354244191275,0.3294071189070308
50,POLG_PESV_Tsuboyama_2023_2MXD,Test R2,GPR + Morgan,GPR + N-gram,0.0014466898218983282,0.6307310526594667
50,POLG_PESV_Tsuboyama_2023_2MXD,Test R2,GPR + Morgan,GPR + Physchem,0.34368314983710746,-0.2559817132099447
50,POLG_PESV_Tsuboyama_2023_2MXD,Test R2,GPR + N-gram,GPR + Physchem,0.001,-0.8867127658694114
50,SBI_STAAM_Tsuboyama_2023_2JVG,Test R2,GPR + ESM2,GPR + Morgan,0.001,0.35524049452699613
50,SBI_STAAM_Tsuboyama_2023_2JVG,Test R2,GPR + ESM2,GPR + N-gram,0.001,0.2642359359955917
50,SBI_STAAM_Tsuboyama_2023_2JVG,Test R2,GPR + ESM2,GPR + Physchem,0.001,0.228683909406761
50,SBI_STAAM_Tsuboyama_2023_2JVG,Test R2,GPR + Morgan,GPR + N-gram,0.32347925950958645,-0.0910045585314044
50,SBI_STAAM_Tsuboyama_2023_2JVG,Test R2,GPR + Morgan,GPR + Physchem,0.0972236409108509,-0.1265565851202351
50,SBI_STAAM_Tsuboyama_2023_2JVG,Test R2,GPR + N-gram,GPR + Physchem,0.9,-0.03555202658883071
50,SDA_BACSU_Tsuboyama_2023_1PV0,Test R2,GPR + ESM2,GPR + Morgan,0.9,0.7977216033683293
50,SDA_BACSU_Tsuboyama_2023_1PV0,Test R2,GPR + ESM2,GPR + N-gram,0.9,0.9236568312021097
50,SDA_BACSU_Tsuboyama_2023_1PV0,Test R2,GPR + ESM2,GPR + Physchem,0.2752419987956092,16.56454747791732
50,SDA_BACSU_Tsuboyama_2023_1PV0,Test R2,GPR + Morgan,GPR + N-gram,0.9,0.1259352278337805
50,SDA_BACSU_Tsuboyama_2023_1PV0,Test R2,GPR + Morgan,GPR + Physchem,0.31585204481852003,15.766825874548989
50,SDA_BACSU_Tsuboyama_2023_1PV0,Test R2,GPR + N-gram,GPR + Physchem,0.3225394921587996,15.640890646715208
50,SOX30_HUMAN_Tsuboyama_2023_7JJK,Test R2,GPR + ESM2,GPR + Morgan,0.001,0.4872939169395999
50,SOX30_HUMAN_Tsuboyama_2023_7JJK,Test R2,GPR + ESM2,GPR + N-gram,0.001,0.4805846213876345
50,SOX30_HUMAN_Tsuboyama_2023_7JJK,Test R2,GPR + ESM2,GPR + Physchem,0.001,0.39195356054549446
50,SOX30_HUMAN_Tsuboyama_2023_7JJK,Test R2,GPR + Morgan,GPR + N-gram,0.9,-0.006709295551965394
50,SOX30_HUMAN_Tsuboyama_2023_7JJK,Test R2,GPR + Morgan,GPR + Physchem,0.19393233354501405,-0.09534035639410546
50,SOX30_HUMAN_Tsuboyama_2023_7JJK,Test R2,GPR + N-gram,GPR + Physchem,0.24797207985928704,-0.08863106084214006
50,YNZC_BACSU_Tsuboyama_2023_2JVD,Test R2,GPR + ESM2,GPR + Morgan,0.001,0.7466582845348851
50,YNZC_BACSU_Tsuboyama_2023_2JVD,Test R2,GPR + ESM2,GPR + N-gram,0.001,1.2906804980831366
50,YNZC_BACSU_Tsuboyama_2023_2JVD,Test R2,GPR + ESM2,GPR + Physchem,0.06282239757460228,0.4418923164464097
50,YNZC_BACSU_Tsuboyama_2023_2JVD,Test R2,GPR + Morgan,GPR + N-gram,0.015773852519154863,0.5440222135482515
50,YNZC_BACSU_Tsuboyama_2023_2JVD,Test R2,GPR + Morgan,GPR + Physchem,0.2887777741023363,-0.30476596808847545
50,YNZC_BACSU_Tsuboyama_2023_2JVD,Test R2,GPR + N-gram,GPR + Physchem,0.001,-0.848788181636727
75,A0A247D711_LISMN_Stadelmann_2021,Test R2,GPR + ESM2,GPR + Morgan,0.03171566313761942,0.3466658733542083
75,A0A247D711_LISMN_Stadelmann_2021,Test R2,GPR + ESM2,GPR + N-gram,0.6141970767751017,0.1425388609844423
75,A0A247D711_LISMN_Stadelmann_2021,Test R2,GPR + ESM2,GPR + Physchem,0.9,0.04851643405667243
75,A0A247D711_LISMN_Stadelmann_2021,Test R2,GPR + Morgan,GPR + N-gram,0.32775183557485266,-0.204127012369766
75,A0A247D711_LISMN_Stadelmann_2021,Test R2,GPR + Morgan,GPR + Physchem,0.07790517244668305,-0.2981494392975359
75,A0A247D711_LISMN_Stadelmann_2021,Test R2,GPR + N-gram,GPR + Physchem,0.8405046213430448,-0.09402242692776987
75,DN7A_SACS2_Tsuboyama_2023_1JIC,Test R2,GPR + ESM2,GPR + Morgan,0.001,0.5894240583354027
75,DN7A_SACS2_Tsuboyama_2023_1JIC,Test R2,GPR + ESM2,GPR + N-gram,0.001,0.541857255722801
75,DN7A_SACS2_Tsuboyama_2023_1JIC,Test R2,GPR + ESM2,GPR + Physchem,0.009959545037533046,0.2526543340544388
75,DN7A_SACS2_Tsuboyama_2023_1JIC,Test R2,GPR + Morgan,GPR + N-gram,0.9,-0.04756680261260181
75,DN7A_SACS2_Tsuboyama_2023_1JIC,Test R2,GPR + Morgan,GPR + Physchem,0.001,-0.3367697242809639
75,DN7A_SACS2_Tsuboyama_2023_1JIC,Test R2,GPR + N-gram,GPR + Physchem,0.0028620041140202668,-0.2892029216683621
75,ENVZ_ECOLI_Ghose_2023,Test R2,GPR + ESM2,GPR + Morgan,0.001048863464477301,0.18016342633633364
75,ENVZ_ECOLI_Ghose_2023,Test R2,GPR + ESM2,GPR + N-gram,0.002856100200314793,0.1640150699062845
75,ENVZ_ECOLI_Ghose_2023,Test R2,GPR + ESM2,GPR + Physchem,0.07304010591965537,0.10696663810324819
75,ENVZ_ECOLI_Ghose_2023,Test R2,GPR + Morgan,GPR + N-gram,0.9,-0.016148356430049166
75,ENVZ_ECOLI_Ghose_2023,Test R2,GPR + Morgan,GPR + Physchem,0.3179685372058384,-0.07319678823308547
75,ENVZ_ECOLI_Ghose_2023,Test R2,GPR + N-gram,GPR + Physchem,0.5282889249152687,-0.0570484318030363
75,FKBP3_HUMAN_Tsuboyama_2023_2KFV,Test R2,GPR + ESM2,GPR + Morgan,0.11576760928423524,0.07587749612611322
75,FKBP3_HUMAN_Tsuboyama_2023_2KFV,Test R2,GPR + ESM2,GPR + N-gram,0.7664668311861889,-0.030326295605803702
75,FKBP3_HUMAN_Tsuboyama_2023_2KFV,Test R2,GPR + ESM2,GPR + Physchem,0.11484083701581671,-0.07601048856614517
75,FKBP3_HUMAN_Tsuboyama_2023_2KFV,Test R2,GPR + Morgan,GPR + N-gram,0.014847060835782244,-0.10620379173191691
75,FKBP3_HUMAN_Tsuboyama_2023_2KFV,Test R2,GPR + Morgan,GPR + Physchem,0.001,-0.1518879846922584
75,FKBP3_HUMAN_Tsuboyama_2023_2KFV,Test R2,GPR + N-gram,GPR + Physchem,0.5068741950533249,-0.045684192960341465
75,MAFG_MOUSE_Tsuboyama_2023_1K1V,Test R2,GPR + ESM2,GPR + Morgan,0.001,0.5602231364733105
75,MAFG_MOUSE_Tsuboyama_2023_1K1V,Test R2,GPR + ESM2,GPR + N-gram,0.001,0.3915816932458347
75,MAFG_MOUSE_Tsuboyama_2023_1K1V,Test R2,GPR + ESM2,GPR + Physchem,0.001,0.5141692192805047
75,MAFG_MOUSE_Tsuboyama_2023_1K1V,Test R2,GPR + Morgan,GPR + N-gram,0.010734804176574908,-0.1686414432274758
75,MAFG_MOUSE_Tsuboyama_2023_1K1V,Test R2,GPR + Morgan,GPR + Physchem,0.7687410360201397,-0.04605391719280577
75,MAFG_MOUSE_Tsuboyama_2023_1K1V,Test R2,GPR + N-gram,GPR + Physchem,0.08789364857305204,0.12258752603467002
75,POLG_PESV_Tsuboyama_2023_2MXD,Test R2,GPR + ESM2,GPR + Morgan,0.001,0.6469725913588036
75,POLG_PESV_Tsuboyama_2023_2MXD,Test R2,GPR + ESM2,GPR + N-gram,0.001,0.9846915344810288
75,POLG_PESV_Tsuboyama_2023_2MXD,Test R2,GPR + ESM2,GPR + Physchem,0.001,0.3591606051106261
75,POLG_PESV_Tsuboyama_2023_2MXD,Test R2,GPR + Morgan,GPR + N-gram,0.001,0.33771894312222506
75,POLG_PESV_Tsuboyama_2023_2MXD,Test R2,GPR + Morgan,GPR + Physchem,0.0030717166828723164,-0.28781198624817755
75,POLG_PESV_Tsuboyama_2023_2MXD,Test R2,GPR + N-gram,GPR + Physchem,0.001,-0.6255309293704026
75,SBI_STAAM_Tsuboyama_2023_2JVG,Test R2,GPR + ESM2,GPR + Morgan,0.16970055689637797,1.3638560258366743
75,SBI_STAAM_Tsuboyama_2023_2JVG,Test R2,GPR + ESM2,GPR + N-gram,0.9,0.3277132239956024
75,SBI_STAAM_Tsuboyama_2023_2JVG,Test R2,GPR + ESM2,GPR + Physchem,0.9,0.38087790714391495
75,SBI_STAAM_Tsuboyama_2023_2JVG,Test R2,GPR + Morgan,GPR + N-gram,0.38705915850862094,-1.0361428018410719
75,SBI_STAAM_Tsuboyama_2023_2JVG,Test R2,GPR + Morgan,GPR + Physchem,0.43307721329067883,-0.9829781186927593
75,SBI_STAAM_Tsuboyama_2023_2JVG,Test R2,GPR + N-gram,GPR + Physchem,0.9,0.05316468314831256
75,SDA_BACSU_Tsuboyama_2023_1PV0,Test R2,GPR + ESM2,GPR + Morgan,0.9,0.7968423413426113
75,SDA_BACSU_Tsuboyama_2023_1PV0,Test R2,GPR + ESM2,GPR + N-gram,0.9,0.5149967569843354
75,SDA_BACSU_Tsuboyama_2023_1PV0,Test R2,GPR + ESM2,GPR + Physchem,0.26954550106257524,41.699254838843004
75,SDA_BACSU_Tsuboyama_2023_1PV0,Test R2,GPR + Morgan,GPR + N-gram,0.9,-0.28184558435827595
75,SDA_BACSU_Tsuboyama_2023_1PV0,Test R2,GPR + Morgan,GPR + Physchem,0.2851906788874604,40.902412497500386
75,SDA_BACSU_Tsuboyama_2023_1PV0,Test R2,GPR + N-gram,GPR + Physchem,0.27959457989466674,41.184258081858665
75,SOX30_HUMAN_Tsuboyama_2023_7JJK,Test R2,GPR + ESM2,GPR + Morgan,0.001,0.5612708434719619
75,SOX30_HUMAN_Tsuboyama_2023_7JJK,Test R2,GPR + ESM2,GPR + N-gram,0.001,0.46518036095098103
75,SOX30_HUMAN_Tsuboyama_2023_7JJK,Test R2,GPR + ESM2,GPR + Physchem,0.001,0.4524193171693345
75,SOX30_HUMAN_Tsuboyama_2023_7JJK,Test R2,GPR + Morgan,GPR + N-gram,0.021814329874944804,-0.09609048252098085
75,SOX30_HUMAN_Tsuboyama_2023_7JJK,Test R2,GPR + Morgan,GPR + Physchem,0.008063036366658172,-0.10885152630262744
75,SOX30_HUMAN_Tsuboyama_2023_7JJK,Test R2,GPR + N-gram,GPR + Physchem,0.9,-0.012761043781646587
75,YNZC_BACSU_Tsuboyama_2023_2JVD,Test R2,GPR + ESM2,GPR + Morgan,0.001,0.7388677515916547
75,YNZC_BACSU_Tsuboyama_2023_2JVD,Test R2,GPR + ESM2,GPR + N-gram,0.001,0.7793089024175268
75,YNZC_BACSU_Tsuboyama_2023_2JVD,Test R2,GPR + ESM2,GPR + Physchem,0.001,0.4549585038335963
75,YNZC_BACSU_Tsuboyama_2023_2JVD,Test R2,GPR + Morgan,GPR + N-gram,0.9,0.04044115082587209
75,YNZC_BACSU_Tsuboyama_2023_2JVD,Test R2,GPR + Morgan,GPR + Physchem,0.013039064523516553,-0.2839092477580585
75,YNZC_BACSU_Tsuboyama_2023_2JVD,Test R2,GPR + N-gram,GPR + Physchem,0.004026168317237455,-0.32435039858393055
100,A0A247D711_LISMN_Stadelmann_2021,Test R2,GPR + ESM2,GPR + Morgan,0.001,0.17750519395447634
100,A0A247D711_LISMN_Stadelmann_2021,Test R2,GPR + ESM2,GPR + N-gram,0.001,0.13854596473965608
100,A0A247D711_LISMN_Stadelmann_2021,Test R2,GPR + ESM2,GPR + Physchem,0.001,0.10343860709737518
100,A0A247D711_LISMN_Stadelmann_2021,Test R2,GPR + Morgan,GPR + N-gram,0.3612715620235438,-0.03895922921482027
100,A0A247D711_LISMN_Stadelmann_2021,Test R2,GPR + Morgan,GPR + Physchem,0.018735835035305515,-0.07406658685710117
100,A0A247D711_LISMN_Stadelmann_2021,Test R2,GPR + N-gram,GPR + Physchem,0.45199866009421774,-0.0351073576422809
100,DN7A_SACS2_Tsuboyama_2023_1JIC,Test R2,GPR + ESM2,GPR + Morgan,0.001,0.558536348706875
100,DN7A_SACS2_Tsuboyama_2023_1JIC,Test R2,GPR + ESM2,GPR + N-gram,0.001,0.6563353040743222
100,DN7A_SACS2_Tsuboyama_2023_1JIC,Test R2,GPR + ESM2,GPR + Physchem,0.001,0.3355040070181503
100,DN7A_SACS2_Tsuboyama_2023_1JIC,Test R2,GPR + Morgan,GPR + N-gram,0.5150929755822922,0.09779895536744729
100,DN7A_SACS2_Tsuboyama_2023_1JIC,Test R2,GPR + Morgan,GPR + Physchem,0.01867658859521304,-0.22303234168872466
100,DN7A_SACS2_Tsuboyama_2023_1JIC,Test R2,GPR + N-gram,GPR + Physchem,0.001,-0.3208312970561719
100,ENVZ_ECOLI_Ghose_2023,Test R2,GPR + ESM2,GPR + Morgan,0.001,0.1611719593174323
100,ENVZ_ECOLI_Ghose_2023,Test R2,GPR + ESM2,GPR + N-gram,0.001,0.11784258803479546
100,ENVZ_ECOLI_Ghose_2023,Test R2,GPR + ESM2,GPR + Physchem,0.001,0.11943336422376709
100,ENVZ_ECOLI_Ghose_2023,Test R2,GPR + Morgan,GPR + N-gram,0.2200398799537132,-0.043329371282636836
100,ENVZ_ECOLI_Ghose_2023,Test R2,GPR + Morgan,GPR + Physchem,0.24839306482160484,-0.04173859509366522
100,ENVZ_ECOLI_Ghose_2023,Test R2,GPR + N-gram,GPR + Physchem,0.9,0.0015907761889716208
100,FKBP3_HUMAN_Tsuboyama_2023_2KFV,Test R2,GPR + ESM2,GPR + Morgan,0.001,0.16498946034942774
100,FKBP3_HUMAN_Tsuboyama_2023_2KFV,Test R2,GPR + ESM2,GPR + N-gram,0.9,0.011107561763059853
100,FKBP3_HUMAN_Tsuboyama_2023_2KFV,Test R2,GPR + ESM2,GPR + Physchem,0.8346512782656463,-0.027829503551491164
100,FKBP3_HUMAN_Tsuboyama_2023_2KFV,Test R2,GPR + Morgan,GPR + N-gram,0.001,-0.1538818985863679
100,FKBP3_HUMAN_Tsuboyama_2023_2KFV,Test R2,GPR + Morgan,GPR + Physchem,0.001,-0.1928189639009189
100,FKBP3_HUMAN_Tsuboyama_2023_2KFV,Test R2,GPR + N-gram,GPR + Physchem,0.6572679210071575,-0.03893706531455102
100,MAFG_MOUSE_Tsuboyama_2023_1K1V,Test R2,GPR + ESM2,GPR + Morgan,0.001,0.5919497015835843
100,MAFG_MOUSE_Tsuboyama_2023_1K1V,Test R2,GPR + ESM2,GPR + N-gram,0.001,0.3072706360720804
100,MAFG_MOUSE_Tsuboyama_2023_1K1V,Test R2,GPR + ESM2,GPR + Physchem,0.001,0.4761068119827186
100,MAFG_MOUSE_Tsuboyama_2023_1K1V,Test R2,GPR + Morgan,GPR + N-gram,0.001,-0.2846790655115039
100,MAFG_MOUSE_Tsuboyama_2023_1K1V,Test R2,GPR + Morgan,GPR + Physchem,0.0025802033473661945,-0.11584288960086567
100,MAFG_MOUSE_Tsuboyama_2023_1K1V,Test R2,GPR + N-gram,GPR + Physchem,0.001,0.1688361759106382
100,POLG_PESV_Tsuboyama_2023_2MXD,Test R2,GPR + ESM2,GPR + Morgan,0.001,0.6515148025397542
100,POLG_PESV_Tsuboyama_2023_2MXD,Test R2,GPR + ESM2,GPR + N-gram,0.001,0.6688849796383414
100,POLG_PESV_Tsuboyama_2023_2MXD,Test R2,GPR + ESM2,GPR + Physchem,0.001,0.38798142165389005
100,POLG_PESV_Tsuboyama_2023_2MXD,Test R2,GPR + Morgan,GPR + N-gram,0.9,0.017370177098587146
100,POLG_PESV_Tsuboyama_2023_2MXD,Test R2,GPR + Morgan,GPR + Physchem,0.001,-0.26353338088586414
100,POLG_PESV_Tsuboyama_2023_2MXD,Test R2,GPR + N-gram,GPR + Physchem,0.001,-0.2809035579844513
100,SBI_STAAM_Tsuboyama_2023_2JVG,Test R2,GPR + ESM2,GPR + Morgan,0.001,0.43324931351233464
100,SBI_STAAM_Tsuboyama_2023_2JVG,Test R2,GPR + ESM2,GPR + N-gram,0.001,0.30440176397489666
100,SBI_STAAM_Tsuboyama_2023_2JVG,Test R2,GPR + ESM2,GPR + Physchem,0.001,0.3741238544770916
100,SBI_STAAM_Tsuboyama_2023_2JVG,Test R2,GPR + Morgan,GPR + N-gram,0.001569654393927311,-0.128847549537438
100,SBI_STAAM_Tsuboyama_2023_2JVG,Test R2,GPR + Morgan,GPR + Physchem,0.24876379349717792,-0.059125459035243015
100,SBI_STAAM_Tsuboyama_2023_2JVG,Test R2,GPR + N-gram,GPR + Physchem,0.1355744142588049,0.06972209050219497
100,SDA_BACSU_Tsuboyama_2023_1PV0,Test R2,GPR + ESM2,GPR + Morgan,0.9,0.7671781389353339
100,SDA_BACSU_Tsuboyama_2023_1PV0,Test R2,GPR + ESM2,GPR + N-gram,0.9,0.3870047939784915
100,SDA_BACSU_Tsuboyama_2023_1PV0,Test R2,GPR + ESM2,GPR + Physchem,0.38952700384221783,3.1871375354788993
100,SDA_BACSU_Tsuboyama_2023_1PV0,Test R2,GPR + Morgan,GPR + N-gram,0.9,-0.3801733449568424
100,SDA_BACSU_Tsuboyama_2023_1PV0,Test R2,GPR + Morgan,GPR + Physchem,0.6055854395015551,2.4199593965435655
100,SDA_BACSU_Tsuboyama_2023_1PV0,Test R2,GPR + N-gram,GPR + Physchem,0.4997738846131399,2.800132741500408
100,SOX30_HUMAN_Tsuboyama_2023_7JJK,Test R2,GPR + ESM2,GPR + Morgan,0.001,0.5827930869334231
100,SOX30_HUMAN_Tsuboyama_2023_7JJK,Test R2,GPR + ESM2,GPR + N-gram,0.001,0.45237100247037176
100,SOX30_HUMAN_Tsuboyama_2023_7JJK,Test R2,GPR + ESM2,GPR + Physchem,0.001,0.4966044700932773
100,SOX30_HUMAN_Tsuboyama_2023_7JJK,Test R2,GPR + Morgan,GPR + N-gram,0.001,-0.13042208446305137
100,SOX30_HUMAN_Tsuboyama_2023_7JJK,Test R2,GPR + Morgan,GPR + Physchem,0.01781667103578588,-0.08618861684014581
100,SOX30_HUMAN_Tsuboyama_2023_7JJK,Test R2,GPR + N-gram,GPR + Physchem,0.3769642560901447,0.04423346762290557
100,YNZC_BACSU_Tsuboyama_2023_2JVD,Test R2,GPR + ESM2,GPR + Morgan,0.001,0.715980589431734
100,YNZC_BACSU_Tsuboyama_2023_2JVD,Test R2,GPR + ESM2,GPR + N-gram,0.001,0.47017459685640706
100,YNZC_BACSU_Tsuboyama_2023_2JVD,Test R2,GPR + ESM2,GPR + Physchem,0.001,0.4428487097277897
100,YNZC_BACSU_Tsuboyama_2023_2JVD,Test R2,GPR + Morgan,GPR + N-gram,0.001,-0.24580599257532695
100,YNZC_BACSU_Tsuboyama_2023_2JVD,Test R2,GPR + Morgan,GPR + Physchem,0.001,-0.2731318797039443
100,YNZC_BACSU_Tsuboyama_2023_2JVD,Test R2,GPR + N-gram,GPR + Physchem,0.7793732151351872,-0.027325887128617332
200,A0A247D711_LISMN_Stadelmann_2021,Test R2,GPR + ESM2,GPR + Morgan,0.001,0.23965429848818143
200,A0A247D711_LISMN_Stadelmann_2021,Test R2,GPR + ESM2,GPR + N-gram,0.001,0.14905800440949302
200,A0A247D711_LISMN_Stadelmann_2021,Test R2,GPR + ESM2,GPR + Physchem,0.001,0.12911105790567562
200,A0A247D711_LISMN_Stadelmann_2021,Test R2,GPR + Morgan,GPR + N-gram,0.001,-0.09059629407868841
200,A0A247D711_LISMN_Stadelmann_2021,Test R2,GPR + Morgan,GPR + Physchem,0.001,-0.1105432405825058
200,A0A247D711_LISMN_Stadelmann_2021,Test R2,GPR + N-gram,GPR + Physchem,0.7089018047716151,-0.019946946503817384
200,DN7A_SACS2_Tsuboyama_2023_1JIC,Test R2,GPR + ESM2,GPR + Morgan,0.001,0.6482650166613833
200,DN7A_SACS2_Tsuboyama_2023_1JIC,Test R2,GPR + ESM2,GPR + N-gram,0.001,0.6010991935181476
200,DN7A_SACS2_Tsuboyama_2023_1JIC,Test R2,GPR + ESM2,GPR + Physchem,0.001,0.40918705478904094
200,DN7A_SACS2_Tsuboyama_2023_1JIC,Test R2,GPR + Morgan,GPR + N-gram,0.3176811659650173,-0.047165823143235655
200,DN7A_SACS2_Tsuboyama_2023_1JIC,Test R2,GPR + Morgan,GPR + Physchem,0.001,-0.23907796187234231
200,DN7A_SACS2_Tsuboyama_2023_1JIC,Test R2,GPR + N-gram,GPR + Physchem,0.001,-0.19191213872910667
200,ENVZ_ECOLI_Ghose_2023,Test R2,GPR + ESM2,GPR + Morgan,0.001,0.17963233670312226
200,ENVZ_ECOLI_Ghose_2023,Test R2,GPR + ESM2,GPR + N-gram,0.001,0.15464728508412817
200,ENVZ_ECOLI_Ghose_2023,Test R2,GPR + ESM2,GPR + Physchem,0.001,0.17919798047048663
200,ENVZ_ECOLI_Ghose_2023,Test R2,GPR + Morgan,GPR + N-gram,0.5542145635345004,-0.024985051618994072
200,ENVZ_ECOLI_Ghose_2023,Test R2,GPR + Morgan,GPR + Physchem,0.9,-0.0004343562326356177
200,ENVZ_ECOLI_Ghose_2023,Test R2,GPR + N-gram,GPR + Physchem,0.5668163270926476,0.024550695386358453
200,FKBP3_HUMAN_Tsuboyama_2023_2KFV,Test R2,GPR + ESM2,GPR + Morgan,0.001,0.3043788496716273
200,FKBP3_HUMAN_Tsuboyama_2023_2KFV,Test R2,GPR + ESM2,GPR + N-gram,0.008718855231764522,0.10422502650635831
200,FKBP3_HUMAN_Tsuboyama_2023_2KFV,Test R2,GPR + ESM2,GPR + Physchem,0.18876750350677163,0.06192109165425236
200,FKBP3_HUMAN_Tsuboyama_2023_2KFV,Test R2,GPR + Morgan,GPR + N-gram,0.001,-0.20015382316526903
200,FKBP3_HUMAN_Tsuboyama_2023_2KFV,Test R2,GPR + Morgan,GPR + Physchem,0.001,-0.24245775801737499
200,FKBP3_HUMAN_Tsuboyama_2023_2KFV,Test R2,GPR + N-gram,GPR + Physchem,0.5016971551066431,-0.04230393485210596
200,MAFG_MOUSE_Tsuboyama_2023_1K1V,Test R2,GPR + ESM2,GPR + Morgan,0.001,0.591296726430663
200,MAFG_MOUSE_Tsuboyama_2023_1K1V,Test R2,GPR + ESM2,GPR + N-gram,0.001,0.2484881298497228
200,MAFG_MOUSE_Tsuboyama_2023_1K1V,Test R2,GPR + ESM2,GPR + Physchem,0.001,0.4581276858310853
200,MAFG_MOUSE_Tsuboyama_2023_1K1V,Test R2,GPR + Morgan,GPR + N-gram,0.001,-0.34280859658094026
200,MAFG_MOUSE_Tsuboyama_2023_1K1V,Test R2,GPR + Morgan,GPR + Physchem,0.001,-0.13316904059957774
200,MAFG_MOUSE_Tsuboyama_2023_1K1V,Test R2,GPR + N-gram,GPR + Physchem,0.001,0.20963955598136252
200,POLG_PESV_Tsuboyama_2023_2MXD,Test R2,GPR + ESM2,GPR + Morgan,0.001,0.6574423446217363
200,POLG_PESV_Tsuboyama_2023_2MXD,Test R2,GPR + ESM2,GPR + N-gram,0.001,0.27815317210935087
200,POLG_PESV_Tsuboyama_2023_2MXD,Test R2,GPR + ESM2,GPR + Physchem,0.001,0.3837054211146061
200,POLG_PESV_Tsuboyama_2023_2MXD,Test R2,GPR + Morgan,GPR + N-gram,0.001,-0.3792891725123855
200,POLG_PESV_Tsuboyama_2023_2MXD,Test R2,GPR + Morgan,GPR + Physchem,0.001,-0.27373692350713025
200,POLG_PESV_Tsuboyama_2023_2MXD,Test R2,GPR + N-gram,GPR + Physchem,0.001,0.10555224900525523
200,SBI_STAAM_Tsuboyama_2023_2JVG,Test R2,GPR + ESM2,GPR + Morgan,0.001,0.5457399677421647
200,SBI_STAAM_Tsuboyama_2023_2JVG,Test R2,GPR + ESM2,GPR + N-gram,0.001,0.44911709812024514
200,SBI_STAAM_Tsuboyama_2023_2JVG,Test R2,GPR + ESM2,GPR + Physchem,0.001,0.5174797410114472
200,SBI_STAAM_Tsuboyama_2023_2JVG,Test R2,GPR + Morgan,GPR + N-gram,0.001,-0.09662286962191964
200,SBI_STAAM_Tsuboyama_2023_2JVG,Test R2,GPR + Morgan,GPR + Physchem,0.4987013381550822,-0.028260226730717514
200,SBI_STAAM_Tsuboyama_2023_2JVG,Test R2,GPR + N-gram,GPR + Physchem,0.00986646150141457,0.06836264289120213
200,SDA_BACSU_Tsuboyama_2023_1PV0,Test R2,GPR + ESM2,GPR + Morgan,0.001,0.7653203156900971
200,SDA_BACSU_Tsuboyama_2023_1PV0,Test R2,GPR + ESM2,GPR + N-gram,0.001,0.2745776347277521
200,SDA_BACSU_Tsuboyama_2023_1PV0,Test R2,GPR + ESM2,GPR + Physchem,0.001,0.3464920727474563
200,SDA_BACSU_Tsuboyama_2023_1PV0,Test R2,GPR + Morgan,GPR + N-gram,0.001,-0.49074268096234497
200,SDA_BACSU_Tsuboyama_2023_1PV0,Test R2,GPR + Morgan,GPR + Physchem,0.001,-0.41882824294264076
200,SDA_BACSU_Tsuboyama_2023_1PV0,Test R2,GPR + N-gram,GPR + Physchem,0.001,0.07191443801970421
200,SOX30_HUMAN_Tsuboyama_2023_7JJK,Test R2,GPR + ESM2,GPR + Morgan,0.001,0.6517541180190931
200,SOX30_HUMAN_Tsuboyama_2023_7JJK,Test R2,GPR + ESM2,GPR + N-gram,0.001,0.5054325917393816
200,SOX30_HUMAN_Tsuboyama_2023_7JJK,Test R2,GPR + ESM2,GPR + Physchem,0.001,0.5507236829923711
200,SOX30_HUMAN_Tsuboyama_2023_7JJK,Test R2,GPR + Morgan,GPR + N-gram,0.001,-0.1463215262797115
200,SOX30_HUMAN_Tsuboyama_2023_7JJK,Test R2,GPR + Morgan,GPR + Physchem,0.001118400012256715,-0.10103043502672203
200,SOX30_HUMAN_Tsuboyama_2023_7JJK,Test R2,GPR + N-gram,GPR + Physchem,0.2429992308871275,0.04529109125298948
200,YNZC_BACSU_Tsuboyama_2023_2JVD,Test R2,GPR + ESM2,GPR + Morgan,0.001,0.6781546259032198
200,YNZC_BACSU_Tsuboyama_2023_2JVD,Test R2,GPR + ESM2,GPR + N-gram,0.001,0.2575953711481672
200,YNZC_BACSU_Tsuboyama_2023_2JVD,Test R2,GPR + ESM2,GPR + Physchem,0.001,0.4051539322290513
200,YNZC_BACSU_Tsuboyama_2023_2JVD,Test R2,GPR + Morgan,GPR + N-gram,0.001,-0.4205592547550526
200,YNZC_BACSU_Tsuboyama_2023_2JVD,Test R2,GPR + Morgan,GPR + Physchem,0.001,-0.27300069367416857
200,YNZC_BACSU_Tsuboyama_2023_2JVD,Test R2,GPR + N-gram,GPR + Physchem,0.001,0.14755856108088405
350,A0A247D711_LISMN_Stadelmann_2021,Test R2,GPR + ESM2,GPR + Morgan,0.001,0.30883938843364217
350,A0A247D711_LISMN_Stadelmann_2021,Test R2,GPR + ESM2,GPR + N-gram,0.001,0.22796853378110898
350,A0A247D711_LISMN_Stadelmann_2021,Test R2,GPR + ESM2,GPR + Physchem,0.001,0.1614184613952053
350,A0A247D711_LISMN_Stadelmann_2021,Test R2,GPR + Morgan,GPR + N-gram,0.001,-0.0808708546525332
350,A0A247D711_LISMN_Stadelmann_2021,Test R2,GPR + Morgan,GPR + Physchem,0.001,-0.14742092703843687
350,A0A247D711_LISMN_Stadelmann_2021,Test R2,GPR + N-gram,GPR + Physchem,0.001,-0.06655007238590367
350,DN7A_SACS2_Tsuboyama_2023_1JIC,Test R2,GPR + ESM2,GPR + Morgan,0.001,0.709203247982249
350,DN7A_SACS2_Tsuboyama_2023_1JIC,Test R2,GPR + ESM2,GPR + N-gram,0.001,0.6463364010569994
350,DN7A_SACS2_Tsuboyama_2023_1JIC,Test R2,GPR + ESM2,GPR + Physchem,0.001,0.40862033187580665
350,DN7A_SACS2_Tsuboyama_2023_1JIC,Test R2,GPR + Morgan,GPR + N-gram,0.001,-0.06286684692524963
350,DN7A_SACS2_Tsuboyama_2023_1JIC,Test R2,GPR + Morgan,GPR + Physchem,0.001,-0.30058291610644233
350,DN7A_SACS2_Tsuboyama_2023_1JIC,Test R2,GPR + N-gram,GPR + Physchem,0.001,-0.2377160691811927
350,ENVZ_ECOLI_Ghose_2023,Test R2,GPR + ESM2,GPR + Morgan,0.001,0.2218437013680818
350,ENVZ_ECOLI_Ghose_2023,Test R2,GPR + ESM2,GPR + N-gram,0.001,0.22834618876298549
350,ENVZ_ECOLI_Ghose_2023,Test R2,GPR + ESM2,GPR + Physchem,0.001,0.2168871247007072
350,ENVZ_ECOLI_Ghose_2023,Test R2,GPR + Morgan,GPR + N-gram,0.9,0.006502487394903687
350,ENVZ_ECOLI_Ghose_2023,Test R2,GPR + Morgan,GPR + Physchem,0.9,-0.0049565766673745765
350,ENVZ_ECOLI_Ghose_2023,Test R2,GPR + N-gram,GPR + Physchem,0.9,-0.011459064062278264
350,FKBP3_HUMAN_Tsuboyama_2023_2KFV,Test R2,GPR + ESM2,GPR + Morgan,0.001,0.4189557709384388
350,FKBP3_HUMAN_Tsuboyama_2023_2KFV,Test R2,GPR + ESM2,GPR + N-gram,0.001,0.25885218178798974
350,FKBP3_HUMAN_Tsuboyama_2023_2KFV,Test R2,GPR + ESM2,GPR + Physchem,0.001,0.16368494817425672
350,FKBP3_HUMAN_Tsuboyama_2023_2KFV,Test R2,GPR + Morgan,GPR + N-gram,0.001,-0.16010358915044898
350,FKBP3_HUMAN_Tsuboyama_2023_2KFV,Test R2,GPR + Morgan,GPR + Physchem,0.001,-0.25527082276418206
350,FKBP3_HUMAN_Tsuboyama_2023_2KFV,Test R2,GPR + N-gram,GPR + Physchem,0.0015761945742309713,-0.09516723361373305
350,MAFG_MOUSE_Tsuboyama_2023_1K1V,Test R2,GPR + ESM2,GPR + Morgan,0.001,0.6117853709194938
350,MAFG_MOUSE_Tsuboyama_2023_1K1V,Test R2,GPR + ESM2,GPR + N-gram,0.001,0.23808621477578884
350,MAFG_MOUSE_Tsuboyama_2023_1K1V,Test R2,GPR + ESM2,GPR + Physchem,0.001,0.45838533679842486
350,MAFG_MOUSE_Tsuboyama_2023_1K1V,Test R2,GPR + Morgan,GPR + N-gram,0.001,-0.373699156143705
350,MAFG_MOUSE_Tsuboyama_2023_1K1V,Test R2,GPR + Morgan,GPR + Physchem,0.001,-0.153400034121069
350,MAFG_MOUSE_Tsuboyama_2023_1K1V,Test R2,GPR + N-gram,GPR + Physchem,0.001,0.22029912202263602
350,POLG_PESV_Tsuboyama_2023_2MXD,Test R2,GPR + ESM2,GPR + Morgan,0.001,0.6565905905712159
350,POLG_PESV_Tsuboyama_2023_2MXD,Test R2,GPR + ESM2,GPR + N-gram,0.001,0.1772447920272583
350,POLG_PESV_Tsuboyama_2023_2MXD,Test R2,GPR + ESM2,GPR + Physchem,0.001,0.39963765111073485
350,POLG_PESV_Tsuboyama_2023_2MXD,Test R2,GPR + Morgan,GPR + N-gram,0.001,-0.4793457985439576
350,POLG_PESV_Tsuboyama_2023_2MXD,Test R2,GPR + Morgan,GPR + Physchem,0.001,-0.25695293946048103
350,POLG_PESV_Tsuboyama_2023_2MXD,Test R2,GPR + N-gram,GPR + Physchem,0.001,0.22239285908347656
350,SBI_STAAM_Tsuboyama_2023_2JVG,Test R2,GPR + ESM2,GPR + Morgan,0.001,0.6103663367375175
350,SBI_STAAM_Tsuboyama_2023_2JVG,Test R2,GPR + ESM2,GPR + N-gram,0.001,0.5425117033720461
350,SBI_STAAM_Tsuboyama_2023_2JVG,Test R2,GPR + ESM2,GPR + Physchem,0.001,0.5739810194983905
350,SBI_STAAM_Tsuboyama_2023_2JVG,Test R2,GPR + Morgan,GPR + N-gram,0.001,-0.06785463336547146
350,SBI_STAAM_Tsuboyama_2023_2JVG,Test R2,GPR + Morgan,GPR + Physchem,0.07550404752606388,-0.03638531723912695
350,SBI_STAAM_Tsuboyama_2023_2JVG,Test R2,GPR + N-gram,GPR + Physchem,0.148766431117628,0.0314693161263445
350,SDA_BACSU_Tsuboyama_2023_1PV0,Test R2,GPR + ESM2,GPR + Morgan,0.001,0.7721684127752765
350,SDA_BACSU_Tsuboyama_2023_1PV0,Test R2,GPR + ESM2,GPR + N-gram,0.001,0.21474934997149597
350,SDA_BACSU_Tsuboyama_2023_1PV0,Test R2,GPR + ESM2,GPR + Physchem,0.001,0.3567318497967029
350,SDA_BACSU_Tsuboyama_2023_1PV0,Test R2,GPR + Morgan,GPR + N-gram,0.001,-0.5574190628037805
350,SDA_BACSU_Tsuboyama_2023_1PV0,Test R2,GPR + Morgan,GPR + Physchem,0.001,-0.41543656297857356
350,SDA_BACSU_Tsuboyama_2023_1PV0,Test R2,GPR + N-gram,GPR + Physchem,0.001,0.14198249982520694
350,SOX30_HUMAN_Tsuboyama_2023_7JJK,Test R2,GPR + ESM2,GPR + Morgan,0.001,0.6896170447852215
350,SOX30_HUMAN_Tsuboyama_2023_7JJK,Test R2,GPR + ESM2,GPR + N-gram,0.001,0.5543178412840104
350,SOX30_HUMAN_Tsuboyama_2023_7JJK,Test R2,GPR + ESM2,GPR + Physchem,0.001,0.6011720610984179
350,SOX30_HUMAN_Tsuboyama_2023_7JJK,Test R2,GPR + Morgan,GPR + N-gram,0.001,-0.135299203501211
350,SOX30_HUMAN_Tsuboyama_2023_7JJK,Test R2,GPR + Morgan,GPR + Physchem,0.001,-0.08844498368680351
350,SOX30_HUMAN_Tsuboyama_2023_7JJK,Test R2,GPR + N-gram,GPR + Physchem,0.05756698782381231,0.04685421981440749
350,YNZC_BACSU_Tsuboyama_2023_2JVD,Test R2,GPR + ESM2,GPR + Morgan,0.001,0.6691093348475645
350,YNZC_BACSU_Tsuboyama_2023_2JVD,Test R2,GPR + ESM2,GPR + N-gram,0.001,0.2559405152233716
350,YNZC_BACSU_Tsuboyama_2023_2JVD,Test R2,GPR + ESM2,GPR + Physchem,0.001,0.4204866269096159
350,YNZC_BACSU_Tsuboyama_2023_2JVD,Test R2,GPR + Morgan,GPR + N-gram,0.001,-0.4131688196241929
350,YNZC_BACSU_Tsuboyama_2023_2JVD,Test R2,GPR + Morgan,GPR + Physchem,0.001,-0.24862270793794855
350,YNZC_BACSU_Tsuboyama_2023_2JVD,Test R2,GPR + N-gram,GPR + Physchem,0.001,0.16454611168624433
500,A0A247D711_LISMN_Stadelmann_2021,Test R2,GPR + ESM2,GPR + Morgan,0.001,0.3571568147795393
500,A0A247D711_LISMN_Stadelmann_2021,Test R2,GPR + ESM2,GPR + N-gram,0.001,0.2760430035180556
500,A0A247D711_LISMN_Stadelmann_2021,Test R2,GPR + ESM2,GPR + Physchem,0.001,0.1703683285158982
500,A0A247D711_LISMN_Stadelmann_2021,Test R2,GPR + Morgan,GPR + N-gram,0.001,-0.08111381126148369
500,A0A247D711_LISMN_Stadelmann_2021,Test R2,GPR + Morgan,GPR + Physchem,0.001,-0.18678848626364108
500,A0A247D711_LISMN_Stadelmann_2021,Test R2,GPR + N-gram,GPR + Physchem,0.001,-0.1056746750021574
500,DN7A_SACS2_Tsuboyama_2023_1JIC,Test R2,GPR + ESM2,GPR + Morgan,0.001,0.7138437928110994
500,DN7A_SACS2_Tsuboyama_2023_1JIC,Test R2,GPR + ESM2,GPR + N-gram,0.001,0.6915554578848132
500,DN7A_SACS2_Tsuboyama_2023_1JIC,Test R2,GPR + ESM2,GPR + Physchem,0.001,0.4219253704344973
500,DN7A_SACS2_Tsuboyama_2023_1JIC,Test R2,GPR + Morgan,GPR + N-gram,0.1425755683978407,-0.022288334926286235
500,DN7A_SACS2_Tsuboyama_2023_1JIC,Test R2,GPR + Morgan,GPR + Physchem,0.001,-0.2919184223766022
500,DN7A_SACS2_Tsuboyama_2023_1JIC,Test R2,GPR + N-gram,GPR + Physchem,0.001,-0.26963008745031597
500,ENVZ_ECOLI_Ghose_2023,Test R2,GPR + ESM2,GPR + Morgan,0.001,0.26975796997723156
500,ENVZ_ECOLI_Ghose_2023,Test R2,GPR + ESM2,GPR + N-gram,0.001,0.2596260434091544
500,ENVZ_ECOLI_Ghose_2023,Test R2,GPR + ESM2,GPR + Physchem,0.001,0.24324210866166723
500,ENVZ_ECOLI_Ghose_2023,Test R2,GPR + Morgan,GPR + N-gram,0.9,-0.01013192656807715
500,ENVZ_ECOLI_Ghose_2023,Test R2,GPR + Morgan,GPR + Physchem,0.3895646297166142,-0.026515861315564323
500,ENVZ_ECOLI_Ghose_2023,Test R2,GPR + N-gram,GPR + Physchem,0.7310259436528371,-0.016383934747487172
500,FKBP3_HUMAN_Tsuboyama_2023_2KFV,Test R2,GPR + ESM2,GPR + Morgan,0.001,0.49014577349535354
500,FKBP3_HUMAN_Tsuboyama_2023_2KFV,Test R2,GPR + ESM2,GPR + N-gram,0.001,0.3097900298011392
500,FKBP3_HUMAN_Tsuboyama_2023_2KFV,Test R2,GPR + ESM2,GPR + Physchem,0.001,0.19717342106992475
500,FKBP3_HUMAN_Tsuboyama_2023_2KFV,Test R2,GPR + Morgan,GPR + N-gram,0.001,-0.18035574369421437
500,FKBP3_HUMAN_Tsuboyama_2023_2KFV,Test R2,GPR + Morgan,GPR + Physchem,0.001,-0.2929723524254288
500,FKBP3_HUMAN_Tsuboyama_2023_2KFV,Test R2,GPR + N-gram,GPR + Physchem,0.001,-0.11261660873121443
500,MAFG_MOUSE_Tsuboyama_2023_1K1V,Test R2,GPR + ESM2,GPR + Morgan,0.001,0.6279151543955316
500,MAFG_MOUSE_Tsuboyama_2023_1K1V,Test R2,GPR + ESM2,GPR + N-gram,0.001,0.24296752273091948
500,MAFG_MOUSE_Tsuboyama_2023_1K1V,Test R2,GPR + ESM2,GPR + Physchem,0.001,0.43775665504155675
500,MAFG_MOUSE_Tsuboyama_2023_1K1V,Test R2,GPR + Morgan,GPR + N-gram,0.001,-0.3849476316646121
500,MAFG_MOUSE_Tsuboyama_2023_1K1V,Test R2,GPR + Morgan,GPR + Physchem,0.001,-0.19015849935397483
500,MAFG_MOUSE_Tsuboyama_2023_1K1V,Test R2,GPR + N-gram,GPR + Physchem,0.001,0.19478913231063727
500,POLG_PESV_Tsuboyama_2023_2MXD,Test R2,GPR + ESM2,GPR + Morgan,0.001,0.6626856587069135
500,POLG_PESV_Tsuboyama_2023_2MXD,Test R2,GPR + ESM2,GPR + N-gram,0.001,0.15275190090058988
500,POLG_PESV_Tsuboyama_2023_2MXD,Test R2,GPR + ESM2,GPR + Physchem,0.001,0.39790867531304674
500,POLG_PESV_Tsuboyama_2023_2MXD,Test R2,GPR + Morgan,GPR + N-gram,0.001,-0.5099337578063237
500,POLG_PESV_Tsuboyama_2023_2MXD,Test R2,GPR + Morgan,GPR + Physchem,0.001,-0.2647769833938668
500,POLG_PESV_Tsuboyama_2023_2MXD,Test R2,GPR + N-gram,GPR + Physchem,0.001,0.24515677441245687
500,SBI_STAAM_Tsuboyama_2023_2JVG,Test R2,GPR + ESM2,GPR + Morgan,0.001,0.6523040202683612
500,SBI_STAAM_Tsuboyama_2023_2JVG,Test R2,GPR + ESM2,GPR + N-gram,0.001,0.5948847050376715
500,SBI_STAAM_Tsuboyama_2023_2JVG,Test R2,GPR + ESM2,GPR + Physchem,0.001,0.6106509861511324
500,SBI_STAAM_Tsuboyama_2023_2JVG,Test R2,GPR + Morgan,GPR + N-gram,0.001,-0.057419315230689605
500,SBI_STAAM_Tsuboyama_2023_2JVG,Test R2,GPR + Morgan,GPR + Physchem,0.016836408128360292,-0.04165303411722876
500,SBI_STAAM_Tsuboyama_2023_2JVG,Test R2,GPR + N-gram,GPR + Physchem,0.6105089484626531,0.015766281113460845
500,SDA_BACSU_Tsuboyama_2023_1PV0,Test R2,GPR + ESM2,GPR + Morgan,0.001,0.7851255496369888
500,SDA_BACSU_Tsuboyama_2023_1PV0,Test R2,GPR + ESM2,GPR + N-gram,0.001,0.240217741384264
500,SDA_BACSU_Tsuboyama_2023_1PV0,Test R2,GPR + ESM2,GPR + Physchem,0.001,0.3498042215803895
500,SDA_BACSU_Tsuboyama_2023_1PV0,Test R2,GPR + Morgan,GPR + N-gram,0.001,-0.5449078082527248
500,SDA_BACSU_Tsuboyama_2023_1PV0,Test R2,GPR + Morgan,GPR + Physchem,0.001,-0.4353213280565993
500,SDA_BACSU_Tsuboyama_2023_1PV0,Test R2,GPR + N-gram,GPR + Physchem,0.001,0.10958648019612549
500,SOX30_HUMAN_Tsuboyama_2023_7JJK,Test R2,GPR + ESM2,GPR + Morgan,0.001,0.690577513793893
500,SOX30_HUMAN_Tsuboyama_2023_7JJK,Test R2,GPR + ESM2,GPR + N-gram,0.001,0.5750997645437096
500,SOX30_HUMAN_Tsuboyama_2023_7JJK,Test R2,GPR + ESM2,GPR + Physchem,0.001,0.6008119053480601
500,SOX30_HUMAN_Tsuboyama_2023_7JJK,Test R2,GPR + Morgan,GPR + N-gram,0.001,-0.1154777492501834
500,SOX30_HUMAN_Tsuboyama_2023_7JJK,Test R2,GPR + Morgan,GPR + Physchem,0.001,-0.08976560844583291
500,SOX30_HUMAN_Tsuboyama_2023_7JJK,Test R2,GPR + N-gram,GPR + Physchem,0.39488826792139653,0.025712140804350497
500,YNZC_BACSU_Tsuboyama_2023_2JVD,Test R2,GPR + ESM2,GPR + Morgan,0.001,0.6646176739152776
500,YNZC_BACSU_Tsuboyama_2023_2JVD,Test R2,GPR + ESM2,GPR + N-gram,0.001,0.2688329734208147
500,YNZC_BACSU_Tsuboyama_2023_2JVD,Test R2,GPR + ESM2,GPR + Physchem,0.001,0.41139257172831845
500,YNZC_BACSU_Tsuboyama_2023_2JVD,Test R2,GPR + Morgan,GPR + N-gram,0.001,-0.3957847004944629
500,YNZC_BACSU_Tsuboyama_2023_2JVD,Test R2,GPR + Morgan,GPR + Physchem,0.001,-0.25322510218695915
500,YNZC_BACSU_Tsuboyama_2023_2JVD,Test R2,GPR + N-gram,GPR + Physchem,0.001,0.14255959830750375
20,A0A247D711_LISMN_Stadelmann_2021,Test Spearman Correlation,GPR + ESM2,GPR + Morgan,0.003784766056501465,0.18273348600488304
20,A0A247D711_LISMN_Stadelmann_2021,Test Spearman Correlation,GPR + ESM2,GPR + N-gram,0.0013129551352022428,0.20477124986285747
20,A0A247D711_LISMN_Stadelmann_2021,Test Spearman Correlation,GPR + ESM2,GPR + Physchem,0.9,0.02558553425678814
20,A0A247D711_LISMN_Stadelmann_2021,Test Spearman Correlation,GPR + Morgan,GPR + N-gram,0.9,0.022037763857974416
20,A0A247D711_LISMN_Stadelmann_2021,Test Spearman Correlation,GPR + Morgan,GPR + Physchem,0.012794021019282287,-0.1571479517480949
20,A0A247D711_LISMN_Stadelmann_2021,Test Spearman Correlation,GPR + N-gram,GPR + Physchem,0.004485325629122405,-0.17918571560606933
20,DN7A_SACS2_Tsuboyama_2023_1JIC,Test Spearman Correlation,GPR + ESM2,GPR + Morgan,0.001,0.4267910151313887
20,DN7A_SACS2_Tsuboyama_2023_1JIC,Test Spearman Correlation,GPR + ESM2,GPR + N-gram,0.001,0.5183491216689766
20,DN7A_SACS2_Tsuboyama_2023_1JIC,Test Spearman Correlation,GPR + ESM2,GPR + Physchem,0.001,0.26272032641810455
20,DN7A_SACS2_Tsuboyama_2023_1JIC,Test Spearman Correlation,GPR + Morgan,GPR + N-gram,0.23879720078344957,0.09155810653758793
20,DN7A_SACS2_Tsuboyama_2023_1JIC,Test Spearman Correlation,GPR + Morgan,GPR + Physchem,0.009866705795635089,-0.16407068871328412
20,DN7A_SACS2_Tsuboyama_2023_1JIC,Test Spearman Correlation,GPR + N-gram,GPR + Physchem,0.001,-0.25562879525087207
20,ENVZ_ECOLI_Ghose_2023,Test Spearman Correlation,GPR + ESM2,GPR + Morgan,0.6960426717352457,0.06201479353893778
20,ENVZ_ECOLI_Ghose_2023,Test Spearman Correlation,GPR + ESM2,GPR + N-gram,0.9,0.004792025315247389
20,ENVZ_ECOLI_Ghose_2023,Test Spearman Correlation,GPR + ESM2,GPR + Physchem,0.9,0.021486397032937664
20,ENVZ_ECOLI_Ghose_2023,Test Spearman Correlation,GPR + Morgan,GPR + N-gram,0.74040532868615,-0.05722276822369039
20,ENVZ_ECOLI_Ghose_2023,Test Spearman Correlation,GPR + Morgan,GPR + Physchem,0.8949591668706014,-0.04052839650600011
20,ENVZ_ECOLI_Ghose_2023,Test Spearman Correlation,GPR + N-gram,GPR + Physchem,0.9,0.016694371717690275
20,FKBP3_HUMAN_Tsuboyama_2023_2KFV,Test Spearman Correlation,GPR + ESM2,GPR + Morgan,0.058127805234608476,0.15144316731586427
20,FKBP3_HUMAN_Tsuboyama_2023_2KFV,Test Spearman Correlation,GPR + ESM2,GPR + N-gram,0.028590002867272757,0.17027356040929892
20,FKBP3_HUMAN_Tsuboyama_2023_2KFV,Test Spearman Correlation,GPR + ESM2,GPR + Physchem,0.9,0.010180835623521095
20,FKBP3_HUMAN_Tsuboyama_2023_2KFV,Test Spearman Correlation,GPR + Morgan,GPR + N-gram,0.9,0.01883039309343465
20,FKBP3_HUMAN_Tsuboyama_2023_2KFV,Test Spearman Correlation,GPR + Morgan,GPR + Physchem,0.08377572872818839,-0.1412623316923432
20,FKBP3_HUMAN_Tsuboyama_2023_2KFV,Test Spearman Correlation,GPR + N-gram,GPR + Physchem,0.04216602267433822,-0.16009272478577785
20,MAFG_MOUSE_Tsuboyama_2023_1K1V,Test Spearman Correlation,GPR + ESM2,GPR + Morgan,0.001,0.2909721820484437
20,MAFG_MOUSE_Tsuboyama_2023_1K1V,Test Spearman Correlation,GPR + ESM2,GPR + N-gram,0.001,0.3264383672092224
20,MAFG_MOUSE_Tsuboyama_2023_1K1V,Test Spearman Correlation,GPR + ESM2,GPR + Physchem,0.001,0.288339727961151
20,MAFG_MOUSE_Tsuboyama_2023_1K1V,Test Spearman Correlation,GPR + Morgan,GPR + N-gram,0.8842777601976813,0.03546618516077871
20,MAFG_MOUSE_Tsuboyama_2023_1K1V,Test Spearman Correlation,GPR + Morgan,GPR + Physchem,0.9,-0.002632454087292735
20,MAFG_MOUSE_Tsuboyama_2023_1K1V,Test Spearman Correlation,GPR + N-gram,GPR + Physchem,0.854974996034445,-0.03809863924807144
20,POLG_PESV_Tsuboyama_2023_2MXD,Test Spearman Correlation,GPR + ESM2,GPR + Morgan,0.001,0.5067102732978321
20,POLG_PESV_Tsuboyama_2023_2MXD,Test Spearman Correlation,GPR + ESM2,GPR + N-gram,0.001,0.6506380307949072
20,POLG_PESV_Tsuboyama_2023_2MXD,Test Spearman Correlation,GPR + ESM2,GPR + Physchem,0.0016193715111202378,0.2946821535144646
20,POLG_PESV_Tsuboyama_2023_2MXD,Test Spearman Correlation,GPR + Morgan,GPR + N-gram,0.1949345143650686,0.14392775749707507
20,POLG_PESV_Tsuboyama_2023_2MXD,Test Spearman Correlation,GPR + Morgan,GPR + Physchem,0.02732728827243347,-0.21202811978336758
20,POLG_PESV_Tsuboyama_2023_2MXD,Test Spearman Correlation,GPR + N-gram,GPR + Physchem,0.001,-0.35595587728044265
20,SBI_STAAM_Tsuboyama_2023_2JVG,Test Spearman Correlation,GPR + ESM2,GPR + Morgan,0.001,0.32407937853281144
20,SBI_STAAM_Tsuboyama_2023_2JVG,Test Spearman Correlation,GPR + ESM2,GPR + N-gram,0.001,0.2877009692432244
20,SBI_STAAM_Tsuboyama_2023_2JVG,Test Spearman Correlation,GPR + ESM2,GPR + Physchem,0.003917277080689008,0.22455705388310515
20,SBI_STAAM_Tsuboyama_2023_2JVG,Test Spearman Correlation,GPR + Morgan,GPR + N-gram,0.9,-0.03637840928958702
20,SBI_STAAM_Tsuboyama_2023_2JVG,Test Spearman Correlation,GPR + Morgan,GPR + Physchem,0.3407278791937619,-0.0995223246497063
20,SBI_STAAM_Tsuboyama_2023_2JVG,Test Spearman Correlation,GPR + N-gram,GPR + Physchem,0.6831777103149357,-0.06314391536011928
20,SDA_BACSU_Tsuboyama_2023_1PV0,Test Spearman Correlation,GPR + ESM2,GPR + Morgan,0.001,0.6553360269147674
20,SDA_BACSU_Tsuboyama_2023_1PV0,Test Spearman Correlation,GPR + ESM2,GPR + N-gram,0.001,0.8638448998025218
20,SDA_BACSU_Tsuboyama_2023_1PV0,Test Spearman Correlation,GPR + ESM2,GPR + Physchem,0.001,0.4173471257162318
20,SDA_BACSU_Tsuboyama_2023_1PV0,Test Spearman Correlation,GPR + Morgan,GPR + N-gram,0.05547968921464208,0.20850887288775435
20,SDA_BACSU_Tsuboyama_2023_1PV0,Test Spearman Correlation,GPR + Morgan,GPR + Physchem,0.023581879062734012,-0.23798890119853564
20,SDA_BACSU_Tsuboyama_2023_1PV0,Test Spearman Correlation,GPR + N-gram,GPR + Physchem,0.001,-0.44649777408629
20,SOX30_HUMAN_Tsuboyama_2023_7JJK,Test Spearman Correlation,GPR + ESM2,GPR + Morgan,0.001,0.4320548543834605
20,SOX30_HUMAN_Tsuboyama_2023_7JJK,Test Spearman Correlation,GPR + ESM2,GPR + N-gram,0.001,0.49801311370309465
20,SOX30_HUMAN_Tsuboyama_2023_7JJK,Test Spearman Correlation,GPR + ESM2,GPR + Physchem,0.001,0.3616454699397396
20,SOX30_HUMAN_Tsuboyama_2023_7JJK,Test Spearman Correlation,GPR + Morgan,GPR + N-gram,0.7531256145289164,0.06595825931963416
20,SOX30_HUMAN_Tsuboyama_2023_7JJK,Test Spearman Correlation,GPR + Morgan,GPR + Physchem,0.7176760796677861,-0.07040938444372084
20,SOX30_HUMAN_Tsuboyama_2023_7JJK,Test Spearman Correlation,GPR + N-gram,GPR + Physchem,0.22343886760491272,-0.136367643763355
20,YNZC_BACSU_Tsuboyama_2023_2JVD,Test Spearman Correlation,GPR + ESM2,GPR + Morgan,0.001,0.46949300636942304
20,YNZC_BACSU_Tsuboyama_2023_2JVD,Test Spearman Correlation,GPR + ESM2,GPR + N-gram,0.001,0.6241445844393791
20,YNZC_BACSU_Tsuboyama_2023_2JVD,Test Spearman Correlation,GPR + ESM2,GPR + Physchem,0.001,0.26338160822275736
20,YNZC_BACSU_Tsuboyama_2023_2JVD,Test Spearman Correlation,GPR + Morgan,GPR + N-gram,0.019709812518613923,0.15465157806995605
20,YNZC_BACSU_Tsuboyama_2023_2JVD,Test Spearman Correlation,GPR + Morgan,GPR + Physchem,0.001432076696636031,-0.2061113981466657
20,YNZC_BACSU_Tsuboyama_2023_2JVD,Test Spearman Correlation,GPR + N-gram,GPR + Physchem,0.001,-0.36076297621662173
50,A0A247D711_LISMN_Stadelmann_2021,Test Spearman Correlation,GPR + ESM2,GPR + Morgan,0.02938088637891023,0.2070393975203078
50,A0A247D711_LISMN_Stadelmann_2021,Test Spearman Correlation,GPR + ESM2,GPR + N-gram,0.031493698925639135,0.20453009336941386
50,A0A247D711_LISMN_Stadelmann_2021,Test Spearman Correlation,GPR + ESM2,GPR + Physchem,0.19830511636455594,0.1347476449187317
50,A0A247D711_LISMN_Stadelmann_2021,Test Spearman Correlation,GPR + Morgan,GPR + N-gram,0.9,-0.00250930415089394
50,A0A247D711_LISMN_Stadelmann_2021,Test Spearman Correlation,GPR + Morgan,GPR + Physchem,0.6582528353493764,-0.0722917526015761
50,A0A247D711_LISMN_Stadelmann_2021,Test Spearman Correlation,GPR + N-gram,GPR + Physchem,0.6794074566564632,-0.06978244845068216
50,DN7A_SACS2_Tsuboyama_2023_1JIC,Test Spearman Correlation,GPR + ESM2,GPR + Morgan,0.001,0.4906908809859079
50,DN7A_SACS2_Tsuboyama_2023_1JIC,Test Spearman Correlation,GPR + ESM2,GPR + N-gram,0.001,0.48178033224867434
50,DN7A_SACS2_Tsuboyama_2023_1JIC,Test Spearman Correlation,GPR + ESM2,GPR + Physchem,0.001,0.17808853908731093
50,DN7A_SACS2_Tsuboyama_2023_1JIC,Test Spearman Correlation,GPR + Morgan,GPR + N-gram,0.9,-0.008910548737233598
50,DN7A_SACS2_Tsuboyama_2023_1JIC,Test Spearman Correlation,GPR + Morgan,GPR + Physchem,0.001,-0.312602341898597
50,DN7A_SACS2_Tsuboyama_2023_1JIC,Test Spearman Correlation,GPR + N-gram,GPR + Physchem,0.001,-0.3036917931613634
50,ENVZ_ECOLI_Ghose_2023,Test Spearman Correlation,GPR + ESM2,GPR + Morgan,0.19315430711337522,0.07602637792882319
50,ENVZ_ECOLI_Ghose_2023,Test Spearman Correlation,GPR + ESM2,GPR + N-gram,0.14943245102758684,0.08149972386108967
50,ENVZ_ECOLI_Ghose_2023,Test Spearman Correlation,GPR + ESM2,GPR + Physchem,0.022829334936581347,0.11667104917755763
50,ENVZ_ECOLI_Ghose_2023,Test Spearman Correlation,GPR + Morgan,GPR + N-gram,0.9,0.005473345932266477
50,ENVZ_ECOLI_Ghose_2023,Test Spearman Correlation,GPR + Morgan,GPR + Physchem,0.6670187043701268,0.04064467124873444
50,ENVZ_ECOLI_Ghose_2023,Test Spearman Correlation,GPR + N-gram,GPR + Physchem,0.748830140308556,0.035171325316467966
50,FKBP3_HUMAN_Tsuboyama_2023_2KFV,Test Spearman Correlation,GPR + ESM2,GPR + Morgan,0.001,0.15850040975919072
50,FKBP3_HUMAN_Tsuboyama_2023_2KFV,Test Spearman Correlation,GPR + ESM2,GPR + N-gram,0.9,-0.0033704515019089
50,FKBP3_HUMAN_Tsuboyama_2023_2KFV,Test Spearman Correlation,GPR + ESM2,GPR + Physchem,0.05422992776680746,-0.07943601351948776
50,FKBP3_HUMAN_Tsuboyama_2023_2KFV,Test Spearman Correlation,GPR + Morgan,GPR + N-gram,0.001,-0.16187086126109962
50,FKBP3_HUMAN_Tsuboyama_2023_2KFV,Test Spearman Correlation,GPR + Morgan,GPR + Physchem,0.001,-0.23793642327867848
50,FKBP3_HUMAN_Tsuboyama_2023_2KFV,Test Spearman Correlation,GPR + N-gram,GPR + Physchem,0.06906457339785921,-0.07606556201757886
50,MAFG_MOUSE_Tsuboyama_2023_1K1V,Test Spearman Correlation,GPR + ESM2,GPR + Morgan,0.001,0.4400090537687841
50,MAFG_MOUSE_Tsuboyama_2023_1K1V,Test Spearman Correlation,GPR + ESM2,GPR + N-gram,0.001,0.2678735145698071
50,MAFG_MOUSE_Tsuboyama_2023_1K1V,Test Spearman Correlation,GPR + ESM2,GPR + Physchem,0.001,0.33797521990087964
50,MAFG_MOUSE_Tsuboyama_2023_1K1V,Test Spearman Correlation,GPR + Morgan,GPR + N-gram,0.0019036876584385132,-0.17213553919897695
50,MAFG_MOUSE_Tsuboyama_2023_1K1V,Test Spearman Correlation,GPR + Morgan,GPR + Physchem,0.08640981839398287,-0.10203383386790443
50,MAFG_MOUSE_Tsuboyama_2023_1K1V,Test Spearman Correlation,GPR + N-gram,GPR + Physchem,0.3347324751347722,0.07010170533107252
50,POLG_PESV_Tsuboyama_2023_2MXD,Test Spearman Correlation,GPR + ESM2,GPR + Morgan,0.001,0.5634841609543232
50,POLG_PESV_Tsuboyama_2023_2MXD,Test Spearman Correlation,GPR + ESM2,GPR + N-gram,0.001,0.5818142920571683
50,POLG_PESV_Tsuboyama_2023_2MXD,Test Spearman Correlation,GPR + ESM2,GPR + Physchem,0.001,0.257044408072577
50,POLG_PESV_Tsuboyama_2023_2MXD,Test Spearman Correlation,GPR + Morgan,GPR + N-gram,0.9,0.018330131102845065
50,POLG_PESV_Tsuboyama_2023_2MXD,Test Spearman Correlation,GPR + Morgan,GPR + Physchem,0.001,-0.3064397528817462
50,POLG_PESV_Tsuboyama_2023_2MXD,Test Spearman Correlation,GPR + N-gram,GPR + Physchem,0.001,-0.3247698839845913
50,SBI_STAAM_Tsuboyama_2023_2JVG,Test Spearman Correlation,GPR + ESM2,GPR + Morgan,0.001,0.3892876229216863
50,SBI_STAAM_Tsuboyama_2023_2JVG,Test Spearman Correlation,GPR + ESM2,GPR + N-gram,0.001,0.2960589881807373
50,SBI_STAAM_Tsuboyama_2023_2JVG,Test Spearman Correlation,GPR + ESM2,GPR + Physchem,0.001,0.37771840674640494
50,SBI_STAAM_Tsuboyama_2023_2JVG,Test Spearman Correlation,GPR + Morgan,GPR + N-gram,0.10647204147477252,-0.09322863474094903
50,SBI_STAAM_Tsuboyama_2023_2JVG,Test Spearman Correlation,GPR + Morgan,GPR + Physchem,0.9,-0.011569216175281366
50,SBI_STAAM_Tsuboyama_2023_2JVG,Test Spearman Correlation,GPR + N-gram,GPR + Physchem,0.18122762320177888,0.08165941856566766
50,SDA_BACSU_Tsuboyama_2023_1PV0,Test Spearman Correlation,GPR + ESM2,GPR + Morgan,0.001,0.6575788597718458
50,SDA_BACSU_Tsuboyama_2023_1PV0,Test Spearman Correlation,GPR + ESM2,GPR + N-gram,0.001,0.3884879597504848
50,SDA_BACSU_Tsuboyama_2023_1PV0,Test Spearman Correlation,GPR + ESM2,GPR + Physchem,0.001,0.3199937676606759
50,SDA_BACSU_Tsuboyama_2023_1PV0,Test Spearman Correlation,GPR + Morgan,GPR + N-gram,0.001,-0.26909090002136105
50,SDA_BACSU_Tsuboyama_2023_1PV0,Test Spearman Correlation,GPR + Morgan,GPR + Physchem,0.001,-0.33758509211116994
50,SDA_BACSU_Tsuboyama_2023_1PV0,Test Spearman Correlation,GPR + N-gram,GPR + Physchem,0.5097546525835107,-0.06849419208980889
50,SOX30_HUMAN_Tsuboyama_2023_7JJK,Test Spearman Correlation,GPR + ESM2,GPR + Morgan,0.001,0.5423506364665904
50,SOX30_HUMAN_Tsuboyama_2023_7JJK,Test Spearman Correlation,GPR + ESM2,GPR + N-gram,0.001,0.4806003668670169
50,SOX30_HUMAN_Tsuboyama_2023_7JJK,Test Spearman Correlation,GPR + ESM2,GPR + Physchem,0.001,0.46496536754355583
50,SOX30_HUMAN_Tsuboyama_2023_7JJK,Test Spearman Correlation,GPR + Morgan,GPR + N-gram,0.32221776267774294,-0.06175026959957347
50,SOX30_HUMAN_Tsuboyama_2023_7JJK,Test Spearman Correlation,GPR + Morgan,GPR + Physchem,0.1546342716654252,-0.07738526892303454
50,SOX30_HUMAN_Tsuboyama_2023_7JJK,Test Spearman Correlation,GPR + N-gram,GPR + Physchem,0.9,-0.015634999323461074
50,YNZC_BACSU_Tsuboyama_2023_2JVD,Test Spearman Correlation,GPR + ESM2,GPR + Morgan,0.001,0.5726482387772043
50,YNZC_BACSU_Tsuboyama_2023_2JVD,Test Spearman Correlation,GPR + ESM2,GPR + N-gram,0.001,0.40541953847815393
50,YNZC_BACSU_Tsuboyama_2023_2JVD,Test Spearman Correlation,GPR + ESM2,GPR + Physchem,0.001,0.2880775107100429
50,YNZC_BACSU_Tsuboyama_2023_2JVD,Test Spearman Correlation,GPR + Morgan,GPR + N-gram,0.001,-0.1672287002990503
50,YNZC_BACSU_Tsuboyama_2023_2JVD,Test Spearman Correlation,GPR + Morgan,GPR + Physchem,0.001,-0.2845707280671613
50,YNZC_BACSU_Tsuboyama_2023_2JVD,Test Spearman Correlation,GPR + N-gram,GPR + Physchem,0.001,-0.11734202776811103
75,A0A247D711_LISMN_Stadelmann_2021,Test Spearman Correlation,GPR + ESM2,GPR + Morgan,0.001,0.22721481890343065
75,A0A247D711_LISMN_Stadelmann_2021,Test Spearman Correlation,GPR + ESM2,GPR + N-gram,0.003570051847698319,0.14534957270056978
75,A0A247D711_LISMN_Stadelmann_2021,Test Spearman Correlation,GPR + ESM2,GPR + Physchem,0.2943210596878201,0.0674441239778758
75,A0A247D711_LISMN_Stadelmann_2021,Test Spearman Correlation,GPR + Morgan,GPR + N-gram,0.15342387054991713,-0.08186524620286086
75,A0A247D711_LISMN_Stadelmann_2021,Test Spearman Correlation,GPR + Morgan,GPR + Physchem,0.0013750537710390809,-0.15977069492555485
75,A0A247D711_LISMN_Stadelmann_2021,Test Spearman Correlation,GPR + N-gram,GPR + Physchem,0.18538890279097442,-0.07790544872269398
75,DN7A_SACS2_Tsuboyama_2023_1JIC,Test Spearman Correlation,GPR + ESM2,GPR + Morgan,0.001,0.5041155734831735
75,DN7A_SACS2_Tsuboyama_2023_1JIC,Test Spearman Correlation,GPR + ESM2,GPR + N-gram,0.001,0.42737792821966925
75,DN7A_SACS2_Tsuboyama_2023_1JIC,Test Spearman Correlation,GPR + ESM2,GPR + Physchem,0.001,0.19478337915504318
75,DN7A_SACS2_Tsuboyama_2023_1JIC,Test Spearman Correlation,GPR + Morgan,GPR + N-gram,0.02732746061278657,-0.07673764526350424
75,DN7A_SACS2_Tsuboyama_2023_1JIC,Test Spearman Correlation,GPR + Morgan,GPR + Physchem,0.001,-0.3093321943281303
75,DN7A_SACS2_Tsuboyama_2023_1JIC,Test Spearman Correlation,GPR + N-gram,GPR + Physchem,0.001,-0.23259454906462604
75,ENVZ_ECOLI_Ghose_2023,Test Spearman Correlation,GPR + ESM2,GPR + Morgan,0.024598479422972663,0.09982204747052209
75,ENVZ_ECOLI_Ghose_2023,Test Spearman Correlation,GPR + ESM2,GPR + N-gram,0.15282549906893672,0.07011700322805073
75,ENVZ_ECOLI_Ghose_2023,Test Spearman Correlation,GPR + ESM2,GPR + Physchem,0.028394292293252965,0.09763968286636314
75,ENVZ_ECOLI_Ghose_2023,Test Spearman Correlation,GPR + Morgan,GPR + N-gram,0.7614018696372398,-0.029705044242471362
75,ENVZ_ECOLI_Ghose_2023,Test Spearman Correlation,GPR + Morgan,GPR + Physchem,0.9,-0.002182364604158951
75,ENVZ_ECOLI_Ghose_2023,Test Spearman Correlation,GPR + N-gram,GPR + Physchem,0.7991006944996168,0.02752267963831241
75,FKBP3_HUMAN_Tsuboyama_2023_2KFV,Test Spearman Correlation,GPR + ESM2,GPR + Morgan,0.0011710646715457074,0.1320891259667593
75,FKBP3_HUMAN_Tsuboyama_2023_2KFV,Test Spearman Correlation,GPR + ESM2,GPR + N-gram,0.2134423497794048,-0.061847567442969986
75,FKBP3_HUMAN_Tsuboyama_2023_2KFV,Test Spearman Correlation,GPR + ESM2,GPR + Physchem,0.033755398233974554,-0.09013514768423164
75,FKBP3_HUMAN_Tsuboyama_2023_2KFV,Test Spearman Correlation,GPR + Morgan,GPR + N-gram,0.001,-0.1939366934097293
75,FKBP3_HUMAN_Tsuboyama_2023_2KFV,Test Spearman Correlation,GPR + Morgan,GPR + Physchem,0.001,-0.22222427365099096
75,FKBP3_HUMAN_Tsuboyama_2023_2KFV,Test Spearman Correlation,GPR + N-gram,GPR + Physchem,0.7763261594952011,-0.028287580241261656
75,MAFG_MOUSE_Tsuboyama_2023_1K1V,Test Spearman Correlation,GPR + ESM2,GPR + Morgan,0.001,0.43194735514043725
75,MAFG_MOUSE_Tsuboyama_2023_1K1V,Test Spearman Correlation,GPR + ESM2,GPR + N-gram,0.001,0.2250630288001253
75,MAFG_MOUSE_Tsuboyama_2023_1K1V,Test Spearman Correlation,GPR + ESM2,GPR + Physchem,0.001,0.32411943407773636
75,MAFG_MOUSE_Tsuboyama_2023_1K1V,Test Spearman Correlation,GPR + Morgan,GPR + N-gram,0.001,-0.20688432634031195
75,MAFG_MOUSE_Tsuboyama_2023_1K1V,Test Spearman Correlation,GPR + Morgan,GPR + Physchem,0.0037163836724816157,-0.1078279210627009
75,MAFG_MOUSE_Tsuboyama_2023_1K1V,Test Spearman Correlation,GPR + N-gram,GPR + Physchem,0.00812249697682832,0.09905640527761106
75,POLG_PESV_Tsuboyama_2023_2MXD,Test Spearman Correlation,GPR + ESM2,GPR + Morgan,0.001,0.6037081533106763
75,POLG_PESV_Tsuboyama_2023_2MXD,Test Spearman Correlation,GPR + ESM2,GPR + N-gram,0.001,0.4855408637634552
75,POLG_PESV_Tsuboyama_2023_2MXD,Test Spearman Correlation,GPR + ESM2,GPR + Physchem,0.001,0.259817041194614
75,POLG_PESV_Tsuboyama_2023_2MXD,Test Spearman Correlation,GPR + Morgan,GPR + N-gram,0.001,-0.11816728954722114
75,POLG_PESV_Tsuboyama_2023_2MXD,Test Spearman Correlation,GPR + Morgan,GPR + Physchem,0.001,-0.34389111211606227
75,POLG_PESV_Tsuboyama_2023_2MXD,Test Spearman Correlation,GPR + N-gram,GPR + Physchem,0.001,-0.22572382256884116
75,SBI_STAAM_Tsuboyama_2023_2JVG,Test Spearman Correlation,GPR + ESM2,GPR + Morgan,0.001,0.5293302791079868
75,SBI_STAAM_Tsuboyama_2023_2JVG,Test Spearman Correlation,GPR + ESM2,GPR + N-gram,0.001,0.3067472546202402
75,SBI_STAAM_Tsuboyama_2023_2JVG,Test Spearman Correlation,GPR + ESM2,GPR + Physchem,0.001,0.3979736411088922
75,SBI_STAAM_Tsuboyama_2023_2JVG,Test Spearman Correlation,GPR + Morgan,GPR + N-gram,0.001,-0.22258302448774658
75,SBI_STAAM_Tsuboyama_2023_2JVG,Test Spearman Correlation,GPR + Morgan,GPR + Physchem,0.014095594329548988,-0.13135663799909458
75,SBI_STAAM_Tsuboyama_2023_2JVG,Test Spearman Correlation,GPR + N-gram,GPR + Physchem,0.12028629255264,0.091226386488652
75,SDA_BACSU_Tsuboyama_2023_1PV0,Test Spearman Correlation,GPR + ESM2,GPR + Morgan,0.001,0.6584143347414037
75,SDA_BACSU_Tsuboyama_2023_1PV0,Test Spearman Correlation,GPR + ESM2,GPR + N-gram,0.001,0.2727047676190705
75,SDA_BACSU_Tsuboyama_2023_1PV0,Test Spearman Correlation,GPR + ESM2,GPR + Physchem,0.001,0.23365404821619284
75,SDA_BACSU_Tsuboyama_2023_1PV0,Test Spearman Correlation,GPR + Morgan,GPR + N-gram,0.001,-0.3857095671223332
75,SDA_BACSU_Tsuboyama_2023_1PV0,Test Spearman Correlation,GPR + Morgan,GPR + Physchem,0.001,-0.4247602865252108
75,SDA_BACSU_Tsuboyama_2023_1PV0,Test Spearman Correlation,GPR + N-gram,GPR + Physchem,0.5714211327630629,-0.03905071940287763
75,SOX30_HUMAN_Tsuboyama_2023_7JJK,Test Spearman Correlation,GPR + ESM2,GPR + Morgan,0.001,0.5983181332993489
75,SOX30_HUMAN_Tsuboyama_2023_7JJK,Test Spearman Correlation,GPR + ESM2,GPR + N-gram,0.001,0.38103709900553884
75,SOX30_HUMAN_Tsuboyama_2023_7JJK,Test Spearman Correlation,GPR + ESM2,GPR + Physchem,0.001,0.48282709823134456
75,SOX30_HUMAN_Tsuboyama_2023_7JJK,Test Spearman Correlation,GPR + Morgan,GPR + N-gram,0.0012243121470547624,-0.2172810342938101
75,SOX30_HUMAN_Tsuboyama_2023_7JJK,Test Spearman Correlation,GPR + Morgan,GPR + Physchem,0.10652009753808467,-0.11549103506800437
75,SOX30_HUMAN_Tsuboyama_2023_7JJK,Test Spearman Correlation,GPR + N-gram,GPR + Physchem,0.17726571661309287,0.10178999922580573
75,YNZC_BACSU_Tsuboyama_2023_2JVD,Test Spearman Correlation,GPR + ESM2,GPR + Morgan,0.001,0.5366649265747432
75,YNZC_BACSU_Tsuboyama_2023_2JVD,Test Spearman Correlation,GPR + ESM2,GPR + N-gram,0.001,0.3327164892659571
75,YNZC_BACSU_Tsuboyama_2023_2JVD,Test Spearman Correlation,GPR + ESM2,GPR + Physchem,0.001,0.2802942507770031
75,YNZC_BACSU_Tsuboyama_2023_2JVD,Test Spearman Correlation,GPR + Morgan,GPR + N-gram,0.001,-0.2039484373087861
75,YNZC_BACSU_Tsuboyama_2023_2JVD,Test Spearman Correlation,GPR + Morgan,GPR + Physchem,0.001,-0.2563706757977401
75,YNZC_BACSU_Tsuboyama_2023_2JVD,Test Spearman Correlation,GPR + N-gram,GPR + Physchem,0.22656682342640677,-0.052422238488954
100,A0A247D711_LISMN_Stadelmann_2021,Test Spearman Correlation,GPR + ESM2,GPR + Morgan,0.001,0.25722994362015095
100,A0A247D711_LISMN_Stadelmann_2021,Test Spearman Correlation,GPR + ESM2,GPR + N-gram,0.0026914779891866747,0.140021442310756
100,A0A247D711_LISMN_Stadelmann_2021,Test Spearman Correlation,GPR + ESM2,GPR + Physchem,0.001,0.15493193060621072
100,A0A247D711_LISMN_Stadelmann_2021,Test Spearman Correlation,GPR + Morgan,GPR + N-gram,0.012998381107842905,-0.11720850130939497
100,A0A247D711_LISMN_Stadelmann_2021,Test Spearman Correlation,GPR + Morgan,GPR + Physchem,0.03439117431989047,-0.10229801301394026
100,A0A247D711_LISMN_Stadelmann_2021,Test Spearman Correlation,GPR + N-gram,GPR + Physchem,0.9,0.014910488295454716
100,DN7A_SACS2_Tsuboyama_2023_1JIC,Test Spearman Correlation,GPR + ESM2,GPR + Morgan,0.001,0.5557020943260101
100,DN7A_SACS2_Tsuboyama_2023_1JIC,Test Spearman Correlation,GPR + ESM2,GPR + N-gram,0.001,0.42887377350096845
100,DN7A_SACS2_Tsuboyama_2023_1JIC,Test Spearman Correlation,GPR + ESM2,GPR + Physchem,0.001,0.24272411538864352
100,DN7A_SACS2_Tsuboyama_2023_1JIC,Test Spearman Correlation,GPR + Morgan,GPR + N-gram,0.001,-0.12682832082504172
100,DN7A_SACS2_Tsuboyama_2023_1JIC,Test Spearman Correlation,GPR + Morgan,GPR + Physchem,0.001,-0.3129779789373667
100,DN7A_SACS2_Tsuboyama_2023_1JIC,Test Spearman Correlation,GPR + N-gram,GPR + Physchem,0.001,-0.18614965811232492
100,ENVZ_ECOLI_Ghose_2023,Test Spearman Correlation,GPR + ESM2,GPR + Morgan,0.001,0.1432728891300622
100,ENVZ_ECOLI_Ghose_2023,Test Spearman Correlation,GPR + ESM2,GPR + N-gram,0.01549395711470869,0.08132843761175221
100,ENVZ_ECOLI_Ghose_2023,Test Spearman Correlation,GPR + ESM2,GPR + Physchem,0.001,0.15434004048899458
100,ENVZ_ECOLI_Ghose_2023,Test Spearman Correlation,GPR + Morgan,GPR + N-gram,0.08543001745905088,-0.061944451518309976
100,ENVZ_ECOLI_Ghose_2023,Test Spearman Correlation,GPR + Morgan,GPR + Physchem,0.9,0.011067151358932381
100,ENVZ_ECOLI_Ghose_2023,Test Spearman Correlation,GPR + N-gram,GPR + Physchem,0.03318546970764924,0.07301160287724236
100,FKBP3_HUMAN_Tsuboyama_2023_2KFV,Test Spearman Correlation,GPR + ESM2,GPR + Morgan,0.001,0.20349872655897328
100,FKBP3_HUMAN_Tsuboyama_2023_2KFV,Test Spearman Correlation,GPR + ESM2,GPR + N-gram,0.9,-0.017563538418268132
100,FKBP3_HUMAN_Tsuboyama_2023_2KFV,Test Spearman Correlation,GPR + ESM2,GPR + Physchem,0.7172210984540218,-0.035311304884745986
100,FKBP3_HUMAN_Tsuboyama_2023_2KFV,Test Spearman Correlation,GPR + Morgan,GPR + N-gram,0.001,-0.2210622649772414
100,FKBP3_HUMAN_Tsuboyama_2023_2KFV,Test Spearman Correlation,GPR + Morgan,GPR + Physchem,0.001,-0.23881003144371926
100,FKBP3_HUMAN_Tsuboyama_2023_2KFV,Test Spearman Correlation,GPR + N-gram,GPR + Physchem,0.9,-0.017747766466477854
100,MAFG_MOUSE_Tsuboyama_2023_1K1V,Test Spearman Correlation,GPR + ESM2,GPR + Morgan,0.001,0.44360110635837585
100,MAFG_MOUSE_Tsuboyama_2023_1K1V,Test Spearman Correlation,GPR + ESM2,GPR + N-gram,0.001,0.17406601466405858
100,MAFG_MOUSE_Tsuboyama_2023_1K1V,Test Spearman Correlation,GPR + ESM2,GPR + Physchem,0.001,0.2753934311737247
100,MAFG_MOUSE_Tsuboyama_2023_1K1V,Test Spearman Correlation,GPR + Morgan,GPR + N-gram,0.001,-0.2695350916943173
100,MAFG_MOUSE_Tsuboyama_2023_1K1V,Test Spearman Correlation,GPR + Morgan,GPR + Physchem,0.001,-0.16820767518465113
100,MAFG_MOUSE_Tsuboyama_2023_1K1V,Test Spearman Correlation,GPR + N-gram,GPR + Physchem,0.001,0.10132741650966615
100,POLG_PESV_Tsuboyama_2023_2MXD,Test Spearman Correlation,GPR + ESM2,GPR + Morgan,0.001,0.6040151283551457
100,POLG_PESV_Tsuboyama_2023_2MXD,Test Spearman Correlation,GPR + ESM2,GPR + N-gram,0.001,0.3781753207012829
100,POLG_PESV_Tsuboyama_2023_2MXD,Test Spearman Correlation,GPR + ESM2,GPR + Physchem,0.001,0.2685330953345332
100,POLG_PESV_Tsuboyama_2023_2MXD,Test Spearman Correlation,GPR + Morgan,GPR + N-gram,0.001,-0.2258398076538628
100,POLG_PESV_Tsuboyama_2023_2MXD,Test Spearman Correlation,GPR + Morgan,GPR + Physchem,0.001,-0.3354820330206125
100,POLG_PESV_Tsuboyama_2023_2MXD,Test Spearman Correlation,GPR + N-gram,GPR + Physchem,0.001,-0.10964222536674972
100,SBI_STAAM_Tsuboyama_2023_2JVG,Test Spearman Correlation,GPR + ESM2,GPR + Morgan,0.001,0.5063867429705383
100,SBI_STAAM_Tsuboyama_2023_2JVG,Test Spearman Correlation,GPR + ESM2,GPR + N-gram,0.001,0.2699823873581209
100,SBI_STAAM_Tsuboyama_2023_2JVG,Test Spearman Correlation,GPR + ESM2,GPR + Physchem,0.001,0.3779034190737751
100,SBI_STAAM_Tsuboyama_2023_2JVG,Test Spearman Correlation,GPR + Morgan,GPR + N-gram,0.001,-0.23640435561241743
100,SBI_STAAM_Tsuboyama_2023_2JVG,Test Spearman Correlation,GPR + Morgan,GPR + Physchem,0.001550493893192284,-0.12848332389676323
100,SBI_STAAM_Tsuboyama_2023_2JVG,Test Spearman Correlation,GPR + N-gram,GPR + Physchem,0.007250913211614973,0.1079210317156542
100,SDA_BACSU_Tsuboyama_2023_1PV0,Test Spearman Correlation,GPR + ESM2,GPR + Morgan,0.001,0.6707614381850143
100,SDA_BACSU_Tsuboyama_2023_1PV0,Test Spearman Correlation,GPR + ESM2,GPR + N-gram,0.001,0.219825634502538
100,SDA_BACSU_Tsuboyama_2023_1PV0,Test Spearman Correlation,GPR + ESM2,GPR + Physchem,0.001,0.19822193848775393
100,SDA_BACSU_Tsuboyama_2023_1PV0,Test Spearman Correlation,GPR + Morgan,GPR + N-gram,0.001,-0.4509358036824763
100,SDA_BACSU_Tsuboyama_2023_1PV0,Test Spearman Correlation,GPR + Morgan,GPR + Physchem,0.001,-0.4725394996972604
100,SDA_BACSU_Tsuboyama_2023_1PV0,Test Spearman Correlation,GPR + N-gram,GPR + Physchem,0.9,-0.02160369601478407
100,SOX30_HUMAN_Tsuboyama_2023_7JJK,Test Spearman Correlation,GPR + ESM2,GPR + Morgan,0.001,0.6004717847339538
100,SOX30_HUMAN_Tsuboyama_2023_7JJK,Test Spearman Correlation,GPR + ESM2,GPR + N-gram,0.001,0.37065030660122633
100,SOX30_HUMAN_Tsuboyama_2023_7JJK,Test Spearman Correlation,GPR + ESM2,GPR + Physchem,0.001,0.5386530824662555
100,SOX30_HUMAN_Tsuboyama_2023_7JJK,Test Spearman Correlation,GPR + Morgan,GPR + N-gram,0.001,-0.22982147813272746
100,SOX30_HUMAN_Tsuboyama_2023_7JJK,Test Spearman Correlation,GPR + Morgan,GPR + Physchem,0.5555512837574812,-0.06181870226769823
100,SOX30_HUMAN_Tsuboyama_2023_7JJK,Test Spearman Correlation,GPR + N-gram,GPR + Physchem,0.0086627735349325,0.16800277586502924
100,YNZC_BACSU_Tsuboyama_2023_2JVD,Test Spearman Correlation,GPR + ESM2,GPR + Morgan,0.001,0.5244154446664648
100,YNZC_BACSU_Tsuboyama_2023_2JVD,Test Spearman Correlation,GPR + ESM2,GPR + N-gram,0.001,0.2413020436081743
100,YNZC_BACSU_Tsuboyama_2023_2JVD,Test Spearman Correlation,GPR + ESM2,GPR + Physchem,0.001,0.27455855423421693
100,YNZC_BACSU_Tsuboyama_2023_2JVD,Test Spearman Correlation,GPR + Morgan,GPR + N-gram,0.001,-0.28311340105829047
100,YNZC_BACSU_Tsuboyama_2023_2JVD,Test Spearman Correlation,GPR + Morgan,GPR + Physchem,0.001,-0.24985689043224785
100,YNZC_BACSU_Tsuboyama_2023_2JVD,Test Spearman Correlation,GPR + N-gram,GPR + Physchem,0.40414813576986075,0.033256510626042624
200,A0A247D711_LISMN_Stadelmann_2021,Test Spearman Correlation,GPR + ESM2,GPR + Morgan,0.001,0.3480158090449005
200,A0A247D711_LISMN_Stadelmann_2021,Test Spearman Correlation,GPR + ESM2,GPR + N-gram,0.001,0.15864233357112378
200,A0A247D711_LISMN_Stadelmann_2021,Test Spearman Correlation,GPR + ESM2,GPR + Physchem,0.001,0.1204382637091897
200,A0A247D711_LISMN_Stadelmann_2021,Test Spearman Correlation,GPR + Morgan,GPR + N-gram,0.001,-0.18937347547377667
200,A0A247D711_LISMN_Stadelmann_2021,Test Spearman Correlation,GPR + Morgan,GPR + Physchem,0.001,-0.22757754533571076
200,A0A247D711_LISMN_Stadelmann_2021,Test Spearman Correlation,GPR + N-gram,GPR + Physchem,0.31782782200444304,-0.03820406986193409
200,DN7A_SACS2_Tsuboyama_2023_1JIC,Test Spearman Correlation,GPR + ESM2,GPR + Morgan,0.001,0.6143600321803229
200,DN7A_SACS2_Tsuboyama_2023_1JIC,Test Spearman Correlation,GPR + ESM2,GPR + N-gram,0.001,0.42195159180636715
200,DN7A_SACS2_Tsuboyama_2023_1JIC,Test Spearman Correlation,GPR + ESM2,GPR + Physchem,0.001,0.2839023085092408
200,DN7A_SACS2_Tsuboyama_2023_1JIC,Test Spearman Correlation,GPR + Morgan,GPR + N-gram,0.001,-0.19240844037395569
200,DN7A_SACS2_Tsuboyama_2023_1JIC,Test Spearman Correlation,GPR + Morgan,GPR + Physchem,0.001,-0.33045772367108206
200,DN7A_SACS2_Tsuboyama_2023_1JIC,Test Spearman Correlation,GPR + N-gram,GPR + Physchem,0.001,-0.13804928329712635
200,ENVZ_ECOLI_Ghose_2023,Test Spearman Correlation,GPR + ESM2,GPR + Morgan,0.001,0.20893630400761853
200,ENVZ_ECOLI_Ghose_2023,Test Spearman Correlation,GPR + ESM2,GPR + N-gram,0.001,0.13470420588605964
200,ENVZ_ECOLI_Ghose_2023,Test Spearman Correlation,GPR + ESM2,GPR + Physchem,0.001,0.16827297459784996
200,ENVZ_ECOLI_Ghose_2023,Test Spearman Correlation,GPR + Morgan,GPR + N-gram,0.001,-0.07423209812155888
200,ENVZ_ECOLI_Ghose_2023,Test Spearman Correlation,GPR + Morgan,GPR + Physchem,0.0768643047174411,-0.040663329409768564
200,ENVZ_ECOLI_Ghose_2023,Test Spearman Correlation,GPR + N-gram,GPR + Physchem,0.18088442966142415,0.03356876871179032
200,FKBP3_HUMAN_Tsuboyama_2023_2KFV,Test Spearman Correlation,GPR + ESM2,GPR + Morgan,0.001,0.3521353682859196
200,FKBP3_HUMAN_Tsuboyama_2023_2KFV,Test Spearman Correlation,GPR + ESM2,GPR + N-gram,0.001,0.10170573482293938
200,FKBP3_HUMAN_Tsuboyama_2023_2KFV,Test Spearman Correlation,GPR + ESM2,GPR + Physchem,0.001,0.0825195940210387
200,FKBP3_HUMAN_Tsuboyama_2023_2KFV,Test Spearman Correlation,GPR + Morgan,GPR + N-gram,0.001,-0.2504296334629803
200,FKBP3_HUMAN_Tsuboyama_2023_2KFV,Test Spearman Correlation,GPR + Morgan,GPR + Physchem,0.001,-0.2696157742648809
200,FKBP3_HUMAN_Tsuboyama_2023_2KFV,Test Spearman Correlation,GPR + N-gram,GPR + Physchem,0.5800567827997235,-0.019186140801900675
200,MAFG_MOUSE_Tsuboyama_2023_1K1V,Test Spearman Correlation,GPR + ESM2,GPR + Morgan,0.001,0.447929923808938
200,MAFG_MOUSE_Tsuboyama_2023_1K1V,Test Spearman Correlation,GPR + ESM2,GPR + N-gram,0.001,0.14184909219636876
200,MAFG_MOUSE_Tsuboyama_2023_1K1V,Test Spearman Correlation,GPR + ESM2,GPR + Physchem,0.001,0.2772703730814924
200,MAFG_MOUSE_Tsuboyama_2023_1K1V,Test Spearman Correlation,GPR + Morgan,GPR + N-gram,0.001,-0.3060808316125692
200,MAFG_MOUSE_Tsuboyama_2023_1K1V,Test Spearman Correlation,GPR + Morgan,GPR + Physchem,0.001,-0.1706595507274456
200,MAFG_MOUSE_Tsuboyama_2023_1K1V,Test Spearman Correlation,GPR + N-gram,GPR + Physchem,0.001,0.13542128088512362
200,POLG_PESV_Tsuboyama_2023_2MXD,Test Spearman Correlation,GPR + ESM2,GPR + Morgan,0.001,0.5659580562468172
200,POLG_PESV_Tsuboyama_2023_2MXD,Test Spearman Correlation,GPR + ESM2,GPR + N-gram,0.001,0.17450141480565928
200,POLG_PESV_Tsuboyama_2023_2MXD,Test Spearman Correlation,GPR + ESM2,GPR + Physchem,0.001,0.24429031302128135
200,POLG_PESV_Tsuboyama_2023_2MXD,Test Spearman Correlation,GPR + Morgan,GPR + N-gram,0.001,-0.3914566414411579
200,POLG_PESV_Tsuboyama_2023_2MXD,Test Spearman Correlation,GPR + Morgan,GPR + Physchem,0.001,-0.3216677432255358
200,POLG_PESV_Tsuboyama_2023_2MXD,Test Spearman Correlation,GPR + N-gram,GPR + Physchem,0.0010367298577584894,0.06978889821562206
200,SBI_STAAM_Tsuboyama_2023_2JVG,Test Spearman Correlation,GPR + ESM2,GPR + Morgan,0.001,0.5261524850898393
200,SBI_STAAM_Tsuboyama_2023_2JVG,Test Spearman Correlation,GPR + ESM2,GPR + N-gram,0.001,0.34626531039457487
200,SBI_STAAM_Tsuboyama_2023_2JVG,Test Spearman Correlation,GPR + ESM2,GPR + Physchem,0.001,0.47254184048667
200,SBI_STAAM_Tsuboyama_2023_2JVG,Test Spearman Correlation,GPR + Morgan,GPR + N-gram,0.001,-0.17988717469526436
200,SBI_STAAM_Tsuboyama_2023_2JVG,Test Spearman Correlation,GPR + Morgan,GPR + Physchem,0.10569769046901045,-0.05361064460316925
200,SBI_STAAM_Tsuboyama_2023_2JVG,Test Spearman Correlation,GPR + N-gram,GPR + Physchem,0.001,0.1262765300920951
200,SDA_BACSU_Tsuboyama_2023_1PV0,Test Spearman Correlation,GPR + ESM2,GPR + Morgan,0.001,0.6387518607167699
200,SDA_BACSU_Tsuboyama_2023_1PV0,Test Spearman Correlation,GPR + ESM2,GPR + N-gram,0.001,0.1352040032160129
200,SDA_BACSU_Tsuboyama_2023_1PV0,Test Spearman Correlation,GPR + ESM2,GPR + Physchem,0.001,0.2006230040920164
200,SDA_BACSU_Tsuboyama_2023_1PV0,Test Spearman Correlation,GPR + Morgan,GPR + N-gram,0.001,-0.503547857500757
200,SDA_BACSU_Tsuboyama_2023_1PV0,Test Spearman Correlation,GPR + Morgan,GPR + Physchem,0.001,-0.43812885662475354
200,SDA_BACSU_Tsuboyama_2023_1PV0,Test Spearman Correlation,GPR + N-gram,GPR + Physchem,0.0013148806042040384,0.0654190008760035
200,SOX30_HUMAN_Tsuboyama_2023_7JJK,Test Spearman Correlation,GPR + ESM2,GPR + Morgan,0.001,0.618716973851241
200,SOX30_HUMAN_Tsuboyama_2023_7JJK,Test Spearman Correlation,GPR + ESM2,GPR + N-gram,0.001,0.3858861963447853
200,SOX30_HUMAN_Tsuboyama_2023_7JJK,Test Spearman Correlation,GPR + ESM2,GPR + Physchem,0.001,0.49469121319663084
200,SOX30_HUMAN_Tsuboyama_2023_7JJK,Test Spearman Correlation,GPR + Morgan,GPR + N-gram,0.001,-0.23283077750645575
200,SOX30_HUMAN_Tsuboyama_2023_7JJK,Test Spearman Correlation,GPR + Morgan,GPR + Physchem,0.001,-0.12402576065461024
200,SOX30_HUMAN_Tsuboyama_2023_7JJK,Test Spearman Correlation,GPR + N-gram,GPR + Physchem,0.001,0.10880501685184552
200,YNZC_BACSU_Tsuboyama_2023_2JVD,Test Spearman Correlation,GPR + ESM2,GPR + Morgan,0.001,0.48632371009936304
200,YNZC_BACSU_Tsuboyama_2023_2JVD,Test Spearman Correlation,GPR + ESM2,GPR + N-gram,0.001,0.130108341233365
200,YNZC_BACSU_Tsuboyama_2023_2JVD,Test Spearman Correlation,GPR + ESM2,GPR + Physchem,0.001,0.26956556466225867
200,YNZC_BACSU_Tsuboyama_2023_2JVD,Test Spearman Correlation,GPR + Morgan,GPR + N-gram,0.001,-0.356215368865998
200,YNZC_BACSU_Tsuboyama_2023_2JVD,Test Spearman Correlation,GPR + Morgan,GPR + Physchem,0.001,-0.21675814543710437
200,YNZC_BACSU_Tsuboyama_2023_2JVD,Test Spearman Correlation,GPR + N-gram,GPR + Physchem,0.001,0.13945722342889366
350,A0A247D711_LISMN_Stadelmann_2021,Test Spearman Correlation,GPR + ESM2,GPR + Morgan,0.001,0.3885174283260552
350,A0A247D711_LISMN_Stadelmann_2021,Test Spearman Correlation,GPR + ESM2,GPR + N-gram,0.001,0.1899590318364776
350,A0A247D711_LISMN_Stadelmann_2021,Test Spearman Correlation,GPR + ESM2,GPR + Physchem,0.001,0.1371887066081946
350,A0A247D711_LISMN_Stadelmann_2021,Test Spearman Correlation,GPR + Morgan,GPR + N-gram,0.001,-0.19855839648957757
350,A0A247D711_LISMN_Stadelmann_2021,Test Spearman Correlation,GPR + Morgan,GPR + Physchem,0.001,-0.2513287217178606
350,A0A247D711_LISMN_Stadelmann_2021,Test Spearman Correlation,GPR + N-gram,GPR + Physchem,0.002776370615203194,-0.05277032522828301
350,DN7A_SACS2_Tsuboyama_2023_1JIC,Test Spearman Correlation,GPR + ESM2,GPR + Morgan,0.001,0.6442824621688488
350,DN7A_SACS2_Tsuboyama_2023_1JIC,Test Spearman Correlation,GPR + ESM2,GPR + N-gram,0.001,0.4546902187608751
350,DN7A_SACS2_Tsuboyama_2023_1JIC,Test Spearman Correlation,GPR + ESM2,GPR + Physchem,0.001,0.2634450365203177
350,DN7A_SACS2_Tsuboyama_2023_1JIC,Test Spearman Correlation,GPR + Morgan,GPR + N-gram,0.001,-0.18959224340797362
350,DN7A_SACS2_Tsuboyama_2023_1JIC,Test Spearman Correlation,GPR + Morgan,GPR + Physchem,0.001,-0.38083742564853107
350,DN7A_SACS2_Tsuboyama_2023_1JIC,Test Spearman Correlation,GPR + N-gram,GPR + Physchem,0.001,-0.19124518224055742
350,ENVZ_ECOLI_Ghose_2023,Test Spearman Correlation,GPR + ESM2,GPR + Morgan,0.001,0.22233972235877644
350,ENVZ_ECOLI_Ghose_2023,Test Spearman Correlation,GPR + ESM2,GPR + N-gram,0.001,0.18824790327499777
350,ENVZ_ECOLI_Ghose_2023,Test Spearman Correlation,GPR + ESM2,GPR + Physchem,0.001,0.20894075587454755
350,ENVZ_ECOLI_Ghose_2023,Test Spearman Correlation,GPR + Morgan,GPR + N-gram,0.14772851196219627,-0.034091819083778674
350,ENVZ_ECOLI_Ghose_2023,Test Spearman Correlation,GPR + Morgan,GPR + Physchem,0.8027131138829887,-0.013398966484228891
350,ENVZ_ECOLI_Ghose_2023,Test Spearman Correlation,GPR + N-gram,GPR + Physchem,0.5433978720694113,0.020692852599549783
350,FKBP3_HUMAN_Tsuboyama_2023_2KFV,Test Spearman Correlation,GPR + ESM2,GPR + Morgan,0.001,0.43324311335678
350,FKBP3_HUMAN_Tsuboyama_2023_2KFV,Test Spearman Correlation,GPR + ESM2,GPR + N-gram,0.001,0.1959104124416498
350,FKBP3_HUMAN_Tsuboyama_2023_2KFV,Test Spearman Correlation,GPR + ESM2,GPR + Physchem,0.001,0.1518348653025276
350,FKBP3_HUMAN_Tsuboyama_2023_2KFV,Test Spearman Correlation,GPR + Morgan,GPR + N-gram,0.001,-0.23733270091513017
350,FKBP3_HUMAN_Tsuboyama_2023_2KFV,Test Spearman Correlation,GPR + Morgan,GPR + Physchem,0.001,-0.28140824805425235
350,FKBP3_HUMAN_Tsuboyama_2023_2KFV,Test Spearman Correlation,GPR + N-gram,GPR + Physchem,0.06617119575590569,-0.044075547139122206
350,MAFG_MOUSE_Tsuboyama_2023_1K1V,Test Spearman Correlation,GPR + ESM2,GPR + Morgan,0.001,0.4691912872106345
350,MAFG_MOUSE_Tsuboyama_2023_1K1V,Test Spearman Correlation,GPR + ESM2,GPR + N-gram,0.001,0.13664573698294802
350,MAFG_MOUSE_Tsuboyama_2023_1K1V,Test Spearman Correlation,GPR + ESM2,GPR + Physchem,0.001,0.2714817995271981
350,MAFG_MOUSE_Tsuboyama_2023_1K1V,Test Spearman Correlation,GPR + Morgan,GPR + N-gram,0.001,-0.3325455502276865
350,MAFG_MOUSE_Tsuboyama_2023_1K1V,Test Spearman Correlation,GPR + Morgan,GPR + Physchem,0.001,-0.19770948768343644
350,MAFG_MOUSE_Tsuboyama_2023_1K1V,Test Spearman Correlation,GPR + N-gram,GPR + Physchem,0.001,0.13483606254425007
350,POLG_PESV_Tsuboyama_2023_2MXD,Test Spearman Correlation,GPR + ESM2,GPR + Morgan,0.001,0.5425324649535883
350,POLG_PESV_Tsuboyama_2023_2MXD,Test Spearman Correlation,GPR + ESM2,GPR + N-gram,0.001,0.09383804255216999
350,POLG_PESV_Tsuboyama_2023_2MXD,Test Spearman Correlation,GPR + ESM2,GPR + Physchem,0.001,0.2357968837525335
350,POLG_PESV_Tsuboyama_2023_2MXD,Test Spearman Correlation,GPR + Morgan,GPR + N-gram,0.001,-0.4486944224014184
350,POLG_PESV_Tsuboyama_2023_2MXD,Test Spearman Correlation,GPR + Morgan,GPR + Physchem,0.001,-0.3067355812010549
350,POLG_PESV_Tsuboyama_2023_2MXD,Test Spearman Correlation,GPR + N-gram,GPR + Physchem,0.001,0.1419588412003635
350,SBI_STAAM_Tsuboyama_2023_2JVG,Test Spearman Correlation,GPR + ESM2,GPR + Morgan,0.001,0.5912383965324669
350,SBI_STAAM_Tsuboyama_2023_2JVG,Test Spearman Correlation,GPR + ESM2,GPR + N-gram,0.001,0.4155393229572917
350,SBI_STAAM_Tsuboyama_2023_2JVG,Test Spearman Correlation,GPR + ESM2,GPR + Physchem,0.001,0.4913793896216622
350,SBI_STAAM_Tsuboyama_2023_2JVG,Test Spearman Correlation,GPR + Morgan,GPR + N-gram,0.001,-0.1756990735751752
350,SBI_STAAM_Tsuboyama_2023_2JVG,Test Spearman Correlation,GPR + Morgan,GPR + Physchem,0.001,-0.09985900691080465
350,SBI_STAAM_Tsuboyama_2023_2JVG,Test Spearman Correlation,GPR + N-gram,GPR + Physchem,0.0035647705624011206,0.07584006666437054
350,SDA_BACSU_Tsuboyama_2023_1PV0,Test Spearman Correlation,GPR + ESM2,GPR + Morgan,0.001,0.6441241616965503
350,SDA_BACSU_Tsuboyama_2023_1PV0,Test Spearman Correlation,GPR + ESM2,GPR + N-gram,0.001,0.09937816711266845
350,SDA_BACSU_Tsuboyama_2023_1PV0,Test Spearman Correlation,GPR + ESM2,GPR + Physchem,0.001,0.19911089058057485
350,SDA_BACSU_Tsuboyama_2023_1PV0,Test Spearman Correlation,GPR + Morgan,GPR + N-gram,0.001,-0.5447459945838818
350,SDA_BACSU_Tsuboyama_2023_1PV0,Test Spearman Correlation,GPR + Morgan,GPR + Physchem,0.001,-0.44501327111597544
350,SDA_BACSU_Tsuboyama_2023_1PV0,Test Spearman Correlation,GPR + N-gram,GPR + Physchem,0.001,0.0997327234679064
350,SOX30_HUMAN_Tsuboyama_2023_7JJK,Test Spearman Correlation,GPR + ESM2,GPR + Morgan,0.001,0.6465165249051688
350,SOX30_HUMAN_Tsuboyama_2023_7JJK,Test Spearman Correlation,GPR + ESM2,GPR + N-gram,0.001,0.40290675722702884
350,SOX30_HUMAN_Tsuboyama_2023_7JJK,Test Spearman Correlation,GPR + ESM2,GPR + Physchem,0.001,0.5122321106925674
350,SOX30_HUMAN_Tsuboyama_2023_7JJK,Test Spearman Correlation,GPR + Morgan,GPR + N-gram,0.001,-0.24360976767813994
350,SOX30_HUMAN_Tsuboyama_2023_7JJK,Test Spearman Correlation,GPR + Morgan,GPR + Physchem,0.001,-0.13428441421260143
350,SOX30_HUMAN_Tsuboyama_2023_7JJK,Test Spearman Correlation,GPR + N-gram,GPR + Physchem,0.001,0.10932535346553851
350,YNZC_BACSU_Tsuboyama_2023_2JVD,Test Spearman Correlation,GPR + ESM2,GPR + Morgan,0.001,0.4924828642714101
350,YNZC_BACSU_Tsuboyama_2023_2JVD,Test Spearman Correlation,GPR + ESM2,GPR + N-gram,0.001,0.1060607250429002
350,YNZC_BACSU_Tsuboyama_2023_2JVD,Test Spearman Correlation,GPR + ESM2,GPR + Physchem,0.001,0.2891260941043763
350,YNZC_BACSU_Tsuboyama_2023_2JVD,Test Spearman Correlation,GPR + Morgan,GPR + N-gram,0.001,-0.3864221392285099
350,YNZC_BACSU_Tsuboyama_2023_2JVD,Test Spearman Correlation,GPR + Morgan,GPR + Physchem,0.001,-0.2033567701670338
350,YNZC_BACSU_Tsuboyama_2023_2JVD,Test Spearman Correlation,GPR + N-gram,GPR + Physchem,0.001,0.18306536906147608
500,A0A247D711_LISMN_Stadelmann_2021,Test Spearman Correlation,GPR + ESM2,GPR + Morgan,0.001,0.42404384534205886
500,A0A247D711_LISMN_Stadelmann_2021,Test Spearman Correlation,GPR + ESM2,GPR + N-gram,0.001,0.22555156906951335
500,A0A247D711_LISMN_Stadelmann_2021,Test Spearman Correlation,GPR + ESM2,GPR + Physchem,0.001,0.1565366447250891
500,A0A247D711_LISMN_Stadelmann_2021,Test Spearman Correlation,GPR + Morgan,GPR + N-gram,0.001,-0.1984922762725455
500,A0A247D711_LISMN_Stadelmann_2021,Test Spearman Correlation,GPR + Morgan,GPR + Physchem,0.001,-0.26750720061696975
500,A0A247D711_LISMN_Stadelmann_2021,Test Spearman Correlation,GPR + N-gram,GPR + Physchem,0.001,-0.06901492434442424
500,DN7A_SACS2_Tsuboyama_2023_1JIC,Test Spearman Correlation,GPR + ESM2,GPR + Morgan,0.001,0.6139993580786005
500,DN7A_SACS2_Tsuboyama_2023_1JIC,Test Spearman Correlation,GPR + ESM2,GPR + N-gram,0.001,0.472567506270025
500,DN7A_SACS2_Tsuboyama_2023_1JIC,Test Spearman Correlation,GPR + ESM2,GPR + Physchem,0.001,0.26525567526094507
500,DN7A_SACS2_Tsuboyama_2023_1JIC,Test Spearman Correlation,GPR + Morgan,GPR + N-gram,0.001,-0.1414318518085756
500,DN7A_SACS2_Tsuboyama_2023_1JIC,Test Spearman Correlation,GPR + Morgan,GPR + Physchem,0.001,-0.3487436828176555
500,DN7A_SACS2_Tsuboyama_2023_1JIC,Test Spearman Correlation,GPR + N-gram,GPR + Physchem,0.001,-0.2073118310090799
500,ENVZ_ECOLI_Ghose_2023,Test Spearman Correlation,GPR + ESM2,GPR + Morgan,0.001,0.23859286466856347
500,ENVZ_ECOLI_Ghose_2023,Test Spearman Correlation,GPR + ESM2,GPR + N-gram,0.001,0.2023714220630048
500,ENVZ_ECOLI_Ghose_2023,Test Spearman Correlation,GPR + ESM2,GPR + Physchem,0.001,0.23801686402488345
500,ENVZ_ECOLI_Ghose_2023,Test Spearman Correlation,GPR + Morgan,GPR + N-gram,0.13790374692832563,-0.03622144260555868
500,ENVZ_ECOLI_Ghose_2023,Test Spearman Correlation,GPR + Morgan,GPR + Physchem,0.9,-0.0005760006436800191
500,ENVZ_ECOLI_Ghose_2023,Test Spearman Correlation,GPR + N-gram,GPR + Physchem,0.14753690323098367,0.03564544196187866
500,FKBP3_HUMAN_Tsuboyama_2023_2KFV,Test Spearman Correlation,GPR + ESM2,GPR + Morgan,0.001,0.48623981131094235
500,FKBP3_HUMAN_Tsuboyama_2023_2KFV,Test Spearman Correlation,GPR + ESM2,GPR + N-gram,0.001,0.2595628430513723
500,FKBP3_HUMAN_Tsuboyama_2023_2KFV,Test Spearman Correlation,GPR + ESM2,GPR + Physchem,0.001,0.1881209500894736
500,FKBP3_HUMAN_Tsuboyama_2023_2KFV,Test Spearman Correlation,GPR + Morgan,GPR + N-gram,0.001,-0.22667696825957007
500,FKBP3_HUMAN_Tsuboyama_2023_2KFV,Test Spearman Correlation,GPR + Morgan,GPR + Physchem,0.001,-0.29811886122146875
500,FKBP3_HUMAN_Tsuboyama_2023_2KFV,Test Spearman Correlation,GPR + N-gram,GPR + Physchem,0.001,-0.07144189296189868
500,MAFG_MOUSE_Tsuboyama_2023_1K1V,Test Spearman Correlation,GPR + ESM2,GPR + Morgan,0.001,0.4702961306520494
500,MAFG_MOUSE_Tsuboyama_2023_1K1V,Test Spearman Correlation,GPR + ESM2,GPR + N-gram,0.001,0.132774087551627
500,MAFG_MOUSE_Tsuboyama_2023_1K1V,Test Spearman Correlation,GPR + ESM2,GPR + Physchem,0.001,0.2528077952311809
500,MAFG_MOUSE_Tsuboyama_2023_1K1V,Test Spearman Correlation,GPR + Morgan,GPR + N-gram,0.001,-0.3375220431004224
500,MAFG_MOUSE_Tsuboyama_2023_1K1V,Test Spearman Correlation,GPR + Morgan,GPR + Physchem,0.001,-0.21748833542086848
500,MAFG_MOUSE_Tsuboyama_2023_1K1V,Test Spearman Correlation,GPR + N-gram,GPR + Physchem,0.001,0.1200337076795539
500,POLG_PESV_Tsuboyama_2023_2MXD,Test Spearman Correlation,GPR + ESM2,GPR + Morgan,0.001,0.533213952565757
500,POLG_PESV_Tsuboyama_2023_2MXD,Test Spearman Correlation,GPR + ESM2,GPR + N-gram,0.001,0.07233924615698484
500,POLG_PESV_Tsuboyama_2023_2MXD,Test Spearman Correlation,GPR + ESM2,GPR + Physchem,0.001,0.22922788293020213
500,POLG_PESV_Tsuboyama_2023_2MXD,Test Spearman Correlation,GPR + Morgan,GPR + N-gram,0.001,-0.46087470640877215
500,POLG_PESV_Tsuboyama_2023_2MXD,Test Spearman Correlation,GPR + Morgan,GPR + Physchem,0.001,-0.30398606963555486
500,POLG_PESV_Tsuboyama_2023_2MXD,Test Spearman Correlation,GPR + N-gram,GPR + Physchem,0.001,0.1568886367732173
500,SBI_STAAM_Tsuboyama_2023_2JVG,Test Spearman Correlation,GPR + ESM2,GPR + Morgan,0.001,0.6092449587783906
500,SBI_STAAM_Tsuboyama_2023_2JVG,Test Spearman Correlation,GPR + ESM2,GPR + N-gram,0.001,0.4419719822879291
500,SBI_STAAM_Tsuboyama_2023_2JVG,Test Spearman Correlation,GPR + ESM2,GPR + Physchem,0.001,0.5014263000734636
500,SBI_STAAM_Tsuboyama_2023_2JVG,Test Spearman Correlation,GPR + Morgan,GPR + N-gram,0.001,-0.16727297649046144
500,SBI_STAAM_Tsuboyama_2023_2JVG,Test Spearman Correlation,GPR + Morgan,GPR + Physchem,0.001,-0.10781865870492693
500,SBI_STAAM_Tsuboyama_2023_2JVG,Test Spearman Correlation,GPR + N-gram,GPR + Physchem,0.001,0.059454317785534505
500,SDA_BACSU_Tsuboyama_2023_1PV0,Test Spearman Correlation,GPR + ESM2,GPR + Morgan,0.001,0.6332476213133678
500,SDA_BACSU_Tsuboyama_2023_1PV0,Test Spearman Correlation,GPR + ESM2,GPR + N-gram,0.001,0.09943921429137992
500,SDA_BACSU_Tsuboyama_2023_1PV0,Test Spearman Correlation,GPR + ESM2,GPR + Physchem,0.001,0.19489013956055823
500,SDA_BACSU_Tsuboyama_2023_1PV0,Test Spearman Correlation,GPR + Morgan,GPR + N-gram,0.001,-0.5338084070219877
500,SDA_BACSU_Tsuboyama_2023_1PV0,Test Spearman Correlation,GPR + Morgan,GPR + Physchem,0.001,-0.4383574817528095
500,SDA_BACSU_Tsuboyama_2023_1PV0,Test Spearman Correlation,GPR + N-gram,GPR + Physchem,0.001,0.09545092526917831
500,SOX30_HUMAN_Tsuboyama_2023_7JJK,Test Spearman Correlation,GPR + ESM2,GPR + Morgan,0.001,0.6199507078222332
500,SOX30_HUMAN_Tsuboyama_2023_7JJK,Test Spearman Correlation,GPR + ESM2,GPR + N-gram,0.001,0.4170208104832418
500,SOX30_HUMAN_Tsuboyama_2023_7JJK,Test Spearman Correlation,GPR + ESM2,GPR + Physchem,0.001,0.5106806654646869
500,SOX30_HUMAN_Tsuboyama_2023_7JJK,Test Spearman Correlation,GPR + Morgan,GPR + N-gram,0.001,-0.20292989733899136
500,SOX30_HUMAN_Tsuboyama_2023_7JJK,Test Spearman Correlation,GPR + Morgan,GPR + Physchem,0.001,-0.10927004235754623
500,SOX30_HUMAN_Tsuboyama_2023_7JJK,Test Spearman Correlation,GPR + N-gram,GPR + Physchem,0.001,0.09365985498144513
500,YNZC_BACSU_Tsuboyama_2023_2JVD,Test Spearman Correlation,GPR + ESM2,GPR + Morgan,0.001,0.4811394667236393
500,YNZC_BACSU_Tsuboyama_2023_2JVD,Test Spearman Correlation,GPR + ESM2,GPR + N-gram,0.001,0.09684579519879899
500,YNZC_BACSU_Tsuboyama_2023_2JVD,Test Spearman Correlation,GPR + ESM2,GPR + Physchem,0.001,0.28346452905811603
500,YNZC_BACSU_Tsuboyama_2023_2JVD,Test Spearman Correlation,GPR + Morgan,GPR + N-gram,0.001,-0.3842936715248403
500,YNZC_BACSU_Tsuboyama_2023_2JVD,Test Spearman Correlation,GPR + Morgan,GPR + Physchem,0.001,-0.19767493766552324
500,YNZC_BACSU_Tsuboyama_2023_2JVD,Test Spearman Correlation,GPR + N-gram,GPR + Physchem,0.001,0.18661873385931704
20,A0A247D711_LISMN_Stadelmann_2021,Top 20 Accuracy,GPR + ESM2,GPR + Morgan,0.9,0.5
20,A0A247D711_LISMN_Stadelmann_2021,Top 20 Accuracy,GPR + ESM2,GPR + N-gram,0.9,-1.0
20,A0A247D711_LISMN_Stadelmann_2021,Top 20 Accuracy,GPR + ESM2,GPR + Physchem,0.9,0.5
20,A0A247D711_LISMN_Stadelmann_2021,Top 20 Accuracy,GPR + Morgan,GPR + N-gram,0.7906295563944826,-1.5
20,A0A247D711_LISMN_Stadelmann_2021,Top 20 Accuracy,GPR + Morgan,GPR + Physchem,0.9,0.0
20,A0A247D711_LISMN_Stadelmann_2021,Top 20 Accuracy,GPR + N-gram,GPR + Physchem,0.7906295563944826,1.5
20,DN7A_SACS2_Tsuboyama_2023_1JIC,Top 20 Accuracy,GPR + ESM2,GPR + Morgan,0.001,18.5
20,DN7A_SACS2_Tsuboyama_2023_1JIC,Top 20 Accuracy,GPR + ESM2,GPR + N-gram,0.001,17.0
20,DN7A_SACS2_Tsuboyama_2023_1JIC,Top 20 Accuracy,GPR + ESM2,GPR + Physchem,0.001,18.5
20,DN7A_SACS2_Tsuboyama_2023_1JIC,Top 20 Accuracy,GPR + Morgan,GPR + N-gram,0.9,-1.5
20,DN7A_SACS2_Tsuboyama_2023_1JIC,Top 20 Accuracy,GPR + Morgan,GPR + Physchem,0.9,0.0
20,DN7A_SACS2_Tsuboyama_2023_1JIC,Top 20 Accuracy,GPR + N-gram,GPR + Physchem,0.9,1.5
20,ENVZ_ECOLI_Ghose_2023,Top 20 Accuracy,GPR + ESM2,GPR + Morgan,0.6169765761476547,2.0
20,ENVZ_ECOLI_Ghose_2023,Top 20 Accuracy,GPR + ESM2,GPR + N-gram,0.9,1.0
20,ENVZ_ECOLI_Ghose_2023,Top 20 Accuracy,GPR + ESM2,GPR + Physchem,0.9,0.0
20,ENVZ_ECOLI_Ghose_2023,Top 20 Accuracy,GPR + Morgan,GPR + N-gram,0.9,-1.0
20,ENVZ_ECOLI_Ghose_2023,Top 20 Accuracy,GPR + Morgan,GPR + Physchem,0.6169765761476547,-2.0
20,ENVZ_ECOLI_Ghose_2023,Top 20 Accuracy,GPR + N-gram,GPR + Physchem,0.9,-1.0
20,FKBP3_HUMAN_Tsuboyama_2023_2KFV,Top 20 Accuracy,GPR + ESM2,GPR + Morgan,0.19365086074933824,-4.5
20,FKBP3_HUMAN_Tsuboyama_2023_2KFV,Top 20 Accuracy,GPR + ESM2,GPR + N-gram,0.9,1.5
20,FKBP3_HUMAN_Tsuboyama_2023_2KFV,Top 20 Accuracy,GPR + ESM2,GPR + Physchem,0.5257953192917337,3.0
20,FKBP3_HUMAN_Tsuboyama_2023_2KFV,Top 20 Accuracy,GPR + Morgan,GPR + N-gram,0.049666928742275296,6.0
20,FKBP3_HUMAN_Tsuboyama_2023_2KFV,Top 20 Accuracy,GPR + Morgan,GPR + Physchem,0.010065714156704986,7.5
20,FKBP3_HUMAN_Tsuboyama_2023_2KFV,Top 20 Accuracy,GPR + N-gram,GPR + Physchem,0.9,1.5
20,MAFG_MOUSE_Tsuboyama_2023_1K1V,Top 20 Accuracy,GPR + ESM2,GPR + Morgan,0.001,19.0
20,MAFG_MOUSE_Tsuboyama_2023_1K1V,Top 20 Accuracy,GPR + ESM2,GPR + N-gram,0.005873363015809541,11.0
20,MAFG_MOUSE_Tsuboyama_2023_1K1V,Top 20 Accuracy,GPR + ESM2,GPR + Physchem,0.00386799466903498,11.5
20,MAFG_MOUSE_Tsuboyama_2023_1K1V,Top 20 Accuracy,GPR + Morgan,GPR + N-gram,0.06055272432930392,-8.0
20,MAFG_MOUSE_Tsuboyama_2023_1K1V,Top 20 Accuracy,GPR + Morgan,GPR + Physchem,0.08567630015361571,-7.5
20,MAFG_MOUSE_Tsuboyama_2023_1K1V,Top 20 Accuracy,GPR + N-gram,GPR + Physchem,0.9,0.5
20,POLG_PESV_Tsuboyama_2023_2MXD,Top 20 Accuracy,GPR + ESM2,GPR + Morgan,0.00984679357626006,9.0
20,POLG_PESV_Tsuboyama_2023_2MXD,Top 20 Accuracy,GPR + ESM2,GPR + N-gram,0.00984679357626006,9.0
20,POLG_PESV_Tsuboyama_2023_2MXD,Top 20 Accuracy,GPR + ESM2,GPR + Physchem,0.24872307226216583,5.0
20,POLG_PESV_Tsuboyama_2023_2MXD,Top 20 Accuracy,GPR + Morgan,GPR + N-gram,0.9,0.0
20,POLG_PESV_Tsuboyama_2023_2MXD,Top 20 Accuracy,GPR + Morgan,GPR + Physchem,0.4378710074686396,-4.0
20,POLG_PESV_Tsuboyama_2023_2MXD,Top 20 Accuracy,GPR + N-gram,GPR + Physchem,0.4378710074686396,-4.0
20,SBI_STAAM_Tsuboyama_2023_2JVG,Top 20 Accuracy,GPR + ESM2,GPR + Morgan,0.01624943634320719,10.5
20,SBI_STAAM_Tsuboyama_2023_2JVG,Top 20 Accuracy,GPR + ESM2,GPR + N-gram,0.09000144105634578,8.0
20,SBI_STAAM_Tsuboyama_2023_2JVG,Top 20 Accuracy,GPR + ESM2,GPR + Physchem,0.27574133132082457,6.0
20,SBI_STAAM_Tsuboyama_2023_2JVG,Top 20 Accuracy,GPR + Morgan,GPR + N-gram,0.8565801644972743,-2.5
20,SBI_STAAM_Tsuboyama_2023_2JVG,Top 20 Accuracy,GPR + Morgan,GPR + Physchem,0.5185845526799984,-4.5
20,SBI_STAAM_Tsuboyama_2023_2JVG,Top 20 Accuracy,GPR + N-gram,GPR + Physchem,0.9,-2.0
20,SDA_BACSU_Tsuboyama_2023_1PV0,Top 20 Accuracy,GPR + ESM2,GPR + Morgan,0.001,24.0
20,SDA_BACSU_Tsuboyama_2023_1PV0,Top 20 Accuracy,GPR + ESM2,GPR + N-gram,0.001,20.5
20,SDA_BACSU_Tsuboyama_2023_1PV0,Top 20 Accuracy,GPR + ESM2,GPR + Physchem,0.001,20.5
20,SDA_BACSU_Tsuboyama_2023_1PV0,Top 20 Accuracy,GPR + Morgan,GPR + N-gram,0.7011933451047853,-3.5
20,SDA_BACSU_Tsuboyama_2023_1PV0,Top 20 Accuracy,GPR + Morgan,GPR + Physchem,0.7011933451047853,-3.5
20,SDA_BACSU_Tsuboyama_2023_1PV0,Top 20 Accuracy,GPR + N-gram,GPR + Physchem,0.9,0.0
20,SOX30_HUMAN_Tsuboyama_2023_7JJK,Top 20 Accuracy,GPR + ESM2,GPR + Morgan,0.11843421842477642,7.5
20,SOX30_HUMAN_Tsuboyama_2023_7JJK,Top 20 Accuracy,GPR + ESM2,GPR + N-gram,0.004903607500919671,12.0
20,SOX30_HUMAN_Tsuboyama_2023_7JJK,Top 20 Accuracy,GPR + ESM2,GPR + Physchem,0.06295949602818707,8.5
20,SOX30_HUMAN_Tsuboyama_2023_7JJK,Top 20 Accuracy,GPR + Morgan,GPR + N-gram,0.5133757473108826,4.5
20,SOX30_HUMAN_Tsuboyama_2023_7JJK,Top 20 Accuracy,GPR + Morgan,GPR + Physchem,0.9,1.0
20,SOX30_HUMAN_Tsuboyama_2023_7JJK,Top 20 Accuracy,GPR + N-gram,GPR + Physchem,0.6835306677843658,-3.5
20,YNZC_BACSU_Tsuboyama_2023_2JVD,Top 20 Accuracy,GPR + ESM2,GPR + Morgan,0.001,29.0
20,YNZC_BACSU_Tsuboyama_2023_2JVD,Top 20 Accuracy,GPR + ESM2,GPR + N-gram,0.001,17.0
20,YNZC_BACSU_Tsuboyama_2023_2JVD,Top 20 Accuracy,GPR + ESM2,GPR + Physchem,0.001,20.5
20,YNZC_BACSU_Tsuboyama_2023_2JVD,Top 20 Accuracy,GPR + Morgan,GPR + N-gram,0.012496749659610784,-12.0
20,YNZC_BACSU_Tsuboyama_2023_2JVD,Top 20 Accuracy,GPR + Morgan,GPR + Physchem,0.10897136749285052,-8.5
20,YNZC_BACSU_Tsuboyama_2023_2JVD,Top 20 Accuracy,GPR + N-gram,GPR + Physchem,0.7440303466986964,3.5
50,A0A247D711_LISMN_Stadelmann_2021,Top 20 Accuracy,GPR + ESM2,GPR + Morgan,0.6631186835506205,2.5
50,A0A247D711_LISMN_Stadelmann_2021,Top 20 Accuracy,GPR + ESM2,GPR + N-gram,0.5399279814255387,-3.0
50,A0A247D711_LISMN_Stadelmann_2021,Top 20 Accuracy,GPR + ESM2,GPR + Physchem,0.9,-1.5
50,A0A247D711_LISMN_Stadelmann_2021,Top 20 Accuracy,GPR + Morgan,GPR + N-gram,0.08897454332492793,-5.5
50,A0A247D711_LISMN_Stadelmann_2021,Top 20 Accuracy,GPR + Morgan,GPR + Physchem,0.299037418048434,-4.0
50,A0A247D711_LISMN_Stadelmann_2021,Top 20 Accuracy,GPR + N-gram,GPR + Physchem,0.9,1.5
50,DN7A_SACS2_Tsuboyama_2023_1JIC,Top 20 Accuracy,GPR + ESM2,GPR + Morgan,0.059107477308696255,9.5
50,DN7A_SACS2_Tsuboyama_2023_1JIC,Top 20 Accuracy,GPR + ESM2,GPR + N-gram,0.00202261874936005,14.5
50,DN7A_SACS2_Tsuboyama_2023_1JIC,Top 20 Accuracy,GPR + ESM2,GPR + Physchem,0.001,16.0
50,DN7A_SACS2_Tsuboyama_2023_1JIC,Top 20 Accuracy,GPR + Morgan,GPR + N-gram,0.5093332963106105,5.0
50,DN7A_SACS2_Tsuboyama_2023_1JIC,Top 20 Accuracy,GPR + Morgan,GPR + Physchem,0.28650723924076904,6.5
50,DN7A_SACS2_Tsuboyama_2023_1JIC,Top 20 Accuracy,GPR + N-gram,GPR + Physchem,0.9,1.5
50,ENVZ_ECOLI_Ghose_2023,Top 20 Accuracy,GPR + ESM2,GPR + Morgan,0.9,-1.0
50,ENVZ_ECOLI_Ghose_2023,Top 20 Accuracy,GPR + ESM2,GPR + N-gram,0.7626222952688717,-1.5
50,ENVZ_ECOLI_Ghose_2023,Top 20 Accuracy,GPR + ESM2,GPR + Physchem,0.9,-1.0
50,ENVZ_ECOLI_Ghose_2023,Top 20 Accuracy,GPR + Morgan,GPR + N-gram,0.9,-0.5
50,ENVZ_ECOLI_Ghose_2023,Top 20 Accuracy,GPR + Morgan,GPR + Physchem,0.9,0.0
50,ENVZ_ECOLI_Ghose_2023,Top 20 Accuracy,GPR + N-gram,GPR + Physchem,0.9,0.5
50,FKBP3_HUMAN_Tsuboyama_2023_2KFV,Top 20 Accuracy,GPR + ESM2,GPR + Morgan,0.1627802813480531,-5.5
50,FKBP3_HUMAN_Tsuboyama_2023_2KFV,Top 20 Accuracy,GPR + ESM2,GPR + N-gram,0.6336101094913685,-3.0
50,FKBP3_HUMAN_Tsuboyama_2023_2KFV,Top 20 Accuracy,GPR + ESM2,GPR + Physchem,0.4159822355079459,-4.0
50,FKBP3_HUMAN_Tsuboyama_2023_2KFV,Top 20 Accuracy,GPR + Morgan,GPR + N-gram,0.7411891081062696,2.5
50,FKBP3_HUMAN_Tsuboyama_2023_2KFV,Top 20 Accuracy,GPR + Morgan,GPR + Physchem,0.9,1.5
50,FKBP3_HUMAN_Tsuboyama_2023_2KFV,Top 20 Accuracy,GPR + N-gram,GPR + Physchem,0.9,-1.0
50,MAFG_MOUSE_Tsuboyama_2023_1K1V,Top 20 Accuracy,GPR + ESM2,GPR + Morgan,0.001,23.5
50,MAFG_MOUSE_Tsuboyama_2023_1K1V,Top 20 Accuracy,GPR + ESM2,GPR + N-gram,0.001,16.5
50,MAFG_MOUSE_Tsuboyama_2023_1K1V,Top 20 Accuracy,GPR + ESM2,GPR + Physchem,0.001,19.5
50,MAFG_MOUSE_Tsuboyama_2023_1K1V,Top 20 Accuracy,GPR + Morgan,GPR + N-gram,0.19198964363670257,-7.0
50,MAFG_MOUSE_Tsuboyama_2023_1K1V,Top 20 Accuracy,GPR + Morgan,GPR + Physchem,0.6318742897121502,-4.0
50,MAFG_MOUSE_Tsuboyama_2023_1K1V,Top 20 Accuracy,GPR + N-gram,GPR + Physchem,0.7936731147522664,3.0
50,POLG_PESV_Tsuboyama_2023_2MXD,Top 20 Accuracy,GPR + ESM2,GPR + Morgan,0.001,18.0
50,POLG_PESV_Tsuboyama_2023_2MXD,Top 20 Accuracy,GPR + ESM2,GPR + N-gram,0.012548662922152287,12.5
50,POLG_PESV_Tsuboyama_2023_2MXD,Top 20 Accuracy,GPR + ESM2,GPR + Physchem,0.023671584225603226,11.5
50,POLG_PESV_Tsuboyama_2023_2MXD,Top 20 Accuracy,GPR + Morgan,GPR + N-gram,0.47139386828041974,-5.5
50,POLG_PESV_Tsuboyama_2023_2MXD,Top 20 Accuracy,GPR + Morgan,GPR + Physchem,0.3266298192563847,-6.5
50,POLG_PESV_Tsuboyama_2023_2MXD,Top 20 Accuracy,GPR + N-gram,GPR + Physchem,0.9,-1.0
50,SBI_STAAM_Tsuboyama_2023_2JVG,Top 20 Accuracy,GPR + ESM2,GPR + Morgan,0.003274116807695071,17.5
50,SBI_STAAM_Tsuboyama_2023_2JVG,Top 20 Accuracy,GPR + ESM2,GPR + N-gram,0.016968857757618916,14.5
50,SBI_STAAM_Tsuboyama_2023_2JVG,Top 20 Accuracy,GPR + ESM2,GPR + Physchem,0.0010400780081115668,19.5
50,SBI_STAAM_Tsuboyama_2023_2JVG,Top 20 Accuracy,GPR + Morgan,GPR + N-gram,0.9,-3.0
50,SBI_STAAM_Tsuboyama_2023_2JVG,Top 20 Accuracy,GPR + Morgan,GPR + Physchem,0.9,2.0
50,SBI_STAAM_Tsuboyama_2023_2JVG,Top 20 Accuracy,GPR + N-gram,GPR + Physchem,0.670637609176684,5.0
50,SDA_BACSU_Tsuboyama_2023_1PV0,Top 20 Accuracy,GPR + ESM2,GPR + Morgan,0.001,25.5
50,SDA_BACSU_Tsuboyama_2023_1PV0,Top 20 Accuracy,GPR + ESM2,GPR + N-gram,0.001,18.5
50,SDA_BACSU_Tsuboyama_2023_1PV0,Top 20 Accuracy,GPR + ESM2,GPR + Physchem,0.001,22.0
50,SDA_BACSU_Tsuboyama_2023_1PV0,Top 20 Accuracy,GPR + Morgan,GPR + N-gram,0.2609178611057358,-7.0
50,SDA_BACSU_Tsuboyama_2023_1PV0,Top 20 Accuracy,GPR + Morgan,GPR + Physchem,0.7626305677573554,-3.5
50,SDA_BACSU_Tsuboyama_2023_1PV0,Top 20 Accuracy,GPR + N-gram,GPR + Physchem,0.7626305677573554,3.5
50,SOX30_HUMAN_Tsuboyama_2023_7JJK,Top 20 Accuracy,GPR + ESM2,GPR + Morgan,0.9,1.5
50,SOX30_HUMAN_Tsuboyama_2023_7JJK,Top 20 Accuracy,GPR + ESM2,GPR + N-gram,0.0017590663155260255,18.0
50,SOX30_HUMAN_Tsuboyama_2023_7JJK,Top 20 Accuracy,GPR + ESM2,GPR + Physchem,0.00752838551295909,15.5
50,SOX30_HUMAN_Tsuboyama_2023_7JJK,Top 20 Accuracy,GPR + Morgan,GPR + N-gram,0.004240949642866365,16.5
50,SOX30_HUMAN_Tsuboyama_2023_7JJK,Top 20 Accuracy,GPR + Morgan,GPR + Physchem,0.017351182418331335,14.0
50,SOX30_HUMAN_Tsuboyama_2023_7JJK,Top 20 Accuracy,GPR + N-gram,GPR + Physchem,0.9,-2.5
50,YNZC_BACSU_Tsuboyama_2023_2JVD,Top 20 Accuracy,GPR + ESM2,GPR + Morgan,0.001,32.5
50,YNZC_BACSU_Tsuboyama_2023_2JVD,Top 20 Accuracy,GPR + ESM2,GPR + N-gram,0.001,20.0
50,YNZC_BACSU_Tsuboyama_2023_2JVD,Top 20 Accuracy,GPR + ESM2,GPR + Physchem,0.001,18.5
50,YNZC_BACSU_Tsuboyama_2023_2JVD,Top 20 Accuracy,GPR + Morgan,GPR + N-gram,0.021846656784193175,-12.5
50,YNZC_BACSU_Tsuboyama_2023_2JVD,Top 20 Accuracy,GPR + Morgan,GPR + Physchem,0.008915153790404862,-14.0
50,YNZC_BACSU_Tsuboyama_2023_2JVD,Top 20 Accuracy,GPR + N-gram,GPR + Physchem,0.9,-1.5
75,A0A247D711_LISMN_Stadelmann_2021,Top 20 Accuracy,GPR + ESM2,GPR + Morgan,0.9,0.0
75,A0A247D711_LISMN_Stadelmann_2021,Top 20 Accuracy,GPR + ESM2,GPR + N-gram,0.9,0.0
75,A0A247D711_LISMN_Stadelmann_2021,Top 20 Accuracy,GPR + ESM2,GPR + Physchem,0.9,-1.0
75,A0A247D711_LISMN_Stadelmann_2021,Top 20 Accuracy,GPR + Morgan,GPR + N-gram,0.9,0.0
75,A0A247D711_LISMN_Stadelmann_2021,Top 20 Accuracy,GPR + Morgan,GPR + Physchem,0.9,-1.0
75,A0A247D711_LISMN_Stadelmann_2021,Top 20 Accuracy,GPR + N-gram,GPR + Physchem,0.9,-1.0
75,DN7A_SACS2_Tsuboyama_2023_1JIC,Top 20 Accuracy,GPR + ESM2,GPR + Morgan,0.004503569090762771,12.5
75,DN7A_SACS2_Tsuboyama_2023_1JIC,Top 20 Accuracy,GPR + ESM2,GPR + N-gram,0.001,21.5
75,DN7A_SACS2_Tsuboyama_2023_1JIC,Top 20 Accuracy,GPR + ESM2,GPR + Physchem,0.001,22.0
75,DN7A_SACS2_Tsuboyama_2023_1JIC,Top 20 Accuracy,GPR + Morgan,GPR + N-gram,0.05442320933722655,9.0
75,DN7A_SACS2_Tsuboyama_2023_1JIC,Top 20 Accuracy,GPR + Morgan,GPR + Physchem,0.03912459339177221,9.5
75,DN7A_SACS2_Tsuboyama_2023_1JIC,Top 20 Accuracy,GPR + N-gram,GPR + Physchem,0.9,0.5
75,ENVZ_ECOLI_Ghose_2023,Top 20 Accuracy,GPR + ESM2,GPR + Morgan,0.9,0.0
75,ENVZ_ECOLI_Ghose_2023,Top 20 Accuracy,GPR + ESM2,GPR + N-gram,0.9,-1.0
75,ENVZ_ECOLI_Ghose_2023,Top 20 Accuracy,GPR + ESM2,GPR + Physchem,0.7689486799977054,2.0
75,ENVZ_ECOLI_Ghose_2023,Top 20 Accuracy,GPR + Morgan,GPR + N-gram,0.9,-1.0
75,ENVZ_ECOLI_Ghose_2023,Top 20 Accuracy,GPR + Morgan,GPR + Physchem,0.7689486799977054,2.0
75,ENVZ_ECOLI_Ghose_2023,Top 20 Accuracy,GPR + N-gram,GPR + Physchem,0.5138843979077994,3.0
75,FKBP3_HUMAN_Tsuboyama_2023_2KFV,Top 20 Accuracy,GPR + ESM2,GPR + Morgan,0.9,-0.5
75,FKBP3_HUMAN_Tsuboyama_2023_2KFV,Top 20 Accuracy,GPR + ESM2,GPR + N-gram,0.6776372830814837,-3.5
75,FKBP3_HUMAN_Tsuboyama_2023_2KFV,Top 20 Accuracy,GPR + ESM2,GPR + Physchem,0.9,2.0
75,FKBP3_HUMAN_Tsuboyama_2023_2KFV,Top 20 Accuracy,GPR + Morgan,GPR + N-gram,0.7635563515653547,-3.0
75,FKBP3_HUMAN_Tsuboyama_2023_2KFV,Top 20 Accuracy,GPR + Morgan,GPR + Physchem,0.8494767903547701,2.5
75,FKBP3_HUMAN_Tsuboyama_2023_2KFV,Top 20 Accuracy,GPR + N-gram,GPR + Physchem,0.3341295795997363,5.5
75,MAFG_MOUSE_Tsuboyama_2023_1K1V,Top 20 Accuracy,GPR + ESM2,GPR + Morgan,0.001,21.0
75,MAFG_MOUSE_Tsuboyama_2023_1K1V,Top 20 Accuracy,GPR + ESM2,GPR + N-gram,0.001,18.0
75,MAFG_MOUSE_Tsuboyama_2023_1K1V,Top 20 Accuracy,GPR + ESM2,GPR + Physchem,0.001,18.0
75,MAFG_MOUSE_Tsuboyama_2023_1K1V,Top 20 Accuracy,GPR + Morgan,GPR + N-gram,0.7991259811840998,-3.0
75,MAFG_MOUSE_Tsuboyama_2023_1K1V,Top 20 Accuracy,GPR + Morgan,GPR + Physchem,0.7991259811840998,-3.0
75,MAFG_MOUSE_Tsuboyama_2023_1K1V,Top 20 Accuracy,GPR + N-gram,GPR + Physchem,0.9,0.0
75,POLG_PESV_Tsuboyama_2023_2MXD,Top 20 Accuracy,GPR + ESM2,GPR + Morgan,0.001,25.0
75,POLG_PESV_Tsuboyama_2023_2MXD,Top 20 Accuracy,GPR + ESM2,GPR + N-gram,0.001,15.0
75,POLG_PESV_Tsuboyama_2023_2MXD,Top 20 Accuracy,GPR + ESM2,GPR + Physchem,0.001,17.5
75,POLG_PESV_Tsuboyama_2023_2MXD,Top 20 Accuracy,GPR + Morgan,GPR + N-gram,0.03158767689214936,-10.0
75,POLG_PESV_Tsuboyama_2023_2MXD,Top 20 Accuracy,GPR + Morgan,GPR + Physchem,0.14698853242012444,-7.5
75,POLG_PESV_Tsuboyama_2023_2MXD,Top 20 Accuracy,GPR + N-gram,GPR + Physchem,0.8745729822621529,2.5
75,SBI_STAAM_Tsuboyama_2023_2JVG,Top 20 Accuracy,GPR + ESM2,GPR + Morgan,0.001,20.5
75,SBI_STAAM_Tsuboyama_2023_2JVG,Top 20 Accuracy,GPR + ESM2,GPR + N-gram,0.0057116192053418,13.0
75,SBI_STAAM_Tsuboyama_2023_2JVG,Top 20 Accuracy,GPR + ESM2,GPR + Physchem,0.001,16.5
75,SBI_STAAM_Tsuboyama_2023_2JVG,Top 20 Accuracy,GPR + Morgan,GPR + N-gram,0.17633483178829545,-7.5
75,SBI_STAAM_Tsuboyama_2023_2JVG,Top 20 Accuracy,GPR + Morgan,GPR + Physchem,0.6610348640149735,-4.0
75,SBI_STAAM_Tsuboyama_2023_2JVG,Top 20 Accuracy,GPR + N-gram,GPR + Physchem,0.7382920805899514,3.5
75,SDA_BACSU_Tsuboyama_2023_1PV0,Top 20 Accuracy,GPR + ESM2,GPR + Morgan,0.001,15.0
75,SDA_BACSU_Tsuboyama_2023_1PV0,Top 20 Accuracy,GPR + ESM2,GPR + N-gram,0.001,16.0
75,SDA_BACSU_Tsuboyama_2023_1PV0,Top 20 Accuracy,GPR + ESM2,GPR + Physchem,0.001,15.5
75,SDA_BACSU_Tsuboyama_2023_1PV0,Top 20 Accuracy,GPR + Morgan,GPR + N-gram,0.9,1.0
75,SDA_BACSU_Tsuboyama_2023_1PV0,Top 20 Accuracy,GPR + Morgan,GPR + Physchem,0.9,0.5
75,SDA_BACSU_Tsuboyama_2023_1PV0,Top 20 Accuracy,GPR + N-gram,GPR + Physchem,0.9,-0.5
75,SOX30_HUMAN_Tsuboyama_2023_7JJK,Top 20 Accuracy,GPR + ESM2,GPR + Morgan,0.9,-0.5
75,SOX30_HUMAN_Tsuboyama_2023_7JJK,Top 20 Accuracy,GPR + ESM2,GPR + N-gram,0.03330744810326791,13.5
75,SOX30_HUMAN_Tsuboyama_2023_7JJK,Top 20 Accuracy,GPR + ESM2,GPR + Physchem,0.003111335432045337,18.0
75,SOX30_HUMAN_Tsuboyama_2023_7JJK,Top 20 Accuracy,GPR + Morgan,GPR + N-gram,0.025990145775670492,14.0
75,SOX30_HUMAN_Tsuboyama_2023_7JJK,Top 20 Accuracy,GPR + Morgan,GPR + Physchem,0.002358344459520545,18.5
75,SOX30_HUMAN_Tsuboyama_2023_7JJK,Top 20 Accuracy,GPR + N-gram,GPR + Physchem,0.7440085066113403,4.5
75,YNZC_BACSU_Tsuboyama_2023_2JVD,Top 20 Accuracy,GPR + ESM2,GPR + Morgan,0.001,23.5
75,YNZC_BACSU_Tsuboyama_2023_2JVD,Top 20 Accuracy,GPR + ESM2,GPR + N-gram,0.0037145648624605787,18.5
75,YNZC_BACSU_Tsuboyama_2023_2JVD,Top 20 Accuracy,GPR + ESM2,GPR + Physchem,0.06960499228577754,12.5
75,YNZC_BACSU_Tsuboyama_2023_2JVD,Top 20 Accuracy,GPR + Morgan,GPR + N-gram,0.710940094579531,-5.0
75,YNZC_BACSU_Tsuboyama_2023_2JVD,Top 20 Accuracy,GPR + Morgan,GPR + Physchem,0.1295798089571738,-11.0
75,YNZC_BACSU_Tsuboyama_2023_2JVD,Top 20 Accuracy,GPR + N-gram,GPR + Physchem,0.597311788253315,-6.0
100,A0A247D711_LISMN_Stadelmann_2021,Top 20 Accuracy,GPR + ESM2,GPR + Morgan,0.07891119711440098,4.0
100,A0A247D711_LISMN_Stadelmann_2021,Top 20 Accuracy,GPR + ESM2,GPR + N-gram,0.9,1.0
100,A0A247D711_LISMN_Stadelmann_2021,Top 20 Accuracy,GPR + ESM2,GPR + Physchem,0.4094529305124124,2.5
100,A0A247D711_LISMN_Stadelmann_2021,Top 20 Accuracy,GPR + Morgan,GPR + N-gram,0.2551099719493547,-3.0
100,A0A247D711_LISMN_Stadelmann_2021,Top 20 Accuracy,GPR + Morgan,GPR + Physchem,0.7588316155443005,-1.5
100,A0A247D711_LISMN_Stadelmann_2021,Top 20 Accuracy,GPR + N-gram,GPR + Physchem,0.7588316155443005,1.5
100,DN7A_SACS2_Tsuboyama_2023_1JIC,Top 20 Accuracy,GPR + ESM2,GPR + Morgan,0.0015608203048008695,13.5
100,DN7A_SACS2_Tsuboyama_2023_1JIC,Top 20 Accuracy,GPR + ESM2,GPR + N-gram,0.001,24.0
100,DN7A_SACS2_Tsuboyama_2023_1JIC,Top 20 Accuracy,GPR + ESM2,GPR + Physchem,0.001,23.5
100,DN7A_SACS2_Tsuboyama_2023_1JIC,Top 20 Accuracy,GPR + Morgan,GPR + N-gram,0.015948540093159602,10.5
100,DN7A_SACS2_Tsuboyama_2023_1JIC,Top 20 Accuracy,GPR + Morgan,GPR + Physchem,0.022952105077831852,10.0
100,DN7A_SACS2_Tsuboyama_2023_1JIC,Top 20 Accuracy,GPR + N-gram,GPR + Physchem,0.9,-0.5
100,ENVZ_ECOLI_Ghose_2023,Top 20 Accuracy,GPR + ESM2,GPR + Morgan,0.38107657596084854,4.0
100,ENVZ_ECOLI_Ghose_2023,Top 20 Accuracy,GPR + ESM2,GPR + N-gram,0.9,1.0
100,ENVZ_ECOLI_Ghose_2023,Top 20 Accuracy,GPR + ESM2,GPR + Physchem,0.7193382826964447,2.5
100,ENVZ_ECOLI_Ghose_2023,Top 20 Accuracy,GPR + Morgan,GPR + N-gram,0.607392957962721,-3.0
100,ENVZ_ECOLI_Ghose_2023,Top 20 Accuracy,GPR + Morgan,GPR + Physchem,0.9,-1.5
100,ENVZ_ECOLI_Ghose_2023,Top 20 Accuracy,GPR + N-gram,GPR + Physchem,0.9,1.5
100,FKBP3_HUMAN_Tsuboyama_2023_2KFV,Top 20 Accuracy,GPR + ESM2,GPR + Morgan,0.9,1.0
100,FKBP3_HUMAN_Tsuboyama_2023_2KFV,Top 20 Accuracy,GPR + ESM2,GPR + N-gram,0.37428794083163885,-4.0
100,FKBP3_HUMAN_Tsuboyama_2023_2KFV,Top 20 Accuracy,GPR + ESM2,GPR + Physchem,0.48900829273330515,3.5
100,FKBP3_HUMAN_Tsuboyama_2023_2KFV,Top 20 Accuracy,GPR + Morgan,GPR + N-gram,0.1947453893841542,-5.0
100,FKBP3_HUMAN_Tsuboyama_2023_2KFV,Top 20 Accuracy,GPR + Morgan,GPR + Physchem,0.7149940989808709,2.5
100,FKBP3_HUMAN_Tsuboyama_2023_2KFV,Top 20 Accuracy,GPR + N-gram,GPR + Physchem,0.02313119681291398,7.5
100,MAFG_MOUSE_Tsuboyama_2023_1K1V,Top 20 Accuracy,GPR + ESM2,GPR + Morgan,0.001,23.0
100,MAFG_MOUSE_Tsuboyama_2023_1K1V,Top 20 Accuracy,GPR + ESM2,GPR + N-gram,0.001,18.5
100,MAFG_MOUSE_Tsuboyama_2023_1K1V,Top 20 Accuracy,GPR + ESM2,GPR + Physchem,0.001,22.5
100,MAFG_MOUSE_Tsuboyama_2023_1K1V,Top 20 Accuracy,GPR + Morgan,GPR + N-gram,0.39027201257535116,-4.5
100,MAFG_MOUSE_Tsuboyama_2023_1K1V,Top 20 Accuracy,GPR + Morgan,GPR + Physchem,0.9,-0.5
100,MAFG_MOUSE_Tsuboyama_2023_1K1V,Top 20 Accuracy,GPR + N-gram,GPR + Physchem,0.4910114923208123,4.0
100,POLG_PESV_Tsuboyama_2023_2MXD,Top 20 Accuracy,GPR + ESM2,GPR + Morgan,0.001,26.0
100,POLG_PESV_Tsuboyama_2023_2MXD,Top 20 Accuracy,GPR + ESM2,GPR + N-gram,0.001,14.5
100,POLG_PESV_Tsuboyama_2023_2MXD,Top 20 Accuracy,GPR + ESM2,GPR + Physchem,0.001,18.5
100,POLG_PESV_Tsuboyama_2023_2MXD,Top 20 Accuracy,GPR + Morgan,GPR + N-gram,0.00281148510223872,-11.5
100,POLG_PESV_Tsuboyama_2023_2MXD,Top 20 Accuracy,GPR + Morgan,GPR + Physchem,0.0724068320332637,-7.5
100,POLG_PESV_Tsuboyama_2023_2MXD,Top 20 Accuracy,GPR + N-gram,GPR + Physchem,0.5270636260606327,4.0
100,SBI_STAAM_Tsuboyama_2023_2JVG,Top 20 Accuracy,GPR + ESM2,GPR + Morgan,0.001,25.0
100,SBI_STAAM_Tsuboyama_2023_2JVG,Top 20 Accuracy,GPR + ESM2,GPR + N-gram,0.001,13.5
100,SBI_STAAM_Tsuboyama_2023_2JVG,Top 20 Accuracy,GPR + ESM2,GPR + Physchem,0.001,22.5
100,SBI_STAAM_Tsuboyama_2023_2JVG,Top 20 Accuracy,GPR + Morgan,GPR + N-gram,0.00164880026957126,-11.5
100,SBI_STAAM_Tsuboyama_2023_2JVG,Top 20 Accuracy,GPR + Morgan,GPR + Physchem,0.7843595210496503,-2.5
100,SBI_STAAM_Tsuboyama_2023_2JVG,Top 20 Accuracy,GPR + N-gram,GPR + Physchem,0.015794634300853594,9.0
100,SDA_BACSU_Tsuboyama_2023_1PV0,Top 20 Accuracy,GPR + ESM2,GPR + Morgan,0.001,20.5
100,SDA_BACSU_Tsuboyama_2023_1PV0,Top 20 Accuracy,GPR + ESM2,GPR + N-gram,0.001,22.5
100,SDA_BACSU_Tsuboyama_2023_1PV0,Top 20 Accuracy,GPR + ESM2,GPR + Physchem,0.001,18.5
100,SDA_BACSU_Tsuboyama_2023_1PV0,Top 20 Accuracy,GPR + Morgan,GPR + N-gram,0.9,2.0
100,SDA_BACSU_Tsuboyama_2023_1PV0,Top 20 Accuracy,GPR + Morgan,GPR + Physchem,0.9,-2.0
100,SDA_BACSU_Tsuboyama_2023_1PV0,Top 20 Accuracy,GPR + N-gram,GPR + Physchem,0.6926546117168964,-4.0
100,SOX30_HUMAN_Tsuboyama_2023_7JJK,Top 20 Accuracy,GPR + ESM2,GPR + Morgan,0.9,0.5
100,SOX30_HUMAN_Tsuboyama_2023_7JJK,Top 20 Accuracy,GPR + ESM2,GPR + N-gram,0.3814130520504816,8.0
100,SOX30_HUMAN_Tsuboyama_2023_7JJK,Top 20 Accuracy,GPR + ESM2,GPR + Physchem,0.001,22.5
100,SOX30_HUMAN_Tsuboyama_2023_7JJK,Top 20 Accuracy,GPR + Morgan,GPR + N-gram,0.43777318008462573,7.5
100,SOX30_HUMAN_Tsuboyama_2023_7JJK,Top 20 Accuracy,GPR + Morgan,GPR + Physchem,0.001,22.0
100,SOX30_HUMAN_Tsuboyama_2023_7JJK,Top 20 Accuracy,GPR + N-gram,GPR + Physchem,0.0309890589424775,14.5
100,YNZC_BACSU_Tsuboyama_2023_2JVD,Top 20 Accuracy,GPR + ESM2,GPR + Morgan,0.001,24.5
100,YNZC_BACSU_Tsuboyama_2023_2JVD,Top 20 Accuracy,GPR + ESM2,GPR + N-gram,0.013449696412476286,14.5
100,YNZC_BACSU_Tsuboyama_2023_2JVD,Top 20 Accuracy,GPR + ESM2,GPR + Physchem,0.001,20.0
100,YNZC_BACSU_Tsuboyama_2023_2JVD,Top 20 Accuracy,GPR + Morgan,GPR + N-gram,0.12788743643679623,-10.0
100,YNZC_BACSU_Tsuboyama_2023_2JVD,Top 20 Accuracy,GPR + Morgan,GPR + Physchem,0.7149312963727437,-4.5
100,YNZC_BACSU_Tsuboyama_2023_2JVD,Top 20 Accuracy,GPR + N-gram,GPR + Physchem,0.5895667774814863,5.5
200,A0A247D711_LISMN_Stadelmann_2021,Top 20 Accuracy,GPR + ESM2,GPR + Morgan,0.26432694662989475,4.0
200,A0A247D711_LISMN_Stadelmann_2021,Top 20 Accuracy,GPR + ESM2,GPR + N-gram,0.9,-1.0
200,A0A247D711_LISMN_Stadelmann_2021,Top 20 Accuracy,GPR + ESM2,GPR + Physchem,0.26432694662989475,4.0
200,A0A247D711_LISMN_Stadelmann_2021,Top 20 Accuracy,GPR + Morgan,GPR + N-gram,0.11451501849748158,-5.0
200,A0A247D711_LISMN_Stadelmann_2021,Top 20 Accuracy,GPR + Morgan,GPR + Physchem,0.9,0.0
200,A0A247D711_LISMN_Stadelmann_2021,Top 20 Accuracy,GPR + N-gram,GPR + Physchem,0.11451501849748158,5.0
200,DN7A_SACS2_Tsuboyama_2023_1JIC,Top 20 Accuracy,GPR + ESM2,GPR + Morgan,0.001,13.5
200,DN7A_SACS2_Tsuboyama_2023_1JIC,Top 20 Accuracy,GPR + ESM2,GPR + N-gram,0.001,25.5
200,DN7A_SACS2_Tsuboyama_2023_1JIC,Top 20 Accuracy,GPR + ESM2,GPR + Physchem,0.001,22.5
200,DN7A_SACS2_Tsuboyama_2023_1JIC,Top 20 Accuracy,GPR + Morgan,GPR + N-gram,0.0011445717170012193,12.0
200,DN7A_SACS2_Tsuboyama_2023_1JIC,Top 20 Accuracy,GPR + Morgan,GPR + Physchem,0.016954379916329643,9.0
200,DN7A_SACS2_Tsuboyama_2023_1JIC,Top 20 Accuracy,GPR + N-gram,GPR + Physchem,0.6908554803552629,-3.0
200,ENVZ_ECOLI_Ghose_2023,Top 20 Accuracy,GPR + ESM2,GPR + Morgan,0.18924400813230235,4.5
200,ENVZ_ECOLI_Ghose_2023,Top 20 Accuracy,GPR + ESM2,GPR + N-gram,0.9,1.0
200,ENVZ_ECOLI_Ghose_2023,Top 20 Accuracy,GPR + ESM2,GPR + Physchem,0.9,1.0
200,ENVZ_ECOLI_Ghose_2023,Top 20 Accuracy,GPR + Morgan,GPR + N-gram,0.3921126374285263,-3.5
200,ENVZ_ECOLI_Ghose_2023,Top 20 Accuracy,GPR + Morgan,GPR + Physchem,0.3921126374285263,-3.5
200,ENVZ_ECOLI_Ghose_2023,Top 20 Accuracy,GPR + N-gram,GPR + Physchem,0.9,0.0
200,FKBP3_HUMAN_Tsuboyama_2023_2KFV,Top 20 Accuracy,GPR + ESM2,GPR + Morgan,0.495802726973416,4.0
200,FKBP3_HUMAN_Tsuboyama_2023_2KFV,Top 20 Accuracy,GPR + ESM2,GPR + N-gram,0.9,-0.5
200,FKBP3_HUMAN_Tsuboyama_2023_2KFV,Top 20 Accuracy,GPR + ESM2,GPR + Physchem,0.789610866098989,2.5
200,FKBP3_HUMAN_Tsuboyama_2023_2KFV,Top 20 Accuracy,GPR + Morgan,GPR + N-gram,0.3954539910025925,-4.5
200,FKBP3_HUMAN_Tsuboyama_2023_2KFV,Top 20 Accuracy,GPR + Morgan,GPR + Physchem,0.9,-1.5
200,FKBP3_HUMAN_Tsuboyama_2023_2KFV,Top 20 Accuracy,GPR + N-gram,GPR + Physchem,0.6917199216197998,3.0
200,MAFG_MOUSE_Tsuboyama_2023_1K1V,Top 20 Accuracy,GPR + ESM2,GPR + Morgan,0.001,27.0
200,MAFG_MOUSE_Tsuboyama_2023_1K1V,Top 20 Accuracy,GPR + ESM2,GPR + N-gram,0.0027922668921248617,16.5
200,MAFG_MOUSE_Tsuboyama_2023_1K1V,Top 20 Accuracy,GPR + ESM2,GPR + Physchem,0.001,24.0
200,MAFG_MOUSE_Tsuboyama_2023_1K1V,Top 20 Accuracy,GPR + Morgan,GPR + N-gram,0.08208804588080776,-10.5
200,MAFG_MOUSE_Tsuboyama_2023_1K1V,Top 20 Accuracy,GPR + Morgan,GPR + Physchem,0.8857047089582828,-3.0
200,MAFG_MOUSE_Tsuboyama_2023_1K1V,Top 20 Accuracy,GPR + N-gram,GPR + Physchem,0.3008021458997837,7.5
200,POLG_PESV_Tsuboyama_2023_2MXD,Top 20 Accuracy,GPR + ESM2,GPR + Morgan,0.001,25.5
200,POLG_PESV_Tsuboyama_2023_2MXD,Top 20 Accuracy,GPR + ESM2,GPR + N-gram,0.026243631349525676,11.0
200,POLG_PESV_Tsuboyama_2023_2MXD,Top 20 Accuracy,GPR + ESM2,GPR + Physchem,0.001,24.5
200,POLG_PESV_Tsuboyama_2023_2MXD,Top 20 Accuracy,GPR + Morgan,GPR + N-gram,0.002451716951176075,-14.5
200,POLG_PESV_Tsuboyama_2023_2MXD,Top 20 Accuracy,GPR + Morgan,GPR + Physchem,0.9,-1.0
200,POLG_PESV_Tsuboyama_2023_2MXD,Top 20 Accuracy,GPR + N-gram,GPR + Physchem,0.0049436724915031816,13.5
200,SBI_STAAM_Tsuboyama_2023_2JVG,Top 20 Accuracy,GPR + ESM2,GPR + Morgan,0.001,27.0
200,SBI_STAAM_Tsuboyama_2023_2JVG,Top 20 Accuracy,GPR + ESM2,GPR + N-gram,0.001,14.0
200,SBI_STAAM_Tsuboyama_2023_2JVG,Top 20 Accuracy,GPR + ESM2,GPR + Physchem,0.001,23.5
200,SBI_STAAM_Tsuboyama_2023_2JVG,Top 20 Accuracy,GPR + Morgan,GPR + N-gram,0.001,-13.0
200,SBI_STAAM_Tsuboyama_2023_2JVG,Top 20 Accuracy,GPR + Morgan,GPR + Physchem,0.5795147601275628,-3.5
200,SBI_STAAM_Tsuboyama_2023_2JVG,Top 20 Accuracy,GPR + N-gram,GPR + Physchem,0.009388087235083109,9.5
200,SDA_BACSU_Tsuboyama_2023_1PV0,Top 20 Accuracy,GPR + ESM2,GPR + Morgan,0.001,20.0
200,SDA_BACSU_Tsuboyama_2023_1PV0,Top 20 Accuracy,GPR + ESM2,GPR + N-gram,0.001,20.0
200,SDA_BACSU_Tsuboyama_2023_1PV0,Top 20 Accuracy,GPR + ESM2,GPR + Physchem,0.001,18.0
200,SDA_BACSU_Tsuboyama_2023_1PV0,Top 20 Accuracy,GPR + Morgan,GPR + N-gram,0.9,0.0
200,SDA_BACSU_Tsuboyama_2023_1PV0,Top 20 Accuracy,GPR + Morgan,GPR + Physchem,0.9,-2.0
200,SDA_BACSU_Tsuboyama_2023_1PV0,Top 20 Accuracy,GPR + N-gram,GPR + Physchem,0.9,-2.0
200,SOX30_HUMAN_Tsuboyama_2023_7JJK,Top 20 Accuracy,GPR + ESM2,GPR + Morgan,0.5764205708718904,4.5
200,SOX30_HUMAN_Tsuboyama_2023_7JJK,Top 20 Accuracy,GPR + ESM2,GPR + N-gram,0.001,23.0
200,SOX30_HUMAN_Tsuboyama_2023_7JJK,Top 20 Accuracy,GPR + ESM2,GPR + Physchem,0.001,28.0
200,SOX30_HUMAN_Tsuboyama_2023_7JJK,Top 20 Accuracy,GPR + Morgan,GPR + N-gram,0.001,18.5
200,SOX30_HUMAN_Tsuboyama_2023_7JJK,Top 20 Accuracy,GPR + Morgan,GPR + Physchem,0.001,23.5
200,SOX30_HUMAN_Tsuboyama_2023_7JJK,Top 20 Accuracy,GPR + N-gram,GPR + Physchem,0.4982976285867001,5.0
200,YNZC_BACSU_Tsuboyama_2023_2JVD,Top 20 Accuracy,GPR + ESM2,GPR + Morgan,0.001,24.5
200,YNZC_BACSU_Tsuboyama_2023_2JVD,Top 20 Accuracy,GPR + ESM2,GPR + N-gram,0.001,20.5
200,YNZC_BACSU_Tsuboyama_2023_2JVD,Top 20 Accuracy,GPR + ESM2,GPR + Physchem,0.14590067449149324,9.0
200,YNZC_BACSU_Tsuboyama_2023_2JVD,Top 20 Accuracy,GPR + Morgan,GPR + N-gram,0.7387780530064446,-4.0
200,YNZC_BACSU_Tsuboyama_2023_2JVD,Top 20 Accuracy,GPR + Morgan,GPR + Physchem,0.0038629313582730918,-15.5
200,YNZC_BACSU_Tsuboyama_2023_2JVD,Top 20 Accuracy,GPR + N-gram,GPR + Physchem,0.0411724481155028,-11.5
350,A0A247D711_LISMN_Stadelmann_2021,Top 20 Accuracy,GPR + ESM2,GPR + Morgan,0.798654411680861,2.0
350,A0A247D711_LISMN_Stadelmann_2021,Top 20 Accuracy,GPR + ESM2,GPR + N-gram,0.798654411680861,2.0
350,A0A247D711_LISMN_Stadelmann_2021,Top 20 Accuracy,GPR + ESM2,GPR + Physchem,0.3201029995156942,4.0
350,A0A247D711_LISMN_Stadelmann_2021,Top 20 Accuracy,GPR + Morgan,GPR + N-gram,0.9,0.0
350,A0A247D711_LISMN_Stadelmann_2021,Top 20 Accuracy,GPR + Morgan,GPR + Physchem,0.798654411680861,2.0
350,A0A247D711_LISMN_Stadelmann_2021,Top 20 Accuracy,GPR + N-gram,GPR + Physchem,0.798654411680861,2.0
350,DN7A_SACS2_Tsuboyama_2023_1JIC,Top 20 Accuracy,GPR + ESM2,GPR + Morgan,0.001,20.0
350,DN7A_SACS2_Tsuboyama_2023_1JIC,Top 20 Accuracy,GPR + ESM2,GPR + N-gram,0.001,33.0
350,DN7A_SACS2_Tsuboyama_2023_1JIC,Top 20 Accuracy,GPR + ESM2,GPR + Physchem,0.001,30.5
350,DN7A_SACS2_Tsuboyama_2023_1JIC,Top 20 Accuracy,GPR + Morgan,GPR + N-gram,0.0010715901086014723,13.0
350,DN7A_SACS2_Tsuboyama_2023_1JIC,Top 20 Accuracy,GPR + Morgan,GPR + Physchem,0.00887095373711666,10.5
350,DN7A_SACS2_Tsuboyama_2023_1JIC,Top 20 Accuracy,GPR + N-gram,GPR + Physchem,0.823971403180243,-2.5
350,ENVZ_ECOLI_Ghose_2023,Top 20 Accuracy,GPR + ESM2,GPR + Morgan,0.26409402112757796,3.5
350,ENVZ_ECOLI_Ghose_2023,Top 20 Accuracy,GPR + ESM2,GPR + N-gram,0.838170470464973,1.5
350,ENVZ_ECOLI_Ghose_2023,Top 20 Accuracy,GPR + ESM2,GPR + Physchem,0.9,-1.0
350,ENVZ_ECOLI_Ghose_2023,Top 20 Accuracy,GPR + Morgan,GPR + N-gram,0.6912019609277475,-2.0
350,ENVZ_ECOLI_Ghose_2023,Top 20 Accuracy,GPR + Morgan,GPR + Physchem,0.10010446481163016,-4.5
350,ENVZ_ECOLI_Ghose_2023,Top 20 Accuracy,GPR + N-gram,GPR + Physchem,0.5442323393118839,-2.5
350,FKBP3_HUMAN_Tsuboyama_2023_2KFV,Top 20 Accuracy,GPR + ESM2,GPR + Morgan,0.05232591368025585,7.0
350,FKBP3_HUMAN_Tsuboyama_2023_2KFV,Top 20 Accuracy,GPR + ESM2,GPR + N-gram,0.1682532792502197,5.5
350,FKBP3_HUMAN_Tsuboyama_2023_2KFV,Top 20 Accuracy,GPR + ESM2,GPR + Physchem,0.9,1.0
350,FKBP3_HUMAN_Tsuboyama_2023_2KFV,Top 20 Accuracy,GPR + Morgan,GPR + N-gram,0.9,-1.5
350,FKBP3_HUMAN_Tsuboyama_2023_2KFV,Top 20 Accuracy,GPR + Morgan,GPR + Physchem,0.1167931973810673,-6.0
350,FKBP3_HUMAN_Tsuboyama_2023_2KFV,Top 20 Accuracy,GPR + N-gram,GPR + Physchem,0.32077759871156686,-4.5
350,MAFG_MOUSE_Tsuboyama_2023_1K1V,Top 20 Accuracy,GPR + ESM2,GPR + Morgan,0.001,37.5
350,MAFG_MOUSE_Tsuboyama_2023_1K1V,Top 20 Accuracy,GPR + ESM2,GPR + N-gram,0.001,30.5
350,MAFG_MOUSE_Tsuboyama_2023_1K1V,Top 20 Accuracy,GPR + ESM2,GPR + Physchem,0.001,33.5
350,MAFG_MOUSE_Tsuboyama_2023_1K1V,Top 20 Accuracy,GPR + Morgan,GPR + N-gram,0.22034979741442617,-7.0
350,MAFG_MOUSE_Tsuboyama_2023_1K1V,Top 20 Accuracy,GPR + Morgan,GPR + Physchem,0.6568135288938004,-4.0
350,MAFG_MOUSE_Tsuboyama_2023_1K1V,Top 20 Accuracy,GPR + N-gram,GPR + Physchem,0.8123795245733457,3.0
350,POLG_PESV_Tsuboyama_2023_2MXD,Top 20 Accuracy,GPR + ESM2,GPR + Morgan,0.001,25.5
350,POLG_PESV_Tsuboyama_2023_2MXD,Top 20 Accuracy,GPR + ESM2,GPR + N-gram,0.001,16.5
350,POLG_PESV_Tsuboyama_2023_2MXD,Top 20 Accuracy,GPR + ESM2,GPR + Physchem,0.001,26.0
350,POLG_PESV_Tsuboyama_2023_2MXD,Top 20 Accuracy,GPR + Morgan,GPR + N-gram,0.0554891756895205,-9.0
350,POLG_PESV_Tsuboyama_2023_2MXD,Top 20 Accuracy,GPR + Morgan,GPR + Physchem,0.9,0.5
350,POLG_PESV_Tsuboyama_2023_2MXD,Top 20 Accuracy,GPR + N-gram,GPR + Physchem,0.039958327293695084,9.5
350,SBI_STAAM_Tsuboyama_2023_2JVG,Top 20 Accuracy,GPR + ESM2,GPR + Morgan,0.001,38.5
350,SBI_STAAM_Tsuboyama_2023_2JVG,Top 20 Accuracy,GPR + ESM2,GPR + N-gram,0.001,26.0
350,SBI_STAAM_Tsuboyama_2023_2JVG,Top 20 Accuracy,GPR + ESM2,GPR + Physchem,0.001,32.5
350,SBI_STAAM_Tsuboyama_2023_2JVG,Top 20 Accuracy,GPR + Morgan,GPR + N-gram,0.001,-12.5
350,SBI_STAAM_Tsuboyama_2023_2JVG,Top 20 Accuracy,GPR + Morgan,GPR + Physchem,0.12561270414182168,-6.0
350,SBI_STAAM_Tsuboyama_2023_2JVG,Top 20 Accuracy,GPR + N-gram,GPR + Physchem,0.08619788140974238,6.5
350,SDA_BACSU_Tsuboyama_2023_1PV0,Top 20 Accuracy,GPR + ESM2,GPR + Morgan,0.001,22.5
350,SDA_BACSU_Tsuboyama_2023_1PV0,Top 20 Accuracy,GPR + ESM2,GPR + N-gram,0.001,24.5
350,SDA_BACSU_Tsuboyama_2023_1PV0,Top 20 Accuracy,GPR + ESM2,GPR + Physchem,0.001,22.5
350,SDA_BACSU_Tsuboyama_2023_1PV0,Top 20 Accuracy,GPR + Morgan,GPR + N-gram,0.9,2.0
350,SDA_BACSU_Tsuboyama_2023_1PV0,Top 20 Accuracy,GPR + Morgan,GPR + Physchem,0.9,0.0
350,SDA_BACSU_Tsuboyama_2023_1PV0,Top 20 Accuracy,GPR + N-gram,GPR + Physchem,0.9,-2.0
350,SOX30_HUMAN_Tsuboyama_2023_7JJK,Top 20 Accuracy,GPR + ESM2,GPR + Morgan,0.05733804701290346,9.5
350,SOX30_HUMAN_Tsuboyama_2023_7JJK,Top 20 Accuracy,GPR + ESM2,GPR + N-gram,0.001,32.5
350,SOX30_HUMAN_Tsuboyama_2023_7JJK,Top 20 Accuracy,GPR + ESM2,GPR + Physchem,0.001,32.5
350,SOX30_HUMAN_Tsuboyama_2023_7JJK,Top 20 Accuracy,GPR + Morgan,GPR + N-gram,0.001,23.0
350,SOX30_HUMAN_Tsuboyama_2023_7JJK,Top 20 Accuracy,GPR + Morgan,GPR + Physchem,0.001,23.0
350,SOX30_HUMAN_Tsuboyama_2023_7JJK,Top 20 Accuracy,GPR + N-gram,GPR + Physchem,0.9,0.0
350,YNZC_BACSU_Tsuboyama_2023_2JVD,Top 20 Accuracy,GPR + ESM2,GPR + Morgan,0.001,32.5
350,YNZC_BACSU_Tsuboyama_2023_2JVD,Top 20 Accuracy,GPR + ESM2,GPR + N-gram,0.001,23.0
350,YNZC_BACSU_Tsuboyama_2023_2JVD,Top 20 Accuracy,GPR + ESM2,GPR + Physchem,0.001,20.0
350,YNZC_BACSU_Tsuboyama_2023_2JVD,Top 20 Accuracy,GPR + Morgan,GPR + N-gram,0.09291993703148016,-9.5
350,YNZC_BACSU_Tsuboyama_2023_2JVD,Top 20 Accuracy,GPR + Morgan,GPR + Physchem,0.016748809644219098,-12.5
350,YNZC_BACSU_Tsuboyama_2023_2JVD,Top 20 Accuracy,GPR + N-gram,GPR + Physchem,0.854883914920411,-3.0
500,A0A247D711_LISMN_Stadelmann_2021,Top 20 Accuracy,GPR + ESM2,GPR + Morgan,0.1855136381491459,4.5
500,A0A247D711_LISMN_Stadelmann_2021,Top 20 Accuracy,GPR + ESM2,GPR + N-gram,0.1855136381491459,4.5
500,A0A247D711_LISMN_Stadelmann_2021,Top 20 Accuracy,GPR + ESM2,GPR + Physchem,0.015975115904189652,7.0
500,A0A247D711_LISMN_Stadelmann_2021,Top 20 Accuracy,GPR + Morgan,GPR + N-gram,0.9,0.0
500,A0A247D711_LISMN_Stadelmann_2021,Top 20 Accuracy,GPR + Morgan,GPR + Physchem,0.6439442440514022,2.5
500,A0A247D711_LISMN_Stadelmann_2021,Top 20 Accuracy,GPR + N-gram,GPR + Physchem,0.6439442440514022,2.5
500,DN7A_SACS2_Tsuboyama_2023_1JIC,Top 20 Accuracy,GPR + ESM2,GPR + Morgan,0.001,26.0
500,DN7A_SACS2_Tsuboyama_2023_1JIC,Top 20 Accuracy,GPR + ESM2,GPR + N-gram,0.001,38.5
500,DN7A_SACS2_Tsuboyama_2023_1JIC,Top 20 Accuracy,GPR + ESM2,GPR + Physchem,0.001,37.0
500,DN7A_SACS2_Tsuboyama_2023_1JIC,Top 20 Accuracy,GPR + Morgan,GPR + N-gram,0.001,12.5
500,DN7A_SACS2_Tsuboyama_2023_1JIC,Top 20 Accuracy,GPR + Morgan,GPR + Physchem,0.001,11.0
500,DN7A_SACS2_Tsuboyama_2023_1JIC,Top 20 Accuracy,GPR + N-gram,GPR + Physchem,0.9,-1.5
500,ENVZ_ECOLI_Ghose_2023,Top 20 Accuracy,GPR + ESM2,GPR + Morgan,0.10919989550974507,5.0
500,ENVZ_ECOLI_Ghose_2023,Top 20 Accuracy,GPR + ESM2,GPR + N-gram,0.9,1.0
500,ENVZ_ECOLI_Ghose_2023,Top 20 Accuracy,GPR + ESM2,GPR + Physchem,0.9,0.0
500,ENVZ_ECOLI_Ghose_2023,Top 20 Accuracy,GPR + Morgan,GPR + N-gram,0.2561997598268603,-4.0
500,ENVZ_ECOLI_Ghose_2023,Top 20 Accuracy,GPR + Morgan,GPR + Physchem,0.10919989550974507,-5.0
500,ENVZ_ECOLI_Ghose_2023,Top 20 Accuracy,GPR + N-gram,GPR + Physchem,0.9,-1.0
500,FKBP3_HUMAN_Tsuboyama_2023_2KFV,Top 20 Accuracy,GPR + ESM2,GPR + Morgan,0.0059080619868098205,9.5
500,FKBP3_HUMAN_Tsuboyama_2023_2KFV,Top 20 Accuracy,GPR + ESM2,GPR + N-gram,0.8577732676747032,2.0
500,FKBP3_HUMAN_Tsuboyama_2023_2KFV,Top 20 Accuracy,GPR + ESM2,GPR + Physchem,0.33157525428149615,4.5
500,FKBP3_HUMAN_Tsuboyama_2023_2KFV,Top 20 Accuracy,GPR + Morgan,GPR + N-gram,0.03696032424259077,-7.5
500,FKBP3_HUMAN_Tsuboyama_2023_2KFV,Top 20 Accuracy,GPR + Morgan,GPR + Physchem,0.24555648383728634,-5.0
500,FKBP3_HUMAN_Tsuboyama_2023_2KFV,Top 20 Accuracy,GPR + N-gram,GPR + Physchem,0.7524496255222055,2.5
500,MAFG_MOUSE_Tsuboyama_2023_1K1V,Top 20 Accuracy,GPR + ESM2,GPR + Morgan,0.001,43.5
500,MAFG_MOUSE_Tsuboyama_2023_1K1V,Top 20 Accuracy,GPR + ESM2,GPR + N-gram,0.001,33.5
500,MAFG_MOUSE_Tsuboyama_2023_1K1V,Top 20 Accuracy,GPR + ESM2,GPR + Physchem,0.001,38.0
500,MAFG_MOUSE_Tsuboyama_2023_1K1V,Top 20 Accuracy,GPR + Morgan,GPR + N-gram,0.021808863697883818,-10.0
500,MAFG_MOUSE_Tsuboyama_2023_1K1V,Top 20 Accuracy,GPR + Morgan,GPR + Physchem,0.3403281723763699,-5.5
500,MAFG_MOUSE_Tsuboyama_2023_1K1V,Top 20 Accuracy,GPR + N-gram,GPR + Physchem,0.5113331513374533,4.5
500,POLG_PESV_Tsuboyama_2023_2MXD,Top 20 Accuracy,GPR + ESM2,GPR + Morgan,0.001,27.5
500,POLG_PESV_Tsuboyama_2023_2MXD,Top 20 Accuracy,GPR + ESM2,GPR + N-gram,0.001,20.5
500,POLG_PESV_Tsuboyama_2023_2MXD,Top 20 Accuracy,GPR + ESM2,GPR + Physchem,0.001,24.0
500,POLG_PESV_Tsuboyama_2023_2MXD,Top 20 Accuracy,GPR + Morgan,GPR + N-gram,0.14453853606772893,-7.0
500,POLG_PESV_Tsuboyama_2023_2MXD,Top 20 Accuracy,GPR + Morgan,GPR + Physchem,0.6698783597814626,-3.5
500,POLG_PESV_Tsuboyama_2023_2MXD,Top 20 Accuracy,GPR + N-gram,GPR + Physchem,0.6698783597814626,3.5
500,SBI_STAAM_Tsuboyama_2023_2JVG,Top 20 Accuracy,GPR + ESM2,GPR + Morgan,0.001,46.5
500,SBI_STAAM_Tsuboyama_2023_2JVG,Top 20 Accuracy,GPR + ESM2,GPR + N-gram,0.001,34.5
500,SBI_STAAM_Tsuboyama_2023_2JVG,Top 20 Accuracy,GPR + ESM2,GPR + Physchem,0.001,38.5
500,SBI_STAAM_Tsuboyama_2023_2JVG,Top 20 Accuracy,GPR + Morgan,GPR + N-gram,0.001,-12.0
500,SBI_STAAM_Tsuboyama_2023_2JVG,Top 20 Accuracy,GPR + Morgan,GPR + Physchem,0.0028240067383681344,-8.0
500,SBI_STAAM_Tsuboyama_2023_2JVG,Top 20 Accuracy,GPR + N-gram,GPR + Physchem,0.2261047723317372,4.0
500,SDA_BACSU_Tsuboyama_2023_1PV0,Top 20 Accuracy,GPR + ESM2,GPR + Morgan,0.001,26.0
500,SDA_BACSU_Tsuboyama_2023_1PV0,Top 20 Accuracy,GPR + ESM2,GPR + N-gram,0.001,27.5
500,SDA_BACSU_Tsuboyama_2023_1PV0,Top 20 Accuracy,GPR + ESM2,GPR + Physchem,0.001,22.5
500,SDA_BACSU_Tsuboyama_2023_1PV0,Top 20 Accuracy,GPR + Morgan,GPR + N-gram,0.9,1.5
500,SDA_BACSU_Tsuboyama_2023_1PV0,Top 20 Accuracy,GPR + Morgan,GPR + Physchem,0.7374965811917037,-3.5
500,SDA_BACSU_Tsuboyama_2023_1PV0,Top 20 Accuracy,GPR + N-gram,GPR + Physchem,0.5053917325980704,-5.0
500,SOX30_HUMAN_Tsuboyama_2023_7JJK,Top 20 Accuracy,GPR + ESM2,GPR + Morgan,0.0031176619079513745,14.0
500,SOX30_HUMAN_Tsuboyama_2023_7JJK,Top 20 Accuracy,GPR + ESM2,GPR + N-gram,0.001,36.0
500,SOX30_HUMAN_Tsuboyama_2023_7JJK,Top 20 Accuracy,GPR + ESM2,GPR + Physchem,0.001,34.0
500,SOX30_HUMAN_Tsuboyama_2023_7JJK,Top 20 Accuracy,GPR + Morgan,GPR + N-gram,0.001,22.0
500,SOX30_HUMAN_Tsuboyama_2023_7JJK,Top 20 Accuracy,GPR + Morgan,GPR + Physchem,0.001,20.0
500,SOX30_HUMAN_Tsuboyama_2023_7JJK,Top 20 Accuracy,GPR + N-gram,GPR + Physchem,0.9,-2.0
500,YNZC_BACSU_Tsuboyama_2023_2JVD,Top 20 Accuracy,GPR + ESM2,GPR + Morgan,0.001,32.5
500,YNZC_BACSU_Tsuboyama_2023_2JVD,Top 20 Accuracy,GPR + ESM2,GPR + N-gram,0.001,22.0
500,YNZC_BACSU_Tsuboyama_2023_2JVD,Top 20 Accuracy,GPR + ESM2,GPR + Physchem,0.001,18.5
500,YNZC_BACSU_Tsuboyama_2023_2JVD,Top 20 Accuracy,GPR + Morgan,GPR + N-gram,0.05267305888681828,-10.5
500,YNZC_BACSU_Tsuboyama_2023_2JVD,Top 20 Accuracy,GPR + Morgan,GPR + Physchem,0.006243396936793988,-14.0
500,YNZC_BACSU_Tsuboyama_2023_2JVD,Top 20 Accuracy,GPR + N-gram,GPR + Physchem,0.7818211603458273,-3.5
