Model,CV MSE,Test MSE,Test RMSE,Test MAE,Test R2,Test Spearman Correlation,Top 20 Accuracy,Seed,Label,Train Size,Foundation,Dataset,Representation
GaussianProcessRegressor,0.4625415218747897,0.2433604809655144,0.4933158024688793,0.3850596715784974,0.5596363643152084,0.7774436090225564,100.0,42,score,20,facebook/esm2_t12_35M_UR50D,MAFG_MOUSE_Tsuboyama_2023_1K1V_indels,esm
GaussianProcessRegressor,0.2240765679577064,0.2128038402975981,0.4613066662184692,0.3733398376724966,0.6149289628729182,0.825563909774436,100.0,42,score,40,facebook/esm2_t12_35M_UR50D,MAFG_MOUSE_Tsuboyama_2023_1K1V_indels,esm
GaussianProcessRegressor,0.1717469700990113,0.1901901360371963,0.4361079408096077,0.3469718991072283,0.6558487251321912,0.837593984962406,100.0,42,score,60,facebook/esm2_t12_35M_UR50D,MAFG_MOUSE_Tsuboyama_2023_1K1V_indels,esm
GaussianProcessRegressor,0.151748950598784,0.1941914873355779,0.4406716320976174,0.3434089784934497,0.6486082331738562,0.849624060150376,100.0,42,score,80,facebook/esm2_t12_35M_UR50D,MAFG_MOUSE_Tsuboyama_2023_1K1V_indels,esm
GaussianProcessRegressor,0.3267291711135106,0.4708477084627026,0.6861834364531852,0.5373834180497471,0.0072990980078798,0.3518796992481203,100.0,43,score,20,facebook/esm2_t12_35M_UR50D,MAFG_MOUSE_Tsuboyama_2023_1K1V_indels,esm
GaussianProcessRegressor,0.1566620675207164,0.3946596628157474,0.628219438425577,0.501623487342075,0.167928406116194,0.3729323308270676,100.0,43,score,40,facebook/esm2_t12_35M_UR50D,MAFG_MOUSE_Tsuboyama_2023_1K1V_indels,esm
GaussianProcessRegressor,0.1379215299184567,0.3543681777204107,0.5952883147857102,0.4926990373268099,0.2528760290478902,0.431578947368421,100.0,43,score,60,facebook/esm2_t12_35M_UR50D,MAFG_MOUSE_Tsuboyama_2023_1K1V_indels,esm
GaussianProcessRegressor,0.1323319404498251,0.3104126825152408,0.5571469128652162,0.4635418087170864,0.3455485831527997,0.5368421052631579,100.0,43,score,80,facebook/esm2_t12_35M_UR50D,MAFG_MOUSE_Tsuboyama_2023_1K1V_indels,esm
GaussianProcessRegressor,0.0990309839828547,0.1449352625690516,0.380703641391899,0.2996558877103052,0.5308579186382159,0.6827067669172932,100.0,44,score,20,facebook/esm2_t12_35M_UR50D,MAFG_MOUSE_Tsuboyama_2023_1K1V_indels,esm
GaussianProcessRegressor,0.2284491757286938,0.3693028346823351,0.6077029164668664,0.4585782682296783,-0.1953992247616989,0.4857142857142857,100.0,44,score,40,facebook/esm2_t12_35M_UR50D,MAFG_MOUSE_Tsuboyama_2023_1K1V_indels,esm
GaussianProcessRegressor,0.2171217623216839,0.1511622861053789,0.3887959440444035,0.3101054312946785,0.5107016176060251,0.6375939849624059,100.0,44,score,60,facebook/esm2_t12_35M_UR50D,MAFG_MOUSE_Tsuboyama_2023_1K1V_indels,esm
GaussianProcessRegressor,0.1553584244981891,0.1607270416133401,0.4009077719542739,0.3131948852062237,0.4797413859330488,0.6180451127819548,100.0,44,score,80,facebook/esm2_t12_35M_UR50D,MAFG_MOUSE_Tsuboyama_2023_1K1V_indels,esm
GaussianProcessRegressor,0.2587637898191249,0.2899483623358788,0.5384685342114977,0.4397469031403546,0.4651814555787382,0.6541353383458646,100.0,45,score,20,facebook/esm2_t12_35M_UR50D,MAFG_MOUSE_Tsuboyama_2023_1K1V_indels,esm
GaussianProcessRegressor,0.1711069347003068,0.3469531334957786,0.5890272773783729,0.4640498045817606,0.3600344270140861,0.7022556390977444,100.0,45,score,40,facebook/esm2_t12_35M_UR50D,MAFG_MOUSE_Tsuboyama_2023_1K1V_indels,esm
GaussianProcessRegressor,0.1129188751331074,0.3541673421480389,0.5951196032295012,0.4582073946397358,0.3467276004485902,0.6165413533834586,100.0,45,score,60,facebook/esm2_t12_35M_UR50D,MAFG_MOUSE_Tsuboyama_2023_1K1V_indels,esm
GaussianProcessRegressor,0.1233210987245499,0.3036365192898887,0.5510322307178489,0.4215000612356935,0.4399332351060425,0.7639097744360903,100.0,45,score,80,facebook/esm2_t12_35M_UR50D,MAFG_MOUSE_Tsuboyama_2023_1K1V_indels,esm
GaussianProcessRegressor,0.3724967562802047,0.2360660332507839,0.4858662709540393,0.38673653214987,0.0398164282579485,0.4210526315789473,100.0,46,score,20,facebook/esm2_t12_35M_UR50D,MAFG_MOUSE_Tsuboyama_2023_1K1V_indels,esm
GaussianProcessRegressor,0.1933838397171124,0.0964834960345505,0.3106179261320095,0.2457137493190743,0.6075595181531389,0.9082706766917292,100.0,46,score,40,facebook/esm2_t12_35M_UR50D,MAFG_MOUSE_Tsuboyama_2023_1K1V_indels,esm
GaussianProcessRegressor,0.1533350272863685,0.0777414633348204,0.2788215618183437,0.1875011074009885,0.683791543792403,0.8691729323308269,100.0,46,score,60,facebook/esm2_t12_35M_UR50D,MAFG_MOUSE_Tsuboyama_2023_1K1V_indels,esm
GaussianProcessRegressor,0.1184318986137385,0.1507682318208064,0.3882888510127563,0.3053693431546574,0.3867598089338641,0.8030075187969924,100.0,46,score,80,facebook/esm2_t12_35M_UR50D,MAFG_MOUSE_Tsuboyama_2023_1K1V_indels,esm
GaussianProcessRegressor,0.3457667647896491,0.3612890220718578,0.6010732252162443,0.5031066728583424,0.4272975645179795,0.7954887218045112,100.0,47,score,20,facebook/esm2_t12_35M_UR50D,MAFG_MOUSE_Tsuboyama_2023_1K1V_indels,esm
GaussianProcessRegressor,0.2358350605216743,0.2639977630768815,0.5138071263391367,0.4075394003636436,0.5815201884383179,0.8150375939849623,100.0,47,score,40,facebook/esm2_t12_35M_UR50D,MAFG_MOUSE_Tsuboyama_2023_1K1V_indels,esm
GaussianProcessRegressor,0.1886222230581487,0.2126540824570202,0.4611443184698476,0.3508103678178024,0.6629083545358674,0.8736842105263156,100.0,47,score,60,facebook/esm2_t12_35M_UR50D,MAFG_MOUSE_Tsuboyama_2023_1K1V_indels,esm
GaussianProcessRegressor,0.1610682950047566,0.1724450891495773,0.4152650829886584,0.3254561210858885,0.7266462125626545,0.8766917293233082,100.0,47,score,80,facebook/esm2_t12_35M_UR50D,MAFG_MOUSE_Tsuboyama_2023_1K1V_indels,esm
GaussianProcessRegressor,0.3450396504612968,0.2852110112374365,0.5340515061653103,0.427821031835064,0.494140842439483,0.7112781954887217,100.0,48,score,20,facebook/esm2_t12_35M_UR50D,MAFG_MOUSE_Tsuboyama_2023_1K1V_indels,esm
GaussianProcessRegressor,0.2605712796085996,0.2918534067455712,0.540234584921746,0.4241787615878832,0.4823596823035178,0.7293233082706766,100.0,48,score,40,facebook/esm2_t12_35M_UR50D,MAFG_MOUSE_Tsuboyama_2023_1K1V_indels,esm
GaussianProcessRegressor,0.2303279295225711,0.3701817397349808,0.6084256238316897,0.4612698819062296,0.3434341044752607,0.6210526315789473,100.0,48,score,60,facebook/esm2_t12_35M_UR50D,MAFG_MOUSE_Tsuboyama_2023_1K1V_indels,esm
GaussianProcessRegressor,0.1421481635927335,0.2227589381489162,0.4719734506822563,0.3594483211124805,0.6049077898423887,0.732330827067669,100.0,48,score,80,facebook/esm2_t12_35M_UR50D,MAFG_MOUSE_Tsuboyama_2023_1K1V_indels,esm
GaussianProcessRegressor,0.2029942966032574,0.3104437260685825,0.5571747715650651,0.4226944516387851,0.414154730279311,0.7789473684210525,100.0,49,score,20,facebook/esm2_t12_35M_UR50D,MAFG_MOUSE_Tsuboyama_2023_1K1V_indels,esm
GaussianProcessRegressor,0.1547859390346083,0.4140796870659166,0.6434902385164181,0.510849932846223,0.2185810000830916,0.6857142857142857,100.0,49,score,40,facebook/esm2_t12_35M_UR50D,MAFG_MOUSE_Tsuboyama_2023_1K1V_indels,esm
GaussianProcessRegressor,0.1424374042022864,0.3973164820814668,0.6303304546676028,0.4686695826899903,0.2502152175622641,0.7278195488721804,100.0,49,score,60,facebook/esm2_t12_35M_UR50D,MAFG_MOUSE_Tsuboyama_2023_1K1V_indels,esm
GaussianProcessRegressor,0.1499726236639221,0.2389654783197703,0.4888409540124173,0.3673533262765922,0.5490429235820616,0.793984962406015,100.0,49,score,80,facebook/esm2_t12_35M_UR50D,MAFG_MOUSE_Tsuboyama_2023_1K1V_indels,esm
GaussianProcessRegressor,0.231187102996597,0.2931068309625287,0.5413934160686928,0.4376308052611467,0.570451929715498,0.8210526315789473,100.0,50,score,20,facebook/esm2_t12_35M_UR50D,MAFG_MOUSE_Tsuboyama_2023_1K1V_indels,esm
GaussianProcessRegressor,0.2536775369757694,0.2602901541176093,0.5101863915449033,0.381372515983053,0.6185447706963596,0.8616541353383457,100.0,50,score,40,facebook/esm2_t12_35M_UR50D,MAFG_MOUSE_Tsuboyama_2023_1K1V_indels,esm
GaussianProcessRegressor,0.1995395067027338,0.1633556107664021,0.4041727486686876,0.3023711193567469,0.7606023471222859,0.9533834586466164,100.0,50,score,60,facebook/esm2_t12_35M_UR50D,MAFG_MOUSE_Tsuboyama_2023_1K1V_indels,esm
GaussianProcessRegressor,0.1799458877420239,0.1793566128257283,0.4235051508845297,0.2940870959428016,0.7371528780852419,0.938345864661654,100.0,50,score,80,facebook/esm2_t12_35M_UR50D,MAFG_MOUSE_Tsuboyama_2023_1K1V_indels,esm
GaussianProcessRegressor,0.4979393828720249,0.3913594206409245,0.6255872606127179,0.4472943820154362,0.1610817788652573,0.5639097744360902,100.0,51,score,20,facebook/esm2_t12_35M_UR50D,MAFG_MOUSE_Tsuboyama_2023_1K1V_indels,esm
GaussianProcessRegressor,0.1563812861800442,0.2249809053466713,0.4743215210663241,0.3909329455613402,0.5177308352674499,0.7954887218045112,100.0,51,score,40,facebook/esm2_t12_35M_UR50D,MAFG_MOUSE_Tsuboyama_2023_1K1V_indels,esm
GaussianProcessRegressor,0.1166428988819989,0.2661396369249754,0.5158872327601988,0.3922648676244856,0.4295029606878987,0.7458646616541353,100.0,51,score,60,facebook/esm2_t12_35M_UR50D,MAFG_MOUSE_Tsuboyama_2023_1K1V_indels,esm
GaussianProcessRegressor,0.1288102218929781,0.1555440808233888,0.3943907717269623,0.2927158703654305,0.66657564195415,0.8872180451127819,100.0,51,score,80,facebook/esm2_t12_35M_UR50D,MAFG_MOUSE_Tsuboyama_2023_1K1V_indels,esm
GaussianProcessRegressor,0.2511799861764676,0.158037704418523,0.3975395633374407,0.3395370439589212,0.7140289260733292,0.8646616541353382,100.0,42,score,20,facebook/esm2_t30_150M_UR50D,MAFG_MOUSE_Tsuboyama_2023_1K1V_indels,esm
GaussianProcessRegressor,0.1720174694546419,0.1827403919035405,0.4274814521163936,0.3286177681591682,0.6693291242446626,0.875187969924812,100.0,42,score,40,facebook/esm2_t30_150M_UR50D,MAFG_MOUSE_Tsuboyama_2023_1K1V_indels,esm
GaussianProcessRegressor,0.1803170422008307,0.1624030811928174,0.402992656499864,0.3045861865745013,0.7061297257601338,0.9308270676691728,100.0,42,score,60,facebook/esm2_t30_150M_UR50D,MAFG_MOUSE_Tsuboyama_2023_1K1V_indels,esm
GaussianProcessRegressor,0.1511871952452304,0.1579167802459277,0.397387443493032,0.2933496053320025,0.7142477397774893,0.9233082706766916,100.0,42,score,80,facebook/esm2_t30_150M_UR50D,MAFG_MOUSE_Tsuboyama_2023_1K1V_indels,esm
GaussianProcessRegressor,0.326488301425533,0.3496139389038241,0.5912816071076659,0.5090442086698483,0.262899518759501,0.6541353383458646,100.0,43,score,20,facebook/esm2_t30_150M_UR50D,MAFG_MOUSE_Tsuboyama_2023_1K1V_indels,esm
GaussianProcessRegressor,0.1622732936284151,0.2649474146423095,0.5147304291008153,0.4283807170157857,0.4414042316259142,0.6240601503759398,100.0,43,score,40,facebook/esm2_t30_150M_UR50D,MAFG_MOUSE_Tsuboyama_2023_1K1V_indels,esm
GaussianProcessRegressor,0.1490526981863554,0.2229481497803581,0.4721738554604205,0.3926829319140219,0.5299524126239485,0.6466165413533834,100.0,43,score,60,facebook/esm2_t30_150M_UR50D,MAFG_MOUSE_Tsuboyama_2023_1K1V_indels,esm
GaussianProcessRegressor,0.1552716801207709,0.1988066169923917,0.4458773564472542,0.3616821353514775,0.5808506562457181,0.7007518796992479,100.0,43,score,80,facebook/esm2_t30_150M_UR50D,MAFG_MOUSE_Tsuboyama_2023_1K1V_indels,esm
GaussianProcessRegressor,0.1058084178284413,0.1573907982887762,0.3967250915795171,0.2909959099520234,0.4905404979605275,0.6015037593984961,100.0,44,score,20,facebook/esm2_t30_150M_UR50D,MAFG_MOUSE_Tsuboyama_2023_1K1V_indels,esm
GaussianProcessRegressor,0.2147660608428401,0.1689489692554063,0.4110340244498092,0.3168453689564586,0.453127764248214,0.6857142857142857,100.0,44,score,40,facebook/esm2_t30_150M_UR50D,MAFG_MOUSE_Tsuboyama_2023_1K1V_indels,esm
GaussianProcessRegressor,0.181440793703959,0.1788626162243125,0.4229215249006753,0.3186932594130766,0.4210382030852584,0.6601503759398496,100.0,44,score,60,facebook/esm2_t30_150M_UR50D,MAFG_MOUSE_Tsuboyama_2023_1K1V_indels,esm
GaussianProcessRegressor,0.1467439079614784,0.1509093412919145,0.3884705153443625,0.2921442727901896,0.5115203766447497,0.7112781954887217,100.0,44,score,80,facebook/esm2_t30_150M_UR50D,MAFG_MOUSE_Tsuboyama_2023_1K1V_indels,esm
GaussianProcessRegressor,0.1775596639944844,0.4827508853270529,0.6948027672131516,0.5979317970925315,0.1095513569081413,0.4571428571428571,100.0,45,score,20,facebook/esm2_t30_150M_UR50D,MAFG_MOUSE_Tsuboyama_2023_1K1V_indels,esm
GaussianProcessRegressor,0.1868101522415571,0.3019056363734346,0.5494594037537573,0.4306149477149603,0.4431259011189973,0.7924812030075187,100.0,45,score,40,facebook/esm2_t30_150M_UR50D,MAFG_MOUSE_Tsuboyama_2023_1K1V_indels,esm
GaussianProcessRegressor,0.1120853795682122,0.3073688600881955,0.5544085678344045,0.4255531361000912,0.4330488193536881,0.7488721804511278,100.0,45,score,60,facebook/esm2_t30_150M_UR50D,MAFG_MOUSE_Tsuboyama_2023_1K1V_indels,esm
GaussianProcessRegressor,0.1210121256485928,0.2777309557036599,0.5270018555030522,0.3901054395704091,0.4877168324955315,0.7834586466165413,100.0,45,score,80,facebook/esm2_t30_150M_UR50D,MAFG_MOUSE_Tsuboyama_2023_1K1V_indels,esm
GaussianProcessRegressor,0.2172270908802997,0.1802635929256346,0.4245746023087516,0.3413169851426305,0.2667893041329093,0.5383458646616541,100.0,46,score,20,facebook/esm2_t30_150M_UR50D,MAFG_MOUSE_Tsuboyama_2023_1K1V_indels,esm
GaussianProcessRegressor,0.099197680695471,0.1856299127181638,0.4308478997490457,0.3581850131397801,0.2449621397817094,0.7398496240601502,100.0,46,score,40,facebook/esm2_t30_150M_UR50D,MAFG_MOUSE_Tsuboyama_2023_1K1V_indels,esm
GaussianProcessRegressor,0.1571169320153884,0.0935319148634682,0.3058298789580054,0.2345310911840883,0.6195648867871162,0.825563909774436,100.0,46,score,60,facebook/esm2_t30_150M_UR50D,MAFG_MOUSE_Tsuboyama_2023_1K1V_indels,esm
GaussianProcessRegressor,0.1411389912828939,0.0759087501397536,0.2755154263190241,0.2010942843632285,0.6912459881162445,0.8330827067669173,100.0,46,score,80,facebook/esm2_t30_150M_UR50D,MAFG_MOUSE_Tsuboyama_2023_1K1V_indels,esm
GaussianProcessRegressor,0.29386696248751,0.3503525449739892,0.5919058582021209,0.4798054825079044,0.4446336768460671,0.7999999999999999,100.0,47,score,20,facebook/esm2_t30_150M_UR50D,MAFG_MOUSE_Tsuboyama_2023_1K1V_indels,esm
GaussianProcessRegressor,0.2360725475571541,0.3006676751600162,0.5483317200016941,0.4288841581982409,0.5233923553851844,0.7954887218045112,100.0,47,score,40,facebook/esm2_t30_150M_UR50D,MAFG_MOUSE_Tsuboyama_2023_1K1V_indels,esm
GaussianProcessRegressor,0.1979138902075957,0.255744479666688,0.5057118543861593,0.3771459007501245,0.5946029981030995,0.8796992481203006,100.0,47,score,60,facebook/esm2_t30_150M_UR50D,MAFG_MOUSE_Tsuboyama_2023_1K1V_indels,esm
GaussianProcessRegressor,0.1632716368007001,0.2279788757579202,0.4774713350117682,0.3661139639978629,0.638616040320634,0.8872180451127819,100.0,47,score,80,facebook/esm2_t30_150M_UR50D,MAFG_MOUSE_Tsuboyama_2023_1K1V_indels,esm
GaussianProcessRegressor,0.3302081454084642,0.3571176559920666,0.5975932194997418,0.4855894782552384,0.3666049714337913,0.6060150375939849,100.0,48,score,20,facebook/esm2_t30_150M_UR50D,MAFG_MOUSE_Tsuboyama_2023_1K1V_indels,esm
GaussianProcessRegressor,0.1375743084789797,0.4838891447610944,0.6956214090732792,0.5338361065368804,0.1417590994838954,0.6496240601503759,100.0,48,score,40,facebook/esm2_t30_150M_UR50D,MAFG_MOUSE_Tsuboyama_2023_1K1V_indels,esm
GaussianProcessRegressor,0.2185702479251865,0.2490462555949011,0.4990453442272567,0.4123247031735745,0.558283782585244,0.7593984962406014,100.0,48,score,60,facebook/esm2_t30_150M_UR50D,MAFG_MOUSE_Tsuboyama_2023_1K1V_indels,esm
GaussianProcessRegressor,0.122440311917019,0.2285401665029148,0.4780587479619161,0.3897409761442975,0.5946540226679367,0.7699248120300751,100.0,48,score,80,facebook/esm2_t30_150M_UR50D,MAFG_MOUSE_Tsuboyama_2023_1K1V_indels,esm
GaussianProcessRegressor,0.2072276347080335,0.297825736634842,0.5457341263242038,0.3889500390805676,0.4379664191697783,0.6887218045112782,100.0,49,score,20,facebook/esm2_t30_150M_UR50D,MAFG_MOUSE_Tsuboyama_2023_1K1V_indels,esm
GaussianProcessRegressor,0.1670739188801229,0.3785779652897266,0.6152868967317008,0.4680384741853309,0.2855770899474625,0.7488721804511278,100.0,49,score,40,facebook/esm2_t30_150M_UR50D,MAFG_MOUSE_Tsuboyama_2023_1K1V_indels,esm
GaussianProcessRegressor,0.1261400669218187,0.3121723774321283,0.5587238829977902,0.4215605938436438,0.4108925537903398,0.7368421052631579,100.0,49,score,60,facebook/esm2_t30_150M_UR50D,MAFG_MOUSE_Tsuboyama_2023_1K1V_indels,esm
GaussianProcessRegressor,0.1305697229518349,0.2259251948609104,0.475315889552317,0.3788815180166096,0.5736515329327376,0.78796992481203,100.0,49,score,80,facebook/esm2_t30_150M_UR50D,MAFG_MOUSE_Tsuboyama_2023_1K1V_indels,esm
GaussianProcessRegressor,0.2028792310993255,0.3108903831655555,0.5575754506482109,0.4489085234054507,0.5443901333850314,0.6917293233082705,100.0,50,score,20,facebook/esm2_t30_150M_UR50D,MAFG_MOUSE_Tsuboyama_2023_1K1V_indels,esm
GaussianProcessRegressor,0.2265121376551997,0.2527716022960419,0.5027639628056509,0.3955872699478119,0.6295632086347821,0.8646616541353382,100.0,50,score,40,facebook/esm2_t30_150M_UR50D,MAFG_MOUSE_Tsuboyama_2023_1K1V_indels,esm
GaussianProcessRegressor,0.2052844751149546,0.2375119567440035,0.4873519844465636,0.3601690762033727,0.6519262196863449,0.9112781954887216,100.0,50,score,60,facebook/esm2_t30_150M_UR50D,MAFG_MOUSE_Tsuboyama_2023_1K1V_indels,esm
GaussianProcessRegressor,0.1654207195904191,0.1816589431948046,0.4262146679723782,0.3131131800246042,0.7337788128546688,0.9263157894736842,100.0,50,score,80,facebook/esm2_t30_150M_UR50D,MAFG_MOUSE_Tsuboyama_2023_1K1V_indels,esm
GaussianProcessRegressor,0.473611974328852,0.2445859611973261,0.4945563276284372,0.4061919330945779,0.4757054291777139,0.5714285714285714,100.0,51,score,20,facebook/esm2_t30_150M_UR50D,MAFG_MOUSE_Tsuboyama_2023_1K1V_indels,esm
GaussianProcessRegressor,0.248501162509587,0.2540719306108403,0.5040554836630987,0.4191856864096742,0.4553713010938894,0.825563909774436,100.0,51,score,40,facebook/esm2_t30_150M_UR50D,MAFG_MOUSE_Tsuboyama_2023_1K1V_indels,esm
GaussianProcessRegressor,0.1578734116323779,0.1580714976850121,0.3975820640886761,0.3087325293210518,0.6611578700907652,0.8165413533834586,100.0,51,score,60,facebook/esm2_t30_150M_UR50D,MAFG_MOUSE_Tsuboyama_2023_1K1V_indels,esm
GaussianProcessRegressor,0.1259543069112412,0.1203123618051632,0.346860723929884,0.2710116073795113,0.7420983698800157,0.8676691729323308,100.0,51,score,80,facebook/esm2_t30_150M_UR50D,MAFG_MOUSE_Tsuboyama_2023_1K1V_indels,esm
GaussianProcessRegressor,0.2971632958669473,0.2174728648631568,0.4663398598266685,0.3766362244731654,0.6064803083311712,0.7398496240601502,100.0,42,score,20,facebook/esm2_t33_650M_UR50D,MAFG_MOUSE_Tsuboyama_2023_1K1V_indels,esm
GaussianProcessRegressor,0.1548727695265558,0.1985051258778347,0.4455391406799572,0.3455782454712089,0.6408026537964573,0.813533834586466,100.0,42,score,40,facebook/esm2_t33_650M_UR50D,MAFG_MOUSE_Tsuboyama_2023_1K1V_indels,esm
GaussianProcessRegressor,0.1137739750087538,0.2295747956339461,0.47913964105879,0.4062571755160147,0.5845817231053079,0.7233082706766917,100.0,42,score,60,facebook/esm2_t33_650M_UR50D,MAFG_MOUSE_Tsuboyama_2023_1K1V_indels,esm
GaussianProcessRegressor,0.1190647936245691,0.1848997950157662,0.4299997616461737,0.3333439948008249,0.6654216590652873,0.8090225563909773,100.0,42,score,80,facebook/esm2_t33_650M_UR50D,MAFG_MOUSE_Tsuboyama_2023_1K1V_indels,esm
GaussianProcessRegressor,0.2954284053040961,0.4192200488020606,0.6474720448035272,0.554928976561319,0.1161470830181353,0.5639097744360902,100.0,43,score,20,facebook/esm2_t33_650M_UR50D,MAFG_MOUSE_Tsuboyama_2023_1K1V_indels,esm
GaussianProcessRegressor,0.1391736615480416,0.2956717127873224,0.5437570347014579,0.4288448879652725,0.3766273665516199,0.5203007518796992,100.0,43,score,40,facebook/esm2_t33_650M_UR50D,MAFG_MOUSE_Tsuboyama_2023_1K1V_indels,esm
GaussianProcessRegressor,0.1413871747668972,0.2552311072178982,0.5052040253381778,0.3943591948558392,0.4618893841941142,0.475187969924812,100.0,43,score,60,facebook/esm2_t33_650M_UR50D,MAFG_MOUSE_Tsuboyama_2023_1K1V_indels,esm
GaussianProcessRegressor,0.148014752253273,0.1919078273830238,0.4380728562499894,0.3335744763955334,0.5953955601388117,0.6736842105263157,100.0,43,score,80,facebook/esm2_t33_650M_UR50D,MAFG_MOUSE_Tsuboyama_2023_1K1V_indels,esm
GaussianProcessRegressor,0.1379375559782072,0.1673576820031774,0.4090937325395947,0.3234643626496883,0.4582786143610322,0.5834586466165413,100.0,44,score,20,facebook/esm2_t33_650M_UR50D,MAFG_MOUSE_Tsuboyama_2023_1K1V_indels,esm
GaussianProcessRegressor,0.169067235611261,0.1626136110780144,0.4032537799922209,0.3039051755654731,0.4736347345246708,0.724812030075188,100.0,44,score,40,facebook/esm2_t33_650M_UR50D,MAFG_MOUSE_Tsuboyama_2023_1K1V_indels,esm
GaussianProcessRegressor,0.1623266176865792,0.1933843621295957,0.4397548886932307,0.325236161460677,0.3740326505492375,0.675187969924812,100.0,44,score,60,facebook/esm2_t33_650M_UR50D,MAFG_MOUSE_Tsuboyama_2023_1K1V_indels,esm
GaussianProcessRegressor,0.1470040019159662,0.1768872484378834,0.4205796576605714,0.3136302773158875,0.4274322864736184,0.7007518796992479,100.0,44,score,80,facebook/esm2_t33_650M_UR50D,MAFG_MOUSE_Tsuboyama_2023_1K1V_indels,esm
GaussianProcessRegressor,0.2740045713354681,0.357096348222628,0.5975753912458478,0.4896579800690716,0.3413249599480789,0.7127819548872181,100.0,45,score,20,facebook/esm2_t33_650M_UR50D,MAFG_MOUSE_Tsuboyama_2023_1K1V_indels,esm
GaussianProcessRegressor,0.1223223994047567,0.2130690408224644,0.4615940216493974,0.3444995466768201,0.6069876947885628,0.8481203007518796,100.0,45,score,40,facebook/esm2_t33_650M_UR50D,MAFG_MOUSE_Tsuboyama_2023_1K1V_indels,esm
GaussianProcessRegressor,0.1219413540606855,0.3183962521093745,0.5642661181653339,0.4413335138168662,0.4127084604635153,0.6932330827067669,100.0,45,score,60,facebook/esm2_t33_650M_UR50D,MAFG_MOUSE_Tsuboyama_2023_1K1V_indels,esm
GaussianProcessRegressor,0.1099420583195459,0.2387084770942407,0.4885780153611507,0.3574035884376821,0.5596949772985136,0.8601503759398496,100.0,45,score,80,facebook/esm2_t33_650M_UR50D,MAFG_MOUSE_Tsuboyama_2023_1K1V_indels,esm
GaussianProcessRegressor,0.237940176656227,0.2163380232183077,0.4651215144650995,0.3740738711739043,0.1200588539703444,0.6781954887218045,100.0,46,score,20,facebook/esm2_t33_650M_UR50D,MAFG_MOUSE_Tsuboyama_2023_1K1V_indels,esm
GaussianProcessRegressor,0.1619496787141386,0.1907662419972276,0.4367679498283129,0.3330493957166485,0.224070447212048,0.7097744360902255,100.0,46,score,40,facebook/esm2_t33_650M_UR50D,MAFG_MOUSE_Tsuboyama_2023_1K1V_indels,esm
GaussianProcessRegressor,0.1294764046853235,0.0971649495040008,0.3117129280347558,0.2345438412958125,0.6047877495201748,0.8090225563909773,100.0,46,score,60,facebook/esm2_t33_650M_UR50D,MAFG_MOUSE_Tsuboyama_2023_1K1V_indels,esm
GaussianProcessRegressor,0.1315552035461452,0.0721709052126471,0.2686464316022961,0.1889229060116359,0.7064494345558014,0.8345864661654135,100.0,46,score,80,facebook/esm2_t33_650M_UR50D,MAFG_MOUSE_Tsuboyama_2023_1K1V_indels,esm
GaussianProcessRegressor,0.1971326162932735,1.0184779874096084,1.0091967040223666,0.7812992673077458,-0.6144548775088385,0.263157894736842,100.0,47,score,20,facebook/esm2_t33_650M_UR50D,MAFG_MOUSE_Tsuboyama_2023_1K1V_indels,esm
GaussianProcessRegressor,0.2297838053752513,0.3537683721168061,0.5947843072213709,0.4863039072960732,0.439219029833937,0.5654135338345864,100.0,47,score,40,facebook/esm2_t33_650M_UR50D,MAFG_MOUSE_Tsuboyama_2023_1K1V_indels,esm
GaussianProcessRegressor,0.1882188374032289,0.260137751373959,0.5100370098080718,0.3940870290391994,0.5876389409278777,0.806015037593985,100.0,47,score,60,facebook/esm2_t33_650M_UR50D,MAFG_MOUSE_Tsuboyama_2023_1K1V_indels,esm
GaussianProcessRegressor,0.1678030111142495,0.2204248351521058,0.4694942333534096,0.36827180328314,0.6505904353018894,0.813533834586466,100.0,47,score,80,facebook/esm2_t33_650M_UR50D,MAFG_MOUSE_Tsuboyama_2023_1K1V_indels,esm
GaussianProcessRegressor,0.3296791924819102,0.3008160479133644,0.5484669980166212,0.3878098256761071,0.4664632619970708,0.6481203007518795,100.0,48,score,20,facebook/esm2_t33_650M_UR50D,MAFG_MOUSE_Tsuboyama_2023_1K1V_indels,esm
GaussianProcessRegressor,0.2753823623905749,0.2993110907031374,0.5470933107826648,0.4318701710356169,0.4691325011096388,0.6812030075187969,100.0,48,score,40,facebook/esm2_t33_650M_UR50D,MAFG_MOUSE_Tsuboyama_2023_1K1V_indels,esm
GaussianProcessRegressor,0.2520195373176108,0.2749331374757289,0.5243406692940468,0.4121658996866194,0.5123700003533143,0.7022556390977444,100.0,48,score,60,facebook/esm2_t33_650M_UR50D,MAFG_MOUSE_Tsuboyama_2023_1K1V_indels,esm
GaussianProcessRegressor,0.1305687667817654,0.2571130527326603,0.5070631644407433,0.3967000296167137,0.5439762592304698,0.732330827067669,100.0,48,score,80,facebook/esm2_t33_650M_UR50D,MAFG_MOUSE_Tsuboyama_2023_1K1V_indels,esm
GaussianProcessRegressor,0.3729205888162978,0.3510594215279515,0.592502676388851,0.4330810288938996,0.3375079467781017,0.6977443609022556,100.0,49,score,20,facebook/esm2_t33_650M_UR50D,MAFG_MOUSE_Tsuboyama_2023_1K1V_indels,esm
GaussianProcessRegressor,0.1783808509333284,0.3958348142054052,0.6291540464825807,0.4710710168361201,0.2530113060111446,0.77593984962406,100.0,49,score,40,facebook/esm2_t33_650M_UR50D,MAFG_MOUSE_Tsuboyama_2023_1K1V_indels,esm
GaussianProcessRegressor,0.1556621905510277,0.3394562368480062,0.582628729851186,0.4457094299326038,0.3594045750157739,0.7488721804511278,100.0,49,score,60,facebook/esm2_t33_650M_UR50D,MAFG_MOUSE_Tsuboyama_2023_1K1V_indels,esm
GaussianProcessRegressor,0.1564833262845187,0.2074306468608945,0.4554455476353836,0.3656045324231666,0.6085530063773578,0.8030075187969924,100.0,49,score,80,facebook/esm2_t33_650M_UR50D,MAFG_MOUSE_Tsuboyama_2023_1K1V_indels,esm
GaussianProcessRegressor,0.2485736591460949,0.3751753659685474,0.6125156046735034,0.4998439669729205,0.4501804890017256,0.6812030075187969,100.0,50,score,20,facebook/esm2_t33_650M_UR50D,MAFG_MOUSE_Tsuboyama_2023_1K1V_indels,esm
GaussianProcessRegressor,0.2702399981269937,0.3633212372837949,0.6027613435546402,0.4510920174642324,0.4675527149737997,0.8390977443609022,100.0,50,score,40,facebook/esm2_t33_650M_UR50D,MAFG_MOUSE_Tsuboyama_2023_1K1V_indels,esm
GaussianProcessRegressor,0.2122024661252103,0.2804200626371813,0.5295470353398094,0.3813485237257075,0.5890443891078763,0.8706766917293233,100.0,50,score,60,facebook/esm2_t33_650M_UR50D,MAFG_MOUSE_Tsuboyama_2023_1K1V_indels,esm
GaussianProcessRegressor,0.1638151717472272,0.2389447172127254,0.4888197185187248,0.3570803716280882,0.6498265091729517,0.900751879699248,100.0,50,score,80,facebook/esm2_t33_650M_UR50D,MAFG_MOUSE_Tsuboyama_2023_1K1V_indels,esm
GaussianProcessRegressor,0.48593802529244,0.281861843344133,0.53090662394072,0.4421537095727259,0.3958008322968859,0.6526315789473683,100.0,51,score,20,facebook/esm2_t33_650M_UR50D,MAFG_MOUSE_Tsuboyama_2023_1K1V_indels,esm
GaussianProcessRegressor,0.2521144908247986,0.6196690671289222,0.7871906167688498,0.6174120164110853,-0.3283228767986885,0.631578947368421,100.0,51,score,40,facebook/esm2_t33_650M_UR50D,MAFG_MOUSE_Tsuboyama_2023_1K1V_indels,esm
GaussianProcessRegressor,0.1549930302484316,0.1985312575375768,0.445568465600492,0.3428141229452545,0.5744283116008602,0.6661654135338345,100.0,51,score,60,facebook/esm2_t33_650M_UR50D,MAFG_MOUSE_Tsuboyama_2023_1K1V_indels,esm
GaussianProcessRegressor,0.1421896239183586,0.1489940940340793,0.3859975311243316,0.2881315551303191,0.6806161964315269,0.8466165413533834,100.0,51,score,80,facebook/esm2_t33_650M_UR50D,MAFG_MOUSE_Tsuboyama_2023_1K1V_indels,esm
GaussianProcessRegressor,0.3449050179853887,0.270145029011543,0.5197547777669226,0.4663367130515019,0.511169411460219,0.7398496240601502,100.0,42,score,20,facebook/esm2_t6_8M_UR50D,MAFG_MOUSE_Tsuboyama_2023_1K1V_indels,esm
GaussianProcessRegressor,0.2345615900894102,0.2212570349219117,0.4703796710338487,0.3681081942426297,0.5996328083652298,0.8676691729323308,100.0,42,score,40,facebook/esm2_t6_8M_UR50D,MAFG_MOUSE_Tsuboyama_2023_1K1V_indels,esm
GaussianProcessRegressor,0.1787809999248789,0.110407532096791,0.3322762887971259,0.2648008346813231,0.8002162797828384,0.9142857142857144,100.0,42,score,60,facebook/esm2_t6_8M_UR50D,MAFG_MOUSE_Tsuboyama_2023_1K1V_indels,esm
GaussianProcessRegressor,0.1937044216373329,0.194178237996945,0.4406565987216634,0.32628562629686,0.6486322080070239,0.9097744360902256,100.0,42,score,80,facebook/esm2_t6_8M_UR50D,MAFG_MOUSE_Tsuboyama_2023_1K1V_indels,esm
GaussianProcessRegressor,0.221740573294024,0.621694318819143,0.788475946886868,0.6442364188511718,-0.3107348723648446,0.4436090225563909,100.0,43,score,20,facebook/esm2_t6_8M_UR50D,MAFG_MOUSE_Tsuboyama_2023_1K1V_indels,esm
GaussianProcessRegressor,0.1336246206434233,0.3181116814161885,0.5640139017933765,0.4513374761147572,0.329316576463502,0.6210526315789473,100.0,43,score,40,facebook/esm2_t6_8M_UR50D,MAFG_MOUSE_Tsuboyama_2023_1K1V_indels,esm
GaussianProcessRegressor,0.1205340820825037,0.2924082533138609,0.5407478648259842,0.4349255161996038,0.3835078060327788,0.5909774436090225,100.0,43,score,60,facebook/esm2_t6_8M_UR50D,MAFG_MOUSE_Tsuboyama_2023_1K1V_indels,esm
GaussianProcessRegressor,0.1041525242533858,0.1908478708057615,0.4368613862608614,0.3464213732313898,0.5976302951314831,0.7428571428571428,100.0,43,score,80,facebook/esm2_t6_8M_UR50D,MAFG_MOUSE_Tsuboyama_2023_1K1V_indels,esm
GaussianProcessRegressor,0.1250975583474502,0.1386783506083104,0.3723954223782972,0.3068479069144882,0.5511109657444095,0.6902255639097743,100.0,44,score,20,facebook/esm2_t6_8M_UR50D,MAFG_MOUSE_Tsuboyama_2023_1K1V_indels,esm
GaussianProcessRegressor,0.2207456088985223,0.379453928413257,0.6159983185149591,0.4887862702905914,-0.2282573791998181,0.4691729323308269,100.0,44,score,40,facebook/esm2_t6_8M_UR50D,MAFG_MOUSE_Tsuboyama_2023_1K1V_indels,esm
GaussianProcessRegressor,0.2689622379761202,0.1461797396296717,0.3823345912020932,0.2745593784520369,0.5268296611384361,0.7669172932330827,100.0,44,score,60,facebook/esm2_t6_8M_UR50D,MAFG_MOUSE_Tsuboyama_2023_1K1V_indels,esm
GaussianProcessRegressor,0.1870590844764121,0.1708434954915888,0.4133321854048978,0.3260897717105346,0.4469953575041083,0.7218045112781954,100.0,44,score,80,facebook/esm2_t6_8M_UR50D,MAFG_MOUSE_Tsuboyama_2023_1K1V_indels,esm
GaussianProcessRegressor,0.3487589233745453,0.342461538602238,0.5852021348237189,0.5047084656620272,0.3683193099626943,0.5639097744360902,100.0,45,score,20,facebook/esm2_t6_8M_UR50D,MAFG_MOUSE_Tsuboyama_2023_1K1V_indels,esm
GaussianProcessRegressor,0.1612501095098195,0.6275360127210554,0.7921717065895849,0.6704728202960125,-0.1575091998850968,0.6406015037593984,100.0,45,score,40,facebook/esm2_t6_8M_UR50D,MAFG_MOUSE_Tsuboyama_2023_1K1V_indels,esm
GaussianProcessRegressor,0.1396171415436761,0.3546135266556994,0.5954943548478856,0.4817161062768237,0.3459045995976529,0.5789473684210527,100.0,45,score,60,facebook/esm2_t6_8M_UR50D,MAFG_MOUSE_Tsuboyama_2023_1K1V_indels,esm
GaussianProcessRegressor,0.1475694691554486,0.2729681077409641,0.5224634989556344,0.4201131216380374,0.4965020499535215,0.7338345864661654,100.0,45,score,80,facebook/esm2_t6_8M_UR50D,MAFG_MOUSE_Tsuboyama_2023_1K1V_indels,esm
GaussianProcessRegressor,0.3982185486982304,0.3029574806487028,0.5504157343760285,0.409310989431539,-0.2322602784036014,0.3669172932330827,100.0,46,score,20,facebook/esm2_t6_8M_UR50D,MAFG_MOUSE_Tsuboyama_2023_1K1V_indels,esm
GaussianProcessRegressor,0.2406704890284692,0.2523179239785327,0.5023125759709115,0.3790912396524567,-0.0262871033329499,0.7548872180451127,100.0,46,score,40,facebook/esm2_t6_8M_UR50D,MAFG_MOUSE_Tsuboyama_2023_1K1V_indels,esm
GaussianProcessRegressor,0.2255240658356704,0.1136930449458448,0.3371839927188787,0.2286441844483385,0.5375607728268192,0.813533834586466,100.0,46,score,60,facebook/esm2_t6_8M_UR50D,MAFG_MOUSE_Tsuboyama_2023_1K1V_indels,esm
GaussianProcessRegressor,0.1451892472137598,0.2690380593658675,0.5186887885484585,0.4077180194352757,-0.0942951902870203,0.6451127819548872,100.0,46,score,80,facebook/esm2_t6_8M_UR50D,MAFG_MOUSE_Tsuboyama_2023_1K1V_indels,esm
GaussianProcessRegressor,0.3119827270979906,0.3786663264475093,0.6153586973851181,0.5118864156518423,0.3997516831596784,0.7278195488721804,100.0,47,score,20,facebook/esm2_t6_8M_UR50D,MAFG_MOUSE_Tsuboyama_2023_1K1V_indels,esm
GaussianProcessRegressor,0.2167577426238693,0.3282224197758795,0.572906990510571,0.4462443752434734,0.47971355977691,0.7428571428571428,100.0,47,score,40,facebook/esm2_t6_8M_UR50D,MAFG_MOUSE_Tsuboyama_2023_1K1V_indels,esm
GaussianProcessRegressor,0.2153233758474957,0.2884977876376761,0.537119900615939,0.414148163900461,0.5426836258024744,0.8406015037593983,100.0,47,score,60,facebook/esm2_t6_8M_UR50D,MAFG_MOUSE_Tsuboyama_2023_1K1V_indels,esm
GaussianProcessRegressor,0.1694844204837456,0.2639171556709569,0.5137286790426995,0.4036494186089979,0.5816479644150861,0.801503759398496,100.0,47,score,80,facebook/esm2_t6_8M_UR50D,MAFG_MOUSE_Tsuboyama_2023_1K1V_indels,esm
GaussianProcessRegressor,0.3697062741719076,0.3630111271302007,0.6025040473973604,0.4840272084233751,0.356152126951704,0.7052631578947368,100.0,48,score,20,facebook/esm2_t6_8M_UR50D,MAFG_MOUSE_Tsuboyama_2023_1K1V_indels,esm
GaussianProcessRegressor,0.2789451612970063,0.2940720032566054,0.5422840614074929,0.4099307434574499,0.4784247102378559,0.7473684210526315,100.0,48,score,40,facebook/esm2_t6_8M_UR50D,MAFG_MOUSE_Tsuboyama_2023_1K1V_indels,esm
GaussianProcessRegressor,0.2733503285496072,0.2199679859037822,0.4690074475994834,0.3726566063456804,0.6098579099145054,0.793984962406015,100.0,48,score,60,facebook/esm2_t6_8M_UR50D,MAFG_MOUSE_Tsuboyama_2023_1K1V_indels,esm
GaussianProcessRegressor,0.1446876276631222,0.2271351029491761,0.4765869311565059,0.3777884350309703,0.5971460872713664,0.7218045112781954,100.0,48,score,80,facebook/esm2_t6_8M_UR50D,MAFG_MOUSE_Tsuboyama_2023_1K1V_indels,esm
GaussianProcessRegressor,0.2142859411597376,0.3350426326915429,0.5788286730039752,0.4142910351406875,0.3677335857199952,0.7428571428571428,100.0,49,score,20,facebook/esm2_t6_8M_UR50D,MAFG_MOUSE_Tsuboyama_2023_1K1V_indels,esm
GaussianProcessRegressor,0.1635010062726441,0.42902581502494,0.6550006221561473,0.5054206963221682,0.1903758291288569,0.6992481203007518,100.0,49,score,40,facebook/esm2_t6_8M_UR50D,MAFG_MOUSE_Tsuboyama_2023_1K1V_indels,esm
GaussianProcessRegressor,0.1454797666650987,0.412154876097187,0.6419928941173625,0.4915747951614233,0.2222133537319059,0.7022556390977444,100.0,49,score,60,facebook/esm2_t6_8M_UR50D,MAFG_MOUSE_Tsuboyama_2023_1K1V_indels,esm
GaussianProcessRegressor,0.1831870445089835,0.2901881136266785,0.5386911115163109,0.4258263560670251,0.4523795476549517,0.8090225563909773,100.0,49,score,80,facebook/esm2_t6_8M_UR50D,MAFG_MOUSE_Tsuboyama_2023_1K1V_indels,esm
GaussianProcessRegressor,0.2775228803255058,0.6191266240404639,0.7868459976643867,0.6218958251734026,0.0926699123831115,0.6932330827067669,100.0,50,score,20,facebook/esm2_t6_8M_UR50D,MAFG_MOUSE_Tsuboyama_2023_1K1V_indels,esm
GaussianProcessRegressor,0.2977951196706319,0.5269549927408156,0.7259166568834301,0.5445529043297573,0.2277474410429607,0.8285714285714285,100.0,50,score,40,facebook/esm2_t6_8M_UR50D,MAFG_MOUSE_Tsuboyama_2023_1K1V_indels,esm
GaussianProcessRegressor,0.2382761890346557,0.3380549357723439,0.5814249184308701,0.4159309009324874,0.5045804806585159,0.8932330827067668,100.0,50,score,60,facebook/esm2_t6_8M_UR50D,MAFG_MOUSE_Tsuboyama_2023_1K1V_indels,esm
GaussianProcessRegressor,0.195279358072642,0.2780422305394793,0.5272970989295118,0.3748393969942855,0.5925291021241996,0.9067669172932332,100.0,50,score,80,facebook/esm2_t6_8M_UR50D,MAFG_MOUSE_Tsuboyama_2023_1K1V_indels,esm
GaussianProcessRegressor,0.5273556745897723,0.3090244115717836,0.5558996416366749,0.4497045803125247,0.3375751394499539,0.6090225563909774,100.0,51,score,20,facebook/esm2_t6_8M_UR50D,MAFG_MOUSE_Tsuboyama_2023_1K1V_indels,esm
GaussianProcessRegressor,0.2963997422081272,0.2591892754387752,0.5091063498315211,0.4421270899597059,0.4444017585364276,0.593984962406015,100.0,51,score,40,facebook/esm2_t6_8M_UR50D,MAFG_MOUSE_Tsuboyama_2023_1K1V_indels,esm
GaussianProcessRegressor,0.1703302630079401,0.2471943169802569,0.4971864006388921,0.4100987557678816,0.4701141566080663,0.6706766917293233,100.0,51,score,60,facebook/esm2_t6_8M_UR50D,MAFG_MOUSE_Tsuboyama_2023_1K1V_indels,esm
GaussianProcessRegressor,0.1566382593573961,0.171102109134932,0.413644907057892,0.3070953508685469,0.6332254458246973,0.8345864661654135,100.0,51,score,80,facebook/esm2_t6_8M_UR50D,MAFG_MOUSE_Tsuboyama_2023_1K1V_indels,esm
GaussianProcessRegressor,0.1677521332147406,0.1819667753134506,0.4265756384434661,0.308781207663254,0.744846801293678,0.8360902255639097,100.0,42,score,20,facebook/esm2_t12_35M_UR50D,PIN1_HUMAN_Tsuboyama_2023_1I6C_indels,esm
GaussianProcessRegressor,0.132753178861858,0.1869952193779513,0.4324294386116091,0.3333243531597528,0.737795933983626,0.7774436090225564,100.0,42,score,40,facebook/esm2_t12_35M_UR50D,PIN1_HUMAN_Tsuboyama_2023_1I6C_indels,esm
GaussianProcessRegressor,0.1737762861798474,0.1283410470446574,0.3582471870715211,0.303341621843521,0.8200406166325993,0.8285714285714285,100.0,42,score,60,facebook/esm2_t12_35M_UR50D,PIN1_HUMAN_Tsuboyama_2023_1I6C_indels,esm
GaussianProcessRegressor,0.1755248271760529,0.139014132057764,0.3728459897300278,0.2934023666708846,0.8050748528195757,0.8616541353383457,100.0,42,score,80,facebook/esm2_t12_35M_UR50D,PIN1_HUMAN_Tsuboyama_2023_1I6C_indels,esm
GaussianProcessRegressor,0.2519406300895331,0.240185571272212,0.4900873098461252,0.3876112183838968,0.7011750925795168,0.7413533834586465,100.0,43,score,20,facebook/esm2_t12_35M_UR50D,PIN1_HUMAN_Tsuboyama_2023_1I6C_indels,esm
GaussianProcessRegressor,0.2260015738463331,0.1453812471976842,0.3812889287635877,0.3040057272472506,0.8191251143671487,0.7533834586466165,100.0,43,score,40,facebook/esm2_t12_35M_UR50D,PIN1_HUMAN_Tsuboyama_2023_1I6C_indels,esm
GaussianProcessRegressor,0.1893544207479073,0.1782527270869674,0.4221998662801391,0.3310664431147352,0.7782283324220055,0.6736842105263157,100.0,43,score,60,facebook/esm2_t12_35M_UR50D,PIN1_HUMAN_Tsuboyama_2023_1I6C_indels,esm
GaussianProcessRegressor,0.1671452895896203,0.20866727896308,0.4568011372173673,0.3250089855897033,0.7403883173017203,0.7308270676691728,100.0,43,score,80,facebook/esm2_t12_35M_UR50D,PIN1_HUMAN_Tsuboyama_2023_1I6C_indels,esm
GaussianProcessRegressor,0.162962101901064,0.3928979964791739,0.6268157595970079,0.4589190444301366,0.6147208246274323,0.8451127819548873,100.0,44,score,20,facebook/esm2_t12_35M_UR50D,PIN1_HUMAN_Tsuboyama_2023_1I6C_indels,esm
GaussianProcessRegressor,0.1032922752393741,0.3029635900604893,0.5504212841637661,0.4496050996460358,0.7029112818278136,0.7699248120300751,100.0,44,score,40,facebook/esm2_t12_35M_UR50D,PIN1_HUMAN_Tsuboyama_2023_1I6C_indels,esm
GaussianProcessRegressor,0.1494002068107265,0.3541184004883435,0.5950784826292609,0.4755035537504795,0.6527484320433954,0.825563909774436,100.0,44,score,60,facebook/esm2_t12_35M_UR50D,PIN1_HUMAN_Tsuboyama_2023_1I6C_indels,esm
GaussianProcessRegressor,0.171057092022795,0.1868234767230537,0.4322308141757754,0.3338273109756417,0.8167992820092947,0.9037593984962404,100.0,44,score,80,facebook/esm2_t12_35M_UR50D,PIN1_HUMAN_Tsuboyama_2023_1I6C_indels,esm
GaussianProcessRegressor,0.2033478265553774,0.2751823757642329,0.5245782837329743,0.3654702584522876,0.7506216046605745,0.7609022556390977,100.0,45,score,20,facebook/esm2_t12_35M_UR50D,PIN1_HUMAN_Tsuboyama_2023_1I6C_indels,esm
GaussianProcessRegressor,0.2042807689961351,0.2415761965260992,0.4915040147609165,0.3014009423075114,0.7810765167116106,0.8270676691729323,100.0,45,score,40,facebook/esm2_t12_35M_UR50D,PIN1_HUMAN_Tsuboyama_2023_1I6C_indels,esm
GaussianProcessRegressor,0.2001809229390427,0.1443221899882004,0.3798976046097164,0.2855661237554757,0.8692109694482584,0.8646616541353382,100.0,45,score,60,facebook/esm2_t12_35M_UR50D,PIN1_HUMAN_Tsuboyama_2023_1I6C_indels,esm
GaussianProcessRegressor,0.1752533638026891,0.1444898258019016,0.3801181734696483,0.268504869396491,0.8690590529234222,0.875187969924812,100.0,45,score,80,facebook/esm2_t12_35M_UR50D,PIN1_HUMAN_Tsuboyama_2023_1I6C_indels,esm
GaussianProcessRegressor,0.4413971820853687,0.3328897966532598,0.5769660272955938,0.4939920635039675,0.2621312654150602,0.4195488721804511,100.0,46,score,20,facebook/esm2_t12_35M_UR50D,PIN1_HUMAN_Tsuboyama_2023_1I6C_indels,esm
GaussianProcessRegressor,0.3061525316687097,0.0903900049408727,0.3006493055719117,0.2558440962570509,0.7996455306369178,0.6721804511278194,100.0,46,score,40,facebook/esm2_t12_35M_UR50D,PIN1_HUMAN_Tsuboyama_2023_1I6C_indels,esm
GaussianProcessRegressor,0.2714667117995105,0.0650786163048877,0.2551051083473002,0.2296462837865391,0.8557496302253933,0.77593984962406,100.0,46,score,60,facebook/esm2_t12_35M_UR50D,PIN1_HUMAN_Tsuboyama_2023_1I6C_indels,esm
GaussianProcessRegressor,0.2078991647438268,0.0849440413137502,0.2914516105869896,0.2429293656775922,0.811716811675087,0.7353383458646616,100.0,46,score,80,facebook/esm2_t12_35M_UR50D,PIN1_HUMAN_Tsuboyama_2023_1I6C_indels,esm
GaussianProcessRegressor,0.1564658164731471,0.3844912189874144,0.6200735593358375,0.4927082235953472,0.6702237696618122,0.7984962406015037,100.0,47,score,20,facebook/esm2_t12_35M_UR50D,PIN1_HUMAN_Tsuboyama_2023_1I6C_indels,esm
GaussianProcessRegressor,0.1458315175872286,0.2867830097295357,0.5355212504929526,0.4168753854547838,0.7540276209097461,0.8691729323308269,100.0,47,score,40,facebook/esm2_t12_35M_UR50D,PIN1_HUMAN_Tsuboyama_2023_1I6C_indels,esm
GaussianProcessRegressor,0.1861409190974686,0.2680278354983782,0.5177140480017692,0.416657911755071,0.7701138417435422,0.8796992481203006,100.0,47,score,60,facebook/esm2_t12_35M_UR50D,PIN1_HUMAN_Tsuboyama_2023_1I6C_indels,esm
GaussianProcessRegressor,0.201930945304064,0.1719879684945313,0.4147143215450021,0.3309028352083481,0.852486764033209,0.8932330827067668,100.0,47,score,80,facebook/esm2_t12_35M_UR50D,PIN1_HUMAN_Tsuboyama_2023_1I6C_indels,esm
GaussianProcessRegressor,0.3986912790913522,0.1993010763399295,0.4464314912054587,0.3202053901093216,0.7354465710361417,0.7157894736842104,100.0,48,score,20,facebook/esm2_t12_35M_UR50D,PIN1_HUMAN_Tsuboyama_2023_1I6C_indels,esm
GaussianProcessRegressor,0.2162070977470482,0.1411579998582137,0.3757099943549728,0.3049449631859413,0.8126260350723029,0.8421052631578947,100.0,48,score,40,facebook/esm2_t12_35M_UR50D,PIN1_HUMAN_Tsuboyama_2023_1I6C_indels,esm
GaussianProcessRegressor,0.1522668015476781,0.1549160301360458,0.3935937374197483,0.3219375995807549,0.7943635442085751,0.7654135338345864,100.0,48,score,60,facebook/esm2_t12_35M_UR50D,PIN1_HUMAN_Tsuboyama_2023_1I6C_indels,esm
GaussianProcessRegressor,0.1931173055055085,0.1225264702866094,0.3500378126525896,0.2842015201026613,0.837357637758695,0.801503759398496,100.0,48,score,80,facebook/esm2_t12_35M_UR50D,PIN1_HUMAN_Tsuboyama_2023_1I6C_indels,esm
GaussianProcessRegressor,0.6073102165880552,0.1557365639260637,0.3946347221495642,0.3466124069812369,0.7926920695278966,0.793984962406015,100.0,49,score,20,facebook/esm2_t12_35M_UR50D,PIN1_HUMAN_Tsuboyama_2023_1I6C_indels,esm
GaussianProcessRegressor,0.1841425653156493,0.2044191560209382,0.452127367033824,0.377170212932805,0.7278884860739985,0.7022556390977444,100.0,49,score,40,facebook/esm2_t12_35M_UR50D,PIN1_HUMAN_Tsuboyama_2023_1I6C_indels,esm
GaussianProcessRegressor,0.1797154848035046,0.1698810857819888,0.4121663326643612,0.3430796430283107,0.7738636616091155,0.7954887218045112,100.0,49,score,60,facebook/esm2_t12_35M_UR50D,PIN1_HUMAN_Tsuboyama_2023_1I6C_indels,esm
GaussianProcessRegressor,0.139568053693135,0.200071464295209,0.4472934878748058,0.3587293197304469,0.7336758936761048,0.7999999999999999,100.0,49,score,80,facebook/esm2_t12_35M_UR50D,PIN1_HUMAN_Tsuboyama_2023_1I6C_indels,esm
GaussianProcessRegressor,0.2326320962473914,0.2308304393966807,0.4804481651507067,0.3729074569733718,0.7031601821077621,0.8075187969924811,100.0,50,score,20,facebook/esm2_t12_35M_UR50D,PIN1_HUMAN_Tsuboyama_2023_1I6C_indels,esm
GaussianProcessRegressor,0.1593515169736138,0.248226040053746,0.4982228819050225,0.3610808963431579,0.6807900521341517,0.7804511278195487,100.0,50,score,40,facebook/esm2_t12_35M_UR50D,PIN1_HUMAN_Tsuboyama_2023_1I6C_indels,esm
GaussianProcessRegressor,0.1326235513871704,0.1511244617202428,0.3887472980230767,0.2819419612406809,0.8056592630792158,0.77593984962406,100.0,50,score,60,facebook/esm2_t12_35M_UR50D,PIN1_HUMAN_Tsuboyama_2023_1I6C_indels,esm
GaussianProcessRegressor,0.1458290272919854,0.1453518351169362,0.3812503575302405,0.287540631179623,0.8130826576460853,0.7714285714285714,100.0,50,score,80,facebook/esm2_t12_35M_UR50D,PIN1_HUMAN_Tsuboyama_2023_1I6C_indels,esm
GaussianProcessRegressor,0.2731821581951195,0.4319087511613182,0.6571976499968014,0.5261749283381847,0.6043662093827352,0.7533834586466165,100.0,51,score,20,facebook/esm2_t12_35M_UR50D,PIN1_HUMAN_Tsuboyama_2023_1I6C_indels,esm
GaussianProcessRegressor,0.173019241912604,0.2516772279242059,0.5016744242277116,0.2993264662633935,0.7694605274193468,0.8451127819548873,100.0,51,score,40,facebook/esm2_t12_35M_UR50D,PIN1_HUMAN_Tsuboyama_2023_1I6C_indels,esm
GaussianProcessRegressor,0.1157783829052539,0.2321120007512235,0.4817800335746839,0.2940932478960977,0.7873825189740948,0.8240601503759398,100.0,51,score,60,facebook/esm2_t12_35M_UR50D,PIN1_HUMAN_Tsuboyama_2023_1I6C_indels,esm
GaussianProcessRegressor,0.1706483329991656,0.1754463301034804,0.4188631400630527,0.289161499610674,0.8392889784194202,0.8691729323308269,100.0,51,score,80,facebook/esm2_t12_35M_UR50D,PIN1_HUMAN_Tsuboyama_2023_1I6C_indels,esm
GaussianProcessRegressor,0.186892082567478,0.2938819037619129,0.5421087563966412,0.427993202482048,0.5879197855894914,0.8285714285714285,100.0,42,score,20,facebook/esm2_t30_150M_UR50D,PIN1_HUMAN_Tsuboyama_2023_1I6C_indels,esm
GaussianProcessRegressor,0.1104216352382996,0.0841206482818078,0.2900355983009807,0.2249831595693362,0.8820463106554475,0.8932330827067668,100.0,42,score,40,facebook/esm2_t30_150M_UR50D,PIN1_HUMAN_Tsuboyama_2023_1I6C_indels,esm
GaussianProcessRegressor,0.1285747020066433,0.0479216753856992,0.2189101993642582,0.1585835810980687,0.9328043883782372,0.9172932330827066,100.0,42,score,60,facebook/esm2_t30_150M_UR50D,PIN1_HUMAN_Tsuboyama_2023_1I6C_indels,esm
GaussianProcessRegressor,0.132647056819928,0.0546158085126894,0.2337002535571783,0.203141063984556,0.9234178974818892,0.924812030075188,100.0,42,score,80,facebook/esm2_t30_150M_UR50D,PIN1_HUMAN_Tsuboyama_2023_1I6C_indels,esm
GaussianProcessRegressor,0.1955061139756806,0.1537435074631456,0.3921013994659361,0.2971977572856933,0.808721276882588,0.7112781954887217,100.0,43,score,20,facebook/esm2_t30_150M_UR50D,PIN1_HUMAN_Tsuboyama_2023_1I6C_indels,esm
GaussianProcessRegressor,0.1530781465823104,0.0878507354869085,0.2963962474237968,0.2337570897749231,0.8907012283891759,0.8045112781954886,100.0,43,score,40,facebook/esm2_t30_150M_UR50D,PIN1_HUMAN_Tsuboyama_2023_1I6C_indels,esm
GaussianProcessRegressor,0.1274940008110215,0.0791769495487386,0.281383989503203,0.2264757264115749,0.901492647982908,0.7864661654135338,100.0,43,score,60,facebook/esm2_t30_150M_UR50D,PIN1_HUMAN_Tsuboyama_2023_1I6C_indels,esm
GaussianProcessRegressor,0.1062964090640924,0.0740805765180384,0.2721774724661071,0.2094027178011433,0.9078332586657756,0.8030075187969924,100.0,43,score,80,facebook/esm2_t30_150M_UR50D,PIN1_HUMAN_Tsuboyama_2023_1I6C_indels,esm
GaussianProcessRegressor,0.105527376773586,0.2156132310415617,0.4643417179637876,0.3089236894846918,0.7885677997863979,0.9263157894736842,100.0,44,score,20,facebook/esm2_t30_150M_UR50D,PIN1_HUMAN_Tsuboyama_2023_1I6C_indels,esm
GaussianProcessRegressor,0.0425359144806386,0.1933404217110876,0.4397049257298439,0.3101365339122804,0.8104087093582806,0.8992481203007519,100.0,44,score,40,facebook/esm2_t30_150M_UR50D,PIN1_HUMAN_Tsuboyama_2023_1I6C_indels,esm
GaussianProcessRegressor,0.0965853440193381,0.1878143860665949,0.4333755716080394,0.3209957031783035,0.8158275877319767,0.9473684210526316,100.0,44,score,60,facebook/esm2_t30_150M_UR50D,PIN1_HUMAN_Tsuboyama_2023_1I6C_indels,esm
GaussianProcessRegressor,0.1222776324044942,0.0911185568876673,0.3018585047462923,0.2285706444645828,0.91064835460244,0.9624060150375938,100.0,44,score,80,facebook/esm2_t30_150M_UR50D,PIN1_HUMAN_Tsuboyama_2023_1I6C_indels,esm
GaussianProcessRegressor,0.2193609953849231,0.3590991004123481,0.5992487800674675,0.4013718572047832,0.6745737906362601,0.7082706766917292,100.0,45,score,20,facebook/esm2_t30_150M_UR50D,PIN1_HUMAN_Tsuboyama_2023_1I6C_indels,esm
GaussianProcessRegressor,0.1575252290999306,0.2265011383617109,0.4759213573288247,0.2797003533844721,0.7947379796023322,0.8030075187969924,100.0,45,score,40,facebook/esm2_t30_150M_UR50D,PIN1_HUMAN_Tsuboyama_2023_1I6C_indels,esm
GaussianProcessRegressor,0.1497981857194177,0.081014121293811,0.2846297969184024,0.2171250069719006,0.9265826108522532,0.9142857142857144,100.0,45,score,60,facebook/esm2_t30_150M_UR50D,PIN1_HUMAN_Tsuboyama_2023_1I6C_indels,esm
GaussianProcessRegressor,0.1371563249110416,0.0972314721300176,0.311819614729442,0.2491652523784075,0.9118859686092388,0.8736842105263156,100.0,45,score,80,facebook/esm2_t30_150M_UR50D,PIN1_HUMAN_Tsuboyama_2023_1I6C_indels,esm
GaussianProcessRegressor,0.3024547794336795,0.0995074211525577,0.3154479690100378,0.2492702307577203,0.7794362709046119,0.7834586466165413,100.0,46,score,20,facebook/esm2_t30_150M_UR50D,PIN1_HUMAN_Tsuboyama_2023_1I6C_indels,esm
GaussianProcessRegressor,0.2558126231937206,0.0402909199658156,0.2007259822888299,0.1707328800550677,0.9106929367336368,0.8466165413533834,100.0,46,score,40,facebook/esm2_t30_150M_UR50D,PIN1_HUMAN_Tsuboyama_2023_1I6C_indels,esm
GaussianProcessRegressor,0.1487117660243293,0.2224754069893119,0.4716729873432566,0.3107735692808744,0.5068708963691646,0.7533834586466165,100.0,46,score,60,facebook/esm2_t30_150M_UR50D,PIN1_HUMAN_Tsuboyama_2023_1I6C_indels,esm
GaussianProcessRegressor,0.1808142835518673,0.2485197785672317,0.4985175810011436,0.3368108582550566,0.449142099354468,0.732330827067669,100.0,46,score,80,facebook/esm2_t30_150M_UR50D,PIN1_HUMAN_Tsuboyama_2023_1I6C_indels,esm
GaussianProcessRegressor,0.1881799129935889,0.1975481040299974,0.4444638388328092,0.3277603811442807,0.8305639613070042,0.9037593984962404,100.0,47,score,20,facebook/esm2_t30_150M_UR50D,PIN1_HUMAN_Tsuboyama_2023_1I6C_indels,esm
GaussianProcessRegressor,0.1426120353490797,0.1628949105075905,0.4036024163797715,0.2795594290644558,0.8602858352137607,0.9308270676691728,100.0,47,score,40,facebook/esm2_t30_150M_UR50D,PIN1_HUMAN_Tsuboyama_2023_1I6C_indels,esm
GaussianProcessRegressor,0.1867107105563406,0.1217277649104825,0.3488950628921002,0.2717759541390631,0.8955946938258008,0.9398496240601504,100.0,47,score,60,facebook/esm2_t30_150M_UR50D,PIN1_HUMAN_Tsuboyama_2023_1I6C_indels,esm
GaussianProcessRegressor,0.1391388354677021,0.0987706221475045,0.314277937735859,0.2365629325708932,0.9152849224340082,0.9353383458646616,100.0,47,score,80,facebook/esm2_t30_150M_UR50D,PIN1_HUMAN_Tsuboyama_2023_1I6C_indels,esm
GaussianProcessRegressor,0.2015722411323735,0.1806381933350433,0.4250155212872152,0.361206601730715,0.7602197924555425,0.7338345864661654,100.0,48,score,20,facebook/esm2_t30_150M_UR50D,PIN1_HUMAN_Tsuboyama_2023_1I6C_indels,esm
GaussianProcessRegressor,0.1750199129915404,0.1244373605797774,0.3527568008979804,0.2972261027772641,0.8348211106675462,0.7684210526315788,100.0,48,score,40,facebook/esm2_t30_150M_UR50D,PIN1_HUMAN_Tsuboyama_2023_1I6C_indels,esm
GaussianProcessRegressor,0.1179398326172413,0.0816368229071059,0.2857215828513938,0.2171173914604409,0.8916347978324333,0.7443609022556391,100.0,48,score,60,facebook/esm2_t30_150M_UR50D,PIN1_HUMAN_Tsuboyama_2023_1I6C_indels,esm
GaussianProcessRegressor,0.1485382254156799,0.0821844651528226,0.2866783304556217,0.2190661696035772,0.890907854272416,0.7157894736842104,100.0,48,score,80,facebook/esm2_t30_150M_UR50D,PIN1_HUMAN_Tsuboyama_2023_1I6C_indels,esm
GaussianProcessRegressor,0.4293773484707591,0.1162580340624436,0.3409663239418867,0.2665463621445877,0.8452437126217669,0.8766917293233082,100.0,49,score,20,facebook/esm2_t30_150M_UR50D,PIN1_HUMAN_Tsuboyama_2023_1I6C_indels,esm
GaussianProcessRegressor,0.1389242913479058,0.1396554668782254,0.3737050533217679,0.2917714091043877,0.8140983396077419,0.8180451127819548,100.0,49,score,40,facebook/esm2_t30_150M_UR50D,PIN1_HUMAN_Tsuboyama_2023_1I6C_indels,esm
GaussianProcessRegressor,0.1292418602043629,0.116088292646596,0.3407173207317116,0.2660429852395927,0.845469663039239,0.7864661654135338,100.0,49,score,60,facebook/esm2_t30_150M_UR50D,PIN1_HUMAN_Tsuboyama_2023_1I6C_indels,esm
GaussianProcessRegressor,0.0906463421069473,0.1232050616489066,0.3510057857769678,0.2762344726681602,0.8359962123843404,0.819548872180451,100.0,49,score,80,facebook/esm2_t30_150M_UR50D,PIN1_HUMAN_Tsuboyama_2023_1I6C_indels,esm
GaussianProcessRegressor,0.0881707628493732,0.3046528200171808,0.5519536393730735,0.425029324852319,0.6082271997981687,0.6,100.0,50,score,20,facebook/esm2_t30_150M_UR50D,PIN1_HUMAN_Tsuboyama_2023_1I6C_indels,esm
GaussianProcessRegressor,0.1596659308871207,0.1772596008827489,0.4210220907301051,0.3114096537359786,0.772050394292831,0.7263157894736841,100.0,50,score,40,facebook/esm2_t30_150M_UR50D,PIN1_HUMAN_Tsuboyama_2023_1I6C_indels,esm
GaussianProcessRegressor,0.1118406216429633,0.1077069150875874,0.3281873170730207,0.2289725859126012,0.8614926993861889,0.8330827067669173,100.0,50,score,60,facebook/esm2_t30_150M_UR50D,PIN1_HUMAN_Tsuboyama_2023_1I6C_indels,esm
GaussianProcessRegressor,0.0989753617997371,0.0952720304136184,0.3086616762956141,0.2259600495546772,0.8774835232644412,0.8466165413533834,100.0,50,score,80,facebook/esm2_t30_150M_UR50D,PIN1_HUMAN_Tsuboyama_2023_1I6C_indels,esm
GaussianProcessRegressor,0.1745369018147718,0.2628869265586675,0.5127250009104954,0.3309754717482113,0.7591923039797787,0.8766917293233082,100.0,51,score,20,facebook/esm2_t30_150M_UR50D,PIN1_HUMAN_Tsuboyama_2023_1I6C_indels,esm
GaussianProcessRegressor,0.0983320313171827,0.2284115183334338,0.4779241763433127,0.313964912136483,0.7907722069165738,0.8421052631578947,100.0,51,score,40,facebook/esm2_t30_150M_UR50D,PIN1_HUMAN_Tsuboyama_2023_1I6C_indels,esm
GaussianProcessRegressor,0.0757552149191191,0.2093692014435703,0.4575687942195909,0.2896791779869009,0.8082152061450335,0.863157894736842,100.0,51,score,60,facebook/esm2_t30_150M_UR50D,PIN1_HUMAN_Tsuboyama_2023_1I6C_indels,esm
GaussianProcessRegressor,0.141706554163787,0.1232010548735637,0.3510000781674611,0.2502680425530057,0.8871463006558339,0.918796992481203,100.0,51,score,80,facebook/esm2_t30_150M_UR50D,PIN1_HUMAN_Tsuboyama_2023_1I6C_indels,esm
GaussianProcessRegressor,0.2955558885849103,0.1399103166247552,0.374045875027055,0.2181723912626104,0.8038182258419027,0.8676691729323308,100.0,42,score,20,facebook/esm2_t33_650M_UR50D,PIN1_HUMAN_Tsuboyama_2023_1I6C_indels,esm
GaussianProcessRegressor,0.1014983777228993,0.1789408994337489,0.4230140652906815,0.2568184166230775,0.7490896742481734,0.8691729323308269,100.0,42,score,40,facebook/esm2_t33_650M_UR50D,PIN1_HUMAN_Tsuboyama_2023_1I6C_indels,esm
GaussianProcessRegressor,0.1809971281161294,0.0640129755967157,0.2530078567885112,0.1814212344513225,0.9102412214863024,0.9443609022556392,100.0,42,score,60,facebook/esm2_t33_650M_UR50D,PIN1_HUMAN_Tsuboyama_2023_1I6C_indels,esm
GaussianProcessRegressor,0.178898369696399,0.0452833773850299,0.2127989130259595,0.1688144252781969,0.9365038009377648,0.950375939849624,100.0,42,score,80,facebook/esm2_t33_650M_UR50D,PIN1_HUMAN_Tsuboyama_2023_1I6C_indels,esm
GaussianProcessRegressor,0.1496868987474555,0.1232007350409253,0.3509996225652178,0.2799563617247192,0.8467208165430737,0.8090225563909773,100.0,43,score,20,facebook/esm2_t33_650M_UR50D,PIN1_HUMAN_Tsuboyama_2023_1I6C_indels,esm
GaussianProcessRegressor,0.1334258967927447,0.10264705156806,0.3203857855274793,0.2610006719717383,0.872292513162468,0.8345864661654135,100.0,43,score,40,facebook/esm2_t33_650M_UR50D,PIN1_HUMAN_Tsuboyama_2023_1I6C_indels,esm
GaussianProcessRegressor,0.1238951410310181,0.1008653883415446,0.3175931175915885,0.2530108733083395,0.8745091548445554,0.8360902255639097,100.0,43,score,60,facebook/esm2_t33_650M_UR50D,PIN1_HUMAN_Tsuboyama_2023_1I6C_indels,esm
GaussianProcessRegressor,0.1354698045799645,0.0931668512921582,0.3052324545197615,0.2503047533683259,0.884087226536667,0.8075187969924811,100.0,43,score,80,facebook/esm2_t33_650M_UR50D,PIN1_HUMAN_Tsuboyama_2023_1I6C_indels,esm
GaussianProcessRegressor,0.163794322188013,0.232059202544856,0.4817252355283622,0.3271143400025301,0.7724407378116092,0.9142857142857144,100.0,44,score,20,facebook/esm2_t33_650M_UR50D,PIN1_HUMAN_Tsuboyama_2023_1I6C_indels,esm
GaussianProcessRegressor,0.0713252823386767,0.2049732998864934,0.4527397706039236,0.3088614119679922,0.7990014083519303,0.918796992481203,100.0,44,score,40,facebook/esm2_t33_650M_UR50D,PIN1_HUMAN_Tsuboyama_2023_1I6C_indels,esm
GaussianProcessRegressor,0.1351461807263361,0.2621063088360132,0.511963190899515,0.3536859923068057,0.742976285363574,0.9142857142857144,100.0,44,score,60,facebook/esm2_t33_650M_UR50D,PIN1_HUMAN_Tsuboyama_2023_1I6C_indels,esm
GaussianProcessRegressor,0.1630233307373745,0.1403510532378535,0.374634559588212,0.2786771754322702,0.8623705426377305,0.9428571428571428,100.0,44,score,80,facebook/esm2_t33_650M_UR50D,PIN1_HUMAN_Tsuboyama_2023_1I6C_indels,esm
GaussianProcessRegressor,0.2423780821668813,0.3792036846607568,0.6157951645318083,0.4250417061986087,0.6563544226810608,0.7669172932330827,100.0,45,score,20,facebook/esm2_t33_650M_UR50D,PIN1_HUMAN_Tsuboyama_2023_1I6C_indels,esm
GaussianProcessRegressor,0.1638702954558755,0.2637269213360755,0.5135434950771702,0.3134202251853067,0.761002875754859,0.8781954887218045,100.0,45,score,40,facebook/esm2_t33_650M_UR50D,PIN1_HUMAN_Tsuboyama_2023_1I6C_indels,esm
GaussianProcessRegressor,0.1748661423906046,0.1111867656977753,0.3334467959026977,0.2597173303241989,0.8992392694637974,0.924812030075188,100.0,45,score,60,facebook/esm2_t33_650M_UR50D,PIN1_HUMAN_Tsuboyama_2023_1I6C_indels,esm
GaussianProcessRegressor,0.1709276987567766,0.1232381670364241,0.3510529405038848,0.262643478843629,0.8883179336802932,0.900751879699248,100.0,45,score,80,facebook/esm2_t33_650M_UR50D,PIN1_HUMAN_Tsuboyama_2023_1I6C_indels,esm
GaussianProcessRegressor,0.2151997238336288,0.1204859967609792,0.3471109286106952,0.2795231085332073,0.7329360921871971,0.7804511278195487,100.0,46,score,20,facebook/esm2_t33_650M_UR50D,PIN1_HUMAN_Tsuboyama_2023_1I6C_indels,esm
GaussianProcessRegressor,0.2893183967222342,0.0463553207519509,0.2153028582066456,0.1617243942603484,0.8972508553629588,0.9172932330827066,100.0,46,score,40,facebook/esm2_t33_650M_UR50D,PIN1_HUMAN_Tsuboyama_2023_1I6C_indels,esm
GaussianProcessRegressor,0.2106514127545601,0.2162370806135757,0.4650129897256373,0.3810484511393817,0.520698493475083,0.6932330827067669,100.0,46,score,60,facebook/esm2_t33_650M_UR50D,PIN1_HUMAN_Tsuboyama_2023_1I6C_indels,esm
GaussianProcessRegressor,0.2027891530356111,0.2468819152951327,0.4968721317352511,0.3386592081672012,0.4527725143210934,0.675187969924812,100.0,46,score,80,facebook/esm2_t33_650M_UR50D,PIN1_HUMAN_Tsuboyama_2023_1I6C_indels,esm
GaussianProcessRegressor,0.1447714257375713,0.2177263898484935,0.4666116049226525,0.320190097012228,0.813257144653467,0.8360902255639097,100.0,47,score,20,facebook/esm2_t33_650M_UR50D,PIN1_HUMAN_Tsuboyama_2023_1I6C_indels,esm
GaussianProcessRegressor,0.1483726832365101,0.1469469273697556,0.3833365719178847,0.2587310015232423,0.8739643420325713,0.9172932330827066,100.0,47,score,40,facebook/esm2_t33_650M_UR50D,PIN1_HUMAN_Tsuboyama_2023_1I6C_indels,esm
GaussianProcessRegressor,0.1709912194870051,0.1107246916061595,0.332753199242561,0.2858725605404427,0.9050319757642296,0.882706766917293,100.0,47,score,60,facebook/esm2_t33_650M_UR50D,PIN1_HUMAN_Tsuboyama_2023_1I6C_indels,esm
GaussianProcessRegressor,0.1613454378700598,0.1275970540422908,0.3572072984168868,0.2582235604492058,0.890560633360779,0.9157894736842104,100.0,47,score,80,facebook/esm2_t33_650M_UR50D,PIN1_HUMAN_Tsuboyama_2023_1I6C_indels,esm
GaussianProcessRegressor,0.1745117510460506,0.21427570860452,0.4628992423892267,0.3387252748532781,0.7155691554906616,0.7443609022556391,100.0,48,score,20,facebook/esm2_t33_650M_UR50D,PIN1_HUMAN_Tsuboyama_2023_1I6C_indels,esm
GaussianProcessRegressor,0.1674787602826651,0.2444250916538502,0.4943936606125226,0.3765275433144251,0.6755486858909843,0.7609022556390977,100.0,48,score,40,facebook/esm2_t33_650M_UR50D,PIN1_HUMAN_Tsuboyama_2023_1I6C_indels,esm
GaussianProcessRegressor,0.1553494072383917,0.111105171994936,0.3333244245400208,0.2598584894324551,0.8525183367462291,0.7368421052631579,100.0,48,score,60,facebook/esm2_t33_650M_UR50D,PIN1_HUMAN_Tsuboyama_2023_1I6C_indels,esm
GaussianProcessRegressor,0.1923722045521987,0.0784552293549072,0.2800986064851221,0.2286029356316349,0.895858063954528,0.7954887218045112,100.0,48,score,80,facebook/esm2_t33_650M_UR50D,PIN1_HUMAN_Tsuboyama_2023_1I6C_indels,esm
GaussianProcessRegressor,0.2738472154775526,0.3189684932160456,0.564772957227987,0.4546737724072221,0.5754067217906745,0.7518796992481201,100.0,49,score,20,facebook/esm2_t33_650M_UR50D,PIN1_HUMAN_Tsuboyama_2023_1I6C_indels,esm
GaussianProcessRegressor,0.1342582764176833,0.197387348201597,0.4442829596119989,0.3615742637482072,0.7372488410847668,0.7654135338345864,100.0,49,score,40,facebook/esm2_t33_650M_UR50D,PIN1_HUMAN_Tsuboyama_2023_1I6C_indels,esm
GaussianProcessRegressor,0.1417865139520902,0.1455167496914843,0.3814665774238738,0.299187808409121,0.8062961229715429,0.8165413533834586,100.0,49,score,60,facebook/esm2_t33_650M_UR50D,PIN1_HUMAN_Tsuboyama_2023_1I6C_indels,esm
GaussianProcessRegressor,0.1111514635233617,0.1279484284835991,0.3576987957536328,0.2886567780900399,0.82968210388483,0.7924812030075187,100.0,49,score,80,facebook/esm2_t33_650M_UR50D,PIN1_HUMAN_Tsuboyama_2023_1I6C_indels,esm
GaussianProcessRegressor,0.2875800882177657,0.3363526191087514,0.5799591529657511,0.420237247133458,0.5674623742658147,0.6406015037593984,100.0,50,score,20,facebook/esm2_t33_650M_UR50D,PIN1_HUMAN_Tsuboyama_2023_1I6C_indels,esm
GaussianProcessRegressor,0.190477246195827,0.1825564863956421,0.4272662944764566,0.2735497460522415,0.7652387860181473,0.7563909774436091,100.0,50,score,40,facebook/esm2_t33_650M_UR50D,PIN1_HUMAN_Tsuboyama_2023_1I6C_indels,esm
GaussianProcessRegressor,0.1854851860363754,0.1134293433789794,0.3367927305910557,0.2125994590280281,0.8541338580810389,0.8225563909774435,100.0,50,score,60,facebook/esm2_t33_650M_UR50D,PIN1_HUMAN_Tsuboyama_2023_1I6C_indels,esm
GaussianProcessRegressor,0.1425010462903468,0.0994672038264637,0.3153842161974244,0.1935843495846987,0.8720886779608921,0.849624060150376,100.0,50,score,80,facebook/esm2_t33_650M_UR50D,PIN1_HUMAN_Tsuboyama_2023_1I6C_indels,esm
GaussianProcessRegressor,0.0989918045797828,0.2959246080843164,0.5439895293884951,0.3534849999492547,0.7289293765904782,0.8466165413533834,100.0,51,score,20,facebook/esm2_t33_650M_UR50D,PIN1_HUMAN_Tsuboyama_2023_1I6C_indels,esm
GaussianProcessRegressor,0.1020837073834567,0.2272507447234832,0.4767082385731163,0.2784609400819794,0.7918354899876355,0.875187969924812,100.0,51,score,40,facebook/esm2_t33_650M_UR50D,PIN1_HUMAN_Tsuboyama_2023_1I6C_indels,esm
GaussianProcessRegressor,0.0988548736665363,0.2214717155544374,0.4706078150163227,0.2749784207117473,0.7971291526191282,0.8766917293233082,100.0,51,score,60,facebook/esm2_t33_650M_UR50D,PIN1_HUMAN_Tsuboyama_2023_1I6C_indels,esm
GaussianProcessRegressor,0.1537849178199116,0.1505398098598535,0.3879946002972896,0.2327826142430408,0.8621036608924579,0.9052631578947368,100.0,51,score,80,facebook/esm2_t33_650M_UR50D,PIN1_HUMAN_Tsuboyama_2023_1I6C_indels,esm
GaussianProcessRegressor,0.5172321209699389,0.3828040697428046,0.6187116208241159,0.5120172913424477,0.4632334243192211,0.7834586466165413,100.0,42,score,20,facebook/esm2_t6_8M_UR50D,PIN1_HUMAN_Tsuboyama_2023_1I6C_indels,esm
GaussianProcessRegressor,0.1977270876893915,0.2348429299983667,0.4846059533253453,0.3737971457738193,0.6707040355063163,0.8225563909774435,100.0,42,score,40,facebook/esm2_t6_8M_UR50D,PIN1_HUMAN_Tsuboyama_2023_1I6C_indels,esm
GaussianProcessRegressor,0.2455824143140063,0.2168953210537226,0.4657202175702947,0.3500175918255367,0.6958701122445992,0.8180451127819548,100.0,42,score,60,facebook/esm2_t6_8M_UR50D,PIN1_HUMAN_Tsuboyama_2023_1I6C_indels,esm
GaussianProcessRegressor,0.2525872295714667,0.3134173960300466,0.5598369370004507,0.3873352271608051,0.5605271842097577,0.7789473684210525,100.0,42,score,80,facebook/esm2_t6_8M_UR50D,PIN1_HUMAN_Tsuboyama_2023_1I6C_indels,esm
GaussianProcessRegressor,0.4890122586350814,0.4410530788551002,0.6641182717371208,0.5969030219972484,0.451267431435243,0.5112781954887218,100.0,43,score,20,facebook/esm2_t6_8M_UR50D,PIN1_HUMAN_Tsuboyama_2023_1I6C_indels,esm
GaussianProcessRegressor,0.3053849047507595,0.2547836512817875,0.5047609843101857,0.3801671634502007,0.68301301113444,0.6661654135338345,100.0,43,score,40,facebook/esm2_t6_8M_UR50D,PIN1_HUMAN_Tsuboyama_2023_1I6C_indels,esm
GaussianProcessRegressor,0.3356119162371002,0.2009934666515012,0.4483229490573745,0.3525867282205512,0.7499356279141918,0.7353383458646616,100.0,43,score,60,facebook/esm2_t6_8M_UR50D,PIN1_HUMAN_Tsuboyama_2023_1I6C_indels,esm
GaussianProcessRegressor,0.2753083440719996,0.2144002158223014,0.46303370916414,0.35662270269867,0.7332557309555457,0.6977443609022556,100.0,43,score,80,facebook/esm2_t6_8M_UR50D,PIN1_HUMAN_Tsuboyama_2023_1I6C_indels,esm
GaussianProcessRegressor,0.1796225059688424,0.6881922810555777,0.829573553734434,0.6208757550070115,0.3251526937808812,0.5383458646616541,100.0,44,score,20,facebook/esm2_t6_8M_UR50D,PIN1_HUMAN_Tsuboyama_2023_1I6C_indels,esm
GaussianProcessRegressor,0.2405686278282451,0.4440423174313956,0.6663650031562249,0.4953416989834894,0.5645682609135921,0.7353383458646616,100.0,44,score,40,facebook/esm2_t6_8M_UR50D,PIN1_HUMAN_Tsuboyama_2023_1I6C_indels,esm
GaussianProcessRegressor,0.2082347586387992,0.402055874606281,0.6340787605702315,0.4387048403309702,0.605740530086375,0.7729323308270677,100.0,44,score,60,facebook/esm2_t6_8M_UR50D,PIN1_HUMAN_Tsuboyama_2023_1I6C_indels,esm
GaussianProcessRegressor,0.2094978304194044,0.3282955890192762,0.5729708448248272,0.3558385755192869,0.6780705044330694,0.8150375939849623,100.0,44,score,80,facebook/esm2_t6_8M_UR50D,PIN1_HUMAN_Tsuboyama_2023_1I6C_indels,esm
GaussianProcessRegressor,0.3392864657793873,0.3201084876514304,0.5657813072658291,0.4293764199137954,0.7099082353535674,0.8300751879699247,100.0,45,score,20,facebook/esm2_t6_8M_UR50D,PIN1_HUMAN_Tsuboyama_2023_1I6C_indels,esm
GaussianProcessRegressor,0.200707494360236,0.339469781193278,0.5826403532139514,0.4054521421437033,0.6923624593868019,0.801503759398496,100.0,45,score,40,facebook/esm2_t6_8M_UR50D,PIN1_HUMAN_Tsuboyama_2023_1I6C_indels,esm
GaussianProcessRegressor,0.231087411373239,0.3390668656047115,0.5822944835774349,0.3682051108462666,0.6927275933916773,0.8646616541353382,100.0,45,score,60,facebook/esm2_t6_8M_UR50D,PIN1_HUMAN_Tsuboyama_2023_1I6C_indels,esm
GaussianProcessRegressor,0.2107639352642776,0.3241757279056981,0.5693643191364367,0.3601924859696134,0.7062223821253134,0.8541353383458646,100.0,45,score,80,facebook/esm2_t6_8M_UR50D,PIN1_HUMAN_Tsuboyama_2023_1I6C_indels,esm
GaussianProcessRegressor,0.4904015695084379,0.3184228768532937,0.5642897100366918,0.4147908579277367,0.2941979971486904,0.7112781954887217,100.0,46,score,20,facebook/esm2_t6_8M_UR50D,PIN1_HUMAN_Tsuboyama_2023_1I6C_indels,esm
GaussianProcessRegressor,0.365309400267953,0.1325531742602438,0.3640785276011809,0.2934242563941441,0.7061885226284079,0.7157894736842104,100.0,46,score,40,facebook/esm2_t6_8M_UR50D,PIN1_HUMAN_Tsuboyama_2023_1I6C_indels,esm
GaussianProcessRegressor,0.2968242800088689,0.1414010240334728,0.376033275167867,0.3093770058759751,0.6865767718880562,0.7473684210526315,100.0,46,score,60,facebook/esm2_t6_8M_UR50D,PIN1_HUMAN_Tsuboyama_2023_1I6C_indels,esm
GaussianProcessRegressor,0.2615035404174041,0.1530192217232268,0.3911767141883919,0.2940778808358982,0.6608243910290361,0.7097744360902255,100.0,46,score,80,facebook/esm2_t6_8M_UR50D,PIN1_HUMAN_Tsuboyama_2023_1I6C_indels,esm
GaussianProcessRegressor,0.3424663284213859,0.6633734425129838,0.8144774045441554,0.6469362154643665,0.4310278560989473,0.6541353383458646,100.0,47,score,20,facebook/esm2_t6_8M_UR50D,PIN1_HUMAN_Tsuboyama_2023_1I6C_indels,esm
GaussianProcessRegressor,0.2921550633464874,0.4380802136201686,0.661876282714654,0.4976351321911775,0.624260752134014,0.8345864661654135,100.0,47,score,40,facebook/esm2_t6_8M_UR50D,PIN1_HUMAN_Tsuboyama_2023_1I6C_indels,esm
GaussianProcessRegressor,0.2488019154418876,0.3815472960870428,0.6176951481815628,0.4389026346358359,0.6727487578762312,0.8165413533834586,100.0,47,score,60,facebook/esm2_t6_8M_UR50D,PIN1_HUMAN_Tsuboyama_2023_1I6C_indels,esm
GaussianProcessRegressor,0.2551840522526322,0.3207087463489038,0.5663115276496707,0.4100252427508327,0.7249296832162779,0.8556390977443609,100.0,47,score,80,facebook/esm2_t6_8M_UR50D,PIN1_HUMAN_Tsuboyama_2023_1I6C_indels,esm
GaussianProcessRegressor,0.5477257714435155,0.3859844175672787,0.6212764421473573,0.5491046736670929,0.4876419983810041,0.801503759398496,100.0,48,score,20,facebook/esm2_t6_8M_UR50D,PIN1_HUMAN_Tsuboyama_2023_1I6C_indels,esm
GaussianProcessRegressor,0.3005196334172365,0.2345052191618513,0.4842573893724816,0.3761606155004676,0.6887163833808186,0.8360902255639097,100.0,48,score,40,facebook/esm2_t6_8M_UR50D,PIN1_HUMAN_Tsuboyama_2023_1I6C_indels,esm
GaussianProcessRegressor,0.2480936922331149,0.1706555982139619,0.4131048271491898,0.3267272003854549,0.7734707483346546,0.78796992481203,100.0,48,score,60,facebook/esm2_t6_8M_UR50D,PIN1_HUMAN_Tsuboyama_2023_1I6C_indels,esm
GaussianProcessRegressor,0.2727589118999095,0.291496362705996,0.5399040310147685,0.4476737925005745,0.6130660019475587,0.7488721804511278,100.0,48,score,80,facebook/esm2_t6_8M_UR50D,PIN1_HUMAN_Tsuboyama_2023_1I6C_indels,esm
GaussianProcessRegressor,0.8132291887844767,0.3210371501039715,0.5666014031962606,0.4783324440435033,0.5726530397555658,0.8345864661654135,100.0,49,score,20,facebook/esm2_t6_8M_UR50D,PIN1_HUMAN_Tsuboyama_2023_1I6C_indels,esm
GaussianProcessRegressor,0.4032920988215441,0.6519275390360095,0.8074202988753809,0.5872710515551679,0.1321899910448187,0.8225563909774435,100.0,49,score,40,facebook/esm2_t6_8M_UR50D,PIN1_HUMAN_Tsuboyama_2023_1I6C_indels,esm
GaussianProcessRegressor,0.269091245178945,0.2429376666340893,0.4928870729021906,0.3671435804767277,0.6766147676948573,0.813533834586466,100.0,49,score,60,facebook/esm2_t6_8M_UR50D,PIN1_HUMAN_Tsuboyama_2023_1I6C_indels,esm
GaussianProcessRegressor,0.234521504504661,0.2261388068777339,0.4755405417813858,0.3489417952852903,0.6989764839327633,0.819548872180451,100.0,49,score,80,facebook/esm2_t6_8M_UR50D,PIN1_HUMAN_Tsuboyama_2023_1I6C_indels,esm
GaussianProcessRegressor,0.5263828377774018,0.3202194725501455,0.5658793798594763,0.419332164546603,0.5882090327178031,0.7353383458646616,100.0,50,score,20,facebook/esm2_t6_8M_UR50D,PIN1_HUMAN_Tsuboyama_2023_1I6C_indels,esm
GaussianProcessRegressor,0.3301365515101724,0.2730272765589632,0.5225201207216457,0.3762949578669063,0.6488965352004537,0.7263157894736841,100.0,50,score,40,facebook/esm2_t6_8M_UR50D,PIN1_HUMAN_Tsuboyama_2023_1I6C_indels,esm
GaussianProcessRegressor,0.2499023213977736,0.2625076363384737,0.5123549905470559,0.3401776558042025,0.6624244221442361,0.7278195488721804,100.0,50,score,60,facebook/esm2_t6_8M_UR50D,PIN1_HUMAN_Tsuboyama_2023_1I6C_indels,esm
GaussianProcessRegressor,0.2534842302716918,0.2122751106029805,0.4607332314940832,0.3292895739442579,0.7270216816329056,0.7533834586466165,100.0,50,score,80,facebook/esm2_t6_8M_UR50D,PIN1_HUMAN_Tsuboyama_2023_1I6C_indels,esm
GaussianProcessRegressor,0.5585207336811878,0.6496519267054085,0.8060098800296486,0.6530818283547624,0.404910751048266,0.8210526315789473,100.0,51,score,20,facebook/esm2_t6_8M_UR50D,PIN1_HUMAN_Tsuboyama_2023_1I6C_indels,esm
GaussianProcessRegressor,0.2375231251061259,0.3669816348149142,0.6057900913805988,0.3954746457886997,0.663840255891188,0.875187969924812,100.0,51,score,40,facebook/esm2_t6_8M_UR50D,PIN1_HUMAN_Tsuboyama_2023_1I6C_indels,esm
GaussianProcessRegressor,0.1492408194061263,0.298398080581485,0.546258254474461,0.3584880993579683,0.7266636450038615,0.9022556390977444,100.0,51,score,60,facebook/esm2_t6_8M_UR50D,PIN1_HUMAN_Tsuboyama_2023_1I6C_indels,esm
GaussianProcessRegressor,0.2192661489380543,0.2855269909463562,0.5343472568904571,0.3386013397687466,0.7384537232739325,0.918796992481203,100.0,51,score,80,facebook/esm2_t6_8M_UR50D,PIN1_HUMAN_Tsuboyama_2023_1I6C_indels,esm
GaussianProcessRegressor,0.2758823425060585,0.3533664694518778,0.5944463554029731,0.4933942614783726,0.7229620469483463,0.8586466165413533,100.0,42,score,20,facebook/esm2_t12_35M_UR50D,PKN1_HUMAN_Tsuboyama_2023_1URF_indels,esm
GaussianProcessRegressor,0.2287865396901112,0.2983234863499466,0.5461899727658378,0.448054899328524,0.7661155340125524,0.8781954887218045,100.0,42,score,40,facebook/esm2_t12_35M_UR50D,PKN1_HUMAN_Tsuboyama_2023_1URF_indels,esm
GaussianProcessRegressor,0.1741855328482927,0.271342684627505,0.5209056388901017,0.4332048147067033,0.787268378798511,0.8812030075187969,100.0,42,score,60,facebook/esm2_t12_35M_UR50D,PKN1_HUMAN_Tsuboyama_2023_1URF_indels,esm
GaussianProcessRegressor,0.1251078571954451,0.2450573549425939,0.4950326806813808,0.4194724520824047,0.807875976181735,0.8812030075187969,100.0,42,score,80,facebook/esm2_t12_35M_UR50D,PKN1_HUMAN_Tsuboyama_2023_1URF_indels,esm
GaussianProcessRegressor,0.531036680675883,0.1698063297976549,0.4120756360155924,0.3637459172754881,0.8605432349899957,0.8300751879699247,100.0,43,score,20,facebook/esm2_t12_35M_UR50D,PKN1_HUMAN_Tsuboyama_2023_1URF_indels,esm
GaussianProcessRegressor,0.2407847931076894,0.1343523152774245,0.3665410144546235,0.3192576011527704,0.8896605369038926,0.9022556390977444,100.0,43,score,40,facebook/esm2_t12_35M_UR50D,PKN1_HUMAN_Tsuboyama_2023_1URF_indels,esm
GaussianProcessRegressor,0.1973221326912262,0.1004205660710897,0.3168920416657536,0.2784120341010709,0.9175276486958088,0.900751879699248,100.0,43,score,60,facebook/esm2_t12_35M_UR50D,PKN1_HUMAN_Tsuboyama_2023_1URF_indels,esm
GaussianProcessRegressor,0.17997330816531,0.0892974090337006,0.298826720749167,0.2601004336068905,0.92666275867069,0.9052631578947368,100.0,43,score,80,facebook/esm2_t12_35M_UR50D,PKN1_HUMAN_Tsuboyama_2023_1URF_indels,esm
GaussianProcessRegressor,0.285527688353892,0.5983222380086174,0.773512920388934,0.5897451542467247,0.5761591424377042,0.7157894736842104,100.0,44,score,20,facebook/esm2_t12_35M_UR50D,PKN1_HUMAN_Tsuboyama_2023_1URF_indels,esm
GaussianProcessRegressor,0.3238635268163794,0.5525331873139855,0.7433257612339192,0.4709001675082145,0.6085952935290775,0.7624060150375939,100.0,44,score,40,facebook/esm2_t12_35M_UR50D,PKN1_HUMAN_Tsuboyama_2023_1URF_indels,esm
GaussianProcessRegressor,0.2716750180572876,0.1721226548594957,0.414876674277424,0.3131225459353028,0.8780713652155829,0.8421052631578947,100.0,44,score,60,facebook/esm2_t12_35M_UR50D,PKN1_HUMAN_Tsuboyama_2023_1URF_indels,esm
GaussianProcessRegressor,0.2158507587032375,0.2585857484070357,0.5085132725967295,0.3582335302026231,0.8168224438339402,0.8165413533834586,100.0,44,score,80,facebook/esm2_t12_35M_UR50D,PKN1_HUMAN_Tsuboyama_2023_1URF_indels,esm
GaussianProcessRegressor,0.4441130304770674,0.416469140827352,0.6453442033731704,0.4579006281244159,0.5910271328709127,0.7669172932330827,100.0,45,score,20,facebook/esm2_t12_35M_UR50D,PKN1_HUMAN_Tsuboyama_2023_1URF_indels,esm
GaussianProcessRegressor,0.184081350069991,0.3959486862536158,0.6292445361333031,0.5168118906681682,0.6111782276798607,0.7533834586466165,100.0,45,score,40,facebook/esm2_t12_35M_UR50D,PKN1_HUMAN_Tsuboyama_2023_1URF_indels,esm
GaussianProcessRegressor,0.2407396949591857,0.1699851611464318,0.4122925674159453,0.3439976127651952,0.8330745020258884,0.8962406015037594,100.0,45,score,60,facebook/esm2_t12_35M_UR50D,PKN1_HUMAN_Tsuboyama_2023_1URF_indels,esm
GaussianProcessRegressor,0.1520393345844896,0.1288847276573006,0.35900519168572,0.3142427127630302,0.8734351445717103,0.9142857142857144,100.0,45,score,80,facebook/esm2_t12_35M_UR50D,PKN1_HUMAN_Tsuboyama_2023_1URF_indels,esm
GaussianProcessRegressor,0.2334001494165203,0.2274100679427009,0.4768753169778248,0.3486477189508686,0.7643233872110847,0.8887218045112781,100.0,46,score,20,facebook/esm2_t12_35M_UR50D,PKN1_HUMAN_Tsuboyama_2023_1URF_indels,esm
GaussianProcessRegressor,0.203877106021153,0.2974036157793165,0.5453472433040407,0.3894270729866204,0.6917855157771391,0.8556390977443609,100.0,46,score,40,facebook/esm2_t12_35M_UR50D,PKN1_HUMAN_Tsuboyama_2023_1URF_indels,esm
GaussianProcessRegressor,0.1560367561124755,0.2152237677608587,0.4639221570057403,0.33128239349205,0.7769526695259255,0.8932330827067668,100.0,46,score,60,facebook/esm2_t12_35M_UR50D,PKN1_HUMAN_Tsuboyama_2023_1URF_indels,esm
GaussianProcessRegressor,0.1430603394027518,0.1457744119296017,0.3818041538925444,0.2831580804478773,0.8489265671231365,0.9172932330827066,100.0,46,score,80,facebook/esm2_t12_35M_UR50D,PKN1_HUMAN_Tsuboyama_2023_1URF_indels,esm
GaussianProcessRegressor,0.2717831693360917,0.2377849259838623,0.4876319575087981,0.3954728343121328,0.8268468082608066,0.8676691729323308,100.0,47,score,20,facebook/esm2_t12_35M_UR50D,PKN1_HUMAN_Tsuboyama_2023_1URF_indels,esm
GaussianProcessRegressor,0.1394545007901756,0.1816577058036823,0.4262132163643946,0.3359072270896629,0.8677182271593544,0.8616541353383457,100.0,47,score,40,facebook/esm2_t12_35M_UR50D,PKN1_HUMAN_Tsuboyama_2023_1URF_indels,esm
GaussianProcessRegressor,0.1934127765924917,0.135058074890419,0.3675024828357204,0.3057537785937141,0.9016517273302086,0.912781954887218,100.0,47,score,60,facebook/esm2_t12_35M_UR50D,PKN1_HUMAN_Tsuboyama_2023_1URF_indels,esm
GaussianProcessRegressor,0.1324591298129705,0.1106581627063717,0.3326532168886568,0.2861497746182661,0.9194195595649168,0.9218045112781956,100.0,47,score,80,facebook/esm2_t12_35M_UR50D,PKN1_HUMAN_Tsuboyama_2023_1URF_indels,esm
GaussianProcessRegressor,0.1337415213944037,0.2881411903342893,0.5367878448086257,0.4019270652379402,0.7883340074958427,0.8075187969924811,100.0,48,score,20,facebook/esm2_t12_35M_UR50D,PKN1_HUMAN_Tsuboyama_2023_1URF_indels,esm
GaussianProcessRegressor,0.1841475303758855,0.1258285415630389,0.354723190055343,0.2834120271390898,0.9075674564112404,0.8541353383458646,100.0,48,score,40,facebook/esm2_t12_35M_UR50D,PKN1_HUMAN_Tsuboyama_2023_1URF_indels,esm
GaussianProcessRegressor,0.2009524180898219,0.089991949956464,0.2999865829607452,0.2257783918147648,0.9338927024531952,0.875187969924812,100.0,48,score,60,facebook/esm2_t12_35M_UR50D,PKN1_HUMAN_Tsuboyama_2023_1URF_indels,esm
GaussianProcessRegressor,0.1613393363236358,0.0824402551654893,0.2871241110834988,0.227079255587296,0.9394401112466608,0.8706766917293233,100.0,48,score,80,facebook/esm2_t12_35M_UR50D,PKN1_HUMAN_Tsuboyama_2023_1URF_indels,esm
GaussianProcessRegressor,0.4393064597061132,0.228320587924752,0.4778290362930575,0.3347938416619339,0.8438294407853095,0.7849624060150376,100.0,49,score,20,facebook/esm2_t12_35M_UR50D,PKN1_HUMAN_Tsuboyama_2023_1URF_indels,esm
GaussianProcessRegressor,0.3619153255358147,0.1313369342510252,0.362404379458948,0.2693778435384207,0.9101659528211908,0.9037593984962404,100.0,49,score,40,facebook/esm2_t12_35M_UR50D,PKN1_HUMAN_Tsuboyama_2023_1URF_indels,esm
GaussianProcessRegressor,0.1964160979144939,0.1236841601082447,0.3516875887890341,0.2832819691564256,0.9154004261040628,0.875187969924812,100.0,49,score,60,facebook/esm2_t12_35M_UR50D,PKN1_HUMAN_Tsuboyama_2023_1URF_indels,esm
GaussianProcessRegressor,0.1470794748677505,0.0945090736446335,0.3074232809086415,0.2475388937182097,0.9353560928688168,0.9037593984962404,100.0,49,score,80,facebook/esm2_t12_35M_UR50D,PKN1_HUMAN_Tsuboyama_2023_1URF_indels,esm
GaussianProcessRegressor,0.7183137192477618,0.1921002600918664,0.4382924367267434,0.3167994561795284,0.817297177371618,0.8676691729323308,100.0,50,score,20,facebook/esm2_t12_35M_UR50D,PKN1_HUMAN_Tsuboyama_2023_1URF_indels,esm
GaussianProcessRegressor,0.3083583548838665,0.1107570641803205,0.3328018392081397,0.2569024371752623,0.8946611095575804,0.9413533834586464,100.0,50,score,40,facebook/esm2_t12_35M_UR50D,PKN1_HUMAN_Tsuboyama_2023_1URF_indels,esm
GaussianProcessRegressor,0.2214852994750518,0.0920625806140276,0.3034181613121199,0.2434106076366033,0.9124410694259752,0.932330827067669,100.0,50,score,60,facebook/esm2_t12_35M_UR50D,PKN1_HUMAN_Tsuboyama_2023_1URF_indels,esm
GaussianProcessRegressor,0.1809462185877539,0.0709474587819191,0.2663596418039323,0.2287587272318164,0.9325232512877986,0.9413533834586464,100.0,50,score,80,facebook/esm2_t12_35M_UR50D,PKN1_HUMAN_Tsuboyama_2023_1URF_indels,esm
GaussianProcessRegressor,0.2075284995274434,0.8653710676195017,0.9302532276856134,0.6238442162847819,0.3885170219640088,0.6616541353383457,100.0,51,score,20,facebook/esm2_t12_35M_UR50D,PKN1_HUMAN_Tsuboyama_2023_1URF_indels,esm
GaussianProcessRegressor,0.1819476870460687,0.291846614155048,0.5402282981805451,0.4477061369742178,0.7937772090715228,0.8180451127819548,100.0,51,score,40,facebook/esm2_t12_35M_UR50D,PKN1_HUMAN_Tsuboyama_2023_1URF_indels,esm
GaussianProcessRegressor,0.1527021573911089,0.2639311083879249,0.5137422587133795,0.4063643244164049,0.813502685504214,0.882706766917293,100.0,51,score,60,facebook/esm2_t12_35M_UR50D,PKN1_HUMAN_Tsuboyama_2023_1URF_indels,esm
GaussianProcessRegressor,0.1198161003315658,0.2324053481317697,0.4820843786431684,0.3873182391519662,0.8357792169109222,0.8842105263157894,100.0,51,score,80,facebook/esm2_t12_35M_UR50D,PKN1_HUMAN_Tsuboyama_2023_1URF_indels,esm
GaussianProcessRegressor,0.3373518280792512,0.2111813937480372,0.4595447679476258,0.3905626903943167,0.8344345994760012,0.8526315789473683,100.0,42,score,20,facebook/esm2_t30_150M_UR50D,PKN1_HUMAN_Tsuboyama_2023_1URF_indels,esm
GaussianProcessRegressor,0.1787964013278932,0.2385258959202109,0.4883911300589015,0.3931762324415258,0.8129966149361944,0.7969924812030074,100.0,42,score,40,facebook/esm2_t30_150M_UR50D,PKN1_HUMAN_Tsuboyama_2023_1URF_indels,esm
GaussianProcessRegressor,0.1887217893522551,0.1594985637776664,0.3993727128606391,0.3465047982228523,0.8749537394077486,0.8721804511278194,100.0,42,score,60,facebook/esm2_t30_150M_UR50D,PKN1_HUMAN_Tsuboyama_2023_1URF_indels,esm
GaussianProcessRegressor,0.1562996590477038,0.1419961230088696,0.3768237293601209,0.3149093901448626,0.8886755856585163,0.8857142857142858,100.0,42,score,80,facebook/esm2_t30_150M_UR50D,PKN1_HUMAN_Tsuboyama_2023_1URF_indels,esm
GaussianProcessRegressor,0.3509524777040866,0.2486739549406316,0.4986721918661914,0.3796093669928812,0.7957716573958777,0.8481203007518796,100.0,43,score,20,facebook/esm2_t30_150M_UR50D,PKN1_HUMAN_Tsuboyama_2023_1URF_indels,esm
GaussianProcessRegressor,0.2085981379842126,0.171970862071741,0.4146936966867727,0.303091882532828,0.858765570582176,0.8781954887218045,100.0,43,score,40,facebook/esm2_t30_150M_UR50D,PKN1_HUMAN_Tsuboyama_2023_1URF_indels,esm
GaussianProcessRegressor,0.1708998114472733,0.1558354525876452,0.3947599936513897,0.3121784324606496,0.8720170907784203,0.8766917293233082,100.0,43,score,60,facebook/esm2_t30_150M_UR50D,PKN1_HUMAN_Tsuboyama_2023_1URF_indels,esm
GaussianProcessRegressor,0.1548690741609304,0.1472576254895791,0.3837416129240861,0.3090170748066991,0.8790617988251516,0.8812030075187969,100.0,43,score,80,facebook/esm2_t30_150M_UR50D,PKN1_HUMAN_Tsuboyama_2023_1URF_indels,esm
GaussianProcessRegressor,0.3691431923236112,0.2173354573037375,0.466192510990618,0.3260527702173397,0.8460434181605947,0.7473684210526315,100.0,44,score,20,facebook/esm2_t30_150M_UR50D,PKN1_HUMAN_Tsuboyama_2023_1URF_indels,esm
GaussianProcessRegressor,0.1663639452644363,0.1442660419796215,0.3798236985492368,0.2424875403713748,0.8978044955285778,0.8406015037593983,100.0,44,score,40,facebook/esm2_t30_150M_UR50D,PKN1_HUMAN_Tsuboyama_2023_1URF_indels,esm
GaussianProcessRegressor,0.1307405161268278,0.1729914974193143,0.4159224656342987,0.2640903955577222,0.8774558925618073,0.7834586466165413,100.0,44,score,60,facebook/esm2_t30_150M_UR50D,PKN1_HUMAN_Tsuboyama_2023_1URF_indels,esm
GaussianProcessRegressor,0.1273685813798335,0.2031502044841289,0.4507218704302344,0.3051367209938157,0.8560919995735327,0.7729323308270677,100.0,44,score,80,facebook/esm2_t30_150M_UR50D,PKN1_HUMAN_Tsuboyama_2023_1URF_indels,esm
GaussianProcessRegressor,0.3457529344308109,0.4041515879053197,0.6357291781138567,0.5231947532302126,0.6031229748930378,0.8285714285714285,100.0,45,score,20,facebook/esm2_t30_150M_UR50D,PKN1_HUMAN_Tsuboyama_2023_1URF_indels,esm
GaussianProcessRegressor,0.2388939574474569,0.191651868965512,0.4377806173935891,0.3535469638894765,0.8117977860598167,0.9112781954887216,100.0,45,score,40,facebook/esm2_t30_150M_UR50D,PKN1_HUMAN_Tsuboyama_2023_1URF_indels,esm
GaussianProcessRegressor,0.1587324453366792,0.1678445019895598,0.4096882985753435,0.3308385167514581,0.8351766301960402,0.9368421052631578,100.0,45,score,60,facebook/esm2_t30_150M_UR50D,PKN1_HUMAN_Tsuboyama_2023_1URF_indels,esm
GaussianProcessRegressor,0.1157640614334893,0.1500664139932374,0.3873840652288596,0.3201093897149228,0.8526347199010426,0.9518796992481202,100.0,45,score,80,facebook/esm2_t30_150M_UR50D,PKN1_HUMAN_Tsuboyama_2023_1URF_indels,esm
GaussianProcessRegressor,0.2942758315747462,0.3232569932376445,0.5685569393100787,0.4061783271233383,0.6649923465755571,0.8105263157894737,100.0,46,score,20,facebook/esm2_t30_150M_UR50D,PKN1_HUMAN_Tsuboyama_2023_1URF_indels,esm
GaussianProcessRegressor,0.1411663088165853,0.2904600033835679,0.5389434138975704,0.4253385231518493,0.6989815342505229,0.813533834586466,100.0,46,score,40,facebook/esm2_t30_150M_UR50D,PKN1_HUMAN_Tsuboyama_2023_1URF_indels,esm
GaussianProcessRegressor,0.1283612604035591,0.2025819498284081,0.450091046154451,0.3667976342484957,0.7900540280399418,0.8436090225563909,100.0,46,score,60,facebook/esm2_t30_150M_UR50D,PKN1_HUMAN_Tsuboyama_2023_1URF_indels,esm
GaussianProcessRegressor,0.1230192091386171,0.1897130322229587,0.4355605953515064,0.3469005393207552,0.8033907414886892,0.8586466165413533,100.0,46,score,80,facebook/esm2_t30_150M_UR50D,PKN1_HUMAN_Tsuboyama_2023_1URF_indels,esm
GaussianProcessRegressor,0.1930947590807538,0.0995667213986851,0.3155419487147235,0.2433571282600005,0.9274962635673574,0.918796992481203,100.0,47,score,20,facebook/esm2_t30_150M_UR50D,PKN1_HUMAN_Tsuboyama_2023_1URF_indels,esm
GaussianProcessRegressor,0.1965551773624056,0.1124090210734021,0.3352745458179045,0.2748640137793612,0.9181445976922068,0.938345864661654,100.0,47,score,40,facebook/esm2_t30_150M_UR50D,PKN1_HUMAN_Tsuboyama_2023_1URF_indels,esm
GaussianProcessRegressor,0.1985589314862005,0.1181259057626133,0.3436944948098723,0.2620032502660903,0.9139816053299028,0.9172932330827066,100.0,47,score,60,facebook/esm2_t30_150M_UR50D,PKN1_HUMAN_Tsuboyama_2023_1URF_indels,esm
GaussianProcessRegressor,0.1352116111588299,0.1192070160746745,0.3452636906404647,0.25244617095263,0.9131943489452478,0.9293233082706768,100.0,47,score,80,facebook/esm2_t30_150M_UR50D,PKN1_HUMAN_Tsuboyama_2023_1URF_indels,esm
GaussianProcessRegressor,0.2929211060549279,0.1503045600293011,0.3876913205493529,0.2842702476862547,0.8895875878086259,0.8601503759398496,100.0,48,score,20,facebook/esm2_t30_150M_UR50D,PKN1_HUMAN_Tsuboyama_2023_1URF_indels,esm
GaussianProcessRegressor,0.1962880454289262,0.1700238202746348,0.4123394478759397,0.3499884935597773,0.8751019920962116,0.8616541353383457,100.0,48,score,40,facebook/esm2_t30_150M_UR50D,PKN1_HUMAN_Tsuboyama_2023_1URF_indels,esm
GaussianProcessRegressor,0.1455242678747655,0.1063320272812573,0.3260859200904837,0.2605020246143276,0.9218894248914744,0.9067669172932332,100.0,48,score,60,facebook/esm2_t30_150M_UR50D,PKN1_HUMAN_Tsuboyama_2023_1URF_indels,esm
GaussianProcessRegressor,0.1127202412640806,0.0805535057743641,0.2838194950569184,0.2171370951456853,0.9408261008096797,0.9097744360902256,100.0,48,score,80,facebook/esm2_t30_150M_UR50D,PKN1_HUMAN_Tsuboyama_2023_1URF_indels,esm
GaussianProcessRegressor,0.1543208827399046,0.2865951520465161,0.5353458247212881,0.4434038667167941,0.8039698234393363,0.8210526315789473,100.0,49,score,20,facebook/esm2_t30_150M_UR50D,PKN1_HUMAN_Tsuboyama_2023_1URF_indels,esm
GaussianProcessRegressor,0.1870007906737675,0.1162147198360171,0.3409028011560144,0.2807546880478718,0.920509499599962,0.882706766917293,100.0,49,score,40,facebook/esm2_t30_150M_UR50D,PKN1_HUMAN_Tsuboyama_2023_1URF_indels,esm
GaussianProcessRegressor,0.1157230940523574,0.1280559213747746,0.3578490203630221,0.2973574239028224,0.912410155239956,0.8541353383458646,100.0,49,score,60,facebook/esm2_t30_150M_UR50D,PKN1_HUMAN_Tsuboyama_2023_1URF_indels,esm
GaussianProcessRegressor,0.1084197478433302,0.1000109425895509,0.3162450672967896,0.2610688078715266,0.9315928319309252,0.8781954887218045,100.0,49,score,80,facebook/esm2_t30_150M_UR50D,PKN1_HUMAN_Tsuboyama_2023_1URF_indels,esm
GaussianProcessRegressor,0.3388626875433728,0.2667578033528349,0.5164860146730355,0.4282910086557006,0.7462918394415365,0.8646616541353382,100.0,50,score,20,facebook/esm2_t30_150M_UR50D,PKN1_HUMAN_Tsuboyama_2023_1URF_indels,esm
GaussianProcessRegressor,0.2152741716137415,0.1985436404903739,0.4455823610628835,0.3290560609724517,0.8111690035445095,0.8616541353383457,100.0,50,score,40,facebook/esm2_t30_150M_UR50D,PKN1_HUMAN_Tsuboyama_2023_1URF_indels,esm
GaussianProcessRegressor,0.1181515657292687,0.1900957075896772,0.4359996646669321,0.3327465919718064,0.8192036682846527,0.8766917293233082,100.0,50,score,60,facebook/esm2_t30_150M_UR50D,PKN1_HUMAN_Tsuboyama_2023_1URF_indels,esm
GaussianProcessRegressor,0.139766746426858,0.1489470175587849,0.3859365460263966,0.3078660146123052,0.8583393873748253,0.8917293233082706,100.0,50,score,80,facebook/esm2_t30_150M_UR50D,PKN1_HUMAN_Tsuboyama_2023_1URF_indels,esm
GaussianProcessRegressor,0.2923735168962962,0.1906768145242378,0.4366655637032051,0.3395061033081424,0.8652651668740978,0.9037593984962404,100.0,51,score,20,facebook/esm2_t30_150M_UR50D,PKN1_HUMAN_Tsuboyama_2023_1URF_indels,esm
GaussianProcessRegressor,0.1777492715752028,0.1980804925629025,0.4450623468267143,0.3637995290763259,0.8600336271740753,0.8676691729323308,100.0,51,score,40,facebook/esm2_t30_150M_UR50D,PKN1_HUMAN_Tsuboyama_2023_1URF_indels,esm
GaussianProcessRegressor,0.1191552431023417,0.156921435176686,0.3961331028539347,0.3194897571220941,0.889117177486095,0.8766917293233082,100.0,51,score,60,facebook/esm2_t30_150M_UR50D,PKN1_HUMAN_Tsuboyama_2023_1URF_indels,esm
GaussianProcessRegressor,0.1115300775370007,0.150448405463411,0.3878767916019352,0.3124295618499048,0.8936911084090192,0.8796992481203006,100.0,51,score,80,facebook/esm2_t30_150M_UR50D,PKN1_HUMAN_Tsuboyama_2023_1URF_indels,esm
GaussianProcessRegressor,0.2914228465347954,0.2517968856889221,0.5017936684424408,0.4051608770175161,0.8025922099959177,0.9022556390977444,100.0,42,score,20,facebook/esm2_t33_650M_UR50D,PKN1_HUMAN_Tsuboyama_2023_1URF_indels,esm
GaussianProcessRegressor,0.1898872827295985,0.3751496345179945,0.6124945995827183,0.495119952097353,0.705884129311554,0.8120300751879698,100.0,42,score,40,facebook/esm2_t33_650M_UR50D,PKN1_HUMAN_Tsuboyama_2023_1URF_indels,esm
GaussianProcessRegressor,0.2007668151584657,0.1624636770730079,0.403067831850928,0.3236078917519509,0.8726291019876169,0.8917293233082706,100.0,42,score,60,facebook/esm2_t33_650M_UR50D,PKN1_HUMAN_Tsuboyama_2023_1URF_indels,esm
GaussianProcessRegressor,0.164464478834405,0.1572435214215241,0.3965394323664724,0.3228497736594183,0.8767216839423828,0.8902255639097743,100.0,42,score,80,facebook/esm2_t33_650M_UR50D,PKN1_HUMAN_Tsuboyama_2023_1URF_indels,esm
GaussianProcessRegressor,0.4580027784408714,0.1771228350121608,0.4208596381362328,0.340918713796989,0.8545344121763252,0.8812030075187969,100.0,43,score,20,facebook/esm2_t33_650M_UR50D,PKN1_HUMAN_Tsuboyama_2023_1URF_indels,esm
GaussianProcessRegressor,0.3093420451200129,0.1499314136536459,0.3872097799044413,0.3244730419168703,0.8768658980708798,0.8691729323308269,100.0,43,score,40,facebook/esm2_t33_650M_UR50D,PKN1_HUMAN_Tsuboyama_2023_1URF_indels,esm
GaussianProcessRegressor,0.2718393517705179,0.1154404343786001,0.3397652636432985,0.2631234813805567,0.9051922884796276,0.8676691729323308,100.0,43,score,60,facebook/esm2_t33_650M_UR50D,PKN1_HUMAN_Tsuboyama_2023_1URF_indels,esm
GaussianProcessRegressor,0.2231496759131,0.113913591852106,0.3375108766426736,0.2672465767065107,0.9064462377268572,0.8872180451127819,100.0,43,score,80,facebook/esm2_t33_650M_UR50D,PKN1_HUMAN_Tsuboyama_2023_1URF_indels,esm
GaussianProcessRegressor,0.2746749976479088,0.3337445918433897,0.5777063197191024,0.4661061401461823,0.7635812526633124,0.7578947368421052,100.0,44,score,20,facebook/esm2_t33_650M_UR50D,PKN1_HUMAN_Tsuboyama_2023_1URF_indels,esm
GaussianProcessRegressor,0.1757250981736929,0.0872575313756604,0.2953938580533801,0.2369303983296614,0.9381883129563768,0.8616541353383457,100.0,44,score,40,facebook/esm2_t33_650M_UR50D,PKN1_HUMAN_Tsuboyama_2023_1URF_indels,esm
GaussianProcessRegressor,0.0958487172713166,0.0880408953689567,0.2967168606078137,0.2219855139288608,0.9376333918025064,0.8842105263157894,100.0,44,score,60,facebook/esm2_t33_650M_UR50D,PKN1_HUMAN_Tsuboyama_2023_1URF_indels,esm
GaussianProcessRegressor,0.1368241381893498,0.1203087197272224,0.3468554738320017,0.2621767438362628,0.9147754375449548,0.8030075187969924,100.0,44,score,80,facebook/esm2_t33_650M_UR50D,PKN1_HUMAN_Tsuboyama_2023_1URF_indels,esm
GaussianProcessRegressor,0.3499103381134378,0.2823594596950451,0.5313750649918051,0.4205458497596755,0.7227228947549468,0.900751879699248,100.0,45,score,20,facebook/esm2_t33_650M_UR50D,PKN1_HUMAN_Tsuboyama_2023_1URF_indels,esm
GaussianProcessRegressor,0.2873579254324224,0.1855728016589998,0.430781617132161,0.3109229648522191,0.8177674326484595,0.8842105263157894,100.0,45,score,40,facebook/esm2_t33_650M_UR50D,PKN1_HUMAN_Tsuboyama_2023_1URF_indels,esm
GaussianProcessRegressor,0.1779046761115457,0.1516517231178938,0.3894248619668418,0.2967095687054638,0.8510779456903323,0.9233082706766916,100.0,45,score,60,facebook/esm2_t33_650M_UR50D,PKN1_HUMAN_Tsuboyama_2023_1URF_indels,esm
GaussianProcessRegressor,0.1479219293291587,0.1239876178631682,0.3521187553413879,0.2740339738089959,0.8782441083983544,0.9488721804511278,100.0,45,score,80,facebook/esm2_t33_650M_UR50D,PKN1_HUMAN_Tsuboyama_2023_1URF_indels,esm
GaussianProcessRegressor,0.306425861817118,0.3750750334857552,0.6124336972160784,0.4248721558384837,0.6112906775267115,0.8571428571428572,100.0,46,score,20,facebook/esm2_t33_650M_UR50D,PKN1_HUMAN_Tsuboyama_2023_1URF_indels,esm
GaussianProcessRegressor,0.1857167811449341,0.5777901862899392,0.7601251122610929,0.5575403662322238,0.4012066605520756,0.7233082706766917,100.0,46,score,40,facebook/esm2_t33_650M_UR50D,PKN1_HUMAN_Tsuboyama_2023_1URF_indels,esm
GaussianProcessRegressor,0.1431034504847637,0.3861200090363431,0.6213855558639444,0.458228153255433,0.5998442079414035,0.78796992481203,100.0,46,score,60,facebook/esm2_t33_650M_UR50D,PKN1_HUMAN_Tsuboyama_2023_1URF_indels,esm
GaussianProcessRegressor,0.124288056649155,0.3598602913049421,0.59988356478982,0.4655885370027988,0.6270584882224726,0.7849624060150376,100.0,46,score,80,facebook/esm2_t33_650M_UR50D,PKN1_HUMAN_Tsuboyama_2023_1URF_indels,esm
GaussianProcessRegressor,0.1972951756133902,0.1112818256177059,0.3335893068095948,0.2509742910136371,0.9189654129312728,0.9142857142857144,100.0,47,score,20,facebook/esm2_t33_650M_UR50D,PKN1_HUMAN_Tsuboyama_2023_1URF_indels,esm
GaussianProcessRegressor,0.207907342204916,0.0850597706914166,0.2916500826185664,0.228532916695218,0.9380601157836966,0.9398496240601504,100.0,47,score,40,facebook/esm2_t33_650M_UR50D,PKN1_HUMAN_Tsuboyama_2023_1URF_indels,esm
GaussianProcessRegressor,0.1384024348315539,0.0988981319734911,0.3144807338669432,0.242176363590279,0.9279831253499384,0.924812030075188,100.0,47,score,60,facebook/esm2_t33_650M_UR50D,PKN1_HUMAN_Tsuboyama_2023_1URF_indels,esm
GaussianProcessRegressor,0.1220310731654538,0.1423646021873371,0.3773123403592004,0.2598140605546554,0.8963311691966085,0.9022556390977444,100.0,47,score,80,facebook/esm2_t33_650M_UR50D,PKN1_HUMAN_Tsuboyama_2023_1URF_indels,esm
GaussianProcessRegressor,0.2236603334568163,0.1726700003383419,0.4155357991056149,0.3433680202413185,0.8731581314184673,0.882706766917293,100.0,48,score,20,facebook/esm2_t33_650M_UR50D,PKN1_HUMAN_Tsuboyama_2023_1URF_indels,esm
GaussianProcessRegressor,0.2169645418625698,0.1409707379479748,0.3754607009368288,0.3320991993462893,0.8964441316870249,0.8962406015037594,100.0,48,score,40,facebook/esm2_t33_650M_UR50D,PKN1_HUMAN_Tsuboyama_2023_1URF_indels,esm
GaussianProcessRegressor,0.2196080080996306,0.3830069167050884,0.618875526018834,0.4103615751079592,0.7186464765197709,0.8150375939849623,100.0,48,score,60,facebook/esm2_t33_650M_UR50D,PKN1_HUMAN_Tsuboyama_2023_1URF_indels,esm
GaussianProcessRegressor,0.1543484929132849,0.2810139151048524,0.5301074561868117,0.3946641967761118,0.7935696413999674,0.837593984962406,100.0,48,score,80,facebook/esm2_t33_650M_UR50D,PKN1_HUMAN_Tsuboyama_2023_1URF_indels,esm
GaussianProcessRegressor,0.2579817759578618,0.200743422032263,0.4480439956435785,0.3633268511622434,0.8626921349388725,0.7669172932330827,100.0,49,score,20,facebook/esm2_t33_650M_UR50D,PKN1_HUMAN_Tsuboyama_2023_1URF_indels,esm
GaussianProcessRegressor,0.3434247878417874,0.1158302442243702,0.3403384260179421,0.2678113933922187,0.920772479700973,0.8285714285714285,100.0,49,score,40,facebook/esm2_t33_650M_UR50D,PKN1_HUMAN_Tsuboyama_2023_1URF_indels,esm
GaussianProcessRegressor,0.1812784530787594,0.1322820524748093,0.3637059973038791,0.2877590305052117,0.9095194949486268,0.7999999999999999,100.0,49,score,60,facebook/esm2_t33_650M_UR50D,PKN1_HUMAN_Tsuboyama_2023_1URF_indels,esm
GaussianProcessRegressor,0.1731332516147189,0.1310546999612098,0.3620147786502781,0.3008761078935701,0.9103590001817928,0.7999999999999999,100.0,49,score,80,facebook/esm2_t33_650M_UR50D,PKN1_HUMAN_Tsuboyama_2023_1URF_indels,esm
GaussianProcessRegressor,0.3103412132751822,0.3492378689534694,0.5909635089863582,0.4449970124440087,0.6678466525968985,0.8571428571428572,100.0,50,score,20,facebook/esm2_t33_650M_UR50D,PKN1_HUMAN_Tsuboyama_2023_1URF_indels,esm
GaussianProcessRegressor,0.1575135734978843,0.3590826136168597,0.5992350236900875,0.4118464798608729,0.6584835073455753,0.8300751879699247,100.0,50,score,40,facebook/esm2_t33_650M_UR50D,PKN1_HUMAN_Tsuboyama_2023_1URF_indels,esm
GaussianProcessRegressor,0.1148079237267329,0.311814367410177,0.5584034092035766,0.398950630783178,0.7034394173403058,0.8511278195488721,100.0,50,score,60,facebook/esm2_t33_650M_UR50D,PKN1_HUMAN_Tsuboyama_2023_1URF_indels,esm
GaussianProcessRegressor,0.1281215188959769,0.247012451633752,0.4970034724564326,0.3493985272657574,0.765071259579445,0.8917293233082706,100.0,50,score,80,facebook/esm2_t33_650M_UR50D,PKN1_HUMAN_Tsuboyama_2023_1URF_indels,esm
GaussianProcessRegressor,0.4414454145739202,0.2696550757590407,0.5192832326958389,0.3941766138142518,0.809458052230422,0.9052631578947368,100.0,51,score,20,facebook/esm2_t33_650M_UR50D,PKN1_HUMAN_Tsuboyama_2023_1URF_indels,esm
GaussianProcessRegressor,0.1961639401504198,0.1616468392088068,0.402053279067348,0.3175974200677417,0.8857781426626485,0.9022556390977444,100.0,51,score,40,facebook/esm2_t33_650M_UR50D,PKN1_HUMAN_Tsuboyama_2023_1URF_indels,esm
GaussianProcessRegressor,0.1320942028689095,0.1453319163420579,0.3812242336762682,0.3066103378138446,0.897306489280973,0.9428571428571428,100.0,51,score,60,facebook/esm2_t33_650M_UR50D,PKN1_HUMAN_Tsuboyama_2023_1URF_indels,esm
GaussianProcessRegressor,0.1077286475297908,0.145054517436781,0.3808602334673193,0.3053574285711688,0.8975025031241088,0.938345864661654,100.0,51,score,80,facebook/esm2_t33_650M_UR50D,PKN1_HUMAN_Tsuboyama_2023_1URF_indels,esm
GaussianProcessRegressor,0.1486159443727633,0.2926764246862633,0.5409957714125531,0.4608392319240645,0.7705428086390611,0.8360902255639097,100.0,42,score,20,facebook/esm2_t6_8M_UR50D,PKN1_HUMAN_Tsuboyama_2023_1URF_indels,esm
GaussianProcessRegressor,0.1401584241082949,0.3181601424678913,0.5640568610236838,0.4622560471511778,0.7505636719051224,0.8390977443609022,100.0,42,score,40,facebook/esm2_t6_8M_UR50D,PKN1_HUMAN_Tsuboyama_2023_1URF_indels,esm
GaussianProcessRegressor,0.1743811117765892,0.275438064637371,0.5248219361244069,0.4516548397287354,0.7840576166210417,0.8285714285714285,100.0,42,score,60,facebook/esm2_t6_8M_UR50D,PKN1_HUMAN_Tsuboyama_2023_1URF_indels,esm
GaussianProcessRegressor,0.1370419336064814,0.236428318813603,0.4862389523820598,0.3893458202162347,0.8146411073207831,0.8812030075187969,100.0,42,score,80,facebook/esm2_t6_8M_UR50D,PKN1_HUMAN_Tsuboyama_2023_1URF_indels,esm
GaussianProcessRegressor,0.2694373028611578,0.2552917312212462,0.505264021300989,0.4223464949439196,0.7903366793667653,0.8180451127819548,100.0,43,score,20,facebook/esm2_t6_8M_UR50D,PKN1_HUMAN_Tsuboyama_2023_1URF_indels,esm
GaussianProcessRegressor,0.2049044008536241,0.1901435197095398,0.4360544916745381,0.3697667577641457,0.8438409205480948,0.8721804511278194,100.0,43,score,40,facebook/esm2_t6_8M_UR50D,PKN1_HUMAN_Tsuboyama_2023_1URF_indels,esm
GaussianProcessRegressor,0.1863467627243248,0.1931580765834246,0.4394975273917074,0.3656283756416953,0.8413651568349777,0.8616541353383457,100.0,43,score,60,facebook/esm2_t6_8M_UR50D,PKN1_HUMAN_Tsuboyama_2023_1URF_indels,esm
GaussianProcessRegressor,0.1689191850579955,0.1528276391363131,0.3909317576461563,0.3403967756124745,0.8744873163240533,0.8571428571428572,100.0,43,score,80,facebook/esm2_t6_8M_UR50D,PKN1_HUMAN_Tsuboyama_2023_1URF_indels,esm
GaussianProcessRegressor,0.4664933443200145,0.3188871999078783,0.5647009827403157,0.4705184322126509,0.7741059655004034,0.8676691729323308,100.0,44,score,20,facebook/esm2_t6_8M_UR50D,PKN1_HUMAN_Tsuboyama_2023_1URF_indels,esm
GaussianProcessRegressor,0.2034103086551701,0.5540216917407613,0.7443263341712164,0.561669351516406,0.6075408634032148,0.78796992481203,100.0,44,score,40,facebook/esm2_t6_8M_UR50D,PKN1_HUMAN_Tsuboyama_2023_1URF_indels,esm
GaussianProcessRegressor,0.1531991713013939,0.39627002056415,0.629499817763397,0.4950222176169946,0.7192893483265133,0.7729323308270677,100.0,44,score,60,facebook/esm2_t6_8M_UR50D,PKN1_HUMAN_Tsuboyama_2023_1URF_indels,esm
GaussianProcessRegressor,0.1259714573415162,0.206951432892359,0.4549191498413306,0.3676345326449567,0.8533992768131409,0.8180451127819548,100.0,44,score,80,facebook/esm2_t6_8M_UR50D,PKN1_HUMAN_Tsuboyama_2023_1URF_indels,esm
GaussianProcessRegressor,0.4194703561462602,0.3632886258581943,0.602734291257926,0.493500864838524,0.6432504203853986,0.819548872180451,100.0,45,score,20,facebook/esm2_t6_8M_UR50D,PKN1_HUMAN_Tsuboyama_2023_1URF_indels,esm
GaussianProcessRegressor,0.2713034352173712,0.2966720998553366,0.5446761421756388,0.3923946294417754,0.7086678762464615,0.8225563909774435,100.0,45,score,40,facebook/esm2_t6_8M_UR50D,PKN1_HUMAN_Tsuboyama_2023_1URF_indels,esm
GaussianProcessRegressor,0.2110334046833539,0.1770289340412221,0.4207480648098362,0.3099348032657923,0.826157514153832,0.8977443609022555,100.0,45,score,60,facebook/esm2_t6_8M_UR50D,PKN1_HUMAN_Tsuboyama_2023_1URF_indels,esm
GaussianProcessRegressor,0.1173858889632956,0.1402289883978202,0.3744716122723059,0.3018981781969413,0.8622950758710775,0.924812030075188,100.0,45,score,80,facebook/esm2_t6_8M_UR50D,PKN1_HUMAN_Tsuboyama_2023_1URF_indels,esm
GaussianProcessRegressor,0.2186352809703509,0.177026633335966,0.4207453307357861,0.3277310656965927,0.816538301511972,0.8977443609022555,100.0,46,score,20,facebook/esm2_t6_8M_UR50D,PKN1_HUMAN_Tsuboyama_2023_1URF_indels,esm
GaussianProcessRegressor,0.1601348269063863,0.2458069117603042,0.4957891807616461,0.4024360364101934,0.7452578028411267,0.8616541353383457,100.0,46,score,40,facebook/esm2_t6_8M_UR50D,PKN1_HUMAN_Tsuboyama_2023_1URF_indels,esm
GaussianProcessRegressor,0.1175157178908123,0.1967399467013368,0.4435537697972331,0.3452152213753734,0.7961083928327852,0.8812030075187969,100.0,46,score,60,facebook/esm2_t6_8M_UR50D,PKN1_HUMAN_Tsuboyama_2023_1URF_indels,esm
GaussianProcessRegressor,0.1297597803401152,0.1324043821419264,0.3638741295309773,0.2732657098774945,0.8627826085981347,0.9218045112781956,100.0,46,score,80,facebook/esm2_t6_8M_UR50D,PKN1_HUMAN_Tsuboyama_2023_1URF_indels,esm
GaussianProcessRegressor,0.2445683106650267,0.5993210880886484,0.7741583094488158,0.5657087981970941,0.5635788986632458,0.7894736842105263,100.0,47,score,20,facebook/esm2_t6_8M_UR50D,PKN1_HUMAN_Tsuboyama_2023_1URF_indels,esm
GaussianProcessRegressor,0.1996840459273167,0.0779385774725106,0.2791748152547264,0.2161215443790755,0.94324571503791,0.9082706766917292,100.0,47,score,40,facebook/esm2_t6_8M_UR50D,PKN1_HUMAN_Tsuboyama_2023_1URF_indels,esm
GaussianProcessRegressor,0.1874388184344437,0.3076769355725153,0.5546863398106314,0.3867670345115876,0.7759519734126005,0.8781954887218045,100.0,47,score,60,facebook/esm2_t6_8M_UR50D,PKN1_HUMAN_Tsuboyama_2023_1URF_indels,esm
GaussianProcessRegressor,0.1382532227535954,0.3221755058586325,0.5676050615160444,0.3835671907547068,0.7653942237558093,0.8601503759398496,100.0,47,score,80,facebook/esm2_t6_8M_UR50D,PKN1_HUMAN_Tsuboyama_2023_1URF_indels,esm
GaussianProcessRegressor,0.0941591776412311,0.5212222959290622,0.7219572673843392,0.5306439653219484,0.6171146705713055,0.6932330827067669,100.0,48,score,20,facebook/esm2_t6_8M_UR50D,PKN1_HUMAN_Tsuboyama_2023_1URF_indels,esm
GaussianProcessRegressor,0.3115857515776046,0.1305746434525874,0.361351135950321,0.2829444827867927,0.904081011568656,0.8421052631578947,100.0,48,score,40,facebook/esm2_t6_8M_UR50D,PKN1_HUMAN_Tsuboyama_2023_1URF_indels,esm
GaussianProcessRegressor,0.2411247754567299,0.1197645234863212,0.3460701135410587,0.2437914706195281,0.9120220309317472,0.8691729323308269,100.0,48,score,60,facebook/esm2_t6_8M_UR50D,PKN1_HUMAN_Tsuboyama_2023_1URF_indels,esm
GaussianProcessRegressor,0.1491147946836306,0.174018107196277,0.4171547760679207,0.3251489626093611,0.8721678239384592,0.8887218045112781,100.0,48,score,80,facebook/esm2_t6_8M_UR50D,PKN1_HUMAN_Tsuboyama_2023_1URF_indels,esm
GaussianProcessRegressor,0.2499767017587366,0.1370130477490557,0.3701527357038655,0.3179034558547225,0.906283509160676,0.813533834586466,100.0,49,score,20,facebook/esm2_t6_8M_UR50D,PKN1_HUMAN_Tsuboyama_2023_1URF_indels,esm
GaussianProcessRegressor,0.188906583266309,0.1865426207955466,0.4319058008357223,0.3513543252134285,0.8724054380211402,0.7609022556390977,100.0,49,score,40,facebook/esm2_t6_8M_UR50D,PKN1_HUMAN_Tsuboyama_2023_1URF_indels,esm
GaussianProcessRegressor,0.1570272924032693,0.1025806273464787,0.3202821058792994,0.2654689808581553,0.929835175693516,0.8150375939849623,100.0,49,score,60,facebook/esm2_t6_8M_UR50D,PKN1_HUMAN_Tsuboyama_2023_1URF_indels,esm
GaussianProcessRegressor,0.0995132803984956,0.1086666608102294,0.329646266185785,0.2552631080000082,0.925672348074368,0.813533834586466,100.0,49,score,80,facebook/esm2_t6_8M_UR50D,PKN1_HUMAN_Tsuboyama_2023_1URF_indels,esm
GaussianProcessRegressor,0.4131499971609546,0.2206671159960555,0.4697521857278107,0.3844145562358497,0.7901277961078046,0.831578947368421,100.0,50,score,20,facebook/esm2_t6_8M_UR50D,PKN1_HUMAN_Tsuboyama_2023_1URF_indels,esm
GaussianProcessRegressor,0.2589471949374168,0.1803710683294725,0.4247011517873157,0.3449526794876684,0.8284525836220525,0.8736842105263156,100.0,50,score,40,facebook/esm2_t6_8M_UR50D,PKN1_HUMAN_Tsuboyama_2023_1URF_indels,esm
GaussianProcessRegressor,0.176085695332171,0.1006571848985062,0.3172651649622225,0.262753604034058,0.90426690838425,0.8962406015037594,100.0,50,score,60,facebook/esm2_t6_8M_UR50D,PKN1_HUMAN_Tsuboyama_2023_1URF_indels,esm
GaussianProcessRegressor,0.1697072830376737,0.0756627884653095,0.2750686977198778,0.2138646914425602,0.92803859289969,0.9052631578947368,100.0,50,score,80,facebook/esm2_t6_8M_UR50D,PKN1_HUMAN_Tsuboyama_2023_1URF_indels,esm
GaussianProcessRegressor,0.343709334086554,0.2283836441411784,0.4778950137228662,0.3950542417931827,0.8386210077044496,0.8150375939849623,100.0,51,score,20,facebook/esm2_t6_8M_UR50D,PKN1_HUMAN_Tsuboyama_2023_1URF_indels,esm
GaussianProcessRegressor,0.2276867442142213,0.1808787406345256,0.4252984136280379,0.352275537712955,0.8721886192811436,0.825563909774436,100.0,51,score,40,facebook/esm2_t6_8M_UR50D,PKN1_HUMAN_Tsuboyama_2023_1URF_indels,esm
GaussianProcessRegressor,0.1728837678097294,0.2665730182679822,0.5163070968599814,0.3893901464216636,0.8116358760144953,0.8842105263157894,100.0,51,score,60,facebook/esm2_t6_8M_UR50D,PKN1_HUMAN_Tsuboyama_2023_1URF_indels,esm
GaussianProcessRegressor,0.1418262767983265,0.0978724017041736,0.3128456515666689,0.2559327417451331,0.9308420284650452,0.9338345864661652,100.0,51,score,80,facebook/esm2_t6_8M_UR50D,PKN1_HUMAN_Tsuboyama_2023_1URF_indels,esm
GaussianProcessRegressor,0.9903428905978588,1.0129535286314693,1.0064559248330098,0.8099943006557213,-0.2973729141671457,0.5473684210526315,100.0,42,score,20,facebook/esm2_t12_35M_UR50D,POLG_PESV_Tsuboyama_2023_2MXD_indels,esm
GaussianProcessRegressor,1.0127340431071854,0.5280730569448412,0.7266863539002513,0.5701200362819774,0.323653394339538,0.5789473684210527,100.0,42,score,40,facebook/esm2_t12_35M_UR50D,POLG_PESV_Tsuboyama_2023_2MXD_indels,esm
GaussianProcessRegressor,0.637410555035283,0.3049661699011475,0.5522374216776219,0.4603672752971853,0.6094047383382075,0.8120300751879698,100.0,42,score,60,facebook/esm2_t12_35M_UR50D,POLG_PESV_Tsuboyama_2023_2MXD_indels,esm
GaussianProcessRegressor,0.5064666688358539,0.2647186993246936,0.5145082111343741,0.4205946759692144,0.6609529848408637,0.7999999999999999,100.0,42,score,80,facebook/esm2_t12_35M_UR50D,POLG_PESV_Tsuboyama_2023_2MXD_indels,esm
GaussianProcessRegressor,1.657302972914284,1.5080385129887124,1.2280221956417203,0.9429909841921,-0.9412943632882544,0.3834586466165413,100.0,43,score,20,facebook/esm2_t12_35M_UR50D,POLG_PESV_Tsuboyama_2023_2MXD_indels,esm
GaussianProcessRegressor,0.98665266077622,0.5583539378106306,0.7472308463993109,0.6341012293805799,0.281232314124798,0.8075187969924811,100.0,43,score,40,facebook/esm2_t12_35M_UR50D,POLG_PESV_Tsuboyama_2023_2MXD_indels,esm
GaussianProcessRegressor,0.6119005690810686,0.3275223747839808,0.5722957057186265,0.4756805084660754,0.5783812319495556,0.8526315789473683,100.0,43,score,60,facebook/esm2_t12_35M_UR50D,POLG_PESV_Tsuboyama_2023_2MXD_indels,esm
GaussianProcessRegressor,0.5462197439248063,0.2591091290366616,0.5090276309166937,0.4256460945473931,0.6664494392265131,0.882706766917293,100.0,43,score,80,facebook/esm2_t12_35M_UR50D,POLG_PESV_Tsuboyama_2023_2MXD_indels,esm
GaussianProcessRegressor,1.2614978992832586,0.7217310950702289,0.8495475825815932,0.6560150548231493,0.3972786713425524,0.7578947368421052,100.0,44,score,20,facebook/esm2_t12_35M_UR50D,POLG_PESV_Tsuboyama_2023_2MXD_indels,esm
GaussianProcessRegressor,0.5753889260665584,0.8120683765448777,0.9011483654453788,0.7039716748978933,0.321837545569242,0.7398496240601502,100.0,44,score,40,facebook/esm2_t12_35M_UR50D,POLG_PESV_Tsuboyama_2023_2MXD_indels,esm
GaussianProcessRegressor,0.505612092840047,0.7824954832207498,0.8845877476094443,0.6770104255710744,0.3465340200294826,0.7729323308270677,100.0,44,score,60,facebook/esm2_t12_35M_UR50D,POLG_PESV_Tsuboyama_2023_2MXD_indels,esm
GaussianProcessRegressor,0.3761763078986085,0.6191367196076902,0.7868524128498878,0.5981751099981876,0.4829557589918594,0.7849624060150376,100.0,44,score,80,facebook/esm2_t12_35M_UR50D,POLG_PESV_Tsuboyama_2023_2MXD_indels,esm
GaussianProcessRegressor,0.9024809932448454,0.9782523195376972,0.989066387831321,0.8817276748150235,0.3192962248879581,0.7338345864661654,100.0,45,score,20,facebook/esm2_t12_35M_UR50D,POLG_PESV_Tsuboyama_2023_2MXD_indels,esm
GaussianProcessRegressor,0.6224959821913345,0.6346650447233912,0.7966586751698567,0.6447948262226679,0.5583768285067507,0.8451127819548873,100.0,45,score,40,facebook/esm2_t12_35M_UR50D,POLG_PESV_Tsuboyama_2023_2MXD_indels,esm
GaussianProcessRegressor,0.5890789906415392,0.4052668720632037,0.6366057430334757,0.4858541837724254,0.7180004746918046,0.8676691729323308,100.0,45,score,60,facebook/esm2_t12_35M_UR50D,POLG_PESV_Tsuboyama_2023_2MXD_indels,esm
GaussianProcessRegressor,0.5266657740200839,0.3510917737958812,0.5925299771284835,0.4714738575831657,0.7556974912703697,0.8932330827067668,100.0,45,score,80,facebook/esm2_t12_35M_UR50D,POLG_PESV_Tsuboyama_2023_2MXD_indels,esm
GaussianProcessRegressor,0.8792826698590362,0.7386036105240592,0.8594205085544906,0.7458061510477405,0.3844376832537058,0.7834586466165413,100.0,46,score,20,facebook/esm2_t12_35M_UR50D,POLG_PESV_Tsuboyama_2023_2MXD_indels,esm
GaussianProcessRegressor,0.4149365759959759,0.6211551484665773,0.7881339660657808,0.6204558323984309,0.482320832445322,0.7999999999999999,100.0,46,score,40,facebook/esm2_t12_35M_UR50D,POLG_PESV_Tsuboyama_2023_2MXD_indels,esm
GaussianProcessRegressor,0.2842038398614223,0.5038008969039105,0.709789332762835,0.5412956652792092,0.5801254653263976,0.8120300751879698,100.0,46,score,60,facebook/esm2_t12_35M_UR50D,POLG_PESV_Tsuboyama_2023_2MXD_indels,esm
GaussianProcessRegressor,0.4491866999870815,0.5488365474385676,0.7408350338898448,0.5444827371747978,0.5425921403002442,0.7894736842105263,100.0,46,score,80,facebook/esm2_t12_35M_UR50D,POLG_PESV_Tsuboyama_2023_2MXD_indels,esm
GaussianProcessRegressor,0.9833224437075152,0.9967891026400378,0.9983932605141312,0.8192882670991759,0.3418976686330962,0.8210526315789473,100.0,47,score,20,facebook/esm2_t12_35M_UR50D,POLG_PESV_Tsuboyama_2023_2MXD_indels,esm
GaussianProcessRegressor,0.5329209576797983,0.4626346706496511,0.6801725300610508,0.5074660860713038,0.6945583027349342,0.8857142857142858,100.0,47,score,40,facebook/esm2_t12_35M_UR50D,POLG_PESV_Tsuboyama_2023_2MXD_indels,esm
GaussianProcessRegressor,0.4717241570672991,0.2408479007284416,0.4907625706270209,0.3861188902623071,0.8409868601548599,0.9428571428571428,100.0,47,score,60,facebook/esm2_t12_35M_UR50D,POLG_PESV_Tsuboyama_2023_2MXD_indels,esm
GaussianProcessRegressor,0.4525436075371519,0.2087485680368252,0.4568901049889625,0.3582677437908925,0.8621795533973172,0.9443609022556392,100.0,47,score,80,facebook/esm2_t12_35M_UR50D,POLG_PESV_Tsuboyama_2023_2MXD_indels,esm
GaussianProcessRegressor,1.356027021626267,0.8606415606788623,0.927707691397922,0.7328102975854283,0.2315023602331345,0.6736842105263157,100.0,48,score,20,facebook/esm2_t12_35M_UR50D,POLG_PESV_Tsuboyama_2023_2MXD_indels,esm
GaussianProcessRegressor,0.7398058216217474,0.5574893345434572,0.7466520840012818,0.5977153425931168,0.5021978284967923,0.7654135338345864,100.0,48,score,40,facebook/esm2_t12_35M_UR50D,POLG_PESV_Tsuboyama_2023_2MXD_indels,esm
GaussianProcessRegressor,0.4600589808028276,0.4152269343398828,0.6443810474710463,0.4959183297533968,0.6292290152056697,0.825563909774436,100.0,48,score,60,facebook/esm2_t12_35M_UR50D,POLG_PESV_Tsuboyama_2023_2MXD_indels,esm
GaussianProcessRegressor,0.413521998112847,0.3263394274881032,0.5712612602724809,0.4421913766891653,0.7085998501052437,0.932330827067669,100.0,48,score,80,facebook/esm2_t12_35M_UR50D,POLG_PESV_Tsuboyama_2023_2MXD_indels,esm
GaussianProcessRegressor,0.8435766429241474,1.758301757231515,1.3260097123443384,1.1049959565338492,-0.0729696384024172,0.6745031487726569,100.0,49,score,20,facebook/esm2_t12_35M_UR50D,POLG_PESV_Tsuboyama_2023_2MXD_indels,esm
GaussianProcessRegressor,0.7678432672819764,0.5715751589951811,0.7560258983627354,0.5749153225976954,0.6512073145894531,0.837593984962406,100.0,49,score,40,facebook/esm2_t12_35M_UR50D,POLG_PESV_Tsuboyama_2023_2MXD_indels,esm
GaussianProcessRegressor,0.4217638125212612,0.5384419547750824,0.7337860415509976,0.5266256206556487,0.6714262116046779,0.8240601503759398,100.0,49,score,60,facebook/esm2_t12_35M_UR50D,POLG_PESV_Tsuboyama_2023_2MXD_indels,esm
GaussianProcessRegressor,0.4344598649134558,0.4467887918521415,0.6684226147072985,0.4748911127551115,0.7273557815294136,0.863157894736842,100.0,49,score,80,facebook/esm2_t12_35M_UR50D,POLG_PESV_Tsuboyama_2023_2MXD_indels,esm
GaussianProcessRegressor,0.6070949988485734,0.6897159344086831,0.8304913812970506,0.6555883492008303,0.4035274917082828,0.831578947368421,100.0,50,score,20,facebook/esm2_t12_35M_UR50D,POLG_PESV_Tsuboyama_2023_2MXD_indels,esm
GaussianProcessRegressor,0.599298077025715,0.4708547152142853,0.6861885420307493,0.5524607176551986,0.5928006313706079,0.8887218045112781,100.0,50,score,40,facebook/esm2_t12_35M_UR50D,POLG_PESV_Tsuboyama_2023_2MXD_indels,esm
GaussianProcessRegressor,0.4549252938952531,0.4421278889161947,0.6649269801385673,0.5046656268593929,0.6176438476607649,0.912781954887218,100.0,50,score,60,facebook/esm2_t12_35M_UR50D,POLG_PESV_Tsuboyama_2023_2MXD_indels,esm
GaussianProcessRegressor,0.3561741571814501,0.2477706322754531,0.4977656399104433,0.387405805590426,0.7857257413647138,0.9293233082706768,100.0,50,score,80,facebook/esm2_t12_35M_UR50D,POLG_PESV_Tsuboyama_2023_2MXD_indels,esm
GaussianProcessRegressor,0.6961579225135834,0.5598168200055375,0.7482090750622699,0.5942680605816456,0.5241559114763682,0.5849624060150376,100.0,51,score,20,facebook/esm2_t12_35M_UR50D,POLG_PESV_Tsuboyama_2023_2MXD_indels,esm
GaussianProcessRegressor,0.6142149831303699,0.4988566706359824,0.7062978625452454,0.5239683996187473,0.5759720157383542,0.6375939849624059,100.0,51,score,40,facebook/esm2_t12_35M_UR50D,POLG_PESV_Tsuboyama_2023_2MXD_indels,esm
GaussianProcessRegressor,0.4282588286438118,0.6191052419787421,0.7868324103509857,0.6292172742589508,0.473760774878713,0.6962406015037594,100.0,51,score,60,facebook/esm2_t12_35M_UR50D,POLG_PESV_Tsuboyama_2023_2MXD_indels,esm
GaussianProcessRegressor,0.3942547179001808,0.3379927672177208,0.5813714537348053,0.4040398555021109,0.7127062737366384,0.7413533834586465,100.0,51,score,80,facebook/esm2_t12_35M_UR50D,POLG_PESV_Tsuboyama_2023_2MXD_indels,esm
GaussianProcessRegressor,1.4137853308560386,0.91157299112566,0.954763316809805,0.8273310294057122,-0.1675265197709072,0.334858094091448,100.0,42,score,20,facebook/esm2_t30_150M_UR50D,POLG_PESV_Tsuboyama_2023_2MXD_indels,esm
GaussianProcessRegressor,0.8869793948777437,1.0492917643322632,1.024349434681478,0.7257913959218277,-0.3439142819735497,0.6165413533834586,100.0,42,score,40,facebook/esm2_t30_150M_UR50D,POLG_PESV_Tsuboyama_2023_2MXD_indels,esm
GaussianProcessRegressor,0.6923903578711226,0.4066881204978757,0.6377210365809456,0.4631357782578453,0.4791210681102743,0.7278195488721804,100.0,42,score,60,facebook/esm2_t30_150M_UR50D,POLG_PESV_Tsuboyama_2023_2MXD_indels,esm
GaussianProcessRegressor,0.5314451036943433,0.3582344325429942,0.5985268853969672,0.4360142516823952,0.5411796922893116,0.7458646616541353,100.0,42,score,80,facebook/esm2_t30_150M_UR50D,POLG_PESV_Tsuboyama_2023_2MXD_indels,esm
GaussianProcessRegressor,0.7976968554983,0.692182926100411,0.8319753157999407,0.6709114798296809,0.10895457826205,0.4691729323308269,100.0,43,score,20,facebook/esm2_t30_150M_UR50D,POLG_PESV_Tsuboyama_2023_2MXD_indels,esm
GaussianProcessRegressor,0.7000602044620888,0.3114056910640002,0.5580373563337855,0.4370018984257896,0.5991282002736544,0.8451127819548873,100.0,43,score,40,facebook/esm2_t30_150M_UR50D,POLG_PESV_Tsuboyama_2023_2MXD_indels,esm
GaussianProcessRegressor,0.511896923024042,0.3128324761197772,0.5593142910026323,0.4549407094058938,0.5972915032910855,0.863157894736842,100.0,43,score,60,facebook/esm2_t30_150M_UR50D,POLG_PESV_Tsuboyama_2023_2MXD_indels,esm
GaussianProcessRegressor,0.3709159502336011,0.2884633782747002,0.5370878682996854,0.4530466065762516,0.6286617845389506,0.8887218045112781,100.0,43,score,80,facebook/esm2_t30_150M_UR50D,POLG_PESV_Tsuboyama_2023_2MXD_indels,esm
GaussianProcessRegressor,0.950135083126433,0.7466371901983079,0.8640817034275797,0.658913087316048,0.3764794639233351,0.669172932330827,100.0,44,score,20,facebook/esm2_t30_150M_UR50D,POLG_PESV_Tsuboyama_2023_2MXD_indels,esm
GaussianProcessRegressor,0.4610138167974714,0.6497994589063124,0.8061013949288963,0.5866716062657884,0.4573491485844969,0.724812030075188,100.0,44,score,40,facebook/esm2_t30_150M_UR50D,POLG_PESV_Tsuboyama_2023_2MXD_indels,esm
GaussianProcessRegressor,0.5905747175292495,0.7041001070780075,0.8391067316366897,0.6067904435029645,0.4120023995853837,0.7473684210526315,100.0,44,score,60,facebook/esm2_t30_150M_UR50D,POLG_PESV_Tsuboyama_2023_2MXD_indels,esm
GaussianProcessRegressor,0.4726550486492855,0.6279553802304904,0.7924363572114106,0.588734853848643,0.4755912504043003,0.7398496240601502,100.0,44,score,80,facebook/esm2_t30_150M_UR50D,POLG_PESV_Tsuboyama_2023_2MXD_indels,esm
GaussianProcessRegressor,0.6998705248834685,1.2833663489116742,1.1328576031045006,0.9510140025273192,0.1069867138482462,0.6631578947368421,100.0,45,score,20,facebook/esm2_t30_150M_UR50D,POLG_PESV_Tsuboyama_2023_2MXD_indels,esm
GaussianProcessRegressor,0.754308479660231,1.2450106326345929,1.1158004448083865,0.93240450160789,0.1336760253331136,0.613533834586466,100.0,45,score,40,facebook/esm2_t30_150M_UR50D,POLG_PESV_Tsuboyama_2023_2MXD_indels,esm
GaussianProcessRegressor,0.7982267332102004,0.517693107041953,0.7195089346505386,0.6027094950703052,0.6397701847724981,0.8225563909774435,100.0,45,score,60,facebook/esm2_t30_150M_UR50D,POLG_PESV_Tsuboyama_2023_2MXD_indels,esm
GaussianProcessRegressor,0.6371402340038574,0.3759292980574321,0.6131307348824002,0.5378119460107735,0.7384146326544407,0.9022556390977444,100.0,45,score,80,facebook/esm2_t30_150M_UR50D,POLG_PESV_Tsuboyama_2023_2MXD_indels,esm
GaussianProcessRegressor,0.8485252762140842,0.6756536900538326,0.8219815630863216,0.6015282141274684,0.4369010050294467,0.7007518796992479,100.0,46,score,20,facebook/esm2_t30_150M_UR50D,POLG_PESV_Tsuboyama_2023_2MXD_indels,esm
GaussianProcessRegressor,0.4894097883009114,0.6669420436500133,0.8166651967912024,0.5865359338726416,0.4441614098888334,0.7548872180451127,100.0,46,score,40,facebook/esm2_t30_150M_UR50D,POLG_PESV_Tsuboyama_2023_2MXD_indels,esm
GaussianProcessRegressor,0.4941109660437023,0.5088570010393005,0.7133421346305716,0.5395663604405224,0.5759116392213737,0.77593984962406,100.0,46,score,60,facebook/esm2_t30_150M_UR50D,POLG_PESV_Tsuboyama_2023_2MXD_indels,esm
GaussianProcessRegressor,0.516324293581724,0.476721109849098,0.6904499329054193,0.4900445415628904,0.6026941289762129,0.8120300751879698,100.0,46,score,80,facebook/esm2_t30_150M_UR50D,POLG_PESV_Tsuboyama_2023_2MXD_indels,esm
GaussianProcessRegressor,0.9763010640160698,1.3533900918988415,1.1633529524176407,0.9768473261510614,0.1064617657150133,0.6375939849624059,100.0,47,score,20,facebook/esm2_t30_150M_UR50D,POLG_PESV_Tsuboyama_2023_2MXD_indels,esm
GaussianProcessRegressor,0.744662371786253,0.6263319568632842,0.7914113701882759,0.6345404738887199,0.5864817142065273,0.882706766917293,100.0,47,score,40,facebook/esm2_t30_150M_UR50D,POLG_PESV_Tsuboyama_2023_2MXD_indels,esm
GaussianProcessRegressor,0.5585140274172795,0.4406409640967575,0.6638079271120205,0.5321109418720275,0.7090790368797232,0.9097744360902256,100.0,47,score,60,facebook/esm2_t30_150M_UR50D,POLG_PESV_Tsuboyama_2023_2MXD_indels,esm
GaussianProcessRegressor,0.5269497113039816,0.3494510769291693,0.5911438715990966,0.4964793302345877,0.7692846281960103,0.8902255639097743,100.0,47,score,80,facebook/esm2_t30_150M_UR50D,POLG_PESV_Tsuboyama_2023_2MXD_indels,esm
GaussianProcessRegressor,1.2665798082081006,1.1535750343549438,1.074046104389818,0.8999005509364503,-0.0300684183744048,0.2225563909774435,100.0,48,score,20,facebook/esm2_t30_150M_UR50D,POLG_PESV_Tsuboyama_2023_2MXD_indels,esm
GaussianProcessRegressor,0.5008123288386779,1.0339296850620765,1.016823330309684,0.879688936824623,0.0767671944306797,0.3187969924812029,100.0,48,score,40,facebook/esm2_t30_150M_UR50D,POLG_PESV_Tsuboyama_2023_2MXD_indels,esm
GaussianProcessRegressor,0.4202096171942718,0.8125813647346503,0.901432950770411,0.7744345665164379,0.2744170285890606,0.5218045112781955,100.0,48,score,60,facebook/esm2_t30_150M_UR50D,POLG_PESV_Tsuboyama_2023_2MXD_indels,esm
GaussianProcessRegressor,0.394979179360499,0.6415343371349784,0.8009583866437622,0.6305828663071675,0.4271510388962091,0.8045112781954886,100.0,48,score,80,facebook/esm2_t30_150M_UR50D,POLG_PESV_Tsuboyama_2023_2MXD_indels,esm
GaussianProcessRegressor,0.843576642924177,1.758301758869234,1.3260097129618749,1.1049959578737694,-0.0729696394018033,,100.0,49,score,20,facebook/esm2_t30_150M_UR50D,POLG_PESV_Tsuboyama_2023_2MXD_indels,esm
GaussianProcessRegressor,0.8026733063874139,0.6853585246656859,0.827863832200493,0.6795982487660103,0.5817732164788314,0.7954887218045112,100.0,49,score,40,facebook/esm2_t30_150M_UR50D,POLG_PESV_Tsuboyama_2023_2MXD_indels,esm
GaussianProcessRegressor,0.5112166767624529,0.5635474842631383,0.7506979980412485,0.6137446421393898,0.656106047823966,0.8225563909774435,100.0,49,score,60,facebook/esm2_t30_150M_UR50D,POLG_PESV_Tsuboyama_2023_2MXD_indels,esm
GaussianProcessRegressor,0.4849001848186238,0.4651849846946758,0.6820447087212654,0.515590941768281,0.7161298606651167,0.8902255639097743,100.0,49,score,80,facebook/esm2_t30_150M_UR50D,POLG_PESV_Tsuboyama_2023_2MXD_indels,esm
GaussianProcessRegressor,0.6318975819630854,1.090135161745759,1.044095379620923,0.8527390632042329,0.0572413629083994,0.2706766917293233,100.0,50,score,20,facebook/esm2_t30_150M_UR50D,POLG_PESV_Tsuboyama_2023_2MXD_indels,esm
GaussianProcessRegressor,0.5490419206942458,0.6020247206711745,0.7759025200830156,0.6600854114583632,0.4793636375818735,0.6285714285714286,100.0,50,score,40,facebook/esm2_t30_150M_UR50D,POLG_PESV_Tsuboyama_2023_2MXD_indels,esm
GaussianProcessRegressor,0.5108383310311151,0.8773512689943692,0.9366703096577628,0.7778375949960215,0.2412587763125278,0.3097744360902255,100.0,50,score,60,facebook/esm2_t30_150M_UR50D,POLG_PESV_Tsuboyama_2023_2MXD_indels,esm
GaussianProcessRegressor,0.4060405185955736,0.5765259074117004,0.7592930313203858,0.6153573089943719,0.5014152393277141,0.5488721804511278,100.0,50,score,80,facebook/esm2_t30_150M_UR50D,POLG_PESV_Tsuboyama_2023_2MXD_indels,esm
GaussianProcessRegressor,0.9753811203924644,0.5431021256083884,0.7369546292740066,0.6145144617465523,0.5383633954892346,0.6210526315789473,100.0,51,score,20,facebook/esm2_t30_150M_UR50D,POLG_PESV_Tsuboyama_2023_2MXD_indels,esm
GaussianProcessRegressor,0.7548462094822719,0.5975766845882706,0.77303084323219,0.5596866058814337,0.4920600406431754,0.6406015037593984,100.0,51,score,40,facebook/esm2_t30_150M_UR50D,POLG_PESV_Tsuboyama_2023_2MXD_indels,esm
GaussianProcessRegressor,0.5209818016499332,0.4881511326081744,0.6986781323386144,0.4936754583032589,0.5850717190751473,0.7368421052631579,100.0,51,score,60,facebook/esm2_t30_150M_UR50D,POLG_PESV_Tsuboyama_2023_2MXD_indels,esm
GaussianProcessRegressor,0.3782160634101157,0.5750552422192261,0.7583239691709778,0.571668775806836,0.5112032582696653,0.7007518796992479,100.0,51,score,80,facebook/esm2_t30_150M_UR50D,POLG_PESV_Tsuboyama_2023_2MXD_indels,esm
GaussianProcessRegressor,1.2306519332100432,0.4470654206391126,0.6686295092494143,0.5719075829556347,0.4274065382036447,0.5894736842105263,100.0,42,score,20,facebook/esm2_t33_650M_UR50D,POLG_PESV_Tsuboyama_2023_2MXD_indels,esm
GaussianProcessRegressor,0.8320595542938332,0.4481710875099578,0.6694558144567555,0.548311148169239,0.4259904196850939,0.5954887218045113,100.0,42,score,40,facebook/esm2_t33_650M_UR50D,POLG_PESV_Tsuboyama_2023_2MXD_indels,esm
GaussianProcessRegressor,0.5792969252388068,0.2207248572714006,0.4698136410018345,0.3985922417743389,0.7172995174870375,0.8526315789473683,100.0,42,score,60,facebook/esm2_t33_650M_UR50D,POLG_PESV_Tsuboyama_2023_2MXD_indels,esm
GaussianProcessRegressor,0.5142304591896092,0.2181957754051379,0.4671143065729607,0.3806125622780986,0.7205387206866487,0.8571428571428572,100.0,42,score,80,facebook/esm2_t33_650M_UR50D,POLG_PESV_Tsuboyama_2023_2MXD_indels,esm
GaussianProcessRegressor,1.277341799369666,0.6965327680202862,0.8345853868959642,0.7328602256549673,0.1033550371843402,0.3714285714285714,100.0,43,score,20,facebook/esm2_t33_650M_UR50D,POLG_PESV_Tsuboyama_2023_2MXD_indels,esm
GaussianProcessRegressor,0.6755332451280243,0.969861858551751,0.984815646987674,0.7353875546993163,-0.2485008459388578,0.4526315789473684,100.0,43,score,40,facebook/esm2_t33_650M_UR50D,POLG_PESV_Tsuboyama_2023_2MXD_indels,esm
GaussianProcessRegressor,0.444922072236344,0.5050958495758301,0.7107009565040912,0.5788239522375223,0.3497913234599266,0.669172932330827,100.0,43,score,60,facebook/esm2_t33_650M_UR50D,POLG_PESV_Tsuboyama_2023_2MXD_indels,esm
GaussianProcessRegressor,0.4456317229516404,0.2972863922478406,0.5452397566647544,0.4528104416625602,0.617303939798417,0.8676691729323308,100.0,43,score,80,facebook/esm2_t33_650M_UR50D,POLG_PESV_Tsuboyama_2023_2MXD_indels,esm
GaussianProcessRegressor,1.278925263903038,0.6697587452968606,0.8183878941534146,0.6317490750592627,0.440681046441558,0.7488721804511278,100.0,44,score,20,facebook/esm2_t33_650M_UR50D,POLG_PESV_Tsuboyama_2023_2MXD_indels,esm
GaussianProcessRegressor,0.6784376081451391,0.382102395744957,0.6181443162765125,0.5152498759445627,0.6809043351191837,0.8481203007518796,100.0,44,score,40,facebook/esm2_t33_650M_UR50D,POLG_PESV_Tsuboyama_2023_2MXD_indels,esm
GaussianProcessRegressor,0.4633233991913337,0.5988455553568623,0.773851119632751,0.6334464946723459,0.4999010140332477,0.7744360902255639,100.0,44,score,60,facebook/esm2_t33_650M_UR50D,POLG_PESV_Tsuboyama_2023_2MXD_indels,esm
GaussianProcessRegressor,0.3516458781668302,0.8360497601092323,0.91435756687919,0.752851546846674,0.3018105695061625,0.7834586466165413,100.0,44,score,80,facebook/esm2_t33_650M_UR50D,POLG_PESV_Tsuboyama_2023_2MXD_indels,esm
GaussianProcessRegressor,0.9875847698820648,0.9692805953219988,0.984520490046804,0.9270978047108164,0.3255390790278554,0.6451127819548872,100.0,45,score,20,facebook/esm2_t33_650M_UR50D,POLG_PESV_Tsuboyama_2023_2MXD_indels,esm
GaussianProcessRegressor,0.4637452198247588,0.5549451139841179,0.7449463832948771,0.5666787108140399,0.6138488746466861,0.8165413533834586,100.0,45,score,40,facebook/esm2_t33_650M_UR50D,POLG_PESV_Tsuboyama_2023_2MXD_indels,esm
GaussianProcessRegressor,0.4006225391948211,0.4246706611178742,0.6516676001750235,0.5307830936312493,0.7044986079472066,0.8691729323308269,100.0,45,score,60,facebook/esm2_t33_650M_UR50D,POLG_PESV_Tsuboyama_2023_2MXD_indels,esm
GaussianProcessRegressor,0.3429247198325403,0.365476945191348,0.604546892466869,0.4903534934774387,0.7456877624110958,0.8736842105263156,100.0,45,score,80,facebook/esm2_t33_650M_UR50D,POLG_PESV_Tsuboyama_2023_2MXD_indels,esm
GaussianProcessRegressor,0.8994053829242599,1.460070253666704,1.2083336681838772,0.8154159320498019,-0.2168424512868658,0.6631578947368421,100.0,46,score,20,facebook/esm2_t33_650M_UR50D,POLG_PESV_Tsuboyama_2023_2MXD_indels,esm
GaussianProcessRegressor,0.4830772502230057,0.5023895407895003,0.708794427735927,0.5047980822039544,0.581301708750017,0.8345864661654135,100.0,46,score,40,facebook/esm2_t33_650M_UR50D,POLG_PESV_Tsuboyama_2023_2MXD_indels,esm
GaussianProcessRegressor,0.3168413962435085,0.4510705035765016,0.6716178255351042,0.4723621895332409,0.6240716938812956,0.8270676691729323,100.0,46,score,60,facebook/esm2_t33_650M_UR50D,POLG_PESV_Tsuboyama_2023_2MXD_indels,esm
GaussianProcessRegressor,0.4441905620922453,0.4239425282419787,0.6511086915730574,0.4845112357387769,0.6466805183002649,0.8300751879699247,100.0,46,score,80,facebook/esm2_t33_650M_UR50D,POLG_PESV_Tsuboyama_2023_2MXD_indels,esm
GaussianProcessRegressor,0.8764002883010283,1.0115350732362751,1.005750999619824,0.8148092894890858,0.3321620509362843,0.7909774436090224,100.0,47,score,20,facebook/esm2_t33_650M_UR50D,POLG_PESV_Tsuboyama_2023_2MXD_indels,esm
GaussianProcessRegressor,0.5570890374569823,0.4814346785473499,0.6938549405656415,0.5421497382782283,0.6821461194612375,0.8676691729323308,100.0,47,score,40,facebook/esm2_t33_650M_UR50D,POLG_PESV_Tsuboyama_2023_2MXD_indels,esm
GaussianProcessRegressor,0.3896419636122535,0.2593461375717932,0.5092603828806961,0.4375947068402339,0.8287739128417881,0.8857142857142858,100.0,47,score,60,facebook/esm2_t33_650M_UR50D,POLG_PESV_Tsuboyama_2023_2MXD_indels,esm
GaussianProcessRegressor,0.4106220604561675,0.2557092893246919,0.5056770603109182,0.4081136946102097,0.8311750409278656,0.8962406015037594,100.0,47,score,80,facebook/esm2_t33_650M_UR50D,POLG_PESV_Tsuboyama_2023_2MXD_indels,esm
GaussianProcessRegressor,0.8600795090185478,0.696971738461195,0.8348483326096993,0.6266803616182004,0.3776489999284408,0.544360902255639,100.0,48,score,20,facebook/esm2_t33_650M_UR50D,POLG_PESV_Tsuboyama_2023_2MXD_indels,esm
GaussianProcessRegressor,0.6100757817126478,0.5774578785178174,0.7599064932725719,0.557230537490632,0.4843672011892147,0.77593984962406,100.0,48,score,40,facebook/esm2_t33_650M_UR50D,POLG_PESV_Tsuboyama_2023_2MXD_indels,esm
GaussianProcessRegressor,0.3910634141513446,0.4009433316000276,0.6332008619703764,0.4637461425897208,0.6419833551010006,0.900751879699248,100.0,48,score,60,facebook/esm2_t33_650M_UR50D,POLG_PESV_Tsuboyama_2023_2MXD_indels,esm
GaussianProcessRegressor,0.3315701507371909,0.3004426092211177,0.5481264536775412,0.4050551408654831,0.7317240456181255,0.9052631578947368,100.0,48,score,80,facebook/esm2_t33_650M_UR50D,POLG_PESV_Tsuboyama_2023_2MXD_indels,esm
GaussianProcessRegressor,0.8037863347733518,1.4276723464794467,1.1948524371149127,0.962242090397788,0.1287905644983756,0.5969924812030075,100.0,49,score,20,facebook/esm2_t33_650M_UR50D,POLG_PESV_Tsuboyama_2023_2MXD_indels,esm
GaussianProcessRegressor,0.6257872673669821,0.721625399921236,0.8494853735769886,0.7144775069077618,0.5596420573254658,0.8541353383458646,100.0,49,score,40,facebook/esm2_t33_650M_UR50D,POLG_PESV_Tsuboyama_2023_2MXD_indels,esm
GaussianProcessRegressor,0.3954096468363431,0.7023174375997348,0.8380438160381203,0.6783316763770955,0.5714243678789216,0.8390977443609022,100.0,49,score,60,facebook/esm2_t33_650M_UR50D,POLG_PESV_Tsuboyama_2023_2MXD_indels,esm
GaussianProcessRegressor,0.412203103125178,0.4912958324548538,0.7009249834717364,0.5483862034950301,0.700196220853637,0.9052631578947368,100.0,49,score,80,facebook/esm2_t33_650M_UR50D,POLG_PESV_Tsuboyama_2023_2MXD_indels,esm
GaussianProcessRegressor,0.4087245263998649,1.1712624754273468,1.082248804770579,0.8027364750032469,-0.0129182634950593,0.3804511278195489,100.0,50,score,20,facebook/esm2_t33_650M_UR50D,POLG_PESV_Tsuboyama_2023_2MXD_indels,esm
GaussianProcessRegressor,0.636747401158267,0.7117277637492799,0.8436395935168524,0.6853845985821717,0.3844914648400165,0.7368421052631579,100.0,50,score,40,facebook/esm2_t33_650M_UR50D,POLG_PESV_Tsuboyama_2023_2MXD_indels,esm
GaussianProcessRegressor,0.535722256564178,0.6592779717982267,0.8119593412223464,0.6205688455804159,0.4298505139842776,0.8075187969924811,100.0,50,score,60,facebook/esm2_t33_650M_UR50D,POLG_PESV_Tsuboyama_2023_2MXD_indels,esm
GaussianProcessRegressor,0.4132434219241691,0.449351644953754,0.6703369637382038,0.5292390144988224,0.6113966788365379,0.8511278195488721,100.0,50,score,80,facebook/esm2_t33_650M_UR50D,POLG_PESV_Tsuboyama_2023_2MXD_indels,esm
GaussianProcessRegressor,0.6730735189802847,0.478065515994817,0.6914228199841376,0.5781729242236454,0.5936444894405222,0.6541353383458646,100.0,51,score,20,facebook/esm2_t33_650M_UR50D,POLG_PESV_Tsuboyama_2023_2MXD_indels,esm
GaussianProcessRegressor,0.4856145012492483,0.5532979351147589,0.7438399929519512,0.5181383230764303,0.5296969612058355,0.5759398496240601,100.0,51,score,40,facebook/esm2_t33_650M_UR50D,POLG_PESV_Tsuboyama_2023_2MXD_indels,esm
GaussianProcessRegressor,0.3105674270094509,0.4009331004257951,0.6331927829861891,0.4632818507592868,0.6592070139493502,0.7338345864661654,100.0,51,score,60,facebook/esm2_t33_650M_UR50D,POLG_PESV_Tsuboyama_2023_2MXD_indels,esm
GaussianProcessRegressor,0.3424863103291427,0.3692827232397941,0.6076863691410185,0.4352981196606998,0.6861098227705515,0.7699248120300751,100.0,51,score,80,facebook/esm2_t33_650M_UR50D,POLG_PESV_Tsuboyama_2023_2MXD_indels,esm
GaussianProcessRegressor,1.2437348382519382,0.9918711257587128,0.9959272693117268,0.7644494858175366,-0.2703709464760644,0.3353383458646616,100.0,42,score,20,facebook/esm2_t6_8M_UR50D,POLG_PESV_Tsuboyama_2023_2MXD_indels,esm
GaussianProcessRegressor,1.0820938612066349,0.3583749937733771,0.5986442965345758,0.4969979714848065,0.5409996639583702,0.8150375939849623,100.0,42,score,40,facebook/esm2_t6_8M_UR50D,POLG_PESV_Tsuboyama_2023_2MXD_indels,esm
GaussianProcessRegressor,0.745824520069477,0.4040959115205337,0.6356853872164545,0.4938931065928632,0.4824411233941608,0.8406015037593983,100.0,42,score,60,facebook/esm2_t6_8M_UR50D,POLG_PESV_Tsuboyama_2023_2MXD_indels,esm
GaussianProcessRegressor,0.568708151823745,0.3553390891631725,0.5961032537767031,0.4422134217984711,0.5448879967396341,0.8872180451127819,100.0,42,score,80,facebook/esm2_t6_8M_UR50D,POLG_PESV_Tsuboyama_2023_2MXD_indels,esm
GaussianProcessRegressor,1.7117000568925185,0.7938484272840924,0.8909817210718144,0.8152432274865633,-0.0219191777387912,0.4090225563909774,100.0,43,score,20,facebook/esm2_t6_8M_UR50D,POLG_PESV_Tsuboyama_2023_2MXD_indels,esm
GaussianProcessRegressor,0.6098603522316471,1.1943762018102817,1.0928751995586146,0.8560218985643742,-0.5375176218972926,0.356390977443609,100.0,43,score,40,facebook/esm2_t6_8M_UR50D,POLG_PESV_Tsuboyama_2023_2MXD_indels,esm
GaussianProcessRegressor,0.6010423536854199,0.5718146719656141,0.7561842843947593,0.6215760629653185,0.2639043433099127,0.5804511278195488,100.0,43,score,60,facebook/esm2_t6_8M_UR50D,POLG_PESV_Tsuboyama_2023_2MXD_indels,esm
GaussianProcessRegressor,0.4879276378194045,0.3904258572355869,0.6248406654784777,0.5063126479623438,0.4974057297573123,0.78796992481203,100.0,43,score,80,facebook/esm2_t6_8M_UR50D,POLG_PESV_Tsuboyama_2023_2MXD_indels,esm
GaussianProcessRegressor,1.40577705102908,0.9516630694330196,0.975532198050387,0.7662175574987239,0.2052613036063234,0.7142857142857143,100.0,44,score,20,facebook/esm2_t6_8M_UR50D,POLG_PESV_Tsuboyama_2023_2MXD_indels,esm
GaussianProcessRegressor,0.6792346019902238,0.607268690725283,0.7792744643097725,0.605215109323207,0.4928668106084638,0.7684210526315788,100.0,44,score,40,facebook/esm2_t6_8M_UR50D,POLG_PESV_Tsuboyama_2023_2MXD_indels,esm
GaussianProcessRegressor,0.6340758890634888,0.818167867459801,0.9045263221486708,0.709523699117028,0.3167438295114368,0.6541353383458646,100.0,44,score,60,facebook/esm2_t6_8M_UR50D,POLG_PESV_Tsuboyama_2023_2MXD_indels,esm
GaussianProcessRegressor,0.4603434456534904,0.6878860997576299,0.8293889918232759,0.6445317018713468,0.4255428000222648,0.7308270676691728,100.0,44,score,80,facebook/esm2_t6_8M_UR50D,POLG_PESV_Tsuboyama_2023_2MXD_indels,esm
GaussianProcessRegressor,0.6989498532955946,1.1087898370793978,1.0529909007581204,0.8351528585611654,0.2284634415561668,0.5699248120300752,100.0,45,score,20,facebook/esm2_t6_8M_UR50D,POLG_PESV_Tsuboyama_2023_2MXD_indels,esm
GaussianProcessRegressor,0.8634273122215829,0.7218439928984443,0.8496140258366998,0.7386795928875795,0.4977145249804989,0.7954887218045112,100.0,45,score,40,facebook/esm2_t6_8M_UR50D,POLG_PESV_Tsuboyama_2023_2MXD_indels,esm
GaussianProcessRegressor,0.7743932931120321,0.5752142350143206,0.7584287936347884,0.6258581812357144,0.5997448782360442,0.875187969924812,100.0,45,score,60,facebook/esm2_t6_8M_UR50D,POLG_PESV_Tsuboyama_2023_2MXD_indels,esm
GaussianProcessRegressor,0.5488655519189878,0.4911237461338554,0.7008022161308106,0.5855519250873253,0.6582581187249608,0.900751879699248,100.0,45,score,80,facebook/esm2_t6_8M_UR50D,POLG_PESV_Tsuboyama_2023_2MXD_indels,esm
GaussianProcessRegressor,0.9225967320145732,0.8929538138969055,0.9449623346445644,0.7392590497536689,0.2558001198507362,0.6270676691729322,100.0,46,score,20,facebook/esm2_t6_8M_UR50D,POLG_PESV_Tsuboyama_2023_2MXD_indels,esm
GaussianProcessRegressor,0.4839028865199787,0.7099493163279937,0.8425849015547299,0.6606264444936659,0.4083185626167853,0.7834586466165413,100.0,46,score,40,facebook/esm2_t6_8M_UR50D,POLG_PESV_Tsuboyama_2023_2MXD_indels,esm
GaussianProcessRegressor,0.4275795663656901,0.4697568479068291,0.6853881002080713,0.5020700933126032,0.6084982398071488,0.7789473684210525,100.0,46,score,60,facebook/esm2_t6_8M_UR50D,POLG_PESV_Tsuboyama_2023_2MXD_indels,esm
GaussianProcessRegressor,0.4843083964739579,0.5114578861742035,0.7151628389214609,0.5202362303017178,0.5737440260978799,0.8150375939849623,100.0,46,score,80,facebook/esm2_t6_8M_UR50D,POLG_PESV_Tsuboyama_2023_2MXD_indels,esm
GaussianProcessRegressor,0.9749746097059766,1.1513575210269449,1.0730132902377978,0.8956140471726044,0.2398481616444023,0.7172932330827068,100.0,47,score,20,facebook/esm2_t6_8M_UR50D,POLG_PESV_Tsuboyama_2023_2MXD_indels,esm
GaussianProcessRegressor,0.7381835221163267,0.7004164847603291,0.8369088867734223,0.6758070688469155,0.5375694614560393,0.8345864661654135,100.0,47,score,40,facebook/esm2_t6_8M_UR50D,POLG_PESV_Tsuboyama_2023_2MXD_indels,esm
GaussianProcessRegressor,0.4025825963038021,0.1775016511786661,0.421309448242816,0.350485705662552,0.8828094627511801,0.9609022556390976,100.0,47,score,60,facebook/esm2_t6_8M_UR50D,POLG_PESV_Tsuboyama_2023_2MXD_indels,esm
GaussianProcessRegressor,0.59336544368368,0.3021893322535194,0.5497175022259337,0.4697749605143373,0.8004878829999952,0.9338345864661652,100.0,47,score,80,facebook/esm2_t6_8M_UR50D,POLG_PESV_Tsuboyama_2023_2MXD_indels,esm
GaussianProcessRegressor,1.503831868420883,1.122486964800002,1.0594748533117726,0.8717128618071767,-0.0023087688647578,0.3804511278195489,100.0,48,score,20,facebook/esm2_t6_8M_UR50D,POLG_PESV_Tsuboyama_2023_2MXD_indels,esm
GaussianProcessRegressor,0.7868174737443099,1.0130377380299724,1.0064977585816932,0.7556064023885977,0.0954223613641034,0.4781954887218045,100.0,48,score,40,facebook/esm2_t6_8M_UR50D,POLG_PESV_Tsuboyama_2023_2MXD_indels,esm
GaussianProcessRegressor,0.4296447421722326,0.7683367204683591,0.8765481849096255,0.6634592670898982,0.3139246543469302,0.7338345864661654,100.0,48,score,60,facebook/esm2_t6_8M_UR50D,POLG_PESV_Tsuboyama_2023_2MXD_indels,esm
GaussianProcessRegressor,0.4329691234541784,0.473701679343076,0.6882598922958362,0.5365093734389306,0.577014823404989,0.8406015037593983,100.0,48,score,80,facebook/esm2_t6_8M_UR50D,POLG_PESV_Tsuboyama_2023_2MXD_indels,esm
GaussianProcessRegressor,0.843576642924177,1.758301758869234,1.3260097129618749,1.1049959578737694,-0.0729696394018033,,100.0,49,score,20,facebook/esm2_t6_8M_UR50D,POLG_PESV_Tsuboyama_2023_2MXD_indels,esm
GaussianProcessRegressor,0.4715236853157321,0.567840766412925,0.7535520993354905,0.5454963627402618,0.653486155432418,0.8210526315789473,100.0,49,score,40,facebook/esm2_t6_8M_UR50D,POLG_PESV_Tsuboyama_2023_2MXD_indels,esm
GaussianProcessRegressor,0.4681302341127454,0.8061837881067655,0.897877379215428,0.7127040858190622,0.5080419364576046,0.7218045112781954,100.0,49,score,60,facebook/esm2_t6_8M_UR50D,POLG_PESV_Tsuboyama_2023_2MXD_indels,esm
GaussianProcessRegressor,0.4113602575807791,0.5890638424133275,0.7675049461816696,0.6056876122308199,0.6405351837984059,0.849624060150376,100.0,49,score,80,facebook/esm2_t6_8M_UR50D,POLG_PESV_Tsuboyama_2023_2MXD_indels,esm
GaussianProcessRegressor,0.6632493561596678,0.8531800331487422,0.9236774508175146,0.7438485405441508,0.2621622772381839,0.6481203007518795,100.0,50,score,20,facebook/esm2_t6_8M_UR50D,POLG_PESV_Tsuboyama_2023_2MXD_indels,esm
GaussianProcessRegressor,0.6827139418508602,0.9052340229927116,0.9514378713256644,0.7688800740725626,0.2171455212958364,0.6045112781954887,100.0,50,score,40,facebook/esm2_t6_8M_UR50D,POLG_PESV_Tsuboyama_2023_2MXD_indels,esm
GaussianProcessRegressor,0.4863907502780902,0.6368116941977002,0.7980048209113152,0.5954624279760653,0.4492795517719181,0.8105263157894737,100.0,50,score,60,facebook/esm2_t6_8M_UR50D,POLG_PESV_Tsuboyama_2023_2MXD_indels,esm
GaussianProcessRegressor,0.3999818195212679,0.4782039761459195,0.6915229397105489,0.5326795066019205,0.5864449247915793,0.7578947368421052,100.0,50,score,80,facebook/esm2_t6_8M_UR50D,POLG_PESV_Tsuboyama_2023_2MXD_indels,esm
GaussianProcessRegressor,0.5841787980152119,0.7985067794051116,0.8935920654331659,0.6664321428812865,0.321269534877127,0.5458646616541353,100.0,51,score,20,facebook/esm2_t6_8M_UR50D,POLG_PESV_Tsuboyama_2023_2MXD_indels,esm
GaussianProcessRegressor,0.5351700526431378,0.7064067019456869,0.840480042562396,0.5867744002919292,0.3995545664186988,0.7398496240601502,100.0,51,score,40,facebook/esm2_t6_8M_UR50D,POLG_PESV_Tsuboyama_2023_2MXD_indels,esm
GaussianProcessRegressor,0.2898446180852173,0.9422470854216682,0.9706941255728646,0.5823548001225094,0.1990903282933025,0.8812030075187969,100.0,51,score,60,facebook/esm2_t6_8M_UR50D,POLG_PESV_Tsuboyama_2023_2MXD_indels,esm
GaussianProcessRegressor,0.4058624025615318,0.3757816692718718,0.6130103337398741,0.4478714972483122,0.6805857210635544,0.8180451127819548,100.0,51,score,80,facebook/esm2_t6_8M_UR50D,POLG_PESV_Tsuboyama_2023_2MXD_indels,esm
GaussianProcessRegressor,0.1401517325155517,0.2788093457291568,0.5280240010919549,0.4202509342527342,0.8151332449266397,0.831578947368421,100.0,42,score,20,facebook/esm2_t12_35M_UR50D,RD23A_HUMAN_Tsuboyama_2023_1IFY_indels,esm
GaussianProcessRegressor,0.1020477763669928,0.1341656958535443,0.3662863577224032,0.2635120228814401,0.9110403678551786,0.9413533834586464,100.0,42,score,40,facebook/esm2_t12_35M_UR50D,RD23A_HUMAN_Tsuboyama_2023_1IFY_indels,esm
GaussianProcessRegressor,0.127021547329589,0.1316072379642595,0.3627771188543449,0.254568573931499,0.912736773715416,0.9218045112781956,100.0,42,score,60,facebook/esm2_t12_35M_UR50D,RD23A_HUMAN_Tsuboyama_2023_1IFY_indels,esm
GaussianProcessRegressor,0.1217701401424206,0.1415176849556552,0.3761883636632787,0.2859165536728073,0.9061655729838394,0.8992481203007519,100.0,42,score,80,facebook/esm2_t12_35M_UR50D,RD23A_HUMAN_Tsuboyama_2023_1IFY_indels,esm
GaussianProcessRegressor,0.1362044048399211,0.3468031398903709,0.5888999404740766,0.4514806336257838,0.7295684042015267,0.7984962406015037,100.0,43,score,20,facebook/esm2_t12_35M_UR50D,RD23A_HUMAN_Tsuboyama_2023_1IFY_indels,esm
GaussianProcessRegressor,0.1492733501568879,0.1762830025631049,0.4198606942345341,0.345374522767587,0.862537306581605,0.8736842105263156,100.0,43,score,40,facebook/esm2_t12_35M_UR50D,RD23A_HUMAN_Tsuboyama_2023_1IFY_indels,esm
GaussianProcessRegressor,0.1142176317125284,0.2138059246102519,0.4623915273988613,0.3697284336834381,0.8332775262594332,0.8601503759398496,100.0,43,score,60,facebook/esm2_t12_35M_UR50D,RD23A_HUMAN_Tsuboyama_2023_1IFY_indels,esm
GaussianProcessRegressor,0.1186282617929431,0.1697124032969865,0.4119616527020283,0.3121803019733328,0.8676609558237957,0.8616541353383457,100.0,43,score,80,facebook/esm2_t12_35M_UR50D,RD23A_HUMAN_Tsuboyama_2023_1IFY_indels,esm
GaussianProcessRegressor,0.1976598737285463,0.4905785769833035,0.7004131473518351,0.4280457885611872,0.4909235574100155,0.882706766917293,100.0,44,score,20,facebook/esm2_t12_35M_UR50D,RD23A_HUMAN_Tsuboyama_2023_1IFY_indels,esm
GaussianProcessRegressor,0.1580232026471631,0.1549661742980072,0.3936574326721232,0.3099294703688455,0.839190636455179,0.9398496240601504,100.0,44,score,40,facebook/esm2_t12_35M_UR50D,RD23A_HUMAN_Tsuboyama_2023_1IFY_indels,esm
GaussianProcessRegressor,0.1716494684285976,0.121583398181641,0.3486881101810628,0.2777022260874532,0.8738321509982733,0.938345864661654,100.0,44,score,60,facebook/esm2_t12_35M_UR50D,RD23A_HUMAN_Tsuboyama_2023_1IFY_indels,esm
GaussianProcessRegressor,0.1293563313278679,0.0761615228667991,0.2759737720632145,0.2114403595115125,0.920966713708362,0.9609022556390976,100.0,44,score,80,facebook/esm2_t12_35M_UR50D,RD23A_HUMAN_Tsuboyama_2023_1IFY_indels,esm
GaussianProcessRegressor,0.441943100432112,0.0663829051412254,0.2576488019402098,0.1930920686278806,0.9297540886033064,0.9729323308270676,100.0,45,score,20,facebook/esm2_t12_35M_UR50D,RD23A_HUMAN_Tsuboyama_2023_1IFY_indels,esm
GaussianProcessRegressor,0.289990264592062,0.1017744451658635,0.319021073231634,0.2366611044545504,0.8923030162304688,0.8721804511278194,100.0,45,score,40,facebook/esm2_t12_35M_UR50D,RD23A_HUMAN_Tsuboyama_2023_1IFY_indels,esm
GaussianProcessRegressor,0.218936290521155,0.0837954590707052,0.2894744532263689,0.2363315398502213,0.9113282496328942,0.9233082706766916,100.0,45,score,60,facebook/esm2_t12_35M_UR50D,RD23A_HUMAN_Tsuboyama_2023_1IFY_indels,esm
GaussianProcessRegressor,0.1502087162885871,0.0783278292234609,0.2798710939405157,0.2301218670278547,0.9171140560989164,0.9022556390977444,100.0,45,score,80,facebook/esm2_t12_35M_UR50D,RD23A_HUMAN_Tsuboyama_2023_1IFY_indels,esm
GaussianProcessRegressor,0.1904535623656509,0.2812526080290588,0.5303325447575877,0.4447960384112264,0.6953808570386468,0.7819548872180451,100.0,46,score,20,facebook/esm2_t12_35M_UR50D,RD23A_HUMAN_Tsuboyama_2023_1IFY_indels,esm
GaussianProcessRegressor,0.1418174420528686,0.2342511186716032,0.4839949572791056,0.3955938457205069,0.7462872415387187,0.8571428571428572,100.0,46,score,40,facebook/esm2_t12_35M_UR50D,RD23A_HUMAN_Tsuboyama_2023_1IFY_indels,esm
GaussianProcessRegressor,0.1108446575351919,0.1808461817774524,0.4252601342442675,0.3412430616484692,0.8041290735508881,0.8511278195488721,100.0,46,score,60,facebook/esm2_t12_35M_UR50D,RD23A_HUMAN_Tsuboyama_2023_1IFY_indels,esm
GaussianProcessRegressor,0.1308944170226803,0.0906251367046211,0.301040091523739,0.2237828041972875,0.90184570494413,0.9353383458646616,100.0,46,score,80,facebook/esm2_t12_35M_UR50D,RD23A_HUMAN_Tsuboyama_2023_1IFY_indels,esm
GaussianProcessRegressor,0.5841328341674832,0.2658193390014164,0.5155767052548208,0.3698822297119757,0.804066004227953,0.8917293233082706,100.0,47,score,20,facebook/esm2_t12_35M_UR50D,RD23A_HUMAN_Tsuboyama_2023_1IFY_indels,esm
GaussianProcessRegressor,0.2606418267097405,0.1597186581840179,0.3996481679978251,0.3265706249948945,0.8822722416852536,0.8932330827067668,100.0,47,score,40,facebook/esm2_t12_35M_UR50D,RD23A_HUMAN_Tsuboyama_2023_1IFY_indels,esm
GaussianProcessRegressor,0.1756415311116991,0.1180155008662472,0.3435338423885589,0.2926291080614753,0.9130114131852534,0.9263157894736842,100.0,47,score,60,facebook/esm2_t12_35M_UR50D,RD23A_HUMAN_Tsuboyama_2023_1IFY_indels,esm
GaussianProcessRegressor,0.1379206485522092,0.0939597699429994,0.3065285793249944,0.2432246570782008,0.930742762223722,0.9353383458646616,100.0,47,score,80,facebook/esm2_t12_35M_UR50D,RD23A_HUMAN_Tsuboyama_2023_1IFY_indels,esm
GaussianProcessRegressor,0.2676441863189187,0.301318792943207,0.5489251250791924,0.4610877753120107,0.8079297404277405,0.912781954887218,100.0,48,score,20,facebook/esm2_t12_35M_UR50D,RD23A_HUMAN_Tsuboyama_2023_1IFY_indels,esm
GaussianProcessRegressor,0.109234806126085,0.1640614014219535,0.405044937534039,0.3284649281686492,0.8954220025604491,0.9022556390977444,100.0,48,score,40,facebook/esm2_t12_35M_UR50D,RD23A_HUMAN_Tsuboyama_2023_1IFY_indels,esm
GaussianProcessRegressor,0.1046367716703523,0.1570014241544825,0.3962340522399387,0.3217592304119466,0.899922258429299,0.9157894736842104,100.0,48,score,60,facebook/esm2_t12_35M_UR50D,RD23A_HUMAN_Tsuboyama_2023_1IFY_indels,esm
GaussianProcessRegressor,0.0954018680184836,0.1575871818255513,0.3969725202398163,0.3274041977224572,0.8995488777090667,0.9022556390977444,100.0,48,score,80,facebook/esm2_t12_35M_UR50D,RD23A_HUMAN_Tsuboyama_2023_1IFY_indels,esm
GaussianProcessRegressor,0.56593471442715,0.2742741951527371,0.5237119390969974,0.4141780710061781,0.7551826424803914,0.7894736842105263,100.0,49,score,20,facebook/esm2_t12_35M_UR50D,RD23A_HUMAN_Tsuboyama_2023_1IFY_indels,esm
GaussianProcessRegressor,0.1709101436829671,0.202718334775428,0.4502425288391002,0.3563829817123517,0.8190534584820917,0.8616541353383457,100.0,49,score,40,facebook/esm2_t12_35M_UR50D,RD23A_HUMAN_Tsuboyama_2023_1IFY_indels,esm
GaussianProcessRegressor,0.0944151392633017,0.1747037611055918,0.4179757900950626,0.3466580441393726,0.8440592884839566,0.8616541353383457,100.0,49,score,60,facebook/esm2_t12_35M_UR50D,RD23A_HUMAN_Tsuboyama_2023_1IFY_indels,esm
GaussianProcessRegressor,0.1201028418726361,0.1162286423618527,0.3409232206257778,0.2800536837777764,0.8962542244439926,0.9368421052631578,100.0,49,score,80,facebook/esm2_t12_35M_UR50D,RD23A_HUMAN_Tsuboyama_2023_1IFY_indels,esm
GaussianProcessRegressor,0.3127046410706355,0.480170642017079,0.692943462352506,0.5762792501207097,0.5583036717002519,0.6812030075187969,100.0,50,score,20,facebook/esm2_t12_35M_UR50D,RD23A_HUMAN_Tsuboyama_2023_1IFY_indels,esm
GaussianProcessRegressor,0.1653851733402456,0.3593886915728544,0.5994903598664906,0.4752484797368853,0.669407807121756,0.8150375939849623,100.0,50,score,40,facebook/esm2_t12_35M_UR50D,RD23A_HUMAN_Tsuboyama_2023_1IFY_indels,esm
GaussianProcessRegressor,0.1651338460221385,0.3644682652771577,0.6037120715019352,0.4737173714642345,0.6647352410417187,0.7969924812030074,100.0,50,score,60,facebook/esm2_t12_35M_UR50D,RD23A_HUMAN_Tsuboyama_2023_1IFY_indels,esm
GaussianProcessRegressor,0.1332502741141003,0.2058336178822638,0.4536888998887495,0.3323086993473539,0.8106590755375345,0.882706766917293,100.0,50,score,80,facebook/esm2_t12_35M_UR50D,RD23A_HUMAN_Tsuboyama_2023_1IFY_indels,esm
GaussianProcessRegressor,0.2181067570457419,0.4139775648143745,0.6434108833508915,0.487949583188435,0.5904910882728449,0.724812030075188,100.0,51,score,20,facebook/esm2_t12_35M_UR50D,RD23A_HUMAN_Tsuboyama_2023_1IFY_indels,esm
GaussianProcessRegressor,0.124019108476849,0.191383045755654,0.4374734800598249,0.3222316291873152,0.8106828257092427,0.8616541353383457,100.0,51,score,40,facebook/esm2_t12_35M_UR50D,RD23A_HUMAN_Tsuboyama_2023_1IFY_indels,esm
GaussianProcessRegressor,0.1085619419408137,0.1742718589639941,0.4174588110987647,0.3098612593724166,0.827609306941516,0.8421052631578947,100.0,51,score,60,facebook/esm2_t12_35M_UR50D,RD23A_HUMAN_Tsuboyama_2023_1IFY_indels,esm
GaussianProcessRegressor,0.1167879575288108,0.1205969496435125,0.3472707152115083,0.2702851198349106,0.8807048260495142,0.8977443609022555,100.0,51,score,80,facebook/esm2_t12_35M_UR50D,RD23A_HUMAN_Tsuboyama_2023_1IFY_indels,esm
GaussianProcessRegressor,0.2514842768531465,0.3149617433093357,0.5612145252123609,0.4327254517300639,0.7911621100592237,0.8436090225563909,100.0,42,score,20,facebook/esm2_t30_150M_UR50D,RD23A_HUMAN_Tsuboyama_2023_1IFY_indels,esm
GaussianProcessRegressor,0.2116505556139317,0.193476380461313,0.4398595008196515,0.29472722999657,0.8717139465117958,0.9278195488721804,100.0,42,score,40,facebook/esm2_t30_150M_UR50D,RD23A_HUMAN_Tsuboyama_2023_1IFY_indels,esm
GaussianProcessRegressor,0.2227611860692512,0.1939443035845682,0.4403910802736225,0.3322912597149849,0.8714036863618222,0.9082706766917292,100.0,42,score,60,facebook/esm2_t30_150M_UR50D,RD23A_HUMAN_Tsuboyama_2023_1IFY_indels,esm
GaussianProcessRegressor,0.1630858554757636,0.1717527841687364,0.4144306747439629,0.3218928050247259,0.8861179498805837,0.8917293233082706,100.0,42,score,80,facebook/esm2_t30_150M_UR50D,RD23A_HUMAN_Tsuboyama_2023_1IFY_indels,esm
GaussianProcessRegressor,0.294766709650362,0.8484170364464296,0.9210955631455564,0.6740470644577738,0.3384178322568012,0.6842105263157895,100.0,43,score,20,facebook/esm2_t30_150M_UR50D,RD23A_HUMAN_Tsuboyama_2023_1IFY_indels,esm
GaussianProcessRegressor,0.2092798134846071,0.303405838960216,0.550822874398128,0.413470505601263,0.7634089321379182,0.8225563909774435,100.0,43,score,40,facebook/esm2_t30_150M_UR50D,RD23A_HUMAN_Tsuboyama_2023_1IFY_indels,esm
GaussianProcessRegressor,0.2187507567335622,0.2288126098379584,0.478343610637749,0.3499025004096675,0.8215755507956097,0.8390977443609022,100.0,43,score,60,facebook/esm2_t30_150M_UR50D,RD23A_HUMAN_Tsuboyama_2023_1IFY_indels,esm
GaussianProcessRegressor,0.1582406565256338,0.2142944947674035,0.4629195337932971,0.3426084970260139,0.8328965469888885,0.825563909774436,100.0,43,score,80,facebook/esm2_t30_150M_UR50D,RD23A_HUMAN_Tsuboyama_2023_1IFY_indels,esm
GaussianProcessRegressor,0.2434519207326765,0.2519681325032175,0.5019642741303584,0.3439080538967768,0.7385311007065328,0.813533834586466,100.0,44,score,20,facebook/esm2_t30_150M_UR50D,RD23A_HUMAN_Tsuboyama_2023_1IFY_indels,esm
GaussianProcessRegressor,0.2686066459581363,0.1746738547129415,0.4179400132949004,0.3192191295490812,0.8187398538322832,0.8872180451127819,100.0,44,score,40,facebook/esm2_t30_150M_UR50D,RD23A_HUMAN_Tsuboyama_2023_1IFY_indels,esm
GaussianProcessRegressor,0.217871311313846,0.1615016692373985,0.4018727027771338,0.2770268445118474,0.8324087126810729,0.918796992481203,100.0,44,score,60,facebook/esm2_t30_150M_UR50D,RD23A_HUMAN_Tsuboyama_2023_1IFY_indels,esm
GaussianProcessRegressor,0.1753440452400851,0.0846923219661628,0.2910194528999098,0.2148238471308459,0.9121142503891132,0.9609022556390976,100.0,44,score,80,facebook/esm2_t30_150M_UR50D,RD23A_HUMAN_Tsuboyama_2023_1IFY_indels,esm
GaussianProcessRegressor,0.5436700301381563,0.8395869175241295,0.916289756312996,0.6505728008851679,0.1115551798651792,0.6661654135338345,100.0,45,score,20,facebook/esm2_t30_150M_UR50D,RD23A_HUMAN_Tsuboyama_2023_1IFY_indels,esm
GaussianProcessRegressor,0.3916732245861868,0.0964127282716393,0.3105039907499409,0.2448689391283787,0.8979767463735615,0.9609022556390976,100.0,45,score,40,facebook/esm2_t30_150M_UR50D,RD23A_HUMAN_Tsuboyama_2023_1IFY_indels,esm
GaussianProcessRegressor,0.3002472422528447,0.0786926142609806,0.2805220388151003,0.2234439248460116,0.9167280432034288,0.9804511278195488,100.0,45,score,60,facebook/esm2_t30_150M_UR50D,RD23A_HUMAN_Tsuboyama_2023_1IFY_indels,esm
GaussianProcessRegressor,0.1866211005118997,0.0583953223152516,0.2416512410794772,0.2056659173584925,0.9382064911348532,0.9894736842105262,100.0,45,score,80,facebook/esm2_t30_150M_UR50D,RD23A_HUMAN_Tsuboyama_2023_1IFY_indels,esm
GaussianProcessRegressor,0.1064439507194775,0.4005803400910838,0.6329141648684155,0.5089401179908339,0.5661393480372426,0.77593984962406,100.0,46,score,20,facebook/esm2_t30_150M_UR50D,RD23A_HUMAN_Tsuboyama_2023_1IFY_indels,esm
GaussianProcessRegressor,0.1255868011033922,0.3907015970476991,0.6250612746344947,0.4390033765408736,0.5768388194501454,0.7984962406015037,100.0,46,score,40,facebook/esm2_t30_150M_UR50D,RD23A_HUMAN_Tsuboyama_2023_1IFY_indels,esm
GaussianProcessRegressor,0.1240735909005059,0.3030204623359677,0.5504729442361066,0.3748990589555846,0.6718045241130759,0.8330827067669173,100.0,46,score,60,facebook/esm2_t30_150M_UR50D,RD23A_HUMAN_Tsuboyama_2023_1IFY_indels,esm
GaussianProcessRegressor,0.1648966583504438,0.1607187654721647,0.400897450069422,0.276635681479663,0.8259286804875452,0.8932330827067668,100.0,46,score,80,facebook/esm2_t30_150M_UR50D,RD23A_HUMAN_Tsuboyama_2023_1IFY_indels,esm
GaussianProcessRegressor,0.5603279942714174,0.6808603631564283,0.8251426320075992,0.6109019803681895,0.4981415121368008,0.7473684210526315,100.0,47,score,20,facebook/esm2_t30_150M_UR50D,RD23A_HUMAN_Tsuboyama_2023_1IFY_indels,esm
GaussianProcessRegressor,0.3114970692750046,0.3059208908418764,0.5531011578742866,0.4261374689719412,0.7745073674550306,0.8947368421052632,100.0,47,score,40,facebook/esm2_t30_150M_UR50D,RD23A_HUMAN_Tsuboyama_2023_1IFY_indels,esm
GaussianProcessRegressor,0.1382616698340106,0.1536321966873054,0.391959432450994,0.2870798747362095,0.8867585395055836,0.9172932330827066,100.0,47,score,60,facebook/esm2_t30_150M_UR50D,RD23A_HUMAN_Tsuboyama_2023_1IFY_indels,esm
GaussianProcessRegressor,0.1533512254580817,0.1068845558307851,0.3269320354917595,0.2355147777374076,0.9212159725138186,0.9308270676691728,100.0,47,score,80,facebook/esm2_t30_150M_UR50D,RD23A_HUMAN_Tsuboyama_2023_1IFY_indels,esm
GaussianProcessRegressor,0.409008883103209,0.7116766853034788,0.8436093203038234,0.6806299864023926,0.5463544628511496,0.7458646616541353,100.0,48,score,20,facebook/esm2_t30_150M_UR50D,RD23A_HUMAN_Tsuboyama_2023_1IFY_indels,esm
GaussianProcessRegressor,0.1799465720282245,0.3056236013786134,0.5528323447290447,0.4169742691276308,0.8051857175092856,0.7894736842105263,100.0,48,score,40,facebook/esm2_t30_150M_UR50D,RD23A_HUMAN_Tsuboyama_2023_1IFY_indels,esm
GaussianProcessRegressor,0.1689374394117884,0.2292309722030532,0.4787807141093438,0.3633617142347415,0.853880828663281,0.8857142857142858,100.0,48,score,60,facebook/esm2_t30_150M_UR50D,RD23A_HUMAN_Tsuboyama_2023_1IFY_indels,esm
GaussianProcessRegressor,0.1271554384342629,0.1664459888146907,0.4079779268718967,0.3101987915472173,0.8939019901011462,0.924812030075188,100.0,48,score,80,facebook/esm2_t30_150M_UR50D,RD23A_HUMAN_Tsuboyama_2023_1IFY_indels,esm
GaussianProcessRegressor,0.5559486885162553,0.7454859791537662,0.8634152993512254,0.7660789762515894,0.3345786417030282,0.5819548872180451,100.0,49,score,20,facebook/esm2_t30_150M_UR50D,RD23A_HUMAN_Tsuboyama_2023_1IFY_indels,esm
GaussianProcessRegressor,0.2296861284697502,0.3389051921557783,0.5821556425525551,0.4855389583585066,0.6974929648520206,0.7398496240601502,100.0,49,score,40,facebook/esm2_t30_150M_UR50D,RD23A_HUMAN_Tsuboyama_2023_1IFY_indels,esm
GaussianProcessRegressor,0.15338574029282,0.2423020708978411,0.4922418825108659,0.3997890394926006,0.7837209851779732,0.8330827067669173,100.0,49,score,60,facebook/esm2_t30_150M_UR50D,RD23A_HUMAN_Tsuboyama_2023_1IFY_indels,esm
GaussianProcessRegressor,0.1594268461702977,0.1676681168594232,0.4094729745165402,0.3474406144683347,0.8503393099487389,0.9413533834586464,100.0,49,score,80,facebook/esm2_t30_150M_UR50D,RD23A_HUMAN_Tsuboyama_2023_1IFY_indels,esm
GaussianProcessRegressor,0.2773827489056629,0.6521736256014287,0.8075726751205916,0.666704945755776,0.4000826567988308,0.5849624060150376,100.0,50,score,20,facebook/esm2_t30_150M_UR50D,RD23A_HUMAN_Tsuboyama_2023_1IFY_indels,esm
GaussianProcessRegressor,0.1528192865286941,0.4635839235355564,0.6808699754986678,0.4972506839638709,0.5735613572202456,0.7142857142857143,100.0,50,score,40,facebook/esm2_t30_150M_UR50D,RD23A_HUMAN_Tsuboyama_2023_1IFY_indels,esm
GaussianProcessRegressor,0.2056759765471504,0.2611487607795041,0.5110271624674212,0.3944659839880345,0.75977613231041,0.8406015037593983,100.0,50,score,60,facebook/esm2_t30_150M_UR50D,RD23A_HUMAN_Tsuboyama_2023_1IFY_indels,esm
GaussianProcessRegressor,0.1557662622957174,0.2201867981043636,0.4692406611797017,0.3665338875179839,0.7974559630421634,0.849624060150376,100.0,50,score,80,facebook/esm2_t30_150M_UR50D,RD23A_HUMAN_Tsuboyama_2023_1IFY_indels,esm
GaussianProcessRegressor,0.3230051082799401,0.1369089556662941,0.3700121020538303,0.2908171738936335,0.8645688988828539,0.9443609022556392,100.0,51,score,20,facebook/esm2_t30_150M_UR50D,RD23A_HUMAN_Tsuboyama_2023_1IFY_indels,esm
GaussianProcessRegressor,0.2697589221319453,0.157868424179161,0.3973265963652081,0.2472017756990587,0.8438356759485814,0.9218045112781956,100.0,51,score,40,facebook/esm2_t30_150M_UR50D,RD23A_HUMAN_Tsuboyama_2023_1IFY_indels,esm
GaussianProcessRegressor,0.1555369006652437,0.1399399324675093,0.3740854614489974,0.2649982765976676,0.8615706397576464,0.912781954887218,100.0,51,score,60,facebook/esm2_t30_150M_UR50D,RD23A_HUMAN_Tsuboyama_2023_1IFY_indels,esm
GaussianProcessRegressor,0.1216408473340808,0.0944968780352449,0.3074034450607946,0.2308251865968634,0.9065231621834904,0.9368421052631578,100.0,51,score,80,facebook/esm2_t30_150M_UR50D,RD23A_HUMAN_Tsuboyama_2023_1IFY_indels,esm
GaussianProcessRegressor,0.2700010802529677,0.2189736228466882,0.4679461751598021,0.3730900816644567,0.8548077970756067,0.8345864661654135,100.0,42,score,20,facebook/esm2_t33_650M_UR50D,RD23A_HUMAN_Tsuboyama_2023_1IFY_indels,esm
GaussianProcessRegressor,0.2367938521303062,0.1272537672611987,0.3567264599958891,0.2827777804295238,0.9156233771041116,0.9488721804511278,100.0,42,score,40,facebook/esm2_t33_650M_UR50D,RD23A_HUMAN_Tsuboyama_2023_1IFY_indels,esm
GaussianProcessRegressor,0.1335387441351798,0.1389459964539889,0.3727546062143149,0.2748461733376105,0.9078707515068876,0.9293233082706768,100.0,42,score,60,facebook/esm2_t33_650M_UR50D,RD23A_HUMAN_Tsuboyama_2023_1IFY_indels,esm
GaussianProcessRegressor,0.1475105873533687,0.1279565832952555,0.3577101945643366,0.2810873741741203,0.9151573693406708,0.912781954887218,100.0,42,score,80,facebook/esm2_t33_650M_UR50D,RD23A_HUMAN_Tsuboyama_2023_1IFY_indels,esm
GaussianProcessRegressor,0.3577467851195045,0.3114808000818597,0.5581046497583224,0.4245123397338021,0.7571122053469581,0.7654135338345864,100.0,43,score,20,facebook/esm2_t33_650M_UR50D,RD23A_HUMAN_Tsuboyama_2023_1IFY_indels,esm
GaussianProcessRegressor,0.2216270207226272,0.1870004020638857,0.4324354310921871,0.3319144926669546,0.8541800481936846,0.8225563909774435,100.0,43,score,40,facebook/esm2_t33_650M_UR50D,RD23A_HUMAN_Tsuboyama_2023_1IFY_indels,esm
GaussianProcessRegressor,0.1680546243251844,0.2530025654904231,0.5029936038265528,0.4359459983003217,0.802712606499724,0.8556390977443609,100.0,43,score,60,facebook/esm2_t33_650M_UR50D,RD23A_HUMAN_Tsuboyama_2023_1IFY_indels,esm
GaussianProcessRegressor,0.1338230688118999,0.1784119167044949,0.4223883482110922,0.3242987859306314,0.8608772130520135,0.813533834586466,100.0,43,score,80,facebook/esm2_t33_650M_UR50D,RD23A_HUMAN_Tsuboyama_2023_1IFY_indels,esm
GaussianProcessRegressor,0.1082689885981764,0.3575218092753143,0.5979312747091545,0.4459765089672818,0.6289973933769912,0.875187969924812,100.0,44,score,20,facebook/esm2_t33_650M_UR50D,RD23A_HUMAN_Tsuboyama_2023_1IFY_indels,esm
GaussianProcessRegressor,0.2007603990216696,0.1886623919259956,0.4343528426590479,0.2987449954584678,0.8042238617046825,0.9157894736842104,100.0,44,score,40,facebook/esm2_t33_650M_UR50D,RD23A_HUMAN_Tsuboyama_2023_1IFY_indels,esm
GaussianProcessRegressor,0.2500923235724885,0.1098295681388555,0.3314054437375094,0.277845556954548,0.8860291735869548,0.9443609022556392,100.0,44,score,60,facebook/esm2_t33_650M_UR50D,RD23A_HUMAN_Tsuboyama_2023_1IFY_indels,esm
GaussianProcessRegressor,0.1548126792832879,0.042160878805601,0.2053311442660393,0.1619405228769616,0.956249393663284,0.9654135338345864,100.0,44,score,80,facebook/esm2_t33_650M_UR50D,RD23A_HUMAN_Tsuboyama_2023_1IFY_indels,esm
GaussianProcessRegressor,0.4168440189607557,0.1413080538221379,0.3759096351812998,0.2796665731998349,0.8504688367086154,0.8601503759398496,100.0,45,score,20,facebook/esm2_t33_650M_UR50D,RD23A_HUMAN_Tsuboyama_2023_1IFY_indels,esm
GaussianProcessRegressor,0.2983613807647475,0.0904918591664823,0.3008186483023989,0.2135969695382518,0.9042421673530656,0.9263157894736842,100.0,45,score,40,facebook/esm2_t33_650M_UR50D,RD23A_HUMAN_Tsuboyama_2023_1IFY_indels,esm
GaussianProcessRegressor,0.209600341488582,0.1202429427938415,0.3467606419330797,0.2260259107808454,0.872759785254889,0.9293233082706768,100.0,45,score,60,facebook/esm2_t33_650M_UR50D,RD23A_HUMAN_Tsuboyama_2023_1IFY_indels,esm
GaussianProcessRegressor,0.1348932379779057,0.087752773160796,0.2962309456501734,0.2167215396404134,0.9071406484070964,0.918796992481203,100.0,45,score,80,facebook/esm2_t33_650M_UR50D,RD23A_HUMAN_Tsuboyama_2023_1IFY_indels,esm
GaussianProcessRegressor,0.1572966756307838,0.2642052567044702,0.5140090044974603,0.4195896816573402,0.7138445064485066,0.8796992481203006,100.0,46,score,20,facebook/esm2_t33_650M_UR50D,RD23A_HUMAN_Tsuboyama_2023_1IFY_indels,esm
GaussianProcessRegressor,0.1864317453739891,0.313783665704555,0.5601639632326905,0.4563906373023844,0.6601471111965029,0.8691729323308269,100.0,46,score,40,facebook/esm2_t33_650M_UR50D,RD23A_HUMAN_Tsuboyama_2023_1IFY_indels,esm
GaussianProcessRegressor,0.13501905184662,0.2599407976081463,0.5098438953328227,0.3992307411099799,0.7184632578414955,0.8977443609022555,100.0,46,score,60,facebook/esm2_t33_650M_UR50D,RD23A_HUMAN_Tsuboyama_2023_1IFY_indels,esm
GaussianProcessRegressor,0.1394645173904737,0.1617719773720891,0.4022088728162136,0.2989884948754192,0.8247879674873708,0.9338345864661652,100.0,46,score,80,facebook/esm2_t33_650M_UR50D,RD23A_HUMAN_Tsuboyama_2023_1IFY_indels,esm
GaussianProcessRegressor,1.089992880529954,0.2353645402844923,0.4851438346351444,0.3952642299235366,0.8265140714959578,0.9052631578947368,100.0,47,score,20,facebook/esm2_t33_650M_UR50D,RD23A_HUMAN_Tsuboyama_2023_1IFY_indels,esm
GaussianProcessRegressor,0.2566493596495075,0.1850307960036027,0.4301520614894258,0.3504677551194041,0.8636148019250202,0.9368421052631578,100.0,47,score,40,facebook/esm2_t33_650M_UR50D,RD23A_HUMAN_Tsuboyama_2023_1IFY_indels,esm
GaussianProcessRegressor,0.1758119934772877,0.1237852251300354,0.3518312452441304,0.2650181041112714,0.9087585806646634,0.9203007518796992,100.0,47,score,60,facebook/esm2_t33_650M_UR50D,RD23A_HUMAN_Tsuboyama_2023_1IFY_indels,esm
GaussianProcessRegressor,0.1186306706562214,0.1252060660142711,0.3538446919402226,0.2517563005324601,0.9077112865405774,0.9308270676691728,100.0,47,score,80,facebook/esm2_t33_650M_UR50D,RD23A_HUMAN_Tsuboyama_2023_1IFY_indels,esm
GaussianProcessRegressor,0.4569800567021428,0.3710824123766651,0.6091653407545977,0.4963043127191309,0.7634601726241479,0.8917293233082706,100.0,48,score,20,facebook/esm2_t33_650M_UR50D,RD23A_HUMAN_Tsuboyama_2023_1IFY_indels,esm
GaussianProcessRegressor,0.2334808143303487,0.1985613084421454,0.4456021863076363,0.3326398451652204,0.8734306556820749,0.8947368421052632,100.0,48,score,40,facebook/esm2_t33_650M_UR50D,RD23A_HUMAN_Tsuboyama_2023_1IFY_indels,esm
GaussianProcessRegressor,0.1736398838716525,0.211522444252077,0.4599156925481855,0.3614768847687782,0.865168812154001,0.924812030075188,100.0,48,score,60,facebook/esm2_t33_650M_UR50D,RD23A_HUMAN_Tsuboyama_2023_1IFY_indels,esm
GaussianProcessRegressor,0.1321288309048933,0.1237580343438527,0.3517926013205121,0.2846607899382543,0.9211126609515636,0.9413533834586464,100.0,48,score,80,facebook/esm2_t33_650M_UR50D,RD23A_HUMAN_Tsuboyama_2023_1IFY_indels,esm
GaussianProcessRegressor,0.306422697516277,0.6077063258337481,0.779555210253737,0.5870665292982461,0.4575608662137617,0.6180451127819548,100.0,49,score,20,facebook/esm2_t33_650M_UR50D,RD23A_HUMAN_Tsuboyama_2023_1IFY_indels,esm
GaussianProcessRegressor,0.1374629589519989,0.4752656804131488,0.689395155490049,0.4952919110145359,0.5757774881675932,0.6631578947368421,100.0,49,score,40,facebook/esm2_t33_650M_UR50D,RD23A_HUMAN_Tsuboyama_2023_1IFY_indels,esm
GaussianProcessRegressor,0.1173600077906243,0.372107053181757,0.6100057812691262,0.4631452434268382,0.6678569581668606,0.7082706766917292,100.0,49,score,60,facebook/esm2_t33_650M_UR50D,RD23A_HUMAN_Tsuboyama_2023_1IFY_indels,esm
GaussianProcessRegressor,0.1490509485435112,0.1276654014292919,0.3573029546887233,0.2756497470288638,0.886045764505136,0.9338345864661652,100.0,49,score,80,facebook/esm2_t33_650M_UR50D,RD23A_HUMAN_Tsuboyama_2023_1IFY_indels,esm
GaussianProcessRegressor,0.2498408042383047,0.5158963938746641,0.7182592803957802,0.5887563399244622,0.5254404934039786,0.6842105263157895,100.0,50,score,20,facebook/esm2_t33_650M_UR50D,RD23A_HUMAN_Tsuboyama_2023_1IFY_indels,esm
GaussianProcessRegressor,0.1650401761732691,0.3720199958543954,0.6099344193062033,0.4951670574418069,0.6577886029585096,0.8210526315789473,100.0,50,score,40,facebook/esm2_t33_650M_UR50D,RD23A_HUMAN_Tsuboyama_2023_1IFY_indels,esm
GaussianProcessRegressor,0.1820092575631922,0.2340279918920952,0.4837643970902522,0.3855771970198989,0.7847238133846072,0.8586466165413533,100.0,50,score,60,facebook/esm2_t33_650M_UR50D,RD23A_HUMAN_Tsuboyama_2023_1IFY_indels,esm
GaussianProcessRegressor,0.1712409031469704,0.2076415236101139,0.4556769948221151,0.3520574991998115,0.8089960306696746,0.8932330827067668,100.0,50,score,80,facebook/esm2_t33_650M_UR50D,RD23A_HUMAN_Tsuboyama_2023_1IFY_indels,esm
GaussianProcessRegressor,0.1654343197466929,0.2418586074245228,0.491791223411442,0.4140231645665765,0.7607521191089858,0.924812030075188,100.0,51,score,20,facebook/esm2_t33_650M_UR50D,RD23A_HUMAN_Tsuboyama_2023_1IFY_indels,esm
GaussianProcessRegressor,0.2079097913537803,0.2094056421752411,0.4576086124356065,0.30629318582185,0.792854772999207,0.9157894736842104,100.0,51,score,40,facebook/esm2_t33_650M_UR50D,RD23A_HUMAN_Tsuboyama_2023_1IFY_indels,esm
GaussianProcessRegressor,0.1436044840209161,0.1876281922070844,0.4331607002107698,0.3121025138935479,0.8143971477427544,0.8962406015037594,100.0,51,score,60,facebook/esm2_t33_650M_UR50D,RD23A_HUMAN_Tsuboyama_2023_1IFY_indels,esm
GaussianProcessRegressor,0.1310073227038209,0.1103887430016892,0.3322480142930717,0.2426735704341056,0.890802840888684,0.9443609022556392,100.0,51,score,80,facebook/esm2_t33_650M_UR50D,RD23A_HUMAN_Tsuboyama_2023_1IFY_indels,esm
GaussianProcessRegressor,0.5816239994874672,0.4126125400905926,0.6423492353000761,0.5465679911491462,0.7264139722804575,0.8902255639097743,100.0,42,score,20,facebook/esm2_t6_8M_UR50D,RD23A_HUMAN_Tsuboyama_2023_1IFY_indels,esm
GaussianProcessRegressor,0.3776371461631597,0.2282478013242036,0.4777528663694271,0.3636707813713929,0.8486584792447225,0.9097744360902256,100.0,42,score,40,facebook/esm2_t6_8M_UR50D,RD23A_HUMAN_Tsuboyama_2023_1IFY_indels,esm
GaussianProcessRegressor,0.2961051389032246,0.2553782312455897,0.5053496128875432,0.3748982287708969,0.830669431818084,0.8706766917293233,100.0,42,score,60,facebook/esm2_t6_8M_UR50D,RD23A_HUMAN_Tsuboyama_2023_1IFY_indels,esm
GaussianProcessRegressor,0.3043894446672369,0.2129120668896532,0.4614239556954679,0.3320935401592199,0.858826959982582,0.875187969924812,100.0,42,score,80,facebook/esm2_t6_8M_UR50D,RD23A_HUMAN_Tsuboyama_2023_1IFY_indels,esm
GaussianProcessRegressor,0.2782980766312943,1.0016162413080063,1.0008077943881164,0.8344971200660712,0.2189555186835448,0.6165413533834586,100.0,43,score,20,facebook/esm2_t6_8M_UR50D,RD23A_HUMAN_Tsuboyama_2023_1IFY_indels,esm
GaussianProcessRegressor,0.2831012564361178,0.5859900169666412,0.7654998477900836,0.6299029206805276,0.5430542657129409,0.7699248120300751,100.0,43,score,40,facebook/esm2_t6_8M_UR50D,RD23A_HUMAN_Tsuboyama_2023_1IFY_indels,esm
GaussianProcessRegressor,0.2121641632477763,0.6952361382151799,0.8338082142886216,0.7058683438887037,0.45786587060967,0.7699248120300751,100.0,43,score,60,facebook/esm2_t6_8M_UR50D,RD23A_HUMAN_Tsuboyama_2023_1IFY_indels,esm
GaussianProcessRegressor,0.2780772416093215,0.3154142144949343,0.5616174983874117,0.4450533936963607,0.7540449910852859,0.8526315789473683,100.0,43,score,80,facebook/esm2_t6_8M_UR50D,RD23A_HUMAN_Tsuboyama_2023_1IFY_indels,esm
GaussianProcessRegressor,0.4866806022918583,0.309863654007086,0.5566539805005315,0.4502907550448806,0.6784525577128292,0.8616541353383457,100.0,44,score,20,facebook/esm2_t6_8M_UR50D,RD23A_HUMAN_Tsuboyama_2023_1IFY_indels,esm
GaussianProcessRegressor,0.3268379556842438,0.2123598067174352,0.4608251368116058,0.3719822532772184,0.7796329068880479,0.882706766917293,100.0,44,score,40,facebook/esm2_t6_8M_UR50D,RD23A_HUMAN_Tsuboyama_2023_1IFY_indels,esm
GaussianProcessRegressor,0.3622307749173997,0.1400977074542779,0.3742962829821823,0.2912178401217117,0.8546197370370221,0.9398496240601504,100.0,44,score,60,facebook/esm2_t6_8M_UR50D,RD23A_HUMAN_Tsuboyama_2023_1IFY_indels,esm
GaussianProcessRegressor,0.323893078931259,0.1088554508595127,0.329932494397737,0.2494043171505068,0.8870400211504228,0.9443609022556392,100.0,44,score,80,facebook/esm2_t6_8M_UR50D,RD23A_HUMAN_Tsuboyama_2023_1IFY_indels,esm
GaussianProcessRegressor,0.6176352063917496,0.7779260796029551,0.882001178912452,0.7096922905741441,0.1768042337901596,0.6676691729323309,100.0,45,score,20,facebook/esm2_t6_8M_UR50D,RD23A_HUMAN_Tsuboyama_2023_1IFY_indels,esm
GaussianProcessRegressor,0.487602582540427,0.3397866411437343,0.5829122070635804,0.4355684283848403,0.6404402272424832,0.7263157894736841,100.0,45,score,40,facebook/esm2_t6_8M_UR50D,RD23A_HUMAN_Tsuboyama_2023_1IFY_indels,esm
GaussianProcessRegressor,0.3712190415949356,0.2413883971780066,0.4913129320280575,0.3671316068465728,0.744564539254766,0.8466165413533834,100.0,45,score,60,facebook/esm2_t6_8M_UR50D,RD23A_HUMAN_Tsuboyama_2023_1IFY_indels,esm
GaussianProcessRegressor,0.2937689924740244,0.1859099135738652,0.4311727189582676,0.2983482462902077,0.8032714704351431,0.8300751879699247,100.0,45,score,80,facebook/esm2_t6_8M_UR50D,RD23A_HUMAN_Tsuboyama_2023_1IFY_indels,esm
GaussianProcessRegressor,0.5702106887960904,0.5433703000100671,0.7371365545203054,0.6587413552119419,0.4114863635944721,0.7699248120300751,100.0,46,score,20,facebook/esm2_t6_8M_UR50D,RD23A_HUMAN_Tsuboyama_2023_1IFY_indels,esm
GaussianProcessRegressor,0.2572611079164957,0.4357569568562598,0.6601188960000008,0.5114371379578345,0.528040249414197,0.7383458646616541,100.0,46,score,40,facebook/esm2_t6_8M_UR50D,RD23A_HUMAN_Tsuboyama_2023_1IFY_indels,esm
GaussianProcessRegressor,0.1781158606349513,0.3624627291639394,0.6020487763993374,0.4837390529743346,0.6074237793309832,0.7548872180451127,100.0,46,score,60,facebook/esm2_t6_8M_UR50D,RD23A_HUMAN_Tsuboyama_2023_1IFY_indels,esm
GaussianProcessRegressor,0.1996886784912242,0.314193620387617,0.5605297676195413,0.4105900976553068,0.6597030973788802,0.7744360902255639,100.0,46,score,80,facebook/esm2_t6_8M_UR50D,RD23A_HUMAN_Tsuboyama_2023_1IFY_indels,esm
GaussianProcessRegressor,0.6455757216044181,0.5212323320403054,0.7219642179778063,0.6212134571516091,0.615802469730409,0.8030075187969924,100.0,47,score,20,facebook/esm2_t6_8M_UR50D,RD23A_HUMAN_Tsuboyama_2023_1IFY_indels,esm
GaussianProcessRegressor,0.4378843528564302,0.5934042442488191,0.7703273617422784,0.6360257989819498,0.562604943942234,0.7624060150375939,100.0,47,score,40,facebook/esm2_t6_8M_UR50D,RD23A_HUMAN_Tsuboyama_2023_1IFY_indels,esm
GaussianProcessRegressor,0.3279183309094641,0.3929292618558671,0.626840698946604,0.5306747402893597,0.7103739681981124,0.8842105263157894,100.0,47,score,60,facebook/esm2_t6_8M_UR50D,RD23A_HUMAN_Tsuboyama_2023_1IFY_indels,esm
GaussianProcessRegressor,0.2885669645205829,0.2840632107265983,0.532975806886765,0.4432017505812545,0.7906185451420342,0.8766917293233082,100.0,47,score,80,facebook/esm2_t6_8M_UR50D,RD23A_HUMAN_Tsuboyama_2023_1IFY_indels,esm
GaussianProcessRegressor,0.5254637801403778,0.6278162996222049,0.7923485972867024,0.7062332019841954,0.5998097614347595,0.8857142857142858,100.0,48,score,20,facebook/esm2_t6_8M_UR50D,RD23A_HUMAN_Tsuboyama_2023_1IFY_indels,esm
GaussianProcessRegressor,0.2596902012299789,0.4496081556740113,0.6705282661260532,0.5451453937453827,0.7134053461365459,0.8812030075187969,100.0,48,score,40,facebook/esm2_t6_8M_UR50D,RD23A_HUMAN_Tsuboyama_2023_1IFY_indels,esm
GaussianProcessRegressor,0.2214866303544825,0.4697628887700398,0.6853925070862972,0.5343688405286315,0.7005580730555954,0.8676691729323308,100.0,48,score,60,facebook/esm2_t6_8M_UR50D,RD23A_HUMAN_Tsuboyama_2023_1IFY_indels,esm
GaussianProcessRegressor,0.2297013950306471,0.2915159714738643,0.5399221902032406,0.4190955587399001,0.8141783731325452,0.8812030075187969,100.0,48,score,80,facebook/esm2_t6_8M_UR50D,RD23A_HUMAN_Tsuboyama_2023_1IFY_indels,esm
GaussianProcessRegressor,0.6826362049669001,0.4913645603568627,0.7009740083318801,0.5804079029165278,0.5614076155492427,0.7909774436090224,100.0,49,score,20,facebook/esm2_t6_8M_UR50D,RD23A_HUMAN_Tsuboyama_2023_1IFY_indels,esm
GaussianProcessRegressor,0.39981103941376,0.3161266000499217,0.5622513673170763,0.4776339060645915,0.7178251536832277,0.7684210526315788,100.0,49,score,40,facebook/esm2_t6_8M_UR50D,RD23A_HUMAN_Tsuboyama_2023_1IFY_indels,esm
GaussianProcessRegressor,0.2869302292825787,0.2967197217423548,0.5447198562034936,0.434176701164256,0.735147748185118,0.7984962406015037,100.0,49,score,60,facebook/esm2_t6_8M_UR50D,RD23A_HUMAN_Tsuboyama_2023_1IFY_indels,esm
GaussianProcessRegressor,0.3724479556736246,0.2258677228844251,0.4752554290951605,0.364077847299541,0.7983902968533263,0.8646616541353382,100.0,49,score,80,facebook/esm2_t6_8M_UR50D,RD23A_HUMAN_Tsuboyama_2023_1IFY_indels,esm
GaussianProcessRegressor,0.5310277520211668,1.028017672092928,1.013912063293917,0.7913754738499613,0.0543536162826253,0.8330827067669173,100.0,50,score,20,facebook/esm2_t6_8M_UR50D,RD23A_HUMAN_Tsuboyama_2023_1IFY_indels,esm
GaussianProcessRegressor,0.3839564303374526,0.4795810287428123,0.6925178905579352,0.514402087942093,0.5588460414237868,0.8526315789473683,100.0,50,score,40,facebook/esm2_t6_8M_UR50D,RD23A_HUMAN_Tsuboyama_2023_1IFY_indels,esm
GaussianProcessRegressor,0.3213805875070629,0.3512283617446132,0.5926452241810553,0.4332606054483092,0.6769142796285046,0.8796992481203006,100.0,50,score,60,facebook/esm2_t6_8M_UR50D,RD23A_HUMAN_Tsuboyama_2023_1IFY_indels,esm
GaussianProcessRegressor,0.2960917711404063,0.2981403557340024,0.5460223033301868,0.404917521016986,0.7257485382852588,0.8932330827067668,100.0,50,score,80,facebook/esm2_t6_8M_UR50D,RD23A_HUMAN_Tsuboyama_2023_1IFY_indels,esm
GaussianProcessRegressor,0.5417475017186489,1.1233778445550762,1.059895204515558,0.8262957301748293,-0.1112516176774534,0.6075187969924812,100.0,51,score,20,facebook/esm2_t6_8M_UR50D,RD23A_HUMAN_Tsuboyama_2023_1IFY_indels,esm
GaussianProcessRegressor,0.4236358756537806,0.4563556882769119,0.6755410337477006,0.5239098718353088,0.5485704126247231,0.724812030075188,100.0,51,score,40,facebook/esm2_t6_8M_UR50D,RD23A_HUMAN_Tsuboyama_2023_1IFY_indels,esm
GaussianProcessRegressor,0.3322872018882566,0.3666998640512795,0.6055574820372378,0.4638013821974844,0.6372584530626211,0.7729323308270677,100.0,51,score,60,facebook/esm2_t6_8M_UR50D,RD23A_HUMAN_Tsuboyama_2023_1IFY_indels,esm
GaussianProcessRegressor,0.2768834829706446,0.2983877660357529,0.546248813303748,0.40425657523363,0.7048331607129756,0.7834586466165413,100.0,51,score,80,facebook/esm2_t6_8M_UR50D,RD23A_HUMAN_Tsuboyama_2023_1IFY_indels,esm
GaussianProcessRegressor,0.8234600093806437,0.5710838753501071,0.7557009166000178,0.5360656917455342,0.4308566065507064,0.425563909774436,100.0,42,score,20,facebook/esm2_t12_35M_UR50D,RPC1_BP434_Tsuboyama_2023_1R69_indels,esm
GaussianProcessRegressor,0.4673193212764134,0.7636983088762572,0.873898340126732,0.5286693381243408,0.2388966562593768,0.3744360902255639,100.0,42,score,40,facebook/esm2_t12_35M_UR50D,RPC1_BP434_Tsuboyama_2023_1R69_indels,esm
GaussianProcessRegressor,1.0061649342538748,0.754075226030026,0.8683750491751971,0.583342005716242,0.2484870408997942,0.3112781954887217,100.0,42,score,60,facebook/esm2_t12_35M_UR50D,RPC1_BP434_Tsuboyama_2023_1R69_indels,esm
GaussianProcessRegressor,0.8133593815945857,0.7101322847185462,0.8426934702004912,0.5434465116173297,0.2922806687987194,0.3443609022556391,100.0,42,score,80,facebook/esm2_t12_35M_UR50D,RPC1_BP434_Tsuboyama_2023_1R69_indels,esm
GaussianProcessRegressor,0.7025293760574665,0.3207981708814229,0.5663904756273916,0.4845515713695565,0.7761543136191306,0.724812030075188,100.0,43,score,20,facebook/esm2_t12_35M_UR50D,RPC1_BP434_Tsuboyama_2023_1R69_indels,esm
GaussianProcessRegressor,0.300803427676093,0.2603435746855606,0.5102387428308052,0.4156198905402838,0.8183381594408174,0.732330827067669,100.0,43,score,40,facebook/esm2_t12_35M_UR50D,RPC1_BP434_Tsuboyama_2023_1R69_indels,esm
GaussianProcessRegressor,0.430851430264317,0.318565298656111,0.5644158915694268,0.4404873657750211,0.7777123612055692,0.6827067669172932,100.0,43,score,60,facebook/esm2_t12_35M_UR50D,RPC1_BP434_Tsuboyama_2023_1R69_indels,esm
GaussianProcessRegressor,0.5879126683783418,0.5222532004865149,0.7226708797831243,0.4950842181697251,0.6355835639389565,0.5849624060150376,100.0,43,score,80,facebook/esm2_t12_35M_UR50D,RPC1_BP434_Tsuboyama_2023_1R69_indels,esm
GaussianProcessRegressor,0.6718172273221177,0.6280187690142423,0.7924763523375585,0.6136672398816969,0.6596310697969794,0.7714285714285714,100.0,44,score,20,facebook/esm2_t12_35M_UR50D,RPC1_BP434_Tsuboyama_2023_1R69_indels,esm
GaussianProcessRegressor,0.417151149358215,0.5777598749442445,0.7601051736070769,0.5488341800646339,0.6868700104971802,0.8300751879699247,100.0,44,score,40,facebook/esm2_t12_35M_UR50D,RPC1_BP434_Tsuboyama_2023_1R69_indels,esm
GaussianProcessRegressor,0.4568045457832809,1.2749242452245682,1.12912543378695,0.8127753948251166,0.3090260628386748,0.5699248120300752,100.0,44,score,60,facebook/esm2_t12_35M_UR50D,RPC1_BP434_Tsuboyama_2023_1R69_indels,esm
GaussianProcessRegressor,0.7528325451224568,0.6707082320232597,0.8189677844843836,0.6343546842351769,0.636494552908913,0.7488721804511278,100.0,44,score,80,facebook/esm2_t12_35M_UR50D,RPC1_BP434_Tsuboyama_2023_1R69_indels,esm
GaussianProcessRegressor,0.9179430030263804,0.5703181862042493,0.7551941380891734,0.6393169598913729,0.6303116727784246,0.7142857142857143,100.0,45,score,20,facebook/esm2_t12_35M_UR50D,RPC1_BP434_Tsuboyama_2023_1R69_indels,esm
GaussianProcessRegressor,0.8357753029145181,1.884781572381468,1.3728734728231395,0.7963693278116211,-0.2217421143610793,0.5293233082706766,100.0,45,score,40,facebook/esm2_t12_35M_UR50D,RPC1_BP434_Tsuboyama_2023_1R69_indels,esm
GaussianProcessRegressor,0.5030616877881467,1.0554959853204418,1.027373342714537,0.6078048346192552,0.3158125505356798,0.6330827067669172,100.0,45,score,60,facebook/esm2_t12_35M_UR50D,RPC1_BP434_Tsuboyama_2023_1R69_indels,esm
GaussianProcessRegressor,0.427695789244078,0.9770065649256297,0.9884364243215796,0.5209970920189075,0.3666905046887275,0.6706766917293233,100.0,45,score,80,facebook/esm2_t12_35M_UR50D,RPC1_BP434_Tsuboyama_2023_1R69_indels,esm
GaussianProcessRegressor,0.2907113603567338,2.2927051896151625,1.5141681510371172,1.0895384076597032,-0.5319010280087895,0.0196975349465557,100.0,46,score,20,facebook/esm2_t12_35M_UR50D,RPC1_BP434_Tsuboyama_2023_1R69_indels,esm
GaussianProcessRegressor,0.3455074347646673,0.3441544300526495,0.5866467676998226,0.4441298387314145,0.7700487059655817,0.8721804511278194,100.0,46,score,40,facebook/esm2_t12_35M_UR50D,RPC1_BP434_Tsuboyama_2023_1R69_indels,esm
GaussianProcessRegressor,0.5945689380283279,0.3107761510550596,0.5574730047769664,0.4107387167636073,0.7923508406408886,0.8872180451127819,100.0,46,score,60,facebook/esm2_t12_35M_UR50D,RPC1_BP434_Tsuboyama_2023_1R69_indels,esm
GaussianProcessRegressor,0.4962979417861967,0.229385214393099,0.4789417651375781,0.3808640919216213,0.8467332619429419,0.8691729323308269,100.0,46,score,80,facebook/esm2_t12_35M_UR50D,RPC1_BP434_Tsuboyama_2023_1R69_indels,esm
GaussianProcessRegressor,0.9334772246436376,0.9441173254361016,0.9716569998904456,0.7991188127904962,0.1750525819805677,0.3383458646616541,100.0,47,score,20,facebook/esm2_t12_35M_UR50D,RPC1_BP434_Tsuboyama_2023_1R69_indels,esm
GaussianProcessRegressor,1.1845885068819264,1.299536140065105,1.139971990912542,0.800927103738522,-0.1355039829127728,0.4030075187969925,100.0,47,score,40,facebook/esm2_t12_35M_UR50D,RPC1_BP434_Tsuboyama_2023_1R69_indels,esm
GaussianProcessRegressor,0.8073765591946337,1.1479030793852958,1.0714023891075173,0.7247438622815032,-0.0030105962074584,0.4556390977443608,100.0,47,score,60,facebook/esm2_t12_35M_UR50D,RPC1_BP434_Tsuboyama_2023_1R69_indels,esm
GaussianProcessRegressor,0.683556154879593,1.0098216103397886,1.004898806019685,0.6540283435643729,0.1176417298292497,0.5353383458646617,100.0,47,score,80,facebook/esm2_t12_35M_UR50D,RPC1_BP434_Tsuboyama_2023_1R69_indels,esm
GaussianProcessRegressor,1.2875325156695667,1.2138306862233934,1.1017398450738694,0.7621041242298806,-0.0019145060115091,0.2210526315789473,100.0,48,score,20,facebook/esm2_t12_35M_UR50D,RPC1_BP434_Tsuboyama_2023_1R69_indels,esm
GaussianProcessRegressor,0.8619389362424383,1.1518316019050223,1.0732341785020745,0.5373528323743377,0.0492604911631581,0.4977443609022556,100.0,48,score,40,facebook/esm2_t12_35M_UR50D,RPC1_BP434_Tsuboyama_2023_1R69_indels,esm
GaussianProcessRegressor,0.9163964364582624,1.0542949758842202,1.026788671482219,0.5427083741337805,0.1297687215010393,0.4962406015037593,100.0,48,score,60,facebook/esm2_t12_35M_UR50D,RPC1_BP434_Tsuboyama_2023_1R69_indels,esm
GaussianProcessRegressor,0.5927917598871655,1.0256256268938682,1.0127317645328735,0.4819193360524559,0.1534328428297809,0.5022556390977443,100.0,48,score,80,facebook/esm2_t12_35M_UR50D,RPC1_BP434_Tsuboyama_2023_1R69_indels,esm
GaussianProcessRegressor,0.6765440040432293,1.151334314345371,1.073002476392935,0.6408976953340778,0.4101400018245069,0.6526315789473683,100.0,49,score,20,facebook/esm2_t12_35M_UR50D,RPC1_BP434_Tsuboyama_2023_1R69_indels,esm
GaussianProcessRegressor,0.3889580126849046,1.1306414587834162,1.0633162552991542,0.5532392361043007,0.420741516599093,0.6496240601503759,100.0,49,score,40,facebook/esm2_t12_35M_UR50D,RPC1_BP434_Tsuboyama_2023_1R69_indels,esm
GaussianProcessRegressor,0.2938506565439092,1.1848643534518684,1.0885147465477298,0.5544100654784938,0.3929616474927087,0.6706766917293233,100.0,49,score,60,facebook/esm2_t12_35M_UR50D,RPC1_BP434_Tsuboyama_2023_1R69_indels,esm
GaussianProcessRegressor,0.2313483155670027,1.2224754745800153,1.1056561285408837,0.5818453758069028,0.3736924434365078,0.6496240601503759,100.0,49,score,80,facebook/esm2_t12_35M_UR50D,RPC1_BP434_Tsuboyama_2023_1R69_indels,esm
GaussianProcessRegressor,0.4948465112899828,0.6925201532117065,0.8321779576579197,0.600124094910419,0.4073320740244579,0.4601503759398496,100.0,50,score,20,facebook/esm2_t12_35M_UR50D,RPC1_BP434_Tsuboyama_2023_1R69_indels,esm
GaussianProcessRegressor,0.3748385235950725,0.5396860750886743,0.7346332929351039,0.4713764122188092,0.5381295037880229,0.6721804511278194,100.0,50,score,40,facebook/esm2_t12_35M_UR50D,RPC1_BP434_Tsuboyama_2023_1R69_indels,esm
GaussianProcessRegressor,0.3159252075155502,0.5596688971593816,0.7481102172537023,0.4241038589777871,0.5210279398019653,0.6631578947368421,100.0,50,score,60,facebook/esm2_t12_35M_UR50D,RPC1_BP434_Tsuboyama_2023_1R69_indels,esm
GaussianProcessRegressor,0.2438916963060886,0.5234524390244609,0.7235001306319584,0.3859410874431923,0.5520224646969567,0.6406015037593984,100.0,50,score,80,facebook/esm2_t12_35M_UR50D,RPC1_BP434_Tsuboyama_2023_1R69_indels,esm
GaussianProcessRegressor,0.3777879007123498,0.600782943632883,0.7751018924198824,0.6306258418651077,0.6958724463701669,0.7804511278195487,100.0,51,score,20,facebook/esm2_t12_35M_UR50D,RPC1_BP434_Tsuboyama_2023_1R69_indels,esm
GaussianProcessRegressor,0.172242427920297,0.6098412361760615,0.780923322853186,0.5763662320369599,0.6912869694014605,0.7624060150375939,100.0,51,score,40,facebook/esm2_t12_35M_UR50D,RPC1_BP434_Tsuboyama_2023_1R69_indels,esm
GaussianProcessRegressor,0.1592576553427592,0.5976512103126589,0.7730790453198553,0.5923793040648037,0.6974577883033806,0.7187969924812029,100.0,51,score,60,facebook/esm2_t12_35M_UR50D,RPC1_BP434_Tsuboyama_2023_1R69_indels,esm
GaussianProcessRegressor,0.1467463269116043,0.453415122734487,0.6733610641657914,0.5234732032364927,0.7704727913509585,0.8180451127819548,100.0,51,score,80,facebook/esm2_t12_35M_UR50D,RPC1_BP434_Tsuboyama_2023_1R69_indels,esm
GaussianProcessRegressor,0.7065095067513525,0.9203921881968308,0.9593707251093452,0.7115962019513765,0.0827352059740363,0.3263157894736841,100.0,42,score,20,facebook/esm2_t30_150M_UR50D,RPC1_BP434_Tsuboyama_2023_1R69_indels,esm
GaussianProcessRegressor,0.3154297344364957,0.6965795559112454,0.8346134170448288,0.4662107585581766,0.3057873468837142,0.306766917293233,100.0,42,score,40,facebook/esm2_t30_150M_UR50D,RPC1_BP434_Tsuboyama_2023_1R69_indels,esm
GaussianProcessRegressor,0.8967652607584876,0.6887870737977251,0.8299319693792528,0.4341800771955398,0.3135533509768309,0.3278195488721804,100.0,42,score,60,facebook/esm2_t30_150M_UR50D,RPC1_BP434_Tsuboyama_2023_1R69_indels,esm
GaussianProcessRegressor,0.7260582026836645,0.6430854183970747,0.8019260679121702,0.4523284774738294,0.3590997170426391,0.4195488721804511,100.0,42,score,80,facebook/esm2_t30_150M_UR50D,RPC1_BP434_Tsuboyama_2023_1R69_indels,esm
GaussianProcessRegressor,0.3906728987509478,0.3045850158979818,0.5518922140218884,0.4457583837786919,0.7874674853734959,0.7052631578947368,100.0,43,score,20,facebook/esm2_t30_150M_UR50D,RPC1_BP434_Tsuboyama_2023_1R69_indels,esm
GaussianProcessRegressor,0.2547317316925933,0.2302981730966281,0.4798939185868353,0.3852154700312618,0.8393031590939777,0.6481203007518795,100.0,43,score,40,facebook/esm2_t30_150M_UR50D,RPC1_BP434_Tsuboyama_2023_1R69_indels,esm
GaussianProcessRegressor,0.3526083114056302,0.3004736042632135,0.5481547265719904,0.4218974128303229,0.790336335145458,0.6736842105263157,100.0,43,score,60,facebook/esm2_t30_150M_UR50D,RPC1_BP434_Tsuboyama_2023_1R69_indels,esm
GaussianProcessRegressor,0.5197898452627344,0.5752314689977391,0.7584401551854564,0.5332765992368287,0.5986165299761961,0.5609022556390978,100.0,43,score,80,facebook/esm2_t30_150M_UR50D,RPC1_BP434_Tsuboyama_2023_1R69_indels,esm
GaussianProcessRegressor,0.6311143106382586,0.7654086253325519,0.8748763485959327,0.723932480906935,0.5851695397869594,0.77593984962406,100.0,44,score,20,facebook/esm2_t30_150M_UR50D,RPC1_BP434_Tsuboyama_2023_1R69_indels,esm
GaussianProcessRegressor,0.3034338035219166,0.2758118435502438,0.5251779160915316,0.4360776073520626,0.8505175533625008,0.8360902255639097,100.0,44,score,40,facebook/esm2_t30_150M_UR50D,RPC1_BP434_Tsuboyama_2023_1R69_indels,esm
GaussianProcessRegressor,0.3414140430572736,0.5906557143451108,0.768541289941608,0.5294131456959775,0.6798808196043149,0.6917293233082705,100.0,44,score,60,facebook/esm2_t30_150M_UR50D,RPC1_BP434_Tsuboyama_2023_1R69_indels,esm
GaussianProcessRegressor,0.7030342282983254,0.5703104132024613,0.7551889917116519,0.5439322491562135,0.6909074142321339,0.7503759398496239,100.0,44,score,80,facebook/esm2_t30_150M_UR50D,RPC1_BP434_Tsuboyama_2023_1R69_indels,esm
GaussianProcessRegressor,0.7848382986748451,0.3439138763387585,0.5864417075368689,0.4501466182605259,0.7770701535959261,0.6060150375939849,100.0,45,score,20,facebook/esm2_t30_150M_UR50D,RPC1_BP434_Tsuboyama_2023_1R69_indels,esm
GaussianProcessRegressor,0.8066377359523479,1.6033417226647493,1.26623130693596,0.7286303933635111,-0.0393088169981872,0.5774436090225563,100.0,45,score,40,facebook/esm2_t30_150M_UR50D,RPC1_BP434_Tsuboyama_2023_1R69_indels,esm
GaussianProcessRegressor,0.4062237103442289,1.3790546478899992,1.1743315749352905,0.6970418926427342,0.106077242041499,0.5924812030075187,100.0,45,score,60,facebook/esm2_t30_150M_UR50D,RPC1_BP434_Tsuboyama_2023_1R69_indels,esm
GaussianProcessRegressor,0.4232779905986869,0.7443717064853208,0.8627697876521412,0.4994266455537926,0.5174877153521544,0.6796992481203006,100.0,45,score,80,facebook/esm2_t30_150M_UR50D,RPC1_BP434_Tsuboyama_2023_1R69_indels,esm
GaussianProcessRegressor,0.2620134192865546,1.5780839428647586,1.256218111183229,0.9020182309322636,-0.0544174738682678,0.78796992481203,100.0,46,score,20,facebook/esm2_t30_150M_UR50D,RPC1_BP434_Tsuboyama_2023_1R69_indels,esm
GaussianProcessRegressor,0.3967195398714246,0.1756184842140396,0.4190685912998487,0.3466259945880925,0.8826582075517567,0.8676691729323308,100.0,46,score,40,facebook/esm2_t30_150M_UR50D,RPC1_BP434_Tsuboyama_2023_1R69_indels,esm
GaussianProcessRegressor,0.4823427694591319,0.0985430896837974,0.3139157365978925,0.2693258108183848,0.9341571428051286,0.912781954887218,100.0,46,score,60,facebook/esm2_t30_150M_UR50D,RPC1_BP434_Tsuboyama_2023_1R69_indels,esm
GaussianProcessRegressor,0.3481403423399826,0.145098282916421,0.3809176852240141,0.31637804749478,0.90305068014467,0.8646616541353382,100.0,46,score,80,facebook/esm2_t30_150M_UR50D,RPC1_BP434_Tsuboyama_2023_1R69_indels,esm
GaussianProcessRegressor,0.4164405914505134,0.663817002286551,0.8147496562052365,0.5040340365624787,0.4199723833891736,0.5097744360902255,100.0,47,score,20,facebook/esm2_t30_150M_UR50D,RPC1_BP434_Tsuboyama_2023_1R69_indels,esm
GaussianProcessRegressor,0.9564532891826828,1.2282822588906928,1.1082789625769736,0.6862608692031598,-0.0732440246268222,0.5864661654135337,100.0,47,score,40,facebook/esm2_t30_150M_UR50D,RPC1_BP434_Tsuboyama_2023_1R69_indels,esm
GaussianProcessRegressor,0.6294734872957142,0.7399751504792623,0.8602180830924576,0.4915410228571414,0.3534271924260717,0.5488721804511278,100.0,47,score,60,facebook/esm2_t30_150M_UR50D,RPC1_BP434_Tsuboyama_2023_1R69_indels,esm
GaussianProcessRegressor,0.5691990464516341,0.7839614039253096,0.8854159496673355,0.4824731309052496,0.3149930431619387,0.5834586466165413,100.0,47,score,80,facebook/esm2_t30_150M_UR50D,RPC1_BP434_Tsuboyama_2023_1R69_indels,esm
GaussianProcessRegressor,0.972333410145844,1.5167742058562044,1.231573873487175,0.9235190433870352,-0.2519687436141622,0.4691729323308269,100.0,48,score,20,facebook/esm2_t30_150M_UR50D,RPC1_BP434_Tsuboyama_2023_1R69_indels,esm
GaussianProcessRegressor,0.7010442211727026,1.0520730697467782,1.0257061322556174,0.460852285657861,0.1316027169794577,0.5142857142857143,100.0,48,score,40,facebook/esm2_t30_150M_UR50D,RPC1_BP434_Tsuboyama_2023_1R69_indels,esm
GaussianProcessRegressor,0.7529808573000005,1.0570324275915357,1.028120823440288,0.4987902843215107,0.1275091867848766,0.3789473684210526,100.0,48,score,60,facebook/esm2_t30_150M_UR50D,RPC1_BP434_Tsuboyama_2023_1R69_indels,esm
GaussianProcessRegressor,0.5266123478077103,1.037785905061314,1.0187177749805458,0.4452930487909498,0.1433955623166263,0.4015037593984962,100.0,48,score,80,facebook/esm2_t30_150M_UR50D,RPC1_BP434_Tsuboyama_2023_1R69_indels,esm
GaussianProcessRegressor,0.7601295088229195,1.1547974008376698,1.0746150012156306,0.6734106735543616,0.4083657680797319,0.7729323308270677,100.0,49,score,20,facebook/esm2_t30_150M_UR50D,RPC1_BP434_Tsuboyama_2023_1R69_indels,esm
GaussianProcessRegressor,0.3646500366562042,1.0220601903168087,1.010969925525388,0.5601601831391747,0.4763706644682958,0.7052631578947368,100.0,49,score,40,facebook/esm2_t30_150M_UR50D,RPC1_BP434_Tsuboyama_2023_1R69_indels,esm
GaussianProcessRegressor,0.2782857929576646,1.1014669713487932,1.0495079663103055,0.5075093941199001,0.4356884029122507,0.7383458646616541,100.0,49,score,60,facebook/esm2_t30_150M_UR50D,RPC1_BP434_Tsuboyama_2023_1R69_indels,esm
GaussianProcessRegressor,0.2391475176838743,1.1247072695312692,1.0605221683356123,0.5107700650150726,0.4237817637434984,0.7308270676691728,100.0,49,score,80,facebook/esm2_t30_150M_UR50D,RPC1_BP434_Tsuboyama_2023_1R69_indels,esm
GaussianProcessRegressor,0.4717243895679595,0.5684584585862316,0.7539618415982546,0.5627605957838071,0.5135057166335468,0.6,100.0,50,score,20,facebook/esm2_t30_150M_UR50D,RPC1_BP434_Tsuboyama_2023_1R69_indels,esm
GaussianProcessRegressor,0.2518299899650033,0.4853463479072283,0.6966680327869424,0.4458638645146216,0.584634162543938,0.7428571428571428,100.0,50,score,40,facebook/esm2_t30_150M_UR50D,RPC1_BP434_Tsuboyama_2023_1R69_indels,esm
GaussianProcessRegressor,0.3060083658872349,0.6224053065163911,0.7889266800637377,0.4695325080118439,0.467337289148215,0.5654135338345864,100.0,50,score,60,facebook/esm2_t30_150M_UR50D,RPC1_BP434_Tsuboyama_2023_1R69_indels,esm
GaussianProcessRegressor,0.2399130276874199,0.593401475792958,0.7703255648055295,0.4255550639158201,0.4921591519062622,0.6,100.0,50,score,80,facebook/esm2_t30_150M_UR50D,RPC1_BP434_Tsuboyama_2023_1R69_indels,esm
GaussianProcessRegressor,0.3704819497502341,0.586098042298285,0.7655704032277404,0.6066097007123339,0.7033062178603837,0.7924812030075187,100.0,51,score,20,facebook/esm2_t30_150M_UR50D,RPC1_BP434_Tsuboyama_2023_1R69_indels,esm
GaussianProcessRegressor,0.1562055232203346,0.5115095987671261,0.7151989924259724,0.5649962943040501,0.7410642819009801,0.7849624060150376,100.0,51,score,40,facebook/esm2_t30_150M_UR50D,RPC1_BP434_Tsuboyama_2023_1R69_indels,esm
GaussianProcessRegressor,0.1224623010814325,0.3783094696777523,0.6150686707008839,0.5081538514253241,0.8084926765191258,0.8105263157894737,100.0,51,score,60,facebook/esm2_t30_150M_UR50D,RPC1_BP434_Tsuboyama_2023_1R69_indels,esm
GaussianProcessRegressor,0.1754073685760387,0.341953433023126,0.5847678454080097,0.4903889019901836,0.8268967817032511,0.7654135338345864,100.0,51,score,80,facebook/esm2_t30_150M_UR50D,RPC1_BP434_Tsuboyama_2023_1R69_indels,esm
GaussianProcessRegressor,0.6944005467045619,1.0042035100040556,1.0020995509449426,0.71413213718252,-0.0007913339297411,0.1533834586466165,100.0,42,score,20,facebook/esm2_t33_650M_UR50D,RPC1_BP434_Tsuboyama_2023_1R69_indels,esm
GaussianProcessRegressor,0.4404353145248652,0.7867929119864935,0.8870134790331506,0.5275908880596678,0.2158805261393197,0.3187969924812029,100.0,42,score,40,facebook/esm2_t33_650M_UR50D,RPC1_BP434_Tsuboyama_2023_1R69_indels,esm
GaussianProcessRegressor,1.2146886774320067,0.7519335803462333,0.8671410383243509,0.6616824761657931,0.2506214095007156,0.3428571428571428,100.0,42,score,60,facebook/esm2_t33_650M_UR50D,RPC1_BP434_Tsuboyama_2023_1R69_indels,esm
GaussianProcessRegressor,0.8326800379103654,0.6549358588097582,0.8092810752821038,0.4862583318227121,0.3472895431584465,0.4150375939849623,100.0,42,score,80,facebook/esm2_t33_650M_UR50D,RPC1_BP434_Tsuboyama_2023_1R69_indels,esm
GaussianProcessRegressor,0.5306760630632421,0.2288728347826173,0.4784065580472506,0.4152068000468402,0.8402977278359005,0.8571428571428572,100.0,43,score,20,facebook/esm2_t33_650M_UR50D,RPC1_BP434_Tsuboyama_2023_1R69_indels,esm
GaussianProcessRegressor,0.3041917316837739,0.1380682216236004,0.371575324293205,0.2435618538243738,0.903659127008724,0.813533834586466,100.0,43,score,40,facebook/esm2_t33_650M_UR50D,RPC1_BP434_Tsuboyama_2023_1R69_indels,esm
GaussianProcessRegressor,0.4860313957867673,0.3494469715584025,0.5911403991932902,0.3475453007244128,0.7561638304006411,0.806015037593985,100.0,43,score,60,facebook/esm2_t33_650M_UR50D,RPC1_BP434_Tsuboyama_2023_1R69_indels,esm
GaussianProcessRegressor,0.6035858686481431,0.5829945852733556,0.7635408209607104,0.4901200002894006,0.5931996035442428,0.7172932330827068,100.0,43,score,80,facebook/esm2_t33_650M_UR50D,RPC1_BP434_Tsuboyama_2023_1R69_indels,esm
GaussianProcessRegressor,0.5628229257339888,0.7657854579834626,0.8750916854727067,0.696548362283869,0.5849653068363148,0.7187969924812029,100.0,44,score,20,facebook/esm2_t33_650M_UR50D,RPC1_BP434_Tsuboyama_2023_1R69_indels,esm
GaussianProcessRegressor,0.3004079045552281,0.5730627619243504,0.75700908972373,0.5662364915723932,0.6894157167921267,0.7593984962406014,100.0,44,score,40,facebook/esm2_t33_650M_UR50D,RPC1_BP434_Tsuboyama_2023_1R69_indels,esm
GaussianProcessRegressor,0.4589251322230012,0.8344248473032725,0.9134685803591016,0.6679843220026906,0.5477646423573802,0.6842105263157895,100.0,44,score,60,facebook/esm2_t33_650M_UR50D,RPC1_BP434_Tsuboyama_2023_1R69_indels,esm
GaussianProcessRegressor,0.8069537248550454,0.7479495360269715,0.8648407576120424,0.6407544373861523,0.5946318868416295,0.724812030075188,100.0,44,score,80,facebook/esm2_t33_650M_UR50D,RPC1_BP434_Tsuboyama_2023_1R69_indels,esm
GaussianProcessRegressor,0.9024827768058294,0.5306974077788018,0.7284898130919895,0.4704971666551605,0.6559944226076133,0.7924812030075187,100.0,45,score,20,facebook/esm2_t33_650M_UR50D,RPC1_BP434_Tsuboyama_2023_1R69_indels,esm
GaussianProcessRegressor,0.9512449060077208,0.9506794204017855,0.9750279074989524,0.5718814652837751,0.383756132710021,0.5684210526315789,100.0,45,score,40,facebook/esm2_t33_650M_UR50D,RPC1_BP434_Tsuboyama_2023_1R69_indels,esm
GaussianProcessRegressor,0.5143423256177482,1.126138321774114,1.0611966461377995,0.5533135216073062,0.2700211873522709,0.631578947368421,100.0,45,score,60,facebook/esm2_t33_650M_UR50D,RPC1_BP434_Tsuboyama_2023_1R69_indels,esm
GaussianProcessRegressor,0.4539401752902285,1.9744403001747528,1.4051477858840162,0.7432328530627494,-0.2798601717902418,0.5984962406015037,100.0,45,score,80,facebook/esm2_t33_650M_UR50D,RPC1_BP434_Tsuboyama_2023_1R69_indels,esm
GaussianProcessRegressor,0.2876282098867305,2.006613051186529,1.4165496995116442,0.9764986479171048,-0.3407448152740768,0.5293233082706766,100.0,46,score,20,facebook/esm2_t33_650M_UR50D,RPC1_BP434_Tsuboyama_2023_1R69_indels,esm
GaussianProcessRegressor,0.4211612818770625,0.2687563787464936,0.51841718600611,0.45085917237582,0.8204269023551258,0.7744360902255639,100.0,46,score,40,facebook/esm2_t33_650M_UR50D,RPC1_BP434_Tsuboyama_2023_1R69_indels,esm
GaussianProcessRegressor,0.6272745403633679,0.2539324069457742,0.5039170635588501,0.429311770122012,0.830331733444424,0.8992481203007519,100.0,46,score,60,facebook/esm2_t33_650M_UR50D,RPC1_BP434_Tsuboyama_2023_1R69_indels,esm
GaussianProcessRegressor,0.4882944214203015,0.1205534347758842,0.3472080568994392,0.300891406844639,0.9194506421934842,0.8932330827067668,100.0,46,score,80,facebook/esm2_t33_650M_UR50D,RPC1_BP434_Tsuboyama_2023_1R69_indels,esm
GaussianProcessRegressor,0.5439740123558456,0.6109138938046009,0.7816098091788517,0.4545500510742953,0.4661978699591057,0.2812030075187969,100.0,47,score,20,facebook/esm2_t33_650M_UR50D,RPC1_BP434_Tsuboyama_2023_1R69_indels,esm
GaussianProcessRegressor,1.3279086428079183,0.8496449714250612,0.9217618843416456,0.5666564215714436,0.2576002933888148,0.2796992481203007,100.0,47,score,40,facebook/esm2_t33_650M_UR50D,RPC1_BP434_Tsuboyama_2023_1R69_indels,esm
GaussianProcessRegressor,0.873971776812032,0.8130970978013746,0.901718968305189,0.5196108554912431,0.289534962065755,0.3819548872180451,100.0,47,score,60,facebook/esm2_t33_650M_UR50D,RPC1_BP434_Tsuboyama_2023_1R69_indels,esm
GaussianProcessRegressor,0.8314753882074808,0.7931090925157539,0.8905667254707835,0.4703038115326309,0.3070000089486887,0.4496240601503759,100.0,47,score,80,facebook/esm2_t33_650M_UR50D,RPC1_BP434_Tsuboyama_2023_1R69_indels,esm
GaussianProcessRegressor,1.6930071497414332,1.6528533656500433,1.2856334491798365,0.882654647649826,-0.3642905737596007,0.3278195488721804,100.0,48,score,20,facebook/esm2_t33_650M_UR50D,RPC1_BP434_Tsuboyama_2023_1R69_indels,esm
GaussianProcessRegressor,0.9913073970458208,1.0831189324896733,1.0407299998028658,0.5093462378596767,0.1059769846703436,0.4330827067669173,100.0,48,score,40,facebook/esm2_t33_650M_UR50D,RPC1_BP434_Tsuboyama_2023_1R69_indels,esm
GaussianProcessRegressor,0.8778212610280693,1.0553844508160952,1.0273190598913733,0.5182687191550853,0.1288694521461197,0.4406015037593984,100.0,48,score,60,facebook/esm2_t33_650M_UR50D,RPC1_BP434_Tsuboyama_2023_1R69_indels,esm
GaussianProcessRegressor,0.6513634390870988,1.0353753961340728,1.017533977876942,0.4466587101258459,0.1453852334367292,0.4270676691729323,100.0,48,score,80,facebook/esm2_t33_650M_UR50D,RPC1_BP434_Tsuboyama_2023_1R69_indels,esm
GaussianProcessRegressor,0.7078670895879661,1.49730282512078,1.2236432589283448,0.6842166097754381,0.2328908895622764,0.5383458646616541,100.0,49,score,20,facebook/esm2_t33_650M_UR50D,RPC1_BP434_Tsuboyama_2023_1R69_indels,esm
GaussianProcessRegressor,0.3602293900825407,1.186260909952646,1.089156053994397,0.5581277691028941,0.3922461534743886,0.6285714285714286,100.0,49,score,40,facebook/esm2_t33_650M_UR50D,RPC1_BP434_Tsuboyama_2023_1R69_indels,esm
GaussianProcessRegressor,0.2633460699862763,1.1683866809753318,1.0809193683967977,0.4949659268475931,0.4014036089072545,0.6661654135338345,100.0,49,score,60,facebook/esm2_t33_650M_UR50D,RPC1_BP434_Tsuboyama_2023_1R69_indels,esm
GaussianProcessRegressor,0.2412527314512488,1.148475225974622,1.0716693641112551,0.4923288807457963,0.4116047908437696,0.6661654135338345,100.0,49,score,80,facebook/esm2_t33_650M_UR50D,RPC1_BP434_Tsuboyama_2023_1R69_indels,esm
GaussianProcessRegressor,0.644450231072258,0.5697038375887937,0.7547872796946129,0.5575638625756005,0.5124399047765505,0.5834586466165413,100.0,50,score,20,facebook/esm2_t33_650M_UR50D,RPC1_BP434_Tsuboyama_2023_1R69_indels,esm
GaussianProcessRegressor,0.2837097958820525,0.4816586183414432,0.6940162954437332,0.4527211726833802,0.5877901703845421,0.6977443609022556,100.0,50,score,40,facebook/esm2_t33_650M_UR50D,RPC1_BP434_Tsuboyama_2023_1R69_indels,esm
GaussianProcessRegressor,0.2440796243725918,0.4939576541158748,0.70282121063317,0.4361709183584558,0.5772644925539028,0.7413533834586465,100.0,50,score,60,facebook/esm2_t33_650M_UR50D,RPC1_BP434_Tsuboyama_2023_1R69_indels,esm
GaussianProcessRegressor,0.1679322171444821,0.4185312458795562,0.6469399090174884,0.3904855077035014,0.6418154124453817,0.7338345864661654,100.0,50,score,80,facebook/esm2_t33_650M_UR50D,RPC1_BP434_Tsuboyama_2023_1R69_indels,esm
GaussianProcessRegressor,0.4937623813249576,0.7570517207379487,0.8700871914572404,0.7218955066340785,0.6167662710145453,0.7263157894736841,100.0,51,score,20,facebook/esm2_t33_650M_UR50D,RPC1_BP434_Tsuboyama_2023_1R69_indels,esm
GaussianProcessRegressor,0.1583565623215732,0.6002556451702389,0.7747616699154901,0.5985417392529866,0.6961393747062261,0.7593984962406014,100.0,51,score,40,facebook/esm2_t33_650M_UR50D,RPC1_BP434_Tsuboyama_2023_1R69_indels,esm
GaussianProcessRegressor,0.1577339238000152,0.4746304355605885,0.68893427521106,0.5264716942064449,0.7597332035219861,0.6932330827067669,100.0,51,score,60,facebook/esm2_t33_650M_UR50D,RPC1_BP434_Tsuboyama_2023_1R69_indels,esm
GaussianProcessRegressor,0.1530621495981477,0.3099762939526143,0.5567551472169919,0.4128053267847147,0.8430842070965032,0.7413533834586465,100.0,51,score,80,facebook/esm2_t33_650M_UR50D,RPC1_BP434_Tsuboyama_2023_1R69_indels,esm
GaussianProcessRegressor,1.0150087449655871,1.0021490971781355,1.001073971881267,0.7283072677280295,0.0012560982212243,0.2992481203007519,100.0,42,score,20,facebook/esm2_t6_8M_UR50D,RPC1_BP434_Tsuboyama_2023_1R69_indels,esm
GaussianProcessRegressor,0.7819325057547826,0.8002698499505747,0.8945780289894083,0.6117270388834888,0.2024493813683692,0.2812030075187969,100.0,42,score,40,facebook/esm2_t6_8M_UR50D,RPC1_BP434_Tsuboyama_2023_1R69_indels,esm
GaussianProcessRegressor,1.0969769536165097,0.7402259248883111,0.8603638328569554,0.5461452912594983,0.2622892835981448,0.3774436090225563,100.0,42,score,60,facebook/esm2_t6_8M_UR50D,RPC1_BP434_Tsuboyama_2023_1R69_indels,esm
GaussianProcessRegressor,0.8376712716482719,0.7155053124363959,0.8458754709981818,0.4937139903590518,0.2869258980541254,0.4827067669172932,100.0,42,score,80,facebook/esm2_t6_8M_UR50D,RPC1_BP434_Tsuboyama_2023_1R69_indels,esm
GaussianProcessRegressor,0.7413736118386828,0.57107313441426,0.7556938099615875,0.6392517657800452,0.6015181215173282,0.7203007518796991,100.0,43,score,20,facebook/esm2_t6_8M_UR50D,RPC1_BP434_Tsuboyama_2023_1R69_indels,esm
GaussianProcessRegressor,0.5076600140420096,0.3515942196724287,0.5929538090546588,0.4558382595460779,0.754665529376687,0.7849624060150376,100.0,43,score,40,facebook/esm2_t6_8M_UR50D,RPC1_BP434_Tsuboyama_2023_1R69_indels,esm
GaussianProcessRegressor,0.5304529493127431,0.2611667641368139,0.5110447770370166,0.3869361145557067,0.8177637565156667,0.7654135338345864,100.0,43,score,60,facebook/esm2_t6_8M_UR50D,RPC1_BP434_Tsuboyama_2023_1R69_indels,esm
GaussianProcessRegressor,0.7448719416377412,0.3593736944440485,0.599477851504164,0.4511404153977262,0.7492371883573127,0.6721804511278194,100.0,43,score,80,facebook/esm2_t6_8M_UR50D,RPC1_BP434_Tsuboyama_2023_1R69_indels,esm
GaussianProcessRegressor,0.7946934344390165,1.4823452195435507,1.217516003814139,0.91736373811284,0.1966095896153733,0.7969924812030074,100.0,44,score,20,facebook/esm2_t6_8M_UR50D,RPC1_BP434_Tsuboyama_2023_1R69_indels,esm
GaussianProcessRegressor,0.6577665869469203,1.0025816269907977,1.0012899814693033,0.8186803481880689,0.4566282846041455,0.7428571428571428,100.0,44,score,40,facebook/esm2_t6_8M_UR50D,RPC1_BP434_Tsuboyama_2023_1R69_indels,esm
GaussianProcessRegressor,0.6185417588509525,1.0200782474588996,1.009989231357889,0.7404597635280721,0.4471455966898277,0.6345864661654135,100.0,44,score,60,facebook/esm2_t6_8M_UR50D,RPC1_BP434_Tsuboyama_2023_1R69_indels,esm
GaussianProcessRegressor,0.806257703425147,0.9042146099447016,0.9509019980758804,0.7059261699342654,0.5099405071222639,0.6375939849624059,100.0,44,score,80,facebook/esm2_t6_8M_UR50D,RPC1_BP434_Tsuboyama_2023_1R69_indels,esm
GaussianProcessRegressor,0.7762003968128812,0.9959899118834592,0.9979929418004212,0.7320165195933428,0.3543852302793411,0.6270676691729322,100.0,45,score,20,facebook/esm2_t6_8M_UR50D,RPC1_BP434_Tsuboyama_2023_1R69_indels,esm
GaussianProcessRegressor,0.8476326744073874,0.6727659856267509,0.8202231316091683,0.580359368327134,0.5639035579537778,0.6932330827067669,100.0,45,score,40,facebook/esm2_t6_8M_UR50D,RPC1_BP434_Tsuboyama_2023_1R69_indels,esm
GaussianProcessRegressor,0.5370976728617325,0.9409777092052908,0.970040055464356,0.6224150483370934,0.3900449193385689,0.6962406015037594,100.0,45,score,60,facebook/esm2_t6_8M_UR50D,RPC1_BP434_Tsuboyama_2023_1R69_indels,esm
GaussianProcessRegressor,0.5234110913351349,0.7334728098803578,0.8564302714642669,0.5530576002056143,0.5245525345213728,0.7383458646616541,100.0,45,score,80,facebook/esm2_t6_8M_UR50D,RPC1_BP434_Tsuboyama_2023_1R69_indels,esm
GaussianProcessRegressor,0.2907113570894836,2.292706759990669,1.5141686695975018,1.0895387210910576,-0.5319020772757705,0.107559240400717,100.0,46,score,20,facebook/esm2_t6_8M_UR50D,RPC1_BP434_Tsuboyama_2023_1R69_indels,esm
GaussianProcessRegressor,0.6849901789393517,0.6696826882864987,0.8183414252538477,0.5775864871922674,0.5525427328064034,0.8030075187969924,100.0,46,score,40,facebook/esm2_t6_8M_UR50D,RPC1_BP434_Tsuboyama_2023_1R69_indels,esm
GaussianProcessRegressor,0.7056069076252693,0.5579374168162308,0.7469520846856449,0.511639979624493,0.6272068008321571,0.7849624060150376,100.0,46,score,60,facebook/esm2_t6_8M_UR50D,RPC1_BP434_Tsuboyama_2023_1R69_indels,esm
GaussianProcessRegressor,0.6754625809556942,0.3525648716570875,0.5937717336292522,0.4378178278233857,0.7644291591532814,0.8300751879699247,100.0,46,score,80,facebook/esm2_t6_8M_UR50D,RPC1_BP434_Tsuboyama_2023_1R69_indels,esm
GaussianProcessRegressor,1.0411283442247778,1.092284377743097,1.0451240968148696,0.8998274379116353,0.0455877115210129,0.2511278195488721,100.0,47,score,20,facebook/esm2_t6_8M_UR50D,RPC1_BP434_Tsuboyama_2023_1R69_indels,esm
GaussianProcessRegressor,1.3509122219153582,1.0535934594238383,1.0264470076062564,0.7598882532174326,0.0793949220321957,0.3187969924812029,100.0,47,score,40,facebook/esm2_t6_8M_UR50D,RPC1_BP434_Tsuboyama_2023_1R69_indels,esm
GaussianProcessRegressor,0.8810773724848115,0.8609963699565324,0.9278989007195408,0.6037400873590307,0.2476817094828144,0.3714285714285714,100.0,47,score,60,facebook/esm2_t6_8M_UR50D,RPC1_BP434_Tsuboyama_2023_1R69_indels,esm
GaussianProcessRegressor,0.7148468401224858,0.9265171746260616,0.9625576214575736,0.5945250108215493,0.1904311780261263,0.3488721804511278,100.0,47,score,80,facebook/esm2_t6_8M_UR50D,RPC1_BP434_Tsuboyama_2023_1R69_indels,esm
GaussianProcessRegressor,1.7984585317962574,1.3906011903540854,1.1792375461941862,0.8986143956490318,-0.1478235972329125,0.0872180451127819,100.0,48,score,20,facebook/esm2_t6_8M_UR50D,RPC1_BP434_Tsuboyama_2023_1R69_indels,esm
GaussianProcessRegressor,1.118782669787209,1.194439010820385,1.092903934854471,0.6315119180875979,0.0140916809325609,0.2045112781954887,100.0,48,score,40,facebook/esm2_t6_8M_UR50D,RPC1_BP434_Tsuboyama_2023_1R69_indels,esm
GaussianProcessRegressor,0.9909945395527384,1.1213316022662208,1.058929460477052,0.5663651124739302,0.0744356596757765,0.3082706766917293,100.0,48,score,60,facebook/esm2_t6_8M_UR50D,RPC1_BP434_Tsuboyama_2023_1R69_indels,esm
GaussianProcessRegressor,0.7837191253187769,1.1002332994533357,1.0489200634239653,0.4885108068623831,0.0918505231162636,0.2887218045112781,100.0,48,score,80,facebook/esm2_t6_8M_UR50D,RPC1_BP434_Tsuboyama_2023_1R69_indels,esm
GaussianProcessRegressor,0.9576654604239008,2.5144031681822603,1.5856869704270955,1.1921758218339322,-0.2881973808274214,0.5774436090225563,100.0,49,score,20,facebook/esm2_t6_8M_UR50D,RPC1_BP434_Tsuboyama_2023_1R69_indels,esm
GaussianProcessRegressor,0.4205534590978786,1.3349439870972677,1.1553977614212638,0.723480945817221,0.3160717543268057,0.5789473684210527,100.0,49,score,40,facebook/esm2_t6_8M_UR50D,RPC1_BP434_Tsuboyama_2023_1R69_indels,esm
GaussianProcessRegressor,0.3984554089092154,1.242673072240802,1.1147524712871473,0.5955238599975982,0.3633446628041596,0.6270676691729322,100.0,49,score,60,facebook/esm2_t6_8M_UR50D,RPC1_BP434_Tsuboyama_2023_1R69_indels,esm
GaussianProcessRegressor,0.3798166719721392,1.273867163592772,1.1286572391974332,0.5789269869142358,0.3473630782733266,0.6075187969924812,100.0,49,score,80,facebook/esm2_t6_8M_UR50D,RPC1_BP434_Tsuboyama_2023_1R69_indels,esm
GaussianProcessRegressor,0.6984152190463275,0.7542665108795075,0.8684851817270732,0.7147011047643449,0.3544887227287558,0.4571428571428571,100.0,50,score,20,facebook/esm2_t6_8M_UR50D,RPC1_BP434_Tsuboyama_2023_1R69_indels,esm
GaussianProcessRegressor,0.7080162944590807,0.5164270696271668,0.7186286034017619,0.5673048881604565,0.5580348689433838,0.7263157894736841,100.0,50,score,40,facebook/esm2_t6_8M_UR50D,RPC1_BP434_Tsuboyama_2023_1R69_indels,esm
GaussianProcessRegressor,0.5392853845092025,0.4744922927047813,0.6888340095442307,0.4391267181270731,0.5939232068488937,0.7368421052631579,100.0,50,score,60,facebook/esm2_t6_8M_UR50D,RPC1_BP434_Tsuboyama_2023_1R69_indels,esm
GaussianProcessRegressor,0.3263912328760042,0.481739438245347,0.6940745192307142,0.4029800079135951,0.5877210036395715,0.7142857142857143,100.0,50,score,80,facebook/esm2_t6_8M_UR50D,RPC1_BP434_Tsuboyama_2023_1R69_indels,esm
GaussianProcessRegressor,1.048980865361615,0.8737691558255776,0.9347562012768772,0.7322971608305625,0.5576817241322684,0.7699248120300751,100.0,51,score,20,facebook/esm2_t6_8M_UR50D,RPC1_BP434_Tsuboyama_2023_1R69_indels,esm
GaussianProcessRegressor,0.3615627300878365,0.7124121171755908,0.8440450919089517,0.6118841004412131,0.6393636725724721,0.8030075187969924,100.0,51,score,40,facebook/esm2_t6_8M_UR50D,RPC1_BP434_Tsuboyama_2023_1R69_indels,esm
GaussianProcessRegressor,0.2767680703000972,0.6004543756211319,0.774889911936613,0.5741708201549847,0.696038773638066,0.7548872180451127,100.0,51,score,60,facebook/esm2_t6_8M_UR50D,RPC1_BP434_Tsuboyama_2023_1R69_indels,esm
GaussianProcessRegressor,0.301943871059926,0.4726227011874599,0.6874756004306335,0.5663138541379752,0.7607495561826423,0.7593984962406014,100.0,51,score,80,facebook/esm2_t6_8M_UR50D,RPC1_BP434_Tsuboyama_2023_1R69_indels,esm
GaussianProcessRegressor,1.165571046486281,0.9467231517917792,0.9729969947496134,0.8228035885506616,0.1930784971742709,0.613533834586466,100.0,42,score,20,facebook/esm2_t12_35M_UR50D,SDA_BACSU_Tsuboyama_2023_1PV0_indels,esm
GaussianProcessRegressor,0.664491800033244,0.7602098428183752,0.8719001335120756,0.7309758116237322,0.3520495747157651,0.6706766917293233,100.0,42,score,40,facebook/esm2_t12_35M_UR50D,SDA_BACSU_Tsuboyama_2023_1PV0_indels,esm
GaussianProcessRegressor,0.411811936906286,0.6589970155830708,0.8117863115272829,0.666334512102092,0.4383164062634902,0.6872180451127818,100.0,42,score,60,facebook/esm2_t12_35M_UR50D,SDA_BACSU_Tsuboyama_2023_1PV0_indels,esm
GaussianProcessRegressor,0.4349272296550297,0.6267222350426803,0.7916579027854648,0.6475715969446619,0.4658252026499869,0.6902255639097743,100.0,42,score,80,facebook/esm2_t12_35M_UR50D,SDA_BACSU_Tsuboyama_2023_1PV0_indels,esm
GaussianProcessRegressor,0.560008475500209,1.422008326173828,1.192479905983253,1.0257914750442818,0.1843144356370117,0.5639097744360902,100.0,43,score,20,facebook/esm2_t12_35M_UR50D,SDA_BACSU_Tsuboyama_2023_1PV0_indels,esm
GaussianProcessRegressor,0.4782687876236022,1.786494604707133,1.336598146305438,1.0150868001828866,-0.0247604272422801,0.6330827067669172,100.0,43,score,40,facebook/esm2_t12_35M_UR50D,SDA_BACSU_Tsuboyama_2023_1PV0_indels,esm
GaussianProcessRegressor,0.4973068174228022,0.6518811012061163,0.8073915414506869,0.6987328982440024,0.6260711037005011,0.7684210526315788,100.0,43,score,60,facebook/esm2_t12_35M_UR50D,SDA_BACSU_Tsuboyama_2023_1PV0_indels,esm
GaussianProcessRegressor,0.4365101136279075,0.53216483049977,0.729496285459885,0.6352512994392397,0.6947421740712953,0.8180451127819548,100.0,43,score,80,facebook/esm2_t12_35M_UR50D,SDA_BACSU_Tsuboyama_2023_1PV0_indels,esm
GaussianProcessRegressor,0.9455339559285664,1.1476498075863673,1.071284186192612,0.8994321468261722,0.0827340838866127,0.6285714285714286,100.0,44,score,20,facebook/esm2_t12_35M_UR50D,SDA_BACSU_Tsuboyama_2023_1PV0_indels,esm
GaussianProcessRegressor,0.7650285295572337,0.9842972412253757,0.9921175541362908,0.725075138737223,0.2132945914927726,0.7127819548872181,100.0,44,score,40,facebook/esm2_t12_35M_UR50D,SDA_BACSU_Tsuboyama_2023_1PV0_indels,esm
GaussianProcessRegressor,0.5791630554393231,0.3906550015589479,0.6250240007863281,0.5100837449120791,0.6877666727946727,0.8571428571428572,100.0,44,score,60,facebook/esm2_t12_35M_UR50D,SDA_BACSU_Tsuboyama_2023_1PV0_indels,esm
GaussianProcessRegressor,0.4812291228127748,0.3195094304885188,0.5652516523536387,0.4323714338664586,0.7446301924798064,0.8962406015037594,100.0,44,score,80,facebook/esm2_t12_35M_UR50D,SDA_BACSU_Tsuboyama_2023_1PV0_indels,esm
GaussianProcessRegressor,0.758232119663915,0.8638136723897445,0.9294157693894292,0.7405170808656429,0.2745264406875596,0.425563909774436,100.0,45,score,20,facebook/esm2_t12_35M_UR50D,SDA_BACSU_Tsuboyama_2023_1PV0_indels,esm
GaussianProcessRegressor,0.7645969075544755,0.7987949535766268,0.8937532957011274,0.6769976902516772,0.3291323850792396,0.4421052631578947,100.0,45,score,40,facebook/esm2_t12_35M_UR50D,SDA_BACSU_Tsuboyama_2023_1PV0_indels,esm
GaussianProcessRegressor,0.4403183696446794,0.7842884113332577,0.8856005935709719,0.6894349342512751,0.341315698646734,0.4691729323308269,100.0,45,score,60,facebook/esm2_t12_35M_UR50D,SDA_BACSU_Tsuboyama_2023_1PV0_indels,esm
GaussianProcessRegressor,0.3830689311222623,0.6292141363741471,0.7932301912901116,0.6243623869274992,0.4715547650198604,0.6195488721804511,100.0,45,score,80,facebook/esm2_t12_35M_UR50D,SDA_BACSU_Tsuboyama_2023_1PV0_indels,esm
GaussianProcessRegressor,0.4821414556496797,0.5247134025031708,0.7243710392493413,0.6352995385695335,0.5074639014066925,0.7112781954887217,100.0,46,score,20,facebook/esm2_t12_35M_UR50D,SDA_BACSU_Tsuboyama_2023_1PV0_indels,esm
GaussianProcessRegressor,0.4421021721247017,0.4939780152843963,0.7028356957955368,0.5985024595318098,0.5363144846722845,0.7413533834586465,100.0,46,score,40,facebook/esm2_t12_35M_UR50D,SDA_BACSU_Tsuboyama_2023_1PV0_indels,esm
GaussianProcessRegressor,0.4737747133333282,0.4168008333394988,0.6456011410611809,0.532154945935544,0.6087588855856687,0.8045112781954886,100.0,46,score,60,facebook/esm2_t12_35M_UR50D,SDA_BACSU_Tsuboyama_2023_1PV0_indels,esm
GaussianProcessRegressor,0.3450179191665543,0.9914350005598788,0.9957082908964244,0.6260164858525914,0.0693633422453593,0.8150375939849623,100.0,46,score,80,facebook/esm2_t12_35M_UR50D,SDA_BACSU_Tsuboyama_2023_1PV0_indels,esm
GaussianProcessRegressor,1.1039999175328905,0.8464069655262841,0.9200037856043224,0.7761559300768449,0.2317034779216586,0.6421052631578947,100.0,47,score,20,facebook/esm2_t12_35M_UR50D,SDA_BACSU_Tsuboyama_2023_1PV0_indels,esm
GaussianProcessRegressor,0.7387781408073677,0.5373694646761764,0.7330548851731202,0.6218295715685868,0.5122215345603917,0.7368421052631579,100.0,47,score,40,facebook/esm2_t12_35M_UR50D,SDA_BACSU_Tsuboyama_2023_1PV0_indels,esm
GaussianProcessRegressor,0.5787658341992375,0.5000117153333076,0.7071150651296488,0.6390667601067135,0.5461317338638132,0.7864661654135338,100.0,47,score,60,facebook/esm2_t12_35M_UR50D,SDA_BACSU_Tsuboyama_2023_1PV0_indels,esm
GaussianProcessRegressor,0.4917748087618207,0.4727479952766372,0.6875667205999991,0.6022444670129945,0.5708794287099124,0.7714285714285714,100.0,47,score,80,facebook/esm2_t12_35M_UR50D,SDA_BACSU_Tsuboyama_2023_1PV0_indels,esm
GaussianProcessRegressor,0.9052184974063018,0.9078976765558726,0.9528366473619037,0.7951863043563147,0.3166799253696353,0.6736842105263157,100.0,48,score,20,facebook/esm2_t12_35M_UR50D,SDA_BACSU_Tsuboyama_2023_1PV0_indels,esm
GaussianProcessRegressor,0.6342143619909191,0.7966174032990814,0.8925342588937869,0.7598485348154902,0.4004339062314184,0.6090225563909774,100.0,48,score,40,facebook/esm2_t12_35M_UR50D,SDA_BACSU_Tsuboyama_2023_1PV0_indels,esm
GaussianProcessRegressor,0.5216171227446276,0.6847511424785686,0.8274969138785767,0.6517430754069617,0.4846289247520858,0.6962406015037594,100.0,48,score,60,facebook/esm2_t12_35M_UR50D,SDA_BACSU_Tsuboyama_2023_1PV0_indels,esm
GaussianProcessRegressor,0.4316313202564551,0.6375189549235734,0.7984478410789106,0.6418774310765397,0.5201777566947663,0.6917293233082705,100.0,48,score,80,facebook/esm2_t12_35M_UR50D,SDA_BACSU_Tsuboyama_2023_1PV0_indels,esm
GaussianProcessRegressor,0.8471641194404278,0.869787543341061,0.9326240096314596,0.784389937735155,0.4144814378512097,0.7398496240601502,100.0,49,score,20,facebook/esm2_t12_35M_UR50D,SDA_BACSU_Tsuboyama_2023_1PV0_indels,esm
GaussianProcessRegressor,0.6855095303579105,0.7208702558136465,0.8490407857185934,0.7526567043514881,0.5147287186264866,0.8150375939849623,100.0,49,score,40,facebook/esm2_t12_35M_UR50D,SDA_BACSU_Tsuboyama_2023_1PV0_indels,esm
GaussianProcessRegressor,0.6194191010795784,0.57950393072979,0.7612515554859576,0.7106120490664513,0.6098928860522569,0.8571428571428572,100.0,49,score,60,facebook/esm2_t12_35M_UR50D,SDA_BACSU_Tsuboyama_2023_1PV0_indels,esm
GaussianProcessRegressor,0.544357941904863,0.5390142258028768,0.7341758820629269,0.6708975842853293,0.6371495121009227,0.8646616541353382,100.0,49,score,80,facebook/esm2_t12_35M_UR50D,SDA_BACSU_Tsuboyama_2023_1PV0_indels,esm
GaussianProcessRegressor,0.5770009494642409,0.4659119437958573,0.6825774269603833,0.5954636801472317,0.4870026321401963,0.5789473684210527,100.0,50,score,20,facebook/esm2_t12_35M_UR50D,SDA_BACSU_Tsuboyama_2023_1PV0_indels,esm
GaussianProcessRegressor,0.5082802318425852,0.2838739268811834,0.5327982046527404,0.4442733334111827,0.6874375528825662,0.6541353383458646,100.0,50,score,40,facebook/esm2_t12_35M_UR50D,SDA_BACSU_Tsuboyama_2023_1PV0_indels,esm
GaussianProcessRegressor,0.6441651895451123,0.1983985248803562,0.4454194931526417,0.3267865659533323,0.7815511656093426,0.7864661654135338,100.0,50,score,60,facebook/esm2_t12_35M_UR50D,SDA_BACSU_Tsuboyama_2023_1PV0_indels,esm
GaussianProcessRegressor,0.4641574943545988,0.2250034169248483,0.4743452507666207,0.3338682246778684,0.7522575624451389,0.8571428571428572,100.0,50,score,80,facebook/esm2_t12_35M_UR50D,SDA_BACSU_Tsuboyama_2023_1PV0_indels,esm
GaussianProcessRegressor,0.8482472785399084,1.3915000974254026,1.1796186237192945,0.970372186519458,0.150463749747483,0.675187969924812,100.0,51,score,20,facebook/esm2_t12_35M_UR50D,SDA_BACSU_Tsuboyama_2023_1PV0_indels,esm
GaussianProcessRegressor,0.7432393111769227,0.7621465603124595,0.8730100573947929,0.7445654036069214,0.534695590615716,0.8240601503759398,100.0,51,score,40,facebook/esm2_t12_35M_UR50D,SDA_BACSU_Tsuboyama_2023_1PV0_indels,esm
GaussianProcessRegressor,0.6011492166943072,0.5573142147149517,0.746534804757924,0.6236981029097162,0.6597494825495347,0.8917293233082706,100.0,51,score,60,facebook/esm2_t12_35M_UR50D,SDA_BACSU_Tsuboyama_2023_1PV0_indels,esm
GaussianProcessRegressor,0.4135377390004494,0.4518657491180785,0.6722096020722097,0.5770343639771374,0.7241276987090571,0.8902255639097743,100.0,51,score,80,facebook/esm2_t12_35M_UR50D,SDA_BACSU_Tsuboyama_2023_1PV0_indels,esm
GaussianProcessRegressor,0.95712167714755,0.5218066613805292,0.7223618631825252,0.6562895879796741,0.5552479998099176,0.8360902255639097,100.0,42,score,20,facebook/esm2_t30_150M_UR50D,SDA_BACSU_Tsuboyama_2023_1PV0_indels,esm
GaussianProcessRegressor,0.3632442623698543,0.2867509805755128,0.5354913450052323,0.4474668217093828,0.7555932462992785,0.9022556390977444,100.0,42,score,40,facebook/esm2_t30_150M_UR50D,SDA_BACSU_Tsuboyama_2023_1PV0_indels,esm
GaussianProcessRegressor,0.2207645151644216,0.2056701219539956,0.4535086790283021,0.3876810256585143,0.8247009766483772,0.9398496240601504,100.0,42,score,60,facebook/esm2_t30_150M_UR50D,SDA_BACSU_Tsuboyama_2023_1PV0_indels,esm
GaussianProcessRegressor,0.1957389960517153,0.1475066422174772,0.3840659347266785,0.3203559983337803,0.8742755142412717,0.9533834586466164,100.0,42,score,80,facebook/esm2_t30_150M_UR50D,SDA_BACSU_Tsuboyama_2023_1PV0_indels,esm
GaussianProcessRegressor,0.1450112940725436,0.5575311658823047,0.7466800960801786,0.6004447286417014,0.6801916589923884,0.7894736842105263,100.0,43,score,20,facebook/esm2_t30_150M_UR50D,SDA_BACSU_Tsuboyama_2023_1PV0_indels,esm
GaussianProcessRegressor,0.1766591244896079,0.3705387970483698,0.6087189803582355,0.4628782806885908,0.787453320613092,0.8511278195488721,100.0,43,score,40,facebook/esm2_t30_150M_UR50D,SDA_BACSU_Tsuboyama_2023_1PV0_indels,esm
GaussianProcessRegressor,0.1215584740269633,0.2313430114050652,0.4809813004733814,0.3477641147982792,0.86729813648341,0.9428571428571428,100.0,43,score,60,facebook/esm2_t30_150M_UR50D,SDA_BACSU_Tsuboyama_2023_1PV0_indels,esm
GaussianProcessRegressor,0.1534679744392708,0.1792436412415205,0.4233717530038116,0.30871586965199,0.8971831261649771,0.9052631578947368,100.0,43,score,80,facebook/esm2_t30_150M_UR50D,SDA_BACSU_Tsuboyama_2023_1PV0_indels,esm
GaussianProcessRegressor,0.4655856360255566,0.5340856004310865,0.7308116039247643,0.5740433401579604,0.5731289158731275,0.8766917293233082,100.0,44,score,20,facebook/esm2_t30_150M_UR50D,SDA_BACSU_Tsuboyama_2023_1PV0_indels,esm
GaussianProcessRegressor,0.3533456981077872,0.6918473304253389,0.8317736052708927,0.6619982152717985,0.4470369173956909,0.849624060150376,100.0,44,score,40,facebook/esm2_t30_150M_UR50D,SDA_BACSU_Tsuboyama_2023_1PV0_indels,esm
GaussianProcessRegressor,0.2068426741599704,0.5036488734563815,0.7096822341417189,0.533487749074838,0.5974556504461606,0.8541353383458646,100.0,44,score,60,facebook/esm2_t30_150M_UR50D,SDA_BACSU_Tsuboyama_2023_1PV0_indels,esm
GaussianProcessRegressor,0.1282227458907572,0.4089068479665032,0.6394582456787177,0.5030234084205532,0.6731787762907759,0.8917293233082706,100.0,44,score,80,facebook/esm2_t30_150M_UR50D,SDA_BACSU_Tsuboyama_2023_1PV0_indels,esm
GaussianProcessRegressor,0.3407869799331193,0.5256521902480353,0.7250187516526971,0.494525658506375,0.5585312230997401,0.8691729323308269,100.0,45,score,20,facebook/esm2_t30_150M_UR50D,SDA_BACSU_Tsuboyama_2023_1PV0_indels,esm
GaussianProcessRegressor,0.2601786618531502,0.2329597181174845,0.4826590081180341,0.3545961587272496,0.8043488760584697,0.932330827067669,100.0,45,score,40,facebook/esm2_t30_150M_UR50D,SDA_BACSU_Tsuboyama_2023_1PV0_indels,esm
GaussianProcessRegressor,0.1755627586324199,0.1917478917313134,0.4378902736203596,0.3582468931885841,0.8389606115863744,0.9443609022556392,100.0,45,score,60,facebook/esm2_t30_150M_UR50D,SDA_BACSU_Tsuboyama_2023_1PV0_indels,esm
GaussianProcessRegressor,0.1422279705452684,0.1576430145086472,0.3970428371204387,0.3070685095529896,0.8676035787672388,0.956390977443609,100.0,45,score,80,facebook/esm2_t30_150M_UR50D,SDA_BACSU_Tsuboyama_2023_1PV0_indels,esm
GaussianProcessRegressor,0.2455780069046901,0.769090198964875,0.8769778782642553,0.633483465697106,0.278073164784044,0.5593984962406015,100.0,46,score,20,facebook/esm2_t30_150M_UR50D,SDA_BACSU_Tsuboyama_2023_1PV0_indels,esm
GaussianProcessRegressor,0.2724806202087313,0.2455676091898666,0.4955477869891728,0.3700880682701778,0.769491475547869,0.8962406015037594,100.0,46,score,40,facebook/esm2_t30_150M_UR50D,SDA_BACSU_Tsuboyama_2023_1PV0_indels,esm
GaussianProcessRegressor,0.1842742857283682,0.1839728834626623,0.428920602749113,0.3252591537936011,0.8273089922319767,0.918796992481203,100.0,46,score,60,facebook/esm2_t30_150M_UR50D,SDA_BACSU_Tsuboyama_2023_1PV0_indels,esm
GaussianProcessRegressor,0.1623531654991322,0.1120330526908567,0.3347133888730128,0.2615611250187025,0.8948372150918719,0.9428571428571428,100.0,46,score,80,facebook/esm2_t30_150M_UR50D,SDA_BACSU_Tsuboyama_2023_1PV0_indels,esm
GaussianProcessRegressor,0.5872450401764512,0.4626269443032281,0.6801668503413174,0.5319050606796021,0.5800664611651721,0.8225563909774435,100.0,47,score,20,facebook/esm2_t30_150M_UR50D,SDA_BACSU_Tsuboyama_2023_1PV0_indels,esm
GaussianProcessRegressor,0.2290713642460251,0.2413774498538246,0.4913017910142651,0.4000968360858133,0.7808980044067539,0.8887218045112781,100.0,47,score,40,facebook/esm2_t30_150M_UR50D,SDA_BACSU_Tsuboyama_2023_1PV0_indels,esm
GaussianProcessRegressor,0.1802190083610161,0.2178424175023781,0.4667359183760963,0.3627644577669406,0.8022611125085104,0.8917293233082706,100.0,47,score,60,facebook/esm2_t30_150M_UR50D,SDA_BACSU_Tsuboyama_2023_1PV0_indels,esm
GaussianProcessRegressor,0.1312260028717797,0.1987691765812951,0.4458353693700121,0.3322109829316116,0.8195741844245936,0.8932330827067668,100.0,47,score,80,facebook/esm2_t30_150M_UR50D,SDA_BACSU_Tsuboyama_2023_1PV0_indels,esm
GaussianProcessRegressor,0.6445679593124415,0.5102753172999218,0.7143355775123634,0.5827537872107664,0.6159464035394989,0.7894736842105263,100.0,48,score,20,facebook/esm2_t30_150M_UR50D,SDA_BACSU_Tsuboyama_2023_1PV0_indels,esm
GaussianProcessRegressor,0.3523602207383735,0.3479783109804465,0.5898968646979288,0.4920668382846228,0.7380976165387578,0.7684210526315788,100.0,48,score,40,facebook/esm2_t30_150M_UR50D,SDA_BACSU_Tsuboyama_2023_1PV0_indels,esm
GaussianProcessRegressor,0.1944802575208829,0.258341737487971,0.5082732901579337,0.401245690294895,0.8055616839883446,0.7864661654135338,100.0,48,score,60,facebook/esm2_t30_150M_UR50D,SDA_BACSU_Tsuboyama_2023_1PV0_indels,esm
GaussianProcessRegressor,0.1558336461824985,0.254518861982084,0.5044986243609432,0.4009899359340882,0.8084389328716052,0.7744360902255639,100.0,48,score,80,facebook/esm2_t30_150M_UR50D,SDA_BACSU_Tsuboyama_2023_1PV0_indels,esm
GaussianProcessRegressor,0.3319427505660152,0.2785700142185929,0.5277973230498549,0.4022238245019522,0.8124738444097483,0.8977443609022555,100.0,49,score,20,facebook/esm2_t30_150M_UR50D,SDA_BACSU_Tsuboyama_2023_1PV0_indels,esm
GaussianProcessRegressor,0.236054093123802,0.23190372533318,0.4815638330825728,0.3767290246106161,0.8438883876257262,0.938345864661654,100.0,49,score,40,facebook/esm2_t30_150M_UR50D,SDA_BACSU_Tsuboyama_2023_1PV0_indels,esm
GaussianProcessRegressor,0.2562812133905572,0.2631892219761644,0.5130197091498185,0.3998929406019331,0.8228277974267147,0.900751879699248,100.0,49,score,60,facebook/esm2_t30_150M_UR50D,SDA_BACSU_Tsuboyama_2023_1PV0_indels,esm
GaussianProcessRegressor,0.1807409269125939,0.1634161269091248,0.4042476059411172,0.3190260671329529,0.889992474148097,0.9308270676691728,100.0,49,score,80,facebook/esm2_t30_150M_UR50D,SDA_BACSU_Tsuboyama_2023_1PV0_indels,esm
GaussianProcessRegressor,0.1440009223576873,0.3486865682920658,0.5904968825422077,0.4823505099110093,0.6160748954307277,0.8165413533834586,100.0,50,score,20,facebook/esm2_t30_150M_UR50D,SDA_BACSU_Tsuboyama_2023_1PV0_indels,esm
GaussianProcessRegressor,0.1276028333116445,0.3491864664283964,0.5909200169467916,0.4657335344219567,0.6155244771992345,0.8180451127819548,100.0,50,score,40,facebook/esm2_t30_150M_UR50D,SDA_BACSU_Tsuboyama_2023_1PV0_indels,esm
GaussianProcessRegressor,0.1122519899904113,0.2501404378307388,0.5001404181134923,0.4020427420373375,0.7245801746205227,0.9142857142857144,100.0,50,score,60,facebook/esm2_t30_150M_UR50D,SDA_BACSU_Tsuboyama_2023_1PV0_indels,esm
GaussianProcessRegressor,0.1117508907787753,0.1683345146021272,0.4102858937401178,0.3146942085339649,0.814653468191221,0.9518796992481202,100.0,50,score,80,facebook/esm2_t30_150M_UR50D,SDA_BACSU_Tsuboyama_2023_1PV0_indels,esm
GaussianProcessRegressor,0.532140265283213,1.1568772699144207,1.0755822934180446,0.8629758713519372,0.2937052755483879,0.732330827067669,100.0,51,score,20,facebook/esm2_t30_150M_UR50D,SDA_BACSU_Tsuboyama_2023_1PV0_indels,esm
GaussianProcessRegressor,0.2386223165512655,0.2692170074167199,0.5188612602774656,0.4279162710536445,0.835638094881797,0.938345864661654,100.0,51,score,40,facebook/esm2_t30_150M_UR50D,SDA_BACSU_Tsuboyama_2023_1PV0_indels,esm
GaussianProcessRegressor,0.2803877965604296,0.1512306787929083,0.3888838885746083,0.2965651706406833,0.9076709056488173,0.9774436090225564,100.0,51,score,60,facebook/esm2_t30_150M_UR50D,SDA_BACSU_Tsuboyama_2023_1PV0_indels,esm
GaussianProcessRegressor,0.1599315505415866,0.1421246440112497,0.3769942227823255,0.2890419109368655,0.91323030636851,0.9684210526315788,100.0,51,score,80,facebook/esm2_t30_150M_UR50D,SDA_BACSU_Tsuboyama_2023_1PV0_indels,esm
GaussianProcessRegressor,0.7719494414869462,0.246139442567406,0.4961244224661855,0.3742985385255759,0.7902077196218588,0.9052631578947368,100.0,42,score,20,facebook/esm2_t33_650M_UR50D,SDA_BACSU_Tsuboyama_2023_1PV0_indels,esm
GaussianProcessRegressor,0.2876125941920786,0.2433943199954009,0.4933500988095582,0.3972358994226619,0.7925474727239677,0.8330827067669173,100.0,42,score,40,facebook/esm2_t33_650M_UR50D,SDA_BACSU_Tsuboyama_2023_1PV0_indels,esm
GaussianProcessRegressor,0.1770739954201977,0.1272512478954898,0.3567229287493164,0.2749257250153952,0.8915398149987762,0.8842105263157894,100.0,42,score,60,facebook/esm2_t33_650M_UR50D,SDA_BACSU_Tsuboyama_2023_1PV0_indels,esm
GaussianProcessRegressor,0.1576865090016428,0.1140915785510471,0.3377744492276572,0.2452543395072098,0.902756209299486,0.8992481203007519,100.0,42,score,80,facebook/esm2_t33_650M_UR50D,SDA_BACSU_Tsuboyama_2023_1PV0_indels,esm
GaussianProcessRegressor,0.3574423508055227,0.4934287892229208,0.7024448656107616,0.6036243890042418,0.7169617554257244,0.8616541353383457,100.0,43,score,20,facebook/esm2_t33_650M_UR50D,SDA_BACSU_Tsuboyama_2023_1PV0_indels,esm
GaussianProcessRegressor,0.1569219760020613,0.2744426261070498,0.5238727193766152,0.411327238059207,0.8425755431659655,0.9203007518796992,100.0,43,score,40,facebook/esm2_t33_650M_UR50D,SDA_BACSU_Tsuboyama_2023_1PV0_indels,esm
GaussianProcessRegressor,0.1386789998714783,0.2333999011283759,0.4831147908399989,0.3489590901506689,0.8661182733110857,0.9593984962406013,100.0,43,score,60,facebook/esm2_t33_650M_UR50D,SDA_BACSU_Tsuboyama_2023_1PV0_indels,esm
GaussianProcessRegressor,0.1413631007050292,0.1604257136068848,0.400531788509832,0.2946077421888659,0.9079773751438844,0.9684210526315788,100.0,43,score,80,facebook/esm2_t33_650M_UR50D,SDA_BACSU_Tsuboyama_2023_1PV0_indels,esm
GaussianProcessRegressor,0.2360563418940907,0.4830351839089317,0.6950073265145712,0.5565734826826286,0.6139312640891276,0.8676691729323308,100.0,44,score,20,facebook/esm2_t33_650M_UR50D,SDA_BACSU_Tsuboyama_2023_1PV0_indels,esm
GaussianProcessRegressor,0.2220722787189802,0.4939442906592467,0.7028117035588172,0.5347401701577276,0.605212095810477,0.932330827067669,100.0,44,score,40,facebook/esm2_t33_650M_UR50D,SDA_BACSU_Tsuboyama_2023_1PV0_indels,esm
GaussianProcessRegressor,0.1574882422914265,0.1825773612578544,0.4272907221761952,0.3439472634295367,0.8540739610387226,0.9473684210526316,100.0,44,score,60,facebook/esm2_t33_650M_UR50D,SDA_BACSU_Tsuboyama_2023_1PV0_indels,esm
GaussianProcessRegressor,0.1370525243641635,0.1682733896593395,0.410211396306026,0.3307635378702872,0.8655064951842784,0.9218045112781956,100.0,44,score,80,facebook/esm2_t33_650M_UR50D,SDA_BACSU_Tsuboyama_2023_1PV0_indels,esm
GaussianProcessRegressor,0.4428136190840795,0.3985215071056553,0.6312855986838726,0.5631350415427111,0.6653018753191822,0.882706766917293,100.0,45,score,20,facebook/esm2_t33_650M_UR50D,SDA_BACSU_Tsuboyama_2023_1PV0_indels,esm
GaussianProcessRegressor,0.267414362146307,0.2424287629061209,0.4923705544669796,0.338098691998183,0.7963963026671546,0.9278195488721804,100.0,45,score,40,facebook/esm2_t33_650M_UR50D,SDA_BACSU_Tsuboyama_2023_1PV0_indels,esm
GaussianProcessRegressor,0.1694788964422514,0.1443586610836445,0.3799456027955114,0.2595022334916658,0.8787604375557077,0.97593984962406,100.0,45,score,60,facebook/esm2_t33_650M_UR50D,SDA_BACSU_Tsuboyama_2023_1PV0_indels,esm
GaussianProcessRegressor,0.1063172545727352,0.1016905994506529,0.3188896352198561,0.2272474639779599,0.9145951916598112,0.9729323308270676,100.0,45,score,80,facebook/esm2_t33_650M_UR50D,SDA_BACSU_Tsuboyama_2023_1PV0_indels,esm
GaussianProcessRegressor,0.2790621260413338,0.2659692201122398,0.5157220376445434,0.3747910229180423,0.7503409644292521,0.882706766917293,100.0,46,score,20,facebook/esm2_t33_650M_UR50D,SDA_BACSU_Tsuboyama_2023_1PV0_indels,esm
GaussianProcessRegressor,0.2297701583691106,0.1585411173512831,0.398172220717723,0.2964088004250336,0.8511811914193428,0.9624060150375938,100.0,46,score,40,facebook/esm2_t33_650M_UR50D,SDA_BACSU_Tsuboyama_2023_1PV0_indels,esm
GaussianProcessRegressor,0.1207044725057079,0.1632097442349274,0.403992257642306,0.2995463136584161,0.8467988614462789,0.956390977443609,100.0,46,score,60,facebook/esm2_t33_650M_UR50D,SDA_BACSU_Tsuboyama_2023_1PV0_indels,esm
GaussianProcessRegressor,0.0973817610264326,0.1268166359964264,0.3561132347953757,0.2870887375297093,0.8809602140284,0.9578947368421054,100.0,46,score,80,facebook/esm2_t33_650M_UR50D,SDA_BACSU_Tsuboyama_2023_1PV0_indels,esm
GaussianProcessRegressor,0.1951837190203908,0.2415781022325576,0.4915059534049996,0.404959408022591,0.7807158691798404,0.9112781954887216,100.0,47,score,20,facebook/esm2_t33_650M_UR50D,SDA_BACSU_Tsuboyama_2023_1PV0_indels,esm
GaussianProcessRegressor,0.2274041190206746,0.072312078603069,0.2689090526610605,0.2191688996332495,0.9343612224877558,0.9473684210526316,100.0,47,score,40,facebook/esm2_t33_650M_UR50D,SDA_BACSU_Tsuboyama_2023_1PV0_indels,esm
GaussianProcessRegressor,0.1588673286669282,0.0931054328449194,0.3051318286330015,0.2372395333063341,0.9154867774547766,0.9338345864661652,100.0,47,score,60,facebook/esm2_t33_650M_UR50D,SDA_BACSU_Tsuboyama_2023_1PV0_indels,esm
GaussianProcessRegressor,0.1473366401880297,0.0904634644309304,0.3007714488293901,0.2384038471531708,0.9178849325108924,0.9488721804511278,100.0,47,score,80,facebook/esm2_t33_650M_UR50D,SDA_BACSU_Tsuboyama_2023_1PV0_indels,esm
GaussianProcessRegressor,0.3099573505987767,0.2629698016211785,0.5128058127802166,0.41780923112184,0.8020784179655762,0.7924812030075187,100.0,48,score,20,facebook/esm2_t33_650M_UR50D,SDA_BACSU_Tsuboyama_2023_1PV0_indels,esm
GaussianProcessRegressor,0.2278199632961692,0.227017607805204,0.4764636479367592,0.3755184803891652,0.8291374758262063,0.8030075187969924,100.0,48,score,40,facebook/esm2_t33_650M_UR50D,SDA_BACSU_Tsuboyama_2023_1PV0_indels,esm
GaussianProcessRegressor,0.1135939426394886,0.2311616878421746,0.4807927701642098,0.3410385756212368,0.8260184755762231,0.8120300751879698,100.0,48,score,60,facebook/esm2_t33_650M_UR50D,SDA_BACSU_Tsuboyama_2023_1PV0_indels,esm
GaussianProcessRegressor,0.1145318108704575,0.1679535259215686,0.4098213341464407,0.2970457392364963,0.873591464290859,0.8300751879699247,100.0,48,score,80,facebook/esm2_t33_650M_UR50D,SDA_BACSU_Tsuboyama_2023_1PV0_indels,esm
GaussianProcessRegressor,0.2331536650643293,0.1690056535367561,0.4111029719386083,0.3576989236413207,0.8862297488490756,0.938345864661654,100.0,49,score,20,facebook/esm2_t33_650M_UR50D,SDA_BACSU_Tsuboyama_2023_1PV0_indels,esm
GaussianProcessRegressor,0.2038046040075483,0.2236221051978667,0.4728869898801052,0.3855075110810043,0.8494633609062872,0.8992481203007519,100.0,49,score,40,facebook/esm2_t33_650M_UR50D,SDA_BACSU_Tsuboyama_2023_1PV0_indels,esm
GaussianProcessRegressor,0.2019966251775672,0.1133649210450772,0.3366970760863201,0.2971335998963519,0.9236856562541078,0.9593984962406013,100.0,49,score,60,facebook/esm2_t33_650M_UR50D,SDA_BACSU_Tsuboyama_2023_1PV0_indels,esm
GaussianProcessRegressor,0.1551939347301068,0.1012502049174846,0.3181983735305457,0.2754343416613454,0.9318409709883492,0.9699248120300752,100.0,49,score,80,facebook/esm2_t33_650M_UR50D,SDA_BACSU_Tsuboyama_2023_1PV0_indels,esm
GaussianProcessRegressor,0.1389446293805446,0.4081215434394727,0.6388439116399817,0.5161332577650011,0.55063337538506,0.8300751879699247,100.0,50,score,20,facebook/esm2_t33_650M_UR50D,SDA_BACSU_Tsuboyama_2023_1PV0_indels,esm
GaussianProcessRegressor,0.1238630734400345,0.1936874230971337,0.4400993332159613,0.3772319773077838,0.7867383750095199,0.8676691729323308,100.0,50,score,40,facebook/esm2_t33_650M_UR50D,SDA_BACSU_Tsuboyama_2023_1PV0_indels,esm
GaussianProcessRegressor,0.1058295364755404,0.195101460727755,0.4417029100286244,0.3697938253789591,0.7851814336341744,0.8977443609022555,100.0,50,score,60,facebook/esm2_t33_650M_UR50D,SDA_BACSU_Tsuboyama_2023_1PV0_indels,esm
GaussianProcessRegressor,0.1035646437859634,0.1843963673984471,0.429413981372809,0.3312414137771632,0.7969683920364142,0.8736842105263156,100.0,50,score,80,facebook/esm2_t33_650M_UR50D,SDA_BACSU_Tsuboyama_2023_1PV0_indels,esm
GaussianProcessRegressor,0.2707763298874593,0.7785194426888187,0.8823374879765784,0.6969966459922361,0.5246996465797987,0.8481203007518796,100.0,51,score,20,facebook/esm2_t33_650M_UR50D,SDA_BACSU_Tsuboyama_2023_1PV0_indels,esm
GaussianProcessRegressor,0.3091225612141456,0.2726832410503477,0.5221908090443068,0.3903209915912639,0.8335218958753724,0.9157894736842104,100.0,51,score,40,facebook/esm2_t33_650M_UR50D,SDA_BACSU_Tsuboyama_2023_1PV0_indels,esm
GaussianProcessRegressor,0.1790974782957043,0.1840671896889055,0.4290305230270982,0.3237094211850884,0.8876236153974006,0.9744360902255638,100.0,51,score,60,facebook/esm2_t33_650M_UR50D,SDA_BACSU_Tsuboyama_2023_1PV0_indels,esm
GaussianProcessRegressor,0.1214008279697139,0.1836053093487333,0.4284919011471901,0.3428271184709359,0.8879056017896266,0.9578947368421054,100.0,51,score,80,facebook/esm2_t33_650M_UR50D,SDA_BACSU_Tsuboyama_2023_1PV0_indels,esm
GaussianProcessRegressor,1.2291294551601069,0.8053959977559126,0.8974385760351026,0.7958197887556422,0.3135360135124651,0.7413533834586465,100.0,42,score,20,facebook/esm2_t6_8M_UR50D,SDA_BACSU_Tsuboyama_2023_1PV0_indels,esm
GaussianProcessRegressor,0.5966043819787362,0.6520368195543707,0.807487968674686,0.6648321439182392,0.4442487971940498,0.6887218045112782,100.0,42,score,40,facebook/esm2_t6_8M_UR50D,SDA_BACSU_Tsuboyama_2023_1PV0_indels,esm
GaussianProcessRegressor,0.338368931309364,0.6264157727065628,0.7914643218153063,0.6224004012740757,0.4660864100033207,0.6150375939849623,100.0,42,score,60,facebook/esm2_t6_8M_UR50D,SDA_BACSU_Tsuboyama_2023_1PV0_indels,esm
GaussianProcessRegressor,0.3808002372275681,0.5877716118466457,0.7666626453966867,0.6264513851597578,0.4990240267685879,0.7112781954887217,100.0,42,score,80,facebook/esm2_t6_8M_UR50D,SDA_BACSU_Tsuboyama_2023_1PV0_indels,esm
GaussianProcessRegressor,0.4169331539485499,1.3259439265381003,1.1514963858120009,0.9367918255252268,0.2394184336866557,0.3413533834586466,100.0,43,score,20,facebook/esm2_t6_8M_UR50D,SDA_BACSU_Tsuboyama_2023_1PV0_indels,esm
GaussianProcessRegressor,0.5367069835045685,0.5949779917224396,0.7713481650476908,0.5831929576987787,0.6587115911849099,0.7293233082706766,100.0,43,score,40,facebook/esm2_t6_8M_UR50D,SDA_BACSU_Tsuboyama_2023_1PV0_indels,esm
GaussianProcessRegressor,0.4712860226513081,0.4483197862797288,0.669566864681735,0.5095194241509711,0.7428369643442068,0.8090225563909773,100.0,43,score,60,facebook/esm2_t6_8M_UR50D,SDA_BACSU_Tsuboyama_2023_1PV0_indels,esm
GaussianProcessRegressor,0.4600599705780673,0.2858656735071081,0.5346640753848234,0.4632565413363817,0.8360231097562874,0.9263157894736842,100.0,43,score,80,facebook/esm2_t6_8M_UR50D,SDA_BACSU_Tsuboyama_2023_1PV0_indels,esm
GaussianProcessRegressor,1.005329068129789,1.1082425725458789,1.0527310067371811,0.8728612045623635,0.1142305502406917,0.5323308270676691,100.0,44,score,20,facebook/esm2_t6_8M_UR50D,SDA_BACSU_Tsuboyama_2023_1PV0_indels,esm
GaussianProcessRegressor,0.6991256539266256,0.9561279364700246,0.9778179464859624,0.7043878903087937,0.2358090754075444,0.7127819548872181,100.0,44,score,40,facebook/esm2_t6_8M_UR50D,SDA_BACSU_Tsuboyama_2023_1PV0_indels,esm
GaussianProcessRegressor,0.6009217072203195,0.2912873812038798,0.5397104605284947,0.4100766699466746,0.7671868327724711,0.8616541353383457,100.0,44,score,60,facebook/esm2_t6_8M_UR50D,SDA_BACSU_Tsuboyama_2023_1PV0_indels,esm
GaussianProcessRegressor,0.4526233555514073,0.206926504152369,0.4548917499277921,0.3766068118664071,0.8346127641508977,0.9022556390977444,100.0,44,score,80,facebook/esm2_t6_8M_UR50D,SDA_BACSU_Tsuboyama_2023_1PV0_indels,esm
GaussianProcessRegressor,0.8318678161323083,0.9279826316570516,0.9633185514963634,0.8304875399112038,0.2206341665027349,0.431578947368421,100.0,45,score,20,facebook/esm2_t6_8M_UR50D,SDA_BACSU_Tsuboyama_2023_1PV0_indels,esm
GaussianProcessRegressor,0.8455554385101424,0.7462299140525884,0.8638460013524334,0.6881311998116105,0.3732791120156213,0.5578947368421052,100.0,45,score,40,facebook/esm2_t6_8M_UR50D,SDA_BACSU_Tsuboyama_2023_1PV0_indels,esm
GaussianProcessRegressor,0.4720187275354533,0.6983722265493277,0.8356866796529233,0.6489892244499706,0.4134723712834462,0.6270676691729322,100.0,45,score,60,facebook/esm2_t6_8M_UR50D,SDA_BACSU_Tsuboyama_2023_1PV0_indels,esm
GaussianProcessRegressor,0.34047103857196,0.7169333267471145,0.8467191545885298,0.7212325699880808,0.3978838388769256,0.7624060150375939,100.0,45,score,80,facebook/esm2_t6_8M_UR50D,SDA_BACSU_Tsuboyama_2023_1PV0_indels,esm
GaussianProcessRegressor,0.5571519147863535,0.5241873726859504,0.7240078540222823,0.4955821389414375,0.5079576731927408,0.7037593984962407,100.0,46,score,20,facebook/esm2_t6_8M_UR50D,SDA_BACSU_Tsuboyama_2023_1PV0_indels,esm
GaussianProcessRegressor,0.573476789206034,0.3381282480767192,0.5814879603884496,0.4399259004307841,0.6826069863330946,0.793984962406015,100.0,46,score,40,facebook/esm2_t6_8M_UR50D,SDA_BACSU_Tsuboyama_2023_1PV0_indels,esm
GaussianProcessRegressor,0.4684666847533197,0.2645254293853597,0.5143203567674137,0.3882500359997924,0.7516962167411052,0.8511278195488721,100.0,46,score,60,facebook/esm2_t6_8M_UR50D,SDA_BACSU_Tsuboyama_2023_1PV0_indels,esm
GaussianProcessRegressor,0.3745890820617259,0.2726277126706063,0.5221376376690406,0.4038201352576293,0.7440907944668209,0.7999999999999999,100.0,46,score,80,facebook/esm2_t6_8M_UR50D,SDA_BACSU_Tsuboyama_2023_1PV0_indels,esm
GaussianProcessRegressor,0.9998735897916162,0.8024743915843539,0.8958093500206133,0.7340129178399228,0.2715817458711046,0.5142857142857143,100.0,47,score,20,facebook/esm2_t6_8M_UR50D,SDA_BACSU_Tsuboyama_2023_1PV0_indels,esm
GaussianProcessRegressor,0.6359086589858441,0.6102461150207469,0.7811825106982022,0.6577962419354326,0.4460702866608206,0.6796992481203006,100.0,47,score,40,facebook/esm2_t6_8M_UR50D,SDA_BACSU_Tsuboyama_2023_1PV0_indels,esm
GaussianProcessRegressor,0.4679302910888104,0.5263437642817154,0.7254955301597077,0.612376397786415,0.5222297311036173,0.7774436090225564,100.0,47,score,60,facebook/esm2_t6_8M_UR50D,SDA_BACSU_Tsuboyama_2023_1PV0_indels,esm
GaussianProcessRegressor,0.4515238844643881,0.5125821073216279,0.7159483971080792,0.6167734099595494,0.5347213971828255,0.7353383458646616,100.0,47,score,80,facebook/esm2_t6_8M_UR50D,SDA_BACSU_Tsuboyama_2023_1PV0_indels,esm
GaussianProcessRegressor,1.55286042118774,0.5730460299902269,0.756998038300118,0.6457181334244988,0.5687026565978238,0.8270676691729323,100.0,48,score,20,facebook/esm2_t6_8M_UR50D,SDA_BACSU_Tsuboyama_2023_1PV0_indels,esm
GaussianProcessRegressor,0.7685304845477279,0.5544525441217394,0.7446157023067264,0.5767525278650192,0.5826968571331654,0.7909774436090224,100.0,48,score,40,facebook/esm2_t6_8M_UR50D,SDA_BACSU_Tsuboyama_2023_1PV0_indels,esm
GaussianProcessRegressor,0.5197826166073136,0.4154290801923215,0.6445378811150835,0.4844965119714052,0.6873314720250071,0.8300751879699247,100.0,48,score,60,facebook/esm2_t6_8M_UR50D,SDA_BACSU_Tsuboyama_2023_1PV0_indels,esm
GaussianProcessRegressor,0.3428051360169492,0.4370390183585086,0.6610892665582376,0.5155618072387994,0.671066968940812,0.7894736842105263,100.0,48,score,80,facebook/esm2_t6_8M_UR50D,SDA_BACSU_Tsuboyama_2023_1PV0_indels,esm
GaussianProcessRegressor,1.182996114795429,0.7850894304566495,0.8860527244225648,0.7602845841425789,0.4714980250080005,0.6842105263157895,100.0,49,score,20,facebook/esm2_t6_8M_UR50D,SDA_BACSU_Tsuboyama_2023_1PV0_indels,esm
GaussianProcessRegressor,0.8416261926012037,0.4309389623590894,0.656459414098914,0.5739575111407144,0.709902994649528,0.8887218045112781,100.0,49,score,40,facebook/esm2_t6_8M_UR50D,SDA_BACSU_Tsuboyama_2023_1PV0_indels,esm
GaussianProcessRegressor,0.6598132605993555,0.3148655796340511,0.5611288440581638,0.4851186609029946,0.7880406050087752,0.8781954887218045,100.0,49,score,60,facebook/esm2_t6_8M_UR50D,SDA_BACSU_Tsuboyama_2023_1PV0_indels,esm
GaussianProcessRegressor,0.592901910045317,0.3570814758222524,0.5975629471631022,0.5284341098678476,0.7596219514822027,0.8977443609022555,100.0,49,score,80,facebook/esm2_t6_8M_UR50D,SDA_BACSU_Tsuboyama_2023_1PV0_indels,esm
GaussianProcessRegressor,0.9727666220678802,0.8816129468464494,0.938942461946657,0.7196483328049748,0.0292905618201606,0.6225563909774435,100.0,50,score,20,facebook/esm2_t6_8M_UR50D,SDA_BACSU_Tsuboyama_2023_1PV0_indels,esm
GaussianProcessRegressor,0.4978472222150821,0.3565339233056014,0.5971046167177083,0.5006475309081072,0.607434480605112,0.7203007518796991,100.0,50,score,40,facebook/esm2_t6_8M_UR50D,SDA_BACSU_Tsuboyama_2023_1PV0_indels,esm
GaussianProcessRegressor,0.5845509838768089,0.2049878701217096,0.4527558614990087,0.3878465969232657,0.7742958960036874,0.8075187969924811,100.0,50,score,60,facebook/esm2_t6_8M_UR50D,SDA_BACSU_Tsuboyama_2023_1PV0_indels,esm
GaussianProcessRegressor,0.3586984873318238,0.2411866429979527,0.4911075676447602,0.3924703149613365,0.7344388469356256,0.825563909774436,100.0,50,score,80,facebook/esm2_t6_8M_UR50D,SDA_BACSU_Tsuboyama_2023_1PV0_indels,esm
GaussianProcessRegressor,1.0182621169287391,1.713391992771203,1.3089660013809383,1.1463754963830972,-0.0460571375055678,0.5602415992001706,100.0,51,score,20,facebook/esm2_t6_8M_UR50D,SDA_BACSU_Tsuboyama_2023_1PV0_indels,esm
GaussianProcessRegressor,0.6558208881183318,0.8356745650921292,0.9141523752045548,0.6704794508502504,0.4898053993863772,0.6827067669172932,100.0,51,score,40,facebook/esm2_t6_8M_UR50D,SDA_BACSU_Tsuboyama_2023_1PV0_indels,esm
GaussianProcessRegressor,0.6087426670848373,0.6626712743028904,0.8140462359736641,0.6606990222063572,0.5954270714296412,0.793984962406015,100.0,51,score,60,facebook/esm2_t6_8M_UR50D,SDA_BACSU_Tsuboyama_2023_1PV0_indels,esm
GaussianProcessRegressor,0.3953170212249484,0.6087097028118946,0.7801985021851136,0.6559756741241215,0.6283715974034536,0.8165413533834586,100.0,51,score,80,facebook/esm2_t6_8M_UR50D,SDA_BACSU_Tsuboyama_2023_1PV0_indels,esm
GaussianProcessRegressor,0.3119653692182283,0.0482775267042807,0.2197214752915171,0.1834518690681186,0.8232603503405971,0.882706766917293,100.0,42,score,20,facebook/esm2_t12_35M_UR50D,SQSTM_MOUSE_Tsuboyama_2023_2RRU_indels,esm
GaussianProcessRegressor,0.1632130062337424,0.051012659569293,0.2258598228310937,0.1679290245996458,0.8132472768189305,0.8045112781954886,100.0,42,score,40,facebook/esm2_t12_35M_UR50D,SQSTM_MOUSE_Tsuboyama_2023_2RRU_indels,esm
GaussianProcessRegressor,0.0885850546152067,0.0492404896723632,0.221901982128063,0.1628330552138224,0.8197350301920241,0.8240601503759398,100.0,42,score,60,facebook/esm2_t12_35M_UR50D,SQSTM_MOUSE_Tsuboyama_2023_2RRU_indels,esm
GaussianProcessRegressor,0.0850287405040893,0.0461502324588127,0.2148260516297144,0.1694963490512024,0.8310481817672047,0.8030075187969924,100.0,42,score,80,facebook/esm2_t12_35M_UR50D,SQSTM_MOUSE_Tsuboyama_2023_2RRU_indels,esm
GaussianProcessRegressor,0.0738176919800296,0.1855811773706854,0.4307913385511429,0.2823742360548278,0.4514101784511863,0.5413533834586466,100.0,43,score,20,facebook/esm2_t12_35M_UR50D,SQSTM_MOUSE_Tsuboyama_2023_2RRU_indels,esm
GaussianProcessRegressor,0.1391786604201723,0.0882697299960622,0.2971022214593189,0.2265131341664272,0.7390690364574074,0.7473684210526315,100.0,43,score,40,facebook/esm2_t12_35M_UR50D,SQSTM_MOUSE_Tsuboyama_2023_2RRU_indels,esm
GaussianProcessRegressor,0.1134053263730746,0.0751861986173388,0.2742010186292875,0.2162248099856938,0.7777447914341398,0.7578947368421052,100.0,43,score,60,facebook/esm2_t12_35M_UR50D,SQSTM_MOUSE_Tsuboyama_2023_2RRU_indels,esm
GaussianProcessRegressor,0.0761918116380245,0.0708501972104893,0.2661770035342823,0.2121864689460536,0.7905622887241139,0.7548872180451127,100.0,43,score,80,facebook/esm2_t12_35M_UR50D,SQSTM_MOUSE_Tsuboyama_2023_2RRU_indels,esm
GaussianProcessRegressor,0.1513185746271748,0.247366686579204,0.4973597154768407,0.3952773862970457,-0.9032024703052915,0.4992481203007519,100.0,44,score,20,facebook/esm2_t12_35M_UR50D,SQSTM_MOUSE_Tsuboyama_2023_2RRU_indels,esm
GaussianProcessRegressor,0.0971230923973787,0.0808256291997062,0.2842984861016785,0.1990143443126755,0.3781396384286098,0.7353383458646616,100.0,44,score,40,facebook/esm2_t12_35M_UR50D,SQSTM_MOUSE_Tsuboyama_2023_2RRU_indels,esm
GaussianProcessRegressor,0.0922283050265697,0.0714078743517681,0.2672225184219476,0.2038769113527709,0.4505984425594017,0.7473684210526315,100.0,44,score,60,facebook/esm2_t12_35M_UR50D,SQSTM_MOUSE_Tsuboyama_2023_2RRU_indels,esm
GaussianProcessRegressor,0.0784592714411066,0.059355160007939,0.2436291444140848,0.1812424497597214,0.5433302328836211,0.7654135338345864,100.0,44,score,80,facebook/esm2_t12_35M_UR50D,SQSTM_MOUSE_Tsuboyama_2023_2RRU_indels,esm
GaussianProcessRegressor,0.2216605128962547,0.1876314229689083,0.4331644294825099,0.3234037830456319,0.544563628351981,0.6060150375939849,100.0,45,score,20,facebook/esm2_t12_35M_UR50D,SQSTM_MOUSE_Tsuboyama_2023_2RRU_indels,esm
GaussianProcessRegressor,0.1293020945612641,0.0984692151711355,0.3137980483864353,0.2471885222850808,0.7609863989359533,0.7954887218045112,100.0,45,score,40,facebook/esm2_t12_35M_UR50D,SQSTM_MOUSE_Tsuboyama_2023_2RRU_indels,esm
GaussianProcessRegressor,0.096563424219874,0.0952401859930459,0.3086100873157679,0.2365140568585948,0.7688241976881295,0.8075187969924811,100.0,45,score,60,facebook/esm2_t12_35M_UR50D,SQSTM_MOUSE_Tsuboyama_2023_2RRU_indels,esm
GaussianProcessRegressor,0.0815052832591925,0.0802188258216146,0.2832292813633763,0.2213008126766926,0.805285434646442,0.7924812030075187,100.0,45,score,80,facebook/esm2_t12_35M_UR50D,SQSTM_MOUSE_Tsuboyama_2023_2RRU_indels,esm
GaussianProcessRegressor,0.2196083587239586,0.2540523812117603,0.5040360911797491,0.3845325062130539,0.0752742171302198,0.2496240601503759,100.0,46,score,20,facebook/esm2_t12_35M_UR50D,SQSTM_MOUSE_Tsuboyama_2023_2RRU_indels,esm
GaussianProcessRegressor,0.1135005656858593,0.1477882881066558,0.3844324233290629,0.3006852113553998,0.4620651073350944,0.8571428571428572,100.0,46,score,40,facebook/esm2_t12_35M_UR50D,SQSTM_MOUSE_Tsuboyama_2023_2RRU_indels,esm
GaussianProcessRegressor,0.079959503912273,0.1263970660407733,0.3555236504661446,0.2695086481576865,0.5399270603585792,0.8962406015037594,100.0,46,score,60,facebook/esm2_t12_35M_UR50D,SQSTM_MOUSE_Tsuboyama_2023_2RRU_indels,esm
GaussianProcessRegressor,0.0693996181214067,0.1067158112804519,0.3266738607241968,0.2563811967785913,0.6115648998832075,0.8601503759398496,100.0,46,score,80,facebook/esm2_t12_35M_UR50D,SQSTM_MOUSE_Tsuboyama_2023_2RRU_indels,esm
GaussianProcessRegressor,0.2042339427843211,0.1407067137538512,0.3751089358491094,0.3004099884872196,0.6792167117524337,0.7954887218045112,100.0,47,score,20,facebook/esm2_t12_35M_UR50D,SQSTM_MOUSE_Tsuboyama_2023_2RRU_indels,esm
GaussianProcessRegressor,0.0981864296987672,0.1568457065545483,0.3960375064997611,0.2994303564582913,0.6424230219455058,0.8030075187969924,100.0,47,score,40,facebook/esm2_t12_35M_UR50D,SQSTM_MOUSE_Tsuboyama_2023_2RRU_indels,esm
GaussianProcessRegressor,0.077418201536026,0.0892112292704131,0.2986824890588887,0.2368087722893027,0.796616162011762,0.8345864661654135,100.0,47,score,60,facebook/esm2_t12_35M_UR50D,SQSTM_MOUSE_Tsuboyama_2023_2RRU_indels,esm
GaussianProcessRegressor,0.0863757539007495,0.061292322664928,0.2475728633451736,0.1917088666880961,0.8602657095440246,0.9218045112781956,100.0,47,score,80,facebook/esm2_t12_35M_UR50D,SQSTM_MOUSE_Tsuboyama_2023_2RRU_indels,esm
GaussianProcessRegressor,0.4427140895877784,0.0841541195088434,0.2900932944913471,0.2311385991791525,0.3271956482732809,0.4015037593984962,100.0,48,score,20,facebook/esm2_t12_35M_UR50D,SQSTM_MOUSE_Tsuboyama_2023_2RRU_indels,esm
GaussianProcessRegressor,0.1940567942944978,0.0810125277566972,0.2846269975892961,0.201734022700167,0.3523123818869054,0.6766917293233082,100.0,48,score,40,facebook/esm2_t12_35M_UR50D,SQSTM_MOUSE_Tsuboyama_2023_2RRU_indels,esm
GaussianProcessRegressor,0.1437232675629021,0.0456593221675455,0.2136804206462201,0.1648349830083745,0.634957969609691,0.8421052631578947,100.0,48,score,60,facebook/esm2_t12_35M_UR50D,SQSTM_MOUSE_Tsuboyama_2023_2RRU_indels,esm
GaussianProcessRegressor,0.100228192265407,0.0326818043374387,0.1807810950775517,0.1423391400790601,0.7387120166090111,0.8556390977443609,100.0,48,score,80,facebook/esm2_t12_35M_UR50D,SQSTM_MOUSE_Tsuboyama_2023_2RRU_indels,esm
GaussianProcessRegressor,0.2690744208066286,0.3305961309539729,0.5749748959337033,0.4719900027632304,0.0662060327602576,0.4932330827067668,100.0,49,score,20,facebook/esm2_t12_35M_UR50D,SQSTM_MOUSE_Tsuboyama_2023_2RRU_indels,esm
GaussianProcessRegressor,0.0972282404814632,0.228829151730063,0.4783609011301645,0.382984277005524,0.3536546214333345,0.6300751879699248,100.0,49,score,40,facebook/esm2_t12_35M_UR50D,SQSTM_MOUSE_Tsuboyama_2023_2RRU_indels,esm
GaussianProcessRegressor,0.0630214688443001,0.1467708966184074,0.3831068997269658,0.2876665418983293,0.58543441681198,0.7052631578947368,100.0,49,score,60,facebook/esm2_t12_35M_UR50D,SQSTM_MOUSE_Tsuboyama_2023_2RRU_indels,esm
GaussianProcessRegressor,0.0676683820955183,0.0916104211061614,0.3026721346707712,0.216675634319731,0.7412393837811249,0.77593984962406,100.0,49,score,80,facebook/esm2_t12_35M_UR50D,SQSTM_MOUSE_Tsuboyama_2023_2RRU_indels,esm
GaussianProcessRegressor,0.1407924256046711,0.1924032165416686,0.4386379105158019,0.3519577114539047,-0.0011259339081906,0.4586466165413533,100.0,50,score,20,facebook/esm2_t12_35M_UR50D,SQSTM_MOUSE_Tsuboyama_2023_2RRU_indels,esm
GaussianProcessRegressor,0.1813491603638852,0.1243835572303782,0.3526805314025403,0.2339112877608239,0.3527987362512866,0.7609022556390977,100.0,50,score,40,facebook/esm2_t12_35M_UR50D,SQSTM_MOUSE_Tsuboyama_2023_2RRU_indels,esm
GaussianProcessRegressor,0.1181015959824691,0.0951512808297778,0.3084660124386119,0.2110129473102686,0.5049021705796597,0.8616541353383457,100.0,50,score,60,facebook/esm2_t12_35M_UR50D,SQSTM_MOUSE_Tsuboyama_2023_2RRU_indels,esm
GaussianProcessRegressor,0.0793589019090111,0.0846132438251984,0.2908835571585276,0.204398151986645,0.559734425088689,0.8556390977443609,100.0,50,score,80,facebook/esm2_t12_35M_UR50D,SQSTM_MOUSE_Tsuboyama_2023_2RRU_indels,esm
GaussianProcessRegressor,0.1914187103602484,0.1473623959962494,0.3838781004384718,0.2873157062666428,0.5644788464545688,0.631578947368421,100.0,51,score,20,facebook/esm2_t12_35M_UR50D,SQSTM_MOUSE_Tsuboyama_2023_2RRU_indels,esm
GaussianProcessRegressor,0.1395362472481839,0.1226561292273468,0.3502229707305717,0.2501135610761485,0.6374968082639538,0.7533834586466165,100.0,51,score,40,facebook/esm2_t12_35M_UR50D,SQSTM_MOUSE_Tsuboyama_2023_2RRU_indels,esm
GaussianProcessRegressor,0.0763289902945092,0.1012851324096424,0.3182532520016763,0.2406254586158751,0.7006575700277571,0.7488721804511278,100.0,51,score,60,facebook/esm2_t12_35M_UR50D,SQSTM_MOUSE_Tsuboyama_2023_2RRU_indels,esm
GaussianProcessRegressor,0.0694604464081029,0.1006336766040591,0.3172281144603346,0.2583482146236716,0.7025829104920824,0.7609022556390977,100.0,51,score,80,facebook/esm2_t12_35M_UR50D,SQSTM_MOUSE_Tsuboyama_2023_2RRU_indels,esm
GaussianProcessRegressor,0.1822926235759763,0.0841920633997662,0.2901586865833354,0.2255610892696109,0.6917804865911346,0.7503759398496239,100.0,42,score,20,facebook/esm2_t30_150M_UR50D,SQSTM_MOUSE_Tsuboyama_2023_2RRU_indels,esm
GaussianProcessRegressor,0.1488723943509899,0.1227532778856373,0.3503616387186778,0.2509175293142355,0.5506113753311406,0.7172932330827068,100.0,42,score,40,facebook/esm2_t30_150M_UR50D,SQSTM_MOUSE_Tsuboyama_2023_2RRU_indels,esm
GaussianProcessRegressor,0.0529199828966754,0.0721500637764186,0.2686076390879802,0.2143789251519385,0.7358651557927243,0.669172932330827,100.0,42,score,60,facebook/esm2_t30_150M_UR50D,SQSTM_MOUSE_Tsuboyama_2023_2RRU_indels,esm
GaussianProcessRegressor,0.05832657323827,0.0738770028907928,0.2718032429732817,0.2093815184498758,0.7295429882151014,0.6781954887218045,100.0,42,score,80,facebook/esm2_t30_150M_UR50D,SQSTM_MOUSE_Tsuboyama_2023_2RRU_indels,esm
GaussianProcessRegressor,0.1694609468310792,0.1929801562036663,0.4392950673564026,0.3250101594022372,0.4295383241223347,0.4030075187969925,100.0,43,score,20,facebook/esm2_t30_150M_UR50D,SQSTM_MOUSE_Tsuboyama_2023_2RRU_indels,esm
GaussianProcessRegressor,0.0821255068572999,0.1547230016456554,0.393348448129207,0.271969007797639,0.5426289181647654,0.7548872180451127,100.0,43,score,40,facebook/esm2_t30_150M_UR50D,SQSTM_MOUSE_Tsuboyama_2023_2RRU_indels,esm
GaussianProcessRegressor,0.0805399780472349,0.0599577908654929,0.2448628000850536,0.1883043939824472,0.8227609380575169,0.732330827067669,100.0,43,score,60,facebook/esm2_t30_150M_UR50D,SQSTM_MOUSE_Tsuboyama_2023_2RRU_indels,esm
GaussianProcessRegressor,0.0562759048479453,0.0624972780296875,0.2499945560001008,0.1864357252135212,0.815254051691297,0.6932330827067669,100.0,43,score,80,facebook/esm2_t30_150M_UR50D,SQSTM_MOUSE_Tsuboyama_2023_2RRU_indels,esm
GaussianProcessRegressor,0.2345134637170601,0.1415943046530259,0.3762901867615283,0.2540501278607833,-0.0894055061473029,0.3157894736842105,100.0,44,score,20,facebook/esm2_t30_150M_UR50D,SQSTM_MOUSE_Tsuboyama_2023_2RRU_indels,esm
GaussianProcessRegressor,0.1202588155048655,0.1352845503267801,0.3678104815346895,0.3070219456169302,-0.0408591954585133,0.431578947368421,100.0,44,score,40,facebook/esm2_t30_150M_UR50D,SQSTM_MOUSE_Tsuboyama_2023_2RRU_indels,esm
GaussianProcessRegressor,0.0714316534277724,0.0402376507407451,0.2005932469968646,0.1636518653013275,0.6904175038761838,0.7593984962406014,100.0,44,score,60,facebook/esm2_t30_150M_UR50D,SQSTM_MOUSE_Tsuboyama_2023_2RRU_indels,esm
GaussianProcessRegressor,0.0758034066259448,0.0374394827383866,0.1934928493210709,0.1602355016028648,0.7119461920276207,0.7819548872180451,100.0,44,score,80,facebook/esm2_t30_150M_UR50D,SQSTM_MOUSE_Tsuboyama_2023_2RRU_indels,esm
GaussianProcessRegressor,0.2184727790909998,0.1641655236728691,0.4051734488745149,0.3189453480461143,0.6015222329595729,0.6857142857142857,100.0,45,score,20,facebook/esm2_t30_150M_UR50D,SQSTM_MOUSE_Tsuboyama_2023_2RRU_indels,esm
GaussianProcessRegressor,0.0918130114489045,0.0888320842157618,0.2980471174424639,0.2509251504043355,0.7843785359563047,0.7909774436090224,100.0,45,score,40,facebook/esm2_t30_150M_UR50D,SQSTM_MOUSE_Tsuboyama_2023_2RRU_indels,esm
GaussianProcessRegressor,0.0681631285498106,0.131389302090375,0.3624766228191482,0.3105596552664171,0.6810797143113834,0.8180451127819548,100.0,45,score,60,facebook/esm2_t30_150M_UR50D,SQSTM_MOUSE_Tsuboyama_2023_2RRU_indels,esm
GaussianProcessRegressor,0.0533775126498031,0.1354817906890494,0.3680785115828544,0.3105090834320532,0.6711460468643267,0.849624060150376,100.0,45,score,80,facebook/esm2_t30_150M_UR50D,SQSTM_MOUSE_Tsuboyama_2023_2RRU_indels,esm
GaussianProcessRegressor,0.1364413874839991,0.2203475637316245,0.4694119339467463,0.3862655452109596,0.1979564513298766,0.5067669172932331,100.0,46,score,20,facebook/esm2_t30_150M_UR50D,SQSTM_MOUSE_Tsuboyama_2023_2RRU_indels,esm
GaussianProcessRegressor,0.1295683403616549,0.1420099829196736,0.3768421193546094,0.3061930708382228,0.4830975722236593,0.78796992481203,100.0,46,score,40,facebook/esm2_t30_150M_UR50D,SQSTM_MOUSE_Tsuboyama_2023_2RRU_indels,esm
GaussianProcessRegressor,0.0781644703090364,0.1273494177838668,0.3568605018545298,0.2847055897056376,0.5364605932977353,0.7383458646616541,100.0,46,score,60,facebook/esm2_t30_150M_UR50D,SQSTM_MOUSE_Tsuboyama_2023_2RRU_indels,esm
GaussianProcessRegressor,0.0524657414217842,0.1020277898455775,0.3194178921813515,0.2533819902528976,0.6286288387087253,0.8616541353383457,100.0,46,score,80,facebook/esm2_t30_150M_UR50D,SQSTM_MOUSE_Tsuboyama_2023_2RRU_indels,esm
GaussianProcessRegressor,0.1864064994146255,0.1086568688681838,0.3296314136549851,0.2718164211389371,0.7522839759643905,0.8917293233082706,100.0,47,score,20,facebook/esm2_t30_150M_UR50D,SQSTM_MOUSE_Tsuboyama_2023_2RRU_indels,esm
GaussianProcessRegressor,0.0819767622116725,0.0686244237879033,0.2619626381526636,0.2095117632795748,0.8435499790344893,0.8917293233082706,100.0,47,score,40,facebook/esm2_t30_150M_UR50D,SQSTM_MOUSE_Tsuboyama_2023_2RRU_indels,esm
GaussianProcessRegressor,0.0757793455459456,0.0699852547629766,0.2645472637601391,0.2120502658024589,0.8404475553953672,0.8330827067669173,100.0,47,score,60,facebook/esm2_t30_150M_UR50D,SQSTM_MOUSE_Tsuboyama_2023_2RRU_indels,esm
GaussianProcessRegressor,0.0629600906961685,0.0671908385632419,0.2592119568292365,0.195052807745419,0.8468182678750239,0.8857142857142858,100.0,47,score,80,facebook/esm2_t30_150M_UR50D,SQSTM_MOUSE_Tsuboyama_2023_2RRU_indels,esm
GaussianProcessRegressor,0.2859397269516516,0.1275032072657246,0.3570759124692179,0.2975822628105912,-0.0193762730590814,0.6796992481203006,100.0,48,score,20,facebook/esm2_t30_150M_UR50D,SQSTM_MOUSE_Tsuboyama_2023_2RRU_indels,esm
GaussianProcessRegressor,0.1741869727036135,0.1482853532392411,0.385078372853165,0.3138656481124118,-0.1855275955470134,0.6406015037593984,100.0,48,score,40,facebook/esm2_t30_150M_UR50D,SQSTM_MOUSE_Tsuboyama_2023_2RRU_indels,esm
GaussianProcessRegressor,0.0967950826276366,0.0600164905102807,0.24498263307892,0.1921119520203097,0.5201737451909421,0.7473684210526315,100.0,48,score,60,facebook/esm2_t30_150M_UR50D,SQSTM_MOUSE_Tsuboyama_2023_2RRU_indels,esm
GaussianProcessRegressor,0.0835386839163391,0.037339154217799,0.1932334189983684,0.1403123088395131,0.7014769378593488,0.825563909774436,100.0,48,score,80,facebook/esm2_t30_150M_UR50D,SQSTM_MOUSE_Tsuboyama_2023_2RRU_indels,esm
GaussianProcessRegressor,0.1600707416110955,0.1526774258864144,0.3907395883275899,0.3299383222633582,0.568750974746659,0.7488721804511278,100.0,49,score,20,facebook/esm2_t30_150M_UR50D,SQSTM_MOUSE_Tsuboyama_2023_2RRU_indels,esm
GaussianProcessRegressor,0.0974512605911363,0.1590496342447626,0.398810273494506,0.3182652498799195,0.5507521866003796,0.5954887218045113,100.0,49,score,40,facebook/esm2_t30_150M_UR50D,SQSTM_MOUSE_Tsuboyama_2023_2RRU_indels,esm
GaussianProcessRegressor,0.0595035600800212,0.0947030254265359,0.307738566686946,0.2626059171933185,0.7325040871849671,0.8285714285714285,100.0,49,score,60,facebook/esm2_t30_150M_UR50D,SQSTM_MOUSE_Tsuboyama_2023_2RRU_indels,esm
GaussianProcessRegressor,0.0492381037934823,0.0981649265874136,0.3133128254435391,0.2606166096710685,0.7227256835179926,0.8300751879699247,100.0,49,score,80,facebook/esm2_t30_150M_UR50D,SQSTM_MOUSE_Tsuboyama_2023_2RRU_indels,esm
GaussianProcessRegressor,0.1403956936950207,0.1877378669143365,0.43328727988984,0.3503965190456781,0.0231491410444131,0.4120300751879699,100.0,50,score,20,facebook/esm2_t30_150M_UR50D,SQSTM_MOUSE_Tsuboyama_2023_2RRU_indels,esm
GaussianProcessRegressor,0.1302026524318031,0.1097324955304711,0.331258955396637,0.2613407913844123,0.4290321698222346,0.7187969924812029,100.0,50,score,40,facebook/esm2_t30_150M_UR50D,SQSTM_MOUSE_Tsuboyama_2023_2RRU_indels,esm
GaussianProcessRegressor,0.0736311797314726,0.1103245089547887,0.3321513344166913,0.2572520239563695,0.4259517639799668,0.7293233082706766,100.0,50,score,60,facebook/esm2_t30_150M_UR50D,SQSTM_MOUSE_Tsuboyama_2023_2RRU_indels,esm
GaussianProcessRegressor,0.0669816840066349,0.093094335270835,0.3051136432066502,0.2219272552785163,0.5156050142259818,0.819548872180451,100.0,50,score,80,facebook/esm2_t30_150M_UR50D,SQSTM_MOUSE_Tsuboyama_2023_2RRU_indels,esm
GaussianProcessRegressor,0.284543441693294,0.1476467876125708,0.3842483410667779,0.3147224689204376,0.5636383432586103,0.4616541353383458,100.0,51,score,20,facebook/esm2_t30_150M_UR50D,SQSTM_MOUSE_Tsuboyama_2023_2RRU_indels,esm
GaussianProcessRegressor,0.1455870816269161,0.0867379613450935,0.2945130919757109,0.2348916022601941,0.7436509041142653,0.7052631578947368,100.0,51,score,40,facebook/esm2_t30_150M_UR50D,SQSTM_MOUSE_Tsuboyama_2023_2RRU_indels,esm
GaussianProcessRegressor,0.0767282970166492,0.0725808811691683,0.2694083910518905,0.2211265038878279,0.7854913468362403,0.801503759398496,100.0,51,score,60,facebook/esm2_t30_150M_UR50D,SQSTM_MOUSE_Tsuboyama_2023_2RRU_indels,esm
GaussianProcessRegressor,0.0706349037994207,0.0780227453248596,0.2793255185708237,0.2292616926231568,0.7694082278118692,0.7127819548872181,100.0,51,score,80,facebook/esm2_t30_150M_UR50D,SQSTM_MOUSE_Tsuboyama_2023_2RRU_indels,esm
GaussianProcessRegressor,0.2570135412837245,0.1305633187094527,0.36133546561257,0.2847780281622901,0.5220195237335653,0.5744360902255639,100.0,42,score,20,facebook/esm2_t33_650M_UR50D,SQSTM_MOUSE_Tsuboyama_2023_2RRU_indels,esm
GaussianProcessRegressor,0.1572719149588239,0.0672500918878428,0.2593262267643649,0.2044742917740244,0.7538035087707573,0.7533834586466165,100.0,42,score,40,facebook/esm2_t33_650M_UR50D,SQSTM_MOUSE_Tsuboyama_2023_2RRU_indels,esm
GaussianProcessRegressor,0.0903933163155699,0.0527117453197783,0.2295903859480583,0.1763102459577126,0.8070270778820319,0.8526315789473683,100.0,42,score,60,facebook/esm2_t33_650M_UR50D,SQSTM_MOUSE_Tsuboyama_2023_2RRU_indels,esm
GaussianProcessRegressor,0.0820453835895911,0.0466750679412854,0.2160441342441063,0.1634860668531876,0.8291268066340246,0.9097744360902256,100.0,42,score,80,facebook/esm2_t33_650M_UR50D,SQSTM_MOUSE_Tsuboyama_2023_2RRU_indels,esm
GaussianProcessRegressor,0.1009811525773872,0.1357348030513773,0.3684220447413229,0.2608326211028093,0.5987592468217595,0.5714285714285714,100.0,43,score,20,facebook/esm2_t33_650M_UR50D,SQSTM_MOUSE_Tsuboyama_2023_2RRU_indels,esm
GaussianProcessRegressor,0.1544650867324503,0.1112243578446789,0.3335031601719524,0.2512159859741024,0.6712136894141074,0.7187969924812029,100.0,43,score,40,facebook/esm2_t33_650M_UR50D,SQSTM_MOUSE_Tsuboyama_2023_2RRU_indels,esm
GaussianProcessRegressor,0.1076315999741928,0.0566578265931817,0.2380290456922888,0.182453601845111,0.8325158433604867,0.7684210526315788,100.0,43,score,60,facebook/esm2_t33_650M_UR50D,SQSTM_MOUSE_Tsuboyama_2023_2RRU_indels,esm
GaussianProcessRegressor,0.0647370685507897,0.0629494901638001,0.2508973697825469,0.2005535478881071,0.8139172837201601,0.7473684210526315,100.0,43,score,80,facebook/esm2_t33_650M_UR50D,SQSTM_MOUSE_Tsuboyama_2023_2RRU_indels,esm
GaussianProcessRegressor,0.2587551768284826,0.1521203850683134,0.3900261338273545,0.2826884866005401,-0.1703916022382692,0.4362029112083778,100.0,44,score,20,facebook/esm2_t33_650M_UR50D,SQSTM_MOUSE_Tsuboyama_2023_2RRU_indels,esm
GaussianProcessRegressor,0.1357407140794874,0.1006383927204204,0.3172355476935402,0.2392163062964084,0.2257031846859828,0.631578947368421,100.0,44,score,40,facebook/esm2_t33_650M_UR50D,SQSTM_MOUSE_Tsuboyama_2023_2RRU_indels,esm
GaussianProcessRegressor,0.07993756710824,0.0673817638553467,0.2595799758366325,0.2077077233446641,0.4815747375022451,0.8030075187969924,100.0,44,score,60,facebook/esm2_t33_650M_UR50D,SQSTM_MOUSE_Tsuboyama_2023_2RRU_indels,esm
GaussianProcessRegressor,0.0916445530465311,0.0652370745920504,0.2554154940328609,0.1732295162530686,0.4980756574942983,0.7969924812030074,100.0,44,score,80,facebook/esm2_t33_650M_UR50D,SQSTM_MOUSE_Tsuboyama_2023_2RRU_indels,esm
GaussianProcessRegressor,0.2169225710793256,0.1729037054191577,0.4158169133394621,0.3253098890396412,0.5803121087364567,0.6857142857142857,100.0,45,score,20,facebook/esm2_t33_650M_UR50D,SQSTM_MOUSE_Tsuboyama_2023_2RRU_indels,esm
GaussianProcessRegressor,0.1484406501207106,0.1117825917038576,0.3343390370624668,0.2630137101527398,0.7286709380898693,0.7488721804511278,100.0,45,score,40,facebook/esm2_t33_650M_UR50D,SQSTM_MOUSE_Tsuboyama_2023_2RRU_indels,esm
GaussianProcessRegressor,0.0892082102575408,0.0957938478491121,0.3095058123026321,0.2374384646902719,0.767480298340905,0.7503759398496239,100.0,45,score,60,facebook/esm2_t33_650M_UR50D,SQSTM_MOUSE_Tsuboyama_2023_2RRU_indels,esm
GaussianProcessRegressor,0.0710618537147141,0.0966605742641918,0.3109028373369916,0.2400025652612179,0.7653764996943382,0.6736842105263157,100.0,45,score,80,facebook/esm2_t33_650M_UR50D,SQSTM_MOUSE_Tsuboyama_2023_2RRU_indels,esm
GaussianProcessRegressor,0.1841183804390625,0.2536630313840733,0.5036497109937356,0.3904352678346634,0.0766914123657095,0.1473684210526315,100.0,46,score,20,facebook/esm2_t33_650M_UR50D,SQSTM_MOUSE_Tsuboyama_2023_2RRU_indels,esm
GaussianProcessRegressor,0.1345892160163264,0.2418646465905863,0.4917973633424505,0.3616930192105236,0.1196363773478015,0.5293233082706766,100.0,46,score,40,facebook/esm2_t33_650M_UR50D,SQSTM_MOUSE_Tsuboyama_2023_2RRU_indels,esm
GaussianProcessRegressor,0.1002569933372057,0.0808332145306578,0.2843118262237044,0.2351517770828595,0.7057750168204946,0.8947368421052632,100.0,46,score,60,facebook/esm2_t33_650M_UR50D,SQSTM_MOUSE_Tsuboyama_2023_2RRU_indels,esm
GaussianProcessRegressor,0.0760103572914304,0.0523366948683541,0.2287721461812039,0.1787837419866061,0.8094995571223749,0.9368421052631578,100.0,46,score,80,facebook/esm2_t33_650M_UR50D,SQSTM_MOUSE_Tsuboyama_2023_2RRU_indels,esm
GaussianProcessRegressor,0.153917257071354,0.1214843242332773,0.3485460145135464,0.2792367010027229,0.7230399320798752,0.7413533834586465,100.0,47,score,20,facebook/esm2_t33_650M_UR50D,SQSTM_MOUSE_Tsuboyama_2023_2RRU_indels,esm
GaussianProcessRegressor,0.1544675615500516,0.135860271555989,0.3685922836359832,0.2783499148154617,0.690265634885211,0.7609022556390977,100.0,47,score,40,facebook/esm2_t33_650M_UR50D,SQSTM_MOUSE_Tsuboyama_2023_2RRU_indels,esm
GaussianProcessRegressor,0.0693239463223559,0.1117714289725021,0.3343223429154894,0.2711273931754697,0.745183399132956,0.7308270676691728,100.0,47,score,60,facebook/esm2_t33_650M_UR50D,SQSTM_MOUSE_Tsuboyama_2023_2RRU_indels,esm
GaussianProcessRegressor,0.0797643508931636,0.1015417835675334,0.3186562153285786,0.2488408389231387,0.7685049536136686,0.7909774436090224,100.0,47,score,80,facebook/esm2_t33_650M_UR50D,SQSTM_MOUSE_Tsuboyama_2023_2RRU_indels,esm
GaussianProcessRegressor,0.2789452230739987,0.113659143387377,0.3371337173694986,0.2757367802828093,0.0913057289308051,0.6781954887218045,100.0,48,score,20,facebook/esm2_t33_650M_UR50D,SQSTM_MOUSE_Tsuboyama_2023_2RRU_indels,esm
GaussianProcessRegressor,0.1654601533835979,0.0947887018478493,0.3078777384739749,0.24861549038737,0.2421731524259164,0.6345864661654135,100.0,48,score,40,facebook/esm2_t33_650M_UR50D,SQSTM_MOUSE_Tsuboyama_2023_2RRU_indels,esm
GaussianProcessRegressor,0.1310829518616478,0.0809831048701723,0.2845753061496592,0.2339782838440033,0.3525476151257517,0.5864661654135337,100.0,48,score,60,facebook/esm2_t33_650M_UR50D,SQSTM_MOUSE_Tsuboyama_2023_2RRU_indels,esm
GaussianProcessRegressor,0.0979659911004898,0.0622147043383828,0.2494287560374361,0.217964577177003,0.5025992302627984,0.6917293233082705,100.0,48,score,80,facebook/esm2_t33_650M_UR50D,SQSTM_MOUSE_Tsuboyama_2023_2RRU_indels,esm
GaussianProcessRegressor,0.1710314852184399,0.2355279061630646,0.4853121739283537,0.3672463267078886,0.3347334790124989,0.5203007518796992,100.0,49,score,20,facebook/esm2_t33_650M_UR50D,SQSTM_MOUSE_Tsuboyama_2023_2RRU_indels,esm
GaussianProcessRegressor,0.0653384133272094,0.1881794346625941,0.4337965360195884,0.3607994200482095,0.4684728452826924,0.5954887218045113,100.0,49,score,40,facebook/esm2_t33_650M_UR50D,SQSTM_MOUSE_Tsuboyama_2023_2RRU_indels,esm
GaussianProcessRegressor,0.0546472925959719,0.1092492572479855,0.3305287540411357,0.2744526936135999,0.6914171468092747,0.7909774436090224,100.0,49,score,60,facebook/esm2_t33_650M_UR50D,SQSTM_MOUSE_Tsuboyama_2023_2RRU_indels,esm
GaussianProcessRegressor,0.0716673818827812,0.1067425553430487,0.3267147920481237,0.2691659394403475,0.6984975173802912,0.8105263157894737,100.0,49,score,80,facebook/esm2_t33_650M_UR50D,SQSTM_MOUSE_Tsuboyama_2023_2RRU_indels,esm
GaussianProcessRegressor,0.1376187092238401,0.1820808887812619,0.4267093727365992,0.3304503656344932,0.0525839271065579,0.475187969924812,100.0,50,score,20,facebook/esm2_t33_650M_UR50D,SQSTM_MOUSE_Tsuboyama_2023_2RRU_indels,esm
GaussianProcessRegressor,0.2102982046928569,0.0799851851674082,0.2828165220905742,0.2047020901630058,0.5838154650486351,0.7894736842105263,100.0,50,score,40,facebook/esm2_t33_650M_UR50D,SQSTM_MOUSE_Tsuboyama_2023_2RRU_indels,esm
GaussianProcessRegressor,0.1157853275875689,0.0788493218761908,0.2808012141643815,0.2276480475896367,0.5897256687274066,0.7684210526315788,100.0,50,score,60,facebook/esm2_t33_650M_UR50D,SQSTM_MOUSE_Tsuboyama_2023_2RRU_indels,esm
GaussianProcessRegressor,0.0898461278670593,0.0660680059192079,0.2570369738368546,0.2107343061499619,0.6562303098867661,0.7849624060150376,100.0,50,score,80,facebook/esm2_t33_650M_UR50D,SQSTM_MOUSE_Tsuboyama_2023_2RRU_indels,esm
GaussianProcessRegressor,0.2147429348978036,0.1135667630595824,0.3369966810809602,0.2508112237011169,0.6643599113752954,0.631578947368421,100.0,51,score,20,facebook/esm2_t33_650M_UR50D,SQSTM_MOUSE_Tsuboyama_2023_2RRU_indels,esm
GaussianProcessRegressor,0.1172109199477396,0.1009702384308686,0.3177581445547362,0.2698286061103642,0.701588221215619,0.7037593984962407,100.0,51,score,40,facebook/esm2_t33_650M_UR50D,SQSTM_MOUSE_Tsuboyama_2023_2RRU_indels,esm
GaussianProcessRegressor,0.0656879542165269,0.101912350860776,0.3192371389120884,0.2641264239539993,0.6988038616816359,0.7578947368421052,100.0,51,score,60,facebook/esm2_t33_650M_UR50D,SQSTM_MOUSE_Tsuboyama_2023_2RRU_indels,esm
GaussianProcessRegressor,0.0637592730022686,0.088550972936407,0.2975751551060791,0.2478641101265536,0.7382926517982524,0.7413533834586465,100.0,51,score,80,facebook/esm2_t33_650M_UR50D,SQSTM_MOUSE_Tsuboyama_2023_2RRU_indels,esm
GaussianProcessRegressor,0.1596361953800763,0.1280532565109577,0.3578452968965189,0.2666550665778855,0.5312086339442585,0.5548872180451127,100.0,42,score,20,facebook/esm2_t6_8M_UR50D,SQSTM_MOUSE_Tsuboyama_2023_2RRU_indels,esm
GaussianProcessRegressor,0.1861006867166323,0.1319474096139899,0.3632456601447427,0.254568258940567,0.5169524923783122,0.6872180451127818,100.0,42,score,40,facebook/esm2_t6_8M_UR50D,SQSTM_MOUSE_Tsuboyama_2023_2RRU_indels,esm
GaussianProcessRegressor,0.1132824101968239,0.111551209042084,0.3339928278303055,0.2231967003611263,0.5916211340745304,0.7578947368421052,100.0,42,score,60,facebook/esm2_t6_8M_UR50D,SQSTM_MOUSE_Tsuboyama_2023_2RRU_indels,esm
GaussianProcessRegressor,0.1227646836667619,0.1073035624285923,0.3275722247514162,0.2294105991167751,0.607171383343595,0.7578947368421052,100.0,42,score,80,facebook/esm2_t6_8M_UR50D,SQSTM_MOUSE_Tsuboyama_2023_2RRU_indels,esm
GaussianProcessRegressor,0.1711698266483322,0.2093582731977367,0.457556852421354,0.331907068260021,0.38112356349639,0.7097744360902255,100.0,43,score,20,facebook/esm2_t6_8M_UR50D,SQSTM_MOUSE_Tsuboyama_2023_2RRU_indels,esm
GaussianProcessRegressor,0.1462393981099813,0.144854490022503,0.3805975433742354,0.2566291598300896,0.5718008692591589,0.7729323308270677,100.0,43,score,40,facebook/esm2_t6_8M_UR50D,SQSTM_MOUSE_Tsuboyama_2023_2RRU_indels,esm
GaussianProcessRegressor,0.1518325757765,0.1334179272710526,0.3652641883227162,0.2521894323403386,0.605608079709269,0.7203007518796991,100.0,43,score,60,facebook/esm2_t6_8M_UR50D,SQSTM_MOUSE_Tsuboyama_2023_2RRU_indels,esm
GaussianProcessRegressor,0.0887902057503427,0.1289478641180266,0.3590931134372067,0.2467296477638323,0.6188218720893676,0.7218045112781954,100.0,43,score,80,facebook/esm2_t6_8M_UR50D,SQSTM_MOUSE_Tsuboyama_2023_2RRU_indels,esm
GaussianProcessRegressor,0.2587549208381652,0.1521199457929075,0.3900255706910863,0.2826872333668208,-0.170388222518675,0.4827067669172932,100.0,44,score,20,facebook/esm2_t6_8M_UR50D,SQSTM_MOUSE_Tsuboyama_2023_2RRU_indels,esm
GaussianProcessRegressor,0.1163424996238605,0.0738699662755319,0.2717902983469644,0.2005183456456649,0.4316554737375854,0.7112781954887217,100.0,44,score,40,facebook/esm2_t6_8M_UR50D,SQSTM_MOUSE_Tsuboyama_2023_2RRU_indels,esm
GaussianProcessRegressor,0.109389717185214,0.0489924543015139,0.2213423915600307,0.1698063459127018,0.6230593482800872,0.7774436090225564,100.0,44,score,60,facebook/esm2_t6_8M_UR50D,SQSTM_MOUSE_Tsuboyama_2023_2RRU_indels,esm
GaussianProcessRegressor,0.113749316476829,0.0429399123330971,0.2072194786527008,0.1570902451803552,0.6696267053693332,0.7729323308270677,100.0,44,score,80,facebook/esm2_t6_8M_UR50D,SQSTM_MOUSE_Tsuboyama_2023_2RRU_indels,esm
GaussianProcessRegressor,0.2456580646352252,0.2496093437132926,0.4996091909816038,0.3985874991012144,0.3941250776046028,0.6180451127819548,100.0,45,score,20,facebook/esm2_t6_8M_UR50D,SQSTM_MOUSE_Tsuboyama_2023_2RRU_indels,esm
GaussianProcessRegressor,0.2203203988850272,0.2584995232973739,0.5084284839555844,0.4531731516539358,0.3725460101488057,0.6917293233082705,100.0,45,score,40,facebook/esm2_t6_8M_UR50D,SQSTM_MOUSE_Tsuboyama_2023_2RRU_indels,esm
GaussianProcessRegressor,0.1596575897339076,0.1687296326762544,0.4107671270638078,0.295078618817176,0.5904438047761853,0.6842105263157895,100.0,45,score,60,facebook/esm2_t6_8M_UR50D,SQSTM_MOUSE_Tsuboyama_2023_2RRU_indels,esm
GaussianProcessRegressor,0.1247922227668913,0.1484332337233251,0.3852703384940568,0.2795252871008714,0.6397091045345021,0.7834586466165413,100.0,45,score,80,facebook/esm2_t6_8M_UR50D,SQSTM_MOUSE_Tsuboyama_2023_2RRU_indels,esm
GaussianProcessRegressor,0.1155704889439864,0.5615507281888933,0.7493668849027779,0.5414277839535735,-1.0439896460278932,0.4526315789473684,100.0,46,score,20,facebook/esm2_t6_8M_UR50D,SQSTM_MOUSE_Tsuboyama_2023_2RRU_indels,esm
GaussianProcessRegressor,0.1237061972522773,0.3905281553468049,0.6249225194748586,0.4401510756502259,-0.4214842327525807,0.58796992481203,100.0,46,score,40,facebook/esm2_t6_8M_UR50D,SQSTM_MOUSE_Tsuboyama_2023_2RRU_indels,esm
GaussianProcessRegressor,0.0899220966999506,0.1699528749920637,0.4122534111345396,0.3307880681370054,0.381388182120566,0.6796992481203006,100.0,46,score,60,facebook/esm2_t6_8M_UR50D,SQSTM_MOUSE_Tsuboyama_2023_2RRU_indels,esm
GaussianProcessRegressor,0.0807101135866952,0.1887439856511343,0.434446758131689,0.3451933210545305,0.3129903799337887,0.6330827067669172,100.0,46,score,80,facebook/esm2_t6_8M_UR50D,SQSTM_MOUSE_Tsuboyama_2023_2RRU_indels,esm
GaussianProcessRegressor,0.4382619501801722,0.4192713060793291,0.6475116262117069,0.5557693649493556,0.044144912180512,0.6300751879699248,100.0,47,score,20,facebook/esm2_t6_8M_UR50D,SQSTM_MOUSE_Tsuboyama_2023_2RRU_indels,esm
GaussianProcessRegressor,0.2335764392621813,0.2081365684976014,0.4562198685914517,0.3644386456186936,0.5254900703315022,0.7714285714285714,100.0,47,score,40,facebook/esm2_t6_8M_UR50D,SQSTM_MOUSE_Tsuboyama_2023_2RRU_indels,esm
GaussianProcessRegressor,0.136748864475716,0.1735256121066019,0.4165640552263264,0.3159375194415234,0.6043961587781457,0.7804511278195487,100.0,47,score,60,facebook/esm2_t6_8M_UR50D,SQSTM_MOUSE_Tsuboyama_2023_2RRU_indels,esm
GaussianProcessRegressor,0.1036729839705563,0.1649222956457936,0.4061062615200529,0.3006125071556879,0.6240100071191739,0.7609022556390977,100.0,47,score,80,facebook/esm2_t6_8M_UR50D,SQSTM_MOUSE_Tsuboyama_2023_2RRU_indels,esm
GaussianProcessRegressor,0.2995433416888905,0.0585404571050598,0.2419513527655091,0.1909864205559027,0.5319744948645484,0.7894736842105263,100.0,48,score,20,facebook/esm2_t6_8M_UR50D,SQSTM_MOUSE_Tsuboyama_2023_2RRU_indels,esm
GaussianProcessRegressor,0.1943624637593134,0.0550103008598944,0.2345427484700698,0.169158641374071,0.5601977654291337,0.806015037593985,100.0,48,score,40,facebook/esm2_t6_8M_UR50D,SQSTM_MOUSE_Tsuboyama_2023_2RRU_indels,esm
GaussianProcessRegressor,0.1685929390884391,0.0474238222472578,0.2177701133012925,0.1817571560672544,0.6208509557263389,0.7428571428571428,100.0,48,score,60,facebook/esm2_t6_8M_UR50D,SQSTM_MOUSE_Tsuboyama_2023_2RRU_indels,esm
GaussianProcessRegressor,0.1500938179237055,0.0354576668037175,0.1883020626645326,0.1465037333346368,0.716519254590855,0.732330827067669,100.0,48,score,80,facebook/esm2_t6_8M_UR50D,SQSTM_MOUSE_Tsuboyama_2023_2RRU_indels,esm
GaussianProcessRegressor,0.2951814818271452,0.4103655793185065,0.6405978296236309,0.5214428544133952,-0.1591088535268241,0.4541353383458646,100.0,49,score,20,facebook/esm2_t6_8M_UR50D,SQSTM_MOUSE_Tsuboyama_2023_2RRU_indels,esm
GaussianProcessRegressor,0.1465875942531749,0.3386239078009603,0.5819140037848894,0.3773813932976825,0.0435309652437919,0.5203007518796992,100.0,49,score,40,facebook/esm2_t6_8M_UR50D,SQSTM_MOUSE_Tsuboyama_2023_2RRU_indels,esm
GaussianProcessRegressor,0.1205089350303844,0.1709235194608027,0.4134289775291552,0.3350660596746556,0.5172134928762867,0.7157894736842104,100.0,49,score,60,facebook/esm2_t6_8M_UR50D,SQSTM_MOUSE_Tsuboyama_2023_2RRU_indels,esm
GaussianProcessRegressor,0.1194688606893677,0.113361598470283,0.3366921419788157,0.2178445514921891,0.6798015256175455,0.7548872180451127,100.0,49,score,80,facebook/esm2_t6_8M_UR50D,SQSTM_MOUSE_Tsuboyama_2023_2RRU_indels,esm
GaussianProcessRegressor,0.1121321604136083,0.0825961231618261,0.2873954125622504,0.2237377383011662,0.5702300490404164,0.7263157894736841,100.0,50,score,20,facebook/esm2_t6_8M_UR50D,SQSTM_MOUSE_Tsuboyama_2023_2RRU_indels,esm
GaussianProcessRegressor,0.1295082505615404,0.109283877790793,0.3305811213466266,0.2350745924456983,0.4313664491636912,0.6827067669172932,100.0,50,score,40,facebook/esm2_t6_8M_UR50D,SQSTM_MOUSE_Tsuboyama_2023_2RRU_indels,esm
GaussianProcessRegressor,0.1149114591549682,0.1273688182222198,0.3568876829231009,0.2706135325908563,0.3372656165242061,0.7578947368421052,100.0,50,score,60,facebook/esm2_t6_8M_UR50D,SQSTM_MOUSE_Tsuboyama_2023_2RRU_indels,esm
GaussianProcessRegressor,0.0949440023599281,0.1156296269619982,0.3400435662705563,0.2411652904226834,0.3983478012452244,0.7368421052631579,100.0,50,score,80,facebook/esm2_t6_8M_UR50D,SQSTM_MOUSE_Tsuboyama_2023_2RRU_indels,esm
GaussianProcessRegressor,0.2029702054390069,0.1857111282266825,0.4309421402307768,0.3326571049527978,0.4511413563500501,0.6090225563909774,100.0,51,score,20,facebook/esm2_t6_8M_UR50D,SQSTM_MOUSE_Tsuboyama_2023_2RRU_indels,esm
GaussianProcessRegressor,0.1954702130354745,0.1055236905706867,0.3248441019484372,0.2253497311310072,0.688130753215452,0.831578947368421,100.0,51,score,40,facebook/esm2_t6_8M_UR50D,SQSTM_MOUSE_Tsuboyama_2023_2RRU_indels,esm
GaussianProcessRegressor,0.1462497848079499,0.0790400646789159,0.281140649282376,0.2128926903292645,0.7664015985045258,0.8541353383458646,100.0,51,score,60,facebook/esm2_t6_8M_UR50D,SQSTM_MOUSE_Tsuboyama_2023_2RRU_indels,esm
GaussianProcessRegressor,0.1120580689176157,0.0743425709938454,0.2726583411411531,0.2240341307936225,0.7802847730733372,0.7804511278195487,100.0,51,score,80,facebook/esm2_t6_8M_UR50D,SQSTM_MOUSE_Tsuboyama_2023_2RRU_indels,esm
GaussianProcessRegressor,0.0959975309349539,0.0671273063108132,0.2590893790004007,0.1649534041723096,0.7821574282982459,0.8240601503759398,100.0,42,score,20,facebook/esm2_t12_35M_UR50D,VG08_BPP22_Tsuboyama_2023_2GP8_indels,esm
GaussianProcessRegressor,0.0865744367793437,0.0657990374343257,0.2565132305249102,0.1688393501358283,0.7864679469808469,0.8270676691729323,100.0,42,score,40,facebook/esm2_t12_35M_UR50D,VG08_BPP22_Tsuboyama_2023_2GP8_indels,esm
GaussianProcessRegressor,0.0481631306965708,0.0804698432539793,0.2836720699222597,0.1812251104567127,0.7388580212392625,0.8481203007518796,100.0,42,score,60,facebook/esm2_t12_35M_UR50D,VG08_BPP22_Tsuboyama_2023_2GP8_indels,esm
GaussianProcessRegressor,0.0561827479768704,0.059382713310057,0.2436856854845131,0.1640317080460039,0.807290301174993,0.8451127819548873,100.0,42,score,80,facebook/esm2_t12_35M_UR50D,VG08_BPP22_Tsuboyama_2023_2GP8_indels,esm
GaussianProcessRegressor,0.1356864298983341,0.0429277833882157,0.2071902106476455,0.1560882029751735,0.8553330790544456,0.8511278195488721,100.0,43,score,20,facebook/esm2_t12_35M_UR50D,VG08_BPP22_Tsuboyama_2023_2GP8_indels,esm
GaussianProcessRegressor,0.0729862251069395,0.0403066262080571,0.2007651020672097,0.1268180904172829,0.8641663965155091,0.8917293233082706,100.0,43,score,40,facebook/esm2_t12_35M_UR50D,VG08_BPP22_Tsuboyama_2023_2GP8_indels,esm
GaussianProcessRegressor,0.0450733067890128,0.0374470812330337,0.1935124834036133,0.1216492170819191,0.8738030824608525,0.8917293233082706,100.0,43,score,60,facebook/esm2_t12_35M_UR50D,VG08_BPP22_Tsuboyama_2023_2GP8_indels,esm
GaussianProcessRegressor,0.0633445459256174,0.0285249484864704,0.1688933050374421,0.1110227370553363,0.9038707302832448,0.9067669172932332,100.0,43,score,80,facebook/esm2_t12_35M_UR50D,VG08_BPP22_Tsuboyama_2023_2GP8_indels,esm
GaussianProcessRegressor,0.1333301279841877,0.1320863163877982,0.3634368120977815,0.280331113746479,0.5594116657991002,0.806015037593985,100.0,44,score,20,facebook/esm2_t12_35M_UR50D,VG08_BPP22_Tsuboyama_2023_2GP8_indels,esm
GaussianProcessRegressor,0.0717430804009852,0.0591568491580871,0.2432218106134545,0.1898262052388467,0.8026758687810357,0.9097744360902256,100.0,44,score,40,facebook/esm2_t12_35M_UR50D,VG08_BPP22_Tsuboyama_2023_2GP8_indels,esm
GaussianProcessRegressor,0.0701739361759166,0.0500404361271118,0.2236971974055817,0.1848930120113018,0.8330846601005872,0.8902255639097743,100.0,44,score,60,facebook/esm2_t12_35M_UR50D,VG08_BPP22_Tsuboyama_2023_2GP8_indels,esm
GaussianProcessRegressor,0.0641831096383278,0.0558106669408781,0.2362428135221855,0.1961725758992057,0.8138374250219136,0.8947368421052632,100.0,44,score,80,facebook/esm2_t12_35M_UR50D,VG08_BPP22_Tsuboyama_2023_2GP8_indels,esm
GaussianProcessRegressor,0.0590758410632769,0.1231100651161722,0.3508704392167744,0.267054799556361,0.5985410807007454,0.7609022556390977,100.0,45,score,20,facebook/esm2_t12_35M_UR50D,VG08_BPP22_Tsuboyama_2023_2GP8_indels,esm
GaussianProcessRegressor,0.1111805120890561,0.0683065703917117,0.2613552570577293,0.2029720486523183,0.7772539401663205,0.8421052631578947,100.0,45,score,40,facebook/esm2_t12_35M_UR50D,VG08_BPP22_Tsuboyama_2023_2GP8_indels,esm
GaussianProcessRegressor,0.0611660471892253,0.0580724357609347,0.2409822312141182,0.1861081809115851,0.8106272035543122,0.8526315789473683,100.0,45,score,60,facebook/esm2_t12_35M_UR50D,VG08_BPP22_Tsuboyama_2023_2GP8_indels,esm
GaussianProcessRegressor,0.0550577605915276,0.0493769800062182,0.2222093157503039,0.1779790327232229,0.8389828726607238,0.8225563909774435,100.0,45,score,80,facebook/esm2_t12_35M_UR50D,VG08_BPP22_Tsuboyama_2023_2GP8_indels,esm
GaussianProcessRegressor,0.1314217998747484,0.084217854404997,0.2902031261116893,0.2197430190382449,0.7361573958009477,0.825563909774436,100.0,46,score,20,facebook/esm2_t12_35M_UR50D,VG08_BPP22_Tsuboyama_2023_2GP8_indels,esm
GaussianProcessRegressor,0.0666063507166031,0.116865175416498,0.3418554890834693,0.2505728736332325,0.6338779651902604,0.8330827067669173,100.0,46,score,40,facebook/esm2_t12_35M_UR50D,VG08_BPP22_Tsuboyama_2023_2GP8_indels,esm
GaussianProcessRegressor,0.040379501317754,0.2138796568960201,0.4624712498048068,0.274865613162865,0.3299453416460174,0.7278195488721804,100.0,46,score,60,facebook/esm2_t12_35M_UR50D,VG08_BPP22_Tsuboyama_2023_2GP8_indels,esm
GaussianProcessRegressor,0.0629732456476065,0.0771315605703404,0.2777256930324244,0.1962785236471121,0.758357750258619,0.8390977443609022,100.0,46,score,80,facebook/esm2_t12_35M_UR50D,VG08_BPP22_Tsuboyama_2023_2GP8_indels,esm
GaussianProcessRegressor,0.0892147536169492,0.0663026557143721,0.2574930207100227,0.1744851223615127,0.7566597144763475,0.8842105263157894,100.0,47,score,20,facebook/esm2_t12_35M_UR50D,VG08_BPP22_Tsuboyama_2023_2GP8_indels,esm
GaussianProcessRegressor,0.0469897727167305,0.0598389338670055,0.2446199784706997,0.1695108201432091,0.7803825036005049,0.9022556390977444,100.0,47,score,40,facebook/esm2_t12_35M_UR50D,VG08_BPP22_Tsuboyama_2023_2GP8_indels,esm
GaussianProcessRegressor,0.0509684094649388,0.0546625296136322,0.2338001916458416,0.1652199678591832,0.7993806519466,0.9308270676691728,100.0,47,score,60,facebook/esm2_t12_35M_UR50D,VG08_BPP22_Tsuboyama_2023_2GP8_indels,esm
GaussianProcessRegressor,0.0541687512614799,0.0555950455758601,0.2357860164977136,0.176267187271191,0.795958184202903,0.9203007518796992,100.0,47,score,80,facebook/esm2_t12_35M_UR50D,VG08_BPP22_Tsuboyama_2023_2GP8_indels,esm
GaussianProcessRegressor,0.0814970995310849,0.1232768651779874,0.3511080534222868,0.2731422805017776,0.5610468774633462,0.8511278195488721,100.0,48,score,20,facebook/esm2_t12_35M_UR50D,VG08_BPP22_Tsuboyama_2023_2GP8_indels,esm
GaussianProcessRegressor,0.0711485500047958,0.0846010542115293,0.2908626036662832,0.2055888746808931,0.6987602105031903,0.8917293233082706,100.0,48,score,40,facebook/esm2_t12_35M_UR50D,VG08_BPP22_Tsuboyama_2023_2GP8_indels,esm
GaussianProcessRegressor,0.0703924935719767,0.0518125155016943,0.2276236268529573,0.1774915966055193,0.8155106764508431,0.8902255639097743,100.0,48,score,60,facebook/esm2_t12_35M_UR50D,VG08_BPP22_Tsuboyama_2023_2GP8_indels,esm
GaussianProcessRegressor,0.0580367635046091,0.0446301656748028,0.2112585280522489,0.1639804606237736,0.8410849387352768,0.9052631578947368,100.0,48,score,80,facebook/esm2_t12_35M_UR50D,VG08_BPP22_Tsuboyama_2023_2GP8_indels,esm
GaussianProcessRegressor,0.0794528595086949,0.1377674137389334,0.3711703298203312,0.2818928227622416,0.4112288821269916,0.7578947368421052,100.0,49,score,20,facebook/esm2_t12_35M_UR50D,VG08_BPP22_Tsuboyama_2023_2GP8_indels,esm
GaussianProcessRegressor,0.0600575012059816,0.0899123089471175,0.2998538126272826,0.2159236943936416,0.615745340551622,0.7563909774436091,100.0,49,score,40,facebook/esm2_t12_35M_UR50D,VG08_BPP22_Tsuboyama_2023_2GP8_indels,esm
GaussianProcessRegressor,0.0628553850965335,0.0820584315366099,0.2864584289850971,0.2090020273704372,0.6493101441370676,0.793984962406015,100.0,49,score,60,facebook/esm2_t12_35M_UR50D,VG08_BPP22_Tsuboyama_2023_2GP8_indels,esm
GaussianProcessRegressor,0.0502044351659838,0.0678684283054748,0.2605156968504485,0.1862057811333116,0.7099533966905992,0.8210526315789473,100.0,49,score,80,facebook/esm2_t12_35M_UR50D,VG08_BPP22_Tsuboyama_2023_2GP8_indels,esm
GaussianProcessRegressor,0.0600810471763155,0.097262368452071,0.3118691527741579,0.2284249703352994,0.6861054827889164,0.7789473684210525,100.0,50,score,20,facebook/esm2_t12_35M_UR50D,VG08_BPP22_Tsuboyama_2023_2GP8_indels,esm
GaussianProcessRegressor,0.0675815118081886,0.0769541899509984,0.2774061822508619,0.2174282908658319,0.751645999511702,0.7834586466165413,100.0,50,score,40,facebook/esm2_t12_35M_UR50D,VG08_BPP22_Tsuboyama_2023_2GP8_indels,esm
GaussianProcessRegressor,0.0643043244049563,0.0747286191007225,0.2733653582675072,0.2047190215539815,0.7588285768916746,0.78796992481203,100.0,50,score,60,facebook/esm2_t12_35M_UR50D,VG08_BPP22_Tsuboyama_2023_2GP8_indels,esm
GaussianProcessRegressor,0.0564818841793225,0.079023234707173,0.2811107161016332,0.1987769926738187,0.744968578273008,0.7789473684210525,100.0,50,score,80,facebook/esm2_t12_35M_UR50D,VG08_BPP22_Tsuboyama_2023_2GP8_indels,esm
GaussianProcessRegressor,0.071548830725332,0.0791954863162857,0.281416926136801,0.2118714025795131,0.7610971335832828,0.8676691729323308,100.0,51,score,20,facebook/esm2_t12_35M_UR50D,VG08_BPP22_Tsuboyama_2023_2GP8_indels,esm
GaussianProcessRegressor,0.0679795664323069,0.0795751870867644,0.2820907426463415,0.2145290380945489,0.7599517197892981,0.8601503759398496,100.0,51,score,40,facebook/esm2_t12_35M_UR50D,VG08_BPP22_Tsuboyama_2023_2GP8_indels,esm
GaussianProcessRegressor,0.0650469097050473,0.0615325142347867,0.2480574817149983,0.1820550272746933,0.8143796482313533,0.8601503759398496,100.0,51,score,60,facebook/esm2_t12_35M_UR50D,VG08_BPP22_Tsuboyama_2023_2GP8_indels,esm
GaussianProcessRegressor,0.0599407310478449,0.0708232498488118,0.2661263794681238,0.1971823480219028,0.7863530084245586,0.8616541353383457,100.0,51,score,80,facebook/esm2_t12_35M_UR50D,VG08_BPP22_Tsuboyama_2023_2GP8_indels,esm
GaussianProcessRegressor,0.0830674552751541,0.0657237961511632,0.2563665269709819,0.1819176103915125,0.7867121211556063,0.8781954887218045,100.0,42,score,20,facebook/esm2_t30_150M_UR50D,VG08_BPP22_Tsuboyama_2023_2GP8_indels,esm
GaussianProcessRegressor,0.1045241224154471,0.0359407251974051,0.1895803924392107,0.1292297046822252,0.883364603227531,0.8661654135338346,100.0,42,score,40,facebook/esm2_t30_150M_UR50D,VG08_BPP22_Tsuboyama_2023_2GP8_indels,esm
GaussianProcessRegressor,0.0633331876591485,0.0413369374267832,0.2033148726158105,0.1334587588010281,0.8658527319176162,0.8812030075187969,100.0,42,score,60,facebook/esm2_t30_150M_UR50D,VG08_BPP22_Tsuboyama_2023_2GP8_indels,esm
GaussianProcessRegressor,0.0547295244120477,0.0444600546988186,0.2108555303965695,0.1489399370480889,0.8557175434874981,0.8526315789473683,100.0,42,score,80,facebook/esm2_t30_150M_UR50D,VG08_BPP22_Tsuboyama_2023_2GP8_indels,esm
GaussianProcessRegressor,0.0970833512514533,0.0412311418444892,0.2030545292390426,0.1469655884135233,0.8610507725551682,0.8526315789473683,100.0,43,score,20,facebook/esm2_t30_150M_UR50D,VG08_BPP22_Tsuboyama_2023_2GP8_indels,esm
GaussianProcessRegressor,0.0600809106153826,0.0300130582281348,0.1732427725134149,0.1231672641184833,0.8988557903687192,0.8616541353383457,100.0,43,score,40,facebook/esm2_t30_150M_UR50D,VG08_BPP22_Tsuboyama_2023_2GP8_indels,esm
GaussianProcessRegressor,0.0514217025452168,0.0216253321505713,0.1470555410400143,0.1107225627019957,0.9271224840948376,0.9022556390977444,100.0,43,score,60,facebook/esm2_t30_150M_UR50D,VG08_BPP22_Tsuboyama_2023_2GP8_indels,esm
GaussianProcessRegressor,0.0629127101897101,0.0233409996079444,0.1527776148784383,0.1155710419365118,0.9213406731361848,0.9052631578947368,100.0,43,score,80,facebook/esm2_t30_150M_UR50D,VG08_BPP22_Tsuboyama_2023_2GP8_indels,esm
GaussianProcessRegressor,0.1617886431959265,0.0746422237839296,0.2732072908689108,0.2027456745275889,0.7510227104716934,0.8766917293233082,100.0,44,score,20,facebook/esm2_t30_150M_UR50D,VG08_BPP22_Tsuboyama_2023_2GP8_indels,esm
GaussianProcessRegressor,0.0606102506435394,0.0635994623257343,0.2521893382475442,0.1797746585251961,0.7878570473575817,0.9082706766917292,100.0,44,score,40,facebook/esm2_t30_150M_UR50D,VG08_BPP22_Tsuboyama_2023_2GP8_indels,esm
GaussianProcessRegressor,0.0745257564350765,0.0436167288086161,0.2088461845680119,0.1678625625201923,0.8545116374306295,0.9308270676691728,100.0,44,score,60,facebook/esm2_t30_150M_UR50D,VG08_BPP22_Tsuboyama_2023_2GP8_indels,esm
GaussianProcessRegressor,0.0624196908289268,0.0447216928478598,0.21147504072079,0.1706558063817402,0.8508259091983956,0.9112781954887216,100.0,44,score,80,facebook/esm2_t30_150M_UR50D,VG08_BPP22_Tsuboyama_2023_2GP8_indels,esm
GaussianProcessRegressor,0.0694556512684909,0.1281104570919365,0.3579252115902658,0.2868841182320011,0.5822349244431828,0.7533834586466165,100.0,45,score,20,facebook/esm2_t30_150M_UR50D,VG08_BPP22_Tsuboyama_2023_2GP8_indels,esm
GaussianProcessRegressor,0.1042098438257614,0.0635926488876487,0.2521758293089342,0.203635889886447,0.7926259232035879,0.8210526315789473,100.0,45,score,40,facebook/esm2_t30_150M_UR50D,VG08_BPP22_Tsuboyama_2023_2GP8_indels,esm
GaussianProcessRegressor,0.0514819042682301,0.0640830502638024,0.253146302093873,0.1893177254548351,0.7910267362783941,0.8240601503759398,100.0,45,score,60,facebook/esm2_t30_150M_UR50D,VG08_BPP22_Tsuboyama_2023_2GP8_indels,esm
GaussianProcessRegressor,0.0518637336716995,0.0537869393143732,0.231920114078907,0.1732125325890999,0.8246021029297116,0.8150375939849623,100.0,45,score,80,facebook/esm2_t30_150M_UR50D,VG08_BPP22_Tsuboyama_2023_2GP8_indels,esm
GaussianProcessRegressor,0.1316781478277535,0.0778992043707152,0.2791042894165462,0.2059209226746819,0.7559528310070057,0.8451127819548873,100.0,46,score,20,facebook/esm2_t30_150M_UR50D,VG08_BPP22_Tsuboyama_2023_2GP8_indels,esm
GaussianProcessRegressor,0.0829367073564552,0.0564244081855218,0.2375382246829378,0.1892015796855082,0.8232303244812292,0.8646616541353382,100.0,46,score,40,facebook/esm2_t30_150M_UR50D,VG08_BPP22_Tsuboyama_2023_2GP8_indels,esm
GaussianProcessRegressor,0.0692583174400462,0.0457381730340439,0.2138648475884804,0.1685969233530535,0.8567087849735934,0.8872180451127819,100.0,46,score,60,facebook/esm2_t30_150M_UR50D,VG08_BPP22_Tsuboyama_2023_2GP8_indels,esm
GaussianProcessRegressor,0.0692669378733046,0.0440870487318789,0.2099691613829968,0.1597740540222578,0.8618815234483188,0.8691729323308269,100.0,46,score,80,facebook/esm2_t30_150M_UR50D,VG08_BPP22_Tsuboyama_2023_2GP8_indels,esm
GaussianProcessRegressor,0.0726899836853228,0.077697444363535,0.2787426131102581,0.1895136237728737,0.7148392007504105,0.8586466165413533,100.0,47,score,20,facebook/esm2_t30_150M_UR50D,VG08_BPP22_Tsuboyama_2023_2GP8_indels,esm
GaussianProcessRegressor,0.0448189470466221,0.0815363834034102,0.2855457641139337,0.1994367369172411,0.7007497421607658,0.837593984962406,100.0,47,score,40,facebook/esm2_t30_150M_UR50D,VG08_BPP22_Tsuboyama_2023_2GP8_indels,esm
GaussianProcessRegressor,0.0526401438334773,0.0652868048193918,0.2555128271132231,0.1744825286121569,0.7603880334127545,0.9052631578947368,100.0,47,score,60,facebook/esm2_t30_150M_UR50D,VG08_BPP22_Tsuboyama_2023_2GP8_indels,esm
GaussianProcessRegressor,0.0516788763961157,0.0680685098505144,0.2608994247799609,0.1816916552441632,0.7501787757409049,0.8977443609022555,100.0,47,score,80,facebook/esm2_t30_150M_UR50D,VG08_BPP22_Tsuboyama_2023_2GP8_indels,esm
GaussianProcessRegressor,0.0619999259313235,0.2845296798459772,0.5334132355369309,0.3914468919963879,-0.0131275746055203,0.7699248120300751,100.0,48,score,20,facebook/esm2_t30_150M_UR50D,VG08_BPP22_Tsuboyama_2023_2GP8_indels,esm
GaussianProcessRegressor,0.0830403558186142,0.0999896471041798,0.316211396227555,0.2198114175982518,0.6439658994057951,0.8691729323308269,100.0,48,score,40,facebook/esm2_t30_150M_UR50D,VG08_BPP22_Tsuboyama_2023_2GP8_indels,esm
GaussianProcessRegressor,0.0619500946470843,0.0642794122114241,0.2535338482558573,0.1876382379886036,0.7711196771244345,0.8736842105263156,100.0,48,score,60,facebook/esm2_t30_150M_UR50D,VG08_BPP22_Tsuboyama_2023_2GP8_indels,esm
GaussianProcessRegressor,0.050613543631981,0.0508789033126187,0.2255635238965262,0.1634054512428404,0.8188349983748419,0.8977443609022555,100.0,48,score,80,facebook/esm2_t30_150M_UR50D,VG08_BPP22_Tsuboyama_2023_2GP8_indels,esm
GaussianProcessRegressor,0.0763886138079831,0.0787028909356311,0.280540355271093,0.1754285215845342,0.6636505845727891,0.8571428571428572,100.0,49,score,20,facebook/esm2_t30_150M_UR50D,VG08_BPP22_Tsuboyama_2023_2GP8_indels,esm
GaussianProcessRegressor,0.0457968065330526,0.0858848698588185,0.2930612049705974,0.1920172595263853,0.6329572468350388,0.8225563909774435,100.0,49,score,40,facebook/esm2_t30_150M_UR50D,VG08_BPP22_Tsuboyama_2023_2GP8_indels,esm
GaussianProcessRegressor,0.0577938273132628,0.0864758735571008,0.2940678043531812,0.205072786259268,0.6304314978305307,0.8676691729323308,100.0,49,score,60,facebook/esm2_t30_150M_UR50D,VG08_BPP22_Tsuboyama_2023_2GP8_indels,esm
GaussianProcessRegressor,0.0411772324506196,0.0778731986426852,0.2790576976947334,0.1977666734174103,0.6671964075330288,0.8887218045112781,100.0,49,score,80,facebook/esm2_t30_150M_UR50D,VG08_BPP22_Tsuboyama_2023_2GP8_indels,esm
GaussianProcessRegressor,0.0634074845533032,0.0786726089550558,0.2804863792683271,0.2133142467656328,0.7461001515930308,0.8812030075187969,100.0,50,score,20,facebook/esm2_t30_150M_UR50D,VG08_BPP22_Tsuboyama_2023_2GP8_indels,esm
GaussianProcessRegressor,0.0842702501594546,0.1064652100289535,0.3262900703805642,0.2401221250839916,0.65640518287108,0.7353383458646616,100.0,50,score,40,facebook/esm2_t30_150M_UR50D,VG08_BPP22_Tsuboyama_2023_2GP8_indels,esm
GaussianProcessRegressor,0.0607887756181918,0.0990313868958987,0.314692527550145,0.2253525529995415,0.6803963354670881,0.793984962406015,100.0,50,score,60,facebook/esm2_t30_150M_UR50D,VG08_BPP22_Tsuboyama_2023_2GP8_indels,esm
GaussianProcessRegressor,0.0551667038448622,0.070422841931219,0.2653730241211775,0.1950521502447033,0.7727245971855443,0.8030075187969924,100.0,50,score,80,facebook/esm2_t30_150M_UR50D,VG08_BPP22_Tsuboyama_2023_2GP8_indels,esm
GaussianProcessRegressor,0.0506291696029251,0.0861702816428499,0.2935477501921109,0.2199006211691984,0.7400568107859536,0.8766917293233082,100.0,51,score,20,facebook/esm2_t30_150M_UR50D,VG08_BPP22_Tsuboyama_2023_2GP8_indels,esm
GaussianProcessRegressor,0.0507416969416107,0.0854180852612824,0.2922637255310388,0.2243517980738335,0.7423259031297659,0.9067669172932332,100.0,51,score,40,facebook/esm2_t30_150M_UR50D,VG08_BPP22_Tsuboyama_2023_2GP8_indels,esm
GaussianProcessRegressor,0.0515567824276103,0.079446224018837,0.2818620655903114,0.2235974129626519,0.7603407526499172,0.8947368421052632,100.0,51,score,60,facebook/esm2_t30_150M_UR50D,VG08_BPP22_Tsuboyama_2023_2GP8_indels,esm
GaussianProcessRegressor,0.0521221679462334,0.0826446428442835,0.2874798129335059,0.2182129240359415,0.7506923312443248,0.8932330827067668,100.0,51,score,80,facebook/esm2_t30_150M_UR50D,VG08_BPP22_Tsuboyama_2023_2GP8_indels,esm
GaussianProcessRegressor,0.1118283556210751,0.1037731491197086,0.3221384005667573,0.2417271449352757,0.6632337729573783,0.8481203007518796,100.0,42,score,20,facebook/esm2_t33_650M_UR50D,VG08_BPP22_Tsuboyama_2023_2GP8_indels,esm
GaussianProcessRegressor,0.0617134791308128,0.0938267583801836,0.3063115381114195,0.1723601530642037,0.6955119538785097,0.8270676691729323,100.0,42,score,40,facebook/esm2_t33_650M_UR50D,VG08_BPP22_Tsuboyama_2023_2GP8_indels,esm
GaussianProcessRegressor,0.0563914180285822,0.0558048798523615,0.2362305650257001,0.1566332664438401,0.8189011415971629,0.8812030075187969,100.0,42,score,60,facebook/esm2_t33_650M_UR50D,VG08_BPP22_Tsuboyama_2023_2GP8_indels,esm
GaussianProcessRegressor,0.0590312038439021,0.0574835062437768,0.239757181839829,0.1691597032731661,0.8134536372933376,0.8586466165413533,100.0,42,score,80,facebook/esm2_t33_650M_UR50D,VG08_BPP22_Tsuboyama_2023_2GP8_indels,esm
GaussianProcessRegressor,0.0957250005270229,0.0310823796259506,0.1763019558199814,0.1392840398549709,0.8952521700111472,0.9082706766917292,100.0,43,score,20,facebook/esm2_t33_650M_UR50D,VG08_BPP22_Tsuboyama_2023_2GP8_indels,esm
GaussianProcessRegressor,0.0674403444896756,0.0181210113872255,0.1346143060273519,0.1013744529574967,0.9389320688165582,0.9398496240601504,100.0,43,score,40,facebook/esm2_t33_650M_UR50D,VG08_BPP22_Tsuboyama_2023_2GP8_indels,esm
GaussianProcessRegressor,0.0462737880539216,0.0202376716543134,0.142259170721305,0.1105146366119053,0.9317989093715856,0.9353383458646616,100.0,43,score,60,facebook/esm2_t33_650M_UR50D,VG08_BPP22_Tsuboyama_2023_2GP8_indels,esm
GaussianProcessRegressor,0.0590858833134691,0.0142645789057906,0.1194344125693706,0.1010423129626202,0.951928272414547,0.924812030075188,100.0,43,score,80,facebook/esm2_t33_650M_UR50D,VG08_BPP22_Tsuboyama_2023_2GP8_indels,esm
GaussianProcessRegressor,0.1613063200080651,0.0681065015147921,0.260972223646104,0.1964918294514147,0.7728233259033841,0.9518796992481202,100.0,44,score,20,facebook/esm2_t33_650M_UR50D,VG08_BPP22_Tsuboyama_2023_2GP8_indels,esm
GaussianProcessRegressor,0.0785019197730903,0.0451877162826818,0.2125740254186336,0.1501929671405642,0.8492714371345067,0.9518796992481202,100.0,44,score,40,facebook/esm2_t33_650M_UR50D,VG08_BPP22_Tsuboyama_2023_2GP8_indels,esm
GaussianProcessRegressor,0.0748609219527519,0.054157611676406,0.232717880010123,0.1680957468933604,0.8193513713960217,0.912781954887218,100.0,44,score,60,facebook/esm2_t33_650M_UR50D,VG08_BPP22_Tsuboyama_2023_2GP8_indels,esm
GaussianProcessRegressor,0.0555765948932597,0.0384655414877158,0.1961263406269433,0.1566485452710573,0.8716939853296274,0.9308270676691728,100.0,44,score,80,facebook/esm2_t33_650M_UR50D,VG08_BPP22_Tsuboyama_2023_2GP8_indels,esm
GaussianProcessRegressor,0.0323487963902303,0.1325001355030287,0.3640056805917028,0.2686244101025366,0.5679202902227769,0.7112781954887217,100.0,45,score,20,facebook/esm2_t33_650M_UR50D,VG08_BPP22_Tsuboyama_2023_2GP8_indels,esm
GaussianProcessRegressor,0.0709278314334697,0.0814372198055361,0.2853720725746234,0.230912642425198,0.7344352127259852,0.8451127819548873,100.0,45,score,40,facebook/esm2_t33_650M_UR50D,VG08_BPP22_Tsuboyama_2023_2GP8_indels,esm
GaussianProcessRegressor,0.0457479182421233,0.0662635549529965,0.2574170836463589,0.2066423621672534,0.7839161636763508,0.8676691729323308,100.0,45,score,60,facebook/esm2_t33_650M_UR50D,VG08_BPP22_Tsuboyama_2023_2GP8_indels,esm
GaussianProcessRegressor,0.0524992990226775,0.063004549187257,0.2510070699945663,0.2076312807517713,0.7945437019809498,0.8165413533834586,100.0,45,score,80,facebook/esm2_t33_650M_UR50D,VG08_BPP22_Tsuboyama_2023_2GP8_indels,esm
GaussianProcessRegressor,0.0882103073651444,0.0502900945096616,0.2242545306335228,0.1702731623230876,0.8424482599967746,0.9233082706766916,100.0,46,score,20,facebook/esm2_t33_650M_UR50D,VG08_BPP22_Tsuboyama_2023_2GP8_indels,esm
GaussianProcessRegressor,0.1025993044980568,0.0453183275745129,0.2128810174123399,0.1595323925066799,0.858024101306293,0.8766917293233082,100.0,46,score,40,facebook/esm2_t33_650M_UR50D,VG08_BPP22_Tsuboyama_2023_2GP8_indels,esm
GaussianProcessRegressor,0.0609522711647345,0.0273846576727428,0.165483103889016,0.1349497024960141,0.914207747911382,0.9338345864661652,100.0,46,score,60,facebook/esm2_t33_650M_UR50D,VG08_BPP22_Tsuboyama_2023_2GP8_indels,esm
GaussianProcessRegressor,0.0586830750887608,0.0350359655704057,0.1871789666880489,0.1480364855229528,0.8902372844566829,0.8917293233082706,100.0,46,score,80,facebook/esm2_t33_650M_UR50D,VG08_BPP22_Tsuboyama_2023_2GP8_indels,esm
GaussianProcessRegressor,0.0929900370235035,0.0736591487292455,0.2714021899860898,0.1957755487413824,0.7296603267232562,0.8842105263157894,100.0,47,score,20,facebook/esm2_t33_650M_UR50D,VG08_BPP22_Tsuboyama_2023_2GP8_indels,esm
GaussianProcessRegressor,0.0436895156462414,0.0726505416102532,0.2695376441431758,0.187826746468856,0.7333620599596155,0.849624060150376,100.0,47,score,40,facebook/esm2_t33_650M_UR50D,VG08_BPP22_Tsuboyama_2023_2GP8_indels,esm
GaussianProcessRegressor,0.039866232414841,0.0728613742672127,0.2699284613878513,0.1993438492639483,0.7325882737757975,0.9157894736842104,100.0,47,score,60,facebook/esm2_t33_650M_UR50D,VG08_BPP22_Tsuboyama_2023_2GP8_indels,esm
GaussianProcessRegressor,0.0414089885358205,0.0694298641512282,0.2634954727338371,0.192124135878182,0.7451824095974181,0.924812030075188,100.0,47,score,80,facebook/esm2_t33_650M_UR50D,VG08_BPP22_Tsuboyama_2023_2GP8_indels,esm
GaussianProcessRegressor,0.0371816360737966,0.1576422309828418,0.3970418504173607,0.2970795728260059,0.4386817880738998,0.8436090225563909,100.0,48,score,20,facebook/esm2_t33_650M_UR50D,VG08_BPP22_Tsuboyama_2023_2GP8_indels,esm
GaussianProcessRegressor,0.0843210914614933,0.0874492655842989,0.2957182199058741,0.232524859131789,0.6886185568042864,0.825563909774436,100.0,48,score,40,facebook/esm2_t33_650M_UR50D,VG08_BPP22_Tsuboyama_2023_2GP8_indels,esm
GaussianProcessRegressor,0.0694876140665611,0.0615451153189141,0.2480828799391731,0.1920147989328491,0.7808557144350572,0.8781954887218045,100.0,48,score,60,facebook/esm2_t33_650M_UR50D,VG08_BPP22_Tsuboyama_2023_2GP8_indels,esm
GaussianProcessRegressor,0.0502794507298952,0.0513818775562707,0.2266757101152895,0.1754651727741396,0.8170440531355401,0.8977443609022555,100.0,48,score,80,facebook/esm2_t33_650M_UR50D,VG08_BPP22_Tsuboyama_2023_2GP8_indels,esm
GaussianProcessRegressor,0.1005233049727176,0.0855363308922167,0.2924659482610185,0.1902983020871391,0.6344467839572012,0.7984962406015037,100.0,49,score,20,facebook/esm2_t33_650M_UR50D,VG08_BPP22_Tsuboyama_2023_2GP8_indels,esm
GaussianProcessRegressor,0.0408289097966225,0.0914876324687932,0.302469225655757,0.1897810884925271,0.6090129430586542,0.8511278195488721,100.0,49,score,40,facebook/esm2_t33_650M_UR50D,VG08_BPP22_Tsuboyama_2023_2GP8_indels,esm
GaussianProcessRegressor,0.058654720946975,0.0628612490947828,0.2507214571886156,0.1657789745162095,0.731352379376419,0.9278195488721804,100.0,49,score,60,facebook/esm2_t33_650M_UR50D,VG08_BPP22_Tsuboyama_2023_2GP8_indels,esm
GaussianProcessRegressor,0.039794774119731,0.0629800988440025,0.2509583607772463,0.1733673581307307,0.7308444559291543,0.932330827067669,100.0,49,score,80,facebook/esm2_t33_650M_UR50D,VG08_BPP22_Tsuboyama_2023_2GP8_indels,esm
GaussianProcessRegressor,0.0553637490101883,0.0670032520998964,0.2588498640136719,0.2275757889050044,0.7837606280394698,0.8556390977443609,100.0,50,score,20,facebook/esm2_t33_650M_UR50D,VG08_BPP22_Tsuboyama_2023_2GP8_indels,esm
GaussianProcessRegressor,0.097502733654993,0.0696729247277698,0.2639562932149371,0.2002544104365606,0.7751448024743037,0.7819548872180451,100.0,50,score,40,facebook/esm2_t33_650M_UR50D,VG08_BPP22_Tsuboyama_2023_2GP8_indels,esm
GaussianProcessRegressor,0.0695513334719828,0.0749277975670091,0.273729424006644,0.2056298104647706,0.7581857688919427,0.8180451127819548,100.0,50,score,60,facebook/esm2_t33_650M_UR50D,VG08_BPP22_Tsuboyama_2023_2GP8_indels,esm
GaussianProcessRegressor,0.0560987246705927,0.0536018875312606,0.2315208144665629,0.1814873595460549,0.8270108072011525,0.8345864661654135,100.0,50,score,80,facebook/esm2_t33_650M_UR50D,VG08_BPP22_Tsuboyama_2023_2GP8_indels,esm
GaussianProcessRegressor,0.0720342390599262,0.1177725997967269,0.3431801273336306,0.2674707804851567,0.6447245545734968,0.8932330827067668,100.0,51,score,20,facebook/esm2_t33_650M_UR50D,VG08_BPP22_Tsuboyama_2023_2GP8_indels,esm
GaussianProcessRegressor,0.0520556769322824,0.0763456210114208,0.2763071135736842,0.2132415849090292,0.7696941006820727,0.9097744360902256,100.0,51,score,40,facebook/esm2_t33_650M_UR50D,VG08_BPP22_Tsuboyama_2023_2GP8_indels,esm
GaussianProcessRegressor,0.043098744141172,0.1186389714252023,0.3444400839408827,0.2623307594629679,0.642111038639037,0.8766917293233082,100.0,51,score,60,facebook/esm2_t33_650M_UR50D,VG08_BPP22_Tsuboyama_2023_2GP8_indels,esm
GaussianProcessRegressor,0.0393758358654813,0.0836666444305939,0.2892518702283426,0.2160929537436769,0.7476093385157128,0.8796992481203006,100.0,51,score,80,facebook/esm2_t33_650M_UR50D,VG08_BPP22_Tsuboyama_2023_2GP8_indels,esm
GaussianProcessRegressor,0.1311248577121511,0.0458287388731195,0.214076479028219,0.1681959766961286,0.8512758684559295,0.8676691729323308,100.0,42,score,20,facebook/esm2_t6_8M_UR50D,VG08_BPP22_Tsuboyama_2023_2GP8_indels,esm
GaussianProcessRegressor,0.1006762576036379,0.049460366845354,0.2223968678856653,0.1535803662339239,0.839490453243936,0.8541353383458646,100.0,42,score,40,facebook/esm2_t6_8M_UR50D,VG08_BPP22_Tsuboyama_2023_2GP8_indels,esm
GaussianProcessRegressor,0.0716637209314974,0.0507445020446201,0.225265403567925,0.1510872250862665,0.8353231578526148,0.8481203007518796,100.0,42,score,60,facebook/esm2_t6_8M_UR50D,VG08_BPP22_Tsuboyama_2023_2GP8_indels,esm
GaussianProcessRegressor,0.0760700788258116,0.0481545773409601,0.2194415123465935,0.1438277449387448,0.843728021520864,0.8526315789473683,100.0,42,score,80,facebook/esm2_t6_8M_UR50D,VG08_BPP22_Tsuboyama_2023_2GP8_indels,esm
GaussianProcessRegressor,0.1277416991689685,0.0442490133044939,0.2103544943767401,0.1584111814756037,0.850880525282438,0.8270676691729323,100.0,43,score,20,facebook/esm2_t6_8M_UR50D,VG08_BPP22_Tsuboyama_2023_2GP8_indels,esm
GaussianProcessRegressor,0.071695780436708,0.0369271291163484,0.1921643284180195,0.1362554159039319,0.8755553246178661,0.8330827067669173,100.0,43,score,40,facebook/esm2_t6_8M_UR50D,VG08_BPP22_Tsuboyama_2023_2GP8_indels,esm
GaussianProcessRegressor,0.0419878257688449,0.0298303856759366,0.1727147523402,0.1162958502663853,0.8994713981076232,0.8511278195488721,100.0,43,score,60,facebook/esm2_t6_8M_UR50D,VG08_BPP22_Tsuboyama_2023_2GP8_indels,esm
GaussianProcessRegressor,0.0601758833707069,0.0257272642571024,0.1603972077596816,0.1249257578863868,0.913298945096491,0.8902255639097743,100.0,43,score,80,facebook/esm2_t6_8M_UR50D,VG08_BPP22_Tsuboyama_2023_2GP8_indels,esm
GaussianProcessRegressor,0.109260568524574,0.1168847647446615,0.341884139358148,0.2689368697389719,0.6101181015517233,0.8601503759398496,100.0,44,score,20,facebook/esm2_t6_8M_UR50D,VG08_BPP22_Tsuboyama_2023_2GP8_indels,esm
GaussianProcessRegressor,0.0584491827584784,0.090529305787998,0.3008808830550688,0.2381479470975767,0.6980296133295569,0.9037593984962404,100.0,44,score,40,facebook/esm2_t6_8M_UR50D,VG08_BPP22_Tsuboyama_2023_2GP8_indels,esm
GaussianProcessRegressor,0.0855672832970325,0.0697915720819676,0.2641809457208594,0.2253632688344259,0.7672025889905376,0.837593984962406,100.0,44,score,60,facebook/esm2_t6_8M_UR50D,VG08_BPP22_Tsuboyama_2023_2GP8_indels,esm
GaussianProcessRegressor,0.0705996429227272,0.0739291959398772,0.2718992385790686,0.22986393455696,0.7534010927193107,0.8556390977443609,100.0,44,score,80,facebook/esm2_t6_8M_UR50D,VG08_BPP22_Tsuboyama_2023_2GP8_indels,esm
GaussianProcessRegressor,0.13348511904137,0.1717990795056724,0.4144865251195416,0.3139099439180716,0.4397673924559255,0.6917293233082705,100.0,45,score,20,facebook/esm2_t6_8M_UR50D,VG08_BPP22_Tsuboyama_2023_2GP8_indels,esm
GaussianProcessRegressor,0.0863064494402929,0.1414082682500415,0.3760429074587653,0.2804567627140084,0.5388710866323527,0.7503759398496239,100.0,45,score,40,facebook/esm2_t6_8M_UR50D,VG08_BPP22_Tsuboyama_2023_2GP8_indels,esm
GaussianProcessRegressor,0.0616111775981241,0.1152077989767419,0.3394227437528928,0.2436171435630455,0.6243101778201167,0.7609022556390977,100.0,45,score,60,facebook/esm2_t6_8M_UR50D,VG08_BPP22_Tsuboyama_2023_2GP8_indels,esm
GaussianProcessRegressor,0.0599047396180475,0.0937318531196677,0.3061565826822408,0.2315048300608818,0.6943427133936662,0.7924812030075187,100.0,45,score,80,facebook/esm2_t6_8M_UR50D,VG08_BPP22_Tsuboyama_2023_2GP8_indels,esm
GaussianProcessRegressor,0.188951152414574,0.0540146875630863,0.2324106012278405,0.2044324967141038,0.8307796377344272,0.863157894736842,100.0,46,score,20,facebook/esm2_t6_8M_UR50D,VG08_BPP22_Tsuboyama_2023_2GP8_indels,esm
GaussianProcessRegressor,0.1052010748448808,0.0535968220887393,0.2315098747110787,0.2030063034848882,0.8320887510541087,0.8736842105263156,100.0,46,score,40,facebook/esm2_t6_8M_UR50D,VG08_BPP22_Tsuboyama_2023_2GP8_indels,esm
GaussianProcessRegressor,0.0860869696675986,0.0368365327891834,0.1919284574761737,0.1508533835442356,0.884596362500239,0.8872180451127819,100.0,46,score,60,facebook/esm2_t6_8M_UR50D,VG08_BPP22_Tsuboyama_2023_2GP8_indels,esm
GaussianProcessRegressor,0.0824578601875109,0.038807975497149,0.1969973997217959,0.1476181881714633,0.8784201118491891,0.8766917293233082,100.0,46,score,80,facebook/esm2_t6_8M_UR50D,VG08_BPP22_Tsuboyama_2023_2GP8_indels,esm
GaussianProcessRegressor,0.1011014791577628,0.087370600311919,0.295585182835539,0.2184832554255883,0.6793373267299354,0.8646616541353382,100.0,47,score,20,facebook/esm2_t6_8M_UR50D,VG08_BPP22_Tsuboyama_2023_2GP8_indels,esm
GaussianProcessRegressor,0.0990017635991048,0.0618341922031016,0.2486648189895418,0.1738374910460477,0.7730596184465426,0.9353383458646616,100.0,47,score,40,facebook/esm2_t6_8M_UR50D,VG08_BPP22_Tsuboyama_2023_2GP8_indels,esm
GaussianProcessRegressor,0.0867028658442109,0.0551499957463807,0.2348403622599419,0.1694967000685007,0.7975915811070073,0.9218045112781956,100.0,47,score,60,facebook/esm2_t6_8M_UR50D,VG08_BPP22_Tsuboyama_2023_2GP8_indels,esm
GaussianProcessRegressor,0.0712783492078772,0.0509945754129383,0.2258197852557175,0.1680873496519788,0.8128425715766315,0.924812030075188,100.0,47,score,80,facebook/esm2_t6_8M_UR50D,VG08_BPP22_Tsuboyama_2023_2GP8_indels,esm
GaussianProcessRegressor,0.0563869775972358,0.1667438380923034,0.4083427948333402,0.3125532954363788,0.4062736078769768,0.7112781954887217,100.0,48,score,20,facebook/esm2_t6_8M_UR50D,VG08_BPP22_Tsuboyama_2023_2GP8_indels,esm
GaussianProcessRegressor,0.0678416399601694,0.1362955505565435,0.3691822728091687,0.2746789513589684,0.5146911189032244,0.7007518796992479,100.0,48,score,40,facebook/esm2_t6_8M_UR50D,VG08_BPP22_Tsuboyama_2023_2GP8_indels,esm
GaussianProcessRegressor,0.0766611362825596,0.0967531912923852,0.3110517501837681,0.2289647376150421,0.6554899788223829,0.724812030075188,100.0,48,score,60,facebook/esm2_t6_8M_UR50D,VG08_BPP22_Tsuboyama_2023_2GP8_indels,esm
GaussianProcessRegressor,0.0562801745350997,0.0899255301678352,0.2998758579276352,0.2151366082212654,0.6798012976243029,0.7353383458646616,100.0,48,score,80,facebook/esm2_t6_8M_UR50D,VG08_BPP22_Tsuboyama_2023_2GP8_indels,esm
GaussianProcessRegressor,0.14860756813678,0.0728875924120756,0.2699770220075694,0.1943401875934551,0.6885031946317048,0.8766917293233082,100.0,49,score,20,facebook/esm2_t6_8M_UR50D,VG08_BPP22_Tsuboyama_2023_2GP8_indels,esm
GaussianProcessRegressor,0.1030330462258606,0.090922379122378,0.3015333797813734,0.218142461025435,0.6114286438083323,0.732330827067669,100.0,49,score,40,facebook/esm2_t6_8M_UR50D,VG08_BPP22_Tsuboyama_2023_2GP8_indels,esm
GaussianProcessRegressor,0.0881026422067056,0.0680058165505911,0.2607792486962701,0.1777801683842739,0.7093662460105914,0.8436090225563909,100.0,49,score,60,facebook/esm2_t6_8M_UR50D,VG08_BPP22_Tsuboyama_2023_2GP8_indels,esm
GaussianProcessRegressor,0.066950156682596,0.054866878572824,0.2342368002104368,0.1475881182973079,0.7655176027856649,0.9112781954887216,100.0,49,score,80,facebook/esm2_t6_8M_UR50D,VG08_BPP22_Tsuboyama_2023_2GP8_indels,esm
GaussianProcessRegressor,0.0510043415061472,0.1130566572293239,0.3362389882647816,0.2697015071364549,0.6351326273122239,0.7954887218045112,100.0,50,score,20,facebook/esm2_t6_8M_UR50D,VG08_BPP22_Tsuboyama_2023_2GP8_indels,esm
GaussianProcessRegressor,0.0885032338568693,0.0563238954495028,0.2373265586686472,0.1735090060715471,0.8182260801279841,0.875187969924812,100.0,50,score,40,facebook/esm2_t6_8M_UR50D,VG08_BPP22_Tsuboyama_2023_2GP8_indels,esm
GaussianProcessRegressor,0.068521368023151,0.0531899922678755,0.2306295563623092,0.1807351425007862,0.8283401154104781,0.8842105263157894,100.0,50,score,60,facebook/esm2_t6_8M_UR50D,VG08_BPP22_Tsuboyama_2023_2GP8_indels,esm
GaussianProcessRegressor,0.0555448625948837,0.0609938625883278,0.2469693555652762,0.1921585236469074,0.8031547107611622,0.8225563909774435,100.0,50,score,80,facebook/esm2_t6_8M_UR50D,VG08_BPP22_Tsuboyama_2023_2GP8_indels,esm
GaussianProcessRegressor,0.0956405776456199,0.0858560587995892,0.2930120454854873,0.2392470542690385,0.7410047024075642,0.8781954887218045,100.0,51,score,20,facebook/esm2_t6_8M_UR50D,VG08_BPP22_Tsuboyama_2023_2GP8_indels,esm
GaussianProcessRegressor,0.071614169942998,0.0920965185818278,0.303474082224212,0.2431002806275159,0.7221795925549533,0.8571428571428572,100.0,51,score,40,facebook/esm2_t6_8M_UR50D,VG08_BPP22_Tsuboyama_2023_2GP8_indels,esm
GaussianProcessRegressor,0.0568722563006549,0.0892638853612325,0.2987706233237006,0.2369252273824506,0.7307245769648572,0.8406015037593983,100.0,51,score,60,facebook/esm2_t6_8M_UR50D,VG08_BPP22_Tsuboyama_2023_2GP8_indels,esm
GaussianProcessRegressor,0.0601252662367563,0.0975318493017839,0.3123008954546623,0.2431939353639121,0.7057832529487487,0.8225563909774435,100.0,51,score,80,facebook/esm2_t6_8M_UR50D,VG08_BPP22_Tsuboyama_2023_2GP8_indels,esm
GaussianProcessRegressor,0.4565910225908103,0.4343602004433148,0.6590600886439072,0.5585688120454984,0.5727910497526184,0.7609022556390977,100.0,42,score,20,facebook/esm2_t12_35M_UR50D,YNZC_BACSU_Tsuboyama_2023_2JVD_indels,esm
GaussianProcessRegressor,0.2486054658590208,0.1488422460361844,0.3858007854271223,0.3130283374636045,0.8536082734636294,0.8390977443609022,100.0,42,score,40,facebook/esm2_t12_35M_UR50D,YNZC_BACSU_Tsuboyama_2023_2JVD_indels,esm
GaussianProcessRegressor,0.13836995214072,0.1374016702202045,0.3706773127940318,0.2920815157468446,0.8648604931181514,0.7909774436090224,100.0,42,score,60,facebook/esm2_t12_35M_UR50D,YNZC_BACSU_Tsuboyama_2023_2JVD_indels,esm
GaussianProcessRegressor,0.1334091112129802,0.0903123493548881,0.3005201313637544,0.2427239967905463,0.911174541491373,0.806015037593985,100.0,42,score,80,facebook/esm2_t12_35M_UR50D,YNZC_BACSU_Tsuboyama_2023_2JVD_indels,esm
GaussianProcessRegressor,0.3328422625199526,0.3257147148659544,0.5707142147046579,0.4752989160660961,0.6427830067414209,0.7699248120300751,100.0,43,score,20,facebook/esm2_t12_35M_UR50D,YNZC_BACSU_Tsuboyama_2023_2JVD_indels,esm
GaussianProcessRegressor,0.308183442201265,0.195085250676755,0.4416845601521011,0.3786994664779918,0.7860466122799329,0.7593984962406014,100.0,43,score,40,facebook/esm2_t12_35M_UR50D,YNZC_BACSU_Tsuboyama_2023_2JVD_indels,esm
GaussianProcessRegressor,0.1901181672450376,0.1594345968297773,0.3992926205551228,0.3293657468522797,0.8251453044595626,0.7789473684210525,100.0,43,score,60,facebook/esm2_t12_35M_UR50D,YNZC_BACSU_Tsuboyama_2023_2JVD_indels,esm
GaussianProcessRegressor,0.1828393738494628,0.2191837693771775,0.4681706626617878,0.3503116392486351,0.7596173476527782,0.7669172932330827,100.0,43,score,80,facebook/esm2_t12_35M_UR50D,YNZC_BACSU_Tsuboyama_2023_2JVD_indels,esm
GaussianProcessRegressor,0.4629236869861218,0.3967074065850163,0.6298471295362204,0.4844545901468758,0.5927326107261521,0.6105263157894737,100.0,44,score,20,facebook/esm2_t12_35M_UR50D,YNZC_BACSU_Tsuboyama_2023_2JVD_indels,esm
GaussianProcessRegressor,0.2616313567736596,0.2684881279295543,0.5181584004236102,0.3801841650898559,0.7243649674852768,0.7488721804511278,100.0,44,score,40,facebook/esm2_t12_35M_UR50D,YNZC_BACSU_Tsuboyama_2023_2JVD_indels,esm
GaussianProcessRegressor,0.1970301292631699,0.2469244584569891,0.4969149408671359,0.3439017176831141,0.7465026418101793,0.7398496240601502,100.0,44,score,60,facebook/esm2_t12_35M_UR50D,YNZC_BACSU_Tsuboyama_2023_2JVD_indels,esm
GaussianProcessRegressor,0.1389739403044741,0.2210037402275012,0.4701103489900017,0.3328077399120919,0.7731133454829484,0.7533834586466165,100.0,44,score,80,facebook/esm2_t12_35M_UR50D,YNZC_BACSU_Tsuboyama_2023_2JVD_indels,esm
GaussianProcessRegressor,0.3199151572590776,0.5454721053464057,0.738560833883307,0.5903028044822054,0.5330140213032903,0.8045112781954886,100.0,45,score,20,facebook/esm2_t12_35M_UR50D,YNZC_BACSU_Tsuboyama_2023_2JVD_indels,esm
GaussianProcessRegressor,0.2471393142464561,0.3343762408210461,0.5782527482174609,0.4951674587688967,0.7137360196016267,0.8917293233082706,100.0,45,score,40,facebook/esm2_t12_35M_UR50D,YNZC_BACSU_Tsuboyama_2023_2JVD_indels,esm
GaussianProcessRegressor,0.1581545670310578,0.2544401911620506,0.504420649024255,0.4271418434541839,0.7821703428553314,0.9067669172932332,100.0,45,score,60,facebook/esm2_t12_35M_UR50D,YNZC_BACSU_Tsuboyama_2023_2JVD_indels,esm
GaussianProcessRegressor,0.1470944532261743,0.3119906285810028,0.5585612129220958,0.4657847224986123,0.7329006422068522,0.9097744360902256,100.0,45,score,80,facebook/esm2_t12_35M_UR50D,YNZC_BACSU_Tsuboyama_2023_2JVD_indels,esm
GaussianProcessRegressor,0.3776763077263482,0.6896746200513543,0.8304665074832063,0.6719651679174707,0.2216397223576939,0.7233082706766917,100.0,46,score,20,facebook/esm2_t12_35M_UR50D,YNZC_BACSU_Tsuboyama_2023_2JVD_indels,esm
GaussianProcessRegressor,0.2725403760188492,0.2069480650322692,0.4549154482233696,0.3973438585072664,0.766440363799293,0.932330827067669,100.0,46,score,40,facebook/esm2_t12_35M_UR50D,YNZC_BACSU_Tsuboyama_2023_2JVD_indels,esm
GaussianProcessRegressor,0.2196553315916696,0.1450086103364406,0.3807999610509968,0.2973124419363039,0.8363446487365411,0.918796992481203,100.0,46,score,60,facebook/esm2_t12_35M_UR50D,YNZC_BACSU_Tsuboyama_2023_2JVD_indels,esm
GaussianProcessRegressor,0.1483794499572676,0.1479732295747737,0.3846728864564979,0.291317762240685,0.8329988073986638,0.9052631578947368,100.0,46,score,80,facebook/esm2_t12_35M_UR50D,YNZC_BACSU_Tsuboyama_2023_2JVD_indels,esm
GaussianProcessRegressor,0.6711315648564642,0.559224550162226,0.7478131786497387,0.6157916933718005,0.3512698128302314,0.6030075187969924,100.0,47,score,20,facebook/esm2_t12_35M_UR50D,YNZC_BACSU_Tsuboyama_2023_2JVD_indels,esm
GaussianProcessRegressor,0.3457825097165038,0.3849038464438659,0.620406194717514,0.4566487993911351,0.5534910899862002,0.6240601503759398,100.0,47,score,40,facebook/esm2_t12_35M_UR50D,YNZC_BACSU_Tsuboyama_2023_2JVD_indels,esm
GaussianProcessRegressor,0.3204299733793275,0.4830522254525043,0.6950195863804878,0.5130653918696321,0.4396337561724169,0.875187969924812,100.0,47,score,60,facebook/esm2_t12_35M_UR50D,YNZC_BACSU_Tsuboyama_2023_2JVD_indels,esm
GaussianProcessRegressor,0.1923573908973119,0.1057877275487048,0.3252502537258117,0.2668965908168851,0.8772806160369255,0.918796992481203,100.0,47,score,80,facebook/esm2_t12_35M_UR50D,YNZC_BACSU_Tsuboyama_2023_2JVD_indels,esm
GaussianProcessRegressor,0.366361129835253,0.2197106763704071,0.4687330544888072,0.3431593945713841,0.7736956315559849,0.8796992481203006,100.0,48,score,20,facebook/esm2_t12_35M_UR50D,YNZC_BACSU_Tsuboyama_2023_2JVD_indels,esm
GaussianProcessRegressor,0.3184308134294348,0.1751138567920705,0.4184660760349285,0.3384380037625283,0.8196308371455048,0.8857142857142858,100.0,48,score,40,facebook/esm2_t12_35M_UR50D,YNZC_BACSU_Tsuboyama_2023_2JVD_indels,esm
GaussianProcessRegressor,0.2164876221310086,0.188584957706326,0.4342636960492162,0.3145747579407076,0.8057554577829351,0.8857142857142858,100.0,48,score,60,facebook/esm2_t12_35M_UR50D,YNZC_BACSU_Tsuboyama_2023_2JVD_indels,esm
GaussianProcessRegressor,0.1687142607834469,0.2231962356474351,0.4724364884801291,0.3084315897564084,0.7701054678739425,0.8360902255639097,100.0,48,score,80,facebook/esm2_t12_35M_UR50D,YNZC_BACSU_Tsuboyama_2023_2JVD_indels,esm
GaussianProcessRegressor,0.2706283503787245,0.7507283847699667,0.8664458348736906,0.7152904164241747,0.2580907624329014,0.6766917293233082,100.0,49,score,20,facebook/esm2_t12_35M_UR50D,YNZC_BACSU_Tsuboyama_2023_2JVD_indels,esm
GaussianProcessRegressor,0.2571418796481072,0.3311073597994758,0.5754192904304442,0.478926279966744,0.672782308694835,0.706766917293233,100.0,49,score,40,facebook/esm2_t12_35M_UR50D,YNZC_BACSU_Tsuboyama_2023_2JVD_indels,esm
GaussianProcessRegressor,0.2561161941546996,0.1473729188870162,0.3838918062254211,0.3131487215638772,0.8543583377055785,0.7142857142857143,100.0,49,score,60,facebook/esm2_t12_35M_UR50D,YNZC_BACSU_Tsuboyama_2023_2JVD_indels,esm
GaussianProcessRegressor,0.152612079292475,0.1742311991762201,0.4174101090968212,0.3519944103654637,0.8278155738298894,0.7578947368421052,100.0,49,score,80,facebook/esm2_t12_35M_UR50D,YNZC_BACSU_Tsuboyama_2023_2JVD_indels,esm
GaussianProcessRegressor,0.6014395130935609,0.2837145657367578,0.5326486325306372,0.4206651360517704,0.757289372872185,0.8676691729323308,100.0,50,score,20,facebook/esm2_t12_35M_UR50D,YNZC_BACSU_Tsuboyama_2023_2JVD_indels,esm
GaussianProcessRegressor,0.3346847699763889,0.3425501976961225,0.5852778807507786,0.4285779315278464,0.7069569794921132,0.875187969924812,100.0,50,score,40,facebook/esm2_t12_35M_UR50D,YNZC_BACSU_Tsuboyama_2023_2JVD_indels,esm
GaussianProcessRegressor,0.1830808617760381,0.298772399653428,0.5466007680688237,0.4218864523625839,0.744407777231824,0.8466165413533834,100.0,50,score,60,facebook/esm2_t12_35M_UR50D,YNZC_BACSU_Tsuboyama_2023_2JVD_indels,esm
GaussianProcessRegressor,0.1779754461411647,0.1345579627663682,0.366821431716262,0.2911680505336022,0.8848890699592474,0.9398496240601504,100.0,50,score,80,facebook/esm2_t12_35M_UR50D,YNZC_BACSU_Tsuboyama_2023_2JVD_indels,esm
GaussianProcessRegressor,0.5198885119790221,0.3150020398898209,0.5612504252914388,0.4557565658514904,0.7303321053251244,0.8075187969924811,100.0,51,score,20,facebook/esm2_t12_35M_UR50D,YNZC_BACSU_Tsuboyama_2023_2JVD_indels,esm
GaussianProcessRegressor,0.2537126527055828,0.3361603234914131,0.5797933455045972,0.4375895611923764,0.7122188581989437,0.8090225563909773,100.0,51,score,40,facebook/esm2_t12_35M_UR50D,YNZC_BACSU_Tsuboyama_2023_2JVD_indels,esm
GaussianProcessRegressor,0.1672835629711639,0.2632437525454688,0.5130728530583828,0.3956317055539146,0.7746414957818041,0.8511278195488721,100.0,51,score,60,facebook/esm2_t12_35M_UR50D,YNZC_BACSU_Tsuboyama_2023_2JVD_indels,esm
GaussianProcessRegressor,0.1288546927819847,0.3084692544986718,0.5554000850726184,0.3874887825903103,0.7359247119108154,0.7969924812030074,100.0,51,score,80,facebook/esm2_t12_35M_UR50D,YNZC_BACSU_Tsuboyama_2023_2JVD_indels,esm
GaussianProcessRegressor,0.1524691696820071,0.1653920613054501,0.4066842280018369,0.3121930941813599,0.8373309322137749,0.8541353383458646,100.0,42,score,20,facebook/esm2_t30_150M_UR50D,YNZC_BACSU_Tsuboyama_2023_2JVD_indels,esm
GaussianProcessRegressor,0.1399670414665882,0.2880683212037739,0.5367199653485735,0.4168165192399094,0.7166743984016322,0.8481203007518796,100.0,42,score,40,facebook/esm2_t30_150M_UR50D,YNZC_BACSU_Tsuboyama_2023_2JVD_indels,esm
GaussianProcessRegressor,0.1743938849652396,0.0627942611237683,0.2505878311565994,0.2048359479312764,0.9382395754747656,0.9157894736842104,100.0,42,score,60,facebook/esm2_t30_150M_UR50D,YNZC_BACSU_Tsuboyama_2023_2JVD_indels,esm
GaussianProcessRegressor,0.149434069248022,0.0407024541783666,0.2017484923818926,0.1578897434064018,0.9599676657661425,0.918796992481203,100.0,42,score,80,facebook/esm2_t30_150M_UR50D,YNZC_BACSU_Tsuboyama_2023_2JVD_indels,esm
GaussianProcessRegressor,0.4028387651747307,0.2020094475380771,0.4494546112101611,0.3386210393224235,0.778452725142995,0.7714285714285714,100.0,43,score,20,facebook/esm2_t30_150M_UR50D,YNZC_BACSU_Tsuboyama_2023_2JVD_indels,esm
GaussianProcessRegressor,0.2152657309705177,0.2607394698128317,0.5106265463260129,0.3759837260254003,0.7140424881672688,0.7338345864661654,100.0,43,score,40,facebook/esm2_t30_150M_UR50D,YNZC_BACSU_Tsuboyama_2023_2JVD_indels,esm
GaussianProcessRegressor,0.1417444746260498,0.1646859984955943,0.405815227037619,0.2762087463710013,0.8193860009100492,0.7909774436090224,100.0,43,score,60,facebook/esm2_t30_150M_UR50D,YNZC_BACSU_Tsuboyama_2023_2JVD_indels,esm
GaussianProcessRegressor,0.1146343043648411,0.1362323315155729,0.3690966425146305,0.2640523037602282,0.8505916324086663,0.7969924812030074,100.0,43,score,80,facebook/esm2_t30_150M_UR50D,YNZC_BACSU_Tsuboyama_2023_2JVD_indels,esm
GaussianProcessRegressor,0.1013929948241704,0.3441004004785902,0.5866007163979517,0.4531024348218316,0.6467399664720701,0.8285714285714285,100.0,44,score,20,facebook/esm2_t30_150M_UR50D,YNZC_BACSU_Tsuboyama_2023_2JVD_indels,esm
GaussianProcessRegressor,0.1551824224482014,0.0942419243311566,0.3069884758930808,0.2258975746857025,0.9032494431780458,0.8887218045112781,100.0,44,score,40,facebook/esm2_t30_150M_UR50D,YNZC_BACSU_Tsuboyama_2023_2JVD_indels,esm
GaussianProcessRegressor,0.1037546689347896,0.1305083320553208,0.3612593695052363,0.2675433381695046,0.8660176573656578,0.8676691729323308,100.0,44,score,60,facebook/esm2_t30_150M_UR50D,YNZC_BACSU_Tsuboyama_2023_2JVD_indels,esm
GaussianProcessRegressor,0.1075743842821256,0.101687743581306,0.3188851573549732,0.2431846116648364,0.8956054231353713,0.8706766917293233,100.0,44,score,80,facebook/esm2_t30_150M_UR50D,YNZC_BACSU_Tsuboyama_2023_2JVD_indels,esm
GaussianProcessRegressor,0.1771845964080338,0.4244890760289471,0.65152826188044,0.5318355781833493,0.6365892138708866,0.7157894736842104,100.0,45,score,20,facebook/esm2_t30_150M_UR50D,YNZC_BACSU_Tsuboyama_2023_2JVD_indels,esm
GaussianProcessRegressor,0.1064987365116743,0.2815283826781217,0.5305924826815036,0.4496894685250381,0.7589797791174789,0.8165413533834586,100.0,45,score,40,facebook/esm2_t30_150M_UR50D,YNZC_BACSU_Tsuboyama_2023_2JVD_indels,esm
GaussianProcessRegressor,0.1056699333749212,0.2550824674858086,0.5050568952957762,0.4211568671284804,0.7816204814880789,0.8421052631578947,100.0,45,score,60,facebook/esm2_t30_150M_UR50D,YNZC_BACSU_Tsuboyama_2023_2JVD_indels,esm
GaussianProcessRegressor,0.1162400670420138,0.2075631173748542,0.4555909540090258,0.3834155924462318,0.8223024338759158,0.9022556390977444,100.0,45,score,80,facebook/esm2_t30_150M_UR50D,YNZC_BACSU_Tsuboyama_2023_2JVD_indels,esm
GaussianProcessRegressor,0.1779879948972511,0.242958917963815,0.4929086304416012,0.3871524634551782,0.7257988544976355,0.918796992481203,100.0,46,score,20,facebook/esm2_t30_150M_UR50D,YNZC_BACSU_Tsuboyama_2023_2JVD_indels,esm
GaussianProcessRegressor,0.0946957446198808,0.2421688387197743,0.4921065318808258,0.3644679093410768,0.7266905304878368,0.9172932330827066,100.0,46,score,40,facebook/esm2_t30_150M_UR50D,YNZC_BACSU_Tsuboyama_2023_2JVD_indels,esm
GaussianProcessRegressor,0.1449258097848839,0.1642395326122952,0.4052647685307659,0.3101944063892625,0.8146408110618458,0.918796992481203,100.0,46,score,60,facebook/esm2_t30_150M_UR50D,YNZC_BACSU_Tsuboyama_2023_2JVD_indels,esm
GaussianProcessRegressor,0.1046302150187428,0.1305367855660858,0.3612987483594232,0.2538737799242195,0.8526774138097367,0.9278195488721804,100.0,46,score,80,facebook/esm2_t30_150M_UR50D,YNZC_BACSU_Tsuboyama_2023_2JVD_indels,esm
GaussianProcessRegressor,0.2143250880392707,0.3109355668993864,0.5576159672206189,0.4505618353947423,0.6392982238461065,0.7849624060150376,100.0,47,score,20,facebook/esm2_t30_150M_UR50D,YNZC_BACSU_Tsuboyama_2023_2JVD_indels,esm
GaussianProcessRegressor,0.1129929651518694,0.3074364457186237,0.5544695173935387,0.4148663291945936,0.6433573903077137,0.7849624060150376,100.0,47,score,40,facebook/esm2_t30_150M_UR50D,YNZC_BACSU_Tsuboyama_2023_2JVD_indels,esm
GaussianProcessRegressor,0.0998390832464142,0.3103484443760989,0.5570892606899713,0.3870865776254498,0.6399793171641903,0.801503759398496,100.0,47,score,60,facebook/esm2_t30_150M_UR50D,YNZC_BACSU_Tsuboyama_2023_2JVD_indels,esm
GaussianProcessRegressor,0.0792812972478937,0.2180965078539,0.4670080383182928,0.3382719987674619,0.7469964644433265,0.806015037593985,100.0,47,score,80,facebook/esm2_t30_150M_UR50D,YNZC_BACSU_Tsuboyama_2023_2JVD_indels,esm
GaussianProcessRegressor,0.1476543349072678,0.1214462584638357,0.3484914037158388,0.258243960563037,0.8749090427667138,0.8586466165413533,100.0,48,score,20,facebook/esm2_t30_150M_UR50D,YNZC_BACSU_Tsuboyama_2023_2JVD_indels,esm
GaussianProcessRegressor,0.0896498258330418,0.1191457719236769,0.3451749873957801,0.2551208482399431,0.8772785687368897,0.8526315789473683,100.0,48,score,40,facebook/esm2_t30_150M_UR50D,YNZC_BACSU_Tsuboyama_2023_2JVD_indels,esm
GaussianProcessRegressor,0.1213534000521587,0.1237025450810645,0.3517137260344903,0.2466309746168499,0.8725850431942952,0.8270676691729323,100.0,48,score,60,facebook/esm2_t30_150M_UR50D,YNZC_BACSU_Tsuboyama_2023_2JVD_indels,esm
GaussianProcessRegressor,0.0958396697245501,0.0918130068039142,0.3030066118155085,0.2201391697875853,0.9054316118681592,0.8676691729323308,100.0,48,score,80,facebook/esm2_t30_150M_UR50D,YNZC_BACSU_Tsuboyama_2023_2JVD_indels,esm
GaussianProcessRegressor,0.2034878057713253,0.231164067990085,0.4807952453904729,0.340172988955332,0.7715515212762554,0.6992481203007518,100.0,49,score,20,facebook/esm2_t30_150M_UR50D,YNZC_BACSU_Tsuboyama_2023_2JVD_indels,esm
GaussianProcessRegressor,0.121685415962826,0.2103757127144043,0.4586673224837413,0.3268460297883052,0.7920956663035945,0.6887218045112782,100.0,49,score,40,facebook/esm2_t30_150M_UR50D,YNZC_BACSU_Tsuboyama_2023_2JVD_indels,esm
GaussianProcessRegressor,0.1322118448904269,0.1890259121806226,0.4347711032033093,0.2937421807075479,0.8131946610366644,0.7157894736842104,100.0,49,score,60,facebook/esm2_t30_150M_UR50D,YNZC_BACSU_Tsuboyama_2023_2JVD_indels,esm
GaussianProcessRegressor,0.0909999953075394,0.1606569357158481,0.4008203284713091,0.2755187908492619,0.8412303742540206,0.6887218045112782,100.0,49,score,80,facebook/esm2_t30_150M_UR50D,YNZC_BACSU_Tsuboyama_2023_2JVD_indels,esm
GaussianProcessRegressor,0.4134192159190479,0.1518139055075225,0.3896330395481401,0.3335459700174857,0.8701270478772609,0.8796992481203006,100.0,50,score,20,facebook/esm2_t30_150M_UR50D,YNZC_BACSU_Tsuboyama_2023_2JVD_indels,esm
GaussianProcessRegressor,0.1991580242615128,0.1324207766455557,0.3638966565462724,0.2842605003694813,0.8867173785704893,0.932330827067669,100.0,50,score,40,facebook/esm2_t30_150M_UR50D,YNZC_BACSU_Tsuboyama_2023_2JVD_indels,esm
GaussianProcessRegressor,0.1053636059728354,0.1115166412149259,0.3339410744651306,0.2546151954329044,0.9046003371234193,0.9458646616541352,100.0,50,score,60,facebook/esm2_t30_150M_UR50D,YNZC_BACSU_Tsuboyama_2023_2JVD_indels,esm
GaussianProcessRegressor,0.1064899232145129,0.1199670944343031,0.3463626631643531,0.2754314557553685,0.8973711883658883,0.9278195488721804,100.0,50,score,80,facebook/esm2_t30_150M_UR50D,YNZC_BACSU_Tsuboyama_2023_2JVD_indels,esm
GaussianProcessRegressor,0.1536795634937332,0.3894550224110252,0.6240633160273285,0.4801838143143859,0.6665941718952929,0.7353383458646616,100.0,51,score,20,facebook/esm2_t30_150M_UR50D,YNZC_BACSU_Tsuboyama_2023_2JVD_indels,esm
GaussianProcessRegressor,0.1674428274306679,0.1869796970913338,0.4324114904709794,0.349150664259702,0.8399298579805947,0.7699248120300751,100.0,51,score,40,facebook/esm2_t30_150M_UR50D,YNZC_BACSU_Tsuboyama_2023_2JVD_indels,esm
GaussianProcessRegressor,0.1125363474028728,0.1588611670201593,0.3985739166329871,0.3390257737308341,0.8640016538594342,0.7654135338345864,100.0,51,score,60,facebook/esm2_t30_150M_UR50D,YNZC_BACSU_Tsuboyama_2023_2JVD_indels,esm
GaussianProcessRegressor,0.0858531363626381,0.1479822886118413,0.3846846612640557,0.30386969766421,0.8733148768398987,0.7684210526315788,100.0,51,score,80,facebook/esm2_t30_150M_UR50D,YNZC_BACSU_Tsuboyama_2023_2JVD_indels,esm
GaussianProcessRegressor,0.171668143280786,0.1162719294872447,0.3409866998685502,0.2630314691652153,0.885642356530854,0.8390977443609022,100.0,42,score,20,facebook/esm2_t33_650M_UR50D,YNZC_BACSU_Tsuboyama_2023_2JVD_indels,esm
GaussianProcessRegressor,0.1424062464084261,0.2121379586672987,0.460584366503357,0.3663858980996141,0.7913546532638498,0.8210526315789473,100.0,42,score,40,facebook/esm2_t33_650M_UR50D,YNZC_BACSU_Tsuboyama_2023_2JVD_indels,esm
GaussianProcessRegressor,0.1319078236039265,0.1127734202557518,0.3358175401252172,0.2638831508116209,0.8890832667585669,0.8646616541353382,100.0,42,score,60,facebook/esm2_t33_650M_UR50D,YNZC_BACSU_Tsuboyama_2023_2JVD_indels,esm
GaussianProcessRegressor,0.10199820116653,0.1033244003063747,0.3214411303899592,0.2522846751788462,0.898376719264851,0.8736842105263156,100.0,42,score,80,facebook/esm2_t33_650M_UR50D,YNZC_BACSU_Tsuboyama_2023_2JVD_indels,esm
GaussianProcessRegressor,0.3115934572063651,0.1086801750119892,0.329666763584061,0.2617331567378785,0.8808085616869473,0.7834586466165413,100.0,43,score,20,facebook/esm2_t33_650M_UR50D,YNZC_BACSU_Tsuboyama_2023_2JVD_indels,esm
GaussianProcessRegressor,0.198121214373935,0.0981604383152644,0.3133056627564597,0.265898797087518,0.8923457399020073,0.7729323308270677,100.0,43,score,40,facebook/esm2_t33_650M_UR50D,YNZC_BACSU_Tsuboyama_2023_2JVD_indels,esm
GaussianProcessRegressor,0.1379281932223367,0.0579215207592901,0.2406689027674537,0.2022922878174479,0.9364764606993176,0.8390977443609022,100.0,43,score,60,facebook/esm2_t33_650M_UR50D,YNZC_BACSU_Tsuboyama_2023_2JVD_indels,esm
GaussianProcessRegressor,0.1079206444739641,0.0508249469233869,0.2254438886361459,0.196512074851744,0.944259396662595,0.8466165413533834,100.0,43,score,80,facebook/esm2_t33_650M_UR50D,YNZC_BACSU_Tsuboyama_2023_2JVD_indels,esm
GaussianProcessRegressor,0.1444835523900339,0.2608520123675019,0.5107367348913743,0.3470390325356053,0.732204349350924,0.8030075187969924,100.0,44,score,20,facebook/esm2_t33_650M_UR50D,YNZC_BACSU_Tsuboyama_2023_2JVD_indels,esm
GaussianProcessRegressor,0.1347448202363018,0.2230579907205089,0.4722901552229402,0.3379778259380966,0.7710044127498701,0.8601503759398496,100.0,44,score,40,facebook/esm2_t33_650M_UR50D,YNZC_BACSU_Tsuboyama_2023_2JVD_indels,esm
GaussianProcessRegressor,0.1144897254726055,0.116469097075041,0.3412756907179898,0.2754689808237032,0.8804306037410244,0.7924812030075187,100.0,44,score,60,facebook/esm2_t33_650M_UR50D,YNZC_BACSU_Tsuboyama_2023_2JVD_indels,esm
GaussianProcessRegressor,0.0804830714431728,0.0946422078266919,0.3076397370735646,0.2412553092545618,0.9028385045076556,0.837593984962406,100.0,44,score,80,facebook/esm2_t33_650M_UR50D,YNZC_BACSU_Tsuboyama_2023_2JVD_indels,esm
GaussianProcessRegressor,0.2002718728316509,0.4139636545762221,0.6434000734972153,0.5016569105149679,0.6456001682168924,0.7082706766917292,100.0,45,score,20,facebook/esm2_t33_650M_UR50D,YNZC_BACSU_Tsuboyama_2023_2JVD_indels,esm
GaussianProcessRegressor,0.1807940289331278,0.1673031332723903,0.4090270568952504,0.3411760274224761,0.8567695457485999,0.8586466165413533,100.0,45,score,40,facebook/esm2_t33_650M_UR50D,YNZC_BACSU_Tsuboyama_2023_2JVD_indels,esm
GaussianProcessRegressor,0.0833139125867039,0.1604163810756423,0.4005201381649146,0.3353334737094037,0.8626653865865063,0.8706766917293233,100.0,45,score,60,facebook/esm2_t33_650M_UR50D,YNZC_BACSU_Tsuboyama_2023_2JVD_indels,esm
GaussianProcessRegressor,0.0873687966360203,0.1264617782335736,0.355614648508148,0.319727366371735,0.8917343770702485,0.9067669172932332,100.0,45,score,80,facebook/esm2_t33_650M_UR50D,YNZC_BACSU_Tsuboyama_2023_2JVD_indels,esm
GaussianProcessRegressor,0.1974064288995287,0.2046736548721092,0.4524087254597431,0.3428070989242904,0.7690072416751279,0.8842105263157894,100.0,46,score,20,facebook/esm2_t33_650M_UR50D,YNZC_BACSU_Tsuboyama_2023_2JVD_indels,esm
GaussianProcessRegressor,0.1043322899046976,0.2376029712040255,0.4874453520180755,0.3816301617847973,0.731843525543638,0.9037593984962404,100.0,46,score,40,facebook/esm2_t33_650M_UR50D,YNZC_BACSU_Tsuboyama_2023_2JVD_indels,esm
GaussianProcessRegressor,0.1428482375851995,0.124465456021521,0.3527966213295148,0.2628859153602165,0.8595294591258504,0.918796992481203,100.0,46,score,60,facebook/esm2_t33_650M_UR50D,YNZC_BACSU_Tsuboyama_2023_2JVD_indels,esm
GaussianProcessRegressor,0.0945889157093838,0.1054430506138502,0.3247199572152137,0.2394083405644727,0.8809979666278905,0.9368421052631578,100.0,46,score,80,facebook/esm2_t33_650M_UR50D,YNZC_BACSU_Tsuboyama_2023_2JVD_indels,esm
GaussianProcessRegressor,0.2190430568035254,0.2889068585870956,0.5375005661272326,0.356479385366783,0.6648526957704793,0.7819548872180451,100.0,47,score,20,facebook/esm2_t33_650M_UR50D,YNZC_BACSU_Tsuboyama_2023_2JVD_indels,esm
GaussianProcessRegressor,0.1326069149360449,0.1552087075916652,0.3939653634415914,0.3404842100446897,0.8199496536818529,0.8586466165413533,100.0,47,score,40,facebook/esm2_t33_650M_UR50D,YNZC_BACSU_Tsuboyama_2023_2JVD_indels,esm
GaussianProcessRegressor,0.0973169137081797,0.1267590585022409,0.3560323840639232,0.2892002977419343,0.8529527580222157,0.8812030075187969,100.0,47,score,60,facebook/esm2_t33_650M_UR50D,YNZC_BACSU_Tsuboyama_2023_2JVD_indels,esm
GaussianProcessRegressor,0.0774000329434995,0.0876600188823484,0.2960743468832591,0.254134568571448,0.8983097211301712,0.9278195488721804,100.0,47,score,80,facebook/esm2_t33_650M_UR50D,YNZC_BACSU_Tsuboyama_2023_2JVD_indels,esm
GaussianProcessRegressor,0.223871681538174,0.0940761726207884,0.3067183930265488,0.2581573150229124,0.9031005266458448,0.8812030075187969,100.0,48,score,20,facebook/esm2_t33_650M_UR50D,YNZC_BACSU_Tsuboyama_2023_2JVD_indels,esm
GaussianProcessRegressor,0.0938799477289876,0.1138475089041552,0.337412964931929,0.265776882106426,0.882735836841885,0.8872180451127819,100.0,48,score,40,facebook/esm2_t33_650M_UR50D,YNZC_BACSU_Tsuboyama_2023_2JVD_indels,esm
GaussianProcessRegressor,0.1392391126354691,0.0776024960237204,0.2785722456091425,0.2037251193542118,0.9200685913745944,0.9172932330827066,100.0,48,score,60,facebook/esm2_t33_650M_UR50D,YNZC_BACSU_Tsuboyama_2023_2JVD_indels,esm
GaussianProcessRegressor,0.1059947523885288,0.0427469988356355,0.2067534735757431,0.1614784694327476,0.9559701297443254,0.9112781954887216,100.0,48,score,80,facebook/esm2_t33_650M_UR50D,YNZC_BACSU_Tsuboyama_2023_2JVD_indels,esm
GaussianProcessRegressor,0.1151420150581559,0.2197321778192281,0.4687559896355759,0.3261746915467756,0.7828491158426445,0.7548872180451127,100.0,49,score,20,facebook/esm2_t33_650M_UR50D,YNZC_BACSU_Tsuboyama_2023_2JVD_indels,esm
GaussianProcessRegressor,0.1027427528458953,0.1579743897293973,0.3974599221675027,0.3266654104247445,0.843881407154763,0.7112781954887217,100.0,49,score,40,facebook/esm2_t33_650M_UR50D,YNZC_BACSU_Tsuboyama_2023_2JVD_indels,esm
GaussianProcessRegressor,0.1069438727759376,0.1231960511962692,0.3509929503512417,0.2797955709407594,0.8782511887540956,0.7669172932330827,100.0,49,score,60,facebook/esm2_t33_650M_UR50D,YNZC_BACSU_Tsuboyama_2023_2JVD_indels,esm
GaussianProcessRegressor,0.0876345609413008,0.1046141734698885,0.3234411437493513,0.2580682881579965,0.8966147767257538,0.7954887218045112,100.0,49,score,80,facebook/esm2_t33_650M_UR50D,YNZC_BACSU_Tsuboyama_2023_2JVD_indels,esm
GaussianProcessRegressor,0.2532941278128258,0.2656897545062681,0.5154510204726227,0.3897964998473689,0.7727091424784863,0.8616541353383457,100.0,50,score,20,facebook/esm2_t33_650M_UR50D,YNZC_BACSU_Tsuboyama_2023_2JVD_indels,esm
GaussianProcessRegressor,0.1087648434271027,0.163384909458153,0.4042089923024388,0.3209411937984855,0.860228346983766,0.918796992481203,100.0,50,score,40,facebook/esm2_t33_650M_UR50D,YNZC_BACSU_Tsuboyama_2023_2JVD_indels,esm
GaussianProcessRegressor,0.0877519330842934,0.1022524346746096,0.3197693460521343,0.2501948889099799,0.9125256312421852,0.9398496240601504,100.0,50,score,60,facebook/esm2_t33_650M_UR50D,YNZC_BACSU_Tsuboyama_2023_2JVD_indels,esm
GaussianProcessRegressor,0.0950681490264553,0.0998228889916048,0.3159476048201741,0.2522268068885335,0.9146040460561248,0.950375939849624,100.0,50,score,80,facebook/esm2_t33_650M_UR50D,YNZC_BACSU_Tsuboyama_2023_2JVD_indels,esm
GaussianProcessRegressor,0.147848832984888,0.4876071437048027,0.6982887251737656,0.4933566174189779,0.5825678083948408,0.6842105263157895,100.0,51,score,20,facebook/esm2_t33_650M_UR50D,YNZC_BACSU_Tsuboyama_2023_2JVD_indels,esm
GaussianProcessRegressor,0.1546241080366551,0.2516125152335599,0.5016099233802696,0.3619754025762529,0.7845988004375561,0.7548872180451127,100.0,51,score,40,facebook/esm2_t33_650M_UR50D,YNZC_BACSU_Tsuboyama_2023_2JVD_indels,esm
GaussianProcessRegressor,0.081887134946668,0.1847219176990932,0.4297928776737618,0.3393671844636295,0.8418627045601244,0.7624060150375939,100.0,51,score,60,facebook/esm2_t33_650M_UR50D,YNZC_BACSU_Tsuboyama_2023_2JVD_indels,esm
GaussianProcessRegressor,0.06392913469865,0.1685808227648304,0.4105859505205097,0.3370499172669118,0.8556808217068971,0.7909774436090224,100.0,51,score,80,facebook/esm2_t33_650M_UR50D,YNZC_BACSU_Tsuboyama_2023_2JVD_indels,esm
GaussianProcessRegressor,0.4369236243725333,0.2569194709787559,0.5068722432514489,0.379301617284923,0.7473104179827574,0.8390977443609022,100.0,42,score,20,facebook/esm2_t6_8M_UR50D,YNZC_BACSU_Tsuboyama_2023_2JVD_indels,esm
GaussianProcessRegressor,0.2432728054344604,0.2186776054509182,0.4676297739140636,0.3381037932734984,0.7849226743795796,0.8451127819548873,100.0,42,score,40,facebook/esm2_t6_8M_UR50D,YNZC_BACSU_Tsuboyama_2023_2JVD_indels,esm
GaussianProcessRegressor,0.1962588640066343,0.1585396099008161,0.3981703277503436,0.3116360982561165,0.8440705657442114,0.8150375939849623,100.0,42,score,60,facebook/esm2_t6_8M_UR50D,YNZC_BACSU_Tsuboyama_2023_2JVD_indels,esm
GaussianProcessRegressor,0.1927249975713015,0.1280057284400578,0.3577788820487563,0.2899204286149998,0.8741017413273224,0.8120300751879698,100.0,42,score,80,facebook/esm2_t6_8M_UR50D,YNZC_BACSU_Tsuboyama_2023_2JVD_indels,esm
GaussianProcessRegressor,0.304670525191642,0.3897865119460381,0.6243288492021157,0.5163117935557965,0.5725143524221326,0.6887218045112782,100.0,43,score,20,facebook/esm2_t6_8M_UR50D,YNZC_BACSU_Tsuboyama_2023_2JVD_indels,esm
GaussianProcessRegressor,0.2581994278346921,0.3522507732925348,0.5935071804894485,0.4978577815208798,0.6136804498981474,0.7518796992481201,100.0,43,score,40,facebook/esm2_t6_8M_UR50D,YNZC_BACSU_Tsuboyama_2023_2JVD_indels,esm
GaussianProcessRegressor,0.2538192321340517,0.285918737140063,0.5347136964208632,0.3968654478295027,0.6864279477226066,0.7533834586466165,100.0,43,score,60,facebook/esm2_t6_8M_UR50D,YNZC_BACSU_Tsuboyama_2023_2JVD_indels,esm
GaussianProcessRegressor,0.2364404435027032,0.2727109155271285,0.5222173068054414,0.3951457951931832,0.7009131954216852,0.7609022556390977,100.0,43,score,80,facebook/esm2_t6_8M_UR50D,YNZC_BACSU_Tsuboyama_2023_2JVD_indels,esm
GaussianProcessRegressor,0.4831218701338468,0.3908629197954079,0.6251903068629647,0.491135081878239,0.5987326723255546,0.7308270676691728,100.0,44,score,20,facebook/esm2_t6_8M_UR50D,YNZC_BACSU_Tsuboyama_2023_2JVD_indels,esm
GaussianProcessRegressor,0.3118971930876338,0.3596363645741148,0.5996968939173479,0.4735291108029527,0.6307904494426204,0.7744360902255639,100.0,44,score,40,facebook/esm2_t6_8M_UR50D,YNZC_BACSU_Tsuboyama_2023_2JVD_indels,esm
GaussianProcessRegressor,0.1934895857126403,0.3286057981619165,0.5732414832877297,0.4585941674061991,0.662647020710534,0.7684210526315788,100.0,44,score,60,facebook/esm2_t6_8M_UR50D,YNZC_BACSU_Tsuboyama_2023_2JVD_indels,esm
GaussianProcessRegressor,0.1779455475796764,0.2742126678126136,0.5236531942159941,0.4372842057803449,0.7184880456676652,0.7864661654135338,100.0,44,score,80,facebook/esm2_t6_8M_UR50D,YNZC_BACSU_Tsuboyama_2023_2JVD_indels,esm
GaussianProcessRegressor,0.5883219875024883,0.7624890612536245,0.8732061962982308,0.737814758844334,0.3472228973304996,0.6992481203007518,100.0,45,score,20,facebook/esm2_t6_8M_UR50D,YNZC_BACSU_Tsuboyama_2023_2JVD_indels,esm
GaussianProcessRegressor,0.2277844403638477,0.5560548297320391,0.7456908405847822,0.6792704761288826,0.5239540091485642,0.7203007518796991,100.0,45,score,40,facebook/esm2_t6_8M_UR50D,YNZC_BACSU_Tsuboyama_2023_2JVD_indels,esm
GaussianProcessRegressor,0.1575051691768271,0.5105038511843543,0.7144955221583648,0.6242368046509266,0.5629508122649667,0.7654135338345864,100.0,45,score,60,facebook/esm2_t6_8M_UR50D,YNZC_BACSU_Tsuboyama_2023_2JVD_indels,esm
GaussianProcessRegressor,0.1370593074509967,0.5165874974722634,0.7187402155662805,0.6300138243993362,0.5577425211572122,0.7609022556390977,100.0,45,score,80,facebook/esm2_t6_8M_UR50D,YNZC_BACSU_Tsuboyama_2023_2JVD_indels,esm
GaussianProcessRegressor,0.2972109289267188,0.7925967937198763,0.8902790538476553,0.7591535003354526,0.1054827269527952,0.7443609022556391,100.0,46,score,20,facebook/esm2_t6_8M_UR50D,YNZC_BACSU_Tsuboyama_2023_2JVD_indels,esm
GaussianProcessRegressor,0.2157855983259021,0.3866741129582524,0.6218312576240056,0.4772636412381797,0.5636032396017896,0.849624060150376,100.0,46,score,40,facebook/esm2_t6_8M_UR50D,YNZC_BACSU_Tsuboyama_2023_2JVD_indels,esm
GaussianProcessRegressor,0.2949780229586804,0.2062585292366038,0.4541569433979886,0.3062258217201608,0.7672185674010414,0.9293233082706768,100.0,46,score,60,facebook/esm2_t6_8M_UR50D,YNZC_BACSU_Tsuboyama_2023_2JVD_indels,esm
GaussianProcessRegressor,0.2109171048545274,0.1726619381013126,0.4155260979785898,0.3000627622622527,0.8051353635881378,0.9067669172932332,100.0,46,score,80,facebook/esm2_t6_8M_UR50D,YNZC_BACSU_Tsuboyama_2023_2JVD_indels,esm
GaussianProcessRegressor,0.4646679346656066,0.7411432432100282,0.8608967668716315,0.6433167775682106,0.1402344644065167,0.6706766917293233,100.0,47,score,20,facebook/esm2_t6_8M_UR50D,YNZC_BACSU_Tsuboyama_2023_2JVD_indels,esm
GaussianProcessRegressor,0.3740648137908362,0.2785436383127618,0.5277723356834477,0.4213810718414102,0.6768745818380704,0.793984962406015,100.0,47,score,40,facebook/esm2_t6_8M_UR50D,YNZC_BACSU_Tsuboyama_2023_2JVD_indels,esm
GaussianProcessRegressor,0.3232506367076955,0.2562320087506605,0.5061936474815351,0.4241593290068296,0.7027572574425044,0.849624060150376,100.0,47,score,60,facebook/esm2_t6_8M_UR50D,YNZC_BACSU_Tsuboyama_2023_2JVD_indels,esm
GaussianProcessRegressor,0.2167507316102526,0.1652731063937476,0.406537951972196,0.3325010226237432,0.808274416397059,0.9067669172932332,100.0,47,score,80,facebook/esm2_t6_8M_UR50D,YNZC_BACSU_Tsuboyama_2023_2JVD_indels,esm
GaussianProcessRegressor,0.394499842027569,0.2930173794807945,0.5413107974914176,0.4085953594955632,0.698188936004509,0.825563909774436,100.0,48,score,20,facebook/esm2_t6_8M_UR50D,YNZC_BACSU_Tsuboyama_2023_2JVD_indels,esm
GaussianProcessRegressor,0.3165259039318103,0.2093877222357424,0.4575890320317374,0.3791979527672086,0.7843283857512493,0.8947368421052632,100.0,48,score,40,facebook/esm2_t6_8M_UR50D,YNZC_BACSU_Tsuboyama_2023_2JVD_indels,esm
GaussianProcessRegressor,0.2708161879811095,0.2111581035458594,0.459519426733908,0.3869407849855474,0.7825048738905162,0.9067669172932332,100.0,48,score,60,facebook/esm2_t6_8M_UR50D,YNZC_BACSU_Tsuboyama_2023_2JVD_indels,esm
GaussianProcessRegressor,0.2107538362191146,0.1989760309629802,0.4460672942090468,0.3619287052716505,0.7950525401566738,0.8947368421052632,100.0,48,score,80,facebook/esm2_t6_8M_UR50D,YNZC_BACSU_Tsuboyama_2023_2JVD_indels,esm
GaussianProcessRegressor,0.1984201324908585,0.5175080743276582,0.719380340520686,0.5847999351475796,0.4885713279951498,0.7684210526315788,100.0,49,score,20,facebook/esm2_t6_8M_UR50D,YNZC_BACSU_Tsuboyama_2023_2JVD_indels,esm
GaussianProcessRegressor,0.2416117830366682,0.2235470102192425,0.4728075826583606,0.3767606340318223,0.7790790980109513,0.8210526315789473,100.0,49,score,40,facebook/esm2_t6_8M_UR50D,YNZC_BACSU_Tsuboyama_2023_2JVD_indels,esm
GaussianProcessRegressor,0.1871245655101288,0.2140925951843053,0.4627014103980074,0.3716178756725822,0.7884224477397117,0.7684210526315788,100.0,49,score,60,facebook/esm2_t6_8M_UR50D,YNZC_BACSU_Tsuboyama_2023_2JVD_indels,esm
GaussianProcessRegressor,0.2036233930416931,0.2763395676575568,0.5256801001156091,0.391347227787871,0.7269067187152379,0.8120300751879698,100.0,49,score,80,facebook/esm2_t6_8M_UR50D,YNZC_BACSU_Tsuboyama_2023_2JVD_indels,esm
GaussianProcessRegressor,0.3531862946429891,0.7638125067717938,0.8739636758880737,0.6456588404418505,0.3465777407471605,0.8300751879699247,100.0,50,score,20,facebook/esm2_t6_8M_UR50D,YNZC_BACSU_Tsuboyama_2023_2JVD_indels,esm
GaussianProcessRegressor,0.2606127388457406,0.4065402910288759,0.6376051215516355,0.5522118137226895,0.6522150749218333,0.6857142857142857,100.0,50,score,40,facebook/esm2_t6_8M_UR50D,YNZC_BACSU_Tsuboyama_2023_2JVD_indels,esm
GaussianProcessRegressor,0.2081562983559248,0.3918651525899408,0.6259913358744998,0.5236582727884148,0.6647692842711208,0.7729323308270677,100.0,50,score,60,facebook/esm2_t6_8M_UR50D,YNZC_BACSU_Tsuboyama_2023_2JVD_indels,esm
GaussianProcessRegressor,0.173720542815536,0.2747879022421272,0.5242021577999534,0.4420817722489799,0.7649259074622032,0.7894736842105263,100.0,50,score,80,facebook/esm2_t6_8M_UR50D,YNZC_BACSU_Tsuboyama_2023_2JVD_indels,esm
GaussianProcessRegressor,0.5527310822685465,0.4312060779988919,0.6566628343365353,0.5437060180146698,0.6308518025291396,0.7999999999999999,100.0,51,score,20,facebook/esm2_t6_8M_UR50D,YNZC_BACSU_Tsuboyama_2023_2JVD_indels,esm
GaussianProcessRegressor,0.3095689580036092,0.4039900522355554,0.6356021178658512,0.5170157360360721,0.6541509798029859,0.849624060150376,100.0,51,score,40,facebook/esm2_t6_8M_UR50D,YNZC_BACSU_Tsuboyama_2023_2JVD_indels,esm
GaussianProcessRegressor,0.1928995206874532,0.3094280282625984,0.5562625533528195,0.4449093897225172,0.7351039219804454,0.8526315789473683,100.0,51,score,60,facebook/esm2_t6_8M_UR50D,YNZC_BACSU_Tsuboyama_2023_2JVD_indels,esm
GaussianProcessRegressor,0.2017751415587926,0.2840183511078037,0.5329337211209324,0.4385141933573669,0.7568567148991785,0.8300751879699247,100.0,51,score,80,facebook/esm2_t6_8M_UR50D,YNZC_BACSU_Tsuboyama_2023_2JVD_indels,esm
