Dataset,Label,Representation,Foundation,Model,Train Size,CV MSE Mean,CV MSE Std,Test MSE Mean,Test MSE Std,Test RMSE Mean,Test RMSE Std,Test MAE Mean,Test MAE Std,Test R2 Mean,Test R2 Std,Test Spearman Correlation Mean,Test Spearman Correlation Std,Top 20 Accuracy Mean,Top 20 Accuracy Std
A0A247D711_LISMN_Stadelmann_2021,score,esm,facebook/esm2_t12_35M_UR50D,GaussianProcessRegressor,20,1.60013082347864,0.9001281264154798,1.760800702779121,0.17798330469750934,1.3254255635773111,0.06706363640344347,0.9630923585475497,0.12022017493043817,-0.02439836301936846,0.0883324382665926,0.18385055968042768,0.09497705712178536,5.5,3.689323936863109
A0A247D711_LISMN_Stadelmann_2021,score,esm,facebook/esm2_t30_150M_UR50D,GaussianProcessRegressor,20,1.5447253049976009,0.9410521419798886,1.8128750322438107,0.22015626486447396,1.344159628260111,0.08239421500358741,0.9783622192730492,0.10877924083979579,-0.057109516335014154,0.14167252669963457,0.18870784426239212,0.11807624700852025,5.0,4.714045207910317
A0A247D711_LISMN_Stadelmann_2021,score,esm,facebook/esm2_t33_650M_UR50D,GaussianProcessRegressor,20,1.5578498607237041,0.9071548459430283,1.828277614006338,0.21272843346661835,1.3501257643070845,0.07773197940894626,0.9713558981300157,0.11990786863422402,-0.06510475043352086,0.12374716144928934,0.18749299518902132,0.08878078002329771,3.0,4.216370213557839
A0A247D711_LISMN_Stadelmann_2021,score,esm,facebook/esm2_t6_8M_UR50D,GaussianProcessRegressor,20,1.4760965557608952,0.9603787811003132,1.9072262749696978,0.2932777710061643,1.3774467193179154,0.1047049314874376,1.0226632757302685,0.11714825536457059,-0.1109514066369209,0.17083116297589013,0.18097139221434155,0.09016738939284413,7.0,6.324555320336759
A0A247D711_LISMN_Stadelmann_2021,score,esm,facebook/esm2_t12_35M_UR50D,GaussianProcessRegressor,50,1.6732643121207205,0.5734909854547817,1.648630909150682,0.1420734544125538,1.2828969744991874,0.055839670998640824,0.928694033280361,0.06208561768250554,0.03888124772362257,0.09315053857638075,0.24227629445432353,0.13193932506381467,6.5,5.296749527356901
A0A247D711_LISMN_Stadelmann_2021,score,esm,facebook/esm2_t6_8M_UR50D,GaussianProcessRegressor,50,1.6680552447282122,0.5746585856512056,1.680013248855247,0.15155810250828583,1.2949458685648922,0.058958048569048425,0.9461754598380283,0.07188729446438481,0.021718409821057116,0.0845111673050023,0.20629524413973108,0.11327170502383566,7.5,7.168604389202189
A0A247D711_LISMN_Stadelmann_2021,score,esm,facebook/esm2_t33_650M_UR50D,GaussianProcessRegressor,50,1.6395962536440567,0.5722997062263911,1.680184514086778,0.12432567981679768,1.2954139333117531,0.048157790053467806,0.9412908004963606,0.06622831203269594,0.020673150165432863,0.08124938859871453,0.2772726094150217,0.07028764789972115,5.0,4.714045207910317
A0A247D711_LISMN_Stadelmann_2021,score,esm,facebook/esm2_t30_150M_UR50D,GaussianProcessRegressor,50,1.6631472628125068,0.5741445206618633,1.8467214903662785,0.5360552826942317,1.3489024300970214,0.17379337810115084,0.9843891921658319,0.14555432235487925,-0.07701503634294647,0.3178734270993534,0.2809031759337317,0.0776627777147931,4.5,4.972144630058766
A0A247D711_LISMN_Stadelmann_2021,score,esm,facebook/esm2_t30_150M_UR50D,GaussianProcessRegressor,75,1.5490938588538052,0.34318753594436185,1.5391858979449033,0.14424447087370185,1.2394505367271775,0.05723504124432066,0.8679257920519404,0.048092232465890984,0.10356788429624723,0.08151982837597718,0.3373941725719054,0.053030290648860154,5.5,3.689323936863109
A0A247D711_LISMN_Stadelmann_2021,score,esm,facebook/esm2_t33_650M_UR50D,GaussianProcessRegressor,75,1.5018395916341174,0.32993883933847445,1.5579509910493186,0.1423634508142819,1.2470315262870098,0.05640491995492687,0.8668741072643165,0.048914354283878525,0.09311169291310263,0.07476050455945006,0.3276311119701978,0.07332955941641489,3.0,3.496029493900505
A0A247D711_LISMN_Stadelmann_2021,score,esm,facebook/esm2_t12_35M_UR50D,GaussianProcessRegressor,75,1.553943619289814,0.3109898043242308,1.5654149395645311,0.1479132662528581,1.2499331140568384,0.05852017647032015,0.8858738374793983,0.045256929458029935,0.08698114698103282,0.09765680283692847,0.3044181190826246,0.1078521993232462,6.0,5.163977794943222
A0A247D711_LISMN_Stadelmann_2021,score,esm,facebook/esm2_t6_8M_UR50D,GaussianProcessRegressor,75,1.5597489271559142,0.34774128040475943,1.5895312716936099,0.16056870769677373,1.259352314636643,0.06291987243876702,0.8996039044837707,0.06735272217096235,0.07457357977291164,0.08626285149471177,0.24648158703946116,0.11192326389188959,5.0,6.236095644623235
A0A247D711_LISMN_Stadelmann_2021,score,esm,facebook/esm2_t30_150M_UR50D,GaussianProcessRegressor,100,1.4721256617367189,0.24476309779174177,1.4713398731797567,0.1680652148854604,1.2113371213914155,0.0666854266847581,0.8473766960543712,0.054191195584273544,0.14452244777959283,0.07693272383379145,0.3823840919077902,0.042450156129138154,4.0,4.594682917363407
A0A247D711_LISMN_Stadelmann_2021,score,esm,facebook/esm2_t33_650M_UR50D,GaussianProcessRegressor,100,1.4444802025855474,0.2497013544405912,1.4920706265926227,0.1558990226060007,1.2201051881292446,0.06158965003889868,0.840742548469281,0.042050235527403765,0.13210905465394268,0.0728201495631856,0.3697168756791699,0.05313867005800848,5.5,5.50252467307306
A0A247D711_LISMN_Stadelmann_2021,score,esm,facebook/esm2_t6_8M_UR50D,GaussianProcessRegressor,100,1.461740916170228,0.20920117398081906,1.5013502508878893,0.16163618547477637,1.2237938462573017,0.0639346259049835,0.8618880165235492,0.05334353473845761,0.12563848023399277,0.08909756750659682,0.30735591787627387,0.13750151168210886,4.0,4.594682917363407
A0A247D711_LISMN_Stadelmann_2021,score,esm,facebook/esm2_t12_35M_UR50D,GaussianProcessRegressor,100,1.4557500703843231,0.20536604937162728,1.503030105519703,0.174636461485975,1.224231426976428,0.06902108150543323,0.8587657919466023,0.0555227206922222,0.12552516435050415,0.08799635090494846,0.3658235961234463,0.052509041328718316,4.0,3.1622776601683795
A0A247D711_LISMN_Stadelmann_2021,score,esm,facebook/esm2_t30_150M_UR50D,GaussianProcessRegressor,200,1.2946160183728765,0.19815131147602086,1.3222320777015504,0.1017006383102862,1.1491384604524921,0.04362563479864383,0.7999986785114765,0.029521709884643116,0.2309802326541225,0.03756137468510719,0.44384552652052056,0.019355459759495652,3.5,4.1163630117428225
A0A247D711_LISMN_Stadelmann_2021,score,esm,facebook/esm2_t6_8M_UR50D,GaussianProcessRegressor,200,1.285621297033673,0.19824014036500803,1.3248388500699015,0.09515181967294639,1.150377381413781,0.04042455801275116,0.8029598792824254,0.03850745623967412,0.22904244906481036,0.04014431701707071,0.4303369794880381,0.030899471999406628,6.0,5.676462121975467
A0A247D711_LISMN_Stadelmann_2021,score,esm,facebook/esm2_t12_35M_UR50D,GaussianProcessRegressor,200,1.3092874649111637,0.18362541566250518,1.3373356783663644,0.12692490260089417,1.1553212358068716,0.05342201439738553,0.8028975862797554,0.04392250419013307,0.222943205246411,0.043031110615982485,0.4445631075246183,0.03354716659090444,7.5,2.6352313834736494
A0A247D711_LISMN_Stadelmann_2021,score,esm,facebook/esm2_t33_650M_UR50D,GaussianProcessRegressor,200,1.275109476701305,0.19965270945526473,1.3468565607481178,0.12014409129104253,1.1595101799378966,0.05156121893766852,0.7964622768155284,0.03611604091454505,0.2171039235223588,0.044630841231332284,0.4518590715081121,0.024118242571252772,7.0,4.83045891539648
A0A247D711_LISMN_Stadelmann_2021,score,esm,facebook/esm2_t30_150M_UR50D,GaussianProcessRegressor,350,1.2045736145802108,0.06751785503617087,1.172225591663608,0.07793282199387197,1.0821534100815047,0.03604917494168939,0.7523378521116497,0.03302432693018941,0.31826092718346305,0.0210192442737419,0.5077279431491124,0.03445938708645922,5.5,6.433419688539594
A0A247D711_LISMN_Stadelmann_2021,score,esm,facebook/esm2_t6_8M_UR50D,GaussianProcessRegressor,350,1.1891032286221912,0.07811398507338432,1.1746349608806437,0.07278585501947979,1.0833438201381442,0.033352132184644126,0.7537348268657456,0.03236713332386487,0.3164468463671143,0.027321434474300035,0.49953120587878785,0.031109529015767832,2.5,3.5355339059327378
A0A247D711_LISMN_Stadelmann_2021,score,esm,facebook/esm2_t12_35M_UR50D,GaussianProcessRegressor,350,1.2044911855985294,0.0865151106170716,1.180043802644853,0.09692790616942519,1.085471429248821,0.04466640459343846,0.7548268786535491,0.04097220320971071,0.31407054638885634,0.03146849003755925,0.5153115763714455,0.03753528667641231,8.5,4.743416490252569
A0A247D711_LISMN_Stadelmann_2021,score,esm,facebook/esm2_t33_650M_UR50D,GaussianProcessRegressor,350,1.2071051230624374,0.0834120600305954,1.183696324957513,0.0913745202430964,1.0872511029730174,0.04191743261685402,0.7478156251039454,0.03179311503354912,0.31126702554401364,0.04090210712694121,0.5184987780649759,0.03505550325412256,7.0,4.83045891539648
A0A247D711_LISMN_Stadelmann_2021,score,esm,facebook/esm2_t6_8M_UR50D,GaussianProcessRegressor,500,1.0751272046668865,0.07825632718508112,1.0892270798249157,0.0696073313923685,1.043176646728858,0.03349234646321786,0.7239299147150212,0.029186847631744988,0.3662924068190552,0.024681001119520093,0.5351828416587219,0.02762677835256572,4.5,5.50252467307306
A0A247D711_LISMN_Stadelmann_2021,score,esm,facebook/esm2_t30_150M_UR50D,GaussianProcessRegressor,500,1.0933152798340307,0.08368468654351038,1.0924704559549006,0.07166058392044822,1.0447054662616106,0.03433405691811049,0.7248328812758198,0.031718587986153485,0.36462821188951555,0.019007514453886088,0.5434299859056332,0.03616471632198896,5.0,4.08248290463863
A0A247D711_LISMN_Stadelmann_2021,score,esm,facebook/esm2_t12_35M_UR50D,GaussianProcessRegressor,500,1.06531628732751,0.07247003328095197,1.095288128890611,0.09180919366775081,1.0457192774406665,0.04421314132926368,0.7213006867288141,0.03692053354871249,0.3633411086655049,0.03208938631368524,0.5540861121504375,0.0360045608294601,8.0,6.324555320336759
A0A247D711_LISMN_Stadelmann_2021,score,esm,facebook/esm2_t33_650M_UR50D,GaussianProcessRegressor,500,1.1040707050176857,0.08523537211022635,1.1029643661053572,0.0723289777761298,1.0497074348884683,0.03461963548863516,0.7236867196053484,0.0291185815175865,0.35807540984715625,0.03204373864281743,0.5544173958317972,0.033845264590106935,9.0,7.378647873726218
DN7A_SACS2_Tsuboyama_2023_1JIC,score,esm,facebook/esm2_t33_650M_UR50D,GaussianProcessRegressor,20,0.8946333139717334,0.47564405575992785,1.0838951642192085,0.209390287585723,1.0367431628776,0.10032601549038257,0.7543345525149376,0.0754109102852418,0.1546253145881701,0.13525635885783013,0.524030854523418,0.061635126531824534,22.5,14.191155304938668
DN7A_SACS2_Tsuboyama_2023_1JIC,score,esm,facebook/esm2_t12_35M_UR50D,GaussianProcessRegressor,20,0.962916099092509,0.4067260519293711,1.2552669574331403,0.21816905649001755,1.116313477584756,0.10061575531456861,0.8197858495851158,0.06720845376364021,0.021771932759125773,0.12948759652912178,0.3950799126629273,0.11362949101300883,13.5,9.44281031614353
DN7A_SACS2_Tsuboyama_2023_1JIC,score,esm,facebook/esm2_t30_150M_UR50D,GaussianProcessRegressor,20,0.9569167825284526,0.3696288938304287,1.419328176036751,0.20443047073158704,1.188570265100767,0.08582217374084353,0.8866012348146569,0.09082414109143683,-0.11027585058620389,0.14147723429830802,0.2721301194007945,0.12465439447566991,7.0,4.216370213557839
DN7A_SACS2_Tsuboyama_2023_1JIC,score,esm,facebook/esm2_t6_8M_UR50D,GaussianProcessRegressor,20,0.9696498785912269,0.43149244969769573,1.428820765081612,0.26965218302702315,1.190548124887353,0.11262488085488738,0.8682131491884032,0.09583297159913191,-0.11677955356282546,0.1892409202089708,0.2683683505791708,0.14388822058513423,7.5,6.346477588219924
DN7A_SACS2_Tsuboyama_2023_1JIC,score,esm,facebook/esm2_t33_650M_UR50D,GaussianProcessRegressor,50,0.6875915430723444,0.1672014041282449,0.790781323798362,0.17127744393458047,0.8845467957669882,0.09636902393471161,0.6378991497407538,0.08590419591435206,0.3805393735195544,0.13216732764018066,0.6468689810759243,0.06782328062456089,20.5,9.559753599799992
DN7A_SACS2_Tsuboyama_2023_1JIC,score,esm,facebook/esm2_t12_35M_UR50D,GaussianProcessRegressor,50,0.9090116310531148,0.2701046084435106,0.8928762433911539,0.17922642243734577,0.9410042125842007,0.09059872018928228,0.6748457210467208,0.08599494056288907,0.2996895952671134,0.14333146498787902,0.5854538010152041,0.0693543048975584,14.5,6.851601597031489
DN7A_SACS2_Tsuboyama_2023_1JIC,score,esm,facebook/esm2_t30_150M_UR50D,GaussianProcessRegressor,50,1.001234595012601,0.3061627894059921,1.0719814698151007,0.20346557890290642,1.0315157924590734,0.09402505412347661,0.7396157424643582,0.08470018934838403,0.16078066495993143,0.14929661768722471,0.5005852183408733,0.07675393172690925,15.0,10.540925533894598
DN7A_SACS2_Tsuboyama_2023_1JIC,score,esm,facebook/esm2_t6_8M_UR50D,GaussianProcessRegressor,50,1.0743952700852821,0.29629462370488974,1.0992935267298223,0.1570563019299901,1.0462444533716067,0.07200363045607748,0.7494397096993272,0.07385683066189666,0.1394162953410357,0.10776619752627138,0.4856274177096708,0.05346583527853528,12.0,9.486832980505138
DN7A_SACS2_Tsuboyama_2023_1JIC,score,esm,facebook/esm2_t33_650M_UR50D,GaussianProcessRegressor,75,0.5616543748532759,0.12232711190884603,0.7180507398664722,0.1579422127749262,0.8427711024383079,0.09302095798134899,0.6034002687257863,0.0604908649547829,0.4382025330816962,0.11947391481935676,0.6685916311665246,0.05175789382638305,26.5,8.514693182963201
DN7A_SACS2_Tsuboyama_2023_1JIC,score,esm,facebook/esm2_t12_35M_UR50D,GaussianProcessRegressor,75,0.729880365152978,0.22138917673808559,0.818978178704086,0.13155187771278418,0.9021719898509215,0.0750102173226686,0.6404091237185165,0.0457200725858387,0.35997010215040115,0.08947848875200225,0.6142705242820972,0.0519638919618903,17.5,10.606601717798213
DN7A_SACS2_Tsuboyama_2023_1JIC,score,esm,facebook/esm2_t30_150M_UR50D,GaussianProcessRegressor,75,0.805285189064552,0.14655960570702634,1.0160470769376662,0.20756444869255627,1.0034134363066647,0.10115199112071703,0.7319280841990273,0.08560908519042985,0.20294747879369393,0.17060784904506507,0.5267191916767666,0.07969896197831844,15.5,9.846036991827953
DN7A_SACS2_Tsuboyama_2023_1JIC,score,esm,facebook/esm2_t6_8M_UR50D,GaussianProcessRegressor,75,0.8588242507200652,0.20787369802007757,1.0326107442109236,0.1929978129611759,1.0122596207028485,0.09393380947034012,0.7245184281140463,0.08052480325976338,0.19134920547289375,0.14926107926906285,0.5086689210756843,0.05282322793767154,13.0,11.595018087284059
DN7A_SACS2_Tsuboyama_2023_1JIC,score,esm,facebook/esm2_t33_650M_UR50D,GaussianProcessRegressor,100,0.5016478565075027,0.09216626334449049,0.585106941891354,0.11807494242215025,0.7613619380912647,0.07770986722180293,0.5435279384580024,0.04767908827400345,0.5432670898767707,0.08221921026745906,0.7283875631502525,0.03204108675502927,28.0,12.064640713902572
DN7A_SACS2_Tsuboyama_2023_1JIC,score,esm,facebook/esm2_t12_35M_UR50D,GaussianProcessRegressor,100,0.6784498875710349,0.13264007395572486,0.6993923560499629,0.13670883636214526,0.832740052018394,0.08121550080814186,0.5914167110249602,0.04293508274328698,0.4528988996244525,0.1011031144136489,0.6622535706142824,0.04184376948247469,21.5,10.814085465005556
DN7A_SACS2_Tsuboyama_2023_1JIC,score,esm,facebook/esm2_t30_150M_UR50D,GaussianProcessRegressor,100,0.7982981080774473,0.15428224947241898,0.8492326660057394,0.21043885210276606,0.9153379021541592,0.11249291773145496,0.6581994515611952,0.08279550423034528,0.335337554172766,0.1654133273840142,0.5881512678050712,0.08992627209493342,25.5,13.006408676751114
DN7A_SACS2_Tsuboyama_2023_1JIC,score,esm,facebook/esm2_t6_8M_UR50D,GaussianProcessRegressor,100,0.8353339374689112,0.11229902266228585,0.8861746699438419,0.14313665304187648,0.9386544462782815,0.07529571646259786,0.6720532264999328,0.05452096185625144,0.3047697956187102,0.11746290761820219,0.5799982431929728,0.05040504701106093,17.5,15.32064692570853
DN7A_SACS2_Tsuboyama_2023_1JIC,score,esm,facebook/esm2_t33_650M_UR50D,GaussianProcessRegressor,200,0.4167573050713524,0.034514547642894564,0.4123957521959987,0.07064406092797955,0.6400663706973841,0.05488162309591249,0.44539811797333106,0.026216155038964458,0.6789762888912775,0.03794433039873114,0.8071621662486649,0.015671649409998743,28.5,9.44281031614353
DN7A_SACS2_Tsuboyama_2023_1JIC,score,esm,facebook/esm2_t12_35M_UR50D,GaussianProcessRegressor,200,0.5235711541182706,0.05310124907276102,0.49408165231989176,0.07299876292116196,0.7012297152785214,0.05119178243836864,0.5032095973560182,0.025039376678580215,0.613882197894702,0.04544631683784205,0.7439354781419125,0.025877454735534315,23.0,7.888106377466155
DN7A_SACS2_Tsuboyama_2023_1JIC,score,esm,facebook/esm2_t30_150M_UR50D,GaussianProcessRegressor,200,0.5996774697922134,0.0562783367451458,0.6185765242227661,0.1513888326823086,0.781771103942344,0.09074056586123111,0.5588661422803914,0.05870763524945124,0.5159583812158622,0.12060322991212419,0.696548478993916,0.04282518842552774,20.5,7.245688373094719
DN7A_SACS2_Tsuboyama_2023_1JIC,score,esm,facebook/esm2_t6_8M_UR50D,GaussianProcessRegressor,200,0.663133437626428,0.05466388891407557,0.6410807286105715,0.09463829032191991,0.7987760165713771,0.05809574435489844,0.5723154584627206,0.033464945043036355,0.49930782718796285,0.05630476084802269,0.6867300301201203,0.027980842897002818,23.5,8.834905520465714
DN7A_SACS2_Tsuboyama_2023_1JIC,score,esm,facebook/esm2_t33_650M_UR50D,GaussianProcessRegressor,350,0.3086170116685063,0.030653406514043396,0.307669927096087,0.043311783142480895,0.5533980702969227,0.03972828390355367,0.38575954341596946,0.020295544908223086,0.7601614721803325,0.020920879769988257,0.8518034392137569,0.017700809446667586,38.0,10.593499054713803
DN7A_SACS2_Tsuboyama_2023_1JIC,score,esm,facebook/esm2_t12_35M_UR50D,GaussianProcessRegressor,350,0.4095345182848972,0.04027182182058462,0.38532470245623446,0.03977213586780913,0.6199854477208255,0.0323650543821219,0.4369375388052646,0.018016244496259548,0.6990436452113397,0.014749548215341843,0.7991377341509365,0.020976647018697576,29.5,10.124228365658293
DN7A_SACS2_Tsuboyama_2023_1JIC,score,esm,facebook/esm2_t30_150M_UR50D,GaussianProcessRegressor,350,0.4574940143935667,0.04532147505027328,0.44867710330703964,0.04941514862503631,0.6688270299072074,0.03869406173997207,0.47180568042867,0.018840568940228442,0.6497374032019609,0.022613808458423992,0.7805524438097752,0.02316008805381552,25.5,7.975657409336932
DN7A_SACS2_Tsuboyama_2023_1JIC,score,esm,facebook/esm2_t6_8M_UR50D,GaussianProcessRegressor,350,0.4946477882134236,0.022963670441348907,0.5050753485119519,0.06535906195653915,0.7092604248906552,0.04743414377240524,0.5029601352714524,0.0261062669196214,0.6058266974753684,0.03485832267087363,0.7551411421645687,0.02267930326264313,25.5,6.433419688539594
DN7A_SACS2_Tsuboyama_2023_1JIC,score,esm,facebook/esm2_t33_650M_UR50D,GaussianProcessRegressor,500,0.26367792777048343,0.026591626826357177,0.2589202182887422,0.03581807063572744,0.5076894604787124,0.03608061972207512,0.3478521046053461,0.02006516001693096,0.7981770381103003,0.017347727579575378,0.8749109812439249,0.011507985266501198,43.0,7.1492035298424055
DN7A_SACS2_Tsuboyama_2023_1JIC,score,esm,facebook/esm2_t12_35M_UR50D,GaussianProcessRegressor,500,0.34342153360273464,0.02046175565829788,0.3266718308798155,0.03309901191592796,0.5708616795964849,0.029604309898237775,0.40025579920591026,0.019871939798563706,0.7448773556587709,0.011703711235330564,0.824853933015732,0.021960838638299122,32.0,7.52772652709081
DN7A_SACS2_Tsuboyama_2023_1JIC,score,esm,facebook/esm2_t30_150M_UR50D,GaussianProcessRegressor,500,0.3899263160936528,0.022935138809201377,0.378920406628021,0.04090399875565502,0.6146765681117525,0.03485084475907511,0.43016504466013605,0.02278920533613189,0.7042031560361787,0.017421793513098575,0.8070129240516961,0.029587293842585058,26.5,7.090682462060882
DN7A_SACS2_Tsuboyama_2023_1JIC,score,esm,facebook/esm2_t6_8M_UR50D,GaussianProcessRegressor,500,0.4228964585591709,0.017672616427286424,0.4242800755680827,0.04159053399443231,0.6505897583468956,0.03354999424094493,0.4557578318323701,0.021443951678667056,0.6685946600124189,0.0166211909372013,0.7924845139380559,0.024325279671234483,28.0,7.52772652709081
ENVZ_ECOLI_Ghose_2023,score,esm,facebook/esm2_t33_650M_UR50D,GaussianProcessRegressor,20,1.0620416750428858,0.5715385937311878,1.4705136490519921,0.18675924149935477,1.2104879011258507,0.07625024794075665,0.9350811316197133,0.11903844574436107,-0.13839032646042454,0.1272588918688228,0.09792324857454772,0.15128853546794327,5.0,3.3333333333333335
ENVZ_ECOLI_Ghose_2023,score,esm,facebook/esm2_t12_35M_UR50D,GaussianProcessRegressor,20,1.0002871895350631,0.595098765229918,1.5190455887379994,0.18807663667529345,1.2303525976488008,0.07658019904247781,0.9348953616734942,0.11694267474251532,-0.17657191345387044,0.13485257324959687,0.131508827052513,0.07004023251449493,3.5,3.3747427885527643
ENVZ_ECOLI_Ghose_2023,score,esm,facebook/esm2_t30_150M_UR50D,GaussianProcessRegressor,20,0.9988583066410163,0.5967058696320929,1.526912308865898,0.21083840869553683,1.2330240306552125,0.08540133158389057,0.9508180040421313,0.14216420494121965,-0.18336521889159846,0.15945335374975692,0.10094538464173064,0.10631365500850022,4.0,3.9440531887330774
ENVZ_ECOLI_Ghose_2023,score,esm,facebook/esm2_t6_8M_UR50D,GaussianProcessRegressor,20,0.9954218918107498,0.5978713412510337,1.5529996732465354,0.22204753857408221,1.2432976996806633,0.08950793394570791,0.951639224677162,0.1445294454306991,-0.20381220820297835,0.17093786414018036,0.09841412295964885,0.11741963251060732,4.0,3.9440531887330774
ENVZ_ECOLI_Ghose_2023,score,esm,facebook/esm2_t6_8M_UR50D,GaussianProcessRegressor,50,1.0832011675684055,0.33320410098783004,1.190868737886647,0.11495058784404535,1.0901385584658194,0.0523520267326208,0.8748834257762381,0.10132205708351011,0.07735971300850811,0.07962070184615985,0.2173704889696198,0.08658544732706018,5.0,4.08248290463863
ENVZ_ECOLI_Ghose_2023,score,esm,facebook/esm2_t33_650M_UR50D,GaussianProcessRegressor,50,1.1398891210274795,0.2969975818116216,1.234948020332689,0.07485248282139405,1.1108089666187855,0.03418024140079004,0.901463107343675,0.07873596008691719,0.04245597580017747,0.05745489608154016,0.19248849564442036,0.09930023909588559,2.5,2.6352313834736494
ENVZ_ECOLI_Ghose_2023,score,esm,facebook/esm2_t30_150M_UR50D,GaussianProcessRegressor,50,1.1716512397429133,0.31830658554599955,1.2469005556010242,0.1647903892638044,1.1146581471988324,0.07022005478248831,0.913001418480688,0.07046927131066012,0.034440196907475365,0.11262324125720269,0.20351904208711996,0.07971816221711213,3.5,4.1163630117428225
ENVZ_ECOLI_Ghose_2023,score,esm,facebook/esm2_t12_35M_UR50D,GaussianProcessRegressor,50,1.1172055599780921,0.25330921169779647,1.2929738935054744,0.2656910946449501,1.1325877753762073,0.10655632091292454,0.913507662699983,0.09226967921991291,-0.0012366346714227732,0.19273611720643039,0.2151647488705669,0.08524790036262035,3.5,2.41522945769824
ENVZ_ECOLI_Ghose_2023,score,esm,facebook/esm2_t6_8M_UR50D,GaussianProcessRegressor,75,1.0357718038263353,0.22857142226794724,1.1380051143878123,0.09259185687674198,1.0659949989351003,0.04294410622048267,0.8527177916135906,0.07164730174111761,0.11726952584883063,0.07560972837345366,0.2447646367838947,0.08509631190253196,3.5,4.1163630117428225
ENVZ_ECOLI_Ghose_2023,score,esm,facebook/esm2_t33_650M_UR50D,GaussianProcessRegressor,75,1.0511342224888314,0.19839761777346845,1.1529130244176389,0.07377327023743398,1.0732514164885012,0.034065646153418304,0.8691151673746262,0.06400480546819082,0.10580949934040666,0.060750911648371,0.2208018686343761,0.1048680591931203,4.0,5.676462121975467
ENVZ_ECOLI_Ghose_2023,score,esm,facebook/esm2_t30_150M_UR50D,GaussianProcessRegressor,75,1.1129630184590813,0.20848690102323336,1.1708847566942657,0.06625704780354102,1.0816903875696575,0.03038022261767437,0.8839753083034154,0.06008750142577262,0.09227396667807462,0.04742905566357974,0.243384654243101,0.05155259589214764,4.5,6.433419688539594
ENVZ_ECOLI_Ghose_2023,score,esm,facebook/esm2_t12_35M_UR50D,GaussianProcessRegressor,75,1.0653924336253517,0.19768925455323016,1.201286908324032,0.11976785640488789,1.0948362668626266,0.05395941979693448,0.8829577926297405,0.05847140888704226,0.06722822953211664,0.1067993834382035,0.23500079034257113,0.09034279751034224,3.5,4.1163630117428225
ENVZ_ECOLI_Ghose_2023,score,esm,facebook/esm2_t6_8M_UR50D,GaussianProcessRegressor,100,1.0412197569467005,0.1885049915425437,1.088407012649302,0.057326570701768116,1.0429418912876112,0.027471683334791153,0.8525762294119039,0.061763480442623385,0.15633473252807203,0.03803075821784225,0.2868351787961455,0.03720187727693082,6.0,3.9440531887330774
ENVZ_ECOLI_Ghose_2023,score,esm,facebook/esm2_t33_650M_UR50D,GaussianProcessRegressor,100,1.030521614584296,0.18639231457875186,1.129573477111002,0.07997360894867765,1.0622226740806,0.03736409119969682,0.8630664627655861,0.05332173872540914,0.1242198127018983,0.060491759646337885,0.25062799639528716,0.07229572823493462,6.0,7.378647873726218
ENVZ_ECOLI_Ghose_2023,score,esm,facebook/esm2_t30_150M_UR50D,GaussianProcessRegressor,100,1.102428935200771,0.169978920283693,1.1502988918544157,0.06938365054627356,1.0720890618144412,0.03204051935087928,0.8728362921730402,0.05377115514360905,0.108134480988206,0.05199795355348796,0.2618277208008725,0.049248384951152295,5.5,7.6194196337749736
ENVZ_ECOLI_Ghose_2023,score,esm,facebook/esm2_t12_35M_UR50D,GaussianProcessRegressor,100,1.0780643774967467,0.15331150828288426,1.1629290069640132,0.15058821417228727,1.0765220315083104,0.06691057582270982,0.8777892182525466,0.05324505299362456,0.09737543523433141,0.12738766036228596,0.25798885011586714,0.037370175514915796,6.0,3.1622776601683795
ENVZ_ECOLI_Ghose_2023,score,esm,facebook/esm2_t6_8M_UR50D,GaussianProcessRegressor,200,1.0040631469727985,0.11371060182709207,1.0132886427887544,0.03829684341764021,1.0064591914484162,0.019106099600637864,0.8098552846888356,0.031901169832538094,0.21438040914815465,0.02692328360847808,0.3262834322505522,0.03823867211987771,6.5,4.743416490252569
ENVZ_ECOLI_Ghose_2023,score,esm,facebook/esm2_t12_35M_UR50D,GaussianProcessRegressor,200,1.0319202679928872,0.13380720894992604,1.0408092754888254,0.05342166863687799,1.0198944598612578,0.02634316763916086,0.8273476106198118,0.042786845717958766,0.1932597550369754,0.034066315227199696,0.31356484795293615,0.040152947466572546,4.0,3.9440531887330774
ENVZ_ECOLI_Ghose_2023,score,esm,facebook/esm2_t33_650M_UR50D,GaussianProcessRegressor,200,1.0434543082795424,0.13004624989973296,1.041020483417618,0.045828459481289954,1.0200809212749564,0.022494381235572743,0.8235372286304834,0.03646461797618317,0.19278764585614122,0.03570275343130979,0.32481372850380225,0.05601819203737046,6.0,4.594682917363407
ENVZ_ECOLI_Ghose_2023,score,esm,facebook/esm2_t30_150M_UR50D,GaussianProcessRegressor,200,1.0522030303203915,0.10742235963792608,1.0637251390542786,0.057396341766141064,1.0310348638087687,0.027733827421725667,0.8254349056512558,0.037549809140754384,0.1754380903466107,0.038408100168231915,0.3160286150267473,0.054336276004192524,6.0,5.676462121975467
ENVZ_ECOLI_Ghose_2023,score,esm,facebook/esm2_t33_650M_UR50D,GaussianProcessRegressor,350,0.9778462450504277,0.08898814792913994,0.9664113531311538,0.0219936217413283,0.9830050174532557,0.011179782987258536,0.7725210107921929,0.029933110184594817,0.25041479950770096,0.025569042331834012,0.3730668516161622,0.03705943768781209,5.0,5.270462766947299
ENVZ_ECOLI_Ghose_2023,score,esm,facebook/esm2_t30_150M_UR50D,GaussianProcessRegressor,350,0.9799769850223555,0.07014727115951876,0.9701850507674298,0.023688281247467385,0.984914139042392,0.011980979454188113,0.7717129829857201,0.03481670327906682,0.24750060437656501,0.026344423638798405,0.3731428722980069,0.03513882676596671,5.5,4.972144630058766
ENVZ_ECOLI_Ghose_2023,score,esm,facebook/esm2_t6_8M_UR50D,GaussianProcessRegressor,350,0.9420594521915773,0.0863193074342792,0.9723341163236032,0.02515274205698205,0.9859950971561474,0.012814258882756821,0.7720137402444516,0.025345258562568664,0.24603861665653987,0.01977494221217764,0.3591204277975084,0.03841129313656926,3.5,3.3747427885527643
ENVZ_ECOLI_Ghose_2023,score,esm,facebook/esm2_t12_35M_UR50D,GaussianProcessRegressor,350,0.97793090487671,0.09027595013547832,0.987482295662703,0.022250962705151887,0.9936649961441647,0.011163984778433417,0.7876272523996601,0.02922527274289055,0.23427458235162088,0.01796200063934928,0.3443513414995342,0.03361199481605964,4.0,4.594682917363407
ENVZ_ECOLI_Ghose_2023,score,esm,facebook/esm2_t33_650M_UR50D,GaussianProcessRegressor,500,0.9107414630729377,0.06956123003554505,0.9102698470090933,0.02618808956180191,0.9539918146289654,0.013722027305151844,0.7257204810221621,0.023512769899203874,0.2940246774962663,0.025498385858681756,0.413502678947686,0.02634677748786243,5.5,5.50252467307306
ENVZ_ECOLI_Ghose_2023,score,esm,facebook/esm2_t30_150M_UR50D,GaussianProcessRegressor,500,0.9085004436077933,0.05676272911280701,0.9139199630776378,0.027801448978062637,0.955891634524716,0.014573420375791294,0.7276777192671493,0.02281822354335402,0.2911611748895732,0.027575344297724267,0.4013917711334797,0.03330490599382169,5.5,6.433419688539594
ENVZ_ECOLI_Ghose_2023,score,esm,facebook/esm2_t6_8M_UR50D,GaussianProcessRegressor,500,0.8879207762924424,0.05680713328745548,0.9183400415535145,0.02402600484431295,0.9582259767867469,0.01260594941547844,0.7333335260544548,0.020326956280008843,0.2878379806477735,0.021605426978670662,0.3886319675483412,0.03650341958212242,4.5,4.972144630058766
ENVZ_ECOLI_Ghose_2023,score,esm,facebook/esm2_t12_35M_UR50D,GaussianProcessRegressor,500,0.9099386266892934,0.07536117122792885,0.9247806804319978,0.025716012485140643,0.9615698776947565,0.013501059303647558,0.7399473370233147,0.02563795081527647,0.28294877067003077,0.018806085761036588,0.3820944607161096,0.033271076263041356,6.5,5.296749527356901
FKBP3_HUMAN_Tsuboyama_2023_2KFV,score,esm,facebook/esm2_t6_8M_UR50D,GaussianProcessRegressor,20,0.7194010905892718,0.26177466263126353,0.7281544440746138,0.21224990921032436,0.8467533433594671,0.11137134872018832,0.6468312520925477,0.08690089877335669,-0.054822200814176394,0.2820692510015458,0.18861925623095205,0.16422894702955027,5.5,7.975657409336932
FKBP3_HUMAN_Tsuboyama_2023_2KFV,score,esm,facebook/esm2_t12_35M_UR50D,GaussianProcessRegressor,20,0.6758099260800349,0.21716613915943514,0.7325397595081332,0.1232660480197633,0.8533836522989153,0.06892912218840021,0.6507136578406917,0.062101736171846667,-0.067078899768552,0.18277921206540357,0.27001631269799864,0.1089790798571605,6.5,6.258327785172862
FKBP3_HUMAN_Tsuboyama_2023_2KFV,score,esm,facebook/esm2_t33_650M_UR50D,GaussianProcessRegressor,20,0.6551105401323951,0.24506653839704196,0.7737857624566283,0.09159419693047452,0.8783105966678759,0.051167027550825875,0.657221837619598,0.042697998176630045,-0.1273477748264381,0.14831862842075585,0.18746240366597478,0.12187219640789422,5.0,5.270462766947299
FKBP3_HUMAN_Tsuboyama_2023_2KFV,score,esm,facebook/esm2_t30_150M_UR50D,GaussianProcessRegressor,20,0.6408406339891773,0.2597208246249863,0.9185631943583872,0.3065593373508601,0.9461531282562564,0.16109849385214686,0.7184206806226,0.12048352905428941,-0.33880882623105446,0.45580957185530113,0.14942761487967846,0.18374917217665432,9.0,10.219806477837261
FKBP3_HUMAN_Tsuboyama_2023_2KFV,score,esm,facebook/esm2_t30_150M_UR50D,GaussianProcessRegressor,50,0.593545955349932,0.1398907985260625,0.5438974809068389,0.06745090730365359,0.7362550438023747,0.04504308286274895,0.5552925177881922,0.03068368756907678,0.21036606988714945,0.07804066738477076,0.4084177880065827,0.05837610645604231,9.5,5.50252467307306
FKBP3_HUMAN_Tsuboyama_2023_2KFV,score,esm,facebook/esm2_t12_35M_UR50D,GaussianProcessRegressor,50,0.6169048779138484,0.1648667136070669,0.5565896682375318,0.072831466915649,0.7446621594980207,0.0479344048243237,0.556460555894878,0.031190415418640444,0.19230542395553077,0.08347075934229296,0.41444104976419904,0.08245330158008306,10.0,2.3570226039551585
FKBP3_HUMAN_Tsuboyama_2023_2KFV,score,esm,facebook/esm2_t6_8M_UR50D,GaussianProcessRegressor,50,0.5888084867228749,0.12267960435335008,0.6285800244565246,0.18565304199734375,0.7859236675521905,0.11007075117516547,0.5923092342367036,0.0951254168158995,0.09293289363824278,0.2325789941185045,0.38552505250020996,0.09813381496262816,10.0,7.0710678118654755
FKBP3_HUMAN_Tsuboyama_2023_2KFV,score,esm,facebook/esm2_t33_650M_UR50D,GaussianProcessRegressor,50,0.6326118541578671,0.2263335279512525,0.7542823546428934,0.20821862796909538,0.8617879024264525,0.1135486477942308,0.6422165363855818,0.07874053869605684,-0.09100324810120762,0.2742196208142599,0.24501753843454174,0.0809493591941279,4.0,4.594682917363407
FKBP3_HUMAN_Tsuboyama_2023_2KFV,score,esm,facebook/esm2_t30_150M_UR50D,GaussianProcessRegressor,75,0.5745512049712986,0.12086665021685686,0.4820368706930996,0.06818553836721881,0.692786211368343,0.04812179029408585,0.5200471191717871,0.02716733521283961,0.30071522848361376,0.07975537470572419,0.49598325753303,0.044127830018675096,12.0,8.232726023485645
FKBP3_HUMAN_Tsuboyama_2023_2KFV,score,esm,facebook/esm2_t12_35M_UR50D,GaussianProcessRegressor,75,0.5900457558252701,0.13956294710616313,0.5053025337230475,0.07984148742988202,0.7089277063880969,0.05501556182228782,0.5246077364302104,0.03491254778697487,0.26794843871297325,0.08949205367238548,0.49463845535382134,0.050048342612217425,12.0,6.749485577105529
FKBP3_HUMAN_Tsuboyama_2023_2KFV,score,esm,facebook/esm2_t6_8M_UR50D,GaussianProcessRegressor,75,0.5651295361877631,0.14468806233045264,0.5098789284934027,0.0803421264229722,0.7120481319427607,0.05643468486496806,0.5337645971360485,0.036088709149870446,0.2619150499339212,0.08678391748806707,0.479613627254509,0.06353945485604746,16.5,10.55409346599171
FKBP3_HUMAN_Tsuboyama_2023_2KFV,score,esm,facebook/esm2_t33_650M_UR50D,GaussianProcessRegressor,75,0.6634539523714578,0.17936761147589966,0.6695193000639541,0.09426288598544812,0.8163790450550408,0.05816217613013328,0.6176215853371971,0.056353856006947214,0.03183103257805144,0.07490400540793324,0.2548595521855085,0.10580516687256997,6.0,7.378647873726218
FKBP3_HUMAN_Tsuboyama_2023_2KFV,score,esm,facebook/esm2_t30_150M_UR50D,GaussianProcessRegressor,100,0.5042878566901913,0.10468953951065586,0.4349770046400865,0.06086967656823917,0.6580627940802062,0.04631250955841739,0.4974554457890347,0.02937488063021907,0.3701330878452382,0.059829863344433534,0.5360166848667395,0.03589267008564751,11.5,8.514693182963201
FKBP3_HUMAN_Tsuboyama_2023_2KFV,score,esm,facebook/esm2_t12_35M_UR50D,GaussianProcessRegressor,100,0.528642181350436,0.0935231593037612,0.46130165055605826,0.06152358649481691,0.6778000971284305,0.045809738032533374,0.5033828638173975,0.030281833417088865,0.3316803958497236,0.06186887744557232,0.5266278953115812,0.03945001835874703,12.5,7.54615428178118
FKBP3_HUMAN_Tsuboyama_2023_2KFV,score,esm,facebook/esm2_t6_8M_UR50D,GaussianProcessRegressor,100,0.5086110621835933,0.10501796420426335,0.46252936051201976,0.07709792165581421,0.6778250952519391,0.058523506756018286,0.5100620904727367,0.04003446124859102,0.33134313725938697,0.08148118753145962,0.5322947307789231,0.041900388412487534,14.5,11.413929112175955
FKBP3_HUMAN_Tsuboyama_2023_2KFV,score,esm,facebook/esm2_t33_650M_UR50D,GaussianProcessRegressor,100,0.6538442466149225,0.12935020301537054,0.6067831534378807,0.0943813802478556,0.7768501783226373,0.060433194318349134,0.5806811494487694,0.05325776678743144,0.11841881963377945,0.13254329790602903,0.352534787991449,0.11758641103872501,8.5,6.687467549246293
FKBP3_HUMAN_Tsuboyama_2023_2KFV,score,esm,facebook/esm2_t30_150M_UR50D,GaussianProcessRegressor,200,0.39459181854354874,0.055411606428963776,0.364166958056518,0.04481643393487536,0.6024031066670654,0.037674853599747024,0.4496053031562398,0.022469791690594727,0.472343158824341,0.04030019523177111,0.6140109968439873,0.032651849689721006,15.0,7.453559924999299
FKBP3_HUMAN_Tsuboyama_2023_2KFV,score,esm,facebook/esm2_t6_8M_UR50D,GaussianProcessRegressor,200,0.4076248019962865,0.06315572268643577,0.3846408219811993,0.049703042702028216,0.6189804786141666,0.040879077449048215,0.4570453735806776,0.02626350877903093,0.4430424081731011,0.04372806697541648,0.6274715658862635,0.027120604735011385,17.0,10.327955589886445
FKBP3_HUMAN_Tsuboyama_2023_2KFV,score,esm,facebook/esm2_t12_35M_UR50D,GaussianProcessRegressor,200,0.4242956735641653,0.06471408964801043,0.3882170559351277,0.04363717604410792,0.6221628989120562,0.035439826192110384,0.45711158761407056,0.020414033096726597,0.43740164492172856,0.03326398368435509,0.6110549338197352,0.026520936129689775,15.0,7.0710678118654755
FKBP3_HUMAN_Tsuboyama_2023_2KFV,score,esm,facebook/esm2_t33_650M_UR50D,GaussianProcessRegressor,200,0.5114168075783552,0.09940399310352792,0.49625519484651137,0.0951628328013816,0.7018382689998784,0.06392911885453607,0.5201288884736732,0.04384085120653495,0.2816913137222704,0.11173138132607656,0.508225514502058,0.034536034507366725,9.5,7.6194196337749736
FKBP3_HUMAN_Tsuboyama_2023_2KFV,score,esm,facebook/esm2_t30_150M_UR50D,GaussianProcessRegressor,350,0.31943802879134364,0.03285110236325388,0.306817417838002,0.026958737024636175,0.5534302826000019,0.024320547766221553,0.41079797846202004,0.013963444183049605,0.5538570793111514,0.03384673719625988,0.6804317041268165,0.03323842499018429,19.0,10.219806477837261
FKBP3_HUMAN_Tsuboyama_2023_2KFV,score,esm,facebook/esm2_t6_8M_UR50D,GaussianProcessRegressor,350,0.34514874228403325,0.02677874713758541,0.3247059640134361,0.02810396667224546,0.5693416245931243,0.02485689081965047,0.4185005414906063,0.01584371507560309,0.5282528705897763,0.029042601153573492,0.6877698774795099,0.02390352587787664,21.0,9.944289260117532
FKBP3_HUMAN_Tsuboyama_2023_2KFV,score,esm,facebook/esm2_t12_35M_UR50D,GaussianProcessRegressor,350,0.35118530851042024,0.03576521570429651,0.33360142414332117,0.030776751687818012,0.5770267717002818,0.026698499426662286,0.4225615959834494,0.0155102905468398,0.5154484736386601,0.03110876999162046,0.6639687998751995,0.030185134537148682,19.5,10.124228365658293
FKBP3_HUMAN_Tsuboyama_2023_2KFV,score,esm,facebook/esm2_t33_650M_UR50D,GaussianProcessRegressor,350,0.4345348783068692,0.03652748330840433,0.4017723914295666,0.03938071060009659,0.6331564190265058,0.031364177639439994,0.4643073619699333,0.016048712565070428,0.41704463149242044,0.03267987786826717,0.5992965187860751,0.03466025755990058,11.5,5.797509043642029
FKBP3_HUMAN_Tsuboyama_2023_2KFV,score,esm,facebook/esm2_t30_150M_UR50D,GaussianProcessRegressor,500,0.2862329150711921,0.024347816857101943,0.27358450259495065,0.026516463492529285,0.5225125409230122,0.025058757021758513,0.38324410801874653,0.01400998812069118,0.6022111154579534,0.03391719840854167,0.7314509642038567,0.025551090659980107,22.5,4.249182927993988
FKBP3_HUMAN_Tsuboyama_2023_2KFV,score,esm,facebook/esm2_t6_8M_UR50D,GaussianProcessRegressor,500,0.2988295582430145,0.027776615334368402,0.2839808475399657,0.022920984382789705,0.5325054209085276,0.02157221059598033,0.3858087187155069,0.013182174407525926,0.5871918689536565,0.02596517873616058,0.7334069528278112,0.022629121200071198,25.0,8.819171036881968
FKBP3_HUMAN_Tsuboyama_2023_2KFV,score,esm,facebook/esm2_t12_35M_UR50D,GaussianProcessRegressor,500,0.31240275056745814,0.03744074667991863,0.29729264495278934,0.02855066757896864,0.5446764896244544,0.026250219113815153,0.39313884771359897,0.013853634025422305,0.5680122508603042,0.032252403709844855,0.7118918843675375,0.026982065312744802,23.5,9.143911149563468
FKBP3_HUMAN_Tsuboyama_2023_2KFV,score,esm,facebook/esm2_t33_650M_UR50D,GaussianProcessRegressor,500,0.3876899287378402,0.035591890975761035,0.3567146734446126,0.034880408097347756,0.5966000912674889,0.029495847998517972,0.43396143100755785,0.013639994577332889,0.4822758813399549,0.03140289896276723,0.6566446905787624,0.032766526247658405,14.5,4.972144630058766
MAFG_MOUSE_Tsuboyama_2023_1K1V,score,esm,facebook/esm2_t30_150M_UR50D,GaussianProcessRegressor,20,0.341565874389255,0.12693816845162229,0.3718497523990175,0.10571947545030477,0.6045939723672584,0.08377138848740019,0.48108033629798275,0.06883208832116704,0.37980700499869646,0.17957586331601227,0.6822292633170532,0.11583334387207887,19.0,9.944289260117532
MAFG_MOUSE_Tsuboyama_2023_1K1V,score,esm,facebook/esm2_t12_35M_UR50D,GaussianProcessRegressor,20,0.30521263637588264,0.13501376346351865,0.4430592570539467,0.12253528666956821,0.6607160800820674,0.08507198634707856,0.5197480901933755,0.0616982250288587,0.2602789157636439,0.20824065831783944,0.6271318973275892,0.10384035719406876,15.5,8.959786703810408
MAFG_MOUSE_Tsuboyama_2023_1K1V,score,esm,facebook/esm2_t33_650M_UR50D,GaussianProcessRegressor,20,0.33480286698800765,0.13555092184325648,0.45088914570669686,0.17763727070278967,0.6600023384832552,0.1303246327161157,0.513162370225835,0.09792512301820572,0.2468855606168455,0.3028792262487898,0.6484840435361742,0.11688337923006503,25.0,12.24744871391589
MAFG_MOUSE_Tsuboyama_2023_1K1V,score,esm,facebook/esm2_t6_8M_UR50D,GaussianProcessRegressor,20,0.37325956025440093,0.14489882101925466,0.5071886979859539,0.17678772632507617,0.7039955091445799,0.11342653564810429,0.5691495281226927,0.09435553056500048,0.15439799841013668,0.2962481473810523,0.5463226682134981,0.2080252384805726,11.0,6.582805886043833
MAFG_MOUSE_Tsuboyama_2023_1K1V,score,esm,facebook/esm2_t33_650M_UR50D,GaussianProcessRegressor,50,0.21932201077103008,0.036055033242478086,0.23918976432073946,0.043574383055121936,0.48735416148647975,0.043149425160967564,0.37645353407988186,0.036508922106598445,0.6018158710508028,0.06616490836427467,0.7817005796023183,0.04505486875947485,29.0,11.737877907772672
MAFG_MOUSE_Tsuboyama_2023_1K1V,score,esm,facebook/esm2_t30_150M_UR50D,GaussianProcessRegressor,50,0.21654026678954894,0.0433138596919664,0.2457699544785812,0.03749986044082563,0.4944904527303903,0.03725507626969703,0.3811587721295716,0.02999193355757732,0.591140594270092,0.05738208612895911,0.7812257137028549,0.03478290592549966,21.0,7.745966692414834
MAFG_MOUSE_Tsuboyama_2023_1K1V,score,esm,facebook/esm2_t12_35M_UR50D,GaussianProcessRegressor,50,0.22408189224517844,0.03071290098796088,0.25373150356611535,0.042011028919632216,0.5022119536104364,0.041023803617253926,0.38579949452629403,0.037003874521584414,0.577375498890797,0.06774539241549468,0.7754861963447854,0.04117453486838,24.0,11.972189997378647
MAFG_MOUSE_Tsuboyama_2023_1K1V,score,esm,facebook/esm2_t6_8M_UR50D,GaussianProcessRegressor,50,0.2494955092010534,0.02553453468648845,0.2891229339272307,0.041956553263596694,0.5364748308856745,0.03826355610786195,0.4189339802947266,0.0316259736387482,0.5196307410050963,0.05531347561198571,0.736367230268921,0.05061904801929568,25.5,12.79105590289993
MAFG_MOUSE_Tsuboyama_2023_1K1V,score,esm,facebook/esm2_t33_650M_UR50D,GaussianProcessRegressor,75,0.18059451488694378,0.025068890069909526,0.1887766423361591,0.032145735167637614,0.43311016191648166,0.03639642810371779,0.32722985411034133,0.03083459142250538,0.6852991397777088,0.0527484375215652,0.830219730478922,0.03209959154639573,28.0,12.064640713902572
MAFG_MOUSE_Tsuboyama_2023_1K1V,score,esm,facebook/esm2_t12_35M_UR50D,GaussianProcessRegressor,75,0.1811692292908297,0.0397982837131532,0.20361628988814956,0.02512512119376087,0.4504651929537575,0.02783682264123493,0.33797255617559996,0.020700016850074894,0.661245714951943,0.035463220304998114,0.8190460057840232,0.021550374923152215,23.5,10.814085465005556
MAFG_MOUSE_Tsuboyama_2023_1K1V,score,esm,facebook/esm2_t30_150M_UR50D,GaussianProcessRegressor,75,0.1806535640737029,0.03009572574290924,0.20704919893135193,0.06008261437152197,0.4512186279051913,0.06192243142933404,0.34489348375860474,0.05167542678821089,0.6565697013024983,0.09028136876613815,0.8221945303781215,0.04405516703127348,26.0,8.096638534327413
MAFG_MOUSE_Tsuboyama_2023_1K1V,score,esm,facebook/esm2_t6_8M_UR50D,GaussianProcessRegressor,75,0.22795724178077106,0.04207729948758948,0.25081017581608583,0.06633759411377595,0.49721330342935766,0.06314979289973491,0.38186003545030844,0.04905996233194823,0.583747072909591,0.10094764123652654,0.7762288169152677,0.04860624744282365,24.0,14.102797200870786
MAFG_MOUSE_Tsuboyama_2023_1K1V,score,esm,facebook/esm2_t33_650M_UR50D,GaussianProcessRegressor,100,0.17004183223077698,0.021535455406683283,0.1601171011090599,0.02620514575576384,0.39897775044626727,0.03221207085509085,0.29988437875802976,0.02882309943426623,0.7323703823282248,0.048221687268694226,0.8522240648962596,0.0331450691077083,31.0,10.219806477837261
MAFG_MOUSE_Tsuboyama_2023_1K1V,score,esm,facebook/esm2_t30_150M_UR50D,GaussianProcessRegressor,100,0.1704027887212435,0.029896495918213403,0.16395272894703905,0.020503200316760613,0.40421461084223537,0.025017268007414745,0.302586017013741,0.022750680095554397,0.7269060430600522,0.0318919132666765,0.8536024000095999,0.02137126208813863,26.0,8.432740427115679
MAFG_MOUSE_Tsuboyama_2023_1K1V,score,esm,facebook/esm2_t12_35M_UR50D,GaussianProcessRegressor,100,0.17469595197725402,0.02340978622336276,0.16568894261816114,0.02026732876086166,0.40641932070157527,0.023857874978278595,0.30166329980244205,0.018870563900405844,0.7242559928861492,0.028468798410904713,0.8516148560594242,0.018899224097317917,24.0,10.749676997731399
MAFG_MOUSE_Tsuboyama_2023_1K1V,score,esm,facebook/esm2_t6_8M_UR50D,GaussianProcessRegressor,100,0.21028576813563377,0.030365897474776485,0.19407735968121204,0.026517047342270467,0.43958940221545184,0.03052352719303892,0.33393455114149656,0.02419808332334464,0.6766214031591853,0.04313787919638786,0.8220042672170689,0.026258686142530057,27.0,10.055402085998905
MAFG_MOUSE_Tsuboyama_2023_1K1V,score,esm,facebook/esm2_t12_35M_UR50D,GaussianProcessRegressor,200,0.1283756675358891,0.00946415071164138,0.12039698273685587,0.009912308788943494,0.34671529682862906,0.014356016233680626,0.25551315865373314,0.011123770549718153,0.7994300761979409,0.014941619332180847,0.8924754899019597,0.01059220305914623,28.0,9.775252199076787
MAFG_MOUSE_Tsuboyama_2023_1K1V,score,esm,facebook/esm2_t33_650M_UR50D,GaussianProcessRegressor,200,0.1357760495545648,0.02055911544073615,0.12149491778679448,0.006174587843447269,0.34845846284793747,0.008920479337339844,0.25756994348884327,0.011524695826733567,0.7971837300447837,0.015585559486131136,0.8891339661358645,0.011297121355008207,34.0,12.649110640673518
MAFG_MOUSE_Tsuboyama_2023_1K1V,score,esm,facebook/esm2_t30_150M_UR50D,GaussianProcessRegressor,200,0.13310643345178128,0.015756940438192684,0.1283428447770604,0.008822506069960236,0.3580620632078242,0.01222036862585088,0.26564984043908174,0.010478779652188746,0.7860813249149123,0.014887355606140398,0.8851623726494905,0.01022910940600323,30.0,7.817359599705716
MAFG_MOUSE_Tsuboyama_2023_1K1V,score,esm,facebook/esm2_t6_8M_UR50D,GaussianProcessRegressor,200,0.1490534296112242,0.015528390010398872,0.1362518020462684,0.012325349206790674,0.36878531964120687,0.016639646877974562,0.2739310955705179,0.01380676628092941,0.7730262157269839,0.0191844048452158,0.8770164424657698,0.012999809159952885,28.0,12.736648783028533
MAFG_MOUSE_Tsuboyama_2023_1K1V,score,esm,facebook/esm2_t33_650M_UR50D,GaussianProcessRegressor,350,0.10336133720467255,0.014185029418239185,0.09349370838974116,0.010182814887500675,0.3053524408881182,0.016786079994033764,0.22108582267145263,0.013108535706818025,0.8438208078215105,0.02002857349801849,0.9169192324769299,0.011627681782264932,44.0,11.00504934614612
MAFG_MOUSE_Tsuboyama_2023_1K1V,score,esm,facebook/esm2_t12_35M_UR50D,GaussianProcessRegressor,350,0.10539809656143014,0.01576792013845361,0.09607712764977025,0.007806507145667787,0.3097238021012162,0.012836322670753271,0.22492043351420973,0.007397011869725401,0.8398604527778261,0.013324963793038989,0.9156046896187586,0.006879520016578978,33.0,12.952906151816965
MAFG_MOUSE_Tsuboyama_2023_1K1V,score,esm,facebook/esm2_t30_150M_UR50D,GaussianProcessRegressor,350,0.11414261114037975,0.012672275782441983,0.1008988540107874,0.005449227675914322,0.3175399421305537,0.00864350510897632,0.2306804053113253,0.006818220554233923,0.8318916966559721,0.007700974458663661,0.9106542474169895,0.005144011400010098,35.5,10.65885130354632
MAFG_MOUSE_Tsuboyama_2023_1K1V,score,esm,facebook/esm2_t6_8M_UR50D,GaussianProcessRegressor,350,0.11737037006935751,0.012419682292801942,0.1086967840923913,0.008881511530677335,0.32943901673270315,0.013610386008939008,0.2396391168573956,0.010852768566882847,0.8188216541094062,0.015044770084676948,0.9022764091056363,0.009954862512447838,37.0,10.85254706406647
MAFG_MOUSE_Tsuboyama_2023_1K1V,score,esm,facebook/esm2_t33_650M_UR50D,GaussianProcessRegressor,500,0.08974737163836546,0.010258981418871766,0.08085596203813142,0.009981515028295982,0.28387101087942196,0.017423203571563323,0.20374719801120364,0.011607344979603564,0.8651145485868122,0.017602466352943238,0.9282207720830883,0.0110449521242835,50.5,9.264628073124866
MAFG_MOUSE_Tsuboyama_2023_1K1V,score,esm,facebook/esm2_t12_35M_UR50D,GaussianProcessRegressor,500,0.09062039187628498,0.010520685647541404,0.08482309767112042,0.008027285210597795,0.29094515226796513,0.013905076726425554,0.20927745687725813,0.008039162656356432,0.8586572918244887,0.013074848889976684,0.9270671258685033,0.00791916951331616,34.0,10.219806477837261
MAFG_MOUSE_Tsuboyama_2023_1K1V,score,esm,facebook/esm2_t30_150M_UR50D,GaussianProcessRegressor,500,0.09561258571301635,0.006670305593662796,0.0894982608037652,0.0065781517542056875,0.29898137446122425,0.010974643959927352,0.21521248284317362,0.007721706660804983,0.8509489023028916,0.008912082602563277,0.9222584666338663,0.004921036085267409,39.5,10.658851303546323
MAFG_MOUSE_Tsuboyama_2023_1K1V,score,esm,facebook/esm2_t6_8M_UR50D,GaussianProcessRegressor,500,0.09925083931370053,0.011533054433540068,0.0985750878184614,0.011553036144588693,0.3134961292715335,0.018112756408043364,0.22629635555526,0.010990493624711392,0.835776146309728,0.01870300144272887,0.9121020004080016,0.011578422497135414,39.5,11.167910378500636
POLG_PESV_Tsuboyama_2023_2MXD,score,esm,facebook/esm2_t12_35M_UR50D,GaussianProcessRegressor,20,0.8628852177668567,0.34673644849412194,0.9376683641436043,0.15740124288086663,0.965451608654266,0.0786804754158253,0.7684537894973718,0.07379158186236143,0.2512207093370041,0.12633530538838153,0.650914326323972,0.06118998382568076,14.0,11.972189997378647
POLG_PESV_Tsuboyama_2023_2MXD,score,esm,facebook/esm2_t33_650M_UR50D,GaussianProcessRegressor,20,0.8791678901086752,0.4010654315572301,0.956378223956281,0.18391623741626484,0.9741102195183192,0.09121101411472492,0.7772139953098377,0.07522073579129658,0.23834668913436227,0.13327668048346505,0.6562079688318754,0.07426200627035116,12.5,11.36515141415488
POLG_PESV_Tsuboyama_2023_2MXD,score,esm,facebook/esm2_t6_8M_UR50D,GaussianProcessRegressor,20,0.9315605395029596,0.4126799378149305,0.9981355846266228,0.15538688564247125,0.9964387046370347,0.07634346750698434,0.7935737051473007,0.0776415019703893,0.2044511959592085,0.11326395892421508,0.5482839501218958,0.18333903643682173,11.5,10.55409346599171
POLG_PESV_Tsuboyama_2023_2MXD,score,esm,facebook/esm2_t30_150M_UR50D,GaussianProcessRegressor,20,0.8896408937482038,0.35282551566520043,1.0424062206205236,0.17516500697924156,1.0178222616694028,0.08461720517657145,0.8177059805448872,0.08305271153766043,0.16643549824370749,0.1497895607674513,0.5635748142992572,0.12448748766225291,17.5,11.606990230986767
POLG_PESV_Tsuboyama_2023_2MXD,score,esm,facebook/esm2_t33_650M_UR50D,GaussianProcessRegressor,50,0.6475582982967966,0.19835871515039064,0.5763537339781841,0.09410768106434389,0.7569441833049722,0.061366271399712735,0.5901044932959627,0.05657690968133411,0.5399534837488256,0.07496192925814657,0.795363114252457,0.04233710569609207,23.5,10.013879257199868
POLG_PESV_Tsuboyama_2023_2MXD,score,esm,facebook/esm2_t12_35M_UR50D,GaussianProcessRegressor,50,0.6013489598677213,0.22088463066131545,0.6415306519824633,0.1484125061852079,0.7967900455169258,0.08599919474815905,0.6165190109386561,0.06376497380107653,0.48961659190531404,0.10567175657730257,0.7728916803667214,0.035123214257668116,18.5,7.8351061823621055
POLG_PESV_Tsuboyama_2023_2MXD,score,esm,facebook/esm2_t30_150M_UR50D,GaussianProcessRegressor,50,0.6824075306962588,0.19579298418818097,0.6869012519030281,0.17669754986213365,0.8230528471566518,0.10266051220924029,0.6457330017543403,0.0838299794322581,0.4502132135323455,0.14896345184992332,0.7503831807327229,0.05259231060266418,22.0,12.516655570345725
POLG_PESV_Tsuboyama_2023_2MXD,score,esm,facebook/esm2_t6_8M_UR50D,GaussianProcessRegressor,50,0.6426376481621234,0.21663410606951186,0.7363079297584723,0.2010636975495103,0.851808105968743,0.10919340824841704,0.6657967651553308,0.09484628371091645,0.41139428559019764,0.16474545906222204,0.743811119244477,0.04051821727570466,19.5,10.394977419675117
POLG_PESV_Tsuboyama_2023_2MXD,score,esm,facebook/esm2_t33_650M_UR50D,GaussianProcessRegressor,75,0.5516225171565063,0.10157455641332537,0.4395303173516556,0.04491580673937944,0.6622150136260674,0.033359874098534026,0.5058123967055866,0.031583419601219666,0.6490800812606883,0.03562633104100796,0.8474686762747051,0.014335754899986454,33.0,9.775252199076789
POLG_PESV_Tsuboyama_2023_2MXD,score,esm,facebook/esm2_t12_35M_UR50D,GaussianProcessRegressor,75,0.5360116416719094,0.10414231443579536,0.49803164271013295,0.12338099370160563,0.7017827013651466,0.07840551833449241,0.5371822755140376,0.058736069977802716,0.6039458445893952,0.08681297935391628,0.8274535178140713,0.022828204325682114,26.5,8.181958472422385
POLG_PESV_Tsuboyama_2023_2MXD,score,esm,facebook/esm2_t6_8M_UR50D,GaussianProcessRegressor,75,0.5848222215219254,0.13171880253348214,0.5249851348630352,0.0788068245022843,0.722887500799128,0.051841596891405356,0.5593951141212299,0.050939470913719254,0.5804886448219501,0.0667992846335973,0.8008158880635523,0.041354339050379565,24.0,11.00504934614612
POLG_PESV_Tsuboyama_2023_2MXD,score,esm,facebook/esm2_t30_150M_UR50D,GaussianProcessRegressor,75,0.5744019146231396,0.13589047306064214,0.5651096998693371,0.1737218178344572,0.7447444742479821,0.10783406978848924,0.5711363548616504,0.08826966492408775,0.5485180005589896,0.140677804660598,0.7954632042528169,0.054702725404903715,29.5,8.959786703810408
POLG_PESV_Tsuboyama_2023_2MXD,score,esm,facebook/esm2_t33_650M_UR50D,GaussianProcessRegressor,100,0.449238618291574,0.05336903035003193,0.39692892147134645,0.03982308633107307,0.6293097483975028,0.0315904704902953,0.4752836836421449,0.027141271334499298,0.6833370110771977,0.028911847017255462,0.8622612890451562,0.010321966043840232,33.5,8.514693182963201
POLG_PESV_Tsuboyama_2023_2MXD,score,esm,facebook/esm2_t12_35M_UR50D,GaussianProcessRegressor,100,0.43044501193172036,0.052649857522055386,0.417916778945045,0.029307502384878135,0.6461121191088066,0.0225069985602594,0.48895073024529523,0.018140416184508838,0.6662417264435198,0.024992682086866,0.8486234936939747,0.013380498607866529,30.5,5.50252467307306
POLG_PESV_Tsuboyama_2023_2MXD,score,esm,facebook/esm2_t6_8M_UR50D,GaussianProcessRegressor,100,0.4667500492108797,0.07879498001847873,0.4813924234465274,0.08657837520142075,0.6916319148319982,0.05809683326951367,0.5267239799674072,0.05023143535921591,0.6153733449108237,0.07263790048770709,0.8222662426649707,0.042892376948506436,28.0,9.486832980505138
POLG_PESV_Tsuboyama_2023_2MXD,score,esm,facebook/esm2_t30_150M_UR50D,GaussianProcessRegressor,100,0.4628120331457005,0.08247281768503865,0.503283610460948,0.14520568382769167,0.7039045581953096,0.09310676913459219,0.5320999426767736,0.06887153254014736,0.5988878886553861,0.11242317231544498,0.8111066300265202,0.044841830332246646,33.0,8.563488385776752
POLG_PESV_Tsuboyama_2023_2MXD,score,esm,facebook/esm2_t33_650M_UR50D,GaussianProcessRegressor,200,0.33775907689976714,0.04958727051425355,0.29552083716730093,0.03235087395911622,0.5428788226564213,0.029877919726758333,0.39679636322647316,0.02074756971583918,0.7643891302067929,0.022305261604325142,0.896314593258373,0.006021172212174212,39.0,12.427567921538166
POLG_PESV_Tsuboyama_2023_2MXD,score,esm,facebook/esm2_t12_35M_UR50D,GaussianProcessRegressor,200,0.33921867207658235,0.05156077879276236,0.3235211146050229,0.031669560668968,0.568167195673245,0.02803078398680651,0.4181553161353603,0.02071389229520797,0.7419765870753725,0.022306246212779775,0.8836448465793862,0.012278591394698387,31.0,8.432740427115679
POLG_PESV_Tsuboyama_2023_2MXD,score,esm,facebook/esm2_t30_150M_UR50D,GaussianProcessRegressor,200,0.3721397563768896,0.0419899724228404,0.3402355300033346,0.03766517877658806,0.5825147136806271,0.031835311437869114,0.42844373088803317,0.02275305899684287,0.7289579284681837,0.02310386585316576,0.8709221268885076,0.010436845008681419,39.0,10.7496769977314
POLG_PESV_Tsuboyama_2023_2MXD,score,esm,facebook/esm2_t6_8M_UR50D,GaussianProcessRegressor,200,0.36714453046795514,0.051174883394570554,0.35720453232738864,0.031863312700277556,0.5971607119913953,0.025897584214202782,0.4427545729074005,0.021642681029273712,0.7151236441864153,0.02105528621659713,0.8731506702026808,0.009571832463037262,30.5,5.986094998689324
POLG_PESV_Tsuboyama_2023_2MXD,score,esm,facebook/esm2_t33_650M_UR50D,GaussianProcessRegressor,350,0.2555340730990515,0.034928640251086385,0.22904574540047484,0.025091775287164927,0.4779517518202496,0.025988637098834012,0.3419831603081504,0.017994048752702167,0.8174659013227302,0.016412482264929616,0.9196101520406079,0.005780250829837758,42.5,7.90569415042095
POLG_PESV_Tsuboyama_2023_2MXD,score,esm,facebook/esm2_t12_35M_UR50D,GaussianProcessRegressor,350,0.26748972789874653,0.04216942643207308,0.2623787755101812,0.027524042625322133,0.5115943664122008,0.026873774193856486,0.3707224283655569,0.01710025360598798,0.790821198525808,0.019029156417605525,0.9061798807195229,0.009520002986327094,36.5,7.8351061823621055
POLG_PESV_Tsuboyama_2023_2MXD,score,esm,facebook/esm2_t30_150M_UR50D,GaussianProcessRegressor,350,0.2729174944530425,0.046215041803862884,0.2702730161076728,0.02753855229828154,0.5192595778201843,0.026718843739053984,0.373982381750576,0.017263131257283133,0.7844990886130281,0.019151429539641135,0.8993416773667093,0.013434339973095719,41.5,4.1163630117428225
POLG_PESV_Tsuboyama_2023_2MXD,score,esm,facebook/esm2_t6_8M_UR50D,GaussianProcessRegressor,350,0.2903186595849735,0.02560797370370733,0.2862782904764304,0.031086787222222818,0.5343283395687315,0.02927866136422123,0.38658738997744385,0.019575196398148524,0.7717726360173955,0.021442223601915986,0.9008841539366156,0.012056462341986943,38.0,7.1492035298424055
POLG_PESV_Tsuboyama_2023_2MXD,score,esm,facebook/esm2_t33_650M_UR50D,GaussianProcessRegressor,500,0.21188239555264582,0.030205784114340037,0.19379510346810885,0.02900862508818367,0.43914625216582176,0.03241523436118207,0.31060862416582113,0.01691404656167469,0.8455705415792784,0.020698368734170827,0.9318820251281006,0.007991782175286706,47.0,7.527726527090811
POLG_PESV_Tsuboyama_2023_2MXD,score,esm,facebook/esm2_t12_35M_UR50D,GaussianProcessRegressor,500,0.22852714115364786,0.027359686079163174,0.2217744697125812,0.02981318872627816,0.4699799671120859,0.031504853698435406,0.33613461833974057,0.01871579830066952,0.8232518241110902,0.02111347472700257,0.9217424645698582,0.00835963738531118,43.5,8.834905520465716
POLG_PESV_Tsuboyama_2023_2MXD,score,esm,facebook/esm2_t30_150M_UR50D,GaussianProcessRegressor,500,0.23227851947066164,0.041236257611701244,0.23087469096452579,0.02469795857134061,0.4798838700684813,0.025520410407332064,0.34203645980549113,0.013890625966283588,0.8158955458673512,0.017324708615019665,0.9148403345613382,0.011148237554890108,45.0,4.714045207910319
POLG_PESV_Tsuboyama_2023_2MXD,score,esm,facebook/esm2_t6_8M_UR50D,GaussianProcessRegressor,500,0.249231106123819,0.02096462523691186,0.24331790812679496,0.03556120403483908,0.4921183239046408,0.035550643127204795,0.3524457777734985,0.021685308241955817,0.8058907826186849,0.027050875642530545,0.9158676730706923,0.013561190214052858,43.5,3.3747427885527643
SBI_STAAM_Tsuboyama_2023_2JVG,score,esm,facebook/esm2_t33_650M_UR50D,GaussianProcessRegressor,20,0.4235023107781495,0.13036750579991602,0.4578830695605632,0.072054810866375,0.6748373031307209,0.0524688676351009,0.54272686044823,0.04703764512705943,0.017202387385002592,0.14718689593462497,0.332777225104395,0.1502074349282981,14.0,11.498792207106893
SBI_STAAM_Tsuboyama_2023_2JVG,score,esm,facebook/esm2_t6_8M_UR50D,GaussianProcessRegressor,20,0.3720817595066721,0.12970549014206464,0.5376205319660223,0.06988457680436178,0.7318224431204612,0.04780101941290527,0.587806140074641,0.03393017543251136,-0.15461766452972484,0.1448796808852768,0.18954486186498587,0.14664762217005065,11.0,9.067647005823629
SBI_STAAM_Tsuboyama_2023_2JVG,score,esm,facebook/esm2_t12_35M_UR50D,GaussianProcessRegressor,20,0.39594246266115574,0.10531620903541936,0.5548497806155532,0.17268340640581875,0.7384642577222775,0.10285005635086684,0.5945106583253832,0.06952234602178303,-0.1901393674706122,0.3566148326881925,0.21610022313123398,0.13869540489678547,7.5,7.168604389202189
SBI_STAAM_Tsuboyama_2023_2JVG,score,esm,facebook/esm2_t30_150M_UR50D,GaussianProcessRegressor,20,0.4087621139073481,0.13902675544091556,0.5807047933327973,0.15966128561818324,0.756681635285571,0.09508882487414606,0.6018980601416273,0.053883895116990536,-0.2455787914428925,0.3284478908048537,0.23807266186390671,0.09550933544301268,7.5,7.168604389202189
SBI_STAAM_Tsuboyama_2023_2JVG,score,esm,facebook/esm2_t33_650M_UR50D,GaussianProcessRegressor,50,0.3012538891397457,0.04015371285090051,0.36937828932255246,0.05607368669104906,0.6062892762898814,0.044616922280979535,0.47524209741899454,0.031718662007340234,0.2069227969937019,0.1146909547887197,0.5311267133068531,0.0689865882843887,23.5,19.72730763856707
SBI_STAAM_Tsuboyama_2023_2JVG,score,esm,facebook/esm2_t30_150M_UR50D,GaussianProcessRegressor,50,0.35724368317542055,0.0687133932184099,0.3694251828821372,0.06677962474541171,0.6057845574698184,0.05217761134639173,0.48466755942647116,0.037034055763712145,0.20697011263643147,0.13733345279096942,0.5073784551138204,0.07860975187381708,16.0,9.944289260117532
SBI_STAAM_Tsuboyama_2023_2JVG,score,esm,facebook/esm2_t6_8M_UR50D,GaussianProcessRegressor,50,0.37679617048313296,0.07672249857648925,0.40702056173643875,0.05602165975789894,0.6366702111507142,0.0430968414638448,0.5138409944048872,0.044967508390332846,0.1259803344997909,0.11594293082811938,0.3282044096743337,0.18857567182104326,13.0,12.952906151816965
SBI_STAAM_Tsuboyama_2023_2JVG,score,esm,facebook/esm2_t12_35M_UR50D,GaussianProcessRegressor,50,0.3840443106216176,0.08183481606007058,0.4108838588841378,0.03959833865120181,0.6403495516791863,0.030483338771694284,0.5174972254758663,0.03312594826212035,0.1169651147991599,0.08725767414678767,0.36787247622283237,0.10921772343309082,11.0,12.649110640673518
SBI_STAAM_Tsuboyama_2023_2JVG,score,esm,facebook/esm2_t33_650M_UR50D,GaussianProcessRegressor,75,0.2592830444617994,0.041524879741783115,0.2889308344390566,0.053108717232869106,0.5357165442816965,0.04641142845288757,0.4195691973168868,0.027678777860796446,0.38088909901817497,0.10197971189665453,0.6368379009516036,0.054705099288906954,24.5,14.230249470757707
SBI_STAAM_Tsuboyama_2023_2JVG,score,esm,facebook/esm2_t30_150M_UR50D,GaussianProcessRegressor,75,0.31267795679800287,0.046865357082374985,0.2924229354581382,0.029016440177955037,0.5401695123725402,0.026663194802124687,0.43004502881506185,0.021997451462970097,0.372922991083035,0.04614771618853403,0.6092601490405961,0.05166780496623366,16.5,7.090682462060882
SBI_STAAM_Tsuboyama_2023_2JVG,score,esm,facebook/esm2_t12_35M_UR50D,GaussianProcessRegressor,75,0.3502365503353532,0.08217171855883601,0.3595806702192175,0.0472687863468987,0.5985959710648178,0.03746900414098283,0.47889197676270606,0.038558162420895464,0.22885821844944315,0.08601532923976792,0.44827451145466507,0.12771998135452817,20.5,12.791055902899929
SBI_STAAM_Tsuboyama_2023_2JVG,score,esm,facebook/esm2_t6_8M_UR50D,GaussianProcessRegressor,75,0.3218576881280345,0.06202043590134333,0.3926767031564137,0.1385381437702644,0.619550631388807,0.09907190599730235,0.493281945377474,0.07287933450430269,0.16022957655200415,0.27790566078932694,0.5140450097800391,0.04847727634273401,18.0,11.352924243950934
SBI_STAAM_Tsuboyama_2023_2JVG,score,esm,facebook/esm2_t30_150M_UR50D,GaussianProcessRegressor,100,0.2763396392317735,0.03231620424590289,0.26531532354299175,0.029802502036985954,0.5143710247671824,0.028631226599842116,0.40355899548947516,0.023877348711410933,0.4312930857095701,0.04809092310896811,0.6521578822315288,0.048601340035018155,23.5,7.090682462060882
SBI_STAAM_Tsuboyama_2023_2JVG,score,esm,facebook/esm2_t33_650M_UR50D,GaussianProcessRegressor,100,0.23343996351629612,0.0554809907073151,0.275674596448412,0.06081237665895205,0.5225888657500205,0.0534942763555032,0.4024838410566229,0.03650222401327632,0.40882448264288734,0.12106509602553385,0.6704261217044868,0.051080771018204615,29.5,10.394977419675117
SBI_STAAM_Tsuboyama_2023_2JVG,score,esm,facebook/esm2_t6_8M_UR50D,GaussianProcessRegressor,100,0.29119136963063014,0.037513971004360235,0.3076251543681366,0.026885500344691046,0.5541593460048967,0.02432588021844326,0.4369752082040588,0.020115289026517786,0.3394451993012916,0.05156261900846005,0.5759031164124655,0.052148660211349444,20.5,9.846036991827953
SBI_STAAM_Tsuboyama_2023_2JVG,score,esm,facebook/esm2_t12_35M_UR50D,GaussianProcessRegressor,100,0.32911394414378503,0.07327307103026144,0.33328097362706843,0.05945324169506605,0.5754530405344132,0.04870286059095187,0.45537645706474716,0.04728713887678037,0.2856842876634821,0.11335164063876056,0.503320556758203,0.1478232439248791,21.5,12.03005495507906
SBI_STAAM_Tsuboyama_2023_2JVG,score,esm,facebook/esm2_t33_650M_UR50D,GaussianProcessRegressor,200,0.1935247878974306,0.022836710814854787,0.19676892824982586,0.020936009184623027,0.4430380731042315,0.023242538346639918,0.33827407534393356,0.019453037762291465,0.577883925390914,0.036551593905764033,0.7648127392509569,0.03419935418152889,30.5,12.791055902899929
SBI_STAAM_Tsuboyama_2023_2JVG,score,esm,facebook/esm2_t30_150M_UR50D,GaussianProcessRegressor,200,0.21879122580624394,0.020129070785243387,0.21697319249695596,0.014196134350534774,0.46557959665335813,0.015232701557006111,0.3597013062408686,0.012411045746069353,0.5341460348526799,0.0239964203546745,0.7285736982947932,0.02453232266724894,22.0,6.324555320336759
SBI_STAAM_Tsuboyama_2023_2JVG,score,esm,facebook/esm2_t6_8M_UR50D,GaussianProcessRegressor,200,0.24717006775643222,0.018526334799081955,0.25205109301193196,0.02500903640384761,0.5015031661758333,0.024623099532901607,0.39059327996229176,0.01655274147396333,0.4591584449436466,0.044138795595202625,0.6661774039096156,0.03783116722036384,19.0,6.99205898780101
SBI_STAAM_Tsuboyama_2023_2JVG,score,esm,facebook/esm2_t12_35M_UR50D,GaussianProcessRegressor,200,0.2720837665673384,0.036871758303385474,0.2598292578404996,0.03271953574078735,0.5088623064796085,0.031418516917266576,0.3957081711591962,0.022912643117265277,0.4429270060371535,0.05813144555723584,0.653229966519866,0.04937335979657446,21.5,8.181958472422385
SBI_STAAM_Tsuboyama_2023_2JVG,score,esm,facebook/esm2_t33_650M_UR50D,GaussianProcessRegressor,350,0.15734857299726368,0.011242262142588633,0.15414524404341512,0.013787049645410936,0.39226722768557165,0.017373866942783766,0.2954401069769551,0.01294547024595992,0.6692165684659881,0.023543635797700545,0.8249528806115223,0.01717835648474212,41.0,8.096638534327413
SBI_STAAM_Tsuboyama_2023_2JVG,score,esm,facebook/esm2_t30_150M_UR50D,GaussianProcessRegressor,350,0.1820749378982907,0.013284775712867304,0.1794900394211692,0.007614362952474205,0.42357655887132006,0.00900235746286902,0.32191094739783627,0.00594904930534384,0.6143435191871026,0.016226383832567633,0.7872822915291662,0.01502775131600605,29.0,9.067647005823629
SBI_STAAM_Tsuboyama_2023_2JVG,score,esm,facebook/esm2_t6_8M_UR50D,GaussianProcessRegressor,350,0.20936709785883661,0.014637929292250247,0.19372683555070827,0.01974991463058538,0.4396251318052218,0.022523544124849,0.33901458974569304,0.015899898241423564,0.5843610840036727,0.035194663976125855,0.7612369169476677,0.02641399376065695,26.0,9.067647005823629
SBI_STAAM_Tsuboyama_2023_2JVG,score,esm,facebook/esm2_t12_35M_UR50D,GaussianProcessRegressor,350,0.21987765518744692,0.015243879813635992,0.2052077336867307,0.020942392933386463,0.4524704808835297,0.023050611362298114,0.34567619393116555,0.01483526202191091,0.5597512734878597,0.036730042891489574,0.7419852975411901,0.02561615302333099,28.0,11.595018087284059
SBI_STAAM_Tsuboyama_2023_2JVG,score,esm,facebook/esm2_t33_650M_UR50D,GaussianProcessRegressor,500,0.1369795320698474,0.009319716020739539,0.13159245239878145,0.006262427975218217,0.3626658736433134,0.008558069182143713,0.27137534546378184,0.007036125398197142,0.7172939523821584,0.012286197338285587,0.8518962427849711,0.008494393181549377,48.5,5.797509043642029
SBI_STAAM_Tsuboyama_2023_2JVG,score,esm,facebook/esm2_t30_150M_UR50D,GaussianProcessRegressor,500,0.16393566346647095,0.008203913565372178,0.15720267949503675,0.006115760823063357,0.3964212821137452,0.007662794843427369,0.3005175701666336,0.006430011816349774,0.6619095844635116,0.02034530266280263,0.8188966579866319,0.014063031905104394,30.0,11.055415967851333
SBI_STAAM_Tsuboyama_2023_2JVG,score,esm,facebook/esm2_t6_8M_UR50D,GaussianProcessRegressor,500,0.18108598796218828,0.00901051139721685,0.16629495787366888,0.013359018541718134,0.40750328516682244,0.016194321772917096,0.3129644496715358,0.009256404313562575,0.6428483824118013,0.026202749531576325,0.7999607646430585,0.019247767839065132,33.0,8.881941729649485
SBI_STAAM_Tsuboyama_2023_2JVG,score,esm,facebook/esm2_t12_35M_UR50D,GaussianProcessRegressor,500,0.19486598409902967,0.011802548324459936,0.17742965510953457,0.012337323852435942,0.4209966281373661,0.014586683672403922,0.3209207459311889,0.009950765855533106,0.6189404808351298,0.023114742383530167,0.784178800715203,0.01771699000866303,34.5,8.3166499665831
SDA_BACSU_Tsuboyama_2023_1PV0,score,esm,facebook/esm2_t30_150M_UR50D,GaussianProcessRegressor,20,0.34025628478232495,0.1184797047722243,0.35445417037432586,0.08218119020855345,0.5914275727421066,0.07201540402122507,0.46294708763325804,0.06331565957683812,0.7508534362755629,0.06088887530610363,0.869053873015492,0.033726924254319716,33.0,8.232726023485645
SDA_BACSU_Tsuboyama_2023_1PV0,score,esm,facebook/esm2_t33_650M_UR50D,GaussianProcessRegressor,20,0.40495181433739946,0.24871066564716737,0.3902158256093377,0.09002923384722444,0.621228048157247,0.06905342369881176,0.4712407307462339,0.06730619343393554,0.7253054947623804,0.06847884716119101,0.848332919731679,0.040595908156119014,30.5,13.426756040748556
SDA_BACSU_Tsuboyama_2023_1PV0,score,esm,facebook/esm2_t12_35M_UR50D,GaussianProcessRegressor,20,0.5606447222784768,0.2285793958924945,0.8200670756813416,0.2984093818239237,0.8945596001378556,0.14843703297485814,0.7147848542824142,0.1238729945562847,0.42481651526475694,0.2088961848836162,0.7033104676418704,0.10742150161577112,27.0,10.327955589886445
SDA_BACSU_Tsuboyama_2023_1PV0,score,esm,facebook/esm2_t6_8M_UR50D,GaussianProcessRegressor,20,0.7156213592479401,0.28845832948049666,0.8579241478960459,0.2545671806060435,0.9178646792558507,0.13101559903139678,0.7428199784287487,0.1252895351255312,0.3980726753977707,0.18037109653863412,0.6170295459483739,0.216074242752836,19.0,9.067647005823629
SDA_BACSU_Tsuboyama_2023_1PV0,score,esm,facebook/esm2_t30_150M_UR50D,GaussianProcessRegressor,50,0.21385671248764812,0.03736059125878443,0.22658078766288337,0.029093712167381512,0.47505343794165755,0.03171082469748308,0.34592579723121125,0.022872097210183483,0.8413204072078212,0.019499464750459012,0.9148256273025093,0.014231160148191441,35.0,9.7182531580755
SDA_BACSU_Tsuboyama_2023_1PV0,score,esm,facebook/esm2_t33_650M_UR50D,GaussianProcessRegressor,50,0.23598447334631664,0.07501858245122871,0.2732040984401801,0.04424564778161652,0.5211299282356073,0.042527067685454494,0.3655052222741235,0.030255619332159398,0.8079825528225257,0.03430469066539738,0.8996721778887113,0.020057503220019278,36.0,12.202003478482084
SDA_BACSU_Tsuboyama_2023_1PV0,score,esm,facebook/esm2_t12_35M_UR50D,GaussianProcessRegressor,50,0.45718061051884373,0.13673051436269895,0.5138095313279478,0.11748599524176166,0.7130189575089899,0.077556413594958,0.5487793404576012,0.058147127663175494,0.6389128984185403,0.0902190649452353,0.8051239340957362,0.08373717535640206,31.0,10.219806477837263
SDA_BACSU_Tsuboyama_2023_1PV0,score,esm,facebook/esm2_t6_8M_UR50D,GaussianProcessRegressor,50,0.5357352011806853,0.17086504751926468,0.6264732599095809,0.1224231555443689,0.7882768121102297,0.07522505048862524,0.616474858607629,0.06109599610204277,0.5594405140233987,0.09618004113336454,0.760590248760995,0.07540601704421447,22.0,6.749485577105529
SDA_BACSU_Tsuboyama_2023_1PV0,score,esm,facebook/esm2_t30_150M_UR50D,GaussianProcessRegressor,75,0.18482371289251226,0.06118038761883066,0.2000771256184303,0.032324778550125596,0.4460073802908604,0.03581654404374994,0.32568631448688345,0.025212497217906568,0.8593795510476211,0.026144518390754146,0.9265377413509654,0.017384715007892224,37.0,12.292725943057185
SDA_BACSU_Tsuboyama_2023_1PV0,score,esm,facebook/esm2_t33_650M_UR50D,GaussianProcessRegressor,75,0.2200162191133997,0.060686651097872836,0.2545225243095436,0.03882545115591337,0.5031921870503924,0.03829921961761591,0.3536484968460908,0.02502870128778588,0.8209831944304009,0.03143490573327687,0.9079101436405745,0.018327388688139653,30.5,10.124228365658293
SDA_BACSU_Tsuboyama_2023_1PV0,score,esm,facebook/esm2_t12_35M_UR50D,GaussianProcessRegressor,75,0.3968682805911179,0.10020229281695957,0.4808666009769672,0.13621134959693923,0.6878554710587044,0.09262500209371818,0.5270285946317621,0.06522367510247193,0.6613835480647168,0.10408769517014861,0.8255530750123,0.08158648611263959,30.5,10.394977419675117
SDA_BACSU_Tsuboyama_2023_1PV0,score,esm,facebook/esm2_t6_8M_UR50D,GaussianProcessRegressor,75,0.4808609248069332,0.11791959885991656,0.5553370574753862,0.15999023516235975,0.7394055053500482,0.09784656999283313,0.5566262602895773,0.07364970686478983,0.6087681017089579,0.12608422419769116,0.7970702506810027,0.09851853414499205,20.0,8.819171036881968
SDA_BACSU_Tsuboyama_2023_1PV0,score,esm,facebook/esm2_t30_150M_UR50D,GaussianProcessRegressor,100,0.18076773443646846,0.049792573830148436,0.16500097877141492,0.01235065800323931,0.40594727630703353,0.015194576163731845,0.29508099259702497,0.00990856132314083,0.8843191743595347,0.009083010094478313,0.9407417661670646,0.007301513752045151,34.5,5.986094998689324
SDA_BACSU_Tsuboyama_2023_1PV0,score,esm,facebook/esm2_t33_650M_UR50D,GaussianProcessRegressor,100,0.21393798267250919,0.05106248468393901,0.2087550566058603,0.016283433581262177,0.4565811503169052,0.017910573573292086,0.31298741215888604,0.013456882246129417,0.8535279264743121,0.013599980172117661,0.9260903315613263,0.009194199459591199,38.0,10.327955589886447
SDA_BACSU_Tsuboyama_2023_1PV0,score,esm,facebook/esm2_t12_35M_UR50D,GaussianProcessRegressor,100,0.3682924298154845,0.07556553771137912,0.3419231665483578,0.0360863765337483,0.5840447275961618,0.030091023310449,0.4385014834290308,0.020677996115022995,0.7601781923305977,0.0268263966387152,0.8789113748454993,0.019656408699479717,32.5,10.865337342004416
SDA_BACSU_Tsuboyama_2023_1PV0,score,esm,facebook/esm2_t6_8M_UR50D,GaussianProcessRegressor,100,0.4278506152979853,0.10469278296122428,0.47456958146684763,0.1219372841142934,0.6846632322034479,0.08031770204475445,0.5019172535519336,0.032319526627157764,0.6684763057822715,0.07749584744073279,0.8439620318481273,0.025043866947403372,22.5,7.168604389202189
SDA_BACSU_Tsuboyama_2023_1PV0,score,esm,facebook/esm2_t30_150M_UR50D,GaussianProcessRegressor,200,0.1343308166119213,0.025125005305999086,0.13032812012332212,0.01179456420407091,0.36069567035292377,0.015872880855131083,0.2610032263887968,0.012576929930548928,0.9086728057532483,0.00792203610264514,0.9528321697286788,0.005360897053921499,35.0,10.0
SDA_BACSU_Tsuboyama_2023_1PV0,score,esm,facebook/esm2_t33_650M_UR50D,GaussianProcessRegressor,200,0.16235629611118155,0.036294643652968694,0.1508231144613861,0.01988245822284504,0.38763189153145805,0.02504731365347542,0.2679852457264426,0.009169185167502656,0.8940928839394233,0.01538403038357817,0.9454643610574441,0.009375954322129535,41.0,11.498792207106895
SDA_BACSU_Tsuboyama_2023_1PV0,score,esm,facebook/esm2_t12_35M_UR50D,GaussianProcessRegressor,200,0.2537684010467126,0.024788696186246628,0.2529247506445511,0.027099974036484734,0.5022882579403868,0.02648388566158882,0.3722330318522465,0.015205470207486128,0.8227954421390512,0.018101994299867908,0.9159777759111035,0.008980097980564095,34.0,10.219806477837261
SDA_BACSU_Tsuboyama_2023_1PV0,score,esm,facebook/esm2_t6_8M_UR50D,GaussianProcessRegressor,200,0.3201537355500065,0.026208037645328388,0.3206506781462413,0.031637544780817886,0.5656397991311495,0.027934363248995866,0.41483038299322994,0.017993117523886142,0.7752659968128914,0.021787025924163754,0.8926612314449258,0.010426276330656719,25.0,6.666666666666667
SDA_BACSU_Tsuboyama_2023_1PV0,score,esm,facebook/esm2_t30_150M_UR50D,GaussianProcessRegressor,350,0.11253874171571757,0.022852443056711892,0.1032771162797459,0.0131814211126357,0.3208370118746034,0.01945730628614358,0.22902277198703494,0.009303911432166263,0.9275921899485488,0.009351816253737464,0.9615985503942014,0.005833177826945169,40.0,5.270462766947299
SDA_BACSU_Tsuboyama_2023_1PV0,score,esm,facebook/esm2_t33_650M_UR50D,GaussianProcessRegressor,350,0.11967917877504211,0.025370154432920004,0.1163501793087055,0.015716808120984048,0.3404186447989625,0.02273825904464763,0.23185950190987228,0.009379965849950656,0.9184585468855528,0.01084382125604331,0.9567814911259646,0.0058788338570286884,44.0,11.737877907772674
SDA_BACSU_Tsuboyama_2023_1PV0,score,esm,facebook/esm2_t12_35M_UR50D,GaussianProcessRegressor,350,0.19243384386135073,0.023984554524308047,0.18639451584734626,0.015316679123532165,0.43139837868654085,0.017949147734955602,0.3169910471250001,0.01037023536087346,0.8693841256516437,0.010089921319750056,0.9364455185820741,0.004999443062916328,37.5,5.400617248673217
SDA_BACSU_Tsuboyama_2023_1PV0,score,esm,facebook/esm2_t6_8M_UR50D,GaussianProcessRegressor,350,0.2460525292834642,0.028649877822438146,0.24434764912409007,0.02686612469617014,0.49363023405281065,0.027423452109816854,0.3592751061997864,0.016354586890379073,0.8288396500033738,0.01737201316283074,0.9167570686282744,0.006340675182847088,32.0,9.486832980505138
SDA_BACSU_Tsuboyama_2023_1PV0,score,esm,facebook/esm2_t30_150M_UR50D,GaussianProcessRegressor,500,0.09479282629171139,0.013116782930488869,0.09203587649008424,0.009753032713003405,0.30300133328611434,0.015848887690424574,0.21478258910758688,0.009021818615966834,0.9354909849853625,0.006762708793531304,0.9661209460837844,0.003190914393132441,41.0,6.99205898780101
SDA_BACSU_Tsuboyama_2023_1PV0,score,esm,facebook/esm2_t33_650M_UR50D,GaussianProcessRegressor,500,0.10021519713585272,0.016228429213953174,0.09964164729869124,0.010928942797436246,0.3152321299808708,0.017331779623141853,0.21463296527874628,0.009041757103760838,0.9301983716200427,0.00716774675296406,0.9631357757431029,0.004231366591895575,45.5,10.394977419675119
SDA_BACSU_Tsuboyama_2023_1PV0,score,esm,facebook/esm2_t12_35M_UR50D,GaussianProcessRegressor,500,0.16366303736963808,0.012552170218978982,0.15868280676121355,0.01120293262683197,0.3981266516578379,0.014062400653757563,0.2931317938097516,0.008981051015118053,0.8888568388611653,0.006356928060672085,0.9456215040860163,0.002905788589465718,40.5,6.8516015970314905
SDA_BACSU_Tsuboyama_2023_1PV0,score,esm,facebook/esm2_t6_8M_UR50D,GaussianProcessRegressor,500,0.20504366620044495,0.008297943860453355,0.2040085446227929,0.017245448533597142,0.4513005616441002,0.01933182989880293,0.32870731106461837,0.011593364873618891,0.8570904723484943,0.010871743597820373,0.9309934455737823,0.00399041104980803,32.5,4.85912657903775
SOX30_HUMAN_Tsuboyama_2023_7JJK,score,esm,facebook/esm2_t30_150M_UR50D,GaussianProcessRegressor,20,0.41811194157968057,0.17821718834313893,0.4867487015765638,0.08760531878255094,0.6952824757911011,0.06083657922263523,0.49762352897802725,0.05264425712342775,0.3541794713756114,0.09744343857728789,0.650339759759039,0.06708987900710593,30.0,12.472191289246473
SOX30_HUMAN_Tsuboyama_2023_7JJK,score,esm,facebook/esm2_t33_650M_UR50D,GaussianProcessRegressor,20,0.5360877072876529,0.20532543708540196,0.6364241286680477,0.16535347360800753,0.7919250277049164,0.1015375090113938,0.5578352628264296,0.0864525545501182,0.14921718684163737,0.2405635242646036,0.5194266430399055,0.20259429011509117,15.5,11.654755824698059
SOX30_HUMAN_Tsuboyama_2023_7JJK,score,esm,facebook/esm2_t6_8M_UR50D,GaussianProcessRegressor,20,0.634506292782989,0.3398974115560722,0.7712417512866462,0.12323969032784139,0.8756139863185218,0.07103909917185375,0.6290232786605724,0.04495761263327629,-0.027884559491850536,0.1722794015013858,0.3205243981234333,0.12104129527264045,10.0,8.498365855987975
SOX30_HUMAN_Tsuboyama_2023_7JJK,score,esm,facebook/esm2_t12_35M_UR50D,GaussianProcessRegressor,20,0.6526123350952459,0.29207150905079454,0.7799343171679689,0.10357020148600848,0.8813956375084826,0.058462213332718935,0.6358608090691316,0.05006205315110075,-0.040156200244148635,0.15087729071673758,0.30420963783655,0.1621751307336494,10.0,12.909944487358056
SOX30_HUMAN_Tsuboyama_2023_7JJK,score,esm,facebook/esm2_t30_150M_UR50D,GaussianProcessRegressor,50,0.30127267812122327,0.07665901719058406,0.4032441613119719,0.07197669036229183,0.6327345477780792,0.05667797299011595,0.4561558372356753,0.04354032709571713,0.46608531194253855,0.07348160877149951,0.6969532262129048,0.051815365804570905,33.0,10.055402085998905
SOX30_HUMAN_Tsuboyama_2023_7JJK,score,esm,facebook/esm2_t33_650M_UR50D,GaussianProcessRegressor,50,0.4242475685789094,0.15132616284753087,0.45045195569392893,0.060722551605971405,0.669770136996853,0.04545961921365762,0.469922606004147,0.03354460128921188,0.40194991488763937,0.06401033918693604,0.6771412813651254,0.037560225161224314,22.0,14.181364924121764
SOX30_HUMAN_Tsuboyama_2023_7JJK,score,esm,facebook/esm2_t6_8M_UR50D,GaussianProcessRegressor,50,0.4841897331051014,0.14103914834985595,0.5275796336314448,0.08837530896365618,0.7241311553011407,0.05975601832711974,0.519140801759114,0.049832550483081835,0.3005860169000922,0.0921571204426688,0.5542233976935907,0.06345161297620744,22.5,12.527746981977424
SOX30_HUMAN_Tsuboyama_2023_7JJK,score,esm,facebook/esm2_t12_35M_UR50D,GaussianProcessRegressor,50,0.451722517630591,0.11809891432742756,0.5545482962145722,0.10533813111109476,0.7416523848044436,0.07071096354136781,0.5367989384330363,0.05935147292597599,0.266300182031843,0.10793094249109492,0.5350149880599522,0.07855650242930584,25.0,11.055415967851333
SOX30_HUMAN_Tsuboyama_2023_7JJK,score,esm,facebook/esm2_t30_150M_UR50D,GaussianProcessRegressor,75,0.2947229534403172,0.08972332026097059,0.32863576863170935,0.03494133531327354,0.5725229218488349,0.030790918383010936,0.40637527440833826,0.022606791109484436,0.5631490022155319,0.035779600898276795,0.7559108156432626,0.0279196870569107,36.5,7.090682462060882
SOX30_HUMAN_Tsuboyama_2023_7JJK,score,esm,facebook/esm2_t33_650M_UR50D,GaussianProcessRegressor,75,0.3469360878438927,0.06420319798157552,0.3880649999096977,0.04704703368743681,0.6218958333243949,0.038160078084216946,0.4363105480409623,0.026728805891019586,0.48436584046630393,0.05049742747997465,0.7171193740774963,0.03153821747585763,24.0,13.080944580232389
SOX30_HUMAN_Tsuboyama_2023_7JJK,score,esm,facebook/esm2_t12_35M_UR50D,GaussianProcessRegressor,75,0.4650584929832502,0.06942499243347985,0.44447792816117593,0.07488148211561033,0.6646515475744798,0.054936816920542426,0.47422269215396173,0.04788533968551547,0.410331556056405,0.08121731042790274,0.6314479305917223,0.06517029282142207,29.0,9.368979548370131
SOX30_HUMAN_Tsuboyama_2023_7JJK,score,esm,facebook/esm2_t6_8M_UR50D,GaussianProcessRegressor,75,0.450771696668558,0.0732491937000248,0.4716486900962524,0.06745889873512058,0.6852182475335119,0.048587187878599405,0.488277220837229,0.051813452953994435,0.37252788408115417,0.08804356992472194,0.6143880095520382,0.05104974314230723,20.5,10.394977419675117
SOX30_HUMAN_Tsuboyama_2023_7JJK,score,esm,facebook/esm2_t30_150M_UR50D,GaussianProcessRegressor,100,0.2622898796046388,0.0699035711042176,0.3013187278730643,0.044145783379320847,0.5475300786698103,0.04122486877407336,0.38937380271433336,0.027681769893850704,0.6002792060057299,0.04597774447230058,0.771311869247477,0.0381073625016962,39.0,10.7496769977314
SOX30_HUMAN_Tsuboyama_2023_7JJK,score,esm,facebook/esm2_t33_650M_UR50D,GaussianProcessRegressor,100,0.2869219162106587,0.053465708813819436,0.3537411739248034,0.03798284455851998,0.5939436475014971,0.03286534002428706,0.4136435097206544,0.02354867513184882,0.5293695153707395,0.04533875037317604,0.7482562922251689,0.03780162829526413,26.5,14.916433890176299
SOX30_HUMAN_Tsuboyama_2023_7JJK,score,esm,facebook/esm2_t12_35M_UR50D,GaussianProcessRegressor,100,0.3791864863121826,0.07288662663510029,0.40068126094846307,0.048072328895445264,0.6319689603900892,0.03795456423926137,0.44271233629248047,0.021792220881542024,0.46791463782379666,0.04660626989241489,0.6728102624410498,0.0351881556186124,33.5,7.090682462060882
SOX30_HUMAN_Tsuboyama_2023_7JJK,score,esm,facebook/esm2_t6_8M_UR50D,GaussianProcessRegressor,100,0.3981928177234447,0.08300951284853647,0.4051735827432794,0.05947843095130781,0.6349161497342423,0.04778499938875129,0.44677482109104105,0.026451568163643212,0.46339685449478046,0.052838666306773904,0.6762382441529765,0.0336721450197751,26.5,13.550317749451896
SOX30_HUMAN_Tsuboyama_2023_7JJK,score,esm,facebook/esm2_t30_150M_UR50D,GaussianProcessRegressor,200,0.2441662118877071,0.05264162537154665,0.23867642278554252,0.03462908611858962,0.4874871401056744,0.03387413003611263,0.34513388505212994,0.03048480141341301,0.6824481799887276,0.042598810761793005,0.8186465481861926,0.03379705450658753,40.5,11.65475582469806
SOX30_HUMAN_Tsuboyama_2023_7JJK,score,esm,facebook/esm2_t33_650M_UR50D,GaussianProcessRegressor,200,0.27629345088037593,0.0672839205238636,0.2668213813903303,0.038120658279545284,0.515395937371512,0.03633805980374846,0.35525717201559287,0.02390914189039198,0.6455421645159426,0.042229370077852046,0.8233896103584414,0.019410221467070957,33.5,11.796892246124258
SOX30_HUMAN_Tsuboyama_2023_7JJK,score,esm,facebook/esm2_t12_35M_UR50D,GaussianProcessRegressor,200,0.31932124748671453,0.06334762674149193,0.2826645240238065,0.031149791404079558,0.5309232327866721,0.029534253393413257,0.367245872433153,0.015612336701829129,0.6243848743532805,0.031627215509802874,0.7805772791091163,0.020344772424745985,40.0,10.274023338281628
SOX30_HUMAN_Tsuboyama_2023_7JJK,score,esm,facebook/esm2_t6_8M_UR50D,GaussianProcessRegressor,200,0.3282430186748073,0.06031600709203621,0.3045770587708186,0.0342596143418534,0.5511028225960809,0.03096122480801624,0.3887763167099895,0.014820414141181392,0.5957287150802184,0.02831576389059963,0.7563581870327482,0.025531172326936812,32.0,10.593499054713803
SOX30_HUMAN_Tsuboyama_2023_7JJK,score,esm,facebook/esm2_t30_150M_UR50D,GaussianProcessRegressor,350,0.1953570013965356,0.02770381758040967,0.18746554883805208,0.0162501385322799,0.4326032813591091,0.018854701605924975,0.303769955648965,0.01309252592668643,0.7504514958787132,0.019266875468793066,0.8604462577850311,0.013724597985229634,48.5,12.920698295542872
SOX30_HUMAN_Tsuboyama_2023_7JJK,score,esm,facebook/esm2_t33_650M_UR50D,GaussianProcessRegressor,350,0.21123555576415698,0.028338500740588635,0.21515986341976606,0.02477543438496993,0.46313120613163117,0.027271257291364245,0.3113112530321235,0.013897913455159866,0.713896677535206,0.028256247542656758,0.8656736706946827,0.019920622222377747,43.0,11.832159566199234
SOX30_HUMAN_Tsuboyama_2023_7JJK,score,esm,facebook/esm2_t12_35M_UR50D,GaussianProcessRegressor,350,0.24320605790341454,0.02879840693961087,0.2303504209878684,0.03060760224613776,0.47902257388669744,0.03140761929553658,0.3317259818685466,0.015982925651199187,0.6942065120728484,0.030928936696546137,0.8287262429049717,0.015414521745443381,45.0,11.30388330520878
SOX30_HUMAN_Tsuboyama_2023_7JJK,score,esm,facebook/esm2_t6_8M_UR50D,GaussianProcessRegressor,350,0.2566789502736767,0.04095131262246441,0.24871071790363714,0.024036803051578355,0.4981712610632843,0.024406569112393167,0.34961703733227967,0.011613960082422657,0.669584523597404,0.020313654194999246,0.807957702230809,0.021640503130155978,41.5,11.316163464511972
SOX30_HUMAN_Tsuboyama_2023_7JJK,score,esm,facebook/esm2_t30_150M_UR50D,GaussianProcessRegressor,500,0.16551992150213835,0.01935917223949291,0.1647609321399071,0.01086004032988982,0.405707386931656,0.01343495974417049,0.2832767815150153,0.0091508945783769,0.7804686156088722,0.015357315012888772,0.8787903183612734,0.01095543320978938,55.0,13.743685418725535
SOX30_HUMAN_Tsuboyama_2023_7JJK,score,esm,facebook/esm2_t33_650M_UR50D,GaussianProcessRegressor,500,0.18189493570899104,0.019056680877108375,0.1866174686362619,0.018094554080224375,0.43151358982663446,0.02143440720982816,0.2867838030894653,0.012245827418450568,0.7516489739785628,0.021654242896181824,0.8876284689138755,0.01231482134582639,49.5,7.975657409336932
SOX30_HUMAN_Tsuboyama_2023_7JJK,score,esm,facebook/esm2_t12_35M_UR50D,GaussianProcessRegressor,500,0.20920234576800553,0.01952845426261776,0.1957343047930013,0.020790719001946355,0.4418467941959568,0.023704553049693284,0.30529909683327994,0.01327747873980359,0.7399809495298639,0.019336219721373785,0.8579241836967346,0.010893069627582712,48.0,12.292725943057185
SOX30_HUMAN_Tsuboyama_2023_7JJK,score,esm,facebook/esm2_t6_8M_UR50D,GaussianProcessRegressor,500,0.21755267490515656,0.02424085220993447,0.21488113253368293,0.018928638191435067,0.4631349940778696,0.020739382669872797,0.32472108456590043,0.007947070393606079,0.7144474421961206,0.015100014907844031,0.8369377221508886,0.016733427714198,46.5,11.79689224612426
YNZC_BACSU_Tsuboyama_2023_2JVD,score,esm,facebook/esm2_t33_650M_UR50D,GaussianProcessRegressor,20,0.3651053531016279,0.19240714046770568,0.3919569384435102,0.14124486611395987,0.6189183598226584,0.09942614410226926,0.4808824176266763,0.07832477700386592,0.48810382565806315,0.18616354877262925,0.6312146852135113,0.1835788021387105,32.5,12.527746981977424
YNZC_BACSU_Tsuboyama_2023_2JVD,score,esm,facebook/esm2_t30_150M_UR50D,GaussianProcessRegressor,20,0.33661091554740274,0.222739810576233,0.4021092212428963,0.14769525453839882,0.6258938960449585,0.10732118014300697,0.4852933450906417,0.08465081932976296,0.4751487581696364,0.19449401745413897,0.6660023879432198,0.08708285691932183,35.0,12.247448713915892
YNZC_BACSU_Tsuboyama_2023_2JVD,score,esm,facebook/esm2_t12_35M_UR50D,GaussianProcessRegressor,20,0.4042455853201101,0.18534512977732256,0.4579483835123721,0.1507836263533647,0.6689244130127207,0.1079532470200729,0.5247321220573637,0.08889804848911843,0.4025300486832519,0.19753179285193737,0.648762145163909,0.09965630318007516,27.5,13.385315336840842
YNZC_BACSU_Tsuboyama_2023_2JVD,score,esm,facebook/esm2_t6_8M_UR50D,GaussianProcessRegressor,20,0.3618655150818249,0.13258868098610396,0.5125434417925178,0.17566797530270714,0.7063506492546919,0.12298239300355539,0.5504867447210946,0.09751133185673876,0.33134441152139094,0.23105582631894936,0.617805135899437,0.09738294617212648,24.5,11.167910378500636
YNZC_BACSU_Tsuboyama_2023_2JVD,score,esm,facebook/esm2_t30_150M_UR50D,GaussianProcessRegressor,50,0.2075609406370174,0.06607642023550678,0.2158601656693771,0.04030005198349159,0.4629094628654151,0.04183293305293314,0.35141579756164865,0.03636531281328032,0.7178184076588308,0.05453104587509453,0.7796498385993543,0.031925086339345786,35.5,11.654755824698059
YNZC_BACSU_Tsuboyama_2023_2JVD,score,esm,facebook/esm2_t33_650M_UR50D,GaussianProcessRegressor,50,0.22203840923446938,0.05589487421522844,0.2440576866782826,0.045494515792219505,0.4921014437671153,0.045872476867983646,0.37567759266770817,0.04252127887941635,0.6810260726769309,0.06094048490542744,0.7635224748898995,0.048242119127749124,35.0,8.819171036881968
YNZC_BACSU_Tsuboyama_2023_2JVD,score,esm,facebook/esm2_t6_8M_UR50D,GaussianProcessRegressor,50,0.2784632439039952,0.10586591972759411,0.2748343330126997,0.042907626176256236,0.5228537228585938,0.04025360585102288,0.40103502989584594,0.031645289827149266,0.6404727812301735,0.06091261359844283,0.7482469225876903,0.04579295736465768,32.0,11.352924243950934
YNZC_BACSU_Tsuboyama_2023_2JVD,score,esm,facebook/esm2_t12_35M_UR50D,GaussianProcessRegressor,50,0.23652730544362005,0.0793641297810689,0.29432358208981235,0.060773812303872146,0.5401416810158397,0.053443079992698456,0.41387128138828294,0.0419049879894681,0.6162137693379355,0.0759443215042402,0.7433781383125532,0.038559072799743556,29.5,8.64420165325996
YNZC_BACSU_Tsuboyama_2023_2JVD,score,esm,facebook/esm2_t30_150M_UR50D,GaussianProcessRegressor,75,0.17917582269242058,0.06412985442447193,0.18721381148175895,0.028105737206193776,0.43162558139851576,0.031853291547207424,0.3252875405655958,0.028282747210639232,0.7553884548431978,0.037957284100205727,0.8016049440197761,0.030884430354831672,36.0,11.737877907772674
YNZC_BACSU_Tsuboyama_2023_2JVD,score,esm,facebook/esm2_t33_650M_UR50D,GaussianProcessRegressor,75,0.20288448488022884,0.04250658616068787,0.1997824971861524,0.029153577672902536,0.44586775021356295,0.03307309254847879,0.3341960404294212,0.028516799827827465,0.7391481138755188,0.03868499096701462,0.794562010248041,0.03541698146100327,34.5,5.986094998689324
YNZC_BACSU_Tsuboyama_2023_2JVD,score,esm,facebook/esm2_t12_35M_UR50D,GaussianProcessRegressor,75,0.22225663659743863,0.06915544571212202,0.22470001780197973,0.025522680648291527,0.4733169677212833,0.027306203387781575,0.3585504581470865,0.023903132986997557,0.7067698217869994,0.03201178329928037,0.7937186180744723,0.032646343832809815,33.0,10.055402085998905
YNZC_BACSU_Tsuboyama_2023_2JVD,score,esm,facebook/esm2_t6_8M_UR50D,GaussianProcessRegressor,75,0.24371141441559946,0.07813210365183271,0.23268217151891024,0.034880400290790044,0.4811814984875277,0.03569215650232145,0.3663359124537986,0.02729115110192922,0.6962639546547216,0.04556074206058774,0.785818007272029,0.03584729148149195,34.5,12.791055902899929
YNZC_BACSU_Tsuboyama_2023_2JVD,score,esm,facebook/esm2_t30_150M_UR50D,GaussianProcessRegressor,100,0.16281724778897572,0.0512485838854792,0.1701337533057894,0.01556218090542954,0.41207573660879737,0.019071229177495288,0.30826481166550246,0.01669682164459459,0.7775428109679174,0.02388297663903633,0.8171183948735793,0.025076189078732734,35.5,9.846036991827953
YNZC_BACSU_Tsuboyama_2023_2JVD,score,esm,facebook/esm2_t33_650M_UR50D,GaussianProcessRegressor,100,0.17791275823954683,0.035578745944170334,0.1825279062188198,0.02307316438903189,0.4264730169328219,0.026846726409933245,0.3161558834241843,0.021319172262638502,0.7617081086941606,0.030458250176241097,0.8112618146472584,0.02447568228677542,36.0,11.00504934614612
YNZC_BACSU_Tsuboyama_2023_2JVD,score,esm,facebook/esm2_t12_35M_UR50D,GaussianProcessRegressor,100,0.19011109893273098,0.05436440227392806,0.19821442622007263,0.01732911523237894,0.44481586636180215,0.019812208718422254,0.33549206450280644,0.014230839477842358,0.740943585978858,0.02610621136910352,0.806578349513398,0.030870564589138425,36.0,9.067647005823629
YNZC_BACSU_Tsuboyama_2023_2JVD,score,esm,facebook/esm2_t6_8M_UR50D,GaussianProcessRegressor,100,0.2211563407351813,0.06581331399925804,0.2115797253726525,0.014838647441652997,0.4597201756498078,0.016230474531379217,0.34872187475857946,0.009856983094115526,0.723443923348922,0.024107949295222687,0.8001732614930461,0.028836126991255637,34.5,9.846036991827953
YNZC_BACSU_Tsuboyama_2023_2JVD,score,esm,facebook/esm2_t30_150M_UR50D,GaussianProcessRegressor,200,0.12838917382907736,0.023351338928437982,0.1330216594400727,0.010515136682917934,0.36446512018806054,0.014408161513350622,0.2701922454096898,0.012033624631585318,0.8260435957618041,0.017092806230835405,0.8545172740690962,0.016549383656515933,41.0,6.99205898780101
YNZC_BACSU_Tsuboyama_2023_2JVD,score,esm,facebook/esm2_t33_650M_UR50D,GaussianProcessRegressor,200,0.150088768895596,0.02837378221121536,0.1437689082667401,0.02182429616714006,0.37820548330225706,0.02847066066529025,0.27833881468679106,0.019410447735024535,0.8122262382801075,0.029333964179066745,0.8508230064920259,0.024546695111435368,38.5,7.835106182362107
YNZC_BACSU_Tsuboyama_2023_2JVD,score,esm,facebook/esm2_t12_35M_UR50D,GaussianProcessRegressor,200,0.14630974118971501,0.029436411050596238,0.15267361322237524,0.01841993406237639,0.390135031691488,0.022810092051471303,0.2940155234288887,0.01807669308958601,0.8007060360316525,0.02307146658586086,0.8492175728702914,0.022889271087448666,45.0,9.428090415820636
YNZC_BACSU_Tsuboyama_2023_2JVD,score,esm,facebook/esm2_t6_8M_UR50D,GaussianProcessRegressor,200,0.1731472568499917,0.03365810250133894,0.16751525854834853,0.010158406587678666,0.40911740446111333,0.012392108391603719,0.30444690736563973,0.010198071247659148,0.7810506423746337,0.017224619336917678,0.8406637178548714,0.01952909910045534,41.0,8.43274042711568
YNZC_BACSU_Tsuboyama_2023_2JVD,score,esm,facebook/esm2_t30_150M_UR50D,GaussianProcessRegressor,350,0.10639687362737422,0.012687671572793817,0.10707980079913268,0.008415145790427283,0.3270131156312961,0.012570821781909516,0.24111223746022598,0.00876948958931557,0.8598876216273192,0.014587180622918153,0.8814816315265259,0.015269646357049338,43.5,8.514693182963203
YNZC_BACSU_Tsuboyama_2023_2JVD,score,esm,facebook/esm2_t33_650M_UR50D,GaussianProcessRegressor,350,0.11770411145136497,0.016604742966053593,0.11444975834924313,0.016404311057263973,0.3375481206787573,0.023828660975161783,0.246408665546324,0.013254358031037836,0.8502499514394641,0.023789853012810128,0.8823205500822002,0.017496598256778247,43.5,12.030054955079061
YNZC_BACSU_Tsuboyama_2023_2JVD,score,esm,facebook/esm2_t12_35M_UR50D,GaussianProcessRegressor,350,0.11871750386810376,0.012777986913188483,0.12337437669940651,0.011830932101892155,0.3508818991750168,0.016874356966837666,0.26304233414001393,0.010505251577943993,0.8387274431833452,0.017466389325574167,0.8769127524510096,0.020003460447316254,44.5,13.218253372598902
YNZC_BACSU_Tsuboyama_2023_2JVD,score,esm,facebook/esm2_t6_8M_UR50D,GaussianProcessRegressor,350,0.13485936274047627,0.018008694149154864,0.13866893087211493,0.008364535912383167,0.3722275263593558,0.011333308456346773,0.27432389291320164,0.008107885636222013,0.8185795351670075,0.016351507524217754,0.8705313285253142,0.02118621311045078,40.0,10.000000000000002
YNZC_BACSU_Tsuboyama_2023_2JVD,score,esm,facebook/esm2_t30_150M_UR50D,GaussianProcessRegressor,500,0.09558278717658353,0.010305028499713641,0.09231211705673117,0.009727272117744936,0.3034646208093447,0.015682296238179794,0.22396782173976332,0.0116642501049687,0.8793850562751068,0.013752772112453479,0.8983185532742131,0.013537849334880926,47.5,5.400617248673219
YNZC_BACSU_Tsuboyama_2023_2JVD,score,esm,facebook/esm2_t33_650M_UR50D,GaussianProcessRegressor,500,0.10761428236468347,0.014516577947876308,0.09992160845385775,0.012743534018144938,0.31552966844948405,0.020073110316940593,0.22905014984158836,0.010294252741003927,0.8694258886345635,0.017808964851660974,0.896301930807723,0.01614617523513393,44.5,12.572014777097408
YNZC_BACSU_Tsuboyama_2023_2JVD,score,esm,facebook/esm2_t12_35M_UR50D,GaussianProcessRegressor,500,0.11010541440016489,0.012038494714931892,0.10357401465526044,0.011162021530197202,0.32141576119875637,0.017189244320682452,0.23859028981309854,0.009811395151054142,0.8646174603619837,0.01610071157568681,0.8965306709226837,0.017546846903590926,49.0,8.096638534327413
YNZC_BACSU_Tsuboyama_2023_2JVD,score,esm,facebook/esm2_t6_8M_UR50D,GaussianProcessRegressor,500,0.12384613677076044,0.011371819078652232,0.11472734831360658,0.010957683378315632,0.3383506462497204,0.016539128554337725,0.2506074860837951,0.011577475849776904,0.8498433370967232,0.018008347727092897,0.8895559454237816,0.0202128949538176,43.5,10.814085465005558
