Model,CV MSE,Test MSE,Test RMSE,Test MAE,Test R2,Test Spearman Correlation,Top 20 Accuracy,Seed,Label,Train Size,Foundation,Dataset,Representation
GaussianProcessRegressor,0.5172409893689854,0.622414876210416,0.7889327450489149,0.6265579148227717,-0.1262669957952553,0.1519910196327809,100.0,42,score,20,none,MAFG_MOUSE_Tsuboyama_2023_1K1V_indels,morgan
GaussianProcessRegressor,0.3281169838084333,0.5975579585811917,0.7730187310674895,0.6071303439754342,-0.081288112717383,0.1519910196327809,100.0,42,score,40,none,MAFG_MOUSE_Tsuboyama_2023_1K1V_indels,morgan
GaussianProcessRegressor,0.3179136538651824,0.5946933472708866,0.771163631968525,0.6083102530088738,-0.0761045650582687,0.1552596437109052,100.0,42,score,60,none,MAFG_MOUSE_Tsuboyama_2023_1K1V_indels,morgan
GaussianProcessRegressor,0.3612881502286272,0.5988217964454657,0.7738357683936985,0.6010508761272165,-0.0835750421096153,0.1552596437109052,100.0,42,score,80,none,MAFG_MOUSE_Tsuboyama_2023_1K1V_indels,morgan
GaussianProcessRegressor,0.2063708642246077,0.6003987436061741,0.774854014383467,0.6118555293293182,-0.2658368377298732,0.0591223807649902,100.0,43,score,20,none,MAFG_MOUSE_Tsuboyama_2023_1K1V_indels,morgan
GaussianProcessRegressor,0.1821604273937158,0.5667861321955774,0.7528519988653662,0.5723149429399725,-0.1949704640258305,0.1469613464729756,100.0,43,score,40,none,MAFG_MOUSE_Tsuboyama_2023_1K1V_indels,morgan
GaussianProcessRegressor,0.2739578749439426,0.5633526257674399,0.7505682019426615,0.5787798279711879,-0.1877315099713736,0.1469613464729756,100.0,43,score,60,none,MAFG_MOUSE_Tsuboyama_2023_1K1V_indels,morgan
GaussianProcessRegressor,0.3546539298505674,0.4660129346821599,0.6826514005567995,0.5379828726994129,0.0174923817525172,0.2246650469069627,100.0,43,score,80,none,MAFG_MOUSE_Tsuboyama_2023_1K1V_indels,morgan
GaussianProcessRegressor,0.2194565121178656,0.3595730398502026,0.59964409431779,0.5099080693941139,-0.163904776013624,-0.4355447716599303,100.0,44,score,20,none,MAFG_MOUSE_Tsuboyama_2023_1K1V_indels,morgan
GaussianProcessRegressor,0.38172942648663,0.6834220529071527,0.8266934455450538,0.6200567148314722,-1.2121741711866068,-0.4295053339051687,100.0,44,score,40,none,MAFG_MOUSE_Tsuboyama_2023_1K1V_indels,morgan
GaussianProcessRegressor,0.4258955890341065,0.7202743505526712,0.8486897846402248,0.6203103607142473,-1.3314616607452332,-0.4295053339051687,100.0,44,score,60,none,MAFG_MOUSE_Tsuboyama_2023_1K1V_indels,morgan
GaussianProcessRegressor,0.415254436930989,0.6532678192750063,0.8082498495360245,0.5992998956561154,-1.114567697252668,0.0408655560414626,100.0,44,score,80,none,MAFG_MOUSE_Tsuboyama_2023_1K1V_indels,morgan
GaussianProcessRegressor,0.3369907938886259,0.630027398109877,0.7937426523186699,0.5724293044466904,-0.1621046357637736,0.0850877480914049,100.0,45,score,20,none,MAFG_MOUSE_Tsuboyama_2023_1K1V_indels,morgan
GaussianProcessRegressor,0.2913925719477879,0.6385548505845254,0.7990962711616951,0.5739278060768347,-0.1778337803720469,0.0850877480914049,100.0,45,score,40,none,MAFG_MOUSE_Tsuboyama_2023_1K1V_indels,morgan
GaussianProcessRegressor,0.2396809961758904,0.4449154383977829,0.6670198185944575,0.5132967081326821,0.1793399857909614,0.1518856064061527,100.0,45,score,60,none,MAFG_MOUSE_Tsuboyama_2023_1K1V_indels,morgan
GaussianProcessRegressor,0.2742828905565611,0.5771754885366267,0.7597206648082088,0.6113976156744936,-0.064617686294109,0.0850877480914049,100.0,45,score,80,none,MAFG_MOUSE_Tsuboyama_2023_1K1V_indels,morgan
GaussianProcessRegressor,0.4942977648045379,0.287355021547125,0.5360550545859306,0.4426612950436439,-0.1687982686353557,0.1631058318733147,100.0,46,score,20,none,MAFG_MOUSE_Tsuboyama_2023_1K1V_indels,morgan
GaussianProcessRegressor,0.4559397512758016,0.2567985051700369,0.5067529034648316,0.4390054698611042,-0.0445115822751125,0.0972044856618744,100.0,46,score,40,none,MAFG_MOUSE_Tsuboyama_2023_1K1V_indels,morgan
GaussianProcessRegressor,0.4753412492030245,0.2550693624367428,0.5050439212947155,0.4288419246378004,-0.0374784042153859,0.1631058318733147,100.0,46,score,60,none,MAFG_MOUSE_Tsuboyama_2023_1K1V_indels,morgan
GaussianProcessRegressor,0.411728560901184,0.2646863683310778,0.5144767908575447,0.4339607211722526,-0.0765949638573106,0.1631058318733147,100.0,46,score,80,none,MAFG_MOUSE_Tsuboyama_2023_1K1V_indels,morgan
GaussianProcessRegressor,0.4447503952526729,0.5441286927900468,0.7376507932552142,0.6103247290817376,0.1374666581634241,0.3905876205151263,100.0,47,score,20,none,MAFG_MOUSE_Tsuboyama_2023_1K1V_indels,morgan
GaussianProcessRegressor,0.4685008239512956,0.5533213487723243,0.7438557311551242,0.5654582093215461,0.1228947886961266,0.2913420140881372,100.0,47,score,40,none,MAFG_MOUSE_Tsuboyama_2023_1K1V_indels,morgan
GaussianProcessRegressor,0.356974973006911,0.5449837905699478,0.7382301745187254,0.5495277894901316,0.1361111877472011,0.4878293517637055,100.0,47,score,60,none,MAFG_MOUSE_Tsuboyama_2023_1K1V_indels,morgan
GaussianProcessRegressor,0.3408667448999575,0.4901777255998978,0.7001269353480823,0.5286978659486367,0.2229878016767843,0.5477950860336627,100.0,47,score,80,none,MAFG_MOUSE_Tsuboyama_2023_1K1V_indels,morgan
GaussianProcessRegressor,0.549126066856514,0.5758065905431,0.7588192080746903,0.5883957115823577,-0.0212685532237033,0.3348701949540161,100.0,48,score,20,none,MAFG_MOUSE_Tsuboyama_2023_1K1V_indels,morgan
GaussianProcessRegressor,0.4138337727610358,0.5672047418217333,0.7531299634337577,0.5853904700550205,-0.0060120456689121,0.3348701949540161,100.0,48,score,40,none,MAFG_MOUSE_Tsuboyama_2023_1K1V_indels,morgan
GaussianProcessRegressor,0.3774539474521636,0.5017715779865124,0.7083583683323804,0.5631011656140918,0.1100422573911074,0.390351647372433,100.0,48,score,60,none,MAFG_MOUSE_Tsuboyama_2023_1K1V_indels,morgan
GaussianProcessRegressor,0.3252685696580271,0.5506553935720101,0.7420615834093623,0.5821222057946687,0.0233403952745802,0.3507220385021353,100.0,48,score,80,none,MAFG_MOUSE_Tsuboyama_2023_1K1V_indels,morgan
GaussianProcessRegressor,0.3157854163217445,0.6178668914283902,0.786045095034878,0.5450156031717632,-0.1659903720533955,0.3079072092791102,100.0,49,score,20,none,MAFG_MOUSE_Tsuboyama_2023_1K1V_indels,morgan
GaussianProcessRegressor,0.2973666540133147,0.6559059556091165,0.809880210654092,0.5643797351213009,-0.237774737281498,0.3079072092791102,100.0,49,score,40,none,MAFG_MOUSE_Tsuboyama_2023_1K1V_indels,morgan
GaussianProcessRegressor,0.2769392393150321,0.8788772126172384,0.9374845132679464,0.6974132748501171,-0.6585487624361457,0.2342772244514969,100.0,49,score,60,none,MAFG_MOUSE_Tsuboyama_2023_1K1V_indels,morgan
GaussianProcessRegressor,0.358584531800085,0.8265308480765355,0.909137419797764,0.6691460989609161,-0.5597647720440488,0.1573004221317193,100.0,49,score,80,none,MAFG_MOUSE_Tsuboyama_2023_1K1V_indels,morgan
GaussianProcessRegressor,0.4113641500927122,0.7095174929809678,0.8423286134169774,0.6555718725803421,-0.0397979089816402,0.0855849624273173,100.0,50,score,20,none,MAFG_MOUSE_Tsuboyama_2023_1K1V_indels,morgan
GaussianProcessRegressor,0.3418240836477743,0.7399759673189459,0.8602185578787207,0.6420370890570783,-0.0844348041120752,0.4499395300871601,100.0,50,score,40,none,MAFG_MOUSE_Tsuboyama_2023_1K1V_indels,morgan
GaussianProcessRegressor,0.3029043870136017,0.7024333335878279,0.8381129599211719,0.6238097832043095,-0.029416073161171,0.4904746228878051,100.0,50,score,60,none,MAFG_MOUSE_Tsuboyama_2023_1K1V_indels,morgan
GaussianProcessRegressor,0.3037940351575005,0.5070770111221281,0.7120934005607187,0.5453982687362686,0.256878623750025,0.573166212201121,100.0,50,score,80,none,MAFG_MOUSE_Tsuboyama_2023_1K1V_indels,morgan
GaussianProcessRegressor,0.5437046213396453,0.480004334065908,0.6928234508631388,0.5364875795636604,-0.028937495389959,0.3589871115470356,100.0,51,score,20,none,MAFG_MOUSE_Tsuboyama_2023_1K1V_indels,morgan
GaussianProcessRegressor,0.5288310385821322,0.5087096440597613,0.7132388408238585,0.5506039688096076,-0.0904702101454308,0.270516354198951,100.0,51,score,40,none,MAFG_MOUSE_Tsuboyama_2023_1K1V_indels,morgan
GaussianProcessRegressor,0.3663300062558942,0.5405399049902739,0.7352141898727703,0.5710488905823226,-0.1587015710625878,0.270516354198951,100.0,51,score,60,none,MAFG_MOUSE_Tsuboyama_2023_1K1V_indels,morgan
GaussianProcessRegressor,0.345310754369278,0.5374933829535345,0.7331394021286365,0.5677853204570649,-0.1521710451242481,0.4253401795580991,100.0,51,score,80,none,MAFG_MOUSE_Tsuboyama_2023_1K1V_indels,morgan
GaussianProcessRegressor,0.4295510191795054,1.4683385129664424,1.2117501858743172,1.061420210926476,-1.6569757070686033,0.2977443609022556,100.0,42,score,20,none,MAFG_MOUSE_Tsuboyama_2023_1K1V_indels,ngram
GaussianProcessRegressor,0.2451188329102548,0.5134422413789467,0.716548840888705,0.623460328964472,0.070920261043447,0.7007518796992479,100.0,42,score,40,none,MAFG_MOUSE_Tsuboyama_2023_1K1V_indels,ngram
GaussianProcessRegressor,0.2098194602990859,0.3232167122147604,0.5685215142936636,0.4722263037557367,0.4151355801883615,0.7428571428571428,100.0,42,score,60,none,MAFG_MOUSE_Tsuboyama_2023_1K1V_indels,ngram
GaussianProcessRegressor,0.2377845916471341,0.3189299525245012,0.5647388356793795,0.4652649987804064,0.4228925219688021,0.6631578947368421,100.0,42,score,80,none,MAFG_MOUSE_Tsuboyama_2023_1K1V_indels,ngram
GaussianProcessRegressor,0.5043771716917486,0.5000073292517581,0.7071119637311747,0.6123142789227863,-0.0541789156656995,0.5599299483491728,100.0,43,score,20,none,MAFG_MOUSE_Tsuboyama_2023_1K1V_indels,ngram
GaussianProcessRegressor,0.3253766922757261,0.5709831805690715,0.755634290228462,0.6679516684825445,-0.2038192141231292,0.4902255639097743,100.0,43,score,40,none,MAFG_MOUSE_Tsuboyama_2023_1K1V_indels,ngram
GaussianProcessRegressor,0.2403066102042226,0.4559589411639854,0.6752473185166938,0.6149529185640096,0.0386894870048735,0.5308270676691729,100.0,43,score,60,none,MAFG_MOUSE_Tsuboyama_2023_1K1V_indels,ngram
GaussianProcessRegressor,0.2352553224754053,0.3869776886655232,0.6220753078731893,0.5345220882590174,0.1841245190651261,0.4225563909774436,100.0,43,score,80,none,MAFG_MOUSE_Tsuboyama_2023_1K1V_indels,ngram
GaussianProcessRegressor,0.2009253160208421,0.3149265677334738,0.5611831855405807,0.4888322763273094,-0.0193882623437784,,100.0,44,score,20,none,MAFG_MOUSE_Tsuboyama_2023_1K1V_indels,ngram
GaussianProcessRegressor,0.3654074955490903,0.3156311302841708,0.5618105822109181,0.4792537444331096,-0.0216688663570774,0.4330827067669173,100.0,44,score,40,none,MAFG_MOUSE_Tsuboyama_2023_1K1V_indels,ngram
GaussianProcessRegressor,0.2701962824124023,0.2049579582768829,0.4527228272098536,0.3987017823302712,0.3365699869493964,0.5578947368421052,100.0,44,score,60,none,MAFG_MOUSE_Tsuboyama_2023_1K1V_indels,ngram
GaussianProcessRegressor,0.2471634579703912,0.2236343663513234,0.4728999538499908,0.4123306808990917,0.2761161760472318,0.4706766917293232,100.0,44,score,80,none,MAFG_MOUSE_Tsuboyama_2023_1K1V_indels,ngram
GaussianProcessRegressor,0.432238758629893,0.5296965660837004,0.727802559822168,0.6549083859250071,0.0229586255443037,0.1924812030075187,100.0,45,score,20,none,MAFG_MOUSE_Tsuboyama_2023_1K1V_indels,ngram
GaussianProcessRegressor,0.2722399753293036,0.4523253290986087,0.6725513579635453,0.5696221792409002,0.165672217754577,0.4240601503759398,100.0,45,score,40,none,MAFG_MOUSE_Tsuboyama_2023_1K1V_indels,ngram
GaussianProcessRegressor,0.1861038614493148,0.5520385550353568,0.7429929710538027,0.5958958934590014,-0.0182518503981645,0.2827067669172932,100.0,45,score,60,none,MAFG_MOUSE_Tsuboyama_2023_1K1V_indels,ngram
GaussianProcessRegressor,0.1517707432082971,0.4941298979826189,0.702943737423287,0.5647704359070863,0.0885624230980886,0.4962406015037593,100.0,45,score,80,none,MAFG_MOUSE_Tsuboyama_2023_1K1V_indels,ngram
GaussianProcessRegressor,0.4973862352883359,0.2767344952148815,0.5260556008777794,0.4473040654933437,-0.1255999534561425,,100.0,46,score,20,none,MAFG_MOUSE_Tsuboyama_2023_1K1V_indels,ngram
GaussianProcessRegressor,0.4337120603420137,0.8612520385476653,0.9280366579762166,0.7787947625269767,-2.50308787399457,0.2706766917293233,100.0,46,score,40,none,MAFG_MOUSE_Tsuboyama_2023_1K1V_indels,ngram
GaussianProcessRegressor,0.3024408739598299,0.4607622770303821,0.6787947237791275,0.5719830660354288,-0.8741212481553129,0.5819548872180451,100.0,46,score,60,none,MAFG_MOUSE_Tsuboyama_2023_1K1V_indels,ngram
GaussianProcessRegressor,0.2334526318545429,0.187569051204862,0.4330924280160783,0.375254625370526,0.2370748173549274,0.593984962406015,100.0,46,score,80,none,MAFG_MOUSE_Tsuboyama_2023_1K1V_indels,ngram
GaussianProcessRegressor,0.3487343053326344,0.9217057098173304,0.9600550556178176,0.8592020079273764,-0.4610549243455322,0.3759398496240601,100.0,47,score,20,none,MAFG_MOUSE_Tsuboyama_2023_1K1V_indels,ngram
GaussianProcessRegressor,0.3214990506876057,0.598598941714164,0.7736917614361445,0.6921271584881274,0.0511223678186452,0.5022556390977443,100.0,47,score,40,none,MAFG_MOUSE_Tsuboyama_2023_1K1V_indels,ngram
GaussianProcessRegressor,0.3282313322620714,0.4929192059678171,0.702082050737531,0.5586455205814902,0.2186421050527079,0.3894736842105262,100.0,47,score,60,none,MAFG_MOUSE_Tsuboyama_2023_1K1V_indels,ngram
GaussianProcessRegressor,0.2034019955690517,0.4461102524277307,0.6679148541750892,0.496508592805915,0.292841983978009,0.4947368421052631,100.0,47,score,80,none,MAFG_MOUSE_Tsuboyama_2023_1K1V_indels,ngram
GaussianProcessRegressor,0.3045151756014126,0.5581408841613995,0.7470882706624429,0.5931324578188308,0.0100638953700117,0.1729323308270676,100.0,48,score,20,none,MAFG_MOUSE_Tsuboyama_2023_1K1V_indels,ngram
GaussianProcessRegressor,0.3499987728210038,0.3062413339923534,0.5533907606676799,0.4565178676937306,0.4568408051587636,0.7203007518796991,100.0,48,score,40,none,MAFG_MOUSE_Tsuboyama_2023_1K1V_indels,ngram
GaussianProcessRegressor,0.2488586132583353,0.2846321023803276,0.5335092336411129,0.4315735320396473,0.495167613269581,0.7263157894736841,100.0,48,score,60,none,MAFG_MOUSE_Tsuboyama_2023_1K1V_indels,ngram
GaussianProcessRegressor,0.2117831492156343,0.3095521571092695,0.5563741161388347,0.4440180893180608,0.4509686258712648,0.7398496240601502,100.0,48,score,80,none,MAFG_MOUSE_Tsuboyama_2023_1K1V_indels,ngram
GaussianProcessRegressor,0.4383786621730762,0.7284240022853693,0.8534775933118393,0.6674204437116439,-0.3746251582988043,,100.0,49,score,20,none,MAFG_MOUSE_Tsuboyama_2023_1K1V_indels,ngram
GaussianProcessRegressor,0.3170129071679253,0.5106274313546653,0.7145819976424436,0.5364701298666052,0.0363836015076394,0.7022556390977444,100.0,49,score,40,none,MAFG_MOUSE_Tsuboyama_2023_1K1V_indels,ngram
GaussianProcessRegressor,0.2377284433316339,0.5090360092890608,0.7134675951219234,0.541715047142149,0.0393868095320707,0.6571428571428571,100.0,49,score,60,none,MAFG_MOUSE_Tsuboyama_2023_1K1V_indels,ngram
GaussianProcessRegressor,0.2168523631440027,0.4114316753411107,0.6414294001221886,0.4997699042799514,0.2235781219859506,0.6917293233082705,100.0,49,score,80,none,MAFG_MOUSE_Tsuboyama_2023_1K1V_indels,ngram
GaussianProcessRegressor,0.2940216059429734,0.5866858680654733,0.7659542206068671,0.6001968743776251,0.1402118413168971,0.5744360902255639,100.0,50,score,20,none,MAFG_MOUSE_Tsuboyama_2023_1K1V_indels,ngram
GaussianProcessRegressor,0.2664974363174171,0.7735379120324317,0.8795100408934691,0.6635331417620687,-0.1336198351784989,0.6270676691729322,100.0,50,score,40,none,MAFG_MOUSE_Tsuboyama_2023_1K1V_indels,ngram
GaussianProcessRegressor,0.2598505253250083,0.3737404056966774,0.6113431161767322,0.5051708474349508,0.4522834233267038,0.7969924812030074,100.0,50,score,60,none,MAFG_MOUSE_Tsuboyama_2023_1K1V_indels,ngram
GaussianProcessRegressor,0.2223591459489025,0.2815814660946494,0.5306425030985074,0.4498220024381682,0.5873423523032788,0.8210526315789473,100.0,50,score,80,none,MAFG_MOUSE_Tsuboyama_2023_1K1V_indels,ngram
GaussianProcessRegressor,0.4213452085214251,0.4743629680317233,0.6887401309868064,0.5802183318724927,-0.0168446607511054,0.6090225563909774,100.0,51,score,20,none,MAFG_MOUSE_Tsuboyama_2023_1K1V_indels,ngram
GaussianProcessRegressor,0.295970810558703,0.264503278355622,0.5142988220437823,0.4479841605436783,0.4330106596156322,0.6511278195488721,100.0,51,score,40,none,MAFG_MOUSE_Tsuboyama_2023_1K1V_indels,ngram
GaussianProcessRegressor,0.2746278424164766,0.3428969341272348,0.5855740210487781,0.502097461217325,0.2649659856418543,0.6496240601503759,100.0,51,score,60,none,MAFG_MOUSE_Tsuboyama_2023_1K1V_indels,ngram
GaussianProcessRegressor,0.2209167021327987,0.2160435433543526,0.4648048443748759,0.3939801308058207,0.5368889682490305,0.6947368421052631,100.0,51,score,80,none,MAFG_MOUSE_Tsuboyama_2023_1K1V_indels,ngram
GaussianProcessRegressor,0.5862163229559315,0.5607920820836737,0.7488605224497241,0.6161279002099405,-0.0147598293274464,,100.0,42,score,20,none,MAFG_MOUSE_Tsuboyama_2023_1K1V_indels,physchem
GaussianProcessRegressor,0.4032131228587447,0.5528877579129465,0.7435642258157305,0.6032064836333376,-0.0004568623229317,,100.0,42,score,40,none,MAFG_MOUSE_Tsuboyama_2023_1K1V_indels,physchem
GaussianProcessRegressor,0.4091416573265861,0.5526673506829733,0.743416001094255,0.6042291273109747,-5.8032863287538206e-05,,100.0,42,score,60,none,MAFG_MOUSE_Tsuboyama_2023_1K1V_indels,physchem
GaussianProcessRegressor,0.3847486897571194,0.5542230441147888,0.7444615800125544,0.6008107638159295,-0.0028730783173698,,100.0,42,score,80,none,MAFG_MOUSE_Tsuboyama_2023_1K1V_indels,physchem
GaussianProcessRegressor,0.5070743251631817,0.5076456724676942,0.7124925771316458,0.6051019173962662,-0.0702830403410472,,100.0,43,score,20,none,MAFG_MOUSE_Tsuboyama_2023_1K1V_indels,physchem
GaussianProcessRegressor,0.3635228265392285,0.4743850507319463,0.6887561620282946,0.5373984709528442,-0.0001587759463084,,100.0,43,score,40,none,MAFG_MOUSE_Tsuboyama_2023_1K1V_indels,physchem
GaussianProcessRegressor,0.3141681182881946,0.395647431702853,0.6290051126205994,0.5556400374430812,0.1658458663744357,0.5263157894736841,100.0,43,score,60,none,MAFG_MOUSE_Tsuboyama_2023_1K1V_indels,physchem
GaussianProcessRegressor,0.3766282335290216,0.4996146833026452,0.7068342686250046,0.6002239322914141,-0.0533510896386375,-0.1185273830317859,100.0,43,score,80,none,MAFG_MOUSE_Tsuboyama_2023_1K1V_indels,physchem
GaussianProcessRegressor,0.2009253160208421,0.3149265677334738,0.5611831855405807,0.4888322763273094,-0.0193882623437784,,100.0,44,score,20,none,MAFG_MOUSE_Tsuboyama_2023_1K1V_indels,physchem
GaussianProcessRegressor,0.4690917302520936,0.3008361444762884,0.548485318378066,0.4795742321658094,0.026221138549914,0.0484862398684449,100.0,44,score,40,none,MAFG_MOUSE_Tsuboyama_2023_1K1V_indels,physchem
GaussianProcessRegressor,0.4527848653699114,0.3089401854048644,0.5558238798440244,0.4729866626040868,-1.0894712949571783e-05,,100.0,44,score,60,none,MAFG_MOUSE_Tsuboyama_2023_1K1V_indels,physchem
GaussianProcessRegressor,0.442605115062414,0.3094508984172979,0.5562831099514868,0.477888244874115,-0.0016640256445437,,100.0,44,score,80,none,MAFG_MOUSE_Tsuboyama_2023_1K1V_indels,physchem
GaussianProcessRegressor,0.4594551738021734,0.5615292499698343,0.7493525538555496,0.6211543568248227,-0.0357577249253111,,100.0,45,score,20,none,MAFG_MOUSE_Tsuboyama_2023_1K1V_indels,physchem
GaussianProcessRegressor,0.3170358978239224,0.7508472642624693,0.8665144339608367,0.6958709985605462,-0.3849605416648682,-0.0857142857142857,100.0,45,score,40,none,MAFG_MOUSE_Tsuboyama_2023_1K1V_indels,physchem
GaussianProcessRegressor,0.271890515730217,0.7039391462829462,0.8390108141632897,0.6706114803970017,-0.298437095982192,-0.0526315789473684,100.0,45,score,60,none,MAFG_MOUSE_Tsuboyama_2023_1K1V_indels,physchem
GaussianProcessRegressor,0.3307041831176419,0.6110153143773811,0.7816746857724005,0.6211543568248227,-0.1270362709476626,,100.0,45,score,80,none,MAFG_MOUSE_Tsuboyama_2023_1K1V_indels,physchem
GaussianProcessRegressor,0.5645320889571929,0.4381782276607694,0.6619503211425835,0.5374987887748808,-0.7822620641401494,-0.0030075187969924,100.0,46,score,20,none,MAFG_MOUSE_Tsuboyama_2023_1K1V_indels,physchem
GaussianProcessRegressor,0.5285405966097656,0.248332020881853,0.4983292294074802,0.4340599319323431,-0.0100746960700985,,100.0,46,score,40,none,MAFG_MOUSE_Tsuboyama_2023_1K1V_indels,physchem
GaussianProcessRegressor,0.4746581653446368,0.2598764586254643,0.5097807946808749,0.4393909553395635,-0.0570309621358671,,100.0,46,score,60,none,MAFG_MOUSE_Tsuboyama_2023_1K1V_indels,physchem
GaussianProcessRegressor,0.4432136234590431,0.2631080752184782,0.5129406156841922,0.4406848319059577,-0.0701753570327161,,100.0,46,score,80,none,MAFG_MOUSE_Tsuboyama_2023_1K1V_indels,physchem
GaussianProcessRegressor,0.4138527942243437,0.6344357036931181,0.7965147228351263,0.6810922711105305,-0.0056847854888097,,100.0,47,score,20,none,MAFG_MOUSE_Tsuboyama_2023_1K1V_indels,physchem
GaussianProcessRegressor,0.4473810460279754,0.645514320316817,0.8034390582469942,0.6235991507175764,-0.0232462123093071,,100.0,47,score,40,none,MAFG_MOUSE_Tsuboyama_2023_1K1V_indels,physchem
GaussianProcessRegressor,0.3450989889110425,0.6226798191440617,0.7891006394269755,0.6057497160581006,0.0129502222229689,0.3488721804511278,100.0,47,score,60,none,MAFG_MOUSE_Tsuboyama_2023_1K1V_indels,physchem
GaussianProcessRegressor,0.3362977067013334,0.6204014058553676,0.7876556391313196,0.5992983637101308,0.0165618814756824,0.4781954887218045,100.0,47,score,80,none,MAFG_MOUSE_Tsuboyama_2023_1K1V_indels,physchem
GaussianProcessRegressor,0.4441571098967565,0.5679263850121896,0.7536089072006711,0.5875310798483048,-0.007291974570674,,100.0,48,score,20,none,MAFG_MOUSE_Tsuboyama_2023_1K1V_indels,physchem
GaussianProcessRegressor,0.3767996899963476,0.5686918356427095,0.754116592870565,0.587037403986993,-0.0086496017163757,,100.0,48,score,40,none,MAFG_MOUSE_Tsuboyama_2023_1K1V_indels,physchem
GaussianProcessRegressor,0.3722327610434995,0.5653765948238882,0.7519152843398572,0.5899914152787737,-0.0027695870547994,,100.0,48,score,60,none,MAFG_MOUSE_Tsuboyama_2023_1K1V_indels,physchem
GaussianProcessRegressor,0.3334169002514232,0.5638276659332564,0.7508845889570889,0.5968878634676502,-2.2358396492450083e-05,,100.0,48,score,80,none,MAFG_MOUSE_Tsuboyama_2023_1K1V_indels,physchem
GaussianProcessRegressor,0.3071538490465685,0.6845770736739294,0.8273917292757581,0.6470458651108619,-0.2918806427497353,0.0365746797985827,100.0,49,score,20,none,MAFG_MOUSE_Tsuboyama_2023_1K1V_indels,physchem
GaussianProcessRegressor,0.2774096725476499,0.7873968416238728,0.8873538424010304,0.657735495502098,-0.48591411686783,0.1596387352559626,100.0,49,score,40,none,MAFG_MOUSE_Tsuboyama_2023_1K1V_indels,physchem
GaussianProcessRegressor,0.2537264926469106,0.8935063310584711,0.9452546382105042,0.7221271155424768,-0.6861556976688663,0.0827067669172932,100.0,49,score,60,none,MAFG_MOUSE_Tsuboyama_2023_1K1V_indels,physchem
GaussianProcessRegressor,0.36073018636246,0.7526492468531633,0.867553598835924,0.6672056389740164,-0.4203411568715491,0.0932330827067669,100.0,49,score,80,none,MAFG_MOUSE_Tsuboyama_2023_1K1V_indels,physchem
GaussianProcessRegressor,0.3208820001393301,0.9009175864828334,0.9491667853874962,0.78736079124078,-0.32029475221799,0.0932330827067669,100.0,50,score,20,none,MAFG_MOUSE_Tsuboyama_2023_1K1V_indels,physchem
GaussianProcessRegressor,0.3222960942599651,0.8028330528844096,0.896009516067999,0.6768301854229112,-0.17655186504746,,100.0,50,score,40,none,MAFG_MOUSE_Tsuboyama_2023_1K1V_indels,physchem
GaussianProcessRegressor,0.2981065002317286,0.8045562250205599,0.896970582026278,0.6773248840519472,-0.179077173868891,,100.0,50,score,60,none,MAFG_MOUSE_Tsuboyama_2023_1K1V_indels,physchem
GaussianProcessRegressor,0.3292966059083788,0.7777803049413372,0.8819185364540975,0.6709085815180295,-0.1398370621241309,,100.0,50,score,80,none,MAFG_MOUSE_Tsuboyama_2023_1K1V_indels,physchem
GaussianProcessRegressor,0.5644339193133562,0.5162518055781,0.7185066496408367,0.5772780999072861,-0.1066375907954573,,100.0,51,score,20,none,MAFG_MOUSE_Tsuboyama_2023_1K1V_indels,physchem
GaussianProcessRegressor,0.5459265552236761,0.5197752219744595,0.7209543827278252,0.5780544495798448,-0.1141903876866374,,100.0,51,score,40,none,MAFG_MOUSE_Tsuboyama_2023_1K1V_indels,physchem
GaussianProcessRegressor,0.436589701187524,0.5154063515600116,0.7179180674422476,0.5770877582516255,-0.1048252752014073,,100.0,51,score,60,none,MAFG_MOUSE_Tsuboyama_2023_1K1V_indels,physchem
GaussianProcessRegressor,0.3514358304319844,0.5157748874123367,0.718174691431226,0.5627569530705651,-0.1056152688117582,0.433826429081125,100.0,51,score,80,none,MAFG_MOUSE_Tsuboyama_2023_1K1V_indels,physchem
GaussianProcessRegressor,0.8161413383412885,0.6401369852946562,0.8000856112283586,0.6564603016187454,0.1024020779243863,0.4181806737386114,100.0,42,score,20,none,PIN1_HUMAN_Tsuboyama_2023_1I6C_indels,morgan
GaussianProcessRegressor,0.8024603419214401,0.6894057860325888,0.8303046344761595,0.6826010885241542,0.033317531676571,0.3634819358234343,100.0,42,score,40,none,PIN1_HUMAN_Tsuboyama_2023_1I6C_indels,morgan
GaussianProcessRegressor,0.7643984420399099,0.6775375599645729,0.823126697395105,0.669403005588134,0.0499591182464692,0.4093582966555183,100.0,42,score,60,none,PIN1_HUMAN_Tsuboyama_2023_1I6C_indels,morgan
GaussianProcessRegressor,0.879151608314419,0.6904615229022111,0.8309401439948675,0.7202458693437368,0.0318371809981995,0.3811266899896205,100.0,42,score,80,none,PIN1_HUMAN_Tsuboyama_2023_1I6C_indels,morgan
GaussianProcessRegressor,0.780530212246884,0.6822748391071485,0.8259992972800573,0.7165656773969743,0.1511533579989594,0.4581185534155967,100.0,43,score,20,none,PIN1_HUMAN_Tsuboyama_2023_1I6C_indels,morgan
GaussianProcessRegressor,0.7768197179785471,0.681420164829705,0.8254817774062035,0.714658646134157,0.1522166939873743,0.4581185534155967,100.0,43,score,40,none,PIN1_HUMAN_Tsuboyama_2023_1I6C_indels,morgan
GaussianProcessRegressor,0.9720725084257332,0.7589739737739737,0.8711911235624326,0.7501325204834662,0.0557287590330646,0.3838383676552502,100.0,43,score,60,none,PIN1_HUMAN_Tsuboyama_2023_1I6C_indels,morgan
GaussianProcessRegressor,0.861079192699705,0.7709454892344345,0.878035015950067,0.7723235878928026,0.040834496316922,0.435933229151263,100.0,43,score,80,none,PIN1_HUMAN_Tsuboyama_2023_1I6C_indels,morgan
GaussianProcessRegressor,0.7962492967658783,1.0449578863819071,1.022231816361586,0.8026932653625181,-0.024694746147994,0.3274797366419775,100.0,44,score,20,none,PIN1_HUMAN_Tsuboyama_2023_1I6C_indels,morgan
GaussianProcessRegressor,0.8888505108304369,0.9968095044321365,0.99840347777446,0.8057270195562765,0.0225199738540573,0.3299569029076807,100.0,44,score,40,none,PIN1_HUMAN_Tsuboyama_2023_1I6C_indels,morgan
GaussianProcessRegressor,0.7402766632562287,1.0125411828920885,1.006251053610424,0.758617417590948,0.0070933538188546,0.377645175763445,100.0,44,score,60,none,PIN1_HUMAN_Tsuboyama_2023_1I6C_indels,morgan
GaussianProcessRegressor,0.8298174267014863,0.8627214556632106,0.9288280011192656,0.6791704415027219,0.1540078748358755,0.4191837409484473,100.0,44,score,80,none,PIN1_HUMAN_Tsuboyama_2023_1I6C_indels,morgan
GaussianProcessRegressor,0.78907934397134,0.8934006313210834,0.9451987258355162,0.7861639246863099,0.1903739648466271,0.6158664450375793,100.0,45,score,20,none,PIN1_HUMAN_Tsuboyama_2023_1I6C_indels,morgan
GaussianProcessRegressor,0.6519549402793269,1.1958936323104676,1.093569216972784,0.9339455141548664,-0.0837541255830096,-0.3557509334273337,100.0,45,score,40,none,PIN1_HUMAN_Tsuboyama_2023_1I6C_indels,morgan
GaussianProcessRegressor,0.7931926335958452,1.196976377963037,1.094064156237209,0.9209627171472152,-0.0847353416679732,0.1756686547933328,100.0,45,score,60,none,PIN1_HUMAN_Tsuboyama_2023_1I6C_indels,morgan
GaussianProcessRegressor,0.7808952332331685,1.1270943285904709,1.061646988688081,0.8716179454076043,-0.0214061648369252,0.3233321617210619,100.0,45,score,80,none,PIN1_HUMAN_Tsuboyama_2023_1I6C_indels,morgan
GaussianProcessRegressor,0.4981249549587337,0.5143091283656641,0.7171534901021288,0.5335119497783337,-0.139994765678979,0.0287363660288779,100.0,46,score,20,none,PIN1_HUMAN_Tsuboyama_2023_1I6C_indels,morgan
GaussianProcessRegressor,0.7714718346238314,0.5649844939925793,0.7516545044051685,0.5297498474447744,-0.2523195298672567,-0.0732313843961728,100.0,46,score,40,none,PIN1_HUMAN_Tsuboyama_2023_1I6C_indels,morgan
GaussianProcessRegressor,0.9964650722884691,0.6081491193898294,0.7798391625135463,0.6179751696241614,-0.347996320928164,0.0843551389879965,100.0,46,score,60,none,PIN1_HUMAN_Tsuboyama_2023_1I6C_indels,morgan
GaussianProcessRegressor,0.911387029603346,0.6909578063461285,0.8312387180263733,0.6438186799585414,-0.5315463776477725,0.0,100.0,46,score,80,none,PIN1_HUMAN_Tsuboyama_2023_1I6C_indels,morgan
GaussianProcessRegressor,0.9086982685429582,1.3563492691019332,1.1646240891815407,0.970636250664938,-0.1633341072505298,0.0506989096230333,100.0,47,score,20,none,PIN1_HUMAN_Tsuboyama_2023_1I6C_indels,morgan
GaussianProcessRegressor,0.856585751186868,1.46416124687407,1.2100253083609738,1.032720343654169,-0.2558039111348249,0.0836214437391788,100.0,47,score,40,none,PIN1_HUMAN_Tsuboyama_2023_1I6C_indels,morgan
GaussianProcessRegressor,0.8120478846916857,1.3431083632073384,1.1589255209923277,0.9597133917457464,-0.1519774472891353,0.176891515602109,100.0,47,score,60,none,PIN1_HUMAN_Tsuboyama_2023_1I6C_indels,morgan
GaussianProcessRegressor,0.7448747444953125,1.51509165271652,1.230890593317099,1.0496563791936586,-0.2994866701131695,0.1302005155521979,100.0,47,score,80,none,PIN1_HUMAN_Tsuboyama_2023_1I6C_indels,morgan
GaussianProcessRegressor,0.8662996026581137,0.7788962114865277,0.8825509682089344,0.709622935934388,-0.0339114436304515,0.2053710843477611,100.0,48,score,20,none,PIN1_HUMAN_Tsuboyama_2023_1I6C_indels,morgan
GaussianProcessRegressor,0.9437774658976824,0.7763355977856626,0.8810990851122605,0.7192055343362543,-0.0305124698403638,0.3566926718313373,100.0,48,score,40,none,PIN1_HUMAN_Tsuboyama_2023_1I6C_indels,morgan
GaussianProcessRegressor,0.9718244990832104,0.7743516670965005,0.8799725376945013,0.7221995717144041,-0.0278789884950385,0.3454456056024212,100.0,48,score,60,none,PIN1_HUMAN_Tsuboyama_2023_1I6C_indels,morgan
GaussianProcessRegressor,0.8675753781866901,0.7037198601976713,0.8388801226621545,0.6803329667495258,0.0658780902531342,0.0674823973734962,100.0,48,score,80,none,PIN1_HUMAN_Tsuboyama_2023_1I6C_indels,morgan
GaussianProcessRegressor,1.3204550248658533,0.7938225003120247,0.8909671712874861,0.7503472835489747,-0.0566927608599636,0.2723942997404029,100.0,49,score,20,none,PIN1_HUMAN_Tsuboyama_2023_1I6C_indels,morgan
GaussianProcessRegressor,1.1881172469381724,0.7348759255417008,0.8572490452264737,0.7662272325259492,0.0217736706317218,0.2709197326440822,100.0,49,score,40,none,PIN1_HUMAN_Tsuboyama_2023_1I6C_indels,morgan
GaussianProcessRegressor,0.9078182159393666,0.8083854913125992,0.8991026033287853,0.75485260282413,-0.0760782118401601,0.1876494064878331,100.0,49,score,60,none,PIN1_HUMAN_Tsuboyama_2023_1I6C_indels,morgan
GaussianProcessRegressor,0.8932832569345488,0.7850736195026202,0.8860438022482976,0.7634863105255195,-0.0450467329213619,0.2306973959874843,100.0,49,score,80,none,PIN1_HUMAN_Tsuboyama_2023_1I6C_indels,morgan
GaussianProcessRegressor,0.9023747097578088,0.8809505587913373,0.9385896647584276,0.82658166138347,-0.1328714017404677,0.298738312897805,100.0,50,score,20,none,PIN1_HUMAN_Tsuboyama_2023_1I6C_indels,morgan
GaussianProcessRegressor,0.8647291122446041,1.0666999227009284,1.032811658871514,0.9467156819685848,-0.37173854378913,0.1919429739874786,100.0,50,score,40,none,PIN1_HUMAN_Tsuboyama_2023_1I6C_indels,morgan
GaussianProcessRegressor,0.9721604507604752,0.9571125537249472,0.9783212937092534,0.8771648357985476,-0.2308130456826289,-0.2785337893201757,100.0,50,score,60,none,PIN1_HUMAN_Tsuboyama_2023_1I6C_indels,morgan
GaussianProcessRegressor,0.859388814117674,0.8215717581495678,0.9064059565942668,0.7820845709168616,-0.0565123547480899,0.298738312897805,100.0,50,score,80,none,PIN1_HUMAN_Tsuboyama_2023_1I6C_indels,morgan
GaussianProcessRegressor,0.6320215841006593,1.2354220096290964,1.1114953934358416,0.8394266896380543,-0.1316619340713489,0.2523199845764617,100.0,51,score,20,none,PIN1_HUMAN_Tsuboyama_2023_1I6C_indels,morgan
GaussianProcessRegressor,0.7584085457820386,1.0577193147690611,1.0284548190217504,0.8401501494061543,0.0311159457038162,0.3246634766578248,100.0,51,score,40,none,PIN1_HUMAN_Tsuboyama_2023_1I6C_indels,morgan
GaussianProcessRegressor,0.7458070891058247,0.98394877705737,0.9919419222199302,0.7762535647561126,0.0986906762279711,0.3052542470750201,100.0,51,score,60,none,PIN1_HUMAN_Tsuboyama_2023_1I6C_indels,morgan
GaussianProcessRegressor,0.7855297428750031,1.0154522326541744,1.007696498284168,0.7842815584385386,0.0698331188809768,0.3528950833237227,100.0,51,score,80,none,PIN1_HUMAN_Tsuboyama_2023_1I6C_indels,morgan
GaussianProcessRegressor,0.3181799616918707,0.8157659694998423,0.9031976359024876,0.7622044752595074,-0.1438642914625689,0.7383458646616541,100.0,42,score,20,none,PIN1_HUMAN_Tsuboyama_2023_1I6C_indels,ngram
GaussianProcessRegressor,0.3672464018535692,0.7452304021405042,0.8632672831403402,0.7443747542850927,-0.044959556775159,0.6616541353383457,100.0,42,score,40,none,PIN1_HUMAN_Tsuboyama_2023_1I6C_indels,ngram
GaussianProcessRegressor,0.323199844611992,0.8311210476606897,0.9116584051390574,0.8177507068760314,-0.1653951302784844,0.5744360902255639,100.0,42,score,60,none,PIN1_HUMAN_Tsuboyama_2023_1I6C_indels,ngram
GaussianProcessRegressor,0.3762446516070807,0.9443779493731826,0.9717911037734308,0.7977943407349004,-0.3242035759286943,0.5819548872180451,100.0,42,score,80,none,PIN1_HUMAN_Tsuboyama_2023_1I6C_indels,ngram
GaussianProcessRegressor,0.6021476165182171,0.6816117370741178,0.82559780588015,0.7055501809428011,0.1519783509516217,0.4631578947368421,100.0,43,score,20,none,PIN1_HUMAN_Tsuboyama_2023_1I6C_indels,ngram
GaussianProcessRegressor,0.4468125655176849,1.168732480591698,1.0810793128127547,0.9492442502749044,-0.4540689245496383,0.2736842105263157,100.0,43,score,40,none,PIN1_HUMAN_Tsuboyama_2023_1I6C_indels,ngram
GaussianProcessRegressor,0.503596861647421,1.1205655835601376,1.0585677038149888,0.8828837909942358,-0.3941424748884501,0.4481203007518797,100.0,43,score,60,none,PIN1_HUMAN_Tsuboyama_2023_1I6C_indels,ngram
GaussianProcessRegressor,0.435061885644579,0.9844848711786314,0.9922121099737856,0.8359659974266421,-0.2248387733225034,0.3654135338345864,100.0,43,score,80,none,PIN1_HUMAN_Tsuboyama_2023_1I6C_indels,ngram
GaussianProcessRegressor,0.4479432734570731,0.8086614140740425,0.8992560336600708,0.7091113559696389,0.2070196194381044,0.5037593984962406,100.0,44,score,20,none,PIN1_HUMAN_Tsuboyama_2023_1I6C_indels,ngram
GaussianProcessRegressor,0.3131003111439437,0.8842795589590795,0.9403613980587886,0.8193535132341563,0.1328678121863851,0.4691729323308269,100.0,44,score,40,none,PIN1_HUMAN_Tsuboyama_2023_1I6C_indels,ngram
GaussianProcessRegressor,0.2755760137574204,0.7409374149622565,0.8607772156384348,0.7474622245257488,0.2734303590309302,0.6360902255639098,100.0,44,score,60,none,PIN1_HUMAN_Tsuboyama_2023_1I6C_indels,ngram
GaussianProcessRegressor,0.4071452387596785,0.7934475176342399,0.8907567106871774,0.6959829539528958,0.2219384979436136,0.524812030075188,100.0,44,score,80,none,PIN1_HUMAN_Tsuboyama_2023_1I6C_indels,ngram
GaussianProcessRegressor,0.531557781159221,0.889877373560048,0.9433331190836288,0.7848773141241779,0.193566845075145,0.3774436090225563,100.0,45,score,20,none,PIN1_HUMAN_Tsuboyama_2023_1I6C_indels,ngram
GaussianProcessRegressor,0.3340375940901367,0.905507684290108,0.9515816750495504,0.8053156291261405,0.1794021959122257,0.3578947368421052,100.0,45,score,40,none,PIN1_HUMAN_Tsuboyama_2023_1I6C_indels,ngram
GaussianProcessRegressor,0.4345041259246786,0.8607249393070957,0.9277526282943616,0.8283816187701023,0.2199856418968864,0.6045112781954887,100.0,45,score,60,none,PIN1_HUMAN_Tsuboyama_2023_1I6C_indels,ngram
GaussianProcessRegressor,0.3912563772249917,0.77181392923074,0.8785294128432696,0.7692225547333427,0.3005594248627175,0.6902255639097743,100.0,45,score,80,none,PIN1_HUMAN_Tsuboyama_2023_1I6C_indels,ngram
GaussianProcessRegressor,0.3171588077177075,0.9428059556010104,0.9709819543127516,0.8207459325168193,-1.0897817968962076,0.1218045112781954,100.0,46,score,20,none,PIN1_HUMAN_Tsuboyama_2023_1I6C_indels,ngram
GaussianProcessRegressor,0.4946731390067168,0.7437393490166639,0.8624032403792694,0.683411943841953,-0.6485396003037232,-0.1233082706766917,100.0,46,score,40,none,PIN1_HUMAN_Tsuboyama_2023_1I6C_indels,ngram
GaussianProcessRegressor,0.5517781444369769,1.118543374773759,1.057612109789671,0.8707445443964941,-1.4793135530746202,-0.0932330827067669,100.0,46,score,60,none,PIN1_HUMAN_Tsuboyama_2023_1I6C_indels,ngram
GaussianProcessRegressor,0.4834372576126996,1.0206000110108144,1.010247499878527,0.824667374428494,-1.2622166441055764,0.1082706766917293,100.0,46,score,80,none,PIN1_HUMAN_Tsuboyama_2023_1I6C_indels,ngram
GaussianProcessRegressor,0.5894963976312203,0.8487648538008153,0.9212843501334512,0.7695367498418705,0.2720185530709401,0.6060150375939849,100.0,47,score,20,none,PIN1_HUMAN_Tsuboyama_2023_1I6C_indels,ngram
GaussianProcessRegressor,0.4287746017621757,0.7775529902327323,0.8817896519197378,0.7553183240827538,0.3330966187409092,0.7308270676691728,100.0,47,score,40,none,PIN1_HUMAN_Tsuboyama_2023_1I6C_indels,ngram
GaussianProcessRegressor,0.4106637324901104,1.010309175546423,1.0051413709257138,0.8712510494524842,0.1334627816332844,0.5684210526315789,100.0,47,score,60,none,PIN1_HUMAN_Tsuboyama_2023_1I6C_indels,ngram
GaussianProcessRegressor,0.3552703054311822,1.098645826284974,1.0481630723723163,0.9162907799799556,0.0576968701048496,0.613533834586466,100.0,47,score,80,none,PIN1_HUMAN_Tsuboyama_2023_1I6C_indels,ngram
GaussianProcessRegressor,0.662740250255263,1.2509380597297803,1.1184534231382997,1.0055300459080068,-0.660502588347567,0.1488721804511278,100.0,48,score,20,none,PIN1_HUMAN_Tsuboyama_2023_1I6C_indels,ngram
GaussianProcessRegressor,0.5404634767771725,1.423645489164699,1.1931661615905385,1.062232285462207,-0.8897554529262384,-0.0736842105263157,100.0,48,score,40,none,PIN1_HUMAN_Tsuboyama_2023_1I6C_indels,ngram
GaussianProcessRegressor,0.475312403275268,1.1591526757262445,1.0766395291490296,0.9372252417715896,-0.5386661260823853,0.0842105263157894,100.0,48,score,60,none,PIN1_HUMAN_Tsuboyama_2023_1I6C_indels,ngram
GaussianProcessRegressor,0.4747766507674657,0.962213354603472,0.9809247446177876,0.9076872685763686,-0.2772477049797317,0.3097744360902255,100.0,48,score,80,none,PIN1_HUMAN_Tsuboyama_2023_1I6C_indels,ngram
GaussianProcessRegressor,0.7658641649451262,0.8313868876915077,0.9118041937233606,0.8286531980861923,-0.1066964029769816,0.5082706766917292,100.0,49,score,20,none,PIN1_HUMAN_Tsuboyama_2023_1I6C_indels,ngram
GaussianProcessRegressor,0.7398034630943982,1.0345453183242257,1.0171260090688006,0.8620115111558585,-0.3771297087511092,0.6812030075187969,100.0,49,score,40,none,PIN1_HUMAN_Tsuboyama_2023_1I6C_indels,ngram
GaussianProcessRegressor,0.5818138944070425,0.9492082547476572,0.9742731930765914,0.8300218436823421,-0.2635337130732824,0.5233082706766917,100.0,49,score,60,none,PIN1_HUMAN_Tsuboyama_2023_1I6C_indels,ngram
GaussianProcessRegressor,0.4723263071145744,1.0221393348751224,1.011009067652275,0.854736544772037,-0.3606155473398831,0.4721804511278195,100.0,49,score,80,none,PIN1_HUMAN_Tsuboyama_2023_1I6C_indels,ngram
GaussianProcessRegressor,0.4563752525524476,0.8276899013192847,0.909774643150316,0.7947974356516012,-0.0643800714542754,0.8105263157894737,100.0,50,score,20,none,PIN1_HUMAN_Tsuboyama_2023_1I6C_indels,ngram
GaussianProcessRegressor,0.391164924446408,1.45279458799669,1.2053192888179836,1.1024609787246358,-0.8682426895816389,0.4917293233082706,100.0,50,score,40,none,PIN1_HUMAN_Tsuboyama_2023_1I6C_indels,ngram
GaussianProcessRegressor,0.4189156721310058,1.450108401413345,1.2042044682749458,1.097536583767385,-0.8647883482118057,0.6526315789473683,100.0,50,score,60,none,PIN1_HUMAN_Tsuboyama_2023_1I6C_indels,ngram
GaussianProcessRegressor,0.4424429063464117,1.1732752304643803,1.0831783004032072,0.9750514496367388,-0.5087906372261937,0.7097744360902255,100.0,50,score,80,none,PIN1_HUMAN_Tsuboyama_2023_1I6C_indels,ngram
GaussianProcessRegressor,0.7215144300677607,1.0817385436835667,1.0400666054073493,0.8441111015038129,0.0091140331294625,0.222733664395669,100.0,51,score,20,none,PIN1_HUMAN_Tsuboyama_2023_1I6C_indels,ngram
GaussianProcessRegressor,0.4499889035159447,1.1221999690185316,1.0593394021835172,0.8773494395162788,-0.0279491359681938,0.6451127819548872,100.0,51,score,40,none,PIN1_HUMAN_Tsuboyama_2023_1I6C_indels,ngram
GaussianProcessRegressor,0.3196899371501361,0.9892507750463018,0.9946108661412773,0.8296887230610069,0.0938339800935074,0.6646616541353383,100.0,51,score,60,none,PIN1_HUMAN_Tsuboyama_2023_1I6C_indels,ngram
GaussianProcessRegressor,0.4041978566371234,1.24530563686513,1.115932630970674,0.9888095440358562,-0.1407154596086901,0.356390977443609,100.0,51,score,80,none,PIN1_HUMAN_Tsuboyama_2023_1I6C_indels,ngram
GaussianProcessRegressor,0.8742827579982476,0.7606909055212784,0.8721759601830805,0.7742213073507392,-0.0666382224789352,,100.0,42,score,20,none,PIN1_HUMAN_Tsuboyama_2023_1I6C_indels,physchem
GaussianProcessRegressor,0.7562603554759575,0.7486215537380352,0.8652291914504706,0.732388658650403,-0.0497146181093921,,100.0,42,score,40,none,PIN1_HUMAN_Tsuboyama_2023_1I6C_indels,physchem
GaussianProcessRegressor,0.7629170748547318,0.762194060579214,0.8730372618503829,0.732388658650403,-0.0687459414321518,,100.0,42,score,60,none,PIN1_HUMAN_Tsuboyama_2023_1I6C_indels,physchem
GaussianProcessRegressor,0.923484896503267,0.7308368797785749,0.8548899810961496,0.732388658650403,-0.0247770082578762,,100.0,42,score,80,none,PIN1_HUMAN_Tsuboyama_2023_1I6C_indels,physchem
GaussianProcessRegressor,0.7591229799087055,0.8123962091267511,0.9013302442094968,0.8292707157147614,-0.0107360766726425,,100.0,43,score,20,none,PIN1_HUMAN_Tsuboyama_2023_1I6C_indels,physchem
GaussianProcessRegressor,0.770657467561914,0.8037947475737184,0.8965460097360973,0.7900024940031241,-3.4638869150338536e-05,,100.0,43,score,40,none,PIN1_HUMAN_Tsuboyama_2023_1I6C_indels,physchem
GaussianProcessRegressor,0.9415919616569296,0.8039496488977983,0.8966323934019996,0.7975203960225886,-0.0002273580803098,,100.0,43,score,60,none,PIN1_HUMAN_Tsuboyama_2023_1I6C_indels,physchem
GaussianProcessRegressor,0.8881021704486696,0.8042400009761618,0.8967942913378529,0.8008133973731782,-0.0005885972358374,,100.0,43,score,80,none,PIN1_HUMAN_Tsuboyama_2023_1I6C_indels,physchem
GaussianProcessRegressor,0.5856794459191693,1.4781761408552696,1.215802673485821,0.9965461657423178,-0.4495123154294591,-0.1533834586466165,100.0,44,score,20,none,PIN1_HUMAN_Tsuboyama_2023_1I6C_indels,physchem
GaussianProcessRegressor,0.81401596622012,1.1270795265005842,1.0616400173790477,0.8798620282465166,-0.1052239371051786,-0.1278195488721804,100.0,44,score,40,none,PIN1_HUMAN_Tsuboyama_2023_1I6C_indels,physchem
GaussianProcessRegressor,0.6733978599832352,1.192255641813818,1.0919045937323544,0.863475203405603,-0.1691361997964979,-0.1142857142857142,100.0,44,score,60,none,PIN1_HUMAN_Tsuboyama_2023_1I6C_indels,physchem
GaussianProcessRegressor,0.8068231004640648,1.0895354295094954,1.0438081382655988,0.8164778822074885,-0.0684078707000113,,100.0,44,score,80,none,PIN1_HUMAN_Tsuboyama_2023_1I6C_indels,physchem
GaussianProcessRegressor,0.7790403134516343,1.1492919876902072,1.0720503662096326,0.9222634014168068,-0.0415223390330758,,100.0,45,score,20,none,PIN1_HUMAN_Tsuboyama_2023_1I6C_indels,physchem
GaussianProcessRegressor,0.6715352538745897,1.1978084547730092,1.094444358920548,0.9114816636663836,-0.0854893942452643,,100.0,45,score,40,none,PIN1_HUMAN_Tsuboyama_2023_1I6C_indels,physchem
GaussianProcessRegressor,0.7404794993930148,1.5087606913918434,1.2283162017134852,1.0489253405460015,-0.3672834938123384,-0.2586466165413533,100.0,45,score,60,none,PIN1_HUMAN_Tsuboyama_2023_1I6C_indels,physchem
GaussianProcessRegressor,0.7616381007115183,1.1302708033940465,1.0631419488450478,0.9044473193750134,-0.0242847801085315,0.0917293233082706,100.0,45,score,80,none,PIN1_HUMAN_Tsuboyama_2023_1I6C_indels,physchem
GaussianProcessRegressor,0.5027718800524658,0.4523908514788975,0.6726000680039347,0.5013151451821523,-0.0027494638600507,,100.0,46,score,20,none,PIN1_HUMAN_Tsuboyama_2023_1I6C_indels,physchem
GaussianProcessRegressor,0.7789966787689375,0.4522195928561928,0.6724727450656962,0.5021604038384341,-0.0023698596051522,,100.0,46,score,40,none,PIN1_HUMAN_Tsuboyama_2023_1I6C_indels,physchem
GaussianProcessRegressor,1.0267034791405485,0.5107168124983026,0.7146445357646714,0.6128645289280384,-0.1320321979165299,,100.0,46,score,60,none,PIN1_HUMAN_Tsuboyama_2023_1I6C_indels,physchem
GaussianProcessRegressor,0.9693168018289496,0.5028354083291795,0.7091088832677105,0.6061769504375315,-0.1145626275677555,,100.0,46,score,80,none,PIN1_HUMAN_Tsuboyama_2023_1I6C_indels,physchem
GaussianProcessRegressor,0.8970466335546163,1.2980667386034763,1.1393273184662414,0.958056056205184,-0.1133454670600742,,100.0,47,score,20,none,PIN1_HUMAN_Tsuboyama_2023_1I6C_indels,physchem
GaussianProcessRegressor,0.86667251129694,1.321616950643778,1.1496160013864534,0.958056056205184,-0.1335443682749546,,100.0,47,score,40,none,PIN1_HUMAN_Tsuboyama_2023_1I6C_indels,physchem
GaussianProcessRegressor,0.8133499822222842,1.31135091265016,1.1451423110907046,0.958056056205184,-0.1247392379030312,,100.0,47,score,60,none,PIN1_HUMAN_Tsuboyama_2023_1I6C_indels,physchem
GaussianProcessRegressor,0.7952612615250699,1.3224059821716792,1.1499591219568108,0.958056056205184,-0.1342211167416021,,100.0,47,score,80,none,PIN1_HUMAN_Tsuboyama_2023_1I6C_indels,physchem
GaussianProcessRegressor,0.8928608141400332,0.7689275021359443,0.8768851134190524,0.7932759641231848,-0.0206789198053278,,100.0,48,score,20,none,PIN1_HUMAN_Tsuboyama_2023_1I6C_indels,physchem
GaussianProcessRegressor,0.8886702705751557,0.7544692309439283,0.8686018828807178,0.7471416389145673,-0.0014869250053937,,100.0,48,score,40,none,PIN1_HUMAN_Tsuboyama_2023_1I6C_indels,physchem
GaussianProcessRegressor,0.9649085754615364,0.7533490724816362,0.8679568379139807,0.7557950209993589,-2.002914145649015e-08,,100.0,48,score,60,none,PIN1_HUMAN_Tsuboyama_2023_1I6C_indels,physchem
GaussianProcessRegressor,0.8686634550652087,0.7602496213570984,0.8719229446213114,0.7372215110449167,-0.0091598494704161,,100.0,48,score,80,none,PIN1_HUMAN_Tsuboyama_2023_1I6C_indels,physchem
GaussianProcessRegressor,1.2730245265146696,0.7584174162528473,0.8708716416630222,0.7820938072902078,-0.0095634643128565,,100.0,49,score,20,none,PIN1_HUMAN_Tsuboyama_2023_1I6C_indels,physchem
GaussianProcessRegressor,1.1302564195549818,0.7517094856968343,0.8670118140468642,0.8026806894051897,-0.0006342368645237,,100.0,49,score,40,none,PIN1_HUMAN_Tsuboyama_2023_1I6C_indels,physchem
GaussianProcessRegressor,0.9553468750745584,0.7669669022400885,0.875766465583199,0.7780264106450776,-0.0209440688538471,,100.0,49,score,60,none,PIN1_HUMAN_Tsuboyama_2023_1I6C_indels,physchem
GaussianProcessRegressor,0.9029493585433488,0.7693741350746168,0.8771397466051899,0.7771009920887593,-0.0241484445284478,,100.0,49,score,80,none,PIN1_HUMAN_Tsuboyama_2023_1I6C_indels,physchem
GaussianProcessRegressor,0.8143115290539036,1.1604529515033817,1.077243218360358,0.9573425668569576,-0.4923016379343561,-0.5458646616541353,100.0,50,score,20,none,PIN1_HUMAN_Tsuboyama_2023_1I6C_indels,physchem
GaussianProcessRegressor,0.9006426092451212,1.3427557513432269,1.1587733822207114,1.0005000385606753,-0.7267366199373533,-0.3339601590064221,100.0,50,score,40,none,PIN1_HUMAN_Tsuboyama_2023_1I6C_indels,physchem
GaussianProcessRegressor,0.8939298317112019,1.6225430313465314,1.2737908114547425,1.1142111251064872,-1.086533211157375,-0.2781954887218045,100.0,50,score,60,none,PIN1_HUMAN_Tsuboyama_2023_1I6C_indels,physchem
GaussianProcessRegressor,0.8333761447399457,1.38970582207744,1.178857846424852,0.9661126758262104,-0.7871127578643857,-0.1511846665772316,100.0,50,score,80,none,PIN1_HUMAN_Tsuboyama_2023_1I6C_indels,physchem
GaussianProcessRegressor,0.488946305905968,1.4584760679752982,1.2076738251594668,0.9602976667912986,-0.3359822271397146,-0.4511278195488721,100.0,51,score,20,none,PIN1_HUMAN_Tsuboyama_2023_1I6C_indels,physchem
GaussianProcessRegressor,0.7578650266938213,1.1715675704171655,1.0823897497746204,0.918487957161877,-0.0731704731661724,-0.144360902255639,100.0,51,score,40,none,PIN1_HUMAN_Tsuboyama_2023_1I6C_indels,physchem
GaussianProcessRegressor,0.6589339267202443,1.1996821458386997,1.095300025490139,0.8933192893924042,-0.0989237741023276,0.1278195488721804,100.0,51,score,60,none,PIN1_HUMAN_Tsuboyama_2023_1I6C_indels,physchem
GaussianProcessRegressor,0.7562168588543443,1.2292126451663117,1.1086986268442438,0.8870597553787007,-0.1259740789558177,0.0827067669172932,100.0,51,score,80,none,PIN1_HUMAN_Tsuboyama_2023_1I6C_indels,physchem
GaussianProcessRegressor,1.4051341531971766,1.4249431110166513,1.1937098102204955,1.039557633218395,-0.1171499189027274,-0.0692726522661577,100.0,42,score,20,none,PKN1_HUMAN_Tsuboyama_2023_1URF_indels,morgan
GaussianProcessRegressor,1.194849591882151,1.2248663070003594,1.1067367830701027,0.9486901975190662,0.0397095259783009,-0.0692726522661577,100.0,42,score,40,none,PKN1_HUMAN_Tsuboyama_2023_1URF_indels,morgan
GaussianProcessRegressor,1.3317573508039084,1.3806008143378734,1.1749897081838094,0.9934004271451744,-0.0823857288409122,-0.0692726522661577,100.0,42,score,60,none,PKN1_HUMAN_Tsuboyama_2023_1URF_indels,morgan
GaussianProcessRegressor,1.2898145224693034,1.4096670589186044,1.187294006941248,1.0023940749665674,-0.1051735528074446,-0.0692726522661577,100.0,42,score,80,none,PKN1_HUMAN_Tsuboyama_2023_1URF_indels,morgan
GaussianProcessRegressor,1.526944900300911,1.6770597335240491,1.2950134105576083,1.1145657754678815,-0.3773180625510086,0.2655183794309951,100.0,43,score,20,none,PKN1_HUMAN_Tsuboyama_2023_1URF_indels,morgan
GaussianProcessRegressor,1.4237844530657888,1.5501771488458762,1.2450611024547655,1.0234790249708208,-0.273113261608598,0.2655183794309951,100.0,43,score,40,none,PKN1_HUMAN_Tsuboyama_2023_1URF_indels,morgan
GaussianProcessRegressor,1.2174572055174564,1.3301739938586803,1.1533316929048123,0.9773047852179596,-0.0924313734653881,0.2655183794309951,100.0,43,score,60,none,PKN1_HUMAN_Tsuboyama_2023_1URF_indels,morgan
GaussianProcessRegressor,1.226790049476196,1.3470318382043769,1.1606170075457178,0.981724857974555,-0.1062762074023471,0.2655183794309951,100.0,43,score,80,none,PKN1_HUMAN_Tsuboyama_2023_1URF_indels,morgan
GaussianProcessRegressor,1.4379585694071826,1.5022877646421615,1.2256784915475027,1.096982521180378,-0.0641939978538916,-0.0336412780520067,100.0,44,score,20,none,PKN1_HUMAN_Tsuboyama_2023_1URF_indels,morgan
GaussianProcessRegressor,1.3543391747872868,1.5430458783768723,1.2421939777574484,1.098952660068687,-0.093066322465187,-0.0049440290505355,100.0,44,score,40,none,PKN1_HUMAN_Tsuboyama_2023_1URF_indels,morgan
GaussianProcessRegressor,1.2526831112157342,1.5428284914849335,1.2421064734896656,1.1123437994048502,-0.0929123294479647,-0.052406707935677,100.0,44,score,60,none,PKN1_HUMAN_Tsuboyama_2023_1URF_indels,morgan
GaussianProcessRegressor,1.2868417643476828,1.481599486442785,1.2172097134195017,1.149811157512211,-0.0495387886430571,-0.1354663959846746,100.0,44,score,80,none,PKN1_HUMAN_Tsuboyama_2023_1URF_indels,morgan
GaussianProcessRegressor,1.368223395899963,0.8586702569854184,0.9266446228114738,0.7704120795685856,0.1567854554117466,0.427999775799216,100.0,45,score,20,none,PKN1_HUMAN_Tsuboyama_2023_1URF_indels,morgan
GaussianProcessRegressor,1.1425723316414995,0.798997406409662,0.8938665484341956,0.7663601195646242,0.215384219155084,0.427999775799216,100.0,45,score,40,none,PKN1_HUMAN_Tsuboyama_2023_1URF_indels,morgan
GaussianProcessRegressor,1.387426975398394,0.8258907913352601,0.90878533842446,0.7656870954182057,0.1889749041264163,0.427999775799216,100.0,45,score,60,none,PKN1_HUMAN_Tsuboyama_2023_1URF_indels,morgan
GaussianProcessRegressor,1.2873730021051153,1.136346036127598,1.0659953265036382,0.874861199340254,-0.1158922736091359,0.053499971974902,100.0,45,score,80,none,PKN1_HUMAN_Tsuboyama_2023_1URF_indels,morgan
GaussianProcessRegressor,1.292375548072857,1.2259297839762329,1.107217134972284,0.8636289543466453,-0.2704933498254938,0.1775970613418838,100.0,46,score,20,none,PKN1_HUMAN_Tsuboyama_2023_1URF_indels,morgan
GaussianProcessRegressor,1.376146411242265,0.8281918217355442,0.9100504501045776,0.7692413371592098,0.1417027176857717,0.1775970613418838,100.0,46,score,40,none,PKN1_HUMAN_Tsuboyama_2023_1URF_indels,morgan
GaussianProcessRegressor,1.5285842511932255,0.8372741690590741,0.9150268679438184,0.7499605682136379,0.1322902194936451,0.1775970613418838,100.0,46,score,60,none,PKN1_HUMAN_Tsuboyama_2023_1URF_indels,morgan
GaussianProcessRegressor,1.3976740788019626,0.8028496710482795,0.8960187894504665,0.7251171441022037,0.1679660765985603,0.4273092930468356,100.0,46,score,80,none,PKN1_HUMAN_Tsuboyama_2023_1URF_indels,morgan
GaussianProcessRegressor,1.497241515549097,1.3595397746970197,1.1659930423021485,1.0437105955833466,0.0099933782129263,0.3024531771943596,100.0,47,score,20,none,PKN1_HUMAN_Tsuboyama_2023_1URF_indels,morgan
GaussianProcessRegressor,1.3389101145459912,1.0392231645176344,1.0194229566365642,0.8521640839347129,0.2432455206275541,0.5652295333305638,100.0,47,score,40,none,PKN1_HUMAN_Tsuboyama_2023_1URF_indels,morgan
GaussianProcessRegressor,1.1354501204716714,1.0544122816832036,1.02684579255271,0.8586595915121953,0.2321849199354084,0.5573242251720945,100.0,47,score,60,none,PKN1_HUMAN_Tsuboyama_2023_1URF_indels,morgan
GaussianProcessRegressor,1.1491577394925367,1.0214317718173471,1.0106590779374354,0.8529756474764911,0.2562010787597344,0.5573242251720945,100.0,47,score,80,none,PKN1_HUMAN_Tsuboyama_2023_1URF_indels,morgan
GaussianProcessRegressor,1.909365657036932,1.5499459640115123,1.2449682582345272,1.0604150088585722,-0.1385767179614119,0.0580542284237319,100.0,48,score,20,none,PKN1_HUMAN_Tsuboyama_2023_1URF_indels,morgan
GaussianProcessRegressor,1.4893713388706522,1.552164443968845,1.2458589181640292,1.0661761239947818,-0.1402063938903359,0.0580542284237319,100.0,48,score,40,none,PKN1_HUMAN_Tsuboyama_2023_1URF_indels,morgan
GaussianProcessRegressor,1.3108561836368209,1.5659779694416276,1.251390414475685,1.0880636673525874,-0.1503536886099346,0.0580542284237319,100.0,48,score,60,none,PKN1_HUMAN_Tsuboyama_2023_1URF_indels,morgan
GaussianProcessRegressor,1.2554992473581157,1.5774345340684002,1.255959606861781,1.0966395017419408,-0.1587695805537434,0.1198534918857773,100.0,48,score,80,none,PKN1_HUMAN_Tsuboyama_2023_1URF_indels,morgan
GaussianProcessRegressor,1.2903383848955403,1.3460070727773448,1.1601754491357523,1.0460290094765023,0.0793354240492553,0.2381247421649171,100.0,49,score,20,none,PKN1_HUMAN_Tsuboyama_2023_1URF_indels,morgan
GaussianProcessRegressor,1.20880673841498,1.37455131601053,1.1724126048497303,1.0608698567488968,0.0598112520566891,0.2381247421649171,100.0,49,score,40,none,PKN1_HUMAN_Tsuboyama_2023_1URF_indels,morgan
GaussianProcessRegressor,1.0505862492261313,1.3794450809911636,1.1744977994833212,1.0820350876541087,0.0564639323049429,0.2381247421649171,100.0,49,score,60,none,PKN1_HUMAN_Tsuboyama_2023_1URF_indels,morgan
GaussianProcessRegressor,1.099340146527228,1.3797658896142289,1.17463436422328,1.0700815696635426,0.0562445002225348,0.2381247421649171,100.0,49,score,80,none,PKN1_HUMAN_Tsuboyama_2023_1URF_indels,morgan
GaussianProcessRegressor,1.6473516077986523,1.4446651533042898,1.2019422420833248,1.0535930478425988,-0.3739929406411746,0.1587498281099447,100.0,50,score,20,none,PKN1_HUMAN_Tsuboyama_2023_1URF_indels,morgan
GaussianProcessRegressor,1.376344786953754,1.323600920403577,1.1504785614706503,1.035543524424802,-0.2588511024171014,0.1587498281099447,100.0,50,score,40,none,PKN1_HUMAN_Tsuboyama_2023_1URF_indels,morgan
GaussianProcessRegressor,1.3121872026123744,1.2596515486882989,1.1223419927492235,0.997448534127148,-0.1980300982596599,0.1587498281099447,100.0,50,score,60,none,PKN1_HUMAN_Tsuboyama_2023_1URF_indels,morgan
GaussianProcessRegressor,1.202851434057197,1.29868666601946,1.1395993445151942,1.013183102828325,-0.235155639446448,0.1587498281099447,100.0,50,score,80,none,PKN1_HUMAN_Tsuboyama_2023_1URF_indels,morgan
GaussianProcessRegressor,1.3638718340279292,1.3107995101512802,1.144901528582821,1.086032440720038,0.0737712201537897,0.4499202702839223,100.0,51,score,20,none,PKN1_HUMAN_Tsuboyama_2023_1URF_indels,morgan
GaussianProcessRegressor,1.4714334632531405,1.2401050172869337,1.1136000257215035,1.0246717987691023,0.1237249112869467,0.4402445655466336,100.0,51,score,40,none,PKN1_HUMAN_Tsuboyama_2023_1URF_indels,morgan
GaussianProcessRegressor,1.3321810254637312,1.3061919850668569,1.1428875644904255,1.0551341151788902,0.0770269601079218,0.0459595975021211,100.0,51,score,60,none,PKN1_HUMAN_Tsuboyama_2023_1URF_indels,morgan
GaussianProcessRegressor,1.2838272367268997,1.244248337075701,1.1154588011556952,1.0259789187897068,0.1207971851146811,0.4402445655466336,100.0,51,score,80,none,PKN1_HUMAN_Tsuboyama_2023_1URF_indels,morgan
GaussianProcessRegressor,1.2946675695543577,1.4553937017722969,1.2063969917785342,1.0473822675229818,-0.1410230649463886,0.3383458646616541,100.0,42,score,20,none,PKN1_HUMAN_Tsuboyama_2023_1URF_indels,ngram
GaussianProcessRegressor,0.847951640228576,0.8813538263411408,0.9388044665110732,0.8172142046859634,0.3090219897135891,0.7007518796992479,100.0,42,score,40,none,PKN1_HUMAN_Tsuboyama_2023_1URF_indels,ngram
GaussianProcessRegressor,0.841733940014843,0.803735671868461,0.8965130628543351,0.7618237251865227,0.3698743243114721,0.6977443609022556,100.0,42,score,60,none,PKN1_HUMAN_Tsuboyama_2023_1URF_indels,ngram
GaussianProcessRegressor,0.7330531303720058,0.9783067095560196,0.9890938830849272,0.7975525262649976,0.2330113021405174,0.6646616541353383,100.0,42,score,80,none,PKN1_HUMAN_Tsuboyama_2023_1URF_indels,ngram
GaussianProcessRegressor,1.3969048237909008,1.1494290463583918,1.07211428791822,0.9384874597343478,0.0560089449864001,0.3187969924812029,100.0,43,score,20,none,PKN1_HUMAN_Tsuboyama_2023_1URF_indels,ngram
GaussianProcessRegressor,0.911329884582502,0.8950833734537064,0.9460884596345664,0.8321698358121399,0.2648952967487123,0.475187969924812,100.0,43,score,40,none,PKN1_HUMAN_Tsuboyama_2023_1URF_indels,ngram
GaussianProcessRegressor,0.7981895939697987,0.7644032146275066,0.8743015581751565,0.7626979802453306,0.3722189296345523,0.6330827067669172,100.0,43,score,60,none,PKN1_HUMAN_Tsuboyama_2023_1URF_indels,ngram
GaussianProcessRegressor,0.7413507130477595,0.6647623049529424,0.8153295683053218,0.694700138169421,0.4540509728948185,0.6812030075187969,100.0,43,score,80,none,PKN1_HUMAN_Tsuboyama_2023_1URF_indels,ngram
GaussianProcessRegressor,1.7376333034129448,1.4117544081743143,1.1881727181577242,1.136462578277237,-6.177443689647788e-05,0.1548872180451127,100.0,44,score,20,none,PKN1_HUMAN_Tsuboyama_2023_1URF_indels,ngram
GaussianProcessRegressor,1.5596597131396246,1.411688637924798,1.1881450407777654,1.1369418132969704,-1.5183959079845266e-05,0.0483725281314974,100.0,44,score,40,none,PKN1_HUMAN_Tsuboyama_2023_1URF_indels,ngram
GaussianProcessRegressor,1.076363538319982,1.1146699410494223,1.055779305086732,0.9356009888383624,0.2103875909982528,0.7338345864661654,100.0,44,score,60,none,PKN1_HUMAN_Tsuboyama_2023_1URF_indels,ngram
GaussianProcessRegressor,0.6683261342344103,0.9303706843839484,0.9645572478520644,0.8457447622700404,0.3409419144564144,0.724812030075188,100.0,44,score,80,none,PKN1_HUMAN_Tsuboyama_2023_1URF_indels,ngram
GaussianProcessRegressor,1.4385312386151592,1.0504871933224698,1.024932775025987,0.8142689820640567,-0.0315788547549993,-0.2466165413533834,100.0,45,score,20,none,PKN1_HUMAN_Tsuboyama_2023_1URF_indels,ngram
GaussianProcessRegressor,1.01052189159854,1.070074571646913,1.0344440882169097,0.8553638626791292,-0.050813668304392,0.3293233082706767,100.0,45,score,40,none,PKN1_HUMAN_Tsuboyama_2023_1URF_indels,ngram
GaussianProcessRegressor,0.7522145235394355,0.9233539325352988,0.9609130723095084,0.8220636852933634,0.0932660594883671,0.6781954887218045,100.0,45,score,60,none,PKN1_HUMAN_Tsuboyama_2023_1URF_indels,ngram
GaussianProcessRegressor,0.677738447322444,0.8400229304884336,0.9165276485128168,0.7759919674484053,0.1750971376809631,0.6045112781954887,100.0,45,score,80,none,PKN1_HUMAN_Tsuboyama_2023_1URF_indels,ngram
GaussianProcessRegressor,1.4285987426288322,0.823392706809962,0.9074098890853912,0.7812888495305347,0.1466762844248261,0.3999999999999999,100.0,46,score,20,none,PKN1_HUMAN_Tsuboyama_2023_1URF_indels,ngram
GaussianProcessRegressor,1.015708134781788,0.9195705842195248,0.958942430086147,0.752603541921004,0.0470022612904389,0.3894736842105262,100.0,46,score,40,none,PKN1_HUMAN_Tsuboyama_2023_1URF_indels,ngram
GaussianProcessRegressor,0.7814429140840267,0.6062814141408601,0.7786407478040563,0.611404211396275,0.3716797529052509,0.7744360902255639,100.0,46,score,60,none,PKN1_HUMAN_Tsuboyama_2023_1URF_indels,ngram
GaussianProcessRegressor,0.713084520592646,0.4600493964554165,0.6782694128850397,0.5443730084541757,0.5232274258872478,0.7999999999999999,100.0,46,score,80,none,PKN1_HUMAN_Tsuboyama_2023_1URF_indels,ngram
GaussianProcessRegressor,1.4009184039987193,0.951667665451356,0.9755345536942072,0.8359885535219517,0.3070027754447622,0.6721804511278194,100.0,47,score,20,none,PKN1_HUMAN_Tsuboyama_2023_1URF_indels,ngram
GaussianProcessRegressor,1.0391046533298374,0.8822791807872005,0.939297173841804,0.7525779310980741,0.3575309472362743,0.7518796992481201,100.0,47,score,40,none,PKN1_HUMAN_Tsuboyama_2023_1URF_indels,ngram
GaussianProcessRegressor,0.7244516967315652,0.7633893121101794,0.8737215300713261,0.7294111297691737,0.444105653945298,0.7834586466165413,100.0,47,score,60,none,PKN1_HUMAN_Tsuboyama_2023_1URF_indels,ngram
GaussianProcessRegressor,0.6418738215169008,0.7047937627605292,0.8395199597153895,0.7224580626379562,0.4867744915497974,0.7984962406015037,100.0,47,score,80,none,PKN1_HUMAN_Tsuboyama_2023_1URF_indels,ngram
GaussianProcessRegressor,1.574726094010828,1.0673367995001728,1.0331199347124094,0.8980392760330966,0.215943743619879,0.5503759398496241,100.0,48,score,20,none,PKN1_HUMAN_Tsuboyama_2023_1URF_indels,ngram
GaussianProcessRegressor,0.9756743663882318,1.0540342120752912,1.026661683357907,0.9004840756979682,0.225715707728496,0.5263157894736841,100.0,48,score,40,none,PKN1_HUMAN_Tsuboyama_2023_1URF_indels,ngram
GaussianProcessRegressor,0.6802071041156525,1.1100391631056998,1.0535839611087954,0.9221650700092482,0.1845749616545131,0.4631578947368421,100.0,48,score,60,none,PKN1_HUMAN_Tsuboyama_2023_1URF_indels,ngram
GaussianProcessRegressor,0.6496630602659067,1.219007741036147,1.104086835822322,0.9388054436462594,0.1045275995517339,0.4526315789473684,100.0,48,score,80,none,PKN1_HUMAN_Tsuboyama_2023_1URF_indels,ngram
GaussianProcessRegressor,1.1464791425952432,1.3988875119154234,1.182745751172002,1.0731996432105757,0.0431653711128382,0.413689386156604,100.0,49,score,20,none,PKN1_HUMAN_Tsuboyama_2023_1URF_indels,ngram
GaussianProcessRegressor,0.9960728868635094,0.9782413719667024,0.9890608535205012,0.90966828768257,0.330885998956277,0.6120300751879698,100.0,49,score,40,none,PKN1_HUMAN_Tsuboyama_2023_1URF_indels,ngram
GaussianProcessRegressor,0.8360649747378834,0.8452507547867721,0.9193751980485292,0.786067263741099,0.4218511600224419,0.8330827067669173,100.0,49,score,60,none,PKN1_HUMAN_Tsuboyama_2023_1URF_indels,ngram
GaussianProcessRegressor,0.7317942542572484,0.8703710955700726,0.9329368122065248,0.788673983371942,0.4046689264645791,0.831578947368421,100.0,49,score,80,none,PKN1_HUMAN_Tsuboyama_2023_1URF_indels,ngram
GaussianProcessRegressor,1.5375880197607683,1.031698292843276,1.0157255007349557,0.9577348959612288,0.0187718115883464,0.6917293233082705,100.0,50,score,20,none,PKN1_HUMAN_Tsuboyama_2023_1URF_indels,ngram
GaussianProcessRegressor,0.7622238284576955,0.8041893899811022,0.8967660731657405,0.7712522979886802,0.2351511059533175,0.5082706766917292,100.0,50,score,40,none,PKN1_HUMAN_Tsuboyama_2023_1URF_indels,ngram
GaussianProcessRegressor,0.8028972961432249,0.646301373734469,0.8039287118485501,0.6464333778323722,0.3853153286027855,0.6390977443609022,100.0,50,score,60,none,PKN1_HUMAN_Tsuboyama_2023_1URF_indels,ngram
GaussianProcessRegressor,0.6911442960269103,0.5885763038578546,0.767187267789198,0.6151984511880813,0.440216520292138,0.6721804511278194,100.0,50,score,80,none,PKN1_HUMAN_Tsuboyama_2023_1URF_indels,ngram
GaussianProcessRegressor,1.3732534508763077,1.415322936707073,1.189673458015717,1.1457060148228495,-8.645609217072803e-05,0.3587815221758183,100.0,51,score,20,none,PKN1_HUMAN_Tsuboyama_2023_1URF_indels,ngram
GaussianProcessRegressor,0.8774362660632062,1.0718206241697164,1.035287701158338,0.8583899000821271,0.2426369545834313,0.669172932330827,100.0,51,score,40,none,PKN1_HUMAN_Tsuboyama_2023_1URF_indels,ngram
GaussianProcessRegressor,0.8098133225322878,0.8705177159810378,0.9330153889304494,0.7546843971716214,0.3848803301623366,0.801503759398496,100.0,51,score,60,none,PKN1_HUMAN_Tsuboyama_2023_1URF_indels,ngram
GaussianProcessRegressor,0.75848436838072,0.7184808708647324,0.8476325093250804,0.7087344276304319,0.4923116348379772,0.7774436090225564,100.0,51,score,80,none,PKN1_HUMAN_Tsuboyama_2023_1URF_indels,ngram
GaussianProcessRegressor,1.2946675708587645,1.4553937017389753,1.206396991764724,1.047382267482994,-0.1410230649202648,,100.0,42,score,20,none,PKN1_HUMAN_Tsuboyama_2023_1URF_indels,physchem
GaussianProcessRegressor,1.2985685879588489,1.2972986821343917,1.138990202826342,0.9938000393816316,-0.0170771775618734,,100.0,42,score,40,none,PKN1_HUMAN_Tsuboyama_2023_1URF_indels,physchem
GaussianProcessRegressor,1.3406202828083331,1.3408923183032038,1.1579690489400845,1.0136957993010334,-0.0512544206631204,,100.0,42,score,60,none,PKN1_HUMAN_Tsuboyama_2023_1URF_indels,physchem
GaussianProcessRegressor,1.360239364822888,1.3670461851922984,1.1692075030516604,1.023066152872524,-0.0717589517200121,,100.0,42,score,80,none,PKN1_HUMAN_Tsuboyama_2023_1URF_indels,physchem
GaussianProcessRegressor,1.5386455707196611,1.4620737279884437,1.2091624076146443,1.0959288460856431,-0.2007566063900705,,100.0,43,score,20,none,PKN1_HUMAN_Tsuboyama_2023_1URF_indels,physchem
GaussianProcessRegressor,1.3752767636780956,1.211119880064738,1.100508918666604,0.993249158603716,0.0053441428573575,0.2135338345864661,100.0,43,score,40,none,PKN1_HUMAN_Tsuboyama_2023_1URF_indels,physchem
GaussianProcessRegressor,1.2290756494676285,1.4332643405091334,1.197190185605083,1.0684949322574528,-0.1770963342166371,0.0138280827766603,100.0,43,score,60,none,PKN1_HUMAN_Tsuboyama_2023_1URF_indels,physchem
GaussianProcessRegressor,1.3256716738943353,1.4895671028814836,1.2204782271230747,1.1040478140293395,-0.223336077522622,,100.0,43,score,80,none,PKN1_HUMAN_Tsuboyama_2023_1URF_indels,physchem
GaussianProcessRegressor,1.7376339360548414,1.411755901003792,1.188173346361461,1.1364629998678255,-6.28319308115799e-05,,100.0,44,score,20,none,PKN1_HUMAN_Tsuboyama_2023_1URF_indels,physchem
GaussianProcessRegressor,1.559659716465435,1.4116886384233065,1.1881450409875498,1.1369418132420064,-1.5184312214255868e-05,,100.0,44,score,40,none,PKN1_HUMAN_Tsuboyama_2023_1URF_indels,physchem
GaussianProcessRegressor,1.2805501640303063,1.7219794567248514,1.3122421486619196,1.2568481084246643,-0.2198196946047754,-0.0345864661654135,100.0,44,score,60,none,PKN1_HUMAN_Tsuboyama_2023_1URF_indels,physchem
GaussianProcessRegressor,1.3160839687712662,1.6450103348796936,1.2825795627873124,1.246674375918491,-0.1652961343285508,0.0451127819548872,100.0,44,score,80,none,PKN1_HUMAN_Tsuboyama_2023_1URF_indels,physchem
GaussianProcessRegressor,1.438531238618474,1.0504871711775836,1.0249327642228945,0.8142688117518396,-0.0315788330087121,,100.0,45,score,20,none,PKN1_HUMAN_Tsuboyama_2023_1URF_indels,physchem
GaussianProcessRegressor,1.3507003829568116,1.0450598508363105,1.0222816885948365,0.8719112230280363,-0.0262492022072819,0.0150375939849624,100.0,45,score,40,none,PKN1_HUMAN_Tsuboyama_2023_1URF_indels,physchem
GaussianProcessRegressor,1.513549724273586,1.0940282756912851,1.04595806593347,0.8241783142674924,-0.074336215501831,0.0796992481203007,100.0,45,score,60,none,PKN1_HUMAN_Tsuboyama_2023_1URF_indels,physchem
GaussianProcessRegressor,1.4408349471780144,1.0244479494981464,1.012150161536393,0.8120351601935447,-0.0060083066381542,,100.0,45,score,80,none,PKN1_HUMAN_Tsuboyama_2023_1URF_indels,physchem
GaussianProcessRegressor,1.4664155979295288,1.0018241995352548,1.000911684183602,0.8674139999075736,-0.0382413412581432,,100.0,46,score,20,none,PKN1_HUMAN_Tsuboyama_2023_1URF_indels,physchem
GaussianProcessRegressor,1.4259806185494237,1.7186223736018402,1.3109623845106466,1.1443506669152623,-0.7810957242921304,-0.1593984962406014,100.0,46,score,40,none,PKN1_HUMAN_Tsuboyama_2023_1URF_indels,physchem
GaussianProcessRegressor,1.507824453011941,0.9749319814643616,0.9873864397814878,0.8674139999075736,-0.0103715687249155,,100.0,46,score,60,none,PKN1_HUMAN_Tsuboyama_2023_1URF_indels,physchem
GaussianProcessRegressor,1.4592865709391554,1.0402654505290068,1.0199340422444023,0.9290989309947554,-0.0780799636530791,0.0360902255639097,100.0,46,score,80,none,PKN1_HUMAN_Tsuboyama_2023_1URF_indels,physchem
GaussianProcessRegressor,1.648359988213332,1.4097525552376151,1.1873300110911098,1.089704034799545,-0.0265711902967438,,100.0,47,score,20,none,PKN1_HUMAN_Tsuboyama_2023_1URF_indels,physchem
GaussianProcessRegressor,1.4538389488463532,1.4835688933609237,1.2180184289906797,1.1320344144444854,-0.0803236916197998,,100.0,47,score,40,none,PKN1_HUMAN_Tsuboyama_2023_1URF_indels,physchem
GaussianProcessRegressor,1.3853788082618697,1.5070470493104875,1.227618446142973,1.142126940137971,-0.097420307908645,,100.0,47,score,60,none,PKN1_HUMAN_Tsuboyama_2023_1URF_indels,physchem
GaussianProcessRegressor,1.296016346678193,1.4933498166478878,1.2220269295919333,1.1363580615756894,-0.0874460862723904,,100.0,47,score,80,none,PKN1_HUMAN_Tsuboyama_2023_1URF_indels,physchem
GaussianProcessRegressor,1.6607887776331558,1.3806612537469487,1.1750154270250874,1.1141769941467063,-0.0142216537918045,,100.0,48,score,20,none,PKN1_HUMAN_Tsuboyama_2023_1URF_indels,physchem
GaussianProcessRegressor,1.5918258108097991,1.3759281882510743,1.1729996539859142,1.11235715646517,-0.0107447853697328,,100.0,48,score,40,none,PKN1_HUMAN_Tsuboyama_2023_1URF_indels,physchem
GaussianProcessRegressor,1.4505619943482764,1.3896035939919271,1.178814486673763,1.1170862745832866,-0.020790618545047,,100.0,48,score,60,none,PKN1_HUMAN_Tsuboyama_2023_1URF_indels,physchem
GaussianProcessRegressor,1.369756905442937,1.3915025853100682,1.179619678248065,1.117641505917804,-0.0221856009203356,,100.0,48,score,80,none,PKN1_HUMAN_Tsuboyama_2023_1URF_indels,physchem
GaussianProcessRegressor,1.351508371611978,1.4620349073375871,1.2091463548047388,1.141938764504085,-2.7247413882935945e-05,,100.0,49,score,20,none,PKN1_HUMAN_Tsuboyama_2023_1URF_indels,physchem
GaussianProcessRegressor,1.2375966076600735,1.467426389039257,1.2113737610825392,1.1352001717444116,-0.0037150038269095,,100.0,49,score,40,none,PKN1_HUMAN_Tsuboyama_2023_1URF_indels,physchem
GaussianProcessRegressor,1.2025722616078047,1.4619956984718252,1.2091301412469315,1.1426490844708126,-4.286738477521368e-07,,100.0,49,score,60,none,PKN1_HUMAN_Tsuboyama_2023_1URF_indels,physchem
GaussianProcessRegressor,1.1819155177512155,1.46338730225806,1.2097054609524005,1.138838658363557,-0.0009522812574316,,100.0,49,score,80,none,PKN1_HUMAN_Tsuboyama_2023_1URF_indels,physchem
GaussianProcessRegressor,1.6998103800873832,1.5259032207105503,1.2352745527657203,1.1188469893927422,-0.4512568871496309,,100.0,50,score,20,none,PKN1_HUMAN_Tsuboyama_2023_1URF_indels,physchem
GaussianProcessRegressor,1.465537869331453,1.274395956946376,1.1288914726165558,1.017091622735122,-0.2120532182983714,,100.0,50,score,40,none,PKN1_HUMAN_Tsuboyama_2023_1URF_indels,physchem
GaussianProcessRegressor,1.4391723330572457,1.2021589553503609,1.0964300959707194,0.9835093295991694,-0.1433500104865166,,100.0,50,score,60,none,PKN1_HUMAN_Tsuboyama_2023_1URF_indels,physchem
GaussianProcessRegressor,1.3403939231706126,1.2533561882304172,1.119533915623112,1.0079592082236908,-0.1920427033203298,,100.0,50,score,80,none,PKN1_HUMAN_Tsuboyama_2023_1URF_indels,physchem
GaussianProcessRegressor,1.373253742873221,1.4153231617973705,1.1896735526174274,1.1457061427762083,-8.661514403951465e-05,,100.0,51,score,20,none,PKN1_HUMAN_Tsuboyama_2023_1URF_indels,physchem
GaussianProcessRegressor,1.3112264069703374,1.4526732774327276,1.2052689647679176,1.1401646589908263,-0.026478715357793,0.1353383458646616,100.0,51,score,40,none,PKN1_HUMAN_Tsuboyama_2023_1URF_indels,physchem
GaussianProcessRegressor,1.2371344636310322,1.4276018111769564,1.1948229204266867,1.1457061427762083,-0.0087628759642017,,100.0,51,score,60,none,PKN1_HUMAN_Tsuboyama_2023_1URF_indels,physchem
GaussianProcessRegressor,1.2630160615698227,1.4186431185419672,1.1910680578967632,1.1457061427762083,-0.0024325417795592,,100.0,51,score,80,none,PKN1_HUMAN_Tsuboyama_2023_1URF_indels,physchem
GaussianProcessRegressor,1.3999900357700514,1.0001228019455983,1.000061399087875,0.8755056345103274,-0.2809395469880809,-0.3110019973675539,100.0,42,score,20,none,POLG_PESV_Tsuboyama_2023_2MXD_indels,morgan
GaussianProcessRegressor,1.6216732889888483,1.1002218306098883,1.04891459643285,0.8837075172124262,-0.4091446075883862,-0.1694851679241424,100.0,42,score,40,none,POLG_PESV_Tsuboyama_2023_2MXD_indels,morgan
GaussianProcessRegressor,1.4825991152850857,1.2600647616418417,1.1225260627895646,0.9351841381718762,-0.6138685987492782,-0.3116873575970815,100.0,42,score,60,none,POLG_PESV_Tsuboyama_2023_2MXD_indels,morgan
GaussianProcessRegressor,1.4061597024484438,1.2462594590605602,1.116359914660393,0.9040610457798736,-0.5961870120480264,-0.178221541720216,100.0,42,score,80,none,POLG_PESV_Tsuboyama_2023_2MXD_indels,morgan
GaussianProcessRegressor,1.7068328684400922,0.8062960224791113,0.8979398768732298,0.8128141932648919,-0.0379429371988155,0.3035492052466899,100.0,43,score,20,none,POLG_PESV_Tsuboyama_2023_2MXD_indels,morgan
GaussianProcessRegressor,1.370453067874935,0.8360384778914762,0.9143513973803924,0.8261478862253331,-0.0762303287641319,0.3035492052466899,100.0,43,score,40,none,POLG_PESV_Tsuboyama_2023_2MXD_indels,morgan
GaussianProcessRegressor,1.2829867745242565,0.7656788630435372,0.8750307783407034,0.8050182108295463,0.0143434347909762,0.3035492052466899,100.0,43,score,60,none,POLG_PESV_Tsuboyama_2023_2MXD_indels,morgan
GaussianProcessRegressor,1.2870128947841966,0.8331469574677854,0.9127688412012022,0.8260625886258982,-0.0725080814531404,-0.3035492052466899,100.0,43,score,80,none,POLG_PESV_Tsuboyama_2023_2MXD_indels,morgan
GaussianProcessRegressor,1.7679461007995847,1.3682850770915145,1.1697371829139718,0.9574922718532288,-0.1426618657278551,0.0511301707075295,100.0,44,score,20,none,POLG_PESV_Tsuboyama_2023_2MXD_indels,morgan
GaussianProcessRegressor,1.375167995241918,1.250867009172829,1.118421659828183,0.8921621408280975,-0.0446054366953019,0.1347203195393174,100.0,44,score,40,none,POLG_PESV_Tsuboyama_2023_2MXD_indels,morgan
GaussianProcessRegressor,1.4055196478101684,1.1769168658361622,1.0848579933964455,0.8437609285462992,0.0171507062098991,0.1625934890991762,100.0,44,score,60,none,POLG_PESV_Tsuboyama_2023_2MXD_indels,morgan
GaussianProcessRegressor,1.5435465062765474,1.0756321469373122,1.0371268711866029,0.8442865145273851,0.101734092964866,0.1347203195393174,100.0,44,score,80,none,POLG_PESV_Tsuboyama_2023_2MXD_indels,morgan
GaussianProcessRegressor,1.0781941674618047,2.2464498631372805,1.498816153881883,1.3155200560842126,-0.5631620512386117,-0.4086260347258567,100.0,45,score,20,none,POLG_PESV_Tsuboyama_2023_2MXD_indels,morgan
GaussianProcessRegressor,1.7378174911297528,1.4209008535205292,1.1920154585912588,1.033434066065897,0.0112851707743127,0.0332216288395005,100.0,45,score,40,none,POLG_PESV_Tsuboyama_2023_2MXD_indels,morgan
GaussianProcessRegressor,1.604501513921479,1.3576139143960702,1.1651669040940316,1.0268246230902656,0.0553225397811799,0.3455049399308056,100.0,45,score,60,none,POLG_PESV_Tsuboyama_2023_2MXD_indels,morgan
GaussianProcessRegressor,1.3723455413535122,1.371039579526796,1.1709139932235826,1.0143739481721492,0.045980470505848,0.1586896541459371,100.0,45,score,80,none,POLG_PESV_Tsuboyama_2023_2MXD_indels,morgan
GaussianProcessRegressor,1.3830666001080976,1.6225102571726318,1.2737779465717844,1.0822842438144236,-0.352222164390946,-0.1199314685399143,100.0,46,score,20,none,POLG_PESV_Tsuboyama_2023_2MXD_indels,morgan
GaussianProcessRegressor,0.9662907127354629,1.4272280694629311,1.194666509726849,1.041128619628502,-0.1894713273071999,-0.0551036477075282,100.0,46,score,40,none,POLG_PESV_Tsuboyama_2023_2MXD_indels,morgan
GaussianProcessRegressor,1.0703077978248634,1.278061034955027,1.1305136155549065,0.9739744460987954,-0.0651534874868529,0.050556408327059,100.0,46,score,60,none,POLG_PESV_Tsuboyama_2023_2MXD_indels,morgan
GaussianProcessRegressor,1.1698869777311491,1.1305666011850612,1.063281054653501,0.9450027721780448,0.0577703840796612,0.0454150786666802,100.0,46,score,80,none,POLG_PESV_Tsuboyama_2023_2MXD_indels,morgan
GaussianProcessRegressor,1.1929927300748224,1.6393182618645372,1.2803586457959883,1.11762226568423,-0.0823143703397655,-0.2536389299120253,100.0,47,score,20,none,POLG_PESV_Tsuboyama_2023_2MXD_indels,morgan
GaussianProcessRegressor,1.2177583313196956,1.929647279431289,1.3891174462338631,1.2033924540304377,-0.2739960438433135,-0.1919429739874786,100.0,47,score,40,none,POLG_PESV_Tsuboyama_2023_2MXD_indels,morgan
GaussianProcessRegressor,1.2978703114088244,1.8107113330180196,1.3456267435726816,1.180130178461297,-0.1954718872182106,-0.2090807395220749,100.0,47,score,60,none,POLG_PESV_Tsuboyama_2023_2MXD_indels,morgan
GaussianProcessRegressor,1.480680908064314,1.6042055296304596,1.266572354676376,1.0999222636022403,-0.0591321637097908,0.0856888276729815,100.0,47,score,80,none,POLG_PESV_Tsuboyama_2023_2MXD_indels,morgan
GaussianProcessRegressor,1.3136327447992104,1.3370975793914748,1.1563293559325885,0.9534192394101872,-0.1939422645239386,-0.0700876644050462,100.0,48,score,20,none,POLG_PESV_Tsuboyama_2023_2MXD_indels,morgan
GaussianProcessRegressor,1.3075847424038547,1.3827151930700938,1.1758891074714886,0.947772060690136,-0.2346758637893085,-0.1034429084025253,100.0,48,score,40,none,POLG_PESV_Tsuboyama_2023_2MXD_indels,morgan
GaussianProcessRegressor,1.1743577355753334,1.1715174768550387,1.08236660926649,0.8656424448110585,-0.0460898671899829,-0.0969615311781013,100.0,48,score,60,none,POLG_PESV_Tsuboyama_2023_2MXD_indels,morgan
GaussianProcessRegressor,1.2102353231135692,1.182980310135538,1.0876489829607427,0.8950444440747072,-0.0563254411194551,-0.0447514759283544,100.0,48,score,80,none,POLG_PESV_Tsuboyama_2023_2MXD_indels,morgan
GaussianProcessRegressor,0.8860698210326412,1.6926427419428822,1.3010160421543164,1.0666349445214494,-0.0329024942945546,0.2703381341337497,100.0,49,score,20,none,POLG_PESV_Tsuboyama_2023_2MXD_indels,morgan
GaussianProcessRegressor,1.66380852109859,1.5966937196172997,1.2636034661306133,1.1477090473368623,0.0256485407404347,0.2916352500876262,100.0,49,score,40,none,POLG_PESV_Tsuboyama_2023_2MXD_indels,morgan
GaussianProcessRegressor,1.3371262033801623,1.666868323683543,1.2910725478002942,1.1121684793553777,-0.0171741540787662,0.2899297807888681,100.0,49,score,60,none,POLG_PESV_Tsuboyama_2023_2MXD_indels,morgan
GaussianProcessRegressor,1.2633741361631752,1.678997582111662,1.2957613908863244,1.133486621499554,-0.0245757994312678,-0.1772364025313972,100.0,49,score,80,none,POLG_PESV_Tsuboyama_2023_2MXD_indels,morgan
GaussianProcessRegressor,0.8023497201363574,1.1341839083765128,1.064980707983254,0.7834811643429475,0.0191476128887229,0.4379071780167904,100.0,50,score,20,none,POLG_PESV_Tsuboyama_2023_2MXD_indels,morgan
GaussianProcessRegressor,1.3968118653764343,1.2552152772375436,1.1203639039336923,0.8609015429025029,-0.0855213973008295,-0.153195590473805,100.0,50,score,40,none,POLG_PESV_Tsuboyama_2023_2MXD_indels,morgan
GaussianProcessRegressor,1.177622436302698,1.2181741836295072,1.1037092840188976,0.8507160674413179,-0.0534879282855085,-0.153195590473805,100.0,50,score,60,none,POLG_PESV_Tsuboyama_2023_2MXD_indels,morgan
GaussianProcessRegressor,1.293237267255502,0.983168316690748,0.9915484439455028,0.8035715192188952,0.1497472471297262,0.0515184915313871,100.0,50,score,80,none,POLG_PESV_Tsuboyama_2023_2MXD_indels,morgan
GaussianProcessRegressor,1.0775731075585089,1.9835042500401536,1.4083693585278525,1.219736526191105,-0.6859778738584004,-0.2508668979960416,100.0,51,score,20,none,POLG_PESV_Tsuboyama_2023_2MXD_indels,morgan
GaussianProcessRegressor,1.261196109798575,1.53156373825673,1.2375636299830122,1.082986600538517,-0.3018286071494083,-0.2802845146991605,100.0,51,score,40,none,POLG_PESV_Tsuboyama_2023_2MXD_indels,morgan
GaussianProcessRegressor,1.196109125668642,1.5242915596161413,1.234622031075155,1.0886644034594035,-0.2956472580131359,-0.2802845146991605,100.0,51,score,60,none,POLG_PESV_Tsuboyama_2023_2MXD_indels,morgan
GaussianProcessRegressor,1.287709791764935,1.4006695550385806,1.1834988614437196,1.0467140588022643,-0.1905686001602125,-0.2508668979960416,100.0,51,score,80,none,POLG_PESV_Tsuboyama_2023_2MXD_indels,morgan
GaussianProcessRegressor,1.4137853311591215,0.911572993858581,0.9547633182410084,0.8273310292411967,-0.167526523271184,,100.0,42,score,20,none,POLG_PESV_Tsuboyama_2023_2MXD_indels,ngram
GaussianProcessRegressor,1.3483289104837823,0.7515092561612329,0.8668963353026894,0.7728702959605972,0.0374802731506146,0.1752538672263431,100.0,42,score,40,none,POLG_PESV_Tsuboyama_2023_2MXD_indels,ngram
GaussianProcessRegressor,1.0979324915458284,1.8425636055176189,1.3574106252411682,1.1616463669773582,-1.3599227870387534,0.3684210526315789,100.0,42,score,60,none,POLG_PESV_Tsuboyama_2023_2MXD_indels,ngram
GaussianProcessRegressor,1.1112941049122531,1.7758392869487156,1.3326062010018995,1.1926721143532002,-1.27446346320925,0.6496240601503759,100.0,42,score,80,none,POLG_PESV_Tsuboyama_2023_2MXD_indels,ngram
GaussianProcessRegressor,1.6017916747740748,1.2174532555542363,1.103382642402098,0.9128659670850154,-0.5672246578705673,0.3578947368421052,100.0,43,score,20,none,POLG_PESV_Tsuboyama_2023_2MXD_indels,ngram
GaussianProcessRegressor,1.388700812272362,0.711388861853803,0.8434387125652955,0.7356165307275739,0.0842308231996914,0.4588711916897492,100.0,43,score,40,none,POLG_PESV_Tsuboyama_2023_2MXD_indels,ngram
GaussianProcessRegressor,0.9249522060872536,1.965097666178698,1.4018194128270225,1.2737393468370222,-1.529665515705675,0.7563909774436091,100.0,43,score,60,none,POLG_PESV_Tsuboyama_2023_2MXD_indels,ngram
GaussianProcessRegressor,0.8532436825397867,2.207261535772885,1.4856855440411627,1.3443551961620808,-1.841402484613436,0.7593984962406014,100.0,43,score,80,none,POLG_PESV_Tsuboyama_2023_2MXD_indels,ngram
GaussianProcessRegressor,1.6611298209664522,1.2093147157460329,1.099688463041253,0.9028638665495976,-0.0099049039428289,0.301268353528559,100.0,44,score,20,none,POLG_PESV_Tsuboyama_2023_2MXD_indels,ngram
GaussianProcessRegressor,1.3743688551719166,1.203160646835548,1.096886797639368,0.9028655597579824,-0.0047656095218011,-0.1103594506667061,100.0,44,score,40,none,POLG_PESV_Tsuboyama_2023_2MXD_indels,ngram
GaussianProcessRegressor,1.0401350833854894,2.59645431414825,1.6113517040510583,1.486550110406846,-1.1683122768453211,0.6195488721804511,100.0,44,score,60,none,POLG_PESV_Tsuboyama_2023_2MXD_indels,ngram
GaussianProcessRegressor,0.9331587912647356,3.29009043812595,1.8138606446268,1.6385326204350874,-1.7475713514567048,0.524812030075188,100.0,44,score,80,none,POLG_PESV_Tsuboyama_2023_2MXD_indels,ngram
GaussianProcessRegressor,1.502362197905724,1.458197201504515,1.2075583636017413,1.1064430726415295,-0.0146669934716041,0.4031707160819406,100.0,45,score,20,none,POLG_PESV_Tsuboyama_2023_2MXD_indels,ngram
GaussianProcessRegressor,1.5087806110286648,2.3370982838872294,1.5287571042802155,1.39043671864051,-0.6262385407905051,0.5699248120300752,100.0,45,score,40,none,POLG_PESV_Tsuboyama_2023_2MXD_indels,ngram
GaussianProcessRegressor,1.059006039350813,2.219861160911235,1.4899198504990914,1.3341287545589215,-0.5446606588890872,0.5172932330827067,100.0,45,score,60,none,POLG_PESV_Tsuboyama_2023_2MXD_indels,ngram
GaussianProcessRegressor,1.0223019600695464,1.3937645354793138,1.1805780514135074,1.0660074791561125,0.0301676142547695,0.4075187969924811,100.0,45,score,80,none,POLG_PESV_Tsuboyama_2023_2MXD_indels,ngram
GaussianProcessRegressor,1.3965331196513109,1.371760400813318,1.171221755609636,1.0238568417300908,-0.1432438161876077,,100.0,46,score,20,none,POLG_PESV_Tsuboyama_2023_2MXD_indels,ngram
GaussianProcessRegressor,0.6470767187991991,0.8687882846463291,0.932088131372956,0.7607004537258102,0.2759400013229249,0.5774436090225563,100.0,46,score,40,none,POLG_PESV_Tsuboyama_2023_2MXD_indels,ngram
GaussianProcessRegressor,0.6392680953869734,0.7565459000251051,0.869796470460248,0.738248422188512,0.3694843346163223,0.7172932330827068,100.0,46,score,60,none,POLG_PESV_Tsuboyama_2023_2MXD_indels,ngram
GaussianProcessRegressor,0.7501659873466029,1.5121446994004868,1.2296929289056218,1.077411281861815,-0.2602420041761653,0.2887218045112781,100.0,46,score,80,none,POLG_PESV_Tsuboyama_2023_2MXD_indels,ngram
GaussianProcessRegressor,1.0222201230561636,1.6731209708343506,1.2934917745522585,1.1314144249834768,-0.1046316704794165,0.1566595438348506,100.0,47,score,20,none,POLG_PESV_Tsuboyama_2023_2MXD_indels,ngram
GaussianProcessRegressor,0.7269579443889317,1.3175886636587393,1.1478626501715,0.9444170324978914,0.1300986647628399,0.3969924812030075,100.0,47,score,40,none,POLG_PESV_Tsuboyama_2023_2MXD_indels,ngram
GaussianProcessRegressor,0.968748235133302,1.6609257842445804,1.2887690965586427,1.0695699252580293,-0.0965801371059817,0.3759398496240601,100.0,47,score,60,none,POLG_PESV_Tsuboyama_2023_2MXD_indels,ngram
GaussianProcessRegressor,0.7632167424087928,1.6697591353371335,1.2921916016354285,1.1303481089864498,-0.1024121119263274,0.4781954887218045,100.0,47,score,80,none,POLG_PESV_Tsuboyama_2023_2MXD_indels,ngram
GaussianProcessRegressor,1.0836032241484816,2.806131088393549,1.6751510643501826,1.3543331426790952,-1.5056948407253845,0.1654135338345864,100.0,48,score,20,none,POLG_PESV_Tsuboyama_2023_2MXD_indels,ngram
GaussianProcessRegressor,0.9696035738654386,2.6727855625614705,1.634865609939077,1.3273096158400346,-1.3866258501521278,0.2240601503759398,100.0,48,score,40,none,POLG_PESV_Tsuboyama_2023_2MXD_indels,ngram
GaussianProcessRegressor,0.7678506168570822,2.5149058212721664,1.5858454594544094,1.3433998379291854,-1.245649380863183,0.3473684210526315,100.0,48,score,60,none,POLG_PESV_Tsuboyama_2023_2MXD_indels,ngram
GaussianProcessRegressor,0.7412940166026994,1.6469243056195004,1.2833254870139144,1.065011395133418,-0.470597632706625,-0.0030075187969924,100.0,48,score,80,none,POLG_PESV_Tsuboyama_2023_2MXD_indels,ngram
GaussianProcessRegressor,0.8363399633955237,1.2682565519253788,1.1261689713028764,0.9886636867090358,0.2260709697159827,0.6466165413533834,100.0,49,score,20,none,POLG_PESV_Tsuboyama_2023_2MXD_indels,ngram
GaussianProcessRegressor,1.2045095193723283,2.1036621688746875,1.450400692524203,1.2971148210147447,-0.2837191496710298,0.3398496240601503,100.0,49,score,40,none,POLG_PESV_Tsuboyama_2023_2MXD_indels,ngram
GaussianProcessRegressor,0.9536806622913104,1.402710126005096,1.1843606401789517,1.052483345118375,0.1440232767253468,0.5263157894736841,100.0,49,score,60,none,POLG_PESV_Tsuboyama_2023_2MXD_indels,ngram
GaussianProcessRegressor,0.882915743348021,1.497982431077537,1.2239209251734922,1.0656333636564914,0.08588519530507,0.4631578947368421,100.0,49,score,80,none,POLG_PESV_Tsuboyama_2023_2MXD_indels,ngram
GaussianProcessRegressor,0.6809319329856807,1.1855011145711047,1.0888071980709462,0.8916160756944782,-0.0252319659644957,0.1082706766917293,100.0,50,score,20,none,POLG_PESV_Tsuboyama_2023_2MXD_indels,ngram
GaussianProcessRegressor,1.109561467601952,0.951965130394658,0.975687004317808,0.7252664079304296,0.1767320416925475,0.4240601503759398,100.0,50,score,40,none,POLG_PESV_Tsuboyama_2023_2MXD_indels,ngram
GaussianProcessRegressor,0.8976460797134358,1.0705213404777811,1.034660012022201,0.7206397330347285,0.0742035709497813,0.3112781954887217,100.0,50,score,60,none,POLG_PESV_Tsuboyama_2023_2MXD_indels,ngram
GaussianProcessRegressor,0.801950922952785,0.9628343082459172,0.9812412079840088,0.7913366254424272,0.1673322794823739,0.4165413533834586,100.0,50,score,80,none,POLG_PESV_Tsuboyama_2023_2MXD_indels,ngram
GaussianProcessRegressor,1.162256883501099,1.3611710919166646,1.1666923724429952,1.040319070012512,-0.1569949212161849,0.1308270676691729,100.0,51,score,20,none,POLG_PESV_Tsuboyama_2023_2MXD_indels,ngram
GaussianProcessRegressor,1.0711324460162488,1.0715082095026776,1.0351368071432283,0.807083291643486,0.0892184209625089,0.5804511278195488,100.0,51,score,40,none,POLG_PESV_Tsuboyama_2023_2MXD_indels,ngram
GaussianProcessRegressor,0.8064144105489028,1.090655365588225,1.0443444669208646,0.8511376583312188,0.0729433454203756,0.6270676691729322,100.0,51,score,60,none,POLG_PESV_Tsuboyama_2023_2MXD_indels,ngram
GaussianProcessRegressor,0.7215598082951596,2.001676187739015,1.414806060115313,1.2216912137979317,-0.701424014135031,0.2766917293233082,100.0,51,score,80,none,POLG_PESV_Tsuboyama_2023_2MXD_indels,ngram
GaussianProcessRegressor,1.4137853311591215,0.911572993858581,0.9547633182410084,0.8273310292411967,-0.167526523271184,,100.0,42,score,20,none,POLG_PESV_Tsuboyama_2023_2MXD_indels,physchem
GaussianProcessRegressor,1.2026019488568316,0.882404630991706,0.939363950229998,0.8144713418850185,-0.1301682014287117,,100.0,42,score,40,none,POLG_PESV_Tsuboyama_2023_2MXD_indels,physchem
GaussianProcessRegressor,1.2136721619980293,0.8540341702288226,0.9241396919453372,0.8044616116115485,-0.0938318184497863,,100.0,42,score,60,none,POLG_PESV_Tsuboyama_2023_2MXD_indels,physchem
GaussianProcessRegressor,1.227757828018285,0.8544566093346253,0.9243682217247764,0.804617459884339,-0.0943728709643021,,100.0,42,score,80,none,POLG_PESV_Tsuboyama_2023_2MXD_indels,physchem
GaussianProcessRegressor,1.7117000645415394,0.7938484386920497,0.8909817274737174,0.8152432426032368,-0.0219191924242272,,100.0,43,score,20,none,POLG_PESV_Tsuboyama_2023_2MXD_indels,physchem
GaussianProcessRegressor,1.3681860167954725,0.7728891296862831,0.8791411318362274,0.7836979304745667,0.0050616758234101,0.2436090225563909,100.0,43,score,40,none,POLG_PESV_Tsuboyama_2023_2MXD_indels,physchem
GaussianProcessRegressor,1.2264505086893207,0.7782330302031307,0.8821751697951664,0.8075411386859477,-0.0018175145036125,,100.0,43,score,60,none,POLG_PESV_Tsuboyama_2023_2MXD_indels,physchem
GaussianProcessRegressor,1.1803688859214063,0.7179385312358382,0.847312534567876,0.71563949373568,0.075799449502512,0.3458646616541352,100.0,43,score,80,none,POLG_PESV_Tsuboyama_2023_2MXD_indels,physchem
GaussianProcessRegressor,1.207776932500694,1.304860621482942,1.142304959930991,0.8826256659060577,-0.0896957784761283,0.0797292271501818,100.0,44,score,20,none,POLG_PESV_Tsuboyama_2023_2MXD_indels,physchem
GaussianProcessRegressor,1.0801057089557409,1.3781447216893632,1.1739440879741092,0.8692248741101778,-0.1508957053569033,0.2195488721804511,100.0,44,score,40,none,POLG_PESV_Tsuboyama_2023_2MXD_indels,physchem
GaussianProcessRegressor,1.430244260158825,1.1997425160505826,1.0953275838992564,0.9143356500556136,-0.0019111110218592,,100.0,44,score,60,none,POLG_PESV_Tsuboyama_2023_2MXD_indels,physchem
GaussianProcessRegressor,1.356899205674916,1.2012388184788807,1.096010409840564,0.9157039054552304,-0.0031606808323016,,100.0,44,score,80,none,POLG_PESV_Tsuboyama_2023_2MXD_indels,physchem
GaussianProcessRegressor,1.3701509975260904,2.186512920768188,1.478686214437731,1.2029757499451086,-0.5214557326084701,-0.0616541353383458,100.0,45,score,20,none,POLG_PESV_Tsuboyama_2023_2MXD_indels,physchem
GaussianProcessRegressor,1.576001053243571,1.460333601187423,1.208442634628315,1.076688501207132,-0.0161535785787989,,100.0,45,score,40,none,POLG_PESV_Tsuboyama_2023_2MXD_indels,physchem
GaussianProcessRegressor,1.5548287208694147,1.160977067699224,1.0774864582440116,0.9540054308261394,0.1921496560572002,0.3779644730092272,100.0,45,score,60,none,POLG_PESV_Tsuboyama_2023_2MXD_indels,physchem
GaussianProcessRegressor,1.3682180261218164,1.1008452963581026,1.04921175000955,0.9343257616613068,0.2339915438182422,0.1954887218045112,100.0,45,score,80,none,POLG_PESV_Tsuboyama_2023_2MXD_indels,physchem
GaussianProcessRegressor,1.3965331196513109,1.371760400813318,1.171221755609636,1.0238568417300908,-0.1432438161876077,,100.0,46,score,20,none,POLG_PESV_Tsuboyama_2023_2MXD_indels,physchem
GaussianProcessRegressor,0.9334744616514834,1.3780579363165293,1.1739071242293957,1.0246095183464885,-0.1484922681162388,,100.0,46,score,40,none,POLG_PESV_Tsuboyama_2023_2MXD_indels,physchem
GaussianProcessRegressor,0.9934385154483856,1.095063047173087,1.0464526014937736,0.8976800112254428,0.0873595299340008,0.5368421052631579,100.0,46,score,60,none,POLG_PESV_Tsuboyama_2023_2MXD_indels,physchem
GaussianProcessRegressor,1.1688790964457971,1.243010014170271,1.1149035896301844,1.0031656207427375,-0.0359414889924529,,100.0,46,score,80,none,POLG_PESV_Tsuboyama_2023_2MXD_indels,physchem
GaussianProcessRegressor,1.0222202279752295,1.6731209646612732,1.2934917721660515,1.131414422743293,-0.1046316664038136,,100.0,47,score,20,none,POLG_PESV_Tsuboyama_2023_2MXD_indels,physchem
GaussianProcessRegressor,1.1919791942340416,1.576041483691265,1.2554049082631726,1.072585178186977,-0.0405376342910619,0.3381787390082559,100.0,47,score,40,none,POLG_PESV_Tsuboyama_2023_2MXD_indels,physchem
GaussianProcessRegressor,1.143099554482513,1.5345827056086483,1.2387827515786003,1.061887592587922,-0.0131656270735571,0.3381787390082559,100.0,47,score,60,none,POLG_PESV_Tsuboyama_2023_2MXD_indels,physchem
GaussianProcessRegressor,1.3615875244283575,1.4270503356673996,1.1945921210469286,1.028310498160415,0.0578296347810457,0.3381787390082559,100.0,47,score,80,none,POLG_PESV_Tsuboyama_2023_2MXD_indels,physchem
GaussianProcessRegressor,1.5038318739308305,1.1224883941530115,1.0594755278688657,0.8717136729337884,-0.0023100451851965,,100.0,48,score,20,none,POLG_PESV_Tsuboyama_2023_2MXD_indels,physchem
GaussianProcessRegressor,1.3649936413703785,1.1202476089641178,1.0584175022003923,0.8717136729337882,-0.0003091679238995,,100.0,48,score,40,none,POLG_PESV_Tsuboyama_2023_2MXD_indels,physchem
GaussianProcessRegressor,1.2491480583901524,1.027028874167883,1.0134243307558206,0.8070685112774715,0.0829291753609081,0.3714285714285714,100.0,48,score,60,none,POLG_PESV_Tsuboyama_2023_2MXD_indels,physchem
GaussianProcessRegressor,1.2083753604392555,1.0265669496839085,1.0131964023247952,0.8049004051948687,0.0833416442584188,0.2917293233082706,100.0,48,score,80,none,POLG_PESV_Tsuboyama_2023_2MXD_indels,physchem
GaussianProcessRegressor,0.843576642924177,1.758301758869234,1.3260097129618749,1.1049959578737694,-0.0729696394018033,,100.0,49,score,20,none,POLG_PESV_Tsuboyama_2023_2MXD_indels,physchem
GaussianProcessRegressor,1.56786075406623,1.3208294858681158,1.1492734600033692,1.015808085040775,0.193989353639394,0.3984962406015037,100.0,49,score,40,none,POLG_PESV_Tsuboyama_2023_2MXD_indels,physchem
GaussianProcessRegressor,1.285269113774694,1.294263271008075,1.1376569214873502,0.9595899338559696,0.2102008724158867,0.5414370071896066,100.0,49,score,60,none,POLG_PESV_Tsuboyama_2023_2MXD_indels,physchem
GaussianProcessRegressor,1.206722514584864,1.3665220465428811,1.168983338864537,1.019892782708668,0.1661063522698923,0.3779644730092272,100.0,49,score,80,none,POLG_PESV_Tsuboyama_2023_2MXD_indels,physchem
GaussianProcessRegressor,0.8335945061517489,1.3853247013902776,1.1769981739111908,0.8534467150786866,-0.1980411908928205,0.3443609022556391,100.0,50,score,20,none,POLG_PESV_Tsuboyama_2023_2MXD_indels,physchem
GaussianProcessRegressor,1.2298096588951997,1.113191861327666,1.055079078234265,0.8325241377230036,0.037301722911044,0.3009791358425038,100.0,50,score,40,none,POLG_PESV_Tsuboyama_2023_2MXD_indels,physchem
GaussianProcessRegressor,1.22707374479705,1.1570665450244009,1.0756702770944266,0.8739617222019449,-0.0006414959266263,,100.0,50,score,60,none,POLG_PESV_Tsuboyama_2023_2MXD_indels,physchem
GaussianProcessRegressor,1.2370014357685737,1.1624610242267963,1.0781748579088628,0.8892913227752821,-0.0053066897843543,,100.0,50,score,80,none,POLG_PESV_Tsuboyama_2023_2MXD_indels,physchem
GaussianProcessRegressor,1.162257184759531,1.361171403093961,1.1666925058017477,1.040319164420726,-0.1569951857167708,,100.0,51,score,20,none,POLG_PESV_Tsuboyama_2023_2MXD_indels,physchem
GaussianProcessRegressor,1.2424862198778457,1.3918901148936773,1.1797839272060275,0.9525564418949508,-0.183106079306591,0.2285714285714285,100.0,51,score,40,none,POLG_PESV_Tsuboyama_2023_2MXD_indels,physchem
GaussianProcessRegressor,1.179124334911032,1.160813903963934,1.0774107406017142,0.9071632344718484,0.0133086139287256,0.1804511278195488,100.0,51,score,60,none,POLG_PESV_Tsuboyama_2023_2MXD_indels,physchem
GaussianProcessRegressor,1.1997251308212782,1.1388836444662194,1.0671849157789943,0.9244400469186363,0.0319493263347473,0.1428571428571428,100.0,51,score,80,none,POLG_PESV_Tsuboyama_2023_2MXD_indels,physchem
GaussianProcessRegressor,0.9632364939615924,0.9238745053309694,0.9611839081731286,0.7475906029144694,0.3874176582966629,0.5964858285809781,100.0,42,score,20,none,RD23A_HUMAN_Tsuboyama_2023_1IFY_indels,morgan
GaussianProcessRegressor,0.8692234443322112,0.8469204468929415,0.920282808104629,0.7376085207724649,0.4384426590403028,0.5914129524652942,100.0,42,score,40,none,RD23A_HUMAN_Tsuboyama_2023_1IFY_indels,morgan
GaussianProcessRegressor,0.8906094605059872,1.143375810565653,1.0692875247404945,0.8932529237216935,0.2418755713663266,0.5908236829652682,100.0,42,score,60,none,RD23A_HUMAN_Tsuboyama_2023_1IFY_indels,morgan
GaussianProcessRegressor,0.8868247351814645,0.9362138644090116,0.9675814510463766,0.8311487094600855,0.3792359480800383,0.5914129524652942,100.0,42,score,80,none,RD23A_HUMAN_Tsuboyama_2023_1IFY_indels,morgan
GaussianProcessRegressor,0.8126217819546729,0.7936545603388703,0.8908729204206794,0.6964142371710402,0.3811207437942356,0.6140114256248155,100.0,43,score,20,none,RD23A_HUMAN_Tsuboyama_2023_1IFY_indels,morgan
GaussianProcessRegressor,0.9187112265139102,1.2691115312301582,1.1265485037183969,0.9070315125175272,0.0103669282080081,0.6103013867992879,100.0,43,score,40,none,RD23A_HUMAN_Tsuboyama_2023_1IFY_indels,morgan
GaussianProcessRegressor,0.9605860192322184,0.7183725226609602,0.8475685946641488,0.6573092429228661,0.4398244844542356,0.5839971160707451,100.0,43,score,60,none,RD23A_HUMAN_Tsuboyama_2023_1IFY_indels,morgan
GaussianProcessRegressor,0.759871268866573,0.7408544624772798,0.860729029647124,0.651561430447068,0.422293423855723,0.5932669115639315,100.0,43,score,80,none,RD23A_HUMAN_Tsuboyama_2023_1IFY_indels,morgan
GaussianProcessRegressor,1.2941082341393408,1.212948332223016,1.101339335637757,0.9084750143531004,-0.2586840334745461,0.1968197115211329,100.0,44,score,20,none,RD23A_HUMAN_Tsuboyama_2023_1IFY_indels,morgan
GaussianProcessRegressor,1.0080843135068616,0.8694473970333135,0.9324416319713066,0.7392630648498848,0.0977690248469509,0.5969122398591737,100.0,44,score,40,none,RD23A_HUMAN_Tsuboyama_2023_1IFY_indels,morgan
GaussianProcessRegressor,0.8360251601366127,0.8814205637413709,0.938840009661588,0.7505851697691209,0.0853443952356131,0.5947612047605821,100.0,44,score,60,none,RD23A_HUMAN_Tsuboyama_2023_1IFY_indels,morgan
GaussianProcessRegressor,0.8409380561207168,0.8214117770251391,0.90631770203673,0.7332025312067671,0.1476158866926893,0.5947612047605821,100.0,44,score,80,none,RD23A_HUMAN_Tsuboyama_2023_1IFY_indels,morgan
GaussianProcessRegressor,1.9170970212741647,1.106207419999884,1.0517639564084158,0.9357580591325846,-0.1705807127054903,0.1324532357065043,100.0,45,score,20,none,RD23A_HUMAN_Tsuboyama_2023_1IFY_indels,morgan
GaussianProcessRegressor,1.1586827797992751,0.7593944985063386,0.8714324405863823,0.7465114586248512,0.1964142192372282,0.2577003147105828,100.0,45,score,40,none,RD23A_HUMAN_Tsuboyama_2023_1IFY_indels,morgan
GaussianProcessRegressor,1.0221569583356749,0.9083797838519,0.9530895990681568,0.810577930071106,0.0387590649240737,0.2558463556119455,100.0,45,score,60,none,RD23A_HUMAN_Tsuboyama_2023_1IFY_indels,morgan
GaussianProcessRegressor,0.8344159089764588,0.6050883159233182,0.7778742288592149,0.6876867903061576,0.3596999086271207,0.2577003147105828,100.0,45,score,80,none,RD23A_HUMAN_Tsuboyama_2023_1IFY_indels,morgan
GaussianProcessRegressor,0.3909940498937285,1.2547210137515583,1.120143300543086,0.9324376192820116,-0.3589635400824802,0.2747094585068125,100.0,46,score,20,none,RD23A_HUMAN_Tsuboyama_2023_1IFY_indels,morgan
GaussianProcessRegressor,0.5264695578304596,1.2025215070959978,1.0965954163208953,0.9172130484816008,-0.3024272857456689,0.2747094585068125,100.0,46,score,40,none,RD23A_HUMAN_Tsuboyama_2023_1IFY_indels,morgan
GaussianProcessRegressor,0.6973726618549277,0.7801025231378079,0.8832341270228454,0.7532733684468231,0.1550863699166977,0.2806384396256645,100.0,46,score,60,none,RD23A_HUMAN_Tsuboyama_2023_1IFY_indels,morgan
GaussianProcessRegressor,0.7610951711239105,0.7691301703615878,0.8770006672526468,0.7412686256782172,0.1669703084244482,0.2806384396256645,100.0,46,score,80,none,RD23A_HUMAN_Tsuboyama_2023_1IFY_indels,morgan
GaussianProcessRegressor,1.0740134994380977,1.1573090822958474,1.0757830089269151,0.8942392458224692,0.1469537405015599,0.4208931560720564,100.0,47,score,20,none,RD23A_HUMAN_Tsuboyama_2023_1IFY_indels,morgan
GaussianProcessRegressor,0.6426505248354399,1.1934589351316551,1.0924554613949509,0.9140467104599056,0.1203078796725495,0.4894588760030216,100.0,47,score,40,none,RD23A_HUMAN_Tsuboyama_2023_1IFY_indels,morgan
GaussianProcessRegressor,0.7709214464483167,1.1104534877064267,1.053780569049566,0.8774804286821067,0.1814907456219111,0.4677051481806651,100.0,47,score,60,none,RD23A_HUMAN_Tsuboyama_2023_1IFY_indels,morgan
GaussianProcessRegressor,0.8619520011787879,0.984294319661785,0.9921160817473856,0.8516750545024893,0.2744819854283274,0.4677051481806651,100.0,47,score,80,none,RD23A_HUMAN_Tsuboyama_2023_1IFY_indels,morgan
GaussianProcessRegressor,0.7828121928657094,1.482562746724312,1.2176053329073062,1.0423285788024197,0.0549669709808913,0.240323113344993,100.0,48,score,20,none,RD23A_HUMAN_Tsuboyama_2023_1IFY_indels,morgan
GaussianProcessRegressor,0.6628647891317108,2.5070232686725973,1.5833582249991938,1.2324011418682597,-0.5980570121904032,0.1695430183187279,100.0,48,score,40,none,RD23A_HUMAN_Tsuboyama_2023_1IFY_indels,morgan
GaussianProcessRegressor,0.6797340037747318,1.540040991652888,1.2409838804967968,1.0902328312829976,0.0183284947831244,0.406574034220639,100.0,48,score,60,none,RD23A_HUMAN_Tsuboyama_2023_1IFY_indels,morgan
GaussianProcessRegressor,0.5973305699543952,2.420521597636305,1.5558025574076888,1.2028916131633305,-0.5429180736360251,0.2501994056742394,100.0,48,score,80,none,RD23A_HUMAN_Tsuboyama_2023_1IFY_indels,morgan
GaussianProcessRegressor,0.8916720054474301,1.3359183060306432,1.155819322398896,0.9953824368538968,-0.1924417073300084,0.1059782902158142,100.0,49,score,20,none,RD23A_HUMAN_Tsuboyama_2023_1IFY_indels,morgan
GaussianProcessRegressor,0.8400766747805367,1.566385912215441,1.2515533996659676,1.0194129282070716,-0.3981572698480633,-0.0388587064124652,100.0,49,score,40,none,RD23A_HUMAN_Tsuboyama_2023_1IFY_indels,morgan
GaussianProcessRegressor,0.980454704077023,1.1378135102789866,1.0666834161451029,0.8933845110644099,-0.0156132142926883,0.2985055174412101,100.0,49,score,60,none,RD23A_HUMAN_Tsuboyama_2023_1IFY_indels,morgan
GaussianProcessRegressor,0.9329746392011448,0.8029819008820196,0.8960925738348798,0.7727917003571163,0.2832577377520509,0.6517664848272577,100.0,49,score,80,none,RD23A_HUMAN_Tsuboyama_2023_1IFY_indels,morgan
GaussianProcessRegressor,0.8756649291732671,1.1457045397179526,1.0703758871153408,0.8317493601612387,-0.0539034339624893,0.0169324832902551,100.0,50,score,20,none,RD23A_HUMAN_Tsuboyama_2023_1IFY_indels,morgan
GaussianProcessRegressor,0.8912874826143862,1.1134433621329338,1.0551982572639769,0.821343809323085,-0.0242272263000014,-0.0242128266435913,100.0,50,score,40,none,RD23A_HUMAN_Tsuboyama_2023_1IFY_indels,morgan
GaussianProcessRegressor,0.903583381456663,1.0973988550706977,1.0475680670346428,0.814940774754691,-0.0094683067854739,-0.0072567785529664,100.0,50,score,60,none,RD23A_HUMAN_Tsuboyama_2023_1IFY_indels,morgan
GaussianProcessRegressor,0.7570730953277628,1.1346000053039105,1.0651760442780855,0.8595213284522435,-0.0436886651928769,-0.0072567785529664,100.0,50,score,80,none,RD23A_HUMAN_Tsuboyama_2023_1IFY_indels,morgan
GaussianProcessRegressor,0.9804764402043616,2.01814245900243,1.4206134094124376,1.0061624520539374,-0.9963577554426768,0.1757528477791362,100.0,51,score,20,none,RD23A_HUMAN_Tsuboyama_2023_1IFY_indels,morgan
GaussianProcessRegressor,1.0479858234714186,0.9265513033122076,0.9625753494206092,0.785310955639243,0.0834502926531914,0.3438642673939622,100.0,51,score,40,none,RD23A_HUMAN_Tsuboyama_2023_1IFY_indels,morgan
GaussianProcessRegressor,0.736428760915921,0.7730120805664178,0.8792110557576137,0.7063354781783965,0.2353321465460583,0.5714090171756457,100.0,51,score,60,none,RD23A_HUMAN_Tsuboyama_2023_1IFY_indels,morgan
GaussianProcessRegressor,0.7139940771395035,0.7511476412494559,0.8666877414902416,0.6969162778185528,0.2569605716377136,0.5714090171756457,100.0,51,score,80,none,RD23A_HUMAN_Tsuboyama_2023_1IFY_indels,morgan
GaussianProcessRegressor,0.889944846929599,1.7041352887784604,1.305425328687344,1.1504007085345251,-0.1299404624280935,0.5052631578947367,100.0,42,score,20,none,RD23A_HUMAN_Tsuboyama_2023_1IFY_indels,ngram
GaussianProcessRegressor,0.5406515793856348,1.0456392796510818,1.0225650491049858,0.910891522771448,0.306680555844343,0.7458646616541353,100.0,42,score,40,none,RD23A_HUMAN_Tsuboyama_2023_1IFY_indels,ngram
GaussianProcessRegressor,0.6366558636255663,0.7507587600614282,0.8664633633694088,0.7284967023948588,0.5022034306185688,0.8030075187969924,100.0,42,score,60,none,RD23A_HUMAN_Tsuboyama_2023_1IFY_indels,ngram
GaussianProcessRegressor,0.5541686866726059,0.8454340364523467,0.9194748699406344,0.7561799189927824,0.4394282353097828,0.7624060150375939,100.0,42,score,80,none,RD23A_HUMAN_Tsuboyama_2023_1IFY_indels,ngram
GaussianProcessRegressor,0.8558886434730933,1.1956116472029157,1.0934402805836794,0.943647336580289,0.0676809736770692,0.3654135338345864,100.0,43,score,20,none,RD23A_HUMAN_Tsuboyama_2023_1IFY_indels,ngram
GaussianProcessRegressor,0.8850091722481631,1.3009846218905403,1.1406071286339308,0.9444437174684248,-0.0144872030811182,,100.0,43,score,40,none,RD23A_HUMAN_Tsuboyama_2023_1IFY_indels,ngram
GaussianProcessRegressor,0.8664548834711123,0.7642069067159223,0.8741892854044382,0.7158805055575694,0.4040835576957819,0.6736842105263157,100.0,43,score,60,none,RD23A_HUMAN_Tsuboyama_2023_1IFY_indels,ngram
GaussianProcessRegressor,0.7178894239033896,0.69513679738986,0.8337486416120029,0.7311512519146917,0.4579433350118888,0.6796992481203006,100.0,43,score,80,none,RD23A_HUMAN_Tsuboyama_2023_1IFY_indels,ngram
GaussianProcessRegressor,1.3542853251247444,0.98236620320893,0.9911438862289016,0.8363578293752644,-0.0194075231035872,,100.0,44,score,20,none,RD23A_HUMAN_Tsuboyama_2023_1IFY_indels,ngram
GaussianProcessRegressor,1.115895636297449,0.7432053095855953,0.8620935619673744,0.7327714301231026,0.228771224694755,0.4857142857142857,100.0,44,score,40,none,RD23A_HUMAN_Tsuboyama_2023_1IFY_indels,ngram
GaussianProcessRegressor,0.7909209525634058,0.702385232098721,0.8380842631255648,0.7512463869880672,0.2711304731581725,0.4556390977443608,100.0,44,score,60,none,RD23A_HUMAN_Tsuboyama_2023_1IFY_indels,ngram
GaussianProcessRegressor,0.7354888182598754,0.6883378002834402,0.8296612563470951,0.6838789459245828,0.285707580581051,0.5383458646616541,100.0,44,score,80,none,RD23A_HUMAN_Tsuboyama_2023_1IFY_indels,ngram
GaussianProcessRegressor,1.8428031049713365,1.1254913941547753,1.060891791916016,0.9449211499238568,-0.1909868750597703,-0.0216477038331742,100.0,45,score,20,none,RD23A_HUMAN_Tsuboyama_2023_1IFY_indels,ngram
GaussianProcessRegressor,1.2432492615468875,0.8805716452943122,0.9383877904652812,0.8406261882876361,0.0681854365639943,0.4962406015037593,100.0,45,score,40,none,RD23A_HUMAN_Tsuboyama_2023_1IFY_indels,ngram
GaussianProcessRegressor,0.8350729833845832,1.2995981187024852,1.1399991748692124,0.9494971075622374,-0.3752253551342377,0.3699248120300751,100.0,45,score,60,none,RD23A_HUMAN_Tsuboyama_2023_1IFY_indels,ngram
GaussianProcessRegressor,0.580345615023018,0.7044753325543385,0.8393302881192471,0.714063434498101,0.2545292845125001,0.4586466165413533,100.0,45,score,80,none,RD23A_HUMAN_Tsuboyama_2023_1IFY_indels,ngram
GaussianProcessRegressor,0.7867161065070134,1.2136306221108488,1.1016490467071849,0.9244992290895164,-0.3144593487320264,0.2736842105263157,100.0,46,score,20,none,RD23A_HUMAN_Tsuboyama_2023_1IFY_indels,ngram
GaussianProcessRegressor,0.6771203282502612,0.9840648557222316,0.9920004313115148,0.834695638251163,-0.0658212027584908,0.3278195488721804,100.0,46,score,40,none,RD23A_HUMAN_Tsuboyama_2023_1IFY_indels,ngram
GaussianProcessRegressor,0.5093081844426527,1.1279449298785584,1.0620475177121589,0.9017724510231052,-0.2216548683940031,0.3684210526315789,100.0,46,score,60,none,RD23A_HUMAN_Tsuboyama_2023_1IFY_indels,ngram
GaussianProcessRegressor,0.5179967276995735,0.869528417311305,0.9324850761869088,0.7544595361785238,0.058230950752482,0.5969924812030075,100.0,46,score,80,none,RD23A_HUMAN_Tsuboyama_2023_1IFY_indels,ngram
GaussianProcessRegressor,1.2543354332438774,1.1469470753140023,1.0709561500425695,0.8957455262648102,0.1545915197534296,0.6721804511278194,100.0,47,score,20,none,RD23A_HUMAN_Tsuboyama_2023_1IFY_indels,ngram
GaussianProcessRegressor,0.8710832862770467,1.3854667023512497,1.1770584957219627,0.978641987172558,-0.0212200061160903,0.2658064800402497,100.0,47,score,40,none,RD23A_HUMAN_Tsuboyama_2023_1IFY_indels,ngram
GaussianProcessRegressor,0.718875032976735,0.7284998106767953,0.8535220036277889,0.7735915770761487,0.463026733264416,0.7368421052631579,100.0,47,score,60,none,RD23A_HUMAN_Tsuboyama_2023_1IFY_indels,ngram
GaussianProcessRegressor,0.6767033034484135,0.7591990367980326,0.8713202837063031,0.7372661212259546,0.4403984998798932,0.7112781954887217,100.0,47,score,80,none,RD23A_HUMAN_Tsuboyama_2023_1IFY_indels,ngram
GaussianProcessRegressor,1.0548321463322816,1.1548410436493932,1.0746353072784245,0.9594808995377556,0.2638672920070898,0.5954887218045113,100.0,48,score,20,none,RD23A_HUMAN_Tsuboyama_2023_1IFY_indels,ngram
GaussianProcessRegressor,0.9998802593400564,1.5695748569152022,1.252826746567618,1.1247546304197338,-0.0004973378564414,,100.0,48,score,40,none,RD23A_HUMAN_Tsuboyama_2023_1IFY_indels,ngram
GaussianProcessRegressor,0.7505330568064589,1.440247688160461,1.2001031989626811,0.9840843071475394,0.0819399460243234,0.4541353383458646,100.0,48,score,60,none,RD23A_HUMAN_Tsuboyama_2023_1IFY_indels,ngram
GaussianProcessRegressor,0.6902600019663294,1.0241117542270417,1.011984068168586,0.8120148484289583,0.3471983325564945,0.631578947368421,100.0,48,score,80,none,RD23A_HUMAN_Tsuboyama_2023_1IFY_indels,ngram
GaussianProcessRegressor,1.1765832060898798,1.193342406749157,1.0924021268512605,0.931609668600364,-0.0651783499855909,-0.0361038009736672,100.0,49,score,20,none,RD23A_HUMAN_Tsuboyama_2023_1IFY_indels,ngram
GaussianProcessRegressor,0.8364621357411293,1.2796177042080243,1.131201884814565,0.8701533490975688,-0.1421877468460426,0.3323308270676691,100.0,49,score,40,none,RD23A_HUMAN_Tsuboyama_2023_1IFY_indels,ngram
GaussianProcessRegressor,0.9117856491380744,0.8169725349669564,0.9038653301056284,0.7289386805417972,0.2707696870085582,0.4736842105263157,100.0,49,score,60,none,RD23A_HUMAN_Tsuboyama_2023_1IFY_indels,ngram
GaussianProcessRegressor,0.7591019668957919,0.5547475907352462,0.7448137960156526,0.6151389742257203,0.5048318738897705,0.7669172932330827,100.0,49,score,80,none,RD23A_HUMAN_Tsuboyama_2023_1IFY_indels,ngram
GaussianProcessRegressor,0.8680026604366056,1.1498094050153034,1.0722916604242072,0.8105640991734093,-0.0576793914479125,0.0558494542517128,100.0,50,score,20,none,RD23A_HUMAN_Tsuboyama_2023_1IFY_indels,ngram
GaussianProcessRegressor,0.904591327725605,1.0041092755796082,1.002052531347338,0.7742740629890847,0.0763463206077105,0.4496240601503759,100.0,50,score,40,none,RD23A_HUMAN_Tsuboyama_2023_1IFY_indels,ngram
GaussianProcessRegressor,0.6036669427114495,0.8380170836692324,0.9154327302807304,0.73401015671524,0.2291301539089156,0.4150375939849623,100.0,50,score,60,none,RD23A_HUMAN_Tsuboyama_2023_1IFY_indels,ngram
GaussianProcessRegressor,0.5762081602078153,0.9231007860077028,0.9607813414131764,0.8000885073766281,0.1508638968066866,0.4421052631578947,100.0,50,score,80,none,RD23A_HUMAN_Tsuboyama_2023_1IFY_indels,ngram
GaussianProcessRegressor,1.148581154931391,1.5407717572009154,1.2412782754889875,1.0689775446961884,-0.5241399996982994,0.4008342836583027,100.0,51,score,20,none,RD23A_HUMAN_Tsuboyama_2023_1IFY_indels,ngram
GaussianProcessRegressor,0.9285513972381654,1.5898351421079042,1.2608866491909192,1.1301183306514562,-0.5726737731841176,0.675187969924812,100.0,51,score,40,none,RD23A_HUMAN_Tsuboyama_2023_1IFY_indels,ngram
GaussianProcessRegressor,0.8614393803995073,1.3716406686819445,1.1711706402919877,0.9437740878236336,-0.3568345853826973,0.4947368421052631,100.0,51,score,60,none,RD23A_HUMAN_Tsuboyama_2023_1IFY_indels,ngram
GaussianProcessRegressor,0.7022480666212367,1.1949909661591804,1.0931564234633488,0.9313462636903014,-0.1820917162384245,0.5518796992481202,100.0,51,score,80,none,RD23A_HUMAN_Tsuboyama_2023_1IFY_indels,ngram
GaussianProcessRegressor,1.0444670386514918,1.5084175408226168,1.2281765104506015,1.0946252655921176,-0.0001682523888701,,100.0,42,score,20,none,RD23A_HUMAN_Tsuboyama_2023_1IFY_indels,physchem
GaussianProcessRegressor,1.126191026134847,1.508364898105852,1.2281550790131726,1.0886030843409198,-0.0001333472166595,,100.0,42,score,40,none,RD23A_HUMAN_Tsuboyama_2023_1IFY_indels,physchem
GaussianProcessRegressor,0.9556993128807568,1.5092672645269327,1.228522390730805,1.0980830670072188,-0.0007316684519687,,100.0,42,score,60,none,RD23A_HUMAN_Tsuboyama_2023_1IFY_indels,physchem
GaussianProcessRegressor,0.9361179690358372,1.509536600360462,1.2286320036367528,1.0988496402922818,-0.0009102537194005,,100.0,42,score,80,none,RD23A_HUMAN_Tsuboyama_2023_1IFY_indels,physchem
GaussianProcessRegressor,1.0470279338312944,1.2910659681245744,1.1362508385583592,1.0132520382860606,-0.0067527939666258,,100.0,43,score,20,none,RD23A_HUMAN_Tsuboyama_2023_1IFY_indels,physchem
GaussianProcessRegressor,0.8850084407619224,1.3009855008284754,1.1406075139277645,0.9444442333551988,-0.0144878884629993,-0.2586072710063133,100.0,43,score,40,none,RD23A_HUMAN_Tsuboyama_2023_1IFY_indels,physchem
GaussianProcessRegressor,0.945209534880466,1.3307134844320043,1.15356555272425,0.982421758227798,-0.0376692992435205,-0.0766917293233082,100.0,43,score,60,none,RD23A_HUMAN_Tsuboyama_2023_1IFY_indels,physchem
GaussianProcessRegressor,0.9782151392436462,1.2851730891593571,1.1336547486599953,0.9695540559270706,-0.0021576202813047,,100.0,43,score,80,none,RD23A_HUMAN_Tsuboyama_2023_1IFY_indels,physchem
GaussianProcessRegressor,1.6207465385605977,0.98236620320893,0.9911438862289016,0.8363578293752644,-0.0194075231035872,,100.0,44,score,20,none,RD23A_HUMAN_Tsuboyama_2023_1IFY_indels,physchem
GaussianProcessRegressor,1.2933659538802342,1.1253251928847832,1.0608134580993889,0.9084817538561644,-0.1677569564358922,-0.1789473684210526,100.0,44,score,40,none,RD23A_HUMAN_Tsuboyama_2023_1IFY_indels,physchem
GaussianProcessRegressor,1.039016703850956,1.1578574971998266,1.0760378697796034,0.915596993314174,-0.2015159310976022,-0.1458646616541353,100.0,44,score,60,none,RD23A_HUMAN_Tsuboyama_2023_1IFY_indels,physchem
GaussianProcessRegressor,1.0124499196328698,1.085684628003259,1.041961912933126,0.8939839463778316,-0.1266216955440766,-0.0586466165413533,100.0,44,score,80,none,RD23A_HUMAN_Tsuboyama_2023_1IFY_indels,physchem
GaussianProcessRegressor,1.8429704871783488,1.1254913938959956,1.0608917917940526,0.9449211498212868,-0.1909868747859313,,100.0,45,score,20,none,RD23A_HUMAN_Tsuboyama_2023_1IFY_indels,physchem
GaussianProcessRegressor,1.274142412482392,1.0094286232553027,1.0047032513410628,0.8765128680870516,-0.0681700880614577,,100.0,45,score,40,none,RD23A_HUMAN_Tsuboyama_2023_1IFY_indels,physchem
GaussianProcessRegressor,1.1416278706604812,0.947883268677109,0.9735929686871764,0.827133168478903,-0.0030432377770313,,100.0,45,score,60,none,RD23A_HUMAN_Tsuboyama_2023_1IFY_indels,physchem
GaussianProcessRegressor,1.04733087023711,0.9458617751946812,0.9725542530854928,0.8188474504509303,-0.000904107955076,,100.0,45,score,80,none,RD23A_HUMAN_Tsuboyama_2023_1IFY_indels,physchem
GaussianProcessRegressor,0.8423233339813521,0.9610886714854902,0.9803513000376396,0.8676774756991719,-0.040936151559267,,100.0,46,score,20,none,RD23A_HUMAN_Tsuboyama_2023_1IFY_indels,physchem
GaussianProcessRegressor,0.7699313841170726,1.3133259945248568,1.146004360604643,0.998328728938754,-0.422437436881276,-0.0962406015037593,100.0,46,score,40,none,RD23A_HUMAN_Tsuboyama_2023_1IFY_indels,physchem
GaussianProcessRegressor,0.9184973381051944,0.9378808230316166,0.9684424727528304,0.8603144317137217,-0.0158001894235291,,100.0,46,score,60,none,RD23A_HUMAN_Tsuboyama_2023_1IFY_indels,physchem
GaussianProcessRegressor,1.0810444422187369,0.9474377706512754,0.9733641511023896,0.863774978714493,-0.0261511305708064,,100.0,46,score,80,none,RD23A_HUMAN_Tsuboyama_2023_1IFY_indels,physchem
GaussianProcessRegressor,1.2721057409126633,1.3618610829129136,1.166988038890251,0.9807734941968086,-0.0038204318164836,,100.0,47,score,20,none,RD23A_HUMAN_Tsuboyama_2023_1IFY_indels,physchem
GaussianProcessRegressor,0.8710833196233384,1.3854669942938913,1.1770586197356063,0.9786420602970828,-0.0212202213054308,,100.0,47,score,40,none,RD23A_HUMAN_Tsuboyama_2023_1IFY_indels,physchem
GaussianProcessRegressor,0.992780017069079,1.36043408062871,1.166376474655036,0.9941015638448084,-0.0027685961578358,,100.0,47,score,60,none,RD23A_HUMAN_Tsuboyama_2023_1IFY_indels,physchem
GaussianProcessRegressor,1.0448399130712165,1.3584196747931934,1.1655126231805442,0.9921462193367748,-0.0012837885214087,,100.0,47,score,80,none,RD23A_HUMAN_Tsuboyama_2023_1IFY_indels,physchem
GaussianProcessRegressor,1.1515829148362997,1.5794616834780109,1.2567663599404668,1.1172197340147882,-0.0067995181012112,,100.0,48,score,20,none,RD23A_HUMAN_Tsuboyama_2023_1IFY_indels,physchem
GaussianProcessRegressor,0.9998802593400564,1.5695748569152022,1.252826746567618,1.1247546304197338,-0.0004973378564414,,100.0,48,score,40,none,RD23A_HUMAN_Tsuboyama_2023_1IFY_indels,physchem
GaussianProcessRegressor,0.9767355569631228,1.5691077828987054,1.2526403246338134,1.1293174698284496,-0.0001996099028953,,100.0,48,score,60,none,RD23A_HUMAN_Tsuboyama_2023_1IFY_indels,physchem
GaussianProcessRegressor,0.9437471998327136,1.6568144496277313,1.2871730457198562,1.1691007513901606,-0.0561066513466619,-0.1789473684210526,100.0,48,score,80,none,RD23A_HUMAN_Tsuboyama_2023_1IFY_indels,physchem
GaussianProcessRegressor,1.3931370749128746,1.131022663003756,1.0634954927049556,0.91208034080195,-0.0095516987924229,,100.0,49,score,20,none,RD23A_HUMAN_Tsuboyama_2023_1IFY_indels,physchem
GaussianProcessRegressor,1.0929054156629292,1.1494658723499849,1.0721314622517075,0.8983422451989972,-0.0260141216383282,,100.0,49,score,40,none,RD23A_HUMAN_Tsuboyama_2023_1IFY_indels,physchem
GaussianProcessRegressor,1.0858681772046428,1.133828560845879,1.064813862065046,0.8933534474000433,-0.0120562453641333,,100.0,49,score,60,none,RD23A_HUMAN_Tsuboyama_2023_1IFY_indels,physchem
GaussianProcessRegressor,1.0879337261454731,1.131026608834666,1.0634973478268137,0.8933534474000435,-0.0095552208441278,,100.0,49,score,80,none,RD23A_HUMAN_Tsuboyama_2023_1IFY_indels,physchem
GaussianProcessRegressor,0.873568564068092,1.1300336673361788,1.0630304169383766,0.8202066520515225,-0.0394882111508514,,100.0,50,score,20,none,RD23A_HUMAN_Tsuboyama_2023_1IFY_indels,physchem
GaussianProcessRegressor,0.9061205213719534,1.0981726335821618,1.047937323308108,0.8055989530659051,-0.0101800852607158,,100.0,50,score,40,none,RD23A_HUMAN_Tsuboyama_2023_1IFY_indels,physchem
GaussianProcessRegressor,0.9002422052342125,1.088653967937511,1.043385819310149,0.7990137246688224,-0.0014241154082199,,100.0,50,score,60,none,RD23A_HUMAN_Tsuboyama_2023_1IFY_indels,physchem
GaussianProcessRegressor,1.016602905694986,1.087407540733675,1.0427883489633334,0.8019240889916486,-0.0002775598480662,,100.0,50,score,80,none,RD23A_HUMAN_Tsuboyama_2023_1IFY_indels,physchem
GaussianProcessRegressor,1.1711114701219814,1.5351937775796756,1.239029369135242,1.0710871928034833,-0.5186222312043607,,100.0,51,score,20,none,RD23A_HUMAN_Tsuboyama_2023_1IFY_indels,physchem
GaussianProcessRegressor,1.0720960671641733,1.2860359232575032,1.1340352389840025,0.9496125191016164,-0.2721538946472899,,100.0,51,score,40,none,RD23A_HUMAN_Tsuboyama_2023_1IFY_indels,physchem
GaussianProcessRegressor,1.0153198609818308,1.2289255951014308,1.1085691656822458,0.9176439710754052,-0.2156600401021513,,100.0,51,score,60,none,RD23A_HUMAN_Tsuboyama_2023_1IFY_indels,physchem
GaussianProcessRegressor,1.0400439912325647,1.1885841033401503,1.0902220431362366,0.8984609799380532,-0.1757540118708398,,100.0,51,score,80,none,RD23A_HUMAN_Tsuboyama_2023_1IFY_indels,physchem
GaussianProcessRegressor,1.0662052344120945,1.4621518912301437,1.2091947284164548,0.9688248249380916,-0.4571836555582242,-0.0012106413321795,100.0,42,score,20,none,RPC1_BP434_Tsuboyama_2023_1R69_indels,morgan
GaussianProcessRegressor,1.6236934994740988,1.3577322919346,1.1652177015195917,0.986342792886338,-0.3531188628878878,-0.4104074116088738,100.0,42,score,40,none,RPC1_BP434_Tsuboyama_2023_1R69_indels,morgan
GaussianProcessRegressor,1.4310025090183618,1.386868889544478,1.1776539770002383,0.9907022010371336,-0.3821564574567875,-0.4063795989661233,100.0,42,score,60,none,RPC1_BP434_Tsuboyama_2023_1R69_indels,morgan
GaussianProcessRegressor,1.4290496578766745,1.3615002913464536,1.1668334462751973,0.9656115426983932,-0.3568740590409265,-0.1402977186906854,100.0,42,score,80,none,RPC1_BP434_Tsuboyama_2023_1R69_indels,morgan
GaussianProcessRegressor,1.3179889060822485,1.4024752924245585,1.1842614966402305,0.95351479604859,0.0213845558956532,0.4054701160845198,100.0,43,score,20,none,RPC1_BP434_Tsuboyama_2023_1R69_indels,morgan
GaussianProcessRegressor,1.9536092105228815,1.3179030060823411,1.147999567108952,0.9418225987378812,0.0803971787951478,0.4205273617746611,100.0,43,score,40,none,RPC1_BP434_Tsuboyama_2023_1R69_indels,morgan
GaussianProcessRegressor,1.4405446976118816,1.7656718108527425,1.3287858408534998,1.011475487546224,-0.2320457356029539,0.4162252915774779,100.0,43,score,60,none,RPC1_BP434_Tsuboyama_2023_1R69_indels,morgan
GaussianProcessRegressor,1.5833389706905467,1.2693511904075805,1.1266548674760963,0.8980075612214489,0.1142755343820675,0.3366369929295881,100.0,43,score,80,none,RPC1_BP434_Tsuboyama_2023_1R69_indels,morgan
GaussianProcessRegressor,0.8601390895358836,2.6837967373742373,1.638229757199593,1.178583205695642,-0.4545441465328408,0.112102227907092,100.0,44,score,20,none,RPC1_BP434_Tsuboyama_2023_1R69_indels,morgan
GaussianProcessRegressor,0.972111094447386,2.5149761303862435,1.5858676270061898,1.2212491278502766,-0.3630480126084978,0.3345412943054164,100.0,44,score,40,none,RPC1_BP434_Tsuboyama_2023_1R69_indels,morgan
GaussianProcessRegressor,1.072040921992194,2.084610074556182,1.4438178813673774,1.0911915908249403,-0.1298014262867293,0.318652789562679,100.0,44,score,60,none,RPC1_BP434_Tsuboyama_2023_1R69_indels,morgan
GaussianProcessRegressor,1.2302359085622336,2.576036291197432,1.605003517503134,1.2465923901313207,-0.396140943327671,0.1421138479767072,100.0,44,score,80,none,RPC1_BP434_Tsuboyama_2023_1R69_indels,morgan
GaussianProcessRegressor,0.8102858311700436,1.551961536108243,1.245777482581959,0.9487492339493088,-0.0060034522388654,0.1743680238629404,100.0,45,score,20,none,RPC1_BP434_Tsuboyama_2023_1R69_indels,morgan
GaussianProcessRegressor,1.0939478055925635,1.3480565632368071,1.1610583806324328,0.8848291488803633,0.1261706396215075,0.4936625551267761,100.0,45,score,40,none,RPC1_BP434_Tsuboyama_2023_1R69_indels,morgan
GaussianProcessRegressor,1.3300187479566623,1.298167849385336,1.1393716906195872,0.9386599526481414,0.1585092106457551,0.4915115200281845,100.0,45,score,60,none,RPC1_BP434_Tsuboyama_2023_1R69_indels,morgan
GaussianProcessRegressor,1.5810811064521617,1.3386116229995957,1.1569838473373757,0.953190030713723,0.1322929836769224,0.4915115200281845,100.0,45,score,80,none,RPC1_BP434_Tsuboyama_2023_1R69_indels,morgan
GaussianProcessRegressor,0.2840622839495169,2.4030350859297416,1.5501725987546489,1.1334342907158528,-0.6056193945698112,-0.0533976694551632,100.0,46,score,20,none,RPC1_BP434_Tsuboyama_2023_1R69_indels,morgan
GaussianProcessRegressor,1.1958023671366196,2.180541317078088,1.4766656077386269,1.0876060472130495,-0.4569572661927172,0.1317063783062293,100.0,46,score,40,none,RPC1_BP434_Tsuboyama_2023_1R69_indels,morgan
GaussianProcessRegressor,1.3727272421766352,1.8217173508710576,1.349710098825321,1.032252165527973,-0.2172043292706322,0.2188922907061276,100.0,46,score,60,none,RPC1_BP434_Tsuboyama_2023_1R69_indels,morgan
GaussianProcessRegressor,1.3037715122301945,1.798495187026138,1.3410798585565806,1.0585558646392863,-0.2016881360732889,-0.0620567509884329,100.0,46,score,80,none,RPC1_BP434_Tsuboyama_2023_1R69_indels,morgan
GaussianProcessRegressor,1.1960659568869934,1.0027594231132162,1.0013787610655702,0.8776392864077815,0.1238125022122685,0.266804150348343,100.0,47,score,20,none,RPC1_BP434_Tsuboyama_2023_1R69_indels,morgan
GaussianProcessRegressor,1.7669675219453689,1.1274475984759198,1.0618133538790704,0.9153412732097388,0.0148629198332952,0.5612768792513291,100.0,47,score,40,none,RPC1_BP434_Tsuboyama_2023_1R69_indels,morgan
GaussianProcessRegressor,1.538434530604767,0.7659026875249307,0.8751586642003442,0.7783294309540154,0.3307723229885815,0.5751111685286505,100.0,47,score,60,none,RPC1_BP434_Tsuboyama_2023_1R69_indels,morgan
GaussianProcessRegressor,1.4719615161131707,0.8771383049899304,0.936556621347546,0.7843925902123531,0.2335772679384458,0.5612768792513291,100.0,47,score,80,none,RPC1_BP434_Tsuboyama_2023_1R69_indels,morgan
GaussianProcessRegressor,2.5973613118775427,1.3298655441716711,1.1531979639991008,0.9698677471342408,-0.0976914613157751,0.0822612745660622,100.0,48,score,20,none,RPC1_BP434_Tsuboyama_2023_1R69_indels,morgan
GaussianProcessRegressor,2.0249815767629995,1.3571369474669828,1.1649622086003404,0.9918698318041173,-0.1202016967802244,0.2265793001205575,100.0,48,score,40,none,RPC1_BP434_Tsuboyama_2023_1R69_indels,morgan
GaussianProcessRegressor,2.150925568365233,1.4161700268898405,1.1900294226992203,1.0251757483446116,-0.1689285079241349,-0.0822612745660622,100.0,48,score,60,none,RPC1_BP434_Tsuboyama_2023_1R69_indels,morgan
GaussianProcessRegressor,1.888972077208631,1.323055378490427,1.1502414435632318,0.9554739118600896,-0.0920702458844784,-0.0822612745660622,100.0,48,score,80,none,RPC1_BP434_Tsuboyama_2023_1R69_indels,morgan
GaussianProcessRegressor,0.8358079712493156,2.807505247949485,1.6755611740397558,1.271448689175506,-0.4383615773449465,-0.0548408497107081,100.0,49,score,20,none,RPC1_BP434_Tsuboyama_2023_1R69_indels,morgan
GaussianProcessRegressor,1.7216226364268905,2.1028601403680094,1.450124181016236,1.1706392175509337,-0.0773526534437196,0.0291289253616853,100.0,49,score,40,none,RPC1_BP434_Tsuboyama_2023_1R69_indels,morgan
GaussianProcessRegressor,1.3730992311282757,3.10988888554832,1.7634877049609163,1.45939225792357,-0.5932809693060579,0.0414866512727033,100.0,49,score,60,none,RPC1_BP434_Tsuboyama_2023_1R69_indels,morgan
GaussianProcessRegressor,1.215013318906791,2.7045401167906657,1.6445486057853886,1.4535651409921473,-0.3856097299269241,0.260149582558682,100.0,49,score,80,none,RPC1_BP434_Tsuboyama_2023_1R69_indels,morgan
GaussianProcessRegressor,1.3978765032141336,1.217861893051287,1.103567801746357,0.8844823957301573,-0.0422623499574892,0.2392910060459217,100.0,50,score,20,none,RPC1_BP434_Tsuboyama_2023_1R69_indels,morgan
GaussianProcessRegressor,1.3005653616406745,2.085800539879863,1.4442300855057213,1.1840263149708077,-0.7850557478164197,-0.0217537278223565,100.0,50,score,40,none,RPC1_BP434_Tsuboyama_2023_1R69_indels,morgan
GaussianProcessRegressor,1.4955025766032988,2.530275932885613,1.5906841084532193,1.241067256796485,-1.1654436803526602,-0.3302611405757762,100.0,50,score,60,none,RPC1_BP434_Tsuboyama_2023_1R69_indels,morgan
GaussianProcessRegressor,1.5109492818511074,1.2595168565520032,1.1222819862013305,0.9244107740447886,-0.0779112198280087,-0.4057823765205466,100.0,50,score,80,none,RPC1_BP434_Tsuboyama_2023_1R69_indels,morgan
GaussianProcessRegressor,1.2328181083744725,2.254869137518253,1.5016221686956588,1.298850921541567,-0.1414568968986687,0.027420424855354,100.0,51,score,20,none,RPC1_BP434_Tsuboyama_2023_1R69_indels,morgan
GaussianProcessRegressor,1.2694966121537905,2.407082157361728,1.5514774111670877,1.266838790768633,-0.2185099721335952,0.2012242749935037,100.0,51,score,40,none,RPC1_BP434_Tsuboyama_2023_1R69_indels,morgan
GaussianProcessRegressor,1.1499448995262418,2.219575544739567,1.48982399790699,1.198548419821765,-0.123590620659727,0.2503490491016096,100.0,51,score,60,none,RPC1_BP434_Tsuboyama_2023_1R69_indels,morgan
GaussianProcessRegressor,1.206042758546682,1.961214845961513,1.400433806347702,1.1766472991222885,0.0071963933628911,0.2503490491016096,100.0,51,score,80,none,RPC1_BP434_Tsuboyama_2023_1R69_indels,morgan
GaussianProcessRegressor,1.134851124831253,1.005545946470517,1.0027691391693887,0.8076281877983617,-0.002129208940734,0.0096757047372886,100.0,42,score,20,none,RPC1_BP434_Tsuboyama_2023_1R69_indels,ngram
GaussianProcessRegressor,1.1982037836947783,1.6091970611664368,1.268541312360948,1.0629868794535473,-0.6037291817413324,0.0225563909774436,100.0,42,score,40,none,RPC1_BP434_Tsuboyama_2023_1R69_indels,ngram
GaussianProcessRegressor,1.4711784088957265,2.251936638347393,1.500645407265618,1.219141103856188,-1.244284798614021,-0.106766917293233,100.0,42,score,60,none,RPC1_BP434_Tsuboyama_2023_1R69_indels,ngram
GaussianProcessRegressor,1.3981301204811227,2.4498764220603384,1.5652081082272538,1.3115900778256555,-1.4415520041220389,-0.0406015037593984,100.0,42,score,80,none,RPC1_BP434_Tsuboyama_2023_1R69_indels,ngram
GaussianProcessRegressor,1.29880736052116,1.4515081219828485,1.2047855087038724,0.980756030231704,-0.0128294402674626,,100.0,43,score,20,none,RPC1_BP434_Tsuboyama_2023_1R69_indels,ngram
GaussianProcessRegressor,1.479143174123513,1.0755730050782872,1.037098358439684,0.919902908061412,0.249489556274693,0.6977443609022556,100.0,43,score,40,none,RPC1_BP434_Tsuboyama_2023_1R69_indels,ngram
GaussianProcessRegressor,1.3568979112256707,1.5137942774567454,1.2303634737169116,1.0580476503613316,-0.0562913066047043,0.5909774436090225,100.0,43,score,60,none,RPC1_BP434_Tsuboyama_2023_1R69_indels,ngram
GaussianProcessRegressor,1.4018219163066186,1.5334489207023434,1.238325046464919,1.065788576800678,-0.0700058707987385,0.5729323308270676,100.0,43,score,80,none,RPC1_BP434_Tsuboyama_2023_1R69_indels,ngram
GaussianProcessRegressor,0.85159528998017,2.1352771736222,1.461258763403046,1.0443510505495217,-0.1572616028872786,0.144360902255639,100.0,44,score,20,none,RPC1_BP434_Tsuboyama_2023_1R69_indels,ngram
GaussianProcessRegressor,0.7321264486843566,1.7987145442873227,1.3411616398806383,1.0239139588901671,0.0251461016990628,0.3954887218045112,100.0,44,score,40,none,RPC1_BP434_Tsuboyama_2023_1R69_indels,ngram
GaussianProcessRegressor,1.0748741268354398,1.382537891178099,1.1758137144880132,0.8198217699002932,0.2507024213240384,0.6887218045112782,100.0,44,score,60,none,RPC1_BP434_Tsuboyama_2023_1R69_indels,ngram
GaussianProcessRegressor,1.2680052055899584,1.5276460989739686,1.2359798133359494,0.9938284980110104,0.1720577567247903,0.6,100.0,44,score,80,none,RPC1_BP434_Tsuboyama_2023_1R69_indels,ngram
GaussianProcessRegressor,1.1268269413670098,1.6126201261089346,1.2698898086483468,1.0167565061835069,-0.0453232095452613,,100.0,45,score,20,none,RPC1_BP434_Tsuboyama_2023_1R69_indels,ngram
GaussianProcessRegressor,1.2245315313994347,1.6660219447474265,1.2907447248574857,1.1493418422384425,-0.0799390248578448,0.037593984962406,100.0,45,score,40,none,RPC1_BP434_Tsuboyama_2023_1R69_indels,ngram
GaussianProcessRegressor,1.3682840862372856,1.4589262661921605,1.2078602014273674,1.0508054756367755,0.0543033276251853,0.306766917293233,100.0,45,score,60,none,RPC1_BP434_Tsuboyama_2023_1R69_indels,ngram
GaussianProcessRegressor,1.4886742181243222,1.1511277267523417,1.0729062059436238,1.001298960055357,0.2538227010543871,0.5473684210526315,100.0,45,score,80,none,RPC1_BP434_Tsuboyama_2023_1R69_indels,ngram
GaussianProcessRegressor,0.2907113494509509,2.292705236937427,1.5141681666636064,1.0895385027650797,-0.5319010596277809,-0.2781954887218045,100.0,46,score,20,none,RPC1_BP434_Tsuboyama_2023_1R69_indels,ngram
GaussianProcessRegressor,0.8556509366250413,2.2452241160181714,1.4984071929946716,1.183197947520797,-0.5001759262453129,-0.1744360902255639,100.0,46,score,40,none,RPC1_BP434_Tsuboyama_2023_1R69_indels,ngram
GaussianProcessRegressor,0.9812409450290565,1.893407621010618,1.376011490144838,1.0151331051515184,-0.2651051230676118,0.0390977443609022,100.0,46,score,60,none,RPC1_BP434_Tsuboyama_2023_1R69_indels,ngram
GaussianProcessRegressor,0.990043648214424,1.391006573813923,1.1794094173839391,0.8989471665567569,0.0705807227006765,0.2917293233082706,100.0,46,score,80,none,RPC1_BP434_Tsuboyama_2023_1R69_indels,ngram
GaussianProcessRegressor,1.3274292154579324,2.2600534567799806,1.503347417192706,1.4086800317930543,-0.9747813259282498,0.2646616541353383,100.0,47,score,20,none,RPC1_BP434_Tsuboyama_2023_1R69_indels,ngram
GaussianProcessRegressor,2.0504537499363003,1.3239591790374603,1.150634250766707,1.0640498781983134,-0.1568442574714732,0.4956062531367458,100.0,47,score,40,none,RPC1_BP434_Tsuboyama_2023_1R69_indels,ngram
GaussianProcessRegressor,1.6327832329462968,1.1691970097538114,1.081294136557584,0.9367717496473724,-0.0216167295806366,0.4031647155400371,100.0,47,score,60,none,RPC1_BP434_Tsuboyama_2023_1R69_indels,ngram
GaussianProcessRegressor,1.3699081047944426,1.7401305342237383,1.3191400737691727,1.162265168645518,-0.5204849572711341,0.3533834586466165,100.0,47,score,80,none,RPC1_BP434_Tsuboyama_2023_1R69_indels,ngram
GaussianProcessRegressor,2.064592728754278,1.4448740965932492,1.2020291579630042,1.0541719476852602,-0.1926212882631204,0.3368421052631578,100.0,48,score,20,none,RPC1_BP434_Tsuboyama_2023_1R69_indels,ngram
GaussianProcessRegressor,1.4122325225761454,1.4301817879672438,1.1959020812621926,0.8097829789924053,-0.1804940308900242,0.3759398496240601,100.0,48,score,40,none,RPC1_BP434_Tsuboyama_2023_1R69_indels,ngram
GaussianProcessRegressor,1.301667558919155,1.0876201510528616,1.0428902871600931,0.6786631966830885,0.1022616096807574,0.4992481203007519,100.0,48,score,60,none,RPC1_BP434_Tsuboyama_2023_1R69_indels,ngram
GaussianProcessRegressor,1.1307798016688453,1.1048886759225969,1.0511368492839537,0.6557506085192576,0.0880079038214675,0.5413533834586466,100.0,48,score,80,none,RPC1_BP434_Tsuboyama_2023_1R69_indels,ngram
GaussianProcessRegressor,0.8870990064789488,2.2859564644459,1.5119379830025763,1.099163273126836,-0.1711578984024191,0.4706766917293232,100.0,49,score,20,none,RPC1_BP434_Tsuboyama_2023_1R69_indels,ngram
GaussianProcessRegressor,1.537983927104325,1.48670602519606,1.2193055503835206,1.0647559570116245,0.2383199194334267,0.5293233082706766,100.0,49,score,40,none,RPC1_BP434_Tsuboyama_2023_1R69_indels,ngram
GaussianProcessRegressor,1.5201990090816786,2.16673419628438,1.4719830828798202,1.1635312151353028,-0.1100770759132383,-0.005623533114458,100.0,49,score,60,none,RPC1_BP434_Tsuboyama_2023_1R69_indels,ngram
GaussianProcessRegressor,1.405956958677733,2.024999372928572,1.4230247267453129,1.0848835447801055,-0.0374624568539634,0.2150375939849624,100.0,49,score,80,none,RPC1_BP434_Tsuboyama_2023_1R69_indels,ngram
GaussianProcessRegressor,1.4911202461557145,1.174515723654265,1.0837507663915469,0.8745172630678416,-0.0051661236651923,-0.0774372635492982,100.0,50,score,20,none,RPC1_BP434_Tsuboyama_2023_1R69_indels,ngram
GaussianProcessRegressor,1.1053984017713765,1.471157869966512,1.2129129688343314,0.9987952974803894,-0.2590364042576862,0.2766917293233082,100.0,50,score,40,none,RPC1_BP434_Tsuboyama_2023_1R69_indels,ngram
GaussianProcessRegressor,0.994913935871218,1.5708702160490802,1.2533436145164183,1.012042618290819,-0.3443715516506389,0.0616541353383458,100.0,50,score,60,none,RPC1_BP434_Tsuboyama_2023_1R69_indels,ngram
GaussianProcessRegressor,1.0750753615315756,1.6252929181460671,1.2748697651705712,1.0861324649427797,-0.3909472214390468,-0.0180451127819548,100.0,50,score,80,none,RPC1_BP434_Tsuboyama_2023_1R69_indels,ngram
GaussianProcessRegressor,1.3779047903968211,2.0431501539535613,1.4293880347734695,1.2053153407910546,-0.034280790767615,-0.1392500690033995,100.0,51,score,20,none,RPC1_BP434_Tsuboyama_2023_1R69_indels,ngram
GaussianProcessRegressor,1.1031702504270158,1.7797774745223474,1.334083008857525,1.043900659728532,0.099043381526622,0.3984962406015037,100.0,51,score,40,none,RPC1_BP434_Tsuboyama_2023_1R69_indels,ngram
GaussianProcessRegressor,0.8945122774276705,1.5030353029738397,1.22598340240553,0.981116003043922,0.2391354405826219,0.5338345864661653,100.0,51,score,60,none,RPC1_BP434_Tsuboyama_2023_1R69_indels,ngram
GaussianProcessRegressor,1.0753877019535432,1.6030769779357374,1.2661267621907917,1.0812909792256695,0.1884924751162374,0.5578947368421052,100.0,51,score,80,none,RPC1_BP434_Tsuboyama_2023_1R69_indels,ngram
GaussianProcessRegressor,1.1348511331333642,1.0055459470369632,1.0027691394518297,0.8076281882160441,-0.0021292095052556,,100.0,42,score,20,none,RPC1_BP434_Tsuboyama_2023_1R69_indels,physchem
GaussianProcessRegressor,1.4569881384442982,0.9636660013718096,0.98166491297785,0.833648340269056,0.0396084325858029,0.1142857142857142,100.0,42,score,40,none,RPC1_BP434_Tsuboyama_2023_1R69_indels,physchem
GaussianProcessRegressor,1.6604074106554745,1.0957196968199616,1.0467663047786555,0.9201479644310724,-0.0919965585353435,,100.0,42,score,60,none,RPC1_BP434_Tsuboyama_2023_1R69_indels,physchem
GaussianProcessRegressor,1.6023286619904389,1.127317572431609,1.0617521238177998,0.9442378883975936,-0.1234870679467261,,100.0,42,score,80,none,RPC1_BP434_Tsuboyama_2023_1R69_indels,physchem
GaussianProcessRegressor,1.29880736052116,1.4515081219828485,1.2047855087038724,0.980756030231704,-0.0128294402674626,,100.0,43,score,20,none,RPC1_BP434_Tsuboyama_2023_1R69_indels,physchem
GaussianProcessRegressor,1.560870954653259,1.4376818641894848,1.1990337210393562,0.9943697410950229,-0.0031817912259153,,100.0,43,score,40,none,RPC1_BP434_Tsuboyama_2023_1R69_indels,physchem
GaussianProcessRegressor,1.5705877021109285,1.4377590327739298,1.199065900096375,0.9942559424102736,-0.0032356377135829,,100.0,43,score,60,none,RPC1_BP434_Tsuboyama_2023_1R69_indels,physchem
GaussianProcessRegressor,1.5901519604657983,1.4547679675144232,1.2061376237869472,0.9784499817770068,-0.0151040865302702,,100.0,43,score,80,none,RPC1_BP434_Tsuboyama_2023_1R69_indels,physchem
GaussianProcessRegressor,0.8781301059466445,2.1176251480379853,1.455206221824929,1.0625886872820391,-0.1476946896667614,,100.0,44,score,20,none,RPC1_BP434_Tsuboyama_2023_1R69_indels,physchem
GaussianProcessRegressor,0.8232258176311934,2.075640104738536,1.4407081955547194,1.1187239476813264,-0.1249399489210478,-0.0842105263157894,100.0,44,score,40,none,RPC1_BP434_Tsuboyama_2023_1R69_indels,physchem
GaussianProcessRegressor,1.0977930822846922,1.9873256880023245,1.4097253945369377,1.091571804561853,-0.0770759597711849,,100.0,44,score,60,none,RPC1_BP434_Tsuboyama_2023_1R69_indels,physchem
GaussianProcessRegressor,1.3989830155957752,1.9053442192905892,1.3803420660439896,1.1179097465193228,-0.032644254575997,,100.0,44,score,80,none,RPC1_BP434_Tsuboyama_2023_1R69_indels,physchem
GaussianProcessRegressor,0.8846843095984716,1.8302388029836416,1.3528631870901218,1.057544473785451,-0.186386718603994,-0.2411118988333174,100.0,45,score,20,none,RPC1_BP434_Tsuboyama_2023_1R69_indels,physchem
GaussianProcessRegressor,1.4066140867069938,1.5903468961418077,1.261089567057712,1.0305992426154444,-0.0308853863659392,,100.0,45,score,40,none,RPC1_BP434_Tsuboyama_2023_1R69_indels,physchem
GaussianProcessRegressor,1.4301012610689254,1.5528515631535582,1.2461346488857286,1.065857268051072,-0.0065803803774444,,100.0,45,score,60,none,RPC1_BP434_Tsuboyama_2023_1R69_indels,physchem
GaussianProcessRegressor,1.5679716876062402,1.547309847975466,1.2439090995629327,1.075715006849953,-0.0029881620970446,,100.0,45,score,80,none,RPC1_BP434_Tsuboyama_2023_1R69_indels,physchem
GaussianProcessRegressor,0.3048227917708929,2.292705251951662,1.5141681716215216,1.089538502343599,-0.5319010696597388,,100.0,46,score,20,none,RPC1_BP434_Tsuboyama_2023_1R69_indels,physchem
GaussianProcessRegressor,1.0187199410940806,1.9059196943224035,1.380550504082485,1.0233200268508846,-0.273465228874352,,100.0,46,score,40,none,RPC1_BP434_Tsuboyama_2023_1R69_indels,physchem
GaussianProcessRegressor,1.2084773305989285,1.755824750548676,1.3250753754215931,1.0087185549124844,-0.1731773245649066,-0.4676691729323308,100.0,46,score,60,none,RPC1_BP434_Tsuboyama_2023_1R69_indels,physchem
GaussianProcessRegressor,1.2097010261140702,1.6700052349789043,1.2922868238045702,1.006820239976672,-0.1158358902104021,,100.0,46,score,80,none,RPC1_BP434_Tsuboyama_2023_1R69_indels,physchem
GaussianProcessRegressor,1.5777661149792066,1.3630279795129734,1.1674878926622636,1.0859692965952956,-0.1909816524848564,,100.0,47,score,20,none,RPC1_BP434_Tsuboyama_2023_1R69_indels,physchem
GaussianProcessRegressor,2.0235856116290334,1.4264710537759269,1.194349636319251,1.0594088199970622,-0.2464167121902412,0.1218076053940375,100.0,47,score,40,none,RPC1_BP434_Tsuboyama_2023_1R69_indels,physchem
GaussianProcessRegressor,1.4913311020636315,1.0689596898917089,1.0339050681236208,0.8302104262871335,0.0659682728143077,0.1585135029334879,100.0,47,score,60,none,RPC1_BP434_Tsuboyama_2023_1R69_indels,physchem
GaussianProcessRegressor,1.3802562615749032,0.9892623960582264,0.9946167081133448,0.7423027549156924,0.1356058856403388,0.0025459225332367,100.0,47,score,80,none,RPC1_BP434_Tsuboyama_2023_1R69_indels,physchem
GaussianProcessRegressor,2.0662319667521234,1.444874382273622,1.2020292767955454,1.0541720803015353,-0.192621524068091,,100.0,48,score,20,none,RPC1_BP434_Tsuboyama_2023_1R69_indels,physchem
GaussianProcessRegressor,1.9851569828267503,1.4809538730215366,1.216944482308678,1.075773216030169,-0.2224020903036616,,100.0,48,score,40,none,RPC1_BP434_Tsuboyama_2023_1R69_indels,physchem
GaussianProcessRegressor,1.8198395551546296,1.4500028584818354,1.204160644798623,1.0573396548216127,-0.1968546471593608,,100.0,48,score,60,none,RPC1_BP434_Tsuboyama_2023_1R69_indels,physchem
GaussianProcessRegressor,1.681832559317274,1.3691664838359203,1.170113876439349,1.0025609751693385,-0.1301310610032784,,100.0,48,score,80,none,RPC1_BP434_Tsuboyama_2023_1R69_indels,physchem
GaussianProcessRegressor,0.9576654806189258,2.5144294411014827,1.5856952548019694,1.1921820299580643,-0.2882108411611328,,100.0,49,score,20,none,RPC1_BP434_Tsuboyama_2023_1R69_indels,physchem
GaussianProcessRegressor,1.6915614620403254,2.038086405301913,1.4276156364028496,1.1618837221363727,-0.0441673007865017,,100.0,49,score,40,none,RPC1_BP434_Tsuboyama_2023_1R69_indels,physchem
GaussianProcessRegressor,1.5202018178359504,2.166734195060449,1.4719830824640785,1.163531214306722,-0.1100770752861854,,100.0,49,score,60,none,RPC1_BP434_Tsuboyama_2023_1R69_indels,physchem
GaussianProcessRegressor,1.4504209161091708,2.236849337338524,1.4956100218100052,1.170561327420416,-0.1459989766669631,,100.0,49,score,80,none,RPC1_BP434_Tsuboyama_2023_1R69_indels,physchem
GaussianProcessRegressor,1.491120246284239,1.174515725199205,1.0837507671043216,0.8745172651648911,-0.0051661249873726,,100.0,50,score,20,none,RPC1_BP434_Tsuboyama_2023_1R69_indels,physchem
GaussianProcessRegressor,1.2991723746665325,1.407500181413918,1.1863811282273156,1.037235579046612,-0.2045573106574609,-0.1596667259894816,100.0,50,score,40,none,RPC1_BP434_Tsuboyama_2023_1R69_indels,physchem
GaussianProcessRegressor,1.4121729638359457,1.1688213916825647,1.081120433477494,0.9033751599244751,-0.0002928388895331,,100.0,50,score,60,none,RPC1_BP434_Tsuboyama_2023_1R69_indels,physchem
GaussianProcessRegressor,1.3702533991920505,1.170167428900615,1.0817427739072791,0.9101521208346328,-0.0014447953814964,,100.0,50,score,80,none,RPC1_BP434_Tsuboyama_2023_1R69_indels,physchem
GaussianProcessRegressor,1.3779047903968211,2.043150153929903,1.4293880347651935,1.2053153407737611,-0.0342807907556386,,100.0,51,score,20,none,RPC1_BP434_Tsuboyama_2023_1R69_indels,physchem
GaussianProcessRegressor,1.1956746698054124,2.14947115543628,1.4661074842712862,1.173924934155902,-0.0881024686682643,,100.0,51,score,40,none,RPC1_BP434_Tsuboyama_2023_1R69_indels,physchem
GaussianProcessRegressor,1.1062501657849233,2.1313669197993126,1.4599201758313065,1.1783837273651891,-0.0789377662529218,,100.0,51,score,60,none,RPC1_BP434_Tsuboyama_2023_1R69_indels,physchem
GaussianProcessRegressor,1.2607389981666413,2.043000039108872,1.4293355236293792,1.2053730583548696,-0.034204799827854,,100.0,51,score,80,none,RPC1_BP434_Tsuboyama_2023_1R69_indels,physchem
GaussianProcessRegressor,1.533450196826602,1.367858933025348,1.1695550149631049,0.9806192253244902,-0.1658685897787888,0.3737864116719043,100.0,42,score,20,none,SDA_BACSU_Tsuboyama_2023_1PV0_indels,morgan
GaussianProcessRegressor,1.2277238783859072,1.1027015302247498,1.050095962388557,1.00748112503904,0.0601332879066572,0.4143598585454334,100.0,42,score,40,none,SDA_BACSU_Tsuboyama_2023_1PV0_indels,morgan
GaussianProcessRegressor,1.1173056415553533,1.070763710948547,1.0347771310521638,0.993215024513184,0.0873548817575681,0.4328994495318063,100.0,42,score,60,none,SDA_BACSU_Tsuboyama_2023_1PV0_indels,morgan
GaussianProcessRegressor,1.3934474061661415,1.6109858470579588,1.269246172756869,1.083796402467847,-0.3730931986597225,0.1974466440048709,100.0,42,score,80,none,SDA_BACSU_Tsuboyama_2023_1PV0_indels,morgan
GaussianProcessRegressor,1.1231230198859228,1.8418881896487949,1.3571618140991129,1.1561517170329498,-0.0565350285322765,0.2983930050072846,100.0,43,score,20,none,SDA_BACSU_Tsuboyama_2023_1PV0_indels,morgan
GaussianProcessRegressor,1.1872903975325548,1.95500494486192,1.3982149136888504,1.1868811803663946,-0.1214205166244528,0.1188888266108933,100.0,43,score,40,none,SDA_BACSU_Tsuboyama_2023_1PV0_indels,morgan
GaussianProcessRegressor,1.1638683394853406,1.9299796356862335,1.3892370696487455,1.1865352757534808,-0.1070656193551438,0.1188888266108933,100.0,43,score,60,none,SDA_BACSU_Tsuboyama_2023_1PV0_indels,morgan
GaussianProcessRegressor,1.2367905678677569,1.661009003617774,1.288801382532535,1.1261315758599764,0.0472200186243149,0.1367221506025273,100.0,43,score,80,none,SDA_BACSU_Tsuboyama_2023_1PV0_indels,morgan
GaussianProcessRegressor,1.1544418698623624,1.258359380053536,1.1217661877831475,0.9436443248119823,-0.005751198592709,,100.0,44,score,20,none,SDA_BACSU_Tsuboyama_2023_1PV0_indels,morgan
GaussianProcessRegressor,0.9091133166407046,1.5580019940076903,1.24819950088425,1.0066674622454488,-0.2452423351557962,0.1364552017947818,100.0,44,score,40,none,SDA_BACSU_Tsuboyama_2023_1PV0_indels,morgan
GaussianProcessRegressor,1.1475009989542575,1.1767644069283874,1.084787724362876,0.8917391872081979,0.0594640676663359,0.1582089296171383,100.0,44,score,60,none,SDA_BACSU_Tsuboyama_2023_1PV0_indels,morgan
GaussianProcessRegressor,1.127054711671967,1.0720555304480923,1.0354011447009763,0.8619679872809982,0.1431532582844185,0.3478335589726547,100.0,44,score,80,none,SDA_BACSU_Tsuboyama_2023_1PV0_indels,morgan
GaussianProcessRegressor,1.3540880651350322,1.4869663816647063,1.219412309952916,0.9041666085469844,-0.2488281072234657,0.0,100.0,45,score,20,none,SDA_BACSU_Tsuboyama_2023_1PV0_indels,morgan
GaussianProcessRegressor,1.4568358150597676,1.6544222587031665,1.2862434678952377,0.9583998969228192,-0.3894658570367901,0.0852821185373151,100.0,45,score,40,none,SDA_BACSU_Tsuboyama_2023_1PV0_indels,morgan
GaussianProcessRegressor,1.3274300714006917,1.635941249876895,1.2790391901255,0.9510781231250436,-0.3739445893358657,0.0852821185373151,100.0,45,score,60,none,SDA_BACSU_Tsuboyama_2023_1PV0_indels,morgan
GaussianProcessRegressor,1.3333995834488754,1.4178788822504738,1.1907471949370587,0.9053494610708744,-0.1908049991087501,0.1075296277209626,100.0,45,score,80,none,SDA_BACSU_Tsuboyama_2023_1PV0_indels,morgan
GaussianProcessRegressor,1.0511367514024137,1.2027658498434315,1.0967068203687946,0.8961650153848577,-0.1290079429590478,,100.0,46,score,20,none,SDA_BACSU_Tsuboyama_2023_1PV0_indels,morgan
GaussianProcessRegressor,1.176519423174701,1.9022476807386828,1.3792199537197405,1.0170526556080317,-0.7855950443795585,-0.3995116396192577,100.0,46,score,40,none,SDA_BACSU_Tsuboyama_2023_1PV0_indels,morgan
GaussianProcessRegressor,1.152952693301451,1.870116873055032,1.367522165471197,1.0127872077700837,-0.7554346128265232,-0.3995116396192577,100.0,46,score,60,none,SDA_BACSU_Tsuboyama_2023_1PV0_indels,morgan
GaussianProcessRegressor,1.2736162348910507,1.413809266637423,1.189037117434701,0.9471776752142343,-0.3271094220629393,-0.3995116396192577,100.0,46,score,80,none,SDA_BACSU_Tsuboyama_2023_1PV0_indels,morgan
GaussianProcessRegressor,1.1854841227709365,1.0349641935593434,1.0173318994110738,0.8490787420632309,0.0605472039176335,0.349547104340224,100.0,47,score,20,none,SDA_BACSU_Tsuboyama_2023_1PV0_indels,morgan
GaussianProcessRegressor,1.6531057605157258,1.1467750441232902,1.0708758303945842,0.8802708709422621,-0.0409452118087512,0.324831652518188,100.0,47,score,40,none,SDA_BACSU_Tsuboyama_2023_1PV0_indels,morgan
GaussianProcessRegressor,1.3647837673149037,1.1881114414067404,1.0900052483390803,0.9117962250634573,-0.0784668905775174,0.2842276959534144,100.0,47,score,60,none,SDA_BACSU_Tsuboyama_2023_1PV0_indels,morgan
GaussianProcessRegressor,1.338852941585944,1.1131027278507593,1.0550368372008436,0.911210357088376,-0.0103803363573522,0.3018815901120117,100.0,47,score,80,none,SDA_BACSU_Tsuboyama_2023_1PV0_indels,morgan
GaussianProcessRegressor,1.5851214901626958,1.6866315225238904,1.298703785519966,1.151020867872074,-0.2694262884524787,-0.1064268384525981,100.0,48,score,20,none,SDA_BACSU_Tsuboyama_2023_1PV0_indels,morgan
GaussianProcessRegressor,1.7038678585503244,1.6180367029035367,1.272020716381434,1.1488478354350884,-0.2177990858804366,-0.1064268384525981,100.0,48,score,40,none,SDA_BACSU_Tsuboyama_2023_1PV0_indels,morgan
GaussianProcessRegressor,1.365653032943526,1.5096330765507122,1.2286712646394529,1.0842442324639516,-0.1362101844409959,-0.1064268384525981,100.0,48,score,60,none,SDA_BACSU_Tsuboyama_2023_1PV0_indels,morgan
GaussianProcessRegressor,1.340314062871403,1.52930431006109,1.2366504397205744,1.086867501792539,-0.1510155409227684,-0.1064268384525981,100.0,48,score,80,none,SDA_BACSU_Tsuboyama_2023_1PV0_indels,morgan
GaussianProcessRegressor,1.3190691539581856,1.308823592195162,1.1440382826615385,0.9802025542880732,0.1189336825119045,0.5466773176568088,100.0,49,score,20,none,SDA_BACSU_Tsuboyama_2023_1PV0_indels,morgan
GaussianProcessRegressor,1.1070345369579997,1.3634149170932794,1.167653594647522,1.00671949010278,0.0821842092585155,0.1838383900084844,100.0,49,score,40,none,SDA_BACSU_Tsuboyama_2023_1PV0_indels,morgan
GaussianProcessRegressor,1.1110977391988108,1.5099115251966937,1.2287845723301922,1.0879078995429894,-0.0164335325027633,0.1838383900084844,100.0,49,score,60,none,SDA_BACSU_Tsuboyama_2023_1PV0_indels,morgan
GaussianProcessRegressor,1.059504269702369,1.5179634063160932,1.2320565759396331,1.0966947099187396,-0.0218538513975525,0.1838383900084844,100.0,49,score,80,none,SDA_BACSU_Tsuboyama_2023_1PV0_indels,morgan
GaussianProcessRegressor,1.7187700367269094,0.8687813605829622,0.9320844170905134,0.775398940796128,0.0434189181894044,0.3657275012015487,100.0,50,score,20,none,SDA_BACSU_Tsuboyama_2023_1PV0_indels,morgan
GaussianProcessRegressor,1.3561067585944322,0.8611482846177339,0.9279807565988284,0.7755234024073953,0.0518233987591315,0.3657275012015487,100.0,50,score,40,none,SDA_BACSU_Tsuboyama_2023_1PV0_indels,morgan
GaussianProcessRegressor,1.467900216813432,1.0943623095294046,1.0461177321551358,0.8953290139990082,-0.2049594172231479,0.3670339267732265,100.0,50,score,60,none,SDA_BACSU_Tsuboyama_2023_1PV0_indels,morgan
GaussianProcessRegressor,1.3902777034884182,0.8440209635787083,0.9187061355943522,0.7372950793094604,0.070681620207431,0.3627285434679687,100.0,50,score,80,none,SDA_BACSU_Tsuboyama_2023_1PV0_indels,morgan
GaussianProcessRegressor,1.2572690068263543,1.5206965892193989,1.2331652724673197,1.091017926501293,0.0715869294098289,0.4935676473963736,100.0,51,score,20,none,SDA_BACSU_Tsuboyama_2023_1PV0_indels,morgan
GaussianProcessRegressor,1.3554470240029624,1.3887696501859788,1.1784607121945043,1.0213491275377538,0.152130737707875,0.4935676473963736,100.0,51,score,40,none,SDA_BACSU_Tsuboyama_2023_1PV0_indels,morgan
GaussianProcessRegressor,1.267118445013659,1.5916813804624124,1.2616185558489588,1.1044009423052858,0.0282494165421517,0.4935676473963736,100.0,51,score,60,none,SDA_BACSU_Tsuboyama_2023_1PV0_indels,morgan
GaussianProcessRegressor,1.186613418829198,1.6088354427178353,1.2683987711748366,1.1076063186833862,0.0177765479077667,-0.0028863605110899,100.0,51,score,80,none,SDA_BACSU_Tsuboyama_2023_1PV0_indels,morgan
GaussianProcessRegressor,1.3647935830519948,1.1847897922676478,1.0884804969624615,0.8215624369896602,-0.0098330836209041,0.6330827067669172,100.0,42,score,20,none,SDA_BACSU_Tsuboyama_2023_1PV0_indels,ngram
GaussianProcessRegressor,1.1132491351202205,0.7904392514416668,0.8890665056347961,0.7239908467713916,0.3262841122469606,0.7157894736842104,100.0,42,score,40,none,SDA_BACSU_Tsuboyama_2023_1PV0_indels,ngram
GaussianProcessRegressor,0.7462344490151984,0.66520614125944,0.8156017050371094,0.6782123478951507,0.433024175887031,0.7684210526315788,100.0,42,score,60,none,SDA_BACSU_Tsuboyama_2023_1PV0_indels,ngram
GaussianProcessRegressor,0.7544389716557158,0.50826947915276,0.7129302063685897,0.6196230724502867,0.5667861600488252,0.8165413533834586,100.0,42,score,80,none,SDA_BACSU_Tsuboyama_2023_1PV0_indels,ngram
GaussianProcessRegressor,1.2646162902820617,2.1021096990480284,1.4498654072182109,1.2645010148670086,-0.2058020369223212,0.1849624060150375,100.0,43,score,20,none,SDA_BACSU_Tsuboyama_2023_1PV0_indels,ngram
GaussianProcessRegressor,0.9811577525520536,1.0365874102123604,1.018129368112108,0.8938984787377299,0.40539772436798,0.6075187969924812,100.0,43,score,40,none,SDA_BACSU_Tsuboyama_2023_1PV0_indels,ngram
GaussianProcessRegressor,0.8226941823950454,0.9961312888342776,0.9980637699236844,0.880193279850549,0.4286039697821756,0.8240601503759398,100.0,43,score,60,none,SDA_BACSU_Tsuboyama_2023_1PV0_indels,ngram
GaussianProcessRegressor,0.61351357568863,0.9930793954113198,0.9965336900533368,0.9147561570643082,0.4303545821824412,0.7669172932330827,100.0,43,score,80,none,SDA_BACSU_Tsuboyama_2023_1PV0_indels,ngram
GaussianProcessRegressor,1.1302760015172555,1.3380260789433456,1.156730772022317,0.8975159645645874,-0.0694252802314072,0.2345864661654134,100.0,44,score,20,none,SDA_BACSU_Tsuboyama_2023_1PV0_indels,ngram
GaussianProcessRegressor,0.7054728101244783,1.3616061164790816,1.1668787925397743,0.8798761182508812,-0.0882717650992028,0.5142857142857143,100.0,44,score,40,none,SDA_BACSU_Tsuboyama_2023_1PV0_indels,ngram
GaussianProcessRegressor,0.6985892118705143,0.6997520674467202,0.836511845371433,0.6223138468624703,0.4407190094436111,0.8180451127819548,100.0,44,score,60,none,SDA_BACSU_Tsuboyama_2023_1PV0_indels,ngram
GaussianProcessRegressor,0.6828778652262559,0.5693716675005982,0.7545672054234787,0.6063503132758887,0.5449263174649731,0.7157894736842104,100.0,44,score,80,none,SDA_BACSU_Tsuboyama_2023_1PV0_indels,ngram
GaussianProcessRegressor,1.2725283521041533,0.8446689108935758,0.9190587091658377,0.6803998626521148,0.2906051607967114,0.5909774436090225,100.0,45,score,20,none,SDA_BACSU_Tsuboyama_2023_1PV0_indels,ngram
GaussianProcessRegressor,0.9002470288088487,1.052770978558341,1.026046284803147,0.8374178598352622,0.115830724416966,0.6015037593984961,100.0,45,score,40,none,SDA_BACSU_Tsuboyama_2023_1PV0_indels,ngram
GaussianProcessRegressor,0.6975199817261997,1.0454064557874343,1.022451199709519,0.8397379878275931,0.1220158158527919,0.5669172932330826,100.0,45,score,60,none,SDA_BACSU_Tsuboyama_2023_1PV0_indels,ngram
GaussianProcessRegressor,0.5958319580860457,0.7054553015899601,0.8399138655778698,0.7382668809718153,0.4075236536087321,0.7518796992481201,100.0,45,score,80,none,SDA_BACSU_Tsuboyama_2023_1PV0_indels,ngram
GaussianProcessRegressor,0.751114777816146,1.1817232115885492,1.0870709321790135,0.972904997373234,-0.1092557145983335,0.1819548872180451,100.0,46,score,20,none,SDA_BACSU_Tsuboyama_2023_1PV0_indels,ngram
GaussianProcessRegressor,0.8808164014347378,1.066573993782507,1.0327506929469992,0.8929519922745068,-0.0011678589733452,0.2812030075187969,100.0,46,score,40,none,SDA_BACSU_Tsuboyama_2023_1PV0_indels,ngram
GaussianProcessRegressor,0.7557593731411627,1.2562301559811395,1.1208167361264465,0.9655979821891072,-0.1791936264835045,0.3037593984962406,100.0,46,score,60,none,SDA_BACSU_Tsuboyama_2023_1PV0_indels,ngram
GaussianProcessRegressor,0.7217730574673425,0.6661991534587248,0.8162102385162323,0.642707148731677,0.3746545631093506,0.7443609022556391,100.0,46,score,80,none,SDA_BACSU_Tsuboyama_2023_1PV0_indels,ngram
GaussianProcessRegressor,1.274310574602508,1.1088474366864345,1.0530182508800283,0.8849219939037288,-0.0065177436151613,0.0817393337464814,100.0,47,score,20,none,SDA_BACSU_Tsuboyama_2023_1PV0_indels,ngram
GaussianProcessRegressor,1.1275442715316608,1.264895431849841,1.1246757007465935,0.8860273968619173,-0.1481648907257677,0.5684210526315789,100.0,47,score,40,none,SDA_BACSU_Tsuboyama_2023_1PV0_indels,ngram
GaussianProcessRegressor,0.7985074768411868,0.6843098415334695,0.8272302228119265,0.7100675376549309,0.3788415116040077,0.7037593984962407,100.0,47,score,60,none,SDA_BACSU_Tsuboyama_2023_1PV0_indels,ngram
GaussianProcessRegressor,0.7513530777613924,0.5314276290352162,0.7289908291845764,0.6212379103520818,0.5176150294672681,0.7007518796992479,100.0,47,score,80,none,SDA_BACSU_Tsuboyama_2023_1PV0_indels,ngram
GaussianProcessRegressor,1.4967613510015991,1.1986588351773375,1.0948327886838871,0.978612425514625,0.0978414574020352,0.3969924812030075,100.0,48,score,20,none,SDA_BACSU_Tsuboyama_2023_1PV0_indels,ngram
GaussianProcessRegressor,0.8298664978615756,1.2651585746508385,1.1247926807420283,0.9411343878423588,0.0477910958763706,0.3759398496240601,100.0,48,score,40,none,SDA_BACSU_Tsuboyama_2023_1PV0_indels,ngram
GaussianProcessRegressor,0.7706284808207182,1.123342459044714,1.0598785114553055,0.8605420437742713,0.1545275720257306,0.5518796992481202,100.0,48,score,60,none,SDA_BACSU_Tsuboyama_2023_1PV0_indels,ngram
GaussianProcessRegressor,0.6193108685789099,1.0492045728710946,1.024306874364853,0.8358145730332736,0.2103267080090657,0.5308270676691729,100.0,48,score,80,none,SDA_BACSU_Tsuboyama_2023_1PV0_indels,ngram
GaussianProcessRegressor,1.3573571534217046,1.231155337910743,1.1095743949419268,0.9643686843983146,0.1712179499992666,0.431578947368421,100.0,49,score,20,none,SDA_BACSU_Tsuboyama_2023_1PV0_indels,ngram
GaussianProcessRegressor,0.8865846115552195,1.0735206629354082,1.0361084223841674,0.9017868997017138,0.2773335513814285,0.5007518796992482,100.0,49,score,40,none,SDA_BACSU_Tsuboyama_2023_1PV0_indels,ngram
GaussianProcessRegressor,0.8333205104273385,0.7003513809131362,0.8368699904484186,0.700097831901614,0.528541496494641,0.7669172932330827,100.0,49,score,60,none,SDA_BACSU_Tsuboyama_2023_1PV0_indels,ngram
GaussianProcessRegressor,0.665082023442076,0.6365651349096717,0.7978503211189877,0.672629630306426,0.5714807537083679,0.8180451127819548,100.0,49,score,80,none,SDA_BACSU_Tsuboyama_2023_1PV0_indels,ngram
GaussianProcessRegressor,1.2744518681676478,1.484025132309812,1.2182057019690116,0.876178251200909,-0.6340018684867628,0.1864661654135338,100.0,50,score,20,none,SDA_BACSU_Tsuboyama_2023_1PV0_indels,ngram
GaussianProcessRegressor,0.7123733120255563,1.1068552393085047,1.0520718793449926,0.8693052352566308,-0.2187148922198221,0.4075187969924811,100.0,50,score,40,none,SDA_BACSU_Tsuboyama_2023_1PV0_indels,ngram
GaussianProcessRegressor,0.8289127170920108,0.5491478777044716,0.741045125282173,0.613204646948922,0.3953548098959549,0.7624060150375939,100.0,50,score,60,none,SDA_BACSU_Tsuboyama_2023_1PV0_indels,ngram
GaussianProcessRegressor,0.7270603754758197,0.6020284759865182,0.7759049400451825,0.6133813285275511,0.3371300571486252,0.8616541353383457,100.0,50,score,80,none,SDA_BACSU_Tsuboyama_2023_1PV0_indels,ngram
GaussianProcessRegressor,0.6433968882544145,1.1883923252563755,1.090134085907039,0.9460869441302828,0.2744647580728654,0.5789473684210527,100.0,51,score,20,none,SDA_BACSU_Tsuboyama_2023_1PV0_indels,ngram
GaussianProcessRegressor,0.9266800890961496,0.9761990493743968,0.988027858602376,0.8410744974390028,0.4040126325251256,0.7578947368421052,100.0,51,score,40,none,SDA_BACSU_Tsuboyama_2023_1PV0_indels,ngram
GaussianProcessRegressor,0.9576213843805808,0.8617748655784361,0.9283182997110614,0.7776069077297163,0.4738706887481052,0.8360902255639097,100.0,51,score,60,none,SDA_BACSU_Tsuboyama_2023_1PV0_indels,ngram
GaussianProcessRegressor,0.7025788120892005,0.750465509583216,0.866294124176781,0.7110348256243155,0.5418270856503851,0.806015037593985,100.0,51,score,80,none,SDA_BACSU_Tsuboyama_2023_1PV0_indels,ngram
GaussianProcessRegressor,1.6878333795399567,1.175580225924667,1.0842417746631363,1.0154026740658693,-0.0019834846121689,,100.0,42,score,20,none,SDA_BACSU_Tsuboyama_2023_1PV0_indels,physchem
GaussianProcessRegressor,1.3095469028740614,1.1809999992233406,1.0867382385944375,1.0290283559116875,-0.0066029254770758,-0.0796992481203007,100.0,42,score,40,none,SDA_BACSU_Tsuboyama_2023_1PV0_indels,physchem
GaussianProcessRegressor,1.1757884267553156,1.1902242851522788,1.0909740075511785,1.0332540585836534,-0.0144650704454183,,100.0,42,score,60,none,SDA_BACSU_Tsuboyama_2023_1PV0_indels,physchem
GaussianProcessRegressor,1.258913907793521,1.214072621493462,1.101849636517371,1.0404305495554618,-0.0347917471131433,,100.0,42,score,80,none,SDA_BACSU_Tsuboyama_2023_1PV0_indels,physchem
GaussianProcessRegressor,0.912390197214662,1.8811507713163789,1.371550499003365,1.150539862701962,-0.0790566414485964,0.0736842105263157,100.0,43,score,20,none,SDA_BACSU_Tsuboyama_2023_1PV0_indels,physchem
GaussianProcessRegressor,1.2086669037469968,1.9454605543193069,1.3947976750480002,1.1885995850064757,-0.1159457093093652,-0.1954887218045112,100.0,43,score,40,none,SDA_BACSU_Tsuboyama_2023_1PV0_indels,physchem
GaussianProcessRegressor,1.250075008130731,1.7650061407838673,1.328535336671128,1.16762728507089,-0.0124343181049977,,100.0,43,score,60,none,SDA_BACSU_Tsuboyama_2023_1PV0_indels,physchem
GaussianProcessRegressor,1.2314877700897868,1.756866227714476,1.3254683050584333,1.1676272850708898,-0.007765140390872,,100.0,43,score,80,none,SDA_BACSU_Tsuboyama_2023_1PV0_indels,physchem
GaussianProcessRegressor,1.154496684129443,1.258359369705095,1.1217661831705816,0.9436443431110972,-0.0057511903216562,,100.0,44,score,20,none,SDA_BACSU_Tsuboyama_2023_1PV0_indels,physchem
GaussianProcessRegressor,1.0048470499685038,1.3675162635674385,1.1694085101312708,0.9090422842308422,-0.0929954852162024,,100.0,44,score,40,none,SDA_BACSU_Tsuboyama_2023_1PV0_indels,physchem
GaussianProcessRegressor,1.158903156345662,1.2701440771261647,1.1270066890334611,0.9277617516191904,-0.0151701876301206,,100.0,44,score,60,none,SDA_BACSU_Tsuboyama_2023_1PV0_indels,physchem
GaussianProcessRegressor,1.1678673574149787,1.2528897230662142,1.119325566163042,0.9566288811159036,-0.0013795428017728,,100.0,44,score,80,none,SDA_BACSU_Tsuboyama_2023_1PV0_indels,physchem
GaussianProcessRegressor,1.3732471291322377,1.1908884958339516,1.0912783768745498,0.876163737997266,-0.0001672159538192,,100.0,45,score,20,none,SDA_BACSU_Tsuboyama_2023_1PV0_indels,physchem
GaussianProcessRegressor,1.4266308644384964,1.2081743380467789,1.0991698404008268,0.8879757668630122,-0.0146847234634652,,100.0,45,score,40,none,SDA_BACSU_Tsuboyama_2023_1PV0_indels,physchem
GaussianProcessRegressor,1.3915249454433405,1.2241544173698575,1.1064151198216057,0.8977828283182973,-0.028105586544431,,100.0,45,score,60,none,SDA_BACSU_Tsuboyama_2023_1PV0_indels,physchem
GaussianProcessRegressor,1.3262900911173583,1.2267136046160418,1.1075710381804147,0.8998426196386827,-0.0302549189060039,,100.0,45,score,80,none,SDA_BACSU_Tsuboyama_2023_1PV0_indels,physchem
GaussianProcessRegressor,1.055605786784627,1.2027658619337631,1.096706825880902,0.8961650186461364,-0.1290079543079569,,100.0,46,score,20,none,SDA_BACSU_Tsuboyama_2023_1PV0_indels,physchem
GaussianProcessRegressor,1.3211058353615102,1.2824584518122433,1.132456821169021,0.9730416875408924,-0.2038135093372206,-0.3548872180451127,100.0,46,score,40,none,SDA_BACSU_Tsuboyama_2023_1PV0_indels,physchem
GaussianProcessRegressor,1.270133230171104,1.0653298494913606,1.0321481722559802,0.87134313371163,-1.0063206712374042e-08,,100.0,46,score,60,none,SDA_BACSU_Tsuboyama_2023_1PV0_indels,physchem
GaussianProcessRegressor,1.230703513430988,1.2522168394916031,1.1190249503436476,0.965384707660575,-0.175426420925677,-0.2646616541353383,100.0,46,score,80,none,SDA_BACSU_Tsuboyama_2023_1PV0_indels,physchem
GaussianProcessRegressor,1.2845520705315558,1.1243263491510014,1.0603425621708304,0.905070625961254,-0.0205681887277999,,100.0,47,score,20,none,SDA_BACSU_Tsuboyama_2023_1PV0_indels,physchem
GaussianProcessRegressor,1.5372743093840613,1.1719932517075289,1.082586371476904,0.932599215167874,-0.0638361637611293,,100.0,47,score,40,none,SDA_BACSU_Tsuboyama_2023_1PV0_indels,physchem
GaussianProcessRegressor,1.235824894151797,1.1073211325132577,1.0522932730533143,0.917008124065164,-0.0051322940198164,0.1263157894736842,100.0,47,score,60,none,SDA_BACSU_Tsuboyama_2023_1PV0_indels,physchem
GaussianProcessRegressor,1.3254384225020146,1.1510170618716864,1.072854632218031,0.9363761415461728,-0.0447957560686995,0.1142857142857142,100.0,47,score,80,none,SDA_BACSU_Tsuboyama_2023_1PV0_indels,physchem
GaussianProcessRegressor,1.7056005312924811,1.4681113886286017,1.2116564647739894,1.1268710544385587,-0.1049593027366311,,100.0,48,score,20,none,SDA_BACSU_Tsuboyama_2023_1PV0_indels,physchem
GaussianProcessRegressor,1.5897466667564275,1.3649406503119177,1.168306744956956,1.0902805271587226,-0.0273088819605098,,100.0,48,score,40,none,SDA_BACSU_Tsuboyama_2023_1PV0_indels,physchem
GaussianProcessRegressor,1.3363190200379431,1.3577927805306695,1.165243657151014,1.0863224332594932,-0.0219291095054252,,100.0,48,score,60,none,SDA_BACSU_Tsuboyama_2023_1PV0_indels,physchem
GaussianProcessRegressor,1.2984775866382672,1.4220727493874448,1.1925069179620909,1.0955324274071954,-0.0703087829539519,-0.1744360902255639,100.0,48,score,80,none,SDA_BACSU_Tsuboyama_2023_1PV0_indels,physchem
GaussianProcessRegressor,1.465715629679109,1.550588071349272,1.245226112539113,1.1284592003778808,-0.0438159352501634,-0.0601503759398496,100.0,49,score,20,none,SDA_BACSU_Tsuboyama_2023_1PV0_indels,physchem
GaussianProcessRegressor,1.1638651361676045,1.548339215146222,1.24432279379035,1.13995974395067,-0.0423020632010979,-0.0120300751879699,100.0,49,score,40,none,SDA_BACSU_Tsuboyama_2023_1PV0_indels,physchem
GaussianProcessRegressor,1.2105501198912374,1.5455563512726471,1.2432040666248831,1.1441329163644178,-0.0404287109481416,-0.0977443609022556,100.0,49,score,60,none,SDA_BACSU_Tsuboyama_2023_1PV0_indels,physchem
GaussianProcessRegressor,1.1546409650970584,1.596822398921184,1.263654382701688,1.1654170334479002,-0.0749396932403452,-0.0796992481203007,100.0,49,score,80,none,SDA_BACSU_Tsuboyama_2023_1PV0_indels,physchem
GaussianProcessRegressor,1.9391772008288413,0.90905788794359,0.9534452726525996,0.7881102619802969,-0.0009279864084921,,100.0,50,score,20,none,SDA_BACSU_Tsuboyama_2023_1PV0_indels,physchem
GaussianProcessRegressor,1.4977146991410064,0.9087253546698404,0.9532708716151148,0.803596425414626,-0.0005618470629979,,100.0,50,score,40,none,SDA_BACSU_Tsuboyama_2023_1PV0_indels,physchem
GaussianProcessRegressor,1.482694531043729,0.9173794533471288,0.9577992761258116,0.8255388507044055,-0.0100905356956146,,100.0,50,score,60,none,SDA_BACSU_Tsuboyama_2023_1PV0_indels,physchem
GaussianProcessRegressor,1.526952002039053,0.9204843475612724,0.9594187550602042,0.7635896032248553,-0.0135092129382754,,100.0,50,score,80,none,SDA_BACSU_Tsuboyama_2023_1PV0_indels,physchem
GaussianProcessRegressor,1.0165639599301244,1.7133920066954569,1.3089660066997373,1.1463755045653437,-0.0460571460065792,,100.0,51,score,20,none,SDA_BACSU_Tsuboyama_2023_1PV0_indels,physchem
GaussianProcessRegressor,1.3197807318186698,1.6638204727402122,1.2898916515507075,1.1349927638104835,-0.01579281821133,,100.0,51,score,40,none,SDA_BACSU_Tsuboyama_2023_1PV0_indels,physchem
GaussianProcessRegressor,1.3059931023270863,1.64898049813362,1.28412635598434,1.1294106538208344,-0.0067327423949841,,100.0,51,score,60,none,SDA_BACSU_Tsuboyama_2023_1PV0_indels,physchem
GaussianProcessRegressor,1.1458510651060845,1.9222994451913924,1.386470138586256,1.2096473216248185,-0.1735989566597473,-0.2325275913689526,100.0,51,score,80,none,SDA_BACSU_Tsuboyama_2023_1PV0_indels,physchem
GaussianProcessRegressor,0.3783719788223971,0.3828293581306983,0.6187320568151438,0.4583484452438849,-0.4015035826049096,0.4678501339436766,100.0,42,score,20,none,SQSTM_MOUSE_Tsuboyama_2023_2RRU_indels,morgan
GaussianProcessRegressor,0.3495179305338066,0.1529486798354424,0.3910865375277478,0.2944631428750371,0.4400687455352318,0.4678501339436766,100.0,42,score,40,none,SQSTM_MOUSE_Tsuboyama_2023_2RRU_indels,morgan
GaussianProcessRegressor,0.2914426656442458,0.2219764462145022,0.4711437638497427,0.3585201190372319,0.1873643491121162,0.4935676473963736,100.0,42,score,60,none,SQSTM_MOUSE_Tsuboyama_2023_2RRU_indels,morgan
GaussianProcessRegressor,0.2661316075159455,0.2280532997436789,0.4775492642059863,0.3637653805834563,0.1651175391138115,0.4935676473963736,100.0,42,score,80,none,SQSTM_MOUSE_Tsuboyama_2023_2RRU_indels,morgan
GaussianProcessRegressor,0.3366600941558059,0.2759972535019456,0.5253544075211948,0.3869455299069971,0.1841344785513159,0.2164770383317427,100.0,43,score,20,none,SQSTM_MOUSE_Tsuboyama_2023_2RRU_indels,morgan
GaussianProcessRegressor,0.3004130735671433,0.3036083699592576,0.5510066877627326,0.3986616588337885,0.1025142535657567,0.2164770383317427,100.0,43,score,40,none,SQSTM_MOUSE_Tsuboyama_2023_2RRU_indels,morgan
GaussianProcessRegressor,0.3147444574295094,0.2987869131133255,0.5466140440139875,0.3995288150128773,0.1167667881610728,0.2164770383317427,100.0,43,score,60,none,SQSTM_MOUSE_Tsuboyama_2023_2RRU_indels,morgan
GaussianProcessRegressor,0.2607946630044547,0.302451972871294,0.5499563372407795,0.4059901179605958,0.105932637267776,0.3381787390082559,100.0,43,score,80,none,SQSTM_MOUSE_Tsuboyama_2023_2RRU_indels,morgan
GaussianProcessRegressor,0.2656855401195898,0.1453097440567087,0.3811951521946584,0.2673242316249758,-0.1179915439406122,0.218821537005342,100.0,44,score,20,none,SQSTM_MOUSE_Tsuboyama_2023_2RRU_indels,morgan
GaussianProcessRegressor,0.3518307872998427,0.1306787002041912,0.3614950901522609,0.2533044388340073,-0.0054224701161122,0.218821537005342,100.0,44,score,40,none,SQSTM_MOUSE_Tsuboyama_2023_2RRU_indels,morgan
GaussianProcessRegressor,0.2961384331080988,0.1309049627233796,0.3618079085970616,0.2534797740974408,-0.0071633002635014,0.218821537005342,100.0,44,score,60,none,SQSTM_MOUSE_Tsuboyama_2023_2RRU_indels,morgan
GaussianProcessRegressor,0.2675756599963997,0.1293669803704442,0.3596762160199702,0.2478630658061462,0.0046697070580213,0.218821537005342,100.0,44,score,80,none,SQSTM_MOUSE_Tsuboyama_2023_2RRU_indels,morgan
GaussianProcessRegressor,0.2779212034208241,0.6258580556403759,0.7911119109458382,0.5524675089728668,-0.5191406509493319,0.0788383250424612,100.0,45,score,20,none,SQSTM_MOUSE_Tsuboyama_2023_2RRU_indels,morgan
GaussianProcessRegressor,0.3402899063458707,0.6753784028795667,0.8218140926508664,0.5657993552346176,-0.6393410252390068,0.0825011798893592,100.0,45,score,40,none,SQSTM_MOUSE_Tsuboyama_2023_2RRU_indels,morgan
GaussianProcessRegressor,0.2926844393244025,0.4140115092210695,0.6434372612936474,0.4636724303233603,-0.0049270884195615,0.0843551389879965,100.0,45,score,60,none,SQSTM_MOUSE_Tsuboyama_2023_2RRU_indels,morgan
GaussianProcessRegressor,0.2528209784459019,0.2389411015157105,0.4888160201095199,0.3671736867597752,0.4200200233522252,0.1993006031035082,100.0,45,score,80,none,SQSTM_MOUSE_Tsuboyama_2023_2RRU_indels,morgan
GaussianProcessRegressor,0.4036172221146595,0.2958756897244597,0.543944564936961,0.423854713861314,-0.0769585292118562,-0.353179208290403,100.0,46,score,20,none,SQSTM_MOUSE_Tsuboyama_2023_2RRU_indels,morgan
GaussianProcessRegressor,0.2868703256061572,0.6246849496750541,0.7903701346047015,0.565884459388295,-1.273792028163415,-0.3253698218108437,100.0,46,score,40,none,SQSTM_MOUSE_Tsuboyama_2023_2RRU_indels,morgan
GaussianProcessRegressor,0.2863160917124288,0.3127493593963538,0.5592399837246562,0.4341436985024768,-0.1383770340209973,-0.3346396173040302,100.0,46,score,60,none,SQSTM_MOUSE_Tsuboyama_2023_2RRU_indels,morgan
GaussianProcessRegressor,0.2544604959232745,0.3169958261052303,0.5630238237457011,0.4404380130133643,-0.1538337568947072,-0.353179208290403,100.0,46,score,80,none,SQSTM_MOUSE_Tsuboyama_2023_2RRU_indels,morgan
GaussianProcessRegressor,0.5269428389975367,0.6114089265153088,0.7819264201415046,0.5518047756703759,-0.3938906017988579,0.1195803618621049,100.0,47,score,20,none,SQSTM_MOUSE_Tsuboyama_2023_2RRU_indels,morgan
GaussianProcessRegressor,0.3454084759574125,0.6118142284649213,0.7821855460598344,0.5434314033932305,-0.394814609535669,0.1195803618621049,100.0,47,score,40,none,SQSTM_MOUSE_Tsuboyama_2023_2RRU_indels,morgan
GaussianProcessRegressor,0.2711721466681964,0.6729690713921299,0.8203469213644493,0.5649008816894618,-0.5342354735661636,0.1418278710457524,100.0,47,score,60,none,SQSTM_MOUSE_Tsuboyama_2023_2RRU_indels,morgan
GaussianProcessRegressor,0.2857639651539468,0.4505705499358859,0.6712455213525719,0.4729906827972378,-0.0272111311532334,0.1038810871147724,100.0,47,score,80,none,SQSTM_MOUSE_Tsuboyama_2023_2RRU_indels,morgan
GaussianProcessRegressor,0.5398753053601313,0.509641742403738,0.7138919683003431,0.5172973797755531,-3.0745382889400883,-0.0286753684931063,100.0,48,score,20,none,SQSTM_MOUSE_Tsuboyama_2023_2RRU_indels,morgan
GaussianProcessRegressor,0.4101691045137999,0.5106578921318474,0.714603311027767,0.5234352004192353,-3.082662311424881,-0.0276685785546429,100.0,48,score,40,none,SQSTM_MOUSE_Tsuboyama_2023_2RRU_indels,morgan
GaussianProcessRegressor,0.3800362493757471,0.1350223677868842,0.3674538988592776,0.2726343778870393,-0.07949126148144,-0.0079053081584694,100.0,48,score,60,none,SQSTM_MOUSE_Tsuboyama_2023_2RRU_indels,morgan
GaussianProcessRegressor,0.3375218687572214,0.1166150832077816,0.3414895067315855,0.2381822987116485,0.0676732652294703,0.4033190809859282,100.0,48,score,80,none,SQSTM_MOUSE_Tsuboyama_2023_2RRU_indels,morgan
GaussianProcessRegressor,0.1332493118372146,0.4406403712304311,0.6638074805472074,0.4682978340159064,-0.2446223105815579,0.3438809048934199,100.0,49,score,20,none,SQSTM_MOUSE_Tsuboyama_2023_2RRU_indels,morgan
GaussianProcessRegressor,0.1190752560446837,0.2842580074738864,0.5331585200237229,0.4240472119362596,0.1970915940463311,0.2509935340314042,100.0,49,score,40,none,SQSTM_MOUSE_Tsuboyama_2023_2RRU_indels,morgan
GaussianProcessRegressor,0.1562630223481769,0.3223399595473609,0.5677499093327633,0.4543158001793119,0.0895262181167672,0.1043252022816934,100.0,49,score,60,none,SQSTM_MOUSE_Tsuboyama_2023_2RRU_indels,morgan
GaussianProcessRegressor,0.1940054691897527,0.3093884767747592,0.5562270011198299,0.454312399722686,0.1261086682651288,-0.1774603956338084,100.0,49,score,80,none,SQSTM_MOUSE_Tsuboyama_2023_2RRU_indels,morgan
GaussianProcessRegressor,0.1444903798734934,0.1932886772001796,0.4396460817523336,0.3527667982529059,-0.0057332250160231,0.1669059067182292,100.0,50,score,20,none,SQSTM_MOUSE_Tsuboyama_2023_2RRU_indels,morgan
GaussianProcessRegressor,0.2464557069488061,0.2092749129701475,0.4574657505979518,0.3651786261332291,-0.0889139301131207,0.0202045235776293,100.0,50,score,40,none,SQSTM_MOUSE_Tsuboyama_2023_2RRU_indels,morgan
GaussianProcessRegressor,0.2353902707628111,0.2378898476078379,0.4877395284450891,0.3795870307322034,-0.2378051684083786,-0.3217171825148477,100.0,50,score,60,none,SQSTM_MOUSE_Tsuboyama_2023_2RRU_indels,morgan
GaussianProcessRegressor,0.2497935883494968,0.236956332949378,0.4867816070368498,0.3808147198184302,-0.2329478393519009,-0.1645225491321245,100.0,50,score,80,none,SQSTM_MOUSE_Tsuboyama_2023_2RRU_indels,morgan
GaussianProcessRegressor,0.3772154525650834,0.3017613173080636,0.5493280598222374,0.3683974632514458,0.1081616438108019,0.1371021242767704,100.0,51,score,20,none,SQSTM_MOUSE_Tsuboyama_2023_2RRU_indels,morgan
GaussianProcessRegressor,0.2363339375592365,0.3444888385211336,0.5869317153818948,0.4041120391962261,-0.0181171072983121,0.1371021242767704,100.0,51,score,40,none,SQSTM_MOUSE_Tsuboyama_2023_2RRU_indels,morgan
GaussianProcessRegressor,0.2355896572546615,0.3252008880767627,0.5702638758300956,0.3908249430138061,0.0388873297581626,0.1371021242767704,100.0,51,score,60,none,SQSTM_MOUSE_Tsuboyama_2023_2RRU_indels,morgan
GaussianProcessRegressor,0.2593907188780868,0.3214726864062096,0.5669856139323198,0.3857047334093043,0.0499058170814187,0.3535791626085132,100.0,51,score,80,none,SQSTM_MOUSE_Tsuboyama_2023_2RRU_indels,morgan
GaussianProcessRegressor,0.3579385606879461,0.3580447402519668,0.5983683984402642,0.4220411637096679,-0.3107693428899998,,100.0,42,score,20,none,SQSTM_MOUSE_Tsuboyama_2023_2RRU_indels,ngram
GaussianProcessRegressor,0.3674366696136795,0.3829370449529098,0.6188190728742204,0.4226388502299261,-0.4018978143008944,-0.0195488721804511,100.0,42,score,40,none,SQSTM_MOUSE_Tsuboyama_2023_2RRU_indels,ngram
GaussianProcessRegressor,0.2860556487364669,0.3167457039753191,0.5628016559813227,0.3972685538538994,-0.1595773141948249,0.3742531639845596,100.0,42,score,60,none,SQSTM_MOUSE_Tsuboyama_2023_2RRU_indels,ngram
GaussianProcessRegressor,0.2969926983315309,0.3163830139158142,0.5624793453237321,0.4316860426152868,-0.1582495387591758,0.0030075187969924,100.0,42,score,80,none,SQSTM_MOUSE_Tsuboyama_2023_2RRU_indels,ngram
GaussianProcessRegressor,0.460992395145894,0.3454499790784412,0.5877499290331231,0.4550099807128587,-0.0211722172564396,0.5353383458646617,100.0,43,score,20,none,SQSTM_MOUSE_Tsuboyama_2023_2RRU_indels,ngram
GaussianProcessRegressor,0.3741360486328448,0.6914919510108594,0.8315599503408394,0.728177023216368,-1.044094403225885,0.3413533834586466,100.0,43,score,40,none,SQSTM_MOUSE_Tsuboyama_2023_2RRU_indels,ngram
GaussianProcessRegressor,0.3773680517050741,0.3323864109622864,0.5765296271331477,0.4303333746175076,0.0174445250402074,0.3609022556390977,100.0,43,score,60,none,SQSTM_MOUSE_Tsuboyama_2023_2RRU_indels,ngram
GaussianProcessRegressor,0.3125241753145887,0.3303675055596001,0.5747760481784189,0.4287893502490222,0.0234125384469299,0.6451127819548872,100.0,43,score,80,none,SQSTM_MOUSE_Tsuboyama_2023_2RRU_indels,ngram
GaussianProcessRegressor,0.2144400796820907,0.1563026281479788,0.3953512718431279,0.2841707231405719,-0.2025691580389683,-0.0827067669172932,100.0,44,score,20,none,SQSTM_MOUSE_Tsuboyama_2023_2RRU_indels,ngram
GaussianProcessRegressor,0.3597294859354078,0.1423734476115649,0.3773240617977668,0.2700564744452761,-0.0954001161084048,,100.0,44,score,40,none,SQSTM_MOUSE_Tsuboyama_2023_2RRU_indels,ngram
GaussianProcessRegressor,0.3326108567087312,0.1307035180235926,0.361529415156765,0.2543092151882383,-0.0056134147248847,,100.0,44,score,60,none,SQSTM_MOUSE_Tsuboyama_2023_2RRU_indels,ngram
GaussianProcessRegressor,0.3302291929585444,0.1313673382220107,0.3624463246082248,0.2564896623150944,-0.0107207485334062,0.3578947368421052,100.0,44,score,80,none,SQSTM_MOUSE_Tsuboyama_2023_2RRU_indels,ngram
GaussianProcessRegressor,0.1991465865797845,0.5181855972702116,0.7198510938174725,0.6139413991330321,-0.2577880854216705,0.0511278195488721,100.0,45,score,20,none,SQSTM_MOUSE_Tsuboyama_2023_2RRU_indels,ngram
GaussianProcessRegressor,0.2899649605666255,0.4473513288327582,0.6688432767343618,0.5476047903938966,-0.0858525871184818,0.0105263157894736,100.0,45,score,40,none,SQSTM_MOUSE_Tsuboyama_2023_2RRU_indels,ngram
GaussianProcessRegressor,0.2440335357554393,0.4761045204296076,0.6900032756658534,0.580453058834779,-0.1556449974032954,-0.0180451127819548,100.0,45,score,60,none,SQSTM_MOUSE_Tsuboyama_2023_2RRU_indels,ngram
GaussianProcessRegressor,0.207806621843808,0.4098567805400231,0.6402005783658924,0.502019263864664,0.0051576539212309,0.1729323308270676,100.0,45,score,80,none,SQSTM_MOUSE_Tsuboyama_2023_2RRU_indels,ngram
GaussianProcessRegressor,0.260233867868164,0.3039169818630435,0.5512866603347514,0.4698831873681445,-0.106228044941915,0.1969924812030075,100.0,46,score,20,none,SQSTM_MOUSE_Tsuboyama_2023_2RRU_indels,ngram
GaussianProcessRegressor,0.3207585921755003,0.3369465667111783,0.5804709869676333,0.4659414479268826,-0.2264524985009488,-0.0511278195488721,100.0,46,score,40,none,SQSTM_MOUSE_Tsuboyama_2023_2RRU_indels,ngram
GaussianProcessRegressor,0.3150754441764261,0.2823808415668981,0.5313951839891835,0.4130726998277515,-0.0278386037551909,0.5218045112781955,100.0,46,score,60,none,SQSTM_MOUSE_Tsuboyama_2023_2RRU_indels,ngram
GaussianProcessRegressor,0.3097443244892408,0.2934968897671223,0.5417535323070097,0.4215508574017603,-0.0682999303735087,0.3750970103121798,100.0,46,score,80,none,SQSTM_MOUSE_Tsuboyama_2023_2RRU_indels,ngram
GaussianProcessRegressor,0.3360681260291945,0.5270868004386727,0.7260074382805405,0.6291247934080622,-0.2016529455189435,0.5969924812030075,100.0,47,score,20,none,SQSTM_MOUSE_Tsuboyama_2023_2RRU_indels,ngram
GaussianProcessRegressor,0.2570502304717609,0.6052650095909627,0.777987795271213,0.6166253516076122,-0.3798836946575301,0.1413533834586466,100.0,47,score,40,none,SQSTM_MOUSE_Tsuboyama_2023_2RRU_indels,ngram
GaussianProcessRegressor,0.1725827156310202,0.5715769145889065,0.7560270594290303,0.6136869718708597,-0.3030815464070864,0.0240601503759398,100.0,47,score,60,none,SQSTM_MOUSE_Tsuboyama_2023_2RRU_indels,ngram
GaussianProcessRegressor,0.1596255839711393,0.5781046107982836,0.7603319083126023,0.6332281020261737,-0.3179633938958162,0.025563909774436,100.0,47,score,80,none,SQSTM_MOUSE_Tsuboyama_2023_2RRU_indels,ngram
GaussianProcessRegressor,0.5338430395973893,0.136077876853523,0.3688873498149849,0.2840975071996255,-0.0879299582138921,0.2992481203007519,100.0,48,score,20,none,SQSTM_MOUSE_Tsuboyama_2023_2RRU_indels,ngram
GaussianProcessRegressor,0.3918651935407374,0.1527785990444646,0.3908690305517496,0.2987785643765884,-0.2214506774920928,0.6812030075187969,100.0,48,score,40,none,SQSTM_MOUSE_Tsuboyama_2023_2RRU_indels,ngram
GaussianProcessRegressor,0.4066527872867376,0.1269873852678731,0.3563528942886155,0.2872854168608603,-0.015252324203145,0.4842105263157894,100.0,48,score,60,none,SQSTM_MOUSE_Tsuboyama_2023_2RRU_indels,ngram
GaussianProcessRegressor,0.3404081251360774,0.1251642487479671,0.3537855971460216,0.2663385102256748,-0.0006765174387977,,100.0,48,score,80,none,SQSTM_MOUSE_Tsuboyama_2023_2RRU_indels,ngram
GaussianProcessRegressor,0.2923678023541559,0.6841119814658407,0.8271106222663572,0.752078339755309,-0.9323264291262012,0.4421052631578947,100.0,49,score,20,none,SQSTM_MOUSE_Tsuboyama_2023_2RRU_indels,ngram
GaussianProcessRegressor,0.2085784392601026,0.4017226541824064,0.6338159466141621,0.4920977752857737,-0.1346962527861377,0.4210526315789473,100.0,49,score,40,none,SQSTM_MOUSE_Tsuboyama_2023_2RRU_indels,ngram
GaussianProcessRegressor,0.2093893472622076,0.4179622655631642,0.6465000120364764,0.5119769470616568,-0.1805662727827746,0.5203007518796992,100.0,49,score,60,none,SQSTM_MOUSE_Tsuboyama_2023_2RRU_indels,ngram
GaussianProcessRegressor,0.2338867904502105,0.4041282101807383,0.6357107913042993,0.4997165123644504,-0.1414909290354264,0.3864661654135338,100.0,49,score,80,none,SQSTM_MOUSE_Tsuboyama_2023_2RRU_indels,ngram
GaussianProcessRegressor,0.1407924599188824,0.1924057952706648,0.4386408499794164,0.3519655175268034,-0.0011393517320765,0.0498084361566281,100.0,50,score,20,none,SQSTM_MOUSE_Tsuboyama_2023_2RRU_indels,ngram
GaussianProcessRegressor,0.2473683433355611,0.1978396027174033,0.4447916396667133,0.3479831882400756,-0.0294129203998601,0.3383458646616541,100.0,50,score,40,none,SQSTM_MOUSE_Tsuboyama_2023_2RRU_indels,ngram
GaussianProcessRegressor,0.2966548697295374,0.2539331000505396,0.503917751275483,0.397920260259852,-0.3212825466628433,0.1263157894736842,100.0,50,score,60,none,SQSTM_MOUSE_Tsuboyama_2023_2RRU_indels,ngram
GaussianProcessRegressor,0.2898255934518025,0.4847544808481495,0.6962431190670034,0.554116620604308,-1.522308571957697,0.2706766917293233,100.0,50,score,80,none,SQSTM_MOUSE_Tsuboyama_2023_2RRU_indels,ngram
GaussianProcessRegressor,0.4947559907770344,0.4139641363037717,0.6434004478579197,0.5024632935203704,-0.2234473859535057,0.0090225563909774,100.0,51,score,20,none,SQSTM_MOUSE_Tsuboyama_2023_2RRU_indels,ngram
GaussianProcessRegressor,0.3077556755054746,0.3488401540837735,0.5906269161524672,0.3977965240779307,-0.0309771721776137,,100.0,51,score,40,none,SQSTM_MOUSE_Tsuboyama_2023_2RRU_indels,ngram
GaussianProcessRegressor,0.3065871361483751,0.3352086185373042,0.5789720360581366,0.4041557739374954,0.009310053377167,0.3142857142857143,100.0,51,score,60,none,SQSTM_MOUSE_Tsuboyama_2023_2RRU_indels,ngram
GaussianProcessRegressor,0.3062379938022086,0.339720924573071,0.5828558351540036,0.4067042356362589,-0.0040258096600842,,100.0,51,score,80,none,SQSTM_MOUSE_Tsuboyama_2023_2RRU_indels,ngram
GaussianProcessRegressor,0.3579385541132711,0.3527895105860882,0.5939608662076048,0.4096335393130808,-0.2915304233878388,0.4466165413533834,100.0,42,score,20,none,SQSTM_MOUSE_Tsuboyama_2023_2RRU_indels,physchem
GaussianProcessRegressor,0.3923348901135907,0.3070359343366,0.554108233413473,0.391164311962895,-0.1240307275866803,,100.0,42,score,40,none,SQSTM_MOUSE_Tsuboyama_2023_2RRU_indels,physchem
GaussianProcessRegressor,0.1757038054759354,0.1894188930067352,0.4352228084633608,0.3148170782884487,0.3065546005712461,0.4827067669172932,100.0,42,score,60,none,SQSTM_MOUSE_Tsuboyama_2023_2RRU_indels,physchem
GaussianProcessRegressor,0.1804242358743674,0.2100581266621986,0.4583209864954895,0.3391979538593328,0.2309962367832829,0.5293233082706766,100.0,42,score,80,none,SQSTM_MOUSE_Tsuboyama_2023_2RRU_indels,physchem
GaussianProcessRegressor,0.2780609040953513,0.2619956022082383,0.5118550597661786,0.3953247881016553,0.2255242546774851,0.4150375939849623,100.0,43,score,20,none,SQSTM_MOUSE_Tsuboyama_2023_2RRU_indels,physchem
GaussianProcessRegressor,0.3104742637185454,0.2656209577221055,0.515384281601705,0.4006790045975817,0.21480747206741,0.3503759398496239,100.0,43,score,40,none,SQSTM_MOUSE_Tsuboyama_2023_2RRU_indels,physchem
GaussianProcessRegressor,0.2776240844010686,0.2584845820476496,0.508413790182416,0.3979674234709974,0.2359030546756356,0.3654135338345864,100.0,43,score,60,none,SQSTM_MOUSE_Tsuboyama_2023_2RRU_indels,physchem
GaussianProcessRegressor,0.2039386064269846,0.2466537614827083,0.4966424885999066,0.3876014767065482,0.2708757164210308,0.4601503759398496,100.0,43,score,80,none,SQSTM_MOUSE_Tsuboyama_2023_2RRU_indels,physchem
GaussianProcessRegressor,0.2587551772181429,0.1521203925717578,0.3900261434465103,0.2826885098830016,-0.1703916599686539,,100.0,44,score,20,none,SQSTM_MOUSE_Tsuboyama_2023_2RRU_indels,physchem
GaussianProcessRegressor,0.2227413403728592,0.1017458842594968,0.3189763067368748,0.2255891795167092,0.2171823096152101,0.524812030075188,100.0,44,score,40,none,SQSTM_MOUSE_Tsuboyama_2023_2RRU_indels,physchem
GaussianProcessRegressor,0.1514737547884871,0.0896779538733871,0.2994627754385962,0.2300637347710281,0.3100311699040926,0.5624060150375939,100.0,44,score,60,none,SQSTM_MOUSE_Tsuboyama_2023_2RRU_indels,physchem
GaussianProcessRegressor,0.20900998550517,0.0985484827496414,0.3139243264699972,0.2328366647976458,0.2417826409543545,0.4646616541353384,100.0,44,score,80,none,SQSTM_MOUSE_Tsuboyama_2023_2RRU_indels,physchem
GaussianProcessRegressor,0.3251628644600725,0.3799730051182735,0.6164195041676355,0.5012627361665603,0.0776943220009758,0.3263157894736841,100.0,45,score,20,none,SQSTM_MOUSE_Tsuboyama_2023_2RRU_indels,physchem
GaussianProcessRegressor,0.3244854917870235,0.3421528893963444,0.5849383637583916,0.4454580318983093,0.1694948104647755,0.4676691729323308,100.0,45,score,40,none,SQSTM_MOUSE_Tsuboyama_2023_2RRU_indels,physchem
GaussianProcessRegressor,0.2523093726412887,0.2766582794054763,0.5259831550586732,0.4085142972083869,0.3284693951306171,0.3819548872180451,100.0,45,score,60,none,SQSTM_MOUSE_Tsuboyama_2023_2RRU_indels,physchem
GaussianProcessRegressor,0.194245676700881,0.2697057959909115,0.5193320671698518,0.3994284242101679,0.3453451069392791,0.4345864661654134,100.0,45,score,80,none,SQSTM_MOUSE_Tsuboyama_2023_2RRU_indels,physchem
GaussianProcessRegressor,0.2057665796166361,0.939427461248544,0.9692406621931128,0.7527638172783018,-2.4194239408774973,-0.3654135338345864,100.0,46,score,20,none,SQSTM_MOUSE_Tsuboyama_2023_2RRU_indels,physchem
GaussianProcessRegressor,0.1840284106219494,0.3085214238410525,0.555447048638349,0.4630120684539623,-0.1229877627311522,0.1007518796992481,100.0,46,score,40,none,SQSTM_MOUSE_Tsuboyama_2023_2RRU_indels,physchem
GaussianProcessRegressor,0.165308367321355,0.2665021039892075,0.5162384177772974,0.4137373230477122,0.0299584456858638,0.2075187969924811,100.0,46,score,60,none,SQSTM_MOUSE_Tsuboyama_2023_2RRU_indels,physchem
GaussianProcessRegressor,0.1548718824708469,0.2522429330269514,0.5022379247198995,0.3864705934064927,0.0818604312852647,0.4240601503759398,100.0,46,score,80,none,SQSTM_MOUSE_Tsuboyama_2023_2RRU_indels,physchem
GaussianProcessRegressor,0.4463117298880329,0.3086861291419124,0.5555952925843707,0.4156934896852901,0.2962570946274745,0.5849624060150376,100.0,47,score,20,none,SQSTM_MOUSE_Tsuboyama_2023_2RRU_indels,physchem
GaussianProcessRegressor,0.296643937438903,0.2262015193877412,0.4756064753425265,0.382410931841434,0.4843055795991882,0.6105263157894737,100.0,47,score,40,none,SQSTM_MOUSE_Tsuboyama_2023_2RRU_indels,physchem
GaussianProcessRegressor,0.2275067015733332,0.1954582305364926,0.4421065827789636,0.3416400401221376,0.5543941562288754,0.5593984962406015,100.0,47,score,60,none,SQSTM_MOUSE_Tsuboyama_2023_2RRU_indels,physchem
GaussianProcessRegressor,0.2181166170008526,0.1813584744753937,0.4258620369032602,0.3307795537315904,0.5865387923453881,0.5774436090225563,100.0,47,score,80,none,SQSTM_MOUSE_Tsuboyama_2023_2RRU_indels,physchem
GaussianProcessRegressor,0.5375576394215187,0.0924891723407097,0.3041203254317438,0.2478431168004643,0.2605576767766807,0.4135338345864661,100.0,48,score,20,none,SQSTM_MOUSE_Tsuboyama_2023_2RRU_indels,physchem
GaussianProcessRegressor,0.3435172078270673,0.6776524800472111,0.8231965014789672,0.5362038937603884,-4.417768496600522,0.1654135338345864,100.0,48,score,40,none,SQSTM_MOUSE_Tsuboyama_2023_2RRU_indels,physchem
GaussianProcessRegressor,0.2837581640901805,0.08893517239061,0.2982200066907149,0.2404517145095774,0.288971575542651,0.3954887218045112,100.0,48,score,60,none,SQSTM_MOUSE_Tsuboyama_2023_2RRU_indels,physchem
GaussianProcessRegressor,0.2442761507348272,0.0874514263631581,0.2957218733255255,0.236370553170747,0.3008339869130408,0.4270676691729323,100.0,48,score,80,none,SQSTM_MOUSE_Tsuboyama_2023_2RRU_indels,physchem
GaussianProcessRegressor,0.2963797039394894,0.4498017617634856,0.6706726189158804,0.5389933174013224,-0.2704993563491764,,100.0,49,score,20,none,SQSTM_MOUSE_Tsuboyama_2023_2RRU_indels,physchem
GaussianProcessRegressor,0.208578477291524,0.4017238714580698,0.6338169068887874,0.4920983895497017,-0.1346996910740199,,100.0,49,score,40,none,SQSTM_MOUSE_Tsuboyama_2023_2RRU_indels,physchem
GaussianProcessRegressor,0.1926977722216117,0.3486491803168332,0.5904652236303448,0.4654294948761582,0.0152138189776129,0.6300751879699248,100.0,49,score,60,none,SQSTM_MOUSE_Tsuboyama_2023_2RRU_indels,physchem
GaussianProcessRegressor,0.207180666197432,0.2665774020611801,0.516311342177547,0.4112021664639213,0.247031811507104,0.5624060150375939,100.0,49,score,80,none,SQSTM_MOUSE_Tsuboyama_2023_2RRU_indels,physchem
GaussianProcessRegressor,0.1407924552966963,0.1924057967908508,0.4386408517122531,0.3519655193198885,-0.0011393596420148,-0.0994643350024282,100.0,50,score,20,none,SQSTM_MOUSE_Tsuboyama_2023_2RRU_indels,physchem
GaussianProcessRegressor,0.2391791267987841,0.225381942137764,0.4747440806769096,0.4014145100051852,-0.1727231559033994,0.3112781954887217,100.0,50,score,40,none,SQSTM_MOUSE_Tsuboyama_2023_2RRU_indels,physchem
GaussianProcessRegressor,0.2201314568747154,0.3465366779754007,0.5886736599979658,0.4850701465096052,-0.8031239893353403,0.362406015037594,100.0,50,score,60,none,SQSTM_MOUSE_Tsuboyama_2023_2RRU_indels,physchem
GaussianProcessRegressor,0.1874265053626286,0.2448287315174409,0.4948017092911472,0.4058389389184244,-0.2739100566693155,0.5819548872180451,100.0,50,score,80,none,SQSTM_MOUSE_Tsuboyama_2023_2RRU_indels,physchem
GaussianProcessRegressor,0.4209665764508646,0.1967509903250702,0.4435662186473066,0.372039799076281,0.418513673802091,0.5233082706766917,100.0,51,score,20,none,SQSTM_MOUSE_Tsuboyama_2023_2RRU_indels,physchem
GaussianProcessRegressor,0.3077556755054746,0.3488401540837735,0.5906269161524672,0.3977965240779307,-0.0309771721776137,,100.0,51,score,40,none,SQSTM_MOUSE_Tsuboyama_2023_2RRU_indels,physchem
GaussianProcessRegressor,0.292466132313834,0.1820723430639668,0.4266993591089243,0.3086646758112978,0.461895578286088,0.6375939849624059,100.0,51,score,60,none,SQSTM_MOUSE_Tsuboyama_2023_2RRU_indels,physchem
GaussianProcessRegressor,0.2174639186363909,0.1696442719680275,0.4118789530529905,0.3136359338480881,0.4986260333214816,0.675187969924812,100.0,51,score,80,none,SQSTM_MOUSE_Tsuboyama_2023_2RRU_indels,physchem
GaussianProcessRegressor,0.37879781210643,0.3518706872210105,0.5931868906348239,0.5145653208249146,-0.1418961913319147,0.1208703070544082,100.0,42,score,20,none,VG08_BPP22_Tsuboyama_2023_2GP8_indels,morgan
GaussianProcessRegressor,0.3647930475913472,0.3077980099593439,0.5547954667797349,0.4810262205752545,0.0011291419357229,0.1882406421339144,100.0,42,score,40,none,VG08_BPP22_Tsuboyama_2023_2GP8_indels,morgan
GaussianProcessRegressor,0.3445474619929457,0.3142872126293005,0.5606132469263463,0.5163658486077247,-0.0199297188410203,-0.1446480723765869,100.0,42,score,60,none,VG08_BPP22_Tsuboyama_2023_2GP8_indels,morgan
GaussianProcessRegressor,0.2903311652456674,0.3366424651951899,0.580208984069697,0.5308553586455995,-0.0924773299047927,-0.2001295247950038,100.0,42,score,80,none,VG08_BPP22_Tsuboyama_2023_2GP8_indels,morgan
GaussianProcessRegressor,0.3380446499744337,0.4041590151216611,0.6357350195810052,0.5467703029221269,-0.3620186199991138,-0.1324514215147113,100.0,43,score,20,none,VG08_BPP22_Tsuboyama_2023_2GP8_indels,morgan
GaussianProcessRegressor,0.209791994185371,0.3896824478846082,0.6242455028949814,0.5283759196718807,-0.3132324903006342,-0.010188570885747,100.0,43,score,40,none,VG08_BPP22_Tsuboyama_2023_2GP8_indels,morgan
GaussianProcessRegressor,0.2127612255064457,0.3575589469666463,0.5979623290531322,0.506711168531252,-0.2049760745018869,-0.016980951476245,100.0,43,score,60,none,VG08_BPP22_Tsuboyama_2023_2GP8_indels,morgan
GaussianProcessRegressor,0.2763040946377771,0.3959731997856896,0.6292640143736885,0.5395032043081406,-0.3344323668405364,-0.010188570885747,100.0,43,score,80,none,VG08_BPP22_Tsuboyama_2023_2GP8_indels,morgan
GaussianProcessRegressor,0.3633869004630774,0.3185657531723865,0.5644162942123363,0.4439027878186222,-0.0626108620638508,0.0653888546359913,100.0,44,score,20,none,VG08_BPP22_Tsuboyama_2023_2GP8_indels,morgan
GaussianProcessRegressor,0.3216837498538898,0.3948116696222438,0.6283404090317952,0.5026991734522206,-0.3169374436276533,-0.0158518435481191,100.0,44,score,40,none,VG08_BPP22_Tsuboyama_2023_2GP8_indels,morgan
GaussianProcessRegressor,0.3060567338335544,0.3994686689510514,0.6320353383720339,0.5123319806635068,-0.3324713735059763,-0.1842776812468846,100.0,44,score,60,none,VG08_BPP22_Tsuboyama_2023_2GP8_indels,morgan
GaussianProcessRegressor,0.3099647159794697,0.2926615945781861,0.5409820649320882,0.4435557628932704,0.0237952880659367,-0.1030369830627742,100.0,44,score,80,none,VG08_BPP22_Tsuboyama_2023_2GP8_indels,morgan
GaussianProcessRegressor,0.3662320346437486,0.3479414789504005,0.5898656448297362,0.5233609282474948,-0.1346286754620738,0.2437935530209841,100.0,45,score,20,none,VG08_BPP22_Tsuboyama_2023_2GP8_indels,morgan
GaussianProcessRegressor,0.2554260255191877,0.3627137574884769,0.6022572187101429,0.4827871825506191,-0.1828007154320587,0.2013208085922412,100.0,45,score,40,none,VG08_BPP22_Tsuboyama_2023_2GP8_indels,morgan
GaussianProcessRegressor,0.2790053714058533,0.3614552996995256,0.6012115265857148,0.5041323600198827,-0.1786969152800617,0.2539870116838824,100.0,45,score,60,none,VG08_BPP22_Tsuboyama_2023_2GP8_indels,morgan
GaussianProcessRegressor,0.29288735569514,0.364110374995483,0.6034155906135364,0.5469010420347205,-0.1873550510544794,0.0730881999490716,100.0,45,score,80,none,VG08_BPP22_Tsuboyama_2023_2GP8_indels,morgan
GaussianProcessRegressor,0.5924687663470074,0.455873895768396,0.6751843420639996,0.5521020468480158,-0.4281883182096864,-0.0197761162021422,100.0,46,score,20,none,VG08_BPP22_Tsuboyama_2023_2GP8_indels,morgan
GaussianProcessRegressor,0.3706762459456761,0.5245029776551051,0.724225778093479,0.6056643790264957,-0.6431935070346457,-0.1977611620214228,100.0,46,score,40,none,VG08_BPP22_Tsuboyama_2023_2GP8_indels,morgan
GaussianProcessRegressor,0.32009255778337,0.4551860440129784,0.67467476906505,0.5661049948782181,-0.4260333761284085,-0.2056716085022798,100.0,46,score,60,none,VG08_BPP22_Tsuboyama_2023_2GP8_indels,morgan
GaussianProcessRegressor,0.2903454903967658,0.4056291492233865,0.6368902175598135,0.5357083205140599,-0.270778646953919,-0.181940269059709,100.0,46,score,80,none,VG08_BPP22_Tsuboyama_2023_2GP8_indels,morgan
GaussianProcessRegressor,0.2449840392579031,0.292669220471096,0.5409891130800102,0.4308861479314201,-0.0741381458417751,0.3628389276483245,100.0,47,score,20,none,VG08_BPP22_Tsuboyama_2023_2GP8_indels,morgan
GaussianProcessRegressor,0.2242167027478069,0.2585696535758384,0.5084974469708166,0.3942741078771388,0.0510121706141944,0.3628389276483245,100.0,47,score,40,none,VG08_BPP22_Tsuboyama_2023_2GP8_indels,morgan
GaussianProcessRegressor,0.3065331620089879,0.2345973188446577,0.4843524737674597,0.3530781721176906,0.1389940880095423,0.3886158676296415,100.0,47,score,60,none,VG08_BPP22_Tsuboyama_2023_2GP8_indels,morgan
GaussianProcessRegressor,0.3299572883022766,0.2339081580569867,0.4836405256561807,0.3539422818170529,0.1415234072507805,0.387028189491546,100.0,47,score,80,none,VG08_BPP22_Tsuboyama_2023_2GP8_indels,morgan
GaussianProcessRegressor,0.3656689732187427,0.2485578504757335,0.4985557646600163,0.4065390820351823,0.1149576650915359,0.4077383465159317,100.0,48,score,20,none,VG08_BPP22_Tsuboyama_2023_2GP8_indels,morgan
GaussianProcessRegressor,0.3267595888666711,0.3543583125208777,0.5952800286595189,0.4993100095619681,-0.2617670602937543,0.1749877070464207,100.0,48,score,40,none,VG08_BPP22_Tsuboyama_2023_2GP8_indels,morgan
GaussianProcessRegressor,0.3275330961047663,0.3724362438248302,0.6102755474577285,0.5143232189817345,-0.3261373246042229,-0.0798487595260366,100.0,48,score,60,none,VG08_BPP22_Tsuboyama_2023_2GP8_indels,morgan
GaussianProcessRegressor,0.2920426092943928,0.3409513678872425,0.5839104108399186,0.4852889885326266,-0.2140288232602816,-0.1053324061832823,100.0,48,score,80,none,VG08_BPP22_Tsuboyama_2023_2GP8_indels,morgan
GaussianProcessRegressor,0.2679283156424782,0.2474432315810016,0.4974366608735243,0.3342145008351347,-0.0574882994038838,0.3088607322251716,100.0,49,score,20,none,VG08_BPP22_Tsuboyama_2023_2GP8_indels,morgan
GaussianProcessRegressor,0.2074404110179892,0.2745701354089825,0.5239944039863236,0.3726673230486549,-0.1734194696115183,0.3392745150506234,100.0,49,score,40,none,VG08_BPP22_Tsuboyama_2023_2GP8_indels,morgan
GaussianProcessRegressor,0.2423270222076851,0.2811947386519451,0.5302779824318045,0.3791482932816297,-0.2017307730683386,0.0982598322277761,100.0,49,score,60,none,VG08_BPP22_Tsuboyama_2023_2GP8_indels,morgan
GaussianProcessRegressor,0.3080024335782834,0.243750249113564,0.4937106937403361,0.3938424098389143,-0.0417057470816129,0.3263059173353478,100.0,49,score,80,none,VG08_BPP22_Tsuboyama_2023_2GP8_indels,morgan
GaussianProcessRegressor,0.2505868599934134,0.3567145091716428,0.5972558155193156,0.4903571525544293,-0.1512235453509278,0.1514211039226832,100.0,50,score,20,none,VG08_BPP22_Tsuboyama_2023_2GP8_indels,morgan
GaussianProcessRegressor,0.3590218064597374,0.331083519249351,0.5753985742503634,0.5036520305445505,-0.0685047370868192,0.0288188234896984,100.0,50,score,40,none,VG08_BPP22_Tsuboyama_2023_2GP8_indels,morgan
GaussianProcessRegressor,0.3033743756485204,0.3197994738385142,0.565508155412912,0.5003512346360925,-0.0320877749791368,0.0288188234896984,100.0,50,score,60,none,VG08_BPP22_Tsuboyama_2023_2GP8_indels,morgan
GaussianProcessRegressor,0.2913310061015107,0.3723950533510315,0.6102417990854375,0.5085488458467291,-0.2018293132664168,0.0527421822652042,100.0,50,score,80,none,VG08_BPP22_Tsuboyama_2023_2GP8_indels,morgan
GaussianProcessRegressor,0.3637036089706787,0.3897393483256111,0.6242910766025822,0.451577491216932,-0.1756963913134632,0.2007605647514227,100.0,51,score,20,none,VG08_BPP22_Tsuboyama_2023_2GP8_indels,morgan
GaussianProcessRegressor,0.3176739724929703,0.3087173154984691,0.5556233575889958,0.4173688966417923,0.0687164759553766,0.3402721436464792,100.0,51,score,40,none,VG08_BPP22_Tsuboyama_2023_2GP8_indels,morgan
GaussianProcessRegressor,0.3312283009646514,0.3956003770402547,0.6289677074701489,0.5012220982921849,-0.1933769009638106,-0.3196747104153908,100.0,51,score,60,none,VG08_BPP22_Tsuboyama_2023_2GP8_indels,morgan
GaussianProcessRegressor,0.2909948187738976,0.3840485710224225,0.6197165247291881,0.4927855674950523,-0.1585294658596399,-0.3196747104153908,100.0,51,score,80,none,VG08_BPP22_Tsuboyama_2023_2GP8_indels,morgan
GaussianProcessRegressor,0.3045649742477775,0.282645692616571,0.5316443290552162,0.4946702181177899,0.082753830834131,0.3413533834586466,100.0,42,score,20,none,VG08_BPP22_Tsuboyama_2023_2GP8_indels,ngram
GaussianProcessRegressor,0.3256322019641371,0.1625882918224623,0.4032223850711445,0.3362092998845712,0.4723659630373843,0.7744360902255639,100.0,42,score,40,none,VG08_BPP22_Tsuboyama_2023_2GP8_indels,ngram
GaussianProcessRegressor,0.3123486019394693,0.2169406655152905,0.4657688971102413,0.3810909072485688,0.2959808000678228,0.6406015037593984,100.0,42,score,60,none,VG08_BPP22_Tsuboyama_2023_2GP8_indels,ngram
GaussianProcessRegressor,0.2577132551890989,0.2186776625713532,0.4676298349884802,0.4135388973260299,0.2903438703811312,0.6511278195488721,100.0,42,score,80,none,VG08_BPP22_Tsuboyama_2023_2GP8_indels,ngram
GaussianProcessRegressor,0.2483763272218761,0.2121530481089761,0.4606007469696246,0.3971129033841527,0.2850427900834753,0.3609022556390977,100.0,43,score,20,none,VG08_BPP22_Tsuboyama_2023_2GP8_indels,ngram
GaussianProcessRegressor,0.2199916850597517,0.2157118056777279,0.46444785033169,0.4081128107345008,0.2730497529586111,0.4045112781954886,100.0,43,score,40,none,VG08_BPP22_Tsuboyama_2023_2GP8_indels,ngram
GaussianProcessRegressor,0.1951380484754556,0.2169883929645206,0.4658201294110427,0.385993238233382,0.2687476451505187,0.5052631578947367,100.0,43,score,60,none,VG08_BPP22_Tsuboyama_2023_2GP8_indels,ngram
GaussianProcessRegressor,0.249718362143618,0.2541382470937691,0.5041212622908987,0.4400682401624312,0.1435523849654747,0.7609022556390977,100.0,43,score,80,none,VG08_BPP22_Tsuboyama_2023_2GP8_indels,ngram
GaussianProcessRegressor,0.3087198875563192,0.2762815386362057,0.5256249029833021,0.4461289106715941,0.0784327536184346,0.4736842105263157,100.0,44,score,20,none,VG08_BPP22_Tsuboyama_2023_2GP8_indels,ngram
GaussianProcessRegressor,0.2130687776369166,0.3862226854641673,0.6214681693089095,0.5449455578319027,-0.2882879489171293,0.3533834586466165,100.0,44,score,40,none,VG08_BPP22_Tsuboyama_2023_2GP8_indels,ngram
GaussianProcessRegressor,0.2561879794953911,0.2027722867566497,0.4503024392079724,0.3942628140695456,0.3236308916214701,0.5819548872180451,100.0,44,score,60,none,VG08_BPP22_Tsuboyama_2023_2GP8_indels,ngram
GaussianProcessRegressor,0.2251674421675278,0.2023576296544587,0.4498417829131246,0.3947462912848573,0.325014025672862,0.625563909774436,100.0,44,score,80,none,VG08_BPP22_Tsuboyama_2023_2GP8_indels,ngram
GaussianProcessRegressor,0.277336071489431,0.3131518008395905,0.5595996790917508,0.4783418354327695,-0.0211803837732083,0.5203007518796992,100.0,45,score,20,none,VG08_BPP22_Tsuboyama_2023_2GP8_indels,ngram
GaussianProcessRegressor,0.2108274824154462,0.2483224869198516,0.4983196633887244,0.4060247972886479,0.1902264275266711,0.7082706766917292,100.0,45,score,40,none,VG08_BPP22_Tsuboyama_2023_2GP8_indels,ngram
GaussianProcessRegressor,0.263432481578178,0.2641337008231872,0.5139393941148968,0.4637418442896338,0.1386664446735013,0.8225563909774435,100.0,45,score,60,none,VG08_BPP22_Tsuboyama_2023_2GP8_indels,ngram
GaussianProcessRegressor,0.2313269739735216,0.1821221840522918,0.4267577580458166,0.3715567359645111,0.4061040003426299,0.6706766917293233,100.0,45,score,80,none,VG08_BPP22_Tsuboyama_2023_2GP8_indels,ngram
GaussianProcessRegressor,0.4258492694450016,0.3791562501108542,0.6157566484503876,0.5308473122977342,-0.1878428052384495,0.1426965870267549,100.0,46,score,20,none,VG08_BPP22_Tsuboyama_2023_2GP8_indels,ngram
GaussianProcessRegressor,0.3077139188293007,0.3849899846077201,0.6204756116139619,0.5436536492873705,-0.2061190687782106,0.5924812030075187,100.0,46,score,40,none,VG08_BPP22_Tsuboyama_2023_2GP8_indels,ngram
GaussianProcessRegressor,0.2334654946339545,0.2897820327779238,0.5383140651867865,0.4552756804265295,0.0921539533583033,0.6541353383458646,100.0,46,score,60,none,VG08_BPP22_Tsuboyama_2023_2GP8_indels,ngram
GaussianProcessRegressor,0.2784584298298794,0.2335070466307164,0.4832256684311342,0.4355715046625257,0.2684555108041054,0.7563909774436091,100.0,46,score,80,none,VG08_BPP22_Tsuboyama_2023_2GP8_indels,ngram
GaussianProcessRegressor,0.2803580763951409,0.2389240788754577,0.4887986076856783,0.40778710482052,0.1231142561997441,0.4300751879699248,100.0,47,score,20,none,VG08_BPP22_Tsuboyama_2023_2GP8_indels,ngram
GaussianProcessRegressor,0.2679542032387036,0.2606435256086884,0.51053259015335,0.3919659030601443,0.0434007618828872,0.4390977443609022,100.0,47,score,40,none,VG08_BPP22_Tsuboyama_2023_2GP8_indels,ngram
GaussianProcessRegressor,0.2334533571581931,0.2765118993219195,0.5258439876255309,0.4597926873961374,-0.0148384526488567,0.5488721804511278,100.0,47,score,60,none,VG08_BPP22_Tsuboyama_2023_2GP8_indels,ngram
GaussianProcessRegressor,0.2526779589562911,0.2008764751867283,0.4481924532906912,0.3355985553458161,0.2627544356970976,0.5518796992481202,100.0,47,score,80,none,VG08_BPP22_Tsuboyama_2023_2GP8_indels,ngram
GaussianProcessRegressor,0.2113136653827148,0.4196243816374217,0.6477842091602896,0.536495075504946,-0.494160581925221,0.1037593984962405,100.0,48,score,20,none,VG08_BPP22_Tsuboyama_2023_2GP8_indels,ngram
GaussianProcessRegressor,0.2335085497681114,0.3788146699188854,0.6154792197295417,0.4911130931183584,-0.3488490479013106,0.2060150375939849,100.0,48,score,40,none,VG08_BPP22_Tsuboyama_2023_2GP8_indels,ngram
GaussianProcessRegressor,0.1447051424271838,0.2813694620879825,0.5304427038691196,0.4351454774836337,-0.0018749567622229,0.5052631578947367,100.0,48,score,60,none,VG08_BPP22_Tsuboyama_2023_2GP8_indels,ngram
GaussianProcessRegressor,0.221692286106527,0.2307072305892052,0.4803199252469183,0.346450672878677,0.1785185394461317,0.5849624060150376,100.0,48,score,80,none,VG08_BPP22_Tsuboyama_2023_2GP8_indels,ngram
GaussianProcessRegressor,0.2950855733822848,0.1519604214426997,0.3898210120589958,0.3403301290411361,0.350572789478247,0.5714285714285714,100.0,49,score,20,none,VG08_BPP22_Tsuboyama_2023_2GP8_indels,ngram
GaussianProcessRegressor,0.1851441344573378,0.2940778535399285,0.5422894554939535,0.4287208916827896,-0.2567888288772266,0.4090225563909774,100.0,49,score,40,none,VG08_BPP22_Tsuboyama_2023_2GP8_indels,ngram
GaussianProcessRegressor,0.1667887155959019,0.214763743712785,0.4634260930426609,0.3715818978181292,0.0821727284219568,0.3984962406015037,100.0,49,score,60,none,VG08_BPP22_Tsuboyama_2023_2GP8_indels,ngram
GaussianProcessRegressor,0.232073856515248,0.2363727822176621,0.4861818406909725,0.3528987282840511,-0.0101769601683132,0.150375939849624,100.0,49,score,80,none,VG08_BPP22_Tsuboyama_2023_2GP8_indels,ngram
GaussianProcessRegressor,0.164312786141733,0.3664168460414355,0.605323753078826,0.5032277036770684,-0.1825358647611183,0.1052631578947368,100.0,50,score,20,none,VG08_BPP22_Tsuboyama_2023_2GP8_indels,ngram
GaussianProcessRegressor,0.2887238796724015,0.2478518674188494,0.4978472330131497,0.4079561028345432,0.2001084951818419,0.6842105263157895,100.0,50,score,40,none,VG08_BPP22_Tsuboyama_2023_2GP8_indels,ngram
GaussianProcessRegressor,0.2234053102567398,0.2148157123400714,0.463482159678311,0.421483831317355,0.30672596824979,0.6511278195488721,100.0,50,score,60,none,VG08_BPP22_Tsuboyama_2023_2GP8_indels,ngram
GaussianProcessRegressor,0.2722644729738804,0.1677106455982237,0.4095249022931618,0.3586424322411913,0.4587479929901642,0.7278195488721804,100.0,50,score,80,none,VG08_BPP22_Tsuboyama_2023_2GP8_indels,ngram
GaussianProcessRegressor,0.2711278149224638,0.1826846688316196,0.4274162711357859,0.3205864805693426,0.4489093625871485,0.7609022556390977,100.0,51,score,20,none,VG08_BPP22_Tsuboyama_2023_2GP8_indels,ngram
GaussianProcessRegressor,0.2169330642631299,0.1362459613674023,0.3691151058510101,0.2888157633746077,0.5889974009581873,0.7924812030075187,100.0,51,score,40,none,VG08_BPP22_Tsuboyama_2023_2GP8_indels,ngram
GaussianProcessRegressor,0.2848142016458593,0.3159125416909926,0.5620609768441432,0.4888185836598735,0.0470111965023859,0.6,100.0,51,score,60,none,VG08_BPP22_Tsuboyama_2023_2GP8_indels,ngram
GaussianProcessRegressor,0.2350149624110338,0.2281742979357354,0.4776759340135689,0.3449519246717588,0.3116843351177262,0.6,100.0,51,score,80,none,VG08_BPP22_Tsuboyama_2023_2GP8_indels,ngram
GaussianProcessRegressor,0.3547247670498721,0.3275270566595434,0.5722997961379538,0.5183407007924281,-0.0628958652721582,,100.0,42,score,20,none,VG08_BPP22_Tsuboyama_2023_2GP8_indels,physchem
GaussianProcessRegressor,0.3276758259173472,0.3133470936978396,0.5597741452566737,0.5183407007924281,-0.0168788303577751,,100.0,42,score,40,none,VG08_BPP22_Tsuboyama_2023_2GP8_indels,physchem
GaussianProcessRegressor,0.337528919923941,0.3083354519754822,0.5552796160273509,0.5183407007924281,-0.0006149731996891,,100.0,42,score,60,none,VG08_BPP22_Tsuboyama_2023_2GP8_indels,physchem
GaussianProcessRegressor,0.2954988705618216,0.3091737774574961,0.5560339714958935,0.5183407007924282,-0.0033355200078604,,100.0,42,score,80,none,VG08_BPP22_Tsuboyama_2023_2GP8_indels,physchem
GaussianProcessRegressor,0.3494678254413165,0.3236579446925718,0.5689094345258935,0.513143408139644,-0.0907294670866785,,100.0,43,score,20,none,VG08_BPP22_Tsuboyama_2023_2GP8_indels,physchem
GaussianProcessRegressor,0.2558826951693165,0.3430540716214888,0.5857081795753657,0.5284844347468943,-0.1560945462872469,,100.0,43,score,40,none,VG08_BPP22_Tsuboyama_2023_2GP8_indels,physchem
GaussianProcessRegressor,0.2314256200988388,0.3453188449343464,0.5876383623746381,0.5300440718201818,-0.1637268477002453,,100.0,43,score,60,none,VG08_BPP22_Tsuboyama_2023_2GP8_indels,physchem
GaussianProcessRegressor,0.2722578549418058,0.3557722001654426,0.5964664283641139,0.5301215074227443,-0.198954725672811,0.2015037593984962,100.0,43,score,80,none,VG08_BPP22_Tsuboyama_2023_2GP8_indels,physchem
GaussianProcessRegressor,0.4149105178651752,0.2998023080203358,0.5475420605034246,0.4726649969533064,-2.33414978245694e-05,,100.0,44,score,20,none,VG08_BPP22_Tsuboyama_2023_2GP8_indels,physchem
GaussianProcessRegressor,0.3489497349265101,0.3018394142973579,0.54939913933074,0.4774507048589463,-0.0068183319686638,,100.0,44,score,40,none,VG08_BPP22_Tsuboyama_2023_2GP8_indels,physchem
GaussianProcessRegressor,0.2802231803747527,0.4237055976262569,0.6509267221632992,0.5660295978328288,-0.4133162961534011,0.0781954887218045,100.0,44,score,60,none,VG08_BPP22_Tsuboyama_2023_2GP8_indels,physchem
GaussianProcessRegressor,0.2854648996863332,0.4188956090775958,0.6472214528873373,0.5610143540749905,-0.3972720540234438,-0.1729323308270676,100.0,44,score,80,none,VG08_BPP22_Tsuboyama_2023_2GP8_indels,physchem
GaussianProcessRegressor,0.3878518002813947,0.3342307516081891,0.5781269338200644,0.5185532904982728,-0.0899183280472071,,100.0,45,score,20,none,VG08_BPP22_Tsuboyama_2023_2GP8_indels,physchem
GaussianProcessRegressor,0.3021980690521653,0.3191803881466118,0.5649605191043103,0.5047394339069657,-0.0408394599250578,,100.0,45,score,40,none,VG08_BPP22_Tsuboyama_2023_2GP8_indels,physchem
GaussianProcessRegressor,0.280173191194592,0.3817228876768394,0.617837266338669,0.5296185754606679,-0.2447890252833902,-0.0806563873555113,100.0,45,score,60,none,VG08_BPP22_Tsuboyama_2023_2GP8_indels,physchem
GaussianProcessRegressor,0.2892351113699828,0.3385396514320753,0.5818416033871033,0.4993002623721865,-0.1039695452651796,0.0917293233082706,100.0,45,score,80,none,VG08_BPP22_Tsuboyama_2023_2GP8_indels,physchem
GaussianProcessRegressor,0.4565895175862453,0.4028642599114108,0.6347158891278922,0.5281866896735063,-0.2621166405237185,,100.0,46,score,20,none,VG08_BPP22_Tsuboyama_2023_2GP8_indels,physchem
GaussianProcessRegressor,0.380296150130288,0.3399436873131556,0.5830468997543471,0.5112413516627972,-0.0649954024049501,,100.0,46,score,40,none,VG08_BPP22_Tsuboyama_2023_2GP8_indels,physchem
GaussianProcessRegressor,0.318123184799068,0.3342627045449068,0.5781545680394705,0.50911186465634,-0.0471976883860594,,100.0,46,score,60,none,VG08_BPP22_Tsuboyama_2023_2GP8_indels,physchem
GaussianProcessRegressor,0.2975287931888183,0.338102745972812,0.5814660316586103,0.5105874525612613,-0.0592279940466442,,100.0,46,score,80,none,VG08_BPP22_Tsuboyama_2023_2GP8_indels,physchem
GaussianProcessRegressor,0.3305990300739722,0.2780360729350927,0.5272912600594596,0.4177309176490885,-0.020432389094102,,100.0,47,score,20,none,VG08_BPP22_Tsuboyama_2023_2GP8_indels,physchem
GaussianProcessRegressor,0.2561751934017293,0.4408316068043096,0.6639515093772358,0.588554438427413,-0.6179154200056913,0.1999999999999999,100.0,47,score,40,none,VG08_BPP22_Tsuboyama_2023_2GP8_indels,physchem
GaussianProcessRegressor,0.2914518583868163,0.2684940134256661,0.5181640796366206,0.4116765639588379,0.0145883421343792,0.3258780842542986,100.0,47,score,60,none,VG08_BPP22_Tsuboyama_2023_2GP8_indels,physchem
GaussianProcessRegressor,0.308361903606171,0.2728259843266126,0.5223274684779775,0.4199492279543326,-0.0013106143185517,,100.0,47,score,80,none,VG08_BPP22_Tsuboyama_2023_2GP8_indels,physchem
GaussianProcessRegressor,0.2735930527474427,0.4408134311564698,0.6639378217547709,0.5303456588530524,-0.569608634863144,0.118796992481203,100.0,48,score,20,none,VG08_BPP22_Tsuboyama_2023_2GP8_indels,physchem
GaussianProcessRegressor,0.3324927024707436,0.4084182890024485,0.639076121445989,0.5244576442588541,-0.4542589398251035,-0.1114459095183135,100.0,48,score,40,none,VG08_BPP22_Tsuboyama_2023_2GP8_indels,physchem
GaussianProcessRegressor,0.3150647808302312,0.3821878211252857,0.6182134106643803,0.5064661500313266,-0.3608598599275567,-0.2180451127819548,100.0,48,score,60,none,VG08_BPP22_Tsuboyama_2023_2GP8_indels,physchem
GaussianProcessRegressor,0.2911239109023536,0.329195561658184,0.5737556637264541,0.4765281335734468,-0.1721698106650901,0.0285714285714285,100.0,48,score,80,none,VG08_BPP22_Tsuboyama_2023_2GP8_indels,physchem
GaussianProcessRegressor,0.2929756091442734,0.2346211916626814,0.4843771171955601,0.3843490070128179,-0.0026912572642423,0.3338345864661654,100.0,49,score,20,none,VG08_BPP22_Tsuboyama_2023_2GP8_indels,physchem
GaussianProcessRegressor,0.267964464841934,0.2703079114771509,0.5199114458031779,0.3987878958838262,-0.1552041726783481,0.1383458646616541,100.0,49,score,40,none,VG08_BPP22_Tsuboyama_2023_2GP8_indels,physchem
GaussianProcessRegressor,0.2794422545927982,0.2391884595764971,0.4890689722079056,0.3610381932232867,-0.0222102085333617,0.3969924812030075,100.0,49,score,60,none,VG08_BPP22_Tsuboyama_2023_2GP8_indels,physchem
GaussianProcessRegressor,0.29859950908598,0.2523419844155956,0.5023365250662105,0.4153572603786097,-0.0784239045976711,0.0736842105263157,100.0,49,score,80,none,VG08_BPP22_Tsuboyama_2023_2GP8_indels,physchem
GaussianProcessRegressor,0.2550782323947387,0.3269927077933072,0.5718327620846039,0.5112066440831176,-0.0553024749228128,,100.0,50,score,20,none,VG08_BPP22_Tsuboyama_2023_2GP8_indels,physchem
GaussianProcessRegressor,0.3146404517850315,0.3131301803845495,0.5595803609711026,0.5013459468853108,-0.0105639864657725,,100.0,50,score,40,none,VG08_BPP22_Tsuboyama_2023_2GP8_indels,physchem
GaussianProcessRegressor,0.3079197398730113,0.3165923016583654,0.5626653549476505,0.503831625782871,-0.0217372789021599,,100.0,50,score,60,none,VG08_BPP22_Tsuboyama_2023_2GP8_indels,physchem
GaussianProcessRegressor,0.2875635094829036,0.3198015121556474,0.5655099576096317,0.4781831378071583,-0.0320943532332202,0.1428571428571428,100.0,50,score,80,none,VG08_BPP22_Tsuboyama_2023_2GP8_indels,physchem
GaussianProcessRegressor,0.4397933020051944,0.3334997810324701,0.5774943991351519,0.4744910027552681,-0.0060428610767999,,100.0,51,score,20,none,VG08_BPP22_Tsuboyama_2023_2GP8_indels,physchem
GaussianProcessRegressor,0.3462212892596326,0.2754464482485416,0.5248299231642014,0.4079820984850554,0.1690821145024216,0.5097744360902255,100.0,51,score,40,none,VG08_BPP22_Tsuboyama_2023_2GP8_indels,physchem
GaussianProcessRegressor,0.323091101433248,0.3329752058535193,0.5770400383452775,0.4661700307759696,-0.0044604159182222,,100.0,51,score,60,none,VG08_BPP22_Tsuboyama_2023_2GP8_indels,physchem
GaussianProcessRegressor,0.2995856637131412,0.2972331721484051,0.5451909501710435,0.4586712968380123,0.1033597983502109,0.3187969924812029,100.0,51,score,80,none,VG08_BPP22_Tsuboyama_2023_2GP8_indels,physchem
GaussianProcessRegressor,1.1142334684718145,1.656397735785927,1.2870111638155777,1.0848789522141415,-0.6291270175652128,-0.0616657035764206,100.0,42,score,20,none,YNZC_BACSU_Tsuboyama_2023_2JVD_indels,morgan
GaussianProcessRegressor,1.3317523993556546,1.3764670474930616,1.1732293243407537,0.9976940010513616,-0.3538050719413559,-0.0023417355788514,100.0,42,score,40,none,YNZC_BACSU_Tsuboyama_2023_2JVD_indels,morgan
GaussianProcessRegressor,1.20418860205915,1.0474377014114835,1.023444039218307,0.9378839223726836,-0.0301928224842666,0.2255871940960196,100.0,42,score,60,none,YNZC_BACSU_Tsuboyama_2023_2JVD_indels,morgan
GaussianProcessRegressor,1.0138098816974452,1.187377630781233,1.0896685875903889,0.9115527207079164,-0.1678287989451099,0.2505657069371015,100.0,42,score,80,none,YNZC_BACSU_Tsuboyama_2023_2JVD_indels,morgan
GaussianProcessRegressor,1.5656176848523746,0.7927816120494298,0.8903828457744623,0.8112726620782995,0.1305426164625887,0.4755405088004639,100.0,43,score,20,none,YNZC_BACSU_Tsuboyama_2023_2JVD_indels,morgan
GaussianProcessRegressor,1.4544395884063013,0.9731649496734288,0.9864912314224736,0.8501344453584748,-0.067286927488197,0.5596640885206268,100.0,43,score,40,none,YNZC_BACSU_Tsuboyama_2023_2JVD_indels,morgan
GaussianProcessRegressor,1.057311921634305,1.024669224095866,1.012259464809229,0.8911952773150402,-0.1237725611099986,0.5596640885206268,100.0,43,score,60,none,YNZC_BACSU_Tsuboyama_2023_2JVD_indels,morgan
GaussianProcessRegressor,1.002737837586144,1.023727890154546,1.0117943912448548,0.9122653511271708,-0.1227401838030384,0.492425293433343,100.0,43,score,80,none,YNZC_BACSU_Tsuboyama_2023_2JVD_indels,morgan
GaussianProcessRegressor,0.9891100783204247,0.8968932222327932,0.9470444668719592,0.8649539305759673,0.0792323132543316,0.3807332124507162,100.0,44,score,20,none,YNZC_BACSU_Tsuboyama_2023_2JVD_indels,morgan
GaussianProcessRegressor,1.26750913932474,1.0286953138032693,1.014246180078224,0.9219227128535122,-0.0560782275717741,0.101098649633806,100.0,44,score,40,none,YNZC_BACSU_Tsuboyama_2023_2JVD_indels,morgan
GaussianProcessRegressor,1.0399144282228057,1.0318166655757353,1.0157837691042988,0.912394703690762,-0.0592826668292123,-0.2586072710063133,100.0,44,score,60,none,YNZC_BACSU_Tsuboyama_2023_2JVD_indels,morgan
GaussianProcessRegressor,0.9784716044153648,1.0152202235413432,1.0075813731611671,0.9069011632575268,-0.042244442923168,-0.0822612745660622,100.0,44,score,80,none,YNZC_BACSU_Tsuboyama_2023_2JVD_indels,morgan
GaussianProcessRegressor,1.282036364247381,1.3881630636430855,1.178203320162987,1.00971363754041,-0.1884250001277552,-0.0547226326089883,100.0,45,score,20,none,YNZC_BACSU_Tsuboyama_2023_2JVD_indels,morgan
GaussianProcessRegressor,0.9393720202617114,1.7016383750778117,1.3044686178968858,1.1406092762555018,-0.4567954148066806,-0.0881924390422563,100.0,45,score,40,none,YNZC_BACSU_Tsuboyama_2023_2JVD_indels,morgan
GaussianProcessRegressor,1.0285449667959905,1.353757794265321,1.163510977286128,1.0449856806339832,-0.1589701879838858,-0.0881924390422563,100.0,45,score,60,none,YNZC_BACSU_Tsuboyama_2023_2JVD_indels,morgan
GaussianProcessRegressor,1.0120938413030012,1.202259825590044,1.0964760943997112,0.9704565659743172,-0.0292707469328004,0.0316212326338777,100.0,45,score,80,none,YNZC_BACSU_Tsuboyama_2023_2JVD_indels,morgan
GaussianProcessRegressor,1.0251545779291238,1.2097196575218314,1.0998725642190696,0.8556226321315424,-0.3652782067403541,-0.013775911926882,100.0,46,score,20,none,YNZC_BACSU_Tsuboyama_2023_2JVD_indels,morgan
GaussianProcessRegressor,0.8913073924744435,1.1581682203938546,1.076182243113988,0.902074095678968,-0.3070977405477542,0.0688795596344102,100.0,46,score,40,none,YNZC_BACSU_Tsuboyama_2023_2JVD_indels,morgan
GaussianProcessRegressor,0.9014657379000224,1.1349392230694586,1.0653352632244268,0.919937931271584,-0.2808817130456504,0.1158797297378902,100.0,46,score,60,none,YNZC_BACSU_Tsuboyama_2023_2JVD_indels,morgan
GaussianProcessRegressor,0.9992572746380002,1.051735653605367,1.0255416391377616,0.8809772596849298,-0.1869789485447923,0.2422939803610431,100.0,46,score,80,none,YNZC_BACSU_Tsuboyama_2023_2JVD_indels,morgan
GaussianProcessRegressor,0.5808367439051206,1.4229185293188982,1.1928614879016333,0.9459856798621205,-0.6506610870080731,-0.0577629324230903,100.0,47,score,20,none,YNZC_BACSU_Tsuboyama_2023_2JVD_indels,morgan
GaussianProcessRegressor,0.8103502193951566,1.280428019158212,1.131559993618638,0.9018688868244392,-0.4853645253681338,0.0186880075486468,100.0,47,score,40,none,YNZC_BACSU_Tsuboyama_2023_2JVD_indels,morgan
GaussianProcessRegressor,0.7249878662693978,1.1636364638889982,1.078719826409526,0.8612890028498066,-0.3498801166674314,0.0186880075486468,100.0,47,score,60,none,YNZC_BACSU_Tsuboyama_2023_2JVD_indels,morgan
GaussianProcessRegressor,1.0509280174681543,1.03616156641259,1.0179202161331653,0.8337962932342498,-0.2020024634504404,-0.0322792857658445,100.0,47,score,80,none,YNZC_BACSU_Tsuboyama_2023_2JVD_indels,morgan
GaussianProcessRegressor,0.9603739850540578,1.3507877393149927,1.1622339434532931,1.0741003269842495,-0.3913259532834052,-0.0865040813771261,100.0,48,score,20,none,YNZC_BACSU_Tsuboyama_2023_2JVD_indels,morgan
GaussianProcessRegressor,0.9692492085834123,1.503168798361366,1.2260378454033816,1.1013400548152017,-0.5482800890586861,-0.0547270718916512,100.0,48,score,40,none,YNZC_BACSU_Tsuboyama_2023_2JVD_indels,morgan
GaussianProcessRegressor,0.8793722209812476,1.5944182968022498,1.26270277452861,1.1471275568568855,-0.6422680574935178,-0.0105923364951583,100.0,48,score,60,none,YNZC_BACSU_Tsuboyama_2023_2JVD_indels,morgan
GaussianProcessRegressor,0.9147185678534934,1.66368214040128,1.2898380287467417,1.1639723985983623,-0.7136105641055215,-0.0105923364951583,100.0,48,score,80,none,YNZC_BACSU_Tsuboyama_2023_2JVD_indels,morgan
GaussianProcessRegressor,1.1275614480701892,0.8541046594509938,0.9241778289111864,0.8018409357823014,0.1559288957883781,0.3477817149243644,100.0,49,score,20,none,YNZC_BACSU_Tsuboyama_2023_2JVD_indels,morgan
GaussianProcessRegressor,1.0063984596088815,0.8477011145959761,0.9207068559514348,0.7867367578922138,0.162257215294465,0.3689663879146809,100.0,49,score,40,none,YNZC_BACSU_Tsuboyama_2023_2JVD_indels,morgan
GaussianProcessRegressor,0.9694572343364776,0.9451947088169323,0.9722112470121566,0.8859743605754232,0.0659089225916266,0.0794425237136872,100.0,49,score,60,none,YNZC_BACSU_Tsuboyama_2023_2JVD_indels,morgan
GaussianProcessRegressor,1.075202014058788,0.9250688266529498,0.9618049836910546,0.8988839008031023,0.0857983768797057,0.3954472291525767,100.0,49,score,80,none,YNZC_BACSU_Tsuboyama_2023_2JVD_indels,morgan
GaussianProcessRegressor,1.2216036705088933,0.9938384764795704,0.996914478016831,0.8748195392483098,0.1497963480876823,0.372209837274998,100.0,50,score,20,none,YNZC_BACSU_Tsuboyama_2023_2JVD_indels,morgan
GaussianProcessRegressor,1.1394686716982418,1.0785382044336995,1.038526939676434,0.9258996429375784,0.0773378754818868,0.372209837274998,100.0,50,score,40,none,YNZC_BACSU_Tsuboyama_2023_2JVD_indels,morgan
GaussianProcessRegressor,1.061977131922818,1.234745136539002,1.1111908641358612,1.0502686643999346,-0.0562931996606113,0.2235245916099457,100.0,50,score,60,none,YNZC_BACSU_Tsuboyama_2023_2JVD_indels,morgan
GaussianProcessRegressor,0.9846943645345144,1.1549608371346962,1.0746910426418823,0.986468923490336,0.0119602482830505,0.2235245916099457,100.0,50,score,80,none,YNZC_BACSU_Tsuboyama_2023_2JVD_indels,morgan
GaussianProcessRegressor,0.8338523575479784,1.2117668095073466,1.10080280227993,0.9746438791253176,-0.037372978508438,0.3317213783242993,100.0,51,score,20,none,YNZC_BACSU_Tsuboyama_2023_2JVD_indels,morgan
GaussianProcessRegressor,1.190761463459015,0.8658538686497484,0.9305126912889198,0.8162942882373893,0.2587572133293375,0.4764083624870256,100.0,51,score,40,none,YNZC_BACSU_Tsuboyama_2023_2JVD_indels,morgan
GaussianProcessRegressor,1.0705183004986747,1.0252080573146871,1.0125255835358864,0.9506641554738898,0.1223367997347852,0.4552346574876023,100.0,51,score,60,none,YNZC_BACSU_Tsuboyama_2023_2JVD_indels,morgan
GaussianProcessRegressor,1.0245463274263766,0.9911309554563594,0.9955556013886716,0.929959019974319,0.1515096276884417,0.4552346574876023,100.0,51,score,80,none,YNZC_BACSU_Tsuboyama_2023_2JVD_indels,morgan
GaussianProcessRegressor,0.7700687138907425,0.8710969023915677,0.9333257214882528,0.8036063137452792,0.1432447244138962,0.5503759398496241,100.0,42,score,20,none,YNZC_BACSU_Tsuboyama_2023_2JVD_indels,ngram
GaussianProcessRegressor,0.5572570508865138,0.813595810385249,0.9019954602908204,0.79260647718652,0.1997991258738507,0.3969924812030075,100.0,42,score,40,none,YNZC_BACSU_Tsuboyama_2023_2JVD_indels,ngram
GaussianProcessRegressor,0.6045573804584852,0.6433561953674038,0.8020948792801285,0.700478826572311,0.3672359378747311,0.6812030075187969,100.0,42,score,60,none,YNZC_BACSU_Tsuboyama_2023_2JVD_indels,ngram
GaussianProcessRegressor,0.407625550810241,0.5874848790508708,0.7664756219547173,0.668178660544841,0.4221873960611964,0.7082706766917292,100.0,42,score,80,none,YNZC_BACSU_Tsuboyama_2023_2JVD_indels,ngram
GaussianProcessRegressor,1.1507293744545983,0.650558578139478,0.8065721158950873,0.6927541304753426,0.2865210915718086,0.4691729323308269,100.0,43,score,20,none,YNZC_BACSU_Tsuboyama_2023_2JVD_indels,ngram
GaussianProcessRegressor,0.5795989405081643,0.4291668458669638,0.6551082703393111,0.5247984784248307,0.5293252552315397,0.6571428571428571,100.0,43,score,40,none,YNZC_BACSU_Tsuboyama_2023_2JVD_indels,ngram
GaussianProcessRegressor,0.6432716250437114,0.7274003376986937,0.8528776803848801,0.7042564280364083,0.2022473972815821,0.5308270676691729,100.0,43,score,60,none,YNZC_BACSU_Tsuboyama_2023_2JVD_indels,ngram
GaussianProcessRegressor,0.527316734682971,0.6508067574328683,0.8067259493984734,0.5909628395430792,0.2862489090239295,0.669172932330827,100.0,43,score,80,none,YNZC_BACSU_Tsuboyama_2023_2JVD_indels,ngram
GaussianProcessRegressor,1.1486313415798437,0.3323506135133491,0.5764985806689805,0.4480775336281786,0.65880252185275,0.831578947368421,100.0,44,score,20,none,YNZC_BACSU_Tsuboyama_2023_2JVD_indels,ngram
GaussianProcessRegressor,0.5679116560496459,0.3699860800785356,0.6082648108172424,0.4960924809594542,0.620165234124617,0.6676691729323309,100.0,44,score,40,none,YNZC_BACSU_Tsuboyama_2023_2JVD_indels,ngram
GaussianProcessRegressor,0.7082073814310013,0.6144351241213755,0.7838591226243243,0.6311315484430282,0.3692091835814067,0.6,100.0,44,score,60,none,YNZC_BACSU_Tsuboyama_2023_2JVD_indels,ngram
GaussianProcessRegressor,0.5728294890957675,0.5436055564603687,0.7372961117898077,0.5870708318488108,0.4419241685447933,0.6511278195488721,100.0,44,score,80,none,YNZC_BACSU_Tsuboyama_2023_2JVD_indels,ngram
GaussianProcessRegressor,0.7926879714118664,0.629126863967661,0.7931751786129349,0.6957875685139756,0.4613960614764077,0.7774436090225564,100.0,45,score,20,none,YNZC_BACSU_Tsuboyama_2023_2JVD_indels,ngram
GaussianProcessRegressor,0.5850268960244546,0.6971435099474597,0.8349512021354659,0.6793643587480689,0.4031660994321109,0.7578947368421052,100.0,45,score,40,none,YNZC_BACSU_Tsuboyama_2023_2JVD_indels,ngram
GaussianProcessRegressor,0.5488553663999174,0.9860477717461376,0.9929993815436834,0.7786054234521147,0.1558312895979253,0.613533834586466,100.0,45,score,60,none,YNZC_BACSU_Tsuboyama_2023_2JVD_indels,ngram
GaussianProcessRegressor,0.4358854527623421,1.0400028504476102,1.019805300264521,0.7735157192410621,0.1096396237251782,0.6105263157894737,100.0,45,score,80,none,YNZC_BACSU_Tsuboyama_2023_2JVD_indels,ngram
GaussianProcessRegressor,0.7755399858473029,0.3993143623032752,0.6319132553628506,0.5039421032767054,0.5493375732953689,0.8691729323308269,100.0,46,score,20,none,YNZC_BACSU_Tsuboyama_2023_2JVD_indels,ngram
GaussianProcessRegressor,0.4899414707305086,0.3256181427754606,0.5706296020848031,0.4643575328400249,0.6325104322423705,0.8481203007518796,100.0,46,score,40,none,YNZC_BACSU_Tsuboyama_2023_2JVD_indels,ngram
GaussianProcessRegressor,0.5468671581168117,0.3820038991511002,0.618064639945613,0.5057773533329855,0.5688739988988523,0.7473684210526315,100.0,46,score,60,none,YNZC_BACSU_Tsuboyama_2023_2JVD_indels,ngram
GaussianProcessRegressor,0.5883438743320456,0.4182843140262082,0.6467490348088725,0.5233247374908799,0.5279282645276724,0.8330827067669173,100.0,46,score,80,none,YNZC_BACSU_Tsuboyama_2023_2JVD_indels,ngram
GaussianProcessRegressor,0.7982566775676857,0.8438989343158865,0.9186397195396498,0.7027160430670498,0.0210324037950421,0.512781954887218,100.0,47,score,20,none,YNZC_BACSU_Tsuboyama_2023_2JVD_indels,ngram
GaussianProcessRegressor,0.489952776125757,0.6926064944700914,0.8322298327205601,0.6146995283874651,0.1965396714750139,0.5654135338345864,100.0,47,score,40,none,YNZC_BACSU_Tsuboyama_2023_2JVD_indels,ngram
GaussianProcessRegressor,0.5620113202573848,0.579563128155835,0.7612904361384261,0.5594241024849429,0.3276759818642386,0.5789473684210527,100.0,47,score,60,none,YNZC_BACSU_Tsuboyama_2023_2JVD_indels,ngram
GaussianProcessRegressor,0.478366582506213,0.4823831682281966,0.6945380970315427,0.4957066942882169,0.4404098980964911,0.6481203007518795,100.0,47,score,80,none,YNZC_BACSU_Tsuboyama_2023_2JVD_indels,ngram
GaussianProcessRegressor,0.6967788657568849,0.7069560350973816,0.8408067763150946,0.7008177620534444,0.2718276522408145,0.5323308270676691,100.0,48,score,20,none,YNZC_BACSU_Tsuboyama_2023_2JVD_indels,ngram
GaussianProcessRegressor,0.3591890577220017,0.5397798006505538,0.7346970808779315,0.6226754528228372,0.4440209783928689,0.613533834586466,100.0,48,score,40,none,YNZC_BACSU_Tsuboyama_2023_2JVD_indels,ngram
GaussianProcessRegressor,0.4988960137224849,0.5874531046628692,0.766454894082404,0.5883164670054868,0.3949169606256207,0.724812030075188,100.0,48,score,60,none,YNZC_BACSU_Tsuboyama_2023_2JVD_indels,ngram
GaussianProcessRegressor,0.4509600678944368,0.8079822093202266,0.8988783061795554,0.7202079259754628,0.167769602211092,0.6436090225563909,100.0,48,score,80,none,YNZC_BACSU_Tsuboyama_2023_2JVD_indels,ngram
GaussianProcessRegressor,0.5414524984489801,0.8379135893623966,0.9153762010028428,0.729432149002995,0.1719297620251161,0.1699248120300751,100.0,49,score,20,none,YNZC_BACSU_Tsuboyama_2023_2JVD_indels,ngram
GaussianProcessRegressor,0.8363117381566927,0.6724128086431169,0.8200078101110482,0.6884481985661721,0.3354863299279319,0.5308270676691729,100.0,49,score,40,none,YNZC_BACSU_Tsuboyama_2023_2JVD_indels,ngram
GaussianProcessRegressor,0.7331532874707419,0.5814916857481653,0.7625560213834557,0.6071603353504389,0.4253393611096518,0.631578947368421,100.0,49,score,60,none,YNZC_BACSU_Tsuboyama_2023_2JVD_indels,ngram
GaussianProcessRegressor,0.5165390790921875,0.4760906388981651,0.689993216559529,0.5728760636720397,0.5295022140051349,0.6827067669172932,100.0,49,score,80,none,YNZC_BACSU_Tsuboyama_2023_2JVD_indels,ngram
GaussianProcessRegressor,1.1231389903789255,0.5945321660793647,0.7710591197044262,0.600847684775621,0.4913927859076937,0.7578947368421052,100.0,50,score,20,none,YNZC_BACSU_Tsuboyama_2023_2JVD_indels,ngram
GaussianProcessRegressor,0.5225515184495682,0.6277899822514977,0.7923319899205747,0.6102613764912289,0.4629415662846252,0.6451127819548872,100.0,50,score,40,none,YNZC_BACSU_Tsuboyama_2023_2JVD_indels,ngram
GaussianProcessRegressor,0.7086119861260542,0.7490001202963998,0.8654479304362567,0.7439729848273607,0.359249362316418,0.6,100.0,50,score,60,none,YNZC_BACSU_Tsuboyama_2023_2JVD_indels,ngram
GaussianProcessRegressor,0.6319441416381861,0.566437901819133,0.7526206892048165,0.6458156217768941,0.5154267176150357,0.7729323308270677,100.0,50,score,80,none,YNZC_BACSU_Tsuboyama_2023_2JVD_indels,ngram
GaussianProcessRegressor,0.8912186190987053,0.8327141639580141,0.9125317331238482,0.8054904692625128,0.2871275514944267,0.5022556390977443,100.0,51,score,20,none,YNZC_BACSU_Tsuboyama_2023_2JVD_indels,ngram
GaussianProcessRegressor,0.5518627676728199,0.591439224031822,0.7690508591971158,0.6584551458173646,0.4936789284647503,0.6466165413533834,100.0,51,score,40,none,YNZC_BACSU_Tsuboyama_2023_2JVD_indels,ngram
GaussianProcessRegressor,0.4404177416395816,0.6292358203533861,0.7932438593228353,0.6481716265330043,0.4613219044928502,0.6075187969924812,100.0,51,score,60,none,YNZC_BACSU_Tsuboyama_2023_2JVD_indels,ngram
GaussianProcessRegressor,0.4426529687730787,0.6520478266510562,0.8074947842872152,0.6272540718537758,0.4417929334622044,0.6511278195488721,100.0,51,score,80,none,YNZC_BACSU_Tsuboyama_2023_2JVD_indels,ngram
GaussianProcessRegressor,1.2484632459517842,1.017283967179319,1.0086049609134982,0.9279360418897696,-0.0005355354349141,0.2347186523281447,100.0,42,score,20,none,YNZC_BACSU_Tsuboyama_2023_2JVD_indels,physchem
GaussianProcessRegressor,0.898294395537356,1.027152651529508,1.0134853977880036,0.8895397526457092,-0.0102417430415595,0.225563909774436,100.0,42,score,40,none,YNZC_BACSU_Tsuboyama_2023_2JVD_indels,physchem
GaussianProcessRegressor,0.8714431021645124,0.940813398131341,0.9699553588342822,0.7901837364799569,0.0746760320486263,0.3473684210526315,100.0,42,score,60,none,YNZC_BACSU_Tsuboyama_2023_2JVD_indels,physchem
GaussianProcessRegressor,0.9298271262413772,0.8209648896274642,0.9060711283489084,0.7535058011439537,0.1925513701997732,0.4075187969924811,100.0,42,score,80,none,YNZC_BACSU_Tsuboyama_2023_2JVD_indels,physchem
GaussianProcessRegressor,1.3000687512761522,1.1999671666489544,1.095430128601982,1.0120866101111696,-0.3160248638314151,,100.0,43,score,20,none,YNZC_BACSU_Tsuboyama_2023_2JVD_indels,physchem
GaussianProcessRegressor,1.0420038734036603,1.2916602751162016,1.1365123295047008,1.0279901003002148,-0.4165862907926829,,100.0,43,score,40,none,YNZC_BACSU_Tsuboyama_2023_2JVD_indels,physchem
GaussianProcessRegressor,0.9099910344426686,1.00121798401227,1.000608806683346,0.9167466101627244,-0.0980531782006484,0.3308270676691728,100.0,43,score,60,none,YNZC_BACSU_Tsuboyama_2023_2JVD_indels,physchem
GaussianProcessRegressor,0.920387541113924,1.280355443040374,1.131527924109862,1.03328981297858,-0.4041880848194517,0.1413533834586466,100.0,43,score,80,none,YNZC_BACSU_Tsuboyama_2023_2JVD_indels,physchem
GaussianProcessRegressor,1.2292549245995663,0.9790337583873548,0.9894613475964358,0.8844364861916107,-0.0050947276779207,,100.0,44,score,20,none,YNZC_BACSU_Tsuboyama_2023_2JVD_indels,physchem
GaussianProcessRegressor,0.966134762081952,1.2551895302247398,1.1203524134060403,1.0101074122471885,-0.2886015096593495,-0.1278195488721804,100.0,44,score,40,none,YNZC_BACSU_Tsuboyama_2023_2JVD_indels,physchem
GaussianProcessRegressor,0.9520701036538902,1.062228460923151,1.0306446821883626,0.9438003103670608,-0.0905039959213331,-0.1368421052631578,100.0,44,score,60,none,YNZC_BACSU_Tsuboyama_2023_2JVD_indels,physchem
GaussianProcessRegressor,0.8563779836776353,1.018926683228972,1.0094189829941638,0.918803150484032,-0.0460495651250041,-0.1263157894736842,100.0,44,score,80,none,YNZC_BACSU_Tsuboyama_2023_2JVD_indels,physchem
GaussianProcessRegressor,1.092389329872175,1.1840563886172215,1.0881435514752738,0.9727621818686044,-0.013686540614864,,100.0,45,score,20,none,YNZC_BACSU_Tsuboyama_2023_2JVD_indels,physchem
GaussianProcessRegressor,0.951030929299338,0.7930245055609191,0.8905192336838768,0.7219718287035889,0.321081094284998,0.5142857142857143,100.0,45,score,40,none,YNZC_BACSU_Tsuboyama_2023_2JVD_indels,physchem
GaussianProcessRegressor,0.8973700981387542,1.0892764708939495,1.0436840857721026,0.9182118367278936,0.067455816996049,0.2060150375939849,100.0,45,score,60,none,YNZC_BACSU_Tsuboyama_2023_2JVD_indels,physchem
GaussianProcessRegressor,0.8750313617355261,1.1623198479678714,1.0781093859010185,0.9611706991510024,0.0049224031040293,-0.0045112781954887,100.0,45,score,80,none,YNZC_BACSU_Tsuboyama_2023_2JVD_indels,physchem
GaussianProcessRegressor,0.9320282480753216,0.9012648463060564,0.9493496965323454,0.8432766906170286,-0.0171590132572905,,100.0,46,score,20,none,YNZC_BACSU_Tsuboyama_2023_2JVD_indels,physchem
GaussianProcessRegressor,0.6042968223283716,1.0124183988991664,1.0061900411448954,0.8283787817019691,-0.1426058653552546,0.2781954887218045,100.0,46,score,40,none,YNZC_BACSU_Tsuboyama_2023_2JVD_indels,physchem
GaussianProcessRegressor,1.0523733046012649,0.9144159723629268,0.9562509986206168,0.8522937661541029,-0.0320012502069007,,100.0,46,score,60,none,YNZC_BACSU_Tsuboyama_2023_2JVD_indels,physchem
GaussianProcessRegressor,1.032327369262561,0.7723653022272059,0.8788431613360861,0.7675570391654725,0.1283157976175969,0.3804511278195489,100.0,46,score,80,none,YNZC_BACSU_Tsuboyama_2023_2JVD_indels,physchem
GaussianProcessRegressor,0.8651703346533944,1.1514814779223186,1.073071049801605,0.851129237430048,-0.3357796872085987,0.3413533834586466,100.0,47,score,20,none,YNZC_BACSU_Tsuboyama_2023_2JVD_indels,physchem
GaussianProcessRegressor,0.7785600269964845,1.2692275833651934,1.1266000103697822,0.9315249856060912,-0.4723714248215285,0.0947368421052631,100.0,47,score,40,none,YNZC_BACSU_Tsuboyama_2023_2JVD_indels,physchem
GaussianProcessRegressor,0.9002132198796614,1.124519902445712,1.0604338274714324,0.8996702620606524,-0.3045028273134869,-0.0586466165413533,100.0,47,score,60,none,YNZC_BACSU_Tsuboyama_2023_2JVD_indels,physchem
GaussianProcessRegressor,0.9068542228207084,1.003408753731157,1.0017029268855897,0.8599477584996601,-0.1640074607364168,0.0661654135338345,100.0,47,score,80,none,YNZC_BACSU_Tsuboyama_2023_2JVD_indels,physchem
GaussianProcessRegressor,1.1403425073543931,1.037021513009683,1.018342532259987,0.9540127113593926,-0.0681433530743196,,100.0,48,score,20,none,YNZC_BACSU_Tsuboyama_2023_2JVD_indels,physchem
GaussianProcessRegressor,0.9270547882641598,1.5764758811956765,1.2555779072585167,1.0797432433748977,-0.6237871757299016,-0.1566266836473595,100.0,48,score,40,none,YNZC_BACSU_Tsuboyama_2023_2JVD_indels,physchem
GaussianProcessRegressor,0.9000143949719922,2.1583340280351626,1.4691269611695112,1.2177243094986083,-1.2231073481484804,-0.1007518796992481,100.0,48,score,60,none,YNZC_BACSU_Tsuboyama_2023_2JVD_indels,physchem
GaussianProcessRegressor,0.8261723431694993,2.527296986034352,1.5897474598295012,1.2963202909247626,-1.6031431778524237,-0.112781954887218,100.0,48,score,80,none,YNZC_BACSU_Tsuboyama_2023_2JVD_indels,physchem
GaussianProcessRegressor,1.12950084793588,1.0302919338308922,1.0150329717949522,0.9357027143745522,-0.0181886266818405,0.0661903017850566,100.0,49,score,20,none,YNZC_BACSU_Tsuboyama_2023_2JVD_indels,physchem
GaussianProcessRegressor,0.8890146528616567,0.9545211409959268,0.9769959779834956,0.8762420603385648,0.05669205224609,0.1834586466165413,100.0,49,score,40,none,YNZC_BACSU_Tsuboyama_2023_2JVD_indels,physchem
GaussianProcessRegressor,0.9971209956433882,0.9861865143977756,0.9930692394781824,0.8852220375566866,0.0253986663632028,0.0360902255639097,100.0,49,score,60,none,YNZC_BACSU_Tsuboyama_2023_2JVD_indels,physchem
GaussianProcessRegressor,0.9358072528303748,0.9977004325909526,0.9988495545330902,0.8988317626605726,0.0140200073949164,0.0947368421052631,100.0,49,score,80,none,YNZC_BACSU_Tsuboyama_2023_2JVD_indels,physchem
GaussianProcessRegressor,1.2193057201626298,1.1696530398560827,1.0815049883639385,0.9805539005322892,-0.000608559127794,,100.0,50,score,20,none,YNZC_BACSU_Tsuboyama_2023_2JVD_indels,physchem
GaussianProcessRegressor,1.0114765896221187,0.9454228897251036,0.9723285914366108,0.8182101890296319,0.1912146566381176,0.3248120300751879,100.0,50,score,40,none,YNZC_BACSU_Tsuboyama_2023_2JVD_indels,physchem
GaussianProcessRegressor,0.9799308607661316,1.0877284710130632,1.042942218444082,0.9436511635944324,0.0694758351275022,0.3654135338345864,100.0,50,score,60,none,YNZC_BACSU_Tsuboyama_2023_2JVD_indels,physchem
GaussianProcessRegressor,0.9154619392962072,1.0186776266294024,1.009295609140059,0.9324333848348872,0.1285470840799212,0.4601503759398496,100.0,50,score,80,none,YNZC_BACSU_Tsuboyama_2023_2JVD_indels,physchem
GaussianProcessRegressor,0.8402109480040364,2.287300640257432,1.512382438491479,1.097543393709931,-0.9581192184103338,0.4075187969924811,100.0,51,score,20,none,YNZC_BACSU_Tsuboyama_2023_2JVD_indels,physchem
GaussianProcessRegressor,0.8611355455201309,1.3146308628678534,1.1465735313828995,1.0278626620884734,-0.1254331469986302,0.0210526315789473,100.0,51,score,40,none,YNZC_BACSU_Tsuboyama_2023_2JVD_indels,physchem
GaussianProcessRegressor,0.9403048934039422,1.185064015194185,1.0886064556092734,0.9970897684310333,-0.0145131699596259,0.1097744360902255,100.0,51,score,60,none,YNZC_BACSU_Tsuboyama_2023_2JVD_indels,physchem
GaussianProcessRegressor,0.98395011037034,1.0600221824599048,1.0295737867971897,0.9309467296822618,0.0925330186667573,0.1849624060150375,100.0,51,score,80,none,YNZC_BACSU_Tsuboyama_2023_2JVD_indels,physchem
GaussianProcessRegressor,0.2971632958669473,0.2174728648631568,0.4663398598266685,0.3766362244731654,0.6064803083311712,0.7398496240601502,100.0,42,score,20,facebook/esm2_t33_650M_UR50D,MAFG_MOUSE_Tsuboyama_2023_1K1V_indels,esm
GaussianProcessRegressor,0.1548727695265558,0.1985051258778347,0.4455391406799572,0.3455782454712089,0.6408026537964573,0.813533834586466,100.0,42,score,40,facebook/esm2_t33_650M_UR50D,MAFG_MOUSE_Tsuboyama_2023_1K1V_indels,esm
GaussianProcessRegressor,0.1137739750087538,0.2295747956339461,0.47913964105879,0.4062571755160147,0.5845817231053079,0.7233082706766917,100.0,42,score,60,facebook/esm2_t33_650M_UR50D,MAFG_MOUSE_Tsuboyama_2023_1K1V_indels,esm
GaussianProcessRegressor,0.1190647936245691,0.1848997950157662,0.4299997616461737,0.3333439948008249,0.6654216590652873,0.8090225563909773,100.0,42,score,80,facebook/esm2_t33_650M_UR50D,MAFG_MOUSE_Tsuboyama_2023_1K1V_indels,esm
GaussianProcessRegressor,0.2954284053040961,0.4192200488020606,0.6474720448035272,0.554928976561319,0.1161470830181353,0.5639097744360902,100.0,43,score,20,facebook/esm2_t33_650M_UR50D,MAFG_MOUSE_Tsuboyama_2023_1K1V_indels,esm
GaussianProcessRegressor,0.1391736615480416,0.2956717127873224,0.5437570347014579,0.4288448879652725,0.3766273665516199,0.5203007518796992,100.0,43,score,40,facebook/esm2_t33_650M_UR50D,MAFG_MOUSE_Tsuboyama_2023_1K1V_indels,esm
GaussianProcessRegressor,0.1413871747668972,0.2552311072178982,0.5052040253381778,0.3943591948558392,0.4618893841941142,0.475187969924812,100.0,43,score,60,facebook/esm2_t33_650M_UR50D,MAFG_MOUSE_Tsuboyama_2023_1K1V_indels,esm
GaussianProcessRegressor,0.148014752253273,0.1919078273830238,0.4380728562499894,0.3335744763955334,0.5953955601388117,0.6736842105263157,100.0,43,score,80,facebook/esm2_t33_650M_UR50D,MAFG_MOUSE_Tsuboyama_2023_1K1V_indels,esm
GaussianProcessRegressor,0.1379375559782072,0.1673576820031774,0.4090937325395947,0.3234643626496883,0.4582786143610322,0.5834586466165413,100.0,44,score,20,facebook/esm2_t33_650M_UR50D,MAFG_MOUSE_Tsuboyama_2023_1K1V_indels,esm
GaussianProcessRegressor,0.169067235611261,0.1626136110780144,0.4032537799922209,0.3039051755654731,0.4736347345246708,0.724812030075188,100.0,44,score,40,facebook/esm2_t33_650M_UR50D,MAFG_MOUSE_Tsuboyama_2023_1K1V_indels,esm
GaussianProcessRegressor,0.1623266176865792,0.1933843621295957,0.4397548886932307,0.325236161460677,0.3740326505492375,0.675187969924812,100.0,44,score,60,facebook/esm2_t33_650M_UR50D,MAFG_MOUSE_Tsuboyama_2023_1K1V_indels,esm
GaussianProcessRegressor,0.1470040019159662,0.1768872484378834,0.4205796576605714,0.3136302773158875,0.4274322864736184,0.7007518796992479,100.0,44,score,80,facebook/esm2_t33_650M_UR50D,MAFG_MOUSE_Tsuboyama_2023_1K1V_indels,esm
GaussianProcessRegressor,0.2740045713354681,0.357096348222628,0.5975753912458478,0.4896579800690716,0.3413249599480789,0.7127819548872181,100.0,45,score,20,facebook/esm2_t33_650M_UR50D,MAFG_MOUSE_Tsuboyama_2023_1K1V_indels,esm
GaussianProcessRegressor,0.1223223994047567,0.2130690408224644,0.4615940216493974,0.3444995466768201,0.6069876947885628,0.8481203007518796,100.0,45,score,40,facebook/esm2_t33_650M_UR50D,MAFG_MOUSE_Tsuboyama_2023_1K1V_indels,esm
GaussianProcessRegressor,0.1219413540606855,0.3183962521093745,0.5642661181653339,0.4413335138168662,0.4127084604635153,0.6932330827067669,100.0,45,score,60,facebook/esm2_t33_650M_UR50D,MAFG_MOUSE_Tsuboyama_2023_1K1V_indels,esm
GaussianProcessRegressor,0.1099420583195459,0.2387084770942407,0.4885780153611507,0.3574035884376821,0.5596949772985136,0.8601503759398496,100.0,45,score,80,facebook/esm2_t33_650M_UR50D,MAFG_MOUSE_Tsuboyama_2023_1K1V_indels,esm
GaussianProcessRegressor,0.237940176656227,0.2163380232183077,0.4651215144650995,0.3740738711739043,0.1200588539703444,0.6781954887218045,100.0,46,score,20,facebook/esm2_t33_650M_UR50D,MAFG_MOUSE_Tsuboyama_2023_1K1V_indels,esm
GaussianProcessRegressor,0.1619496787141386,0.1907662419972276,0.4367679498283129,0.3330493957166485,0.224070447212048,0.7097744360902255,100.0,46,score,40,facebook/esm2_t33_650M_UR50D,MAFG_MOUSE_Tsuboyama_2023_1K1V_indels,esm
GaussianProcessRegressor,0.1294764046853235,0.0971649495040008,0.3117129280347558,0.2345438412958125,0.6047877495201748,0.8090225563909773,100.0,46,score,60,facebook/esm2_t33_650M_UR50D,MAFG_MOUSE_Tsuboyama_2023_1K1V_indels,esm
GaussianProcessRegressor,0.1315552035461452,0.0721709052126471,0.2686464316022961,0.1889229060116359,0.7064494345558014,0.8345864661654135,100.0,46,score,80,facebook/esm2_t33_650M_UR50D,MAFG_MOUSE_Tsuboyama_2023_1K1V_indels,esm
GaussianProcessRegressor,0.1971326162932735,1.0184779874096084,1.0091967040223666,0.7812992673077458,-0.6144548775088385,0.263157894736842,100.0,47,score,20,facebook/esm2_t33_650M_UR50D,MAFG_MOUSE_Tsuboyama_2023_1K1V_indels,esm
GaussianProcessRegressor,0.2297838053752513,0.3537683721168061,0.5947843072213709,0.4863039072960732,0.439219029833937,0.5654135338345864,100.0,47,score,40,facebook/esm2_t33_650M_UR50D,MAFG_MOUSE_Tsuboyama_2023_1K1V_indels,esm
GaussianProcessRegressor,0.1882188374032289,0.260137751373959,0.5100370098080718,0.3940870290391994,0.5876389409278777,0.806015037593985,100.0,47,score,60,facebook/esm2_t33_650M_UR50D,MAFG_MOUSE_Tsuboyama_2023_1K1V_indels,esm
GaussianProcessRegressor,0.1678030111142495,0.2204248351521058,0.4694942333534096,0.36827180328314,0.6505904353018894,0.813533834586466,100.0,47,score,80,facebook/esm2_t33_650M_UR50D,MAFG_MOUSE_Tsuboyama_2023_1K1V_indels,esm
GaussianProcessRegressor,0.3296791924819102,0.3008160479133644,0.5484669980166212,0.3878098256761071,0.4664632619970708,0.6481203007518795,100.0,48,score,20,facebook/esm2_t33_650M_UR50D,MAFG_MOUSE_Tsuboyama_2023_1K1V_indels,esm
GaussianProcessRegressor,0.2753823623905749,0.2993110907031374,0.5470933107826648,0.4318701710356169,0.4691325011096388,0.6812030075187969,100.0,48,score,40,facebook/esm2_t33_650M_UR50D,MAFG_MOUSE_Tsuboyama_2023_1K1V_indels,esm
GaussianProcessRegressor,0.2520195373176108,0.2749331374757289,0.5243406692940468,0.4121658996866194,0.5123700003533143,0.7022556390977444,100.0,48,score,60,facebook/esm2_t33_650M_UR50D,MAFG_MOUSE_Tsuboyama_2023_1K1V_indels,esm
GaussianProcessRegressor,0.1305687667817654,0.2571130527326603,0.5070631644407433,0.3967000296167137,0.5439762592304698,0.732330827067669,100.0,48,score,80,facebook/esm2_t33_650M_UR50D,MAFG_MOUSE_Tsuboyama_2023_1K1V_indels,esm
GaussianProcessRegressor,0.3729205888162978,0.3510594215279515,0.592502676388851,0.4330810288938996,0.3375079467781017,0.6977443609022556,100.0,49,score,20,facebook/esm2_t33_650M_UR50D,MAFG_MOUSE_Tsuboyama_2023_1K1V_indels,esm
GaussianProcessRegressor,0.1783808509333284,0.3958348142054052,0.6291540464825807,0.4710710168361201,0.2530113060111446,0.77593984962406,100.0,49,score,40,facebook/esm2_t33_650M_UR50D,MAFG_MOUSE_Tsuboyama_2023_1K1V_indels,esm
GaussianProcessRegressor,0.1556621905510277,0.3394562368480062,0.582628729851186,0.4457094299326038,0.3594045750157739,0.7488721804511278,100.0,49,score,60,facebook/esm2_t33_650M_UR50D,MAFG_MOUSE_Tsuboyama_2023_1K1V_indels,esm
GaussianProcessRegressor,0.1564833262845187,0.2074306468608945,0.4554455476353836,0.3656045324231666,0.6085530063773578,0.8030075187969924,100.0,49,score,80,facebook/esm2_t33_650M_UR50D,MAFG_MOUSE_Tsuboyama_2023_1K1V_indels,esm
GaussianProcessRegressor,0.2485736591460949,0.3751753659685474,0.6125156046735034,0.4998439669729205,0.4501804890017256,0.6812030075187969,100.0,50,score,20,facebook/esm2_t33_650M_UR50D,MAFG_MOUSE_Tsuboyama_2023_1K1V_indels,esm
GaussianProcessRegressor,0.2702399981269937,0.3633212372837949,0.6027613435546402,0.4510920174642324,0.4675527149737997,0.8390977443609022,100.0,50,score,40,facebook/esm2_t33_650M_UR50D,MAFG_MOUSE_Tsuboyama_2023_1K1V_indels,esm
GaussianProcessRegressor,0.2122024661252103,0.2804200626371813,0.5295470353398094,0.3813485237257075,0.5890443891078763,0.8706766917293233,100.0,50,score,60,facebook/esm2_t33_650M_UR50D,MAFG_MOUSE_Tsuboyama_2023_1K1V_indels,esm
GaussianProcessRegressor,0.1638151717472272,0.2389447172127254,0.4888197185187248,0.3570803716280882,0.6498265091729517,0.900751879699248,100.0,50,score,80,facebook/esm2_t33_650M_UR50D,MAFG_MOUSE_Tsuboyama_2023_1K1V_indels,esm
GaussianProcessRegressor,0.48593802529244,0.281861843344133,0.53090662394072,0.4421537095727259,0.3958008322968859,0.6526315789473683,100.0,51,score,20,facebook/esm2_t33_650M_UR50D,MAFG_MOUSE_Tsuboyama_2023_1K1V_indels,esm
GaussianProcessRegressor,0.2521144908247986,0.6196690671289222,0.7871906167688498,0.6174120164110853,-0.3283228767986885,0.631578947368421,100.0,51,score,40,facebook/esm2_t33_650M_UR50D,MAFG_MOUSE_Tsuboyama_2023_1K1V_indels,esm
GaussianProcessRegressor,0.1549930302484316,0.1985312575375768,0.445568465600492,0.3428141229452545,0.5744283116008602,0.6661654135338345,100.0,51,score,60,facebook/esm2_t33_650M_UR50D,MAFG_MOUSE_Tsuboyama_2023_1K1V_indels,esm
GaussianProcessRegressor,0.1421896239183586,0.1489940940340793,0.3859975311243316,0.2881315551303191,0.6806161964315269,0.8466165413533834,100.0,51,score,80,facebook/esm2_t33_650M_UR50D,MAFG_MOUSE_Tsuboyama_2023_1K1V_indels,esm
GaussianProcessRegressor,0.2955558885849103,0.1399103166247552,0.374045875027055,0.2181723912626104,0.8038182258419027,0.8676691729323308,100.0,42,score,20,facebook/esm2_t33_650M_UR50D,PIN1_HUMAN_Tsuboyama_2023_1I6C_indels,esm
GaussianProcessRegressor,0.1014983777228993,0.1789408994337489,0.4230140652906815,0.2568184166230775,0.7490896742481734,0.8691729323308269,100.0,42,score,40,facebook/esm2_t33_650M_UR50D,PIN1_HUMAN_Tsuboyama_2023_1I6C_indels,esm
GaussianProcessRegressor,0.1809971281161294,0.0640129755967157,0.2530078567885112,0.1814212344513225,0.9102412214863024,0.9443609022556392,100.0,42,score,60,facebook/esm2_t33_650M_UR50D,PIN1_HUMAN_Tsuboyama_2023_1I6C_indels,esm
GaussianProcessRegressor,0.178898369696399,0.0452833773850299,0.2127989130259595,0.1688144252781969,0.9365038009377648,0.950375939849624,100.0,42,score,80,facebook/esm2_t33_650M_UR50D,PIN1_HUMAN_Tsuboyama_2023_1I6C_indels,esm
GaussianProcessRegressor,0.1496868987474555,0.1232007350409253,0.3509996225652178,0.2799563617247192,0.8467208165430737,0.8090225563909773,100.0,43,score,20,facebook/esm2_t33_650M_UR50D,PIN1_HUMAN_Tsuboyama_2023_1I6C_indels,esm
GaussianProcessRegressor,0.1334258967927447,0.10264705156806,0.3203857855274793,0.2610006719717383,0.872292513162468,0.8345864661654135,100.0,43,score,40,facebook/esm2_t33_650M_UR50D,PIN1_HUMAN_Tsuboyama_2023_1I6C_indels,esm
GaussianProcessRegressor,0.1238951410310181,0.1008653883415446,0.3175931175915885,0.2530108733083395,0.8745091548445554,0.8360902255639097,100.0,43,score,60,facebook/esm2_t33_650M_UR50D,PIN1_HUMAN_Tsuboyama_2023_1I6C_indels,esm
GaussianProcessRegressor,0.1354698045799645,0.0931668512921582,0.3052324545197615,0.2503047533683259,0.884087226536667,0.8075187969924811,100.0,43,score,80,facebook/esm2_t33_650M_UR50D,PIN1_HUMAN_Tsuboyama_2023_1I6C_indels,esm
GaussianProcessRegressor,0.163794322188013,0.232059202544856,0.4817252355283622,0.3271143400025301,0.7724407378116092,0.9142857142857144,100.0,44,score,20,facebook/esm2_t33_650M_UR50D,PIN1_HUMAN_Tsuboyama_2023_1I6C_indels,esm
GaussianProcessRegressor,0.0713252823386767,0.2049732998864934,0.4527397706039236,0.3088614119679922,0.7990014083519303,0.918796992481203,100.0,44,score,40,facebook/esm2_t33_650M_UR50D,PIN1_HUMAN_Tsuboyama_2023_1I6C_indels,esm
GaussianProcessRegressor,0.1351461807263361,0.2621063088360132,0.511963190899515,0.3536859923068057,0.742976285363574,0.9142857142857144,100.0,44,score,60,facebook/esm2_t33_650M_UR50D,PIN1_HUMAN_Tsuboyama_2023_1I6C_indels,esm
GaussianProcessRegressor,0.1630233307373745,0.1403510532378535,0.374634559588212,0.2786771754322702,0.8623705426377305,0.9428571428571428,100.0,44,score,80,facebook/esm2_t33_650M_UR50D,PIN1_HUMAN_Tsuboyama_2023_1I6C_indels,esm
GaussianProcessRegressor,0.2423780821668813,0.3792036846607568,0.6157951645318083,0.4250417061986087,0.6563544226810608,0.7669172932330827,100.0,45,score,20,facebook/esm2_t33_650M_UR50D,PIN1_HUMAN_Tsuboyama_2023_1I6C_indels,esm
GaussianProcessRegressor,0.1638702954558755,0.2637269213360755,0.5135434950771702,0.3134202251853067,0.761002875754859,0.8781954887218045,100.0,45,score,40,facebook/esm2_t33_650M_UR50D,PIN1_HUMAN_Tsuboyama_2023_1I6C_indels,esm
GaussianProcessRegressor,0.1748661423906046,0.1111867656977753,0.3334467959026977,0.2597173303241989,0.8992392694637974,0.924812030075188,100.0,45,score,60,facebook/esm2_t33_650M_UR50D,PIN1_HUMAN_Tsuboyama_2023_1I6C_indels,esm
GaussianProcessRegressor,0.1709276987567766,0.1232381670364241,0.3510529405038848,0.262643478843629,0.8883179336802932,0.900751879699248,100.0,45,score,80,facebook/esm2_t33_650M_UR50D,PIN1_HUMAN_Tsuboyama_2023_1I6C_indels,esm
GaussianProcessRegressor,0.2151997238336288,0.1204859967609792,0.3471109286106952,0.2795231085332073,0.7329360921871971,0.7804511278195487,100.0,46,score,20,facebook/esm2_t33_650M_UR50D,PIN1_HUMAN_Tsuboyama_2023_1I6C_indels,esm
GaussianProcessRegressor,0.2893183967222342,0.0463553207519509,0.2153028582066456,0.1617243942603484,0.8972508553629588,0.9172932330827066,100.0,46,score,40,facebook/esm2_t33_650M_UR50D,PIN1_HUMAN_Tsuboyama_2023_1I6C_indels,esm
GaussianProcessRegressor,0.2106514127545601,0.2162370806135757,0.4650129897256373,0.3810484511393817,0.520698493475083,0.6932330827067669,100.0,46,score,60,facebook/esm2_t33_650M_UR50D,PIN1_HUMAN_Tsuboyama_2023_1I6C_indels,esm
GaussianProcessRegressor,0.2027891530356111,0.2468819152951327,0.4968721317352511,0.3386592081672012,0.4527725143210934,0.675187969924812,100.0,46,score,80,facebook/esm2_t33_650M_UR50D,PIN1_HUMAN_Tsuboyama_2023_1I6C_indels,esm
GaussianProcessRegressor,0.1447714257375713,0.2177263898484935,0.4666116049226525,0.320190097012228,0.813257144653467,0.8360902255639097,100.0,47,score,20,facebook/esm2_t33_650M_UR50D,PIN1_HUMAN_Tsuboyama_2023_1I6C_indels,esm
GaussianProcessRegressor,0.1483726832365101,0.1469469273697556,0.3833365719178847,0.2587310015232423,0.8739643420325713,0.9172932330827066,100.0,47,score,40,facebook/esm2_t33_650M_UR50D,PIN1_HUMAN_Tsuboyama_2023_1I6C_indels,esm
GaussianProcessRegressor,0.1709912194870051,0.1107246916061595,0.332753199242561,0.2858725605404427,0.9050319757642296,0.882706766917293,100.0,47,score,60,facebook/esm2_t33_650M_UR50D,PIN1_HUMAN_Tsuboyama_2023_1I6C_indels,esm
GaussianProcessRegressor,0.1613454378700598,0.1275970540422908,0.3572072984168868,0.2582235604492058,0.890560633360779,0.9157894736842104,100.0,47,score,80,facebook/esm2_t33_650M_UR50D,PIN1_HUMAN_Tsuboyama_2023_1I6C_indels,esm
GaussianProcessRegressor,0.1745117510460506,0.21427570860452,0.4628992423892267,0.3387252748532781,0.7155691554906616,0.7443609022556391,100.0,48,score,20,facebook/esm2_t33_650M_UR50D,PIN1_HUMAN_Tsuboyama_2023_1I6C_indels,esm
GaussianProcessRegressor,0.1674787602826651,0.2444250916538502,0.4943936606125226,0.3765275433144251,0.6755486858909843,0.7609022556390977,100.0,48,score,40,facebook/esm2_t33_650M_UR50D,PIN1_HUMAN_Tsuboyama_2023_1I6C_indels,esm
GaussianProcessRegressor,0.1553494072383917,0.111105171994936,0.3333244245400208,0.2598584894324551,0.8525183367462291,0.7368421052631579,100.0,48,score,60,facebook/esm2_t33_650M_UR50D,PIN1_HUMAN_Tsuboyama_2023_1I6C_indels,esm
GaussianProcessRegressor,0.1923722045521987,0.0784552293549072,0.2800986064851221,0.2286029356316349,0.895858063954528,0.7954887218045112,100.0,48,score,80,facebook/esm2_t33_650M_UR50D,PIN1_HUMAN_Tsuboyama_2023_1I6C_indels,esm
GaussianProcessRegressor,0.2738472154775526,0.3189684932160456,0.564772957227987,0.4546737724072221,0.5754067217906745,0.7518796992481201,100.0,49,score,20,facebook/esm2_t33_650M_UR50D,PIN1_HUMAN_Tsuboyama_2023_1I6C_indels,esm
GaussianProcessRegressor,0.1342582764176833,0.197387348201597,0.4442829596119989,0.3615742637482072,0.7372488410847668,0.7654135338345864,100.0,49,score,40,facebook/esm2_t33_650M_UR50D,PIN1_HUMAN_Tsuboyama_2023_1I6C_indels,esm
GaussianProcessRegressor,0.1417865139520902,0.1455167496914843,0.3814665774238738,0.299187808409121,0.8062961229715429,0.8165413533834586,100.0,49,score,60,facebook/esm2_t33_650M_UR50D,PIN1_HUMAN_Tsuboyama_2023_1I6C_indels,esm
GaussianProcessRegressor,0.1111514635233617,0.1279484284835991,0.3576987957536328,0.2886567780900399,0.82968210388483,0.7924812030075187,100.0,49,score,80,facebook/esm2_t33_650M_UR50D,PIN1_HUMAN_Tsuboyama_2023_1I6C_indels,esm
GaussianProcessRegressor,0.2875800882177657,0.3363526191087514,0.5799591529657511,0.420237247133458,0.5674623742658147,0.6406015037593984,100.0,50,score,20,facebook/esm2_t33_650M_UR50D,PIN1_HUMAN_Tsuboyama_2023_1I6C_indels,esm
GaussianProcessRegressor,0.190477246195827,0.1825564863956421,0.4272662944764566,0.2735497460522415,0.7652387860181473,0.7563909774436091,100.0,50,score,40,facebook/esm2_t33_650M_UR50D,PIN1_HUMAN_Tsuboyama_2023_1I6C_indels,esm
GaussianProcessRegressor,0.1854851860363754,0.1134293433789794,0.3367927305910557,0.2125994590280281,0.8541338580810389,0.8225563909774435,100.0,50,score,60,facebook/esm2_t33_650M_UR50D,PIN1_HUMAN_Tsuboyama_2023_1I6C_indels,esm
GaussianProcessRegressor,0.1425010462903468,0.0994672038264637,0.3153842161974244,0.1935843495846987,0.8720886779608921,0.849624060150376,100.0,50,score,80,facebook/esm2_t33_650M_UR50D,PIN1_HUMAN_Tsuboyama_2023_1I6C_indels,esm
GaussianProcessRegressor,0.0989918045797828,0.2959246080843164,0.5439895293884951,0.3534849999492547,0.7289293765904782,0.8466165413533834,100.0,51,score,20,facebook/esm2_t33_650M_UR50D,PIN1_HUMAN_Tsuboyama_2023_1I6C_indels,esm
GaussianProcessRegressor,0.1020837073834567,0.2272507447234832,0.4767082385731163,0.2784609400819794,0.7918354899876355,0.875187969924812,100.0,51,score,40,facebook/esm2_t33_650M_UR50D,PIN1_HUMAN_Tsuboyama_2023_1I6C_indels,esm
GaussianProcessRegressor,0.0988548736665363,0.2214717155544374,0.4706078150163227,0.2749784207117473,0.7971291526191282,0.8766917293233082,100.0,51,score,60,facebook/esm2_t33_650M_UR50D,PIN1_HUMAN_Tsuboyama_2023_1I6C_indels,esm
GaussianProcessRegressor,0.1537849178199116,0.1505398098598535,0.3879946002972896,0.2327826142430408,0.8621036608924579,0.9052631578947368,100.0,51,score,80,facebook/esm2_t33_650M_UR50D,PIN1_HUMAN_Tsuboyama_2023_1I6C_indels,esm
GaussianProcessRegressor,0.2914228465347954,0.2517968856889221,0.5017936684424408,0.4051608770175161,0.8025922099959177,0.9022556390977444,100.0,42,score,20,facebook/esm2_t33_650M_UR50D,PKN1_HUMAN_Tsuboyama_2023_1URF_indels,esm
GaussianProcessRegressor,0.1898872827295985,0.3751496345179945,0.6124945995827183,0.495119952097353,0.705884129311554,0.8120300751879698,100.0,42,score,40,facebook/esm2_t33_650M_UR50D,PKN1_HUMAN_Tsuboyama_2023_1URF_indels,esm
GaussianProcessRegressor,0.2007668151584657,0.1624636770730079,0.403067831850928,0.3236078917519509,0.8726291019876169,0.8917293233082706,100.0,42,score,60,facebook/esm2_t33_650M_UR50D,PKN1_HUMAN_Tsuboyama_2023_1URF_indels,esm
GaussianProcessRegressor,0.164464478834405,0.1572435214215241,0.3965394323664724,0.3228497736594183,0.8767216839423828,0.8902255639097743,100.0,42,score,80,facebook/esm2_t33_650M_UR50D,PKN1_HUMAN_Tsuboyama_2023_1URF_indels,esm
GaussianProcessRegressor,0.4580027784408714,0.1771228350121608,0.4208596381362328,0.340918713796989,0.8545344121763252,0.8812030075187969,100.0,43,score,20,facebook/esm2_t33_650M_UR50D,PKN1_HUMAN_Tsuboyama_2023_1URF_indels,esm
GaussianProcessRegressor,0.3093420451200129,0.1499314136536459,0.3872097799044413,0.3244730419168703,0.8768658980708798,0.8691729323308269,100.0,43,score,40,facebook/esm2_t33_650M_UR50D,PKN1_HUMAN_Tsuboyama_2023_1URF_indels,esm
GaussianProcessRegressor,0.2718393517705179,0.1154404343786001,0.3397652636432985,0.2631234813805567,0.9051922884796276,0.8676691729323308,100.0,43,score,60,facebook/esm2_t33_650M_UR50D,PKN1_HUMAN_Tsuboyama_2023_1URF_indels,esm
GaussianProcessRegressor,0.2231496759131,0.113913591852106,0.3375108766426736,0.2672465767065107,0.9064462377268572,0.8872180451127819,100.0,43,score,80,facebook/esm2_t33_650M_UR50D,PKN1_HUMAN_Tsuboyama_2023_1URF_indels,esm
GaussianProcessRegressor,0.2746749976479088,0.3337445918433897,0.5777063197191024,0.4661061401461823,0.7635812526633124,0.7578947368421052,100.0,44,score,20,facebook/esm2_t33_650M_UR50D,PKN1_HUMAN_Tsuboyama_2023_1URF_indels,esm
GaussianProcessRegressor,0.1757250981736929,0.0872575313756604,0.2953938580533801,0.2369303983296614,0.9381883129563768,0.8616541353383457,100.0,44,score,40,facebook/esm2_t33_650M_UR50D,PKN1_HUMAN_Tsuboyama_2023_1URF_indels,esm
GaussianProcessRegressor,0.0958487172713166,0.0880408953689567,0.2967168606078137,0.2219855139288608,0.9376333918025064,0.8842105263157894,100.0,44,score,60,facebook/esm2_t33_650M_UR50D,PKN1_HUMAN_Tsuboyama_2023_1URF_indels,esm
GaussianProcessRegressor,0.1368241381893498,0.1203087197272224,0.3468554738320017,0.2621767438362628,0.9147754375449548,0.8030075187969924,100.0,44,score,80,facebook/esm2_t33_650M_UR50D,PKN1_HUMAN_Tsuboyama_2023_1URF_indels,esm
GaussianProcessRegressor,0.3499103381134378,0.2823594596950451,0.5313750649918051,0.4205458497596755,0.7227228947549468,0.900751879699248,100.0,45,score,20,facebook/esm2_t33_650M_UR50D,PKN1_HUMAN_Tsuboyama_2023_1URF_indels,esm
GaussianProcessRegressor,0.2873579254324224,0.1855728016589998,0.430781617132161,0.3109229648522191,0.8177674326484595,0.8842105263157894,100.0,45,score,40,facebook/esm2_t33_650M_UR50D,PKN1_HUMAN_Tsuboyama_2023_1URF_indels,esm
GaussianProcessRegressor,0.1779046761115457,0.1516517231178938,0.3894248619668418,0.2967095687054638,0.8510779456903323,0.9233082706766916,100.0,45,score,60,facebook/esm2_t33_650M_UR50D,PKN1_HUMAN_Tsuboyama_2023_1URF_indels,esm
GaussianProcessRegressor,0.1479219293291587,0.1239876178631682,0.3521187553413879,0.2740339738089959,0.8782441083983544,0.9488721804511278,100.0,45,score,80,facebook/esm2_t33_650M_UR50D,PKN1_HUMAN_Tsuboyama_2023_1URF_indels,esm
GaussianProcessRegressor,0.306425861817118,0.3750750334857552,0.6124336972160784,0.4248721558384837,0.6112906775267115,0.8571428571428572,100.0,46,score,20,facebook/esm2_t33_650M_UR50D,PKN1_HUMAN_Tsuboyama_2023_1URF_indels,esm
GaussianProcessRegressor,0.1857167811449341,0.5777901862899392,0.7601251122610929,0.5575403662322238,0.4012066605520756,0.7233082706766917,100.0,46,score,40,facebook/esm2_t33_650M_UR50D,PKN1_HUMAN_Tsuboyama_2023_1URF_indels,esm
GaussianProcessRegressor,0.1431034504847637,0.3861200090363431,0.6213855558639444,0.458228153255433,0.5998442079414035,0.78796992481203,100.0,46,score,60,facebook/esm2_t33_650M_UR50D,PKN1_HUMAN_Tsuboyama_2023_1URF_indels,esm
GaussianProcessRegressor,0.124288056649155,0.3598602913049421,0.59988356478982,0.4655885370027988,0.6270584882224726,0.7849624060150376,100.0,46,score,80,facebook/esm2_t33_650M_UR50D,PKN1_HUMAN_Tsuboyama_2023_1URF_indels,esm
GaussianProcessRegressor,0.1972951756133902,0.1112818256177059,0.3335893068095948,0.2509742910136371,0.9189654129312728,0.9142857142857144,100.0,47,score,20,facebook/esm2_t33_650M_UR50D,PKN1_HUMAN_Tsuboyama_2023_1URF_indels,esm
GaussianProcessRegressor,0.207907342204916,0.0850597706914166,0.2916500826185664,0.228532916695218,0.9380601157836966,0.9398496240601504,100.0,47,score,40,facebook/esm2_t33_650M_UR50D,PKN1_HUMAN_Tsuboyama_2023_1URF_indels,esm
GaussianProcessRegressor,0.1384024348315539,0.0988981319734911,0.3144807338669432,0.242176363590279,0.9279831253499384,0.924812030075188,100.0,47,score,60,facebook/esm2_t33_650M_UR50D,PKN1_HUMAN_Tsuboyama_2023_1URF_indels,esm
GaussianProcessRegressor,0.1220310731654538,0.1423646021873371,0.3773123403592004,0.2598140605546554,0.8963311691966085,0.9022556390977444,100.0,47,score,80,facebook/esm2_t33_650M_UR50D,PKN1_HUMAN_Tsuboyama_2023_1URF_indels,esm
GaussianProcessRegressor,0.2236603334568163,0.1726700003383419,0.4155357991056149,0.3433680202413185,0.8731581314184673,0.882706766917293,100.0,48,score,20,facebook/esm2_t33_650M_UR50D,PKN1_HUMAN_Tsuboyama_2023_1URF_indels,esm
GaussianProcessRegressor,0.2169645418625698,0.1409707379479748,0.3754607009368288,0.3320991993462893,0.8964441316870249,0.8962406015037594,100.0,48,score,40,facebook/esm2_t33_650M_UR50D,PKN1_HUMAN_Tsuboyama_2023_1URF_indels,esm
GaussianProcessRegressor,0.2196080080996306,0.3830069167050884,0.618875526018834,0.4103615751079592,0.7186464765197709,0.8150375939849623,100.0,48,score,60,facebook/esm2_t33_650M_UR50D,PKN1_HUMAN_Tsuboyama_2023_1URF_indels,esm
GaussianProcessRegressor,0.1543484929132849,0.2810139151048524,0.5301074561868117,0.3946641967761118,0.7935696413999674,0.837593984962406,100.0,48,score,80,facebook/esm2_t33_650M_UR50D,PKN1_HUMAN_Tsuboyama_2023_1URF_indels,esm
GaussianProcessRegressor,0.2579817759578618,0.200743422032263,0.4480439956435785,0.3633268511622434,0.8626921349388725,0.7669172932330827,100.0,49,score,20,facebook/esm2_t33_650M_UR50D,PKN1_HUMAN_Tsuboyama_2023_1URF_indels,esm
GaussianProcessRegressor,0.3434247878417874,0.1158302442243702,0.3403384260179421,0.2678113933922187,0.920772479700973,0.8285714285714285,100.0,49,score,40,facebook/esm2_t33_650M_UR50D,PKN1_HUMAN_Tsuboyama_2023_1URF_indels,esm
GaussianProcessRegressor,0.1812784530787594,0.1322820524748093,0.3637059973038791,0.2877590305052117,0.9095194949486268,0.7999999999999999,100.0,49,score,60,facebook/esm2_t33_650M_UR50D,PKN1_HUMAN_Tsuboyama_2023_1URF_indels,esm
GaussianProcessRegressor,0.1731332516147189,0.1310546999612098,0.3620147786502781,0.3008761078935701,0.9103590001817928,0.7999999999999999,100.0,49,score,80,facebook/esm2_t33_650M_UR50D,PKN1_HUMAN_Tsuboyama_2023_1URF_indels,esm
GaussianProcessRegressor,0.3103412132751822,0.3492378689534694,0.5909635089863582,0.4449970124440087,0.6678466525968985,0.8571428571428572,100.0,50,score,20,facebook/esm2_t33_650M_UR50D,PKN1_HUMAN_Tsuboyama_2023_1URF_indels,esm
GaussianProcessRegressor,0.1575135734978843,0.3590826136168597,0.5992350236900875,0.4118464798608729,0.6584835073455753,0.8300751879699247,100.0,50,score,40,facebook/esm2_t33_650M_UR50D,PKN1_HUMAN_Tsuboyama_2023_1URF_indels,esm
GaussianProcessRegressor,0.1148079237267329,0.311814367410177,0.5584034092035766,0.398950630783178,0.7034394173403058,0.8511278195488721,100.0,50,score,60,facebook/esm2_t33_650M_UR50D,PKN1_HUMAN_Tsuboyama_2023_1URF_indels,esm
GaussianProcessRegressor,0.1281215188959769,0.247012451633752,0.4970034724564326,0.3493985272657574,0.765071259579445,0.8917293233082706,100.0,50,score,80,facebook/esm2_t33_650M_UR50D,PKN1_HUMAN_Tsuboyama_2023_1URF_indels,esm
GaussianProcessRegressor,0.4414454145739202,0.2696550757590407,0.5192832326958389,0.3941766138142518,0.809458052230422,0.9052631578947368,100.0,51,score,20,facebook/esm2_t33_650M_UR50D,PKN1_HUMAN_Tsuboyama_2023_1URF_indels,esm
GaussianProcessRegressor,0.1961639401504198,0.1616468392088068,0.402053279067348,0.3175974200677417,0.8857781426626485,0.9022556390977444,100.0,51,score,40,facebook/esm2_t33_650M_UR50D,PKN1_HUMAN_Tsuboyama_2023_1URF_indels,esm
GaussianProcessRegressor,0.1320942028689095,0.1453319163420579,0.3812242336762682,0.3066103378138446,0.897306489280973,0.9428571428571428,100.0,51,score,60,facebook/esm2_t33_650M_UR50D,PKN1_HUMAN_Tsuboyama_2023_1URF_indels,esm
GaussianProcessRegressor,0.1077286475297908,0.145054517436781,0.3808602334673193,0.3053574285711688,0.8975025031241088,0.938345864661654,100.0,51,score,80,facebook/esm2_t33_650M_UR50D,PKN1_HUMAN_Tsuboyama_2023_1URF_indels,esm
GaussianProcessRegressor,1.2306519332100432,0.4470654206391126,0.6686295092494143,0.5719075829556347,0.4274065382036447,0.5894736842105263,100.0,42,score,20,facebook/esm2_t33_650M_UR50D,POLG_PESV_Tsuboyama_2023_2MXD_indels,esm
GaussianProcessRegressor,0.8320595542938332,0.4481710875099578,0.6694558144567555,0.548311148169239,0.4259904196850939,0.5954887218045113,100.0,42,score,40,facebook/esm2_t33_650M_UR50D,POLG_PESV_Tsuboyama_2023_2MXD_indels,esm
GaussianProcessRegressor,0.5792969252388068,0.2207248572714006,0.4698136410018345,0.3985922417743389,0.7172995174870375,0.8526315789473683,100.0,42,score,60,facebook/esm2_t33_650M_UR50D,POLG_PESV_Tsuboyama_2023_2MXD_indels,esm
GaussianProcessRegressor,0.5142304591896092,0.2181957754051379,0.4671143065729607,0.3806125622780986,0.7205387206866487,0.8571428571428572,100.0,42,score,80,facebook/esm2_t33_650M_UR50D,POLG_PESV_Tsuboyama_2023_2MXD_indels,esm
GaussianProcessRegressor,1.277341799369666,0.6965327680202862,0.8345853868959642,0.7328602256549673,0.1033550371843402,0.3714285714285714,100.0,43,score,20,facebook/esm2_t33_650M_UR50D,POLG_PESV_Tsuboyama_2023_2MXD_indels,esm
GaussianProcessRegressor,0.6755332451280243,0.969861858551751,0.984815646987674,0.7353875546993163,-0.2485008459388578,0.4526315789473684,100.0,43,score,40,facebook/esm2_t33_650M_UR50D,POLG_PESV_Tsuboyama_2023_2MXD_indels,esm
GaussianProcessRegressor,0.444922072236344,0.5050958495758301,0.7107009565040912,0.5788239522375223,0.3497913234599266,0.669172932330827,100.0,43,score,60,facebook/esm2_t33_650M_UR50D,POLG_PESV_Tsuboyama_2023_2MXD_indels,esm
GaussianProcessRegressor,0.4456317229516404,0.2972863922478406,0.5452397566647544,0.4528104416625602,0.617303939798417,0.8676691729323308,100.0,43,score,80,facebook/esm2_t33_650M_UR50D,POLG_PESV_Tsuboyama_2023_2MXD_indels,esm
GaussianProcessRegressor,1.278925263903038,0.6697587452968606,0.8183878941534146,0.6317490750592627,0.440681046441558,0.7488721804511278,100.0,44,score,20,facebook/esm2_t33_650M_UR50D,POLG_PESV_Tsuboyama_2023_2MXD_indels,esm
GaussianProcessRegressor,0.6784376081451391,0.382102395744957,0.6181443162765125,0.5152498759445627,0.6809043351191837,0.8481203007518796,100.0,44,score,40,facebook/esm2_t33_650M_UR50D,POLG_PESV_Tsuboyama_2023_2MXD_indels,esm
GaussianProcessRegressor,0.4633233991913337,0.5988455553568623,0.773851119632751,0.6334464946723459,0.4999010140332477,0.7744360902255639,100.0,44,score,60,facebook/esm2_t33_650M_UR50D,POLG_PESV_Tsuboyama_2023_2MXD_indels,esm
GaussianProcessRegressor,0.3516458781668302,0.8360497601092323,0.91435756687919,0.752851546846674,0.3018105695061625,0.7834586466165413,100.0,44,score,80,facebook/esm2_t33_650M_UR50D,POLG_PESV_Tsuboyama_2023_2MXD_indels,esm
GaussianProcessRegressor,0.9875847698820648,0.9692805953219988,0.984520490046804,0.9270978047108164,0.3255390790278554,0.6451127819548872,100.0,45,score,20,facebook/esm2_t33_650M_UR50D,POLG_PESV_Tsuboyama_2023_2MXD_indels,esm
GaussianProcessRegressor,0.4637452198247588,0.5549451139841179,0.7449463832948771,0.5666787108140399,0.6138488746466861,0.8165413533834586,100.0,45,score,40,facebook/esm2_t33_650M_UR50D,POLG_PESV_Tsuboyama_2023_2MXD_indels,esm
GaussianProcessRegressor,0.4006225391948211,0.4246706611178742,0.6516676001750235,0.5307830936312493,0.7044986079472066,0.8691729323308269,100.0,45,score,60,facebook/esm2_t33_650M_UR50D,POLG_PESV_Tsuboyama_2023_2MXD_indels,esm
GaussianProcessRegressor,0.3429247198325403,0.365476945191348,0.604546892466869,0.4903534934774387,0.7456877624110958,0.8736842105263156,100.0,45,score,80,facebook/esm2_t33_650M_UR50D,POLG_PESV_Tsuboyama_2023_2MXD_indels,esm
GaussianProcessRegressor,0.8994053829242599,1.460070253666704,1.2083336681838772,0.8154159320498019,-0.2168424512868658,0.6631578947368421,100.0,46,score,20,facebook/esm2_t33_650M_UR50D,POLG_PESV_Tsuboyama_2023_2MXD_indels,esm
GaussianProcessRegressor,0.4830772502230057,0.5023895407895003,0.708794427735927,0.5047980822039544,0.581301708750017,0.8345864661654135,100.0,46,score,40,facebook/esm2_t33_650M_UR50D,POLG_PESV_Tsuboyama_2023_2MXD_indels,esm
GaussianProcessRegressor,0.3168413962435085,0.4510705035765016,0.6716178255351042,0.4723621895332409,0.6240716938812956,0.8270676691729323,100.0,46,score,60,facebook/esm2_t33_650M_UR50D,POLG_PESV_Tsuboyama_2023_2MXD_indels,esm
GaussianProcessRegressor,0.4441905620922453,0.4239425282419787,0.6511086915730574,0.4845112357387769,0.6466805183002649,0.8300751879699247,100.0,46,score,80,facebook/esm2_t33_650M_UR50D,POLG_PESV_Tsuboyama_2023_2MXD_indels,esm
GaussianProcessRegressor,0.8764002883010283,1.0115350732362751,1.005750999619824,0.8148092894890858,0.3321620509362843,0.7909774436090224,100.0,47,score,20,facebook/esm2_t33_650M_UR50D,POLG_PESV_Tsuboyama_2023_2MXD_indels,esm
GaussianProcessRegressor,0.5570890374569823,0.4814346785473499,0.6938549405656415,0.5421497382782283,0.6821461194612375,0.8676691729323308,100.0,47,score,40,facebook/esm2_t33_650M_UR50D,POLG_PESV_Tsuboyama_2023_2MXD_indels,esm
GaussianProcessRegressor,0.3896419636122535,0.2593461375717932,0.5092603828806961,0.4375947068402339,0.8287739128417881,0.8857142857142858,100.0,47,score,60,facebook/esm2_t33_650M_UR50D,POLG_PESV_Tsuboyama_2023_2MXD_indels,esm
GaussianProcessRegressor,0.4106220604561675,0.2557092893246919,0.5056770603109182,0.4081136946102097,0.8311750409278656,0.8962406015037594,100.0,47,score,80,facebook/esm2_t33_650M_UR50D,POLG_PESV_Tsuboyama_2023_2MXD_indels,esm
GaussianProcessRegressor,0.8600795090185478,0.696971738461195,0.8348483326096993,0.6266803616182004,0.3776489999284408,0.544360902255639,100.0,48,score,20,facebook/esm2_t33_650M_UR50D,POLG_PESV_Tsuboyama_2023_2MXD_indels,esm
GaussianProcessRegressor,0.6100757817126478,0.5774578785178174,0.7599064932725719,0.557230537490632,0.4843672011892147,0.77593984962406,100.0,48,score,40,facebook/esm2_t33_650M_UR50D,POLG_PESV_Tsuboyama_2023_2MXD_indels,esm
GaussianProcessRegressor,0.3910634141513446,0.4009433316000276,0.6332008619703764,0.4637461425897208,0.6419833551010006,0.900751879699248,100.0,48,score,60,facebook/esm2_t33_650M_UR50D,POLG_PESV_Tsuboyama_2023_2MXD_indels,esm
GaussianProcessRegressor,0.3315701507371909,0.3004426092211177,0.5481264536775412,0.4050551408654831,0.7317240456181255,0.9052631578947368,100.0,48,score,80,facebook/esm2_t33_650M_UR50D,POLG_PESV_Tsuboyama_2023_2MXD_indels,esm
GaussianProcessRegressor,0.8037863347733518,1.4276723464794467,1.1948524371149127,0.962242090397788,0.1287905644983756,0.5969924812030075,100.0,49,score,20,facebook/esm2_t33_650M_UR50D,POLG_PESV_Tsuboyama_2023_2MXD_indels,esm
GaussianProcessRegressor,0.6257872673669821,0.721625399921236,0.8494853735769886,0.7144775069077618,0.5596420573254658,0.8541353383458646,100.0,49,score,40,facebook/esm2_t33_650M_UR50D,POLG_PESV_Tsuboyama_2023_2MXD_indels,esm
GaussianProcessRegressor,0.3954096468363431,0.7023174375997348,0.8380438160381203,0.6783316763770955,0.5714243678789216,0.8390977443609022,100.0,49,score,60,facebook/esm2_t33_650M_UR50D,POLG_PESV_Tsuboyama_2023_2MXD_indels,esm
GaussianProcessRegressor,0.412203103125178,0.4912958324548538,0.7009249834717364,0.5483862034950301,0.700196220853637,0.9052631578947368,100.0,49,score,80,facebook/esm2_t33_650M_UR50D,POLG_PESV_Tsuboyama_2023_2MXD_indels,esm
GaussianProcessRegressor,0.4087245263998649,1.1712624754273468,1.082248804770579,0.8027364750032469,-0.0129182634950593,0.3804511278195489,100.0,50,score,20,facebook/esm2_t33_650M_UR50D,POLG_PESV_Tsuboyama_2023_2MXD_indels,esm
GaussianProcessRegressor,0.636747401158267,0.7117277637492799,0.8436395935168524,0.6853845985821717,0.3844914648400165,0.7368421052631579,100.0,50,score,40,facebook/esm2_t33_650M_UR50D,POLG_PESV_Tsuboyama_2023_2MXD_indels,esm
GaussianProcessRegressor,0.535722256564178,0.6592779717982267,0.8119593412223464,0.6205688455804159,0.4298505139842776,0.8075187969924811,100.0,50,score,60,facebook/esm2_t33_650M_UR50D,POLG_PESV_Tsuboyama_2023_2MXD_indels,esm
GaussianProcessRegressor,0.4132434219241691,0.449351644953754,0.6703369637382038,0.5292390144988224,0.6113966788365379,0.8511278195488721,100.0,50,score,80,facebook/esm2_t33_650M_UR50D,POLG_PESV_Tsuboyama_2023_2MXD_indels,esm
GaussianProcessRegressor,0.6730735189802847,0.478065515994817,0.6914228199841376,0.5781729242236454,0.5936444894405222,0.6541353383458646,100.0,51,score,20,facebook/esm2_t33_650M_UR50D,POLG_PESV_Tsuboyama_2023_2MXD_indels,esm
GaussianProcessRegressor,0.4856145012492483,0.5532979351147589,0.7438399929519512,0.5181383230764303,0.5296969612058355,0.5759398496240601,100.0,51,score,40,facebook/esm2_t33_650M_UR50D,POLG_PESV_Tsuboyama_2023_2MXD_indels,esm
GaussianProcessRegressor,0.3105674270094509,0.4009331004257951,0.6331927829861891,0.4632818507592868,0.6592070139493502,0.7338345864661654,100.0,51,score,60,facebook/esm2_t33_650M_UR50D,POLG_PESV_Tsuboyama_2023_2MXD_indels,esm
GaussianProcessRegressor,0.3424863103291427,0.3692827232397941,0.6076863691410185,0.4352981196606998,0.6861098227705515,0.7699248120300751,100.0,51,score,80,facebook/esm2_t33_650M_UR50D,POLG_PESV_Tsuboyama_2023_2MXD_indels,esm
GaussianProcessRegressor,0.2700010802529677,0.2189736228466882,0.4679461751598021,0.3730900816644567,0.8548077970756067,0.8345864661654135,100.0,42,score,20,facebook/esm2_t33_650M_UR50D,RD23A_HUMAN_Tsuboyama_2023_1IFY_indels,esm
GaussianProcessRegressor,0.2367938521303062,0.1272537672611987,0.3567264599958891,0.2827777804295238,0.9156233771041116,0.9488721804511278,100.0,42,score,40,facebook/esm2_t33_650M_UR50D,RD23A_HUMAN_Tsuboyama_2023_1IFY_indels,esm
GaussianProcessRegressor,0.1335387441351798,0.1389459964539889,0.3727546062143149,0.2748461733376105,0.9078707515068876,0.9293233082706768,100.0,42,score,60,facebook/esm2_t33_650M_UR50D,RD23A_HUMAN_Tsuboyama_2023_1IFY_indels,esm
GaussianProcessRegressor,0.1475105873533687,0.1279565832952555,0.3577101945643366,0.2810873741741203,0.9151573693406708,0.912781954887218,100.0,42,score,80,facebook/esm2_t33_650M_UR50D,RD23A_HUMAN_Tsuboyama_2023_1IFY_indels,esm
GaussianProcessRegressor,0.3577467851195045,0.3114808000818597,0.5581046497583224,0.4245123397338021,0.7571122053469581,0.7654135338345864,100.0,43,score,20,facebook/esm2_t33_650M_UR50D,RD23A_HUMAN_Tsuboyama_2023_1IFY_indels,esm
GaussianProcessRegressor,0.2216270207226272,0.1870004020638857,0.4324354310921871,0.3319144926669546,0.8541800481936846,0.8225563909774435,100.0,43,score,40,facebook/esm2_t33_650M_UR50D,RD23A_HUMAN_Tsuboyama_2023_1IFY_indels,esm
GaussianProcessRegressor,0.1680546243251844,0.2530025654904231,0.5029936038265528,0.4359459983003217,0.802712606499724,0.8556390977443609,100.0,43,score,60,facebook/esm2_t33_650M_UR50D,RD23A_HUMAN_Tsuboyama_2023_1IFY_indels,esm
GaussianProcessRegressor,0.1338230688118999,0.1784119167044949,0.4223883482110922,0.3242987859306314,0.8608772130520135,0.813533834586466,100.0,43,score,80,facebook/esm2_t33_650M_UR50D,RD23A_HUMAN_Tsuboyama_2023_1IFY_indels,esm
GaussianProcessRegressor,0.1082689885981764,0.3575218092753143,0.5979312747091545,0.4459765089672818,0.6289973933769912,0.875187969924812,100.0,44,score,20,facebook/esm2_t33_650M_UR50D,RD23A_HUMAN_Tsuboyama_2023_1IFY_indels,esm
GaussianProcessRegressor,0.2007603990216696,0.1886623919259956,0.4343528426590479,0.2987449954584678,0.8042238617046825,0.9157894736842104,100.0,44,score,40,facebook/esm2_t33_650M_UR50D,RD23A_HUMAN_Tsuboyama_2023_1IFY_indels,esm
GaussianProcessRegressor,0.2500923235724885,0.1098295681388555,0.3314054437375094,0.277845556954548,0.8860291735869548,0.9443609022556392,100.0,44,score,60,facebook/esm2_t33_650M_UR50D,RD23A_HUMAN_Tsuboyama_2023_1IFY_indels,esm
GaussianProcessRegressor,0.1548126792832879,0.042160878805601,0.2053311442660393,0.1619405228769616,0.956249393663284,0.9654135338345864,100.0,44,score,80,facebook/esm2_t33_650M_UR50D,RD23A_HUMAN_Tsuboyama_2023_1IFY_indels,esm
GaussianProcessRegressor,0.4168440189607557,0.1413080538221379,0.3759096351812998,0.2796665731998349,0.8504688367086154,0.8601503759398496,100.0,45,score,20,facebook/esm2_t33_650M_UR50D,RD23A_HUMAN_Tsuboyama_2023_1IFY_indels,esm
GaussianProcessRegressor,0.2983613807647475,0.0904918591664823,0.3008186483023989,0.2135969695382518,0.9042421673530656,0.9263157894736842,100.0,45,score,40,facebook/esm2_t33_650M_UR50D,RD23A_HUMAN_Tsuboyama_2023_1IFY_indels,esm
GaussianProcessRegressor,0.209600341488582,0.1202429427938415,0.3467606419330797,0.2260259107808454,0.872759785254889,0.9293233082706768,100.0,45,score,60,facebook/esm2_t33_650M_UR50D,RD23A_HUMAN_Tsuboyama_2023_1IFY_indels,esm
GaussianProcessRegressor,0.1348932379779057,0.087752773160796,0.2962309456501734,0.2167215396404134,0.9071406484070964,0.918796992481203,100.0,45,score,80,facebook/esm2_t33_650M_UR50D,RD23A_HUMAN_Tsuboyama_2023_1IFY_indels,esm
GaussianProcessRegressor,0.1572966756307838,0.2642052567044702,0.5140090044974603,0.4195896816573402,0.7138445064485066,0.8796992481203006,100.0,46,score,20,facebook/esm2_t33_650M_UR50D,RD23A_HUMAN_Tsuboyama_2023_1IFY_indels,esm
GaussianProcessRegressor,0.1864317453739891,0.313783665704555,0.5601639632326905,0.4563906373023844,0.6601471111965029,0.8691729323308269,100.0,46,score,40,facebook/esm2_t33_650M_UR50D,RD23A_HUMAN_Tsuboyama_2023_1IFY_indels,esm
GaussianProcessRegressor,0.13501905184662,0.2599407976081463,0.5098438953328227,0.3992307411099799,0.7184632578414955,0.8977443609022555,100.0,46,score,60,facebook/esm2_t33_650M_UR50D,RD23A_HUMAN_Tsuboyama_2023_1IFY_indels,esm
GaussianProcessRegressor,0.1394645173904737,0.1617719773720891,0.4022088728162136,0.2989884948754192,0.8247879674873708,0.9338345864661652,100.0,46,score,80,facebook/esm2_t33_650M_UR50D,RD23A_HUMAN_Tsuboyama_2023_1IFY_indels,esm
GaussianProcessRegressor,1.089992880529954,0.2353645402844923,0.4851438346351444,0.3952642299235366,0.8265140714959578,0.9052631578947368,100.0,47,score,20,facebook/esm2_t33_650M_UR50D,RD23A_HUMAN_Tsuboyama_2023_1IFY_indels,esm
GaussianProcessRegressor,0.2566493596495075,0.1850307960036027,0.4301520614894258,0.3504677551194041,0.8636148019250202,0.9368421052631578,100.0,47,score,40,facebook/esm2_t33_650M_UR50D,RD23A_HUMAN_Tsuboyama_2023_1IFY_indels,esm
GaussianProcessRegressor,0.1758119934772877,0.1237852251300354,0.3518312452441304,0.2650181041112714,0.9087585806646634,0.9203007518796992,100.0,47,score,60,facebook/esm2_t33_650M_UR50D,RD23A_HUMAN_Tsuboyama_2023_1IFY_indels,esm
GaussianProcessRegressor,0.1186306706562214,0.1252060660142711,0.3538446919402226,0.2517563005324601,0.9077112865405774,0.9308270676691728,100.0,47,score,80,facebook/esm2_t33_650M_UR50D,RD23A_HUMAN_Tsuboyama_2023_1IFY_indels,esm
GaussianProcessRegressor,0.4569800567021428,0.3710824123766651,0.6091653407545977,0.4963043127191309,0.7634601726241479,0.8917293233082706,100.0,48,score,20,facebook/esm2_t33_650M_UR50D,RD23A_HUMAN_Tsuboyama_2023_1IFY_indels,esm
GaussianProcessRegressor,0.2334808143303487,0.1985613084421454,0.4456021863076363,0.3326398451652204,0.8734306556820749,0.8947368421052632,100.0,48,score,40,facebook/esm2_t33_650M_UR50D,RD23A_HUMAN_Tsuboyama_2023_1IFY_indels,esm
GaussianProcessRegressor,0.1736398838716525,0.211522444252077,0.4599156925481855,0.3614768847687782,0.865168812154001,0.924812030075188,100.0,48,score,60,facebook/esm2_t33_650M_UR50D,RD23A_HUMAN_Tsuboyama_2023_1IFY_indels,esm
GaussianProcessRegressor,0.1321288309048933,0.1237580343438527,0.3517926013205121,0.2846607899382543,0.9211126609515636,0.9413533834586464,100.0,48,score,80,facebook/esm2_t33_650M_UR50D,RD23A_HUMAN_Tsuboyama_2023_1IFY_indels,esm
GaussianProcessRegressor,0.306422697516277,0.6077063258337481,0.779555210253737,0.5870665292982461,0.4575608662137617,0.6180451127819548,100.0,49,score,20,facebook/esm2_t33_650M_UR50D,RD23A_HUMAN_Tsuboyama_2023_1IFY_indels,esm
GaussianProcessRegressor,0.1374629589519989,0.4752656804131488,0.689395155490049,0.4952919110145359,0.5757774881675932,0.6631578947368421,100.0,49,score,40,facebook/esm2_t33_650M_UR50D,RD23A_HUMAN_Tsuboyama_2023_1IFY_indels,esm
GaussianProcessRegressor,0.1173600077906243,0.372107053181757,0.6100057812691262,0.4631452434268382,0.6678569581668606,0.7082706766917292,100.0,49,score,60,facebook/esm2_t33_650M_UR50D,RD23A_HUMAN_Tsuboyama_2023_1IFY_indels,esm
GaussianProcessRegressor,0.1490509485435112,0.1276654014292919,0.3573029546887233,0.2756497470288638,0.886045764505136,0.9338345864661652,100.0,49,score,80,facebook/esm2_t33_650M_UR50D,RD23A_HUMAN_Tsuboyama_2023_1IFY_indels,esm
GaussianProcessRegressor,0.2498408042383047,0.5158963938746641,0.7182592803957802,0.5887563399244622,0.5254404934039786,0.6842105263157895,100.0,50,score,20,facebook/esm2_t33_650M_UR50D,RD23A_HUMAN_Tsuboyama_2023_1IFY_indels,esm
GaussianProcessRegressor,0.1650401761732691,0.3720199958543954,0.6099344193062033,0.4951670574418069,0.6577886029585096,0.8210526315789473,100.0,50,score,40,facebook/esm2_t33_650M_UR50D,RD23A_HUMAN_Tsuboyama_2023_1IFY_indels,esm
GaussianProcessRegressor,0.1820092575631922,0.2340279918920952,0.4837643970902522,0.3855771970198989,0.7847238133846072,0.8586466165413533,100.0,50,score,60,facebook/esm2_t33_650M_UR50D,RD23A_HUMAN_Tsuboyama_2023_1IFY_indels,esm
GaussianProcessRegressor,0.1712409031469704,0.2076415236101139,0.4556769948221151,0.3520574991998115,0.8089960306696746,0.8932330827067668,100.0,50,score,80,facebook/esm2_t33_650M_UR50D,RD23A_HUMAN_Tsuboyama_2023_1IFY_indels,esm
GaussianProcessRegressor,0.1654343197466929,0.2418586074245228,0.491791223411442,0.4140231645665765,0.7607521191089858,0.924812030075188,100.0,51,score,20,facebook/esm2_t33_650M_UR50D,RD23A_HUMAN_Tsuboyama_2023_1IFY_indels,esm
GaussianProcessRegressor,0.2079097913537803,0.2094056421752411,0.4576086124356065,0.30629318582185,0.792854772999207,0.9157894736842104,100.0,51,score,40,facebook/esm2_t33_650M_UR50D,RD23A_HUMAN_Tsuboyama_2023_1IFY_indels,esm
GaussianProcessRegressor,0.1436044840209161,0.1876281922070844,0.4331607002107698,0.3121025138935479,0.8143971477427544,0.8962406015037594,100.0,51,score,60,facebook/esm2_t33_650M_UR50D,RD23A_HUMAN_Tsuboyama_2023_1IFY_indels,esm
GaussianProcessRegressor,0.1310073227038209,0.1103887430016892,0.3322480142930717,0.2426735704341056,0.890802840888684,0.9443609022556392,100.0,51,score,80,facebook/esm2_t33_650M_UR50D,RD23A_HUMAN_Tsuboyama_2023_1IFY_indels,esm
GaussianProcessRegressor,0.6944005467045619,1.0042035100040556,1.0020995509449426,0.71413213718252,-0.0007913339297411,0.1533834586466165,100.0,42,score,20,facebook/esm2_t33_650M_UR50D,RPC1_BP434_Tsuboyama_2023_1R69_indels,esm
GaussianProcessRegressor,0.4404353145248652,0.7867929119864935,0.8870134790331506,0.5275908880596678,0.2158805261393197,0.3187969924812029,100.0,42,score,40,facebook/esm2_t33_650M_UR50D,RPC1_BP434_Tsuboyama_2023_1R69_indels,esm
GaussianProcessRegressor,1.2146886774320067,0.7519335803462333,0.8671410383243509,0.6616824761657931,0.2506214095007156,0.3428571428571428,100.0,42,score,60,facebook/esm2_t33_650M_UR50D,RPC1_BP434_Tsuboyama_2023_1R69_indels,esm
GaussianProcessRegressor,0.8326800379103654,0.6549358588097582,0.8092810752821038,0.4862583318227121,0.3472895431584465,0.4150375939849623,100.0,42,score,80,facebook/esm2_t33_650M_UR50D,RPC1_BP434_Tsuboyama_2023_1R69_indels,esm
GaussianProcessRegressor,0.5306760630632421,0.2288728347826173,0.4784065580472506,0.4152068000468402,0.8402977278359005,0.8571428571428572,100.0,43,score,20,facebook/esm2_t33_650M_UR50D,RPC1_BP434_Tsuboyama_2023_1R69_indels,esm
GaussianProcessRegressor,0.3041917316837739,0.1380682216236004,0.371575324293205,0.2435618538243738,0.903659127008724,0.813533834586466,100.0,43,score,40,facebook/esm2_t33_650M_UR50D,RPC1_BP434_Tsuboyama_2023_1R69_indels,esm
GaussianProcessRegressor,0.4860313957867673,0.3494469715584025,0.5911403991932902,0.3475453007244128,0.7561638304006411,0.806015037593985,100.0,43,score,60,facebook/esm2_t33_650M_UR50D,RPC1_BP434_Tsuboyama_2023_1R69_indels,esm
GaussianProcessRegressor,0.6035858686481431,0.5829945852733556,0.7635408209607104,0.4901200002894006,0.5931996035442428,0.7172932330827068,100.0,43,score,80,facebook/esm2_t33_650M_UR50D,RPC1_BP434_Tsuboyama_2023_1R69_indels,esm
GaussianProcessRegressor,0.5628229257339888,0.7657854579834626,0.8750916854727067,0.696548362283869,0.5849653068363148,0.7187969924812029,100.0,44,score,20,facebook/esm2_t33_650M_UR50D,RPC1_BP434_Tsuboyama_2023_1R69_indels,esm
GaussianProcessRegressor,0.3004079045552281,0.5730627619243504,0.75700908972373,0.5662364915723932,0.6894157167921267,0.7593984962406014,100.0,44,score,40,facebook/esm2_t33_650M_UR50D,RPC1_BP434_Tsuboyama_2023_1R69_indels,esm
GaussianProcessRegressor,0.4589251322230012,0.8344248473032725,0.9134685803591016,0.6679843220026906,0.5477646423573802,0.6842105263157895,100.0,44,score,60,facebook/esm2_t33_650M_UR50D,RPC1_BP434_Tsuboyama_2023_1R69_indels,esm
GaussianProcessRegressor,0.8069537248550454,0.7479495360269715,0.8648407576120424,0.6407544373861523,0.5946318868416295,0.724812030075188,100.0,44,score,80,facebook/esm2_t33_650M_UR50D,RPC1_BP434_Tsuboyama_2023_1R69_indels,esm
GaussianProcessRegressor,0.9024827768058294,0.5306974077788018,0.7284898130919895,0.4704971666551605,0.6559944226076133,0.7924812030075187,100.0,45,score,20,facebook/esm2_t33_650M_UR50D,RPC1_BP434_Tsuboyama_2023_1R69_indels,esm
GaussianProcessRegressor,0.9512449060077208,0.9506794204017855,0.9750279074989524,0.5718814652837751,0.383756132710021,0.5684210526315789,100.0,45,score,40,facebook/esm2_t33_650M_UR50D,RPC1_BP434_Tsuboyama_2023_1R69_indels,esm
GaussianProcessRegressor,0.5143423256177482,1.126138321774114,1.0611966461377995,0.5533135216073062,0.2700211873522709,0.631578947368421,100.0,45,score,60,facebook/esm2_t33_650M_UR50D,RPC1_BP434_Tsuboyama_2023_1R69_indels,esm
GaussianProcessRegressor,0.4539401752902285,1.9744403001747528,1.4051477858840162,0.7432328530627494,-0.2798601717902418,0.5984962406015037,100.0,45,score,80,facebook/esm2_t33_650M_UR50D,RPC1_BP434_Tsuboyama_2023_1R69_indels,esm
GaussianProcessRegressor,0.2876282098867305,2.006613051186529,1.4165496995116442,0.9764986479171048,-0.3407448152740768,0.5293233082706766,100.0,46,score,20,facebook/esm2_t33_650M_UR50D,RPC1_BP434_Tsuboyama_2023_1R69_indels,esm
GaussianProcessRegressor,0.4211612818770625,0.2687563787464936,0.51841718600611,0.45085917237582,0.8204269023551258,0.7744360902255639,100.0,46,score,40,facebook/esm2_t33_650M_UR50D,RPC1_BP434_Tsuboyama_2023_1R69_indels,esm
GaussianProcessRegressor,0.6272745403633679,0.2539324069457742,0.5039170635588501,0.429311770122012,0.830331733444424,0.8992481203007519,100.0,46,score,60,facebook/esm2_t33_650M_UR50D,RPC1_BP434_Tsuboyama_2023_1R69_indels,esm
GaussianProcessRegressor,0.4882944214203015,0.1205534347758842,0.3472080568994392,0.300891406844639,0.9194506421934842,0.8932330827067668,100.0,46,score,80,facebook/esm2_t33_650M_UR50D,RPC1_BP434_Tsuboyama_2023_1R69_indels,esm
GaussianProcessRegressor,0.5439740123558456,0.6109138938046009,0.7816098091788517,0.4545500510742953,0.4661978699591057,0.2812030075187969,100.0,47,score,20,facebook/esm2_t33_650M_UR50D,RPC1_BP434_Tsuboyama_2023_1R69_indels,esm
GaussianProcessRegressor,1.3279086428079183,0.8496449714250612,0.9217618843416456,0.5666564215714436,0.2576002933888148,0.2796992481203007,100.0,47,score,40,facebook/esm2_t33_650M_UR50D,RPC1_BP434_Tsuboyama_2023_1R69_indels,esm
GaussianProcessRegressor,0.873971776812032,0.8130970978013746,0.901718968305189,0.5196108554912431,0.289534962065755,0.3819548872180451,100.0,47,score,60,facebook/esm2_t33_650M_UR50D,RPC1_BP434_Tsuboyama_2023_1R69_indels,esm
GaussianProcessRegressor,0.8314753882074808,0.7931090925157539,0.8905667254707835,0.4703038115326309,0.3070000089486887,0.4496240601503759,100.0,47,score,80,facebook/esm2_t33_650M_UR50D,RPC1_BP434_Tsuboyama_2023_1R69_indels,esm
GaussianProcessRegressor,1.6930071497414332,1.6528533656500433,1.2856334491798365,0.882654647649826,-0.3642905737596007,0.3278195488721804,100.0,48,score,20,facebook/esm2_t33_650M_UR50D,RPC1_BP434_Tsuboyama_2023_1R69_indels,esm
GaussianProcessRegressor,0.9913073970458208,1.0831189324896733,1.0407299998028658,0.5093462378596767,0.1059769846703436,0.4330827067669173,100.0,48,score,40,facebook/esm2_t33_650M_UR50D,RPC1_BP434_Tsuboyama_2023_1R69_indels,esm
GaussianProcessRegressor,0.8778212610280693,1.0553844508160952,1.0273190598913733,0.5182687191550853,0.1288694521461197,0.4406015037593984,100.0,48,score,60,facebook/esm2_t33_650M_UR50D,RPC1_BP434_Tsuboyama_2023_1R69_indels,esm
GaussianProcessRegressor,0.6513634390870988,1.0353753961340728,1.017533977876942,0.4466587101258459,0.1453852334367292,0.4270676691729323,100.0,48,score,80,facebook/esm2_t33_650M_UR50D,RPC1_BP434_Tsuboyama_2023_1R69_indels,esm
GaussianProcessRegressor,0.7078670895879661,1.49730282512078,1.2236432589283448,0.6842166097754381,0.2328908895622764,0.5383458646616541,100.0,49,score,20,facebook/esm2_t33_650M_UR50D,RPC1_BP434_Tsuboyama_2023_1R69_indels,esm
GaussianProcessRegressor,0.3602293900825407,1.186260909952646,1.089156053994397,0.5581277691028941,0.3922461534743886,0.6285714285714286,100.0,49,score,40,facebook/esm2_t33_650M_UR50D,RPC1_BP434_Tsuboyama_2023_1R69_indels,esm
GaussianProcessRegressor,0.2633460699862763,1.1683866809753318,1.0809193683967977,0.4949659268475931,0.4014036089072545,0.6661654135338345,100.0,49,score,60,facebook/esm2_t33_650M_UR50D,RPC1_BP434_Tsuboyama_2023_1R69_indels,esm
GaussianProcessRegressor,0.2412527314512488,1.148475225974622,1.0716693641112551,0.4923288807457963,0.4116047908437696,0.6661654135338345,100.0,49,score,80,facebook/esm2_t33_650M_UR50D,RPC1_BP434_Tsuboyama_2023_1R69_indels,esm
GaussianProcessRegressor,0.644450231072258,0.5697038375887937,0.7547872796946129,0.5575638625756005,0.5124399047765505,0.5834586466165413,100.0,50,score,20,facebook/esm2_t33_650M_UR50D,RPC1_BP434_Tsuboyama_2023_1R69_indels,esm
GaussianProcessRegressor,0.2837097958820525,0.4816586183414432,0.6940162954437332,0.4527211726833802,0.5877901703845421,0.6977443609022556,100.0,50,score,40,facebook/esm2_t33_650M_UR50D,RPC1_BP434_Tsuboyama_2023_1R69_indels,esm
GaussianProcessRegressor,0.2440796243725918,0.4939576541158748,0.70282121063317,0.4361709183584558,0.5772644925539028,0.7413533834586465,100.0,50,score,60,facebook/esm2_t33_650M_UR50D,RPC1_BP434_Tsuboyama_2023_1R69_indels,esm
GaussianProcessRegressor,0.1679322171444821,0.4185312458795562,0.6469399090174884,0.3904855077035014,0.6418154124453817,0.7338345864661654,100.0,50,score,80,facebook/esm2_t33_650M_UR50D,RPC1_BP434_Tsuboyama_2023_1R69_indels,esm
GaussianProcessRegressor,0.4937623813249576,0.7570517207379487,0.8700871914572404,0.7218955066340785,0.6167662710145453,0.7263157894736841,100.0,51,score,20,facebook/esm2_t33_650M_UR50D,RPC1_BP434_Tsuboyama_2023_1R69_indels,esm
GaussianProcessRegressor,0.1583565623215732,0.6002556451702389,0.7747616699154901,0.5985417392529866,0.6961393747062261,0.7593984962406014,100.0,51,score,40,facebook/esm2_t33_650M_UR50D,RPC1_BP434_Tsuboyama_2023_1R69_indels,esm
GaussianProcessRegressor,0.1577339238000152,0.4746304355605885,0.68893427521106,0.5264716942064449,0.7597332035219861,0.6932330827067669,100.0,51,score,60,facebook/esm2_t33_650M_UR50D,RPC1_BP434_Tsuboyama_2023_1R69_indels,esm
GaussianProcessRegressor,0.1530621495981477,0.3099762939526143,0.5567551472169919,0.4128053267847147,0.8430842070965032,0.7413533834586465,100.0,51,score,80,facebook/esm2_t33_650M_UR50D,RPC1_BP434_Tsuboyama_2023_1R69_indels,esm
GaussianProcessRegressor,0.7719494414869462,0.246139442567406,0.4961244224661855,0.3742985385255759,0.7902077196218588,0.9052631578947368,100.0,42,score,20,facebook/esm2_t33_650M_UR50D,SDA_BACSU_Tsuboyama_2023_1PV0_indels,esm
GaussianProcessRegressor,0.2876125941920786,0.2433943199954009,0.4933500988095582,0.3972358994226619,0.7925474727239677,0.8330827067669173,100.0,42,score,40,facebook/esm2_t33_650M_UR50D,SDA_BACSU_Tsuboyama_2023_1PV0_indels,esm
GaussianProcessRegressor,0.1770739954201977,0.1272512478954898,0.3567229287493164,0.2749257250153952,0.8915398149987762,0.8842105263157894,100.0,42,score,60,facebook/esm2_t33_650M_UR50D,SDA_BACSU_Tsuboyama_2023_1PV0_indels,esm
GaussianProcessRegressor,0.1576865090016428,0.1140915785510471,0.3377744492276572,0.2452543395072098,0.902756209299486,0.8992481203007519,100.0,42,score,80,facebook/esm2_t33_650M_UR50D,SDA_BACSU_Tsuboyama_2023_1PV0_indels,esm
GaussianProcessRegressor,0.3574423508055227,0.4934287892229208,0.7024448656107616,0.6036243890042418,0.7169617554257244,0.8616541353383457,100.0,43,score,20,facebook/esm2_t33_650M_UR50D,SDA_BACSU_Tsuboyama_2023_1PV0_indels,esm
GaussianProcessRegressor,0.1569219760020613,0.2744426261070498,0.5238727193766152,0.411327238059207,0.8425755431659655,0.9203007518796992,100.0,43,score,40,facebook/esm2_t33_650M_UR50D,SDA_BACSU_Tsuboyama_2023_1PV0_indels,esm
GaussianProcessRegressor,0.1386789998714783,0.2333999011283759,0.4831147908399989,0.3489590901506689,0.8661182733110857,0.9593984962406013,100.0,43,score,60,facebook/esm2_t33_650M_UR50D,SDA_BACSU_Tsuboyama_2023_1PV0_indels,esm
GaussianProcessRegressor,0.1413631007050292,0.1604257136068848,0.400531788509832,0.2946077421888659,0.9079773751438844,0.9684210526315788,100.0,43,score,80,facebook/esm2_t33_650M_UR50D,SDA_BACSU_Tsuboyama_2023_1PV0_indels,esm
GaussianProcessRegressor,0.2360563418940907,0.4830351839089317,0.6950073265145712,0.5565734826826286,0.6139312640891276,0.8676691729323308,100.0,44,score,20,facebook/esm2_t33_650M_UR50D,SDA_BACSU_Tsuboyama_2023_1PV0_indels,esm
GaussianProcessRegressor,0.2220722787189802,0.4939442906592467,0.7028117035588172,0.5347401701577276,0.605212095810477,0.932330827067669,100.0,44,score,40,facebook/esm2_t33_650M_UR50D,SDA_BACSU_Tsuboyama_2023_1PV0_indels,esm
GaussianProcessRegressor,0.1574882422914265,0.1825773612578544,0.4272907221761952,0.3439472634295367,0.8540739610387226,0.9473684210526316,100.0,44,score,60,facebook/esm2_t33_650M_UR50D,SDA_BACSU_Tsuboyama_2023_1PV0_indels,esm
GaussianProcessRegressor,0.1370525243641635,0.1682733896593395,0.410211396306026,0.3307635378702872,0.8655064951842784,0.9218045112781956,100.0,44,score,80,facebook/esm2_t33_650M_UR50D,SDA_BACSU_Tsuboyama_2023_1PV0_indels,esm
GaussianProcessRegressor,0.4428136190840795,0.3985215071056553,0.6312855986838726,0.5631350415427111,0.6653018753191822,0.882706766917293,100.0,45,score,20,facebook/esm2_t33_650M_UR50D,SDA_BACSU_Tsuboyama_2023_1PV0_indels,esm
GaussianProcessRegressor,0.267414362146307,0.2424287629061209,0.4923705544669796,0.338098691998183,0.7963963026671546,0.9278195488721804,100.0,45,score,40,facebook/esm2_t33_650M_UR50D,SDA_BACSU_Tsuboyama_2023_1PV0_indels,esm
GaussianProcessRegressor,0.1694788964422514,0.1443586610836445,0.3799456027955114,0.2595022334916658,0.8787604375557077,0.97593984962406,100.0,45,score,60,facebook/esm2_t33_650M_UR50D,SDA_BACSU_Tsuboyama_2023_1PV0_indels,esm
GaussianProcessRegressor,0.1063172545727352,0.1016905994506529,0.3188896352198561,0.2272474639779599,0.9145951916598112,0.9729323308270676,100.0,45,score,80,facebook/esm2_t33_650M_UR50D,SDA_BACSU_Tsuboyama_2023_1PV0_indels,esm
GaussianProcessRegressor,0.2790621260413338,0.2659692201122398,0.5157220376445434,0.3747910229180423,0.7503409644292521,0.882706766917293,100.0,46,score,20,facebook/esm2_t33_650M_UR50D,SDA_BACSU_Tsuboyama_2023_1PV0_indels,esm
GaussianProcessRegressor,0.2297701583691106,0.1585411173512831,0.398172220717723,0.2964088004250336,0.8511811914193428,0.9624060150375938,100.0,46,score,40,facebook/esm2_t33_650M_UR50D,SDA_BACSU_Tsuboyama_2023_1PV0_indels,esm
GaussianProcessRegressor,0.1207044725057079,0.1632097442349274,0.403992257642306,0.2995463136584161,0.8467988614462789,0.956390977443609,100.0,46,score,60,facebook/esm2_t33_650M_UR50D,SDA_BACSU_Tsuboyama_2023_1PV0_indels,esm
GaussianProcessRegressor,0.0973817610264326,0.1268166359964264,0.3561132347953757,0.2870887375297093,0.8809602140284,0.9578947368421054,100.0,46,score,80,facebook/esm2_t33_650M_UR50D,SDA_BACSU_Tsuboyama_2023_1PV0_indels,esm
GaussianProcessRegressor,0.1951837190203908,0.2415781022325576,0.4915059534049996,0.404959408022591,0.7807158691798404,0.9112781954887216,100.0,47,score,20,facebook/esm2_t33_650M_UR50D,SDA_BACSU_Tsuboyama_2023_1PV0_indels,esm
GaussianProcessRegressor,0.2274041190206746,0.072312078603069,0.2689090526610605,0.2191688996332495,0.9343612224877558,0.9473684210526316,100.0,47,score,40,facebook/esm2_t33_650M_UR50D,SDA_BACSU_Tsuboyama_2023_1PV0_indels,esm
GaussianProcessRegressor,0.1588673286669282,0.0931054328449194,0.3051318286330015,0.2372395333063341,0.9154867774547766,0.9338345864661652,100.0,47,score,60,facebook/esm2_t33_650M_UR50D,SDA_BACSU_Tsuboyama_2023_1PV0_indels,esm
GaussianProcessRegressor,0.1473366401880297,0.0904634644309304,0.3007714488293901,0.2384038471531708,0.9178849325108924,0.9488721804511278,100.0,47,score,80,facebook/esm2_t33_650M_UR50D,SDA_BACSU_Tsuboyama_2023_1PV0_indels,esm
GaussianProcessRegressor,0.3099573505987767,0.2629698016211785,0.5128058127802166,0.41780923112184,0.8020784179655762,0.7924812030075187,100.0,48,score,20,facebook/esm2_t33_650M_UR50D,SDA_BACSU_Tsuboyama_2023_1PV0_indels,esm
GaussianProcessRegressor,0.2278199632961692,0.227017607805204,0.4764636479367592,0.3755184803891652,0.8291374758262063,0.8030075187969924,100.0,48,score,40,facebook/esm2_t33_650M_UR50D,SDA_BACSU_Tsuboyama_2023_1PV0_indels,esm
GaussianProcessRegressor,0.1135939426394886,0.2311616878421746,0.4807927701642098,0.3410385756212368,0.8260184755762231,0.8120300751879698,100.0,48,score,60,facebook/esm2_t33_650M_UR50D,SDA_BACSU_Tsuboyama_2023_1PV0_indels,esm
GaussianProcessRegressor,0.1145318108704575,0.1679535259215686,0.4098213341464407,0.2970457392364963,0.873591464290859,0.8300751879699247,100.0,48,score,80,facebook/esm2_t33_650M_UR50D,SDA_BACSU_Tsuboyama_2023_1PV0_indels,esm
GaussianProcessRegressor,0.2331536650643293,0.1690056535367561,0.4111029719386083,0.3576989236413207,0.8862297488490756,0.938345864661654,100.0,49,score,20,facebook/esm2_t33_650M_UR50D,SDA_BACSU_Tsuboyama_2023_1PV0_indels,esm
GaussianProcessRegressor,0.2038046040075483,0.2236221051978667,0.4728869898801052,0.3855075110810043,0.8494633609062872,0.8992481203007519,100.0,49,score,40,facebook/esm2_t33_650M_UR50D,SDA_BACSU_Tsuboyama_2023_1PV0_indels,esm
GaussianProcessRegressor,0.2019966251775672,0.1133649210450772,0.3366970760863201,0.2971335998963519,0.9236856562541078,0.9593984962406013,100.0,49,score,60,facebook/esm2_t33_650M_UR50D,SDA_BACSU_Tsuboyama_2023_1PV0_indels,esm
GaussianProcessRegressor,0.1551939347301068,0.1012502049174846,0.3181983735305457,0.2754343416613454,0.9318409709883492,0.9699248120300752,100.0,49,score,80,facebook/esm2_t33_650M_UR50D,SDA_BACSU_Tsuboyama_2023_1PV0_indels,esm
GaussianProcessRegressor,0.1389446293805446,0.4081215434394727,0.6388439116399817,0.5161332577650011,0.55063337538506,0.8300751879699247,100.0,50,score,20,facebook/esm2_t33_650M_UR50D,SDA_BACSU_Tsuboyama_2023_1PV0_indels,esm
GaussianProcessRegressor,0.1238630734400345,0.1936874230971337,0.4400993332159613,0.3772319773077838,0.7867383750095199,0.8676691729323308,100.0,50,score,40,facebook/esm2_t33_650M_UR50D,SDA_BACSU_Tsuboyama_2023_1PV0_indels,esm
GaussianProcessRegressor,0.1058295364755404,0.195101460727755,0.4417029100286244,0.3697938253789591,0.7851814336341744,0.8977443609022555,100.0,50,score,60,facebook/esm2_t33_650M_UR50D,SDA_BACSU_Tsuboyama_2023_1PV0_indels,esm
GaussianProcessRegressor,0.1035646437859634,0.1843963673984471,0.429413981372809,0.3312414137771632,0.7969683920364142,0.8736842105263156,100.0,50,score,80,facebook/esm2_t33_650M_UR50D,SDA_BACSU_Tsuboyama_2023_1PV0_indels,esm
GaussianProcessRegressor,0.2707763298874593,0.7785194426888187,0.8823374879765784,0.6969966459922361,0.5246996465797987,0.8481203007518796,100.0,51,score,20,facebook/esm2_t33_650M_UR50D,SDA_BACSU_Tsuboyama_2023_1PV0_indels,esm
GaussianProcessRegressor,0.3091225612141456,0.2726832410503477,0.5221908090443068,0.3903209915912639,0.8335218958753724,0.9157894736842104,100.0,51,score,40,facebook/esm2_t33_650M_UR50D,SDA_BACSU_Tsuboyama_2023_1PV0_indels,esm
GaussianProcessRegressor,0.1790974782957043,0.1840671896889055,0.4290305230270982,0.3237094211850884,0.8876236153974006,0.9744360902255638,100.0,51,score,60,facebook/esm2_t33_650M_UR50D,SDA_BACSU_Tsuboyama_2023_1PV0_indels,esm
GaussianProcessRegressor,0.1214008279697139,0.1836053093487333,0.4284919011471901,0.3428271184709359,0.8879056017896266,0.9578947368421054,100.0,51,score,80,facebook/esm2_t33_650M_UR50D,SDA_BACSU_Tsuboyama_2023_1PV0_indels,esm
GaussianProcessRegressor,0.2570135412837245,0.1305633187094527,0.36133546561257,0.2847780281622901,0.5220195237335653,0.5744360902255639,100.0,42,score,20,facebook/esm2_t33_650M_UR50D,SQSTM_MOUSE_Tsuboyama_2023_2RRU_indels,esm
GaussianProcessRegressor,0.1572719149588239,0.0672500918878428,0.2593262267643649,0.2044742917740244,0.7538035087707573,0.7533834586466165,100.0,42,score,40,facebook/esm2_t33_650M_UR50D,SQSTM_MOUSE_Tsuboyama_2023_2RRU_indels,esm
GaussianProcessRegressor,0.0903933163155699,0.0527117453197783,0.2295903859480583,0.1763102459577126,0.8070270778820319,0.8526315789473683,100.0,42,score,60,facebook/esm2_t33_650M_UR50D,SQSTM_MOUSE_Tsuboyama_2023_2RRU_indels,esm
GaussianProcessRegressor,0.0820453835895911,0.0466750679412854,0.2160441342441063,0.1634860668531876,0.8291268066340246,0.9097744360902256,100.0,42,score,80,facebook/esm2_t33_650M_UR50D,SQSTM_MOUSE_Tsuboyama_2023_2RRU_indels,esm
GaussianProcessRegressor,0.1009811525773872,0.1357348030513773,0.3684220447413229,0.2608326211028093,0.5987592468217595,0.5714285714285714,100.0,43,score,20,facebook/esm2_t33_650M_UR50D,SQSTM_MOUSE_Tsuboyama_2023_2RRU_indels,esm
GaussianProcessRegressor,0.1544650867324503,0.1112243578446789,0.3335031601719524,0.2512159859741024,0.6712136894141074,0.7187969924812029,100.0,43,score,40,facebook/esm2_t33_650M_UR50D,SQSTM_MOUSE_Tsuboyama_2023_2RRU_indels,esm
GaussianProcessRegressor,0.1076315999741928,0.0566578265931817,0.2380290456922888,0.182453601845111,0.8325158433604867,0.7684210526315788,100.0,43,score,60,facebook/esm2_t33_650M_UR50D,SQSTM_MOUSE_Tsuboyama_2023_2RRU_indels,esm
GaussianProcessRegressor,0.0647370685507897,0.0629494901638001,0.2508973697825469,0.2005535478881071,0.8139172837201601,0.7473684210526315,100.0,43,score,80,facebook/esm2_t33_650M_UR50D,SQSTM_MOUSE_Tsuboyama_2023_2RRU_indels,esm
GaussianProcessRegressor,0.2587551768284826,0.1521203850683134,0.3900261338273545,0.2826884866005401,-0.1703916022382692,0.4362029112083778,100.0,44,score,20,facebook/esm2_t33_650M_UR50D,SQSTM_MOUSE_Tsuboyama_2023_2RRU_indels,esm
GaussianProcessRegressor,0.1357407140794874,0.1006383927204204,0.3172355476935402,0.2392163062964084,0.2257031846859828,0.631578947368421,100.0,44,score,40,facebook/esm2_t33_650M_UR50D,SQSTM_MOUSE_Tsuboyama_2023_2RRU_indels,esm
GaussianProcessRegressor,0.07993756710824,0.0673817638553467,0.2595799758366325,0.2077077233446641,0.4815747375022451,0.8030075187969924,100.0,44,score,60,facebook/esm2_t33_650M_UR50D,SQSTM_MOUSE_Tsuboyama_2023_2RRU_indels,esm
GaussianProcessRegressor,0.0916445530465311,0.0652370745920504,0.2554154940328609,0.1732295162530686,0.4980756574942983,0.7969924812030074,100.0,44,score,80,facebook/esm2_t33_650M_UR50D,SQSTM_MOUSE_Tsuboyama_2023_2RRU_indels,esm
GaussianProcessRegressor,0.2169225710793256,0.1729037054191577,0.4158169133394621,0.3253098890396412,0.5803121087364567,0.6857142857142857,100.0,45,score,20,facebook/esm2_t33_650M_UR50D,SQSTM_MOUSE_Tsuboyama_2023_2RRU_indels,esm
GaussianProcessRegressor,0.1484406501207106,0.1117825917038576,0.3343390370624668,0.2630137101527398,0.7286709380898693,0.7488721804511278,100.0,45,score,40,facebook/esm2_t33_650M_UR50D,SQSTM_MOUSE_Tsuboyama_2023_2RRU_indels,esm
GaussianProcessRegressor,0.0892082102575408,0.0957938478491121,0.3095058123026321,0.2374384646902719,0.767480298340905,0.7503759398496239,100.0,45,score,60,facebook/esm2_t33_650M_UR50D,SQSTM_MOUSE_Tsuboyama_2023_2RRU_indels,esm
GaussianProcessRegressor,0.0710618537147141,0.0966605742641918,0.3109028373369916,0.2400025652612179,0.7653764996943382,0.6736842105263157,100.0,45,score,80,facebook/esm2_t33_650M_UR50D,SQSTM_MOUSE_Tsuboyama_2023_2RRU_indels,esm
GaussianProcessRegressor,0.1841183804390625,0.2536630313840733,0.5036497109937356,0.3904352678346634,0.0766914123657095,0.1473684210526315,100.0,46,score,20,facebook/esm2_t33_650M_UR50D,SQSTM_MOUSE_Tsuboyama_2023_2RRU_indels,esm
GaussianProcessRegressor,0.1345892160163264,0.2418646465905863,0.4917973633424505,0.3616930192105236,0.1196363773478015,0.5293233082706766,100.0,46,score,40,facebook/esm2_t33_650M_UR50D,SQSTM_MOUSE_Tsuboyama_2023_2RRU_indels,esm
GaussianProcessRegressor,0.1002569933372057,0.0808332145306578,0.2843118262237044,0.2351517770828595,0.7057750168204946,0.8947368421052632,100.0,46,score,60,facebook/esm2_t33_650M_UR50D,SQSTM_MOUSE_Tsuboyama_2023_2RRU_indels,esm
GaussianProcessRegressor,0.0760103572914304,0.0523366948683541,0.2287721461812039,0.1787837419866061,0.8094995571223749,0.9368421052631578,100.0,46,score,80,facebook/esm2_t33_650M_UR50D,SQSTM_MOUSE_Tsuboyama_2023_2RRU_indels,esm
GaussianProcessRegressor,0.153917257071354,0.1214843242332773,0.3485460145135464,0.2792367010027229,0.7230399320798752,0.7413533834586465,100.0,47,score,20,facebook/esm2_t33_650M_UR50D,SQSTM_MOUSE_Tsuboyama_2023_2RRU_indels,esm
GaussianProcessRegressor,0.1544675615500516,0.135860271555989,0.3685922836359832,0.2783499148154617,0.690265634885211,0.7609022556390977,100.0,47,score,40,facebook/esm2_t33_650M_UR50D,SQSTM_MOUSE_Tsuboyama_2023_2RRU_indels,esm
GaussianProcessRegressor,0.0693239463223559,0.1117714289725021,0.3343223429154894,0.2711273931754697,0.745183399132956,0.7308270676691728,100.0,47,score,60,facebook/esm2_t33_650M_UR50D,SQSTM_MOUSE_Tsuboyama_2023_2RRU_indels,esm
GaussianProcessRegressor,0.0797643508931636,0.1015417835675334,0.3186562153285786,0.2488408389231387,0.7685049536136686,0.7909774436090224,100.0,47,score,80,facebook/esm2_t33_650M_UR50D,SQSTM_MOUSE_Tsuboyama_2023_2RRU_indels,esm
GaussianProcessRegressor,0.2789452230739987,0.113659143387377,0.3371337173694986,0.2757367802828093,0.0913057289308051,0.6781954887218045,100.0,48,score,20,facebook/esm2_t33_650M_UR50D,SQSTM_MOUSE_Tsuboyama_2023_2RRU_indels,esm
GaussianProcessRegressor,0.1654601533835979,0.0947887018478493,0.3078777384739749,0.24861549038737,0.2421731524259164,0.6345864661654135,100.0,48,score,40,facebook/esm2_t33_650M_UR50D,SQSTM_MOUSE_Tsuboyama_2023_2RRU_indels,esm
GaussianProcessRegressor,0.1310829518616478,0.0809831048701723,0.2845753061496592,0.2339782838440033,0.3525476151257517,0.5864661654135337,100.0,48,score,60,facebook/esm2_t33_650M_UR50D,SQSTM_MOUSE_Tsuboyama_2023_2RRU_indels,esm
GaussianProcessRegressor,0.0979659911004898,0.0622147043383828,0.2494287560374361,0.217964577177003,0.5025992302627984,0.6917293233082705,100.0,48,score,80,facebook/esm2_t33_650M_UR50D,SQSTM_MOUSE_Tsuboyama_2023_2RRU_indels,esm
GaussianProcessRegressor,0.1710314852184399,0.2355279061630646,0.4853121739283537,0.3672463267078886,0.3347334790124989,0.5203007518796992,100.0,49,score,20,facebook/esm2_t33_650M_UR50D,SQSTM_MOUSE_Tsuboyama_2023_2RRU_indels,esm
GaussianProcessRegressor,0.0653384133272094,0.1881794346625941,0.4337965360195884,0.3607994200482095,0.4684728452826924,0.5954887218045113,100.0,49,score,40,facebook/esm2_t33_650M_UR50D,SQSTM_MOUSE_Tsuboyama_2023_2RRU_indels,esm
GaussianProcessRegressor,0.0546472925959719,0.1092492572479855,0.3305287540411357,0.2744526936135999,0.6914171468092747,0.7909774436090224,100.0,49,score,60,facebook/esm2_t33_650M_UR50D,SQSTM_MOUSE_Tsuboyama_2023_2RRU_indels,esm
GaussianProcessRegressor,0.0716673818827812,0.1067425553430487,0.3267147920481237,0.2691659394403475,0.6984975173802912,0.8105263157894737,100.0,49,score,80,facebook/esm2_t33_650M_UR50D,SQSTM_MOUSE_Tsuboyama_2023_2RRU_indels,esm
GaussianProcessRegressor,0.1376187092238401,0.1820808887812619,0.4267093727365992,0.3304503656344932,0.0525839271065579,0.475187969924812,100.0,50,score,20,facebook/esm2_t33_650M_UR50D,SQSTM_MOUSE_Tsuboyama_2023_2RRU_indels,esm
GaussianProcessRegressor,0.2102982046928569,0.0799851851674082,0.2828165220905742,0.2047020901630058,0.5838154650486351,0.7894736842105263,100.0,50,score,40,facebook/esm2_t33_650M_UR50D,SQSTM_MOUSE_Tsuboyama_2023_2RRU_indels,esm
GaussianProcessRegressor,0.1157853275875689,0.0788493218761908,0.2808012141643815,0.2276480475896367,0.5897256687274066,0.7684210526315788,100.0,50,score,60,facebook/esm2_t33_650M_UR50D,SQSTM_MOUSE_Tsuboyama_2023_2RRU_indels,esm
GaussianProcessRegressor,0.0898461278670593,0.0660680059192079,0.2570369738368546,0.2107343061499619,0.6562303098867661,0.7849624060150376,100.0,50,score,80,facebook/esm2_t33_650M_UR50D,SQSTM_MOUSE_Tsuboyama_2023_2RRU_indels,esm
GaussianProcessRegressor,0.2147429348978036,0.1135667630595824,0.3369966810809602,0.2508112237011169,0.6643599113752954,0.631578947368421,100.0,51,score,20,facebook/esm2_t33_650M_UR50D,SQSTM_MOUSE_Tsuboyama_2023_2RRU_indels,esm
GaussianProcessRegressor,0.1172109199477396,0.1009702384308686,0.3177581445547362,0.2698286061103642,0.701588221215619,0.7037593984962407,100.0,51,score,40,facebook/esm2_t33_650M_UR50D,SQSTM_MOUSE_Tsuboyama_2023_2RRU_indels,esm
GaussianProcessRegressor,0.0656879542165269,0.101912350860776,0.3192371389120884,0.2641264239539993,0.6988038616816359,0.7578947368421052,100.0,51,score,60,facebook/esm2_t33_650M_UR50D,SQSTM_MOUSE_Tsuboyama_2023_2RRU_indels,esm
GaussianProcessRegressor,0.0637592730022686,0.088550972936407,0.2975751551060791,0.2478641101265536,0.7382926517982524,0.7413533834586465,100.0,51,score,80,facebook/esm2_t33_650M_UR50D,SQSTM_MOUSE_Tsuboyama_2023_2RRU_indels,esm
GaussianProcessRegressor,0.1118283556210751,0.1037731491197086,0.3221384005667573,0.2417271449352757,0.6632337729573783,0.8481203007518796,100.0,42,score,20,facebook/esm2_t33_650M_UR50D,VG08_BPP22_Tsuboyama_2023_2GP8_indels,esm
GaussianProcessRegressor,0.0617134791308128,0.0938267583801836,0.3063115381114195,0.1723601530642037,0.6955119538785097,0.8270676691729323,100.0,42,score,40,facebook/esm2_t33_650M_UR50D,VG08_BPP22_Tsuboyama_2023_2GP8_indels,esm
GaussianProcessRegressor,0.0563914180285822,0.0558048798523615,0.2362305650257001,0.1566332664438401,0.8189011415971629,0.8812030075187969,100.0,42,score,60,facebook/esm2_t33_650M_UR50D,VG08_BPP22_Tsuboyama_2023_2GP8_indels,esm
GaussianProcessRegressor,0.0590312038439021,0.0574835062437768,0.239757181839829,0.1691597032731661,0.8134536372933376,0.8586466165413533,100.0,42,score,80,facebook/esm2_t33_650M_UR50D,VG08_BPP22_Tsuboyama_2023_2GP8_indels,esm
GaussianProcessRegressor,0.0957250005270229,0.0310823796259506,0.1763019558199814,0.1392840398549709,0.8952521700111472,0.9082706766917292,100.0,43,score,20,facebook/esm2_t33_650M_UR50D,VG08_BPP22_Tsuboyama_2023_2GP8_indels,esm
GaussianProcessRegressor,0.0674403444896756,0.0181210113872255,0.1346143060273519,0.1013744529574967,0.9389320688165582,0.9398496240601504,100.0,43,score,40,facebook/esm2_t33_650M_UR50D,VG08_BPP22_Tsuboyama_2023_2GP8_indels,esm
GaussianProcessRegressor,0.0462737880539216,0.0202376716543134,0.142259170721305,0.1105146366119053,0.9317989093715856,0.9353383458646616,100.0,43,score,60,facebook/esm2_t33_650M_UR50D,VG08_BPP22_Tsuboyama_2023_2GP8_indels,esm
GaussianProcessRegressor,0.0590858833134691,0.0142645789057906,0.1194344125693706,0.1010423129626202,0.951928272414547,0.924812030075188,100.0,43,score,80,facebook/esm2_t33_650M_UR50D,VG08_BPP22_Tsuboyama_2023_2GP8_indels,esm
GaussianProcessRegressor,0.1613063200080651,0.0681065015147921,0.260972223646104,0.1964918294514147,0.7728233259033841,0.9518796992481202,100.0,44,score,20,facebook/esm2_t33_650M_UR50D,VG08_BPP22_Tsuboyama_2023_2GP8_indels,esm
GaussianProcessRegressor,0.0785019197730903,0.0451877162826818,0.2125740254186336,0.1501929671405642,0.8492714371345067,0.9518796992481202,100.0,44,score,40,facebook/esm2_t33_650M_UR50D,VG08_BPP22_Tsuboyama_2023_2GP8_indels,esm
GaussianProcessRegressor,0.0748609219527519,0.054157611676406,0.232717880010123,0.1680957468933604,0.8193513713960217,0.912781954887218,100.0,44,score,60,facebook/esm2_t33_650M_UR50D,VG08_BPP22_Tsuboyama_2023_2GP8_indels,esm
GaussianProcessRegressor,0.0555765948932597,0.0384655414877158,0.1961263406269433,0.1566485452710573,0.8716939853296274,0.9308270676691728,100.0,44,score,80,facebook/esm2_t33_650M_UR50D,VG08_BPP22_Tsuboyama_2023_2GP8_indels,esm
GaussianProcessRegressor,0.0323487963902303,0.1325001355030287,0.3640056805917028,0.2686244101025366,0.5679202902227769,0.7112781954887217,100.0,45,score,20,facebook/esm2_t33_650M_UR50D,VG08_BPP22_Tsuboyama_2023_2GP8_indels,esm
GaussianProcessRegressor,0.0709278314334697,0.0814372198055361,0.2853720725746234,0.230912642425198,0.7344352127259852,0.8451127819548873,100.0,45,score,40,facebook/esm2_t33_650M_UR50D,VG08_BPP22_Tsuboyama_2023_2GP8_indels,esm
GaussianProcessRegressor,0.0457479182421233,0.0662635549529965,0.2574170836463589,0.2066423621672534,0.7839161636763508,0.8676691729323308,100.0,45,score,60,facebook/esm2_t33_650M_UR50D,VG08_BPP22_Tsuboyama_2023_2GP8_indels,esm
GaussianProcessRegressor,0.0524992990226775,0.063004549187257,0.2510070699945663,0.2076312807517713,0.7945437019809498,0.8165413533834586,100.0,45,score,80,facebook/esm2_t33_650M_UR50D,VG08_BPP22_Tsuboyama_2023_2GP8_indels,esm
GaussianProcessRegressor,0.0882103073651444,0.0502900945096616,0.2242545306335228,0.1702731623230876,0.8424482599967746,0.9233082706766916,100.0,46,score,20,facebook/esm2_t33_650M_UR50D,VG08_BPP22_Tsuboyama_2023_2GP8_indels,esm
GaussianProcessRegressor,0.1025993044980568,0.0453183275745129,0.2128810174123399,0.1595323925066799,0.858024101306293,0.8766917293233082,100.0,46,score,40,facebook/esm2_t33_650M_UR50D,VG08_BPP22_Tsuboyama_2023_2GP8_indels,esm
GaussianProcessRegressor,0.0609522711647345,0.0273846576727428,0.165483103889016,0.1349497024960141,0.914207747911382,0.9338345864661652,100.0,46,score,60,facebook/esm2_t33_650M_UR50D,VG08_BPP22_Tsuboyama_2023_2GP8_indels,esm
GaussianProcessRegressor,0.0586830750887608,0.0350359655704057,0.1871789666880489,0.1480364855229528,0.8902372844566829,0.8917293233082706,100.0,46,score,80,facebook/esm2_t33_650M_UR50D,VG08_BPP22_Tsuboyama_2023_2GP8_indels,esm
GaussianProcessRegressor,0.0929900370235035,0.0736591487292455,0.2714021899860898,0.1957755487413824,0.7296603267232562,0.8842105263157894,100.0,47,score,20,facebook/esm2_t33_650M_UR50D,VG08_BPP22_Tsuboyama_2023_2GP8_indels,esm
GaussianProcessRegressor,0.0436895156462414,0.0726505416102532,0.2695376441431758,0.187826746468856,0.7333620599596155,0.849624060150376,100.0,47,score,40,facebook/esm2_t33_650M_UR50D,VG08_BPP22_Tsuboyama_2023_2GP8_indels,esm
GaussianProcessRegressor,0.039866232414841,0.0728613742672127,0.2699284613878513,0.1993438492639483,0.7325882737757975,0.9157894736842104,100.0,47,score,60,facebook/esm2_t33_650M_UR50D,VG08_BPP22_Tsuboyama_2023_2GP8_indels,esm
GaussianProcessRegressor,0.0414089885358205,0.0694298641512282,0.2634954727338371,0.192124135878182,0.7451824095974181,0.924812030075188,100.0,47,score,80,facebook/esm2_t33_650M_UR50D,VG08_BPP22_Tsuboyama_2023_2GP8_indels,esm
GaussianProcessRegressor,0.0371816360737966,0.1576422309828418,0.3970418504173607,0.2970795728260059,0.4386817880738998,0.8436090225563909,100.0,48,score,20,facebook/esm2_t33_650M_UR50D,VG08_BPP22_Tsuboyama_2023_2GP8_indels,esm
GaussianProcessRegressor,0.0843210914614933,0.0874492655842989,0.2957182199058741,0.232524859131789,0.6886185568042864,0.825563909774436,100.0,48,score,40,facebook/esm2_t33_650M_UR50D,VG08_BPP22_Tsuboyama_2023_2GP8_indels,esm
GaussianProcessRegressor,0.0694876140665611,0.0615451153189141,0.2480828799391731,0.1920147989328491,0.7808557144350572,0.8781954887218045,100.0,48,score,60,facebook/esm2_t33_650M_UR50D,VG08_BPP22_Tsuboyama_2023_2GP8_indels,esm
GaussianProcessRegressor,0.0502794507298952,0.0513818775562707,0.2266757101152895,0.1754651727741396,0.8170440531355401,0.8977443609022555,100.0,48,score,80,facebook/esm2_t33_650M_UR50D,VG08_BPP22_Tsuboyama_2023_2GP8_indels,esm
GaussianProcessRegressor,0.1005233049727176,0.0855363308922167,0.2924659482610185,0.1902983020871391,0.6344467839572012,0.7984962406015037,100.0,49,score,20,facebook/esm2_t33_650M_UR50D,VG08_BPP22_Tsuboyama_2023_2GP8_indels,esm
GaussianProcessRegressor,0.0408289097966225,0.0914876324687932,0.302469225655757,0.1897810884925271,0.6090129430586542,0.8511278195488721,100.0,49,score,40,facebook/esm2_t33_650M_UR50D,VG08_BPP22_Tsuboyama_2023_2GP8_indels,esm
GaussianProcessRegressor,0.058654720946975,0.0628612490947828,0.2507214571886156,0.1657789745162095,0.731352379376419,0.9278195488721804,100.0,49,score,60,facebook/esm2_t33_650M_UR50D,VG08_BPP22_Tsuboyama_2023_2GP8_indels,esm
GaussianProcessRegressor,0.039794774119731,0.0629800988440025,0.2509583607772463,0.1733673581307307,0.7308444559291543,0.932330827067669,100.0,49,score,80,facebook/esm2_t33_650M_UR50D,VG08_BPP22_Tsuboyama_2023_2GP8_indels,esm
GaussianProcessRegressor,0.0553637490101883,0.0670032520998964,0.2588498640136719,0.2275757889050044,0.7837606280394698,0.8556390977443609,100.0,50,score,20,facebook/esm2_t33_650M_UR50D,VG08_BPP22_Tsuboyama_2023_2GP8_indels,esm
GaussianProcessRegressor,0.097502733654993,0.0696729247277698,0.2639562932149371,0.2002544104365606,0.7751448024743037,0.7819548872180451,100.0,50,score,40,facebook/esm2_t33_650M_UR50D,VG08_BPP22_Tsuboyama_2023_2GP8_indels,esm
GaussianProcessRegressor,0.0695513334719828,0.0749277975670091,0.273729424006644,0.2056298104647706,0.7581857688919427,0.8180451127819548,100.0,50,score,60,facebook/esm2_t33_650M_UR50D,VG08_BPP22_Tsuboyama_2023_2GP8_indels,esm
GaussianProcessRegressor,0.0560987246705927,0.0536018875312606,0.2315208144665629,0.1814873595460549,0.8270108072011525,0.8345864661654135,100.0,50,score,80,facebook/esm2_t33_650M_UR50D,VG08_BPP22_Tsuboyama_2023_2GP8_indels,esm
GaussianProcessRegressor,0.0720342390599262,0.1177725997967269,0.3431801273336306,0.2674707804851567,0.6447245545734968,0.8932330827067668,100.0,51,score,20,facebook/esm2_t33_650M_UR50D,VG08_BPP22_Tsuboyama_2023_2GP8_indels,esm
GaussianProcessRegressor,0.0520556769322824,0.0763456210114208,0.2763071135736842,0.2132415849090292,0.7696941006820727,0.9097744360902256,100.0,51,score,40,facebook/esm2_t33_650M_UR50D,VG08_BPP22_Tsuboyama_2023_2GP8_indels,esm
GaussianProcessRegressor,0.043098744141172,0.1186389714252023,0.3444400839408827,0.2623307594629679,0.642111038639037,0.8766917293233082,100.0,51,score,60,facebook/esm2_t33_650M_UR50D,VG08_BPP22_Tsuboyama_2023_2GP8_indels,esm
GaussianProcessRegressor,0.0393758358654813,0.0836666444305939,0.2892518702283426,0.2160929537436769,0.7476093385157128,0.8796992481203006,100.0,51,score,80,facebook/esm2_t33_650M_UR50D,VG08_BPP22_Tsuboyama_2023_2GP8_indels,esm
GaussianProcessRegressor,0.171668143280786,0.1162719294872447,0.3409866998685502,0.2630314691652153,0.885642356530854,0.8390977443609022,100.0,42,score,20,facebook/esm2_t33_650M_UR50D,YNZC_BACSU_Tsuboyama_2023_2JVD_indels,esm
GaussianProcessRegressor,0.1424062464084261,0.2121379586672987,0.460584366503357,0.3663858980996141,0.7913546532638498,0.8210526315789473,100.0,42,score,40,facebook/esm2_t33_650M_UR50D,YNZC_BACSU_Tsuboyama_2023_2JVD_indels,esm
GaussianProcessRegressor,0.1319078236039265,0.1127734202557518,0.3358175401252172,0.2638831508116209,0.8890832667585669,0.8646616541353382,100.0,42,score,60,facebook/esm2_t33_650M_UR50D,YNZC_BACSU_Tsuboyama_2023_2JVD_indels,esm
GaussianProcessRegressor,0.10199820116653,0.1033244003063747,0.3214411303899592,0.2522846751788462,0.898376719264851,0.8736842105263156,100.0,42,score,80,facebook/esm2_t33_650M_UR50D,YNZC_BACSU_Tsuboyama_2023_2JVD_indels,esm
GaussianProcessRegressor,0.3115934572063651,0.1086801750119892,0.329666763584061,0.2617331567378785,0.8808085616869473,0.7834586466165413,100.0,43,score,20,facebook/esm2_t33_650M_UR50D,YNZC_BACSU_Tsuboyama_2023_2JVD_indels,esm
GaussianProcessRegressor,0.198121214373935,0.0981604383152644,0.3133056627564597,0.265898797087518,0.8923457399020073,0.7729323308270677,100.0,43,score,40,facebook/esm2_t33_650M_UR50D,YNZC_BACSU_Tsuboyama_2023_2JVD_indels,esm
GaussianProcessRegressor,0.1379281932223367,0.0579215207592901,0.2406689027674537,0.2022922878174479,0.9364764606993176,0.8390977443609022,100.0,43,score,60,facebook/esm2_t33_650M_UR50D,YNZC_BACSU_Tsuboyama_2023_2JVD_indels,esm
GaussianProcessRegressor,0.1079206444739641,0.0508249469233869,0.2254438886361459,0.196512074851744,0.944259396662595,0.8466165413533834,100.0,43,score,80,facebook/esm2_t33_650M_UR50D,YNZC_BACSU_Tsuboyama_2023_2JVD_indels,esm
GaussianProcessRegressor,0.1444835523900339,0.2608520123675019,0.5107367348913743,0.3470390325356053,0.732204349350924,0.8030075187969924,100.0,44,score,20,facebook/esm2_t33_650M_UR50D,YNZC_BACSU_Tsuboyama_2023_2JVD_indels,esm
GaussianProcessRegressor,0.1347448202363018,0.2230579907205089,0.4722901552229402,0.3379778259380966,0.7710044127498701,0.8601503759398496,100.0,44,score,40,facebook/esm2_t33_650M_UR50D,YNZC_BACSU_Tsuboyama_2023_2JVD_indels,esm
GaussianProcessRegressor,0.1144897254726055,0.116469097075041,0.3412756907179898,0.2754689808237032,0.8804306037410244,0.7924812030075187,100.0,44,score,60,facebook/esm2_t33_650M_UR50D,YNZC_BACSU_Tsuboyama_2023_2JVD_indels,esm
GaussianProcessRegressor,0.0804830714431728,0.0946422078266919,0.3076397370735646,0.2412553092545618,0.9028385045076556,0.837593984962406,100.0,44,score,80,facebook/esm2_t33_650M_UR50D,YNZC_BACSU_Tsuboyama_2023_2JVD_indels,esm
GaussianProcessRegressor,0.2002718728316509,0.4139636545762221,0.6434000734972153,0.5016569105149679,0.6456001682168924,0.7082706766917292,100.0,45,score,20,facebook/esm2_t33_650M_UR50D,YNZC_BACSU_Tsuboyama_2023_2JVD_indels,esm
GaussianProcessRegressor,0.1807940289331278,0.1673031332723903,0.4090270568952504,0.3411760274224761,0.8567695457485999,0.8586466165413533,100.0,45,score,40,facebook/esm2_t33_650M_UR50D,YNZC_BACSU_Tsuboyama_2023_2JVD_indels,esm
GaussianProcessRegressor,0.0833139125867039,0.1604163810756423,0.4005201381649146,0.3353334737094037,0.8626653865865063,0.8706766917293233,100.0,45,score,60,facebook/esm2_t33_650M_UR50D,YNZC_BACSU_Tsuboyama_2023_2JVD_indels,esm
GaussianProcessRegressor,0.0873687966360203,0.1264617782335736,0.355614648508148,0.319727366371735,0.8917343770702485,0.9067669172932332,100.0,45,score,80,facebook/esm2_t33_650M_UR50D,YNZC_BACSU_Tsuboyama_2023_2JVD_indels,esm
GaussianProcessRegressor,0.1974064288995287,0.2046736548721092,0.4524087254597431,0.3428070989242904,0.7690072416751279,0.8842105263157894,100.0,46,score,20,facebook/esm2_t33_650M_UR50D,YNZC_BACSU_Tsuboyama_2023_2JVD_indels,esm
GaussianProcessRegressor,0.1043322899046976,0.2376029712040255,0.4874453520180755,0.3816301617847973,0.731843525543638,0.9037593984962404,100.0,46,score,40,facebook/esm2_t33_650M_UR50D,YNZC_BACSU_Tsuboyama_2023_2JVD_indels,esm
GaussianProcessRegressor,0.1428482375851995,0.124465456021521,0.3527966213295148,0.2628859153602165,0.8595294591258504,0.918796992481203,100.0,46,score,60,facebook/esm2_t33_650M_UR50D,YNZC_BACSU_Tsuboyama_2023_2JVD_indels,esm
GaussianProcessRegressor,0.0945889157093838,0.1054430506138502,0.3247199572152137,0.2394083405644727,0.8809979666278905,0.9368421052631578,100.0,46,score,80,facebook/esm2_t33_650M_UR50D,YNZC_BACSU_Tsuboyama_2023_2JVD_indels,esm
GaussianProcessRegressor,0.2190430568035254,0.2889068585870956,0.5375005661272326,0.356479385366783,0.6648526957704793,0.7819548872180451,100.0,47,score,20,facebook/esm2_t33_650M_UR50D,YNZC_BACSU_Tsuboyama_2023_2JVD_indels,esm
GaussianProcessRegressor,0.1326069149360449,0.1552087075916652,0.3939653634415914,0.3404842100446897,0.8199496536818529,0.8586466165413533,100.0,47,score,40,facebook/esm2_t33_650M_UR50D,YNZC_BACSU_Tsuboyama_2023_2JVD_indels,esm
GaussianProcessRegressor,0.0973169137081797,0.1267590585022409,0.3560323840639232,0.2892002977419343,0.8529527580222157,0.8812030075187969,100.0,47,score,60,facebook/esm2_t33_650M_UR50D,YNZC_BACSU_Tsuboyama_2023_2JVD_indels,esm
GaussianProcessRegressor,0.0774000329434995,0.0876600188823484,0.2960743468832591,0.254134568571448,0.8983097211301712,0.9278195488721804,100.0,47,score,80,facebook/esm2_t33_650M_UR50D,YNZC_BACSU_Tsuboyama_2023_2JVD_indels,esm
GaussianProcessRegressor,0.223871681538174,0.0940761726207884,0.3067183930265488,0.2581573150229124,0.9031005266458448,0.8812030075187969,100.0,48,score,20,facebook/esm2_t33_650M_UR50D,YNZC_BACSU_Tsuboyama_2023_2JVD_indels,esm
GaussianProcessRegressor,0.0938799477289876,0.1138475089041552,0.337412964931929,0.265776882106426,0.882735836841885,0.8872180451127819,100.0,48,score,40,facebook/esm2_t33_650M_UR50D,YNZC_BACSU_Tsuboyama_2023_2JVD_indels,esm
GaussianProcessRegressor,0.1392391126354691,0.0776024960237204,0.2785722456091425,0.2037251193542118,0.9200685913745944,0.9172932330827066,100.0,48,score,60,facebook/esm2_t33_650M_UR50D,YNZC_BACSU_Tsuboyama_2023_2JVD_indels,esm
GaussianProcessRegressor,0.1059947523885288,0.0427469988356355,0.2067534735757431,0.1614784694327476,0.9559701297443254,0.9112781954887216,100.0,48,score,80,facebook/esm2_t33_650M_UR50D,YNZC_BACSU_Tsuboyama_2023_2JVD_indels,esm
GaussianProcessRegressor,0.1151420150581559,0.2197321778192281,0.4687559896355759,0.3261746915467756,0.7828491158426445,0.7548872180451127,100.0,49,score,20,facebook/esm2_t33_650M_UR50D,YNZC_BACSU_Tsuboyama_2023_2JVD_indels,esm
GaussianProcessRegressor,0.1027427528458953,0.1579743897293973,0.3974599221675027,0.3266654104247445,0.843881407154763,0.7112781954887217,100.0,49,score,40,facebook/esm2_t33_650M_UR50D,YNZC_BACSU_Tsuboyama_2023_2JVD_indels,esm
GaussianProcessRegressor,0.1069438727759376,0.1231960511962692,0.3509929503512417,0.2797955709407594,0.8782511887540956,0.7669172932330827,100.0,49,score,60,facebook/esm2_t33_650M_UR50D,YNZC_BACSU_Tsuboyama_2023_2JVD_indels,esm
GaussianProcessRegressor,0.0876345609413008,0.1046141734698885,0.3234411437493513,0.2580682881579965,0.8966147767257538,0.7954887218045112,100.0,49,score,80,facebook/esm2_t33_650M_UR50D,YNZC_BACSU_Tsuboyama_2023_2JVD_indels,esm
GaussianProcessRegressor,0.2532941278128258,0.2656897545062681,0.5154510204726227,0.3897964998473689,0.7727091424784863,0.8616541353383457,100.0,50,score,20,facebook/esm2_t33_650M_UR50D,YNZC_BACSU_Tsuboyama_2023_2JVD_indels,esm
GaussianProcessRegressor,0.1087648434271027,0.163384909458153,0.4042089923024388,0.3209411937984855,0.860228346983766,0.918796992481203,100.0,50,score,40,facebook/esm2_t33_650M_UR50D,YNZC_BACSU_Tsuboyama_2023_2JVD_indels,esm
GaussianProcessRegressor,0.0877519330842934,0.1022524346746096,0.3197693460521343,0.2501948889099799,0.9125256312421852,0.9398496240601504,100.0,50,score,60,facebook/esm2_t33_650M_UR50D,YNZC_BACSU_Tsuboyama_2023_2JVD_indels,esm
GaussianProcessRegressor,0.0950681490264553,0.0998228889916048,0.3159476048201741,0.2522268068885335,0.9146040460561248,0.950375939849624,100.0,50,score,80,facebook/esm2_t33_650M_UR50D,YNZC_BACSU_Tsuboyama_2023_2JVD_indels,esm
GaussianProcessRegressor,0.147848832984888,0.4876071437048027,0.6982887251737656,0.4933566174189779,0.5825678083948408,0.6842105263157895,100.0,51,score,20,facebook/esm2_t33_650M_UR50D,YNZC_BACSU_Tsuboyama_2023_2JVD_indels,esm
GaussianProcessRegressor,0.1546241080366551,0.2516125152335599,0.5016099233802696,0.3619754025762529,0.7845988004375561,0.7548872180451127,100.0,51,score,40,facebook/esm2_t33_650M_UR50D,YNZC_BACSU_Tsuboyama_2023_2JVD_indels,esm
GaussianProcessRegressor,0.081887134946668,0.1847219176990932,0.4297928776737618,0.3393671844636295,0.8418627045601244,0.7624060150375939,100.0,51,score,60,facebook/esm2_t33_650M_UR50D,YNZC_BACSU_Tsuboyama_2023_2JVD_indels,esm
GaussianProcessRegressor,0.06392913469865,0.1685808227648304,0.4105859505205097,0.3370499172669118,0.8556808217068971,0.7909774436090224,100.0,51,score,80,facebook/esm2_t33_650M_UR50D,YNZC_BACSU_Tsuboyama_2023_2JVD_indels,esm
